TradDt,BizDt,Sgmt,Src,FinInstrmTp,FinInstrmId,ISIN,SYMBOL,SERIES,XpryDt,FininstrmActlXpryDt,StrkPric,OptnTp,NAME,OPEN,HIGH,LOW,CLOSE,LAST,PREVCLOSE,UndrlygPric,SttlmPric,OpnIntrst,ChngInOpnIntrst,VOLUME,VALUE,TtlNbOfTxsExctd,SsnId,NewBrdLotQty,Rmks,Rsvd1,Rsvd2,Rsvd3,Rsvd4,Segment,Industry,Nifty500,Pivot,BC,TC,CPR_Top,CPR_Bottom,CPR_Width,CPR_Width_Pct,CPR_Class,Bias,Price_Position,Bullish_CPR,Bearish_CPR,Width_Rank_Pct,History_Days,Value_60d,Overlay,History_OK,Regime,Own_Narrow,ATR14,SMA50,SMA100,Width_ATR,Value_Ratio,Above_SMA50,Above_SMA100,Setup,Signal_Direction,Signal_Score,Signal_Grade,Signal_Explanation,Strategy_Type,Strategy_Setup,Strategy_Confirmation,Strategy_Explanation,Daily_Signal,Weekly_Signal,Monthly_Signal,Confluence_Score
2026-09-18,2026-09-18,CM,NSE,STK,762717,INE620D01011,INDPRUD,EQ,,,,,INDUSTRIAL & PRU INV CO L,6304.5,6304.5,6150.0,6227.5,6210.5,6273.5,,6227.5,,,64,394956.5,13,F1,1,,,,,,Cash Only,Unclassified,False,6227.333333333333,6227.25,6227.416666666666,6227.416666666666,6227.25,0.16666666666606034,0.0026763013515224464,Narrow,Bullish,Above CPR,True,False,0.11666666666666667,60,333402.0,Inside,True,Risk On,True,151.75,6368.48,6460.818499999999,0.0010982976386560814,1.1846254671537664,False,False,No setup,Neutral,0,Not applicable,No directional setup; confirmation score not applicable.,Narrow CPR,Not applicable,Not applicable,Narrow CPR; Wide CPR rules not applied,0,0,0,0
2026-09-18,2026-09-18,CM,NSE,STK,18593,INE0OV601013,EMSLIMITED,EQ,,,,,EMS LIMITED,364.5,371.25,362.0,366.65,365.2,364.5,,366.61,,,104833,38334421.2,3238,F1,1,,,,,,Cash Only,Unclassified,False,366.6333333333334,366.625,366.64166666666677,366.64166666666677,366.625,0.016666666666765195,0.0045456611664435286,Narrow,Bullish,Above CPR,True,False,0.016666666666666666,60,96145948.9,Higher,True,Risk On,True,14.18928571428572,395.235,373.056,0.0011745951841666883,0.3987107271661656,False,False,No setup,Neutral,0,Not applicable,No directional setup; confirmation score not applicable.,Narrow CPR,Not applicable,Not applicable,Narrow CPR; Wide CPR rules not applied,0,-2,0,-2
2026-09-18,2026-09-18,CM,NSE,STK,7254,INE804L01022,MEDPLUS,EQ,,,,,MEDPLUS HEALTH SERV LTD,655.0,665.2,654.0,659.65,656.35,654.0,,659.63,,,87557,57615471.4,5035,F1,1,,,,,,Cash Only,Unclassified,False,659.6166666666667,659.6,659.6333333333333,659.6333333333333,659.6,0.03333333333330302,0.005053184769696508,Narrow,Bullish,Above CPR,True,False,0.03333333333333333,60,102351955.25,Inside,True,Risk On,True,17.053571428571445,700.123,783.6495000000001,0.001954624781848133,0.5629152003913477,False,False,No setup,Neutral,0,Not applicable,No directional setup; confirmation score not applicable.,Narrow CPR,Not applicable,Not applicable,Narrow CPR; Wide CPR rules not applied,0,0,0,0
2026-09-18,2026-09-18,CM,NSE,STK,24924,INE819L01012,ELGIRUBCO,EQ,,,,,ELGI RUBBER CO. LTD,60.81,62.38,60.81,61.6,61.75,60.81,,61.6,,,74237,4579396.23,632,F1,1,,,,,,Cash Only,Unclassified,False,61.596666666666664,61.595,61.59833333333333,61.59833333333333,61.595,0.0033333333333303017,0.00541125541125049,Narrow,Bullish,Above CPR,True,False,0.016666666666666666,60,2923230.335,Higher,True,Risk On,True,3.6728571428571426,59.0194,54.540699999999994,0.0009075586671844463,1.5665533349085201,True,True,No setup,Neutral,0,Not applicable,No directional setup; confirmation score not applicable.,Narrow CPR,Not applicable,Not applicable,Narrow CPR; Wide CPR rules not applied,0,0,0,0
2026-09-18,2026-09-18,CM,NSE,STK,21551,INE320X01016,HALEOSLABS,EQ,,,,,HALEOS LABS LIMITED,1493.5,1524.9,1470.0,1497.6,1499.0,1493.0,,1497.45,,,777,1160704.8,90,F1,1,,,,,,Cash Only,Unclassified,False,1497.5,1497.45,1497.55,1497.55,1497.45,0.09999999999990905,0.0066773504273443555,Narrow,Bullish,Above CPR,True,False,0.016666666666666666,60,916782.45,Lower,True,Risk On,True,53.34285714285719,1506.0720000000001,1507.335,0.0018746652383485878,1.26606350285174,False,False,No setup,Neutral,0,Not applicable,No directional setup; confirmation score not applicable.,Narrow CPR,Not applicable,Not applicable,Narrow CPR; Wide CPR rules not applied,0,0,0,0
2026-09-18,2026-09-18,CM,NSE,STK,17945,INE03QK01018,COHANCE,EQ,,,,,COHANCE LIFESCIENCES LTD,439.95,446.65,429.25,438.0,436.4,439.95,,438.0,,,699254,305540663.0,22131,F1,1,,,,,,Cash Only,Healthcare,True,437.9666666666667,437.95,437.9833333333334,437.9833333333334,437.95,0.033333333333416704,0.007610350076122535,Narrow,Bullish,Above CPR,True,False,0.016666666666666666,60,247395010.675,Inside,True,Risk On,True,15.953571428571426,443.48699999999997,443.26,0.0020893963137131586,1.235031628836627,False,False,No setup,Neutral,0,Not applicable,No directional setup; confirmation score not applicable.,Narrow CPR,Not applicable,Not applicable,Narrow CPR; Wide CPR rules not applied,0,0,0,0
2026-09-18,2026-09-18,CM,NSE,STK,4055,INE922B01023,PANACEABIO,EQ,,,,,PANACEA BIOTEC LTD,373.0,375.8,359.9,367.9,368.0,372.0,,367.9,,,119782,43852357.7,4233,F1,1,,,,,,Cash Only,Unclassified,False,367.8666666666666,367.85,367.8833333333332,367.8833333333332,367.85,0.03333333333318933,0.009060433088662499,Narrow,Bullish,Above CPR,True,False,0.016666666666666666,60,60417963.275000006,Lower,True,Risk On,True,15.524999999999993,425.915,448.866,0.002147074610833452,0.7258165506241985,False,False,No setup,Neutral,0,Not applicable,No directional setup; confirmation score not applicable.,Narrow CPR,Not applicable,Not applicable,Narrow CPR; Wide CPR rules not applied,0,0,0,0
2026-09-18,2026-09-18,CM,NSE,STK,764648,INE823B01015,COMPEAU,EQ,,,,,COMPETENT AUTOMOB CO. L,360.0,369.9,360.0,365.0,365.0,360.0,,366.65,,,714,258070.8,9,F1,1,,,,,,Cash Only,Unclassified,False,364.9666666666667,364.95,364.9833333333334,364.9833333333334,364.95,0.033333333333416704,0.009132420091347043,Narrow,Bullish,Above CPR,True,False,0.08333333333333333,24,321135.625,Higher,True,Risk On,True,14.732142857142858,,,0.0022626262626319216,0.8036193430735067,False,False,No setup,Neutral,0,Not applicable,No directional setup; confirmation score not applicable.,Narrow CPR,Not applicable,Not applicable,Narrow CPR; Wide CPR rules not applied,0,0,0,0
2026-09-18,2026-09-18,CM,NSE,STK,547,INE216A01030,BRITANNIA,EQ,,,,,BRITANNIA INDUSTRIES LTD,4982.0,5026.5,4968.0,4998.0,4998.0,4982.0,,4998.04,,,346885,1737048256.5,27865,F1,1,,,,,,F&O + Cash,Fast Moving Consumer Goods,True,4997.5,4997.25,4997.75,4997.75,4997.25,0.5,0.010004001600640256,Narrow,Bullish,Above CPR,True,False,0.03333333333333333,60,1351002627.75,Inside,True,Risk On,True,89.53571428571429,5337.24,5336.465,0.0055843637814120455,1.2857475039800121,False,False,No setup,Neutral,0,Not applicable,No directional setup; confirmation score not applicable.,Narrow CPR,Not applicable,Not applicable,Narrow CPR; Wide CPR rules not applied,0,0,0,0
2026-09-18,2026-09-18,CM,NSE,STK,480,INE340A01012,BIRLACORPN,EQ,,,,,BIRLA CORPORATION LTD,815.0,842.15,804.8,823.6,821.0,811.15,,823.56,,,124135,101844999.95,12615,F1,1,,,,,,Cash Only,Unclassified,False,823.5166666666665,823.4749999999999,823.5583333333332,823.5583333333332,823.4749999999999,0.08333333333325754,0.010118180346437291,Narrow,Bullish,Above CPR,True,False,0.05,60,51232308.05,Higher,True,Risk On,True,23.58928571428573,903.3810000000001,943.6619999999999,0.0035326772646952454,1.9879057537404858,False,False,No setup,Neutral,0,Not applicable,No directional setup; confirmation score not applicable.,Narrow CPR,Not applicable,Not applicable,Narrow CPR; Wide CPR rules not applied,0,0,0,0
2026-09-18,2026-09-18,CM,NSE,STK,27079,INE127T01021,KPEL,EQ,,,,,K.P. ENERGY LIMITED,212.7,220.99,212.7,216.88,216.91,212.48,,216.86,,,216598,47000456.07,5591,F1,1,,,,,,Cash Only,Unclassified,False,216.85666666666665,216.845,216.8683333333333,216.8683333333333,216.845,0.023333333333312112,0.010758637649074193,Narrow,Bullish,Above CPR,True,False,0.016666666666666666,60,63497278.614999995,Higher,True,Risk On,True,9.82214285714286,273.6074,314.2379,0.002375584805951345,0.7401963847139909,False,False,No setup,Neutral,0,Not applicable,No directional setup; confirmation score not applicable.,Narrow CPR,Not applicable,Not applicable,Narrow CPR; Wide CPR rules not applied,0,0,0,0
2026-09-18,2026-09-18,CM,NSE,STK,25800,INE0JVO01026,GARUDA,EQ,,,,,GARUDA CONSTRUCT N ENG L,175.8,176.84,174.16,175.53,175.3,174.82,,175.54,,,180277,31647275.48,3289,F1,1,,,,,,Cash Only,Unclassified,False,175.51,175.5,175.51999999999998,175.51999999999998,175.5,0.01999999999998181,0.01139406369280568,Narrow,Bullish,Above CPR,True,False,0.03333333333333333,60,57005239.269999996,Inside,True,Risk On,True,6.922857142857142,178.59560000000002,176.8941,0.0028889806025561844,0.5551643302487624,False,False,No setup,Neutral,0,Not applicable,No directional setup; confirmation score not applicable.,Narrow CPR,Not applicable,Not applicable,Narrow CPR; Wide CPR rules not applied,0,-2,0,-2
2026-09-18,2026-09-18,CM,NSE,STK,765010,INE290E01011,YOGI,EQ,,,,,YOGI LTD.,163.99,164.0,163.9,163.98,164.0,163.0,,163.91,,,15,2459.75,7,F1,1,,,,,,Cash Only,Unclassified,False,163.96,163.95,163.97000000000003,163.97000000000003,163.95,0.020000000000038654,0.01219660934262633,Narrow,Bullish,Above CPR,True,False,0.17391304347826086,23,97743.75,Inside,True,Risk On,True,8.455714285714283,,,0.0023652644027753102,0.02516529189845898,False,False,No setup,Neutral,0,Not applicable,No directional setup; confirmation score not applicable.,Narrow CPR,Not applicable,Not applicable,Narrow CPR; Wide CPR rules not applied,0,0,0,0
2026-09-18,2026-09-18,CM,NSE,STK,29008,INE105A01035,TVSHLTD,EQ,,,,,TVS HOLDINGS LIMITED,12911.0,13079.0,12540.0,12812.0,12875.0,12884.0,,12812.23,,,45028,575964794.0,11299,F1,1,,,,,,Cash Only,Unclassified,False,12810.333333333334,12809.5,12811.166666666668,12811.166666666668,12809.5,1.6666666666678793,0.013008637735465808,Narrow,Bullish,Above CPR,True,False,0.016666666666666666,60,57111042.5,Inside,True,Risk On,True,422.14285714285717,13961.78,13849.73,0.003948110547098191,10.084998781102621,False,False,No setup,Neutral,0,Not applicable,No directional setup; confirmation score not applicable.,Narrow CPR,Not applicable,Not applicable,Narrow CPR; Wide CPR rules not applied,0,0,0,0
2026-09-18,2026-09-18,CM,NSE,STK,5507,INE782X01033,SERVOTECH,EQ,,,,,SERVOTECH REN POW SYS LTD,72.27,73.66,71.91,72.8,72.98,72.27,,72.8,,,396912,28759601.01,3756,F1,1,,,,,,Cash Only,Unclassified,False,72.79,72.785,72.79500000000002,72.79500000000002,72.785,0.010000000000019327,0.013736263736290286,Narrow,Bullish,Above CPR,True,False,0.016666666666666666,60,41521634.665,Inside,True,Risk On,True,2.5621428571428595,85.41120000000001,91.8516,0.003902982994153065,0.6926413481076757,False,False,No setup,Neutral,0,Not applicable,No directional setup; confirmation score not applicable.,Narrow CPR,Not applicable,Not applicable,Narrow CPR; Wide CPR rules not applied,0,0,-2,-2
2026-09-18,2026-09-18,CM,NSE,STK,3834,INE838B01021,BHARATRAS,EQ,,,,,BHARAT RASAYAN LTD,1169.5,1182.1,1155.0,1168.8,1164.4,1164.0,,1168.7,,,11371,13321172.8,1529,F1,1,,,,,,Cash Only,Unclassified,False,1168.6333333333332,1168.55,1168.7166666666665,1168.7166666666665,1168.55,0.16666666666651508,0.01425963951630006,Narrow,Bullish,Above CPR,True,False,0.03333333333333333,60,11616400.7,Higher,True,Risk On,True,38.38571428571434,1276.282,1337.898,0.004341893065372549,1.14675562112798,False,False,No setup,Neutral,0,Not applicable,No directional setup; confirmation score not applicable.,Narrow CPR,Not applicable,Not applicable,Narrow CPR; Wide CPR rules not applied,0,0,0,0
2026-09-18,2026-09-18,CM,NSE,STK,11618,INE386C01029,ASTRAMICRO,EQ,,,,,ASTRA MICROWAVE LTD,1611.0,1650.6,1611.0,1631.2,1641.0,1607.8,,1631.26,,,199551,324690244.7,17381,F1,1,,,,,,Cash Only,Unclassified,False,1630.9333333333334,1630.8,1631.0666666666668,1631.0666666666668,1630.8,0.2666666666668789,0.016347882949171093,Narrow,Bullish,Above CPR,True,False,0.05,60,639334190.0999999,Higher,True,Risk On,True,63.0857142857143,1724.3740000000003,1564.9065,0.004227053140099981,0.5078568450237494,False,True,No setup,Neutral,0,Not applicable,No directional setup; confirmation score not applicable.,Narrow CPR,Not applicable,Not applicable,Narrow CPR; Wide CPR rules not applied,0,0,0,0
2026-09-18,2026-09-18,CM,NSE,STK,4306,INE721A01047,SHRIRAMFIN,EQ,,,,,SHRIRAM FINANCE LIMITED,1004.9,1019.0,1000.5,1010.0,1010.0,995.0,,1009.99,,,4870631,4926141200.9,95650,F1,1,,,,,,F&O + Cash,Financial Services,True,1009.8333333333334,1009.75,1009.9166666666667,1009.9166666666667,1009.75,0.16666666666674246,0.016501650165024005,Narrow,Bullish,Above CPR,True,False,0.03333333333333333,60,4276370117.35,Higher,True,Risk On,True,30.250000000000032,1067.254,1019.4075,0.005509641873280737,1.1519445384097513,False,False,No setup,Neutral,0,Not applicable,No directional setup; confirmation score not applicable.,Narrow CPR,Not applicable,Not applicable,Narrow CPR; Wide CPR rules not applied,0,0,0,0
2026-09-18,2026-09-18,CM,NSE,STK,11596,INE405C01035,LINCOLN,EQ,,,,,LINCOLN PHARMA LTD,597.05,612.35,597.05,604.85,601.05,600.7,,604.95,,,18250,11032468.1,1568,F1,1,,,,,,Cash Only,Unclassified,False,604.75,604.7,604.8,604.8,604.7,0.09999999999990905,0.016533024716856914,Narrow,Bullish,Above CPR,True,False,0.08333333333333333,60,15508475.15,Higher,True,Risk On,True,17.457142857142856,605.618,627.1055,0.005728314238947327,0.7113831626444589,False,False,No setup,Neutral,0,Not applicable,No directional setup; confirmation score not applicable.,Narrow CPR,Not applicable,Not applicable,Narrow CPR; Wide CPR rules not applied,0,0,0,0
2026-09-18,2026-09-18,CM,NSE,STK,583,INE477A01020,CANFINHOME,EQ,,,,,CAN FIN HOMES LTD,777.6,787.6,769.0,778.5,781.0,774.4,,778.52,,,539763,419750130.6,17059,F1,1,,,,,,Cash Only,Financial Services,True,778.3666666666667,778.3,778.4333333333334,778.4333333333334,778.3,0.13333333333343944,0.01712695354315214,Narrow,Bullish,Above CPR,True,False,0.05,60,181888687.425,Higher,True,Risk On,True,17.817857142857147,821.5189999999999,841.5485000000001,0.007483129551686317,2.307730824508148,False,False,No setup,Neutral,0,Not applicable,No directional setup; confirmation score not applicable.,Narrow CPR,Not applicable,Not applicable,Narrow CPR; Wide CPR rules not applied,0,0,0,0
2026-09-18,2026-09-18,CM,NSE,STK,619,INE485A01015,CENTENKA,EQ,,,,,CENTURY ENKA LTD,570.75,570.75,551.85,561.45,557.0,564.4,,561.47,,,33970,19064809.7,2375,F1,1,,,,,,Cash Only,Unclassified,False,561.35,561.3,561.4000000000001,561.4000000000001,561.3,0.10000000000013642,0.017811025024514454,Narrow,Bullish,Above CPR,True,False,0.06666666666666667,60,28326373.825000003,Lower,True,Risk On,True,24.41785714285717,574.464,531.0625,0.004095363463512969,0.6730409553224908,False,True,No setup,Neutral,0,Not applicable,No directional setup; confirmation score not applicable.,Narrow CPR,Not applicable,Not applicable,Narrow CPR; Wide CPR rules not applied,0,0,0,0
2026-09-18,2026-09-18,CM,NSE,STK,2969,INE623A01011,SAKHTISUG,EQ,,,,,SAKTHI SUGARS LTD,18.5,18.89,17.84,18.37,18.46,18.44,,18.37,,,134585,2477646.42,742,F1,1,,,,,,Cash Only,Unclassified,False,18.36666666666667,18.365000000000002,18.36833333333334,18.36833333333334,18.365000000000002,0.003333333333337407,0.01814552712758523,Narrow,Bullish,Above CPR,True,False,0.03333333333333333,60,1717530.975,Lower,True,Risk On,True,1.0399999999999994,18.4782,18.1367,0.003205128205132124,1.4425628743027472,False,True,No setup,Neutral,0,Not applicable,No directional setup; confirmation score not applicable.,Narrow CPR,Not applicable,Not applicable,Narrow CPR; Wide CPR rules not applied,0,0,0,0
2026-09-18,2026-09-18,CM,NSE,STK,4116,INE550B01022,HBSL,EQ,,,,,HB STOCKHOLDINGS LIMITED,53.33,53.33,52.0,52.68,53.0,53.33,,52.68,,,1597,83763.55,36,F1,1,,,,,,Cash Only,Unclassified,False,52.669999999999995,52.665,52.67499999999999,52.67499999999999,52.665,0.009999999999990905,0.01898253606680126,Narrow,Bullish,Above CPR,True,False,0.016666666666666666,60,197548.52500000002,Lower,True,Risk On,True,2.4800000000000004,55.65560000000001,62.4309,0.004032258064512461,0.4240150616158738,False,False,No setup,Neutral,0,Not applicable,No directional setup; confirmation score not applicable.,Narrow CPR,Not applicable,Not applicable,Narrow CPR; Wide CPR rules not applied,0,0,0,0
2026-09-18,2026-09-18,CM,NSE,STK,5313,INE583D01011,UGROCAP,EQ,,,,,UGRO CAPITAL LIMITED,83.74,84.47,82.96,83.74,83.05,83.49,,83.75,,,98903,8257602.01,1086,F1,1,,,,,,Cash Only,Unclassified,False,83.72333333333334,83.715,83.73166666666668,83.73166666666668,83.715,0.01666666666667993,0.019902873975017832,Narrow,Bullish,Above CPR,True,False,0.06666666666666667,60,15705639.505,Inside,True,Risk On,True,2.3121428571428586,91.12480000000001,95.04269999999998,0.007208320461338242,0.5257730516080631,False,False,No setup,Neutral,0,Not applicable,No directional setup; confirmation score not applicable.,Narrow CPR,Not applicable,Not applicable,Narrow CPR; Wide CPR rules not applied,0,0,0,0
2026-09-18,2026-09-18,CM,NSE,STK,9348,INE565A01014,IOB,EQ,,,,,INDIAN OVERSEAS BANK,32.18,32.32,32.0,32.17,32.25,32.1,,32.17,,,1954679,62839767.54,12843,F1,1,,,,,,Cash Only,Financial Services,True,32.163333333333334,32.16,32.16666666666667,32.16666666666667,32.16,0.006666666666674814,0.020723241114935696,Narrow,Bullish,Above CPR,True,False,0.05,60,72444426.795,Inside,True,Risk On,True,0.6064285714285719,33.5248,33.774300000000004,0.010993325480971417,0.8674203154070245,False,False,No setup,Neutral,0,Not applicable,No directional setup; confirmation score not applicable.,Narrow CPR,Not applicable,Not applicable,Narrow CPR; Wide CPR rules not applied,0,0,0,0
2026-09-18,2026-09-18,CM,NSE,STK,18124,INE879I01012,DBREALTY,EQ,,,,,VALOR ESTATE LIMITED,95.69,97.3,94.0,95.68,96.34,94.73,,95.68,,,1389676,132504755.0,9511,F1,1,,,,,,Cash Only,Unclassified,False,95.66000000000001,95.65,95.67000000000002,95.67000000000002,95.65,0.020000000000010232,0.02090301003345551,Narrow,Bullish,Above CPR,True,False,0.016666666666666666,60,156051938.94,Higher,True,Risk On,True,3.6878571428571414,109.97040000000001,108.5073,0.005423203563822261,0.8491067518933322,False,False,No setup,Neutral,0,Not applicable,No directional setup; confirmation score not applicable.,Narrow CPR,Not applicable,Not applicable,Narrow CPR; Wide CPR rules not applied,0,0,0,0
2026-09-18,2026-09-18,CM,NSE,STK,756090,INE0OC301013,TURTLEMINT,EQ,,,,,TURTLEMINT FINTECH SOLS L,133.65,137.0,131.15,134.12,133.61,131.67,,134.12,,,832911,111577562.71,14184,F1,1,,,,,,Cash Only,Unclassified,False,134.09,134.075,134.10500000000002,134.10500000000002,134.075,0.03000000000002956,0.022368028631098685,Narrow,Bullish,Above CPR,True,False,0.01694915254237288,59,121201810.25,Higher,True,Risk On,True,6.8707142857142856,134.509,,0.004366358249302566,0.9205932030210745,False,False,No setup,Neutral,0,Not applicable,No directional setup; confirmation score not applicable.,Narrow CPR,Not applicable,Not applicable,Narrow CPR; Wide CPR rules not applied,0,0,0,0
2026-09-18,2026-09-18,CM,NSE,STK,3987,INE461C01038,GREENPLY,EQ,,,,,GREENPLY INDUSTRIES LTD,291.25,296.95,288.55,292.85,291.0,293.2,,292.84,,,221495,64854450.65,3890,F1,1,,,,,,Cash Only,Unclassified,False,292.78333333333336,292.75,292.8166666666667,292.8166666666667,292.75,0.06666666666671972,0.022764782880901387,Narrow,Bullish,Above CPR,True,False,0.06666666666666667,60,42061108.435,Higher,True,Risk On,True,10.932142857142853,294.883,286.9661,0.006098224980947902,1.541910165069096,False,True,No setup,Neutral,0,Not applicable,No directional setup; confirmation score not applicable.,Narrow CPR,Not applicable,Not applicable,Narrow CPR; Wide CPR rules not applied,0,0,0,0
2026-09-18,2026-09-18,CM,NSE,STK,29256,INE0R4L01018,DENTA,EQ,,,,,DENTA WATER N INFRA SOL L,279.3,281.95,276.55,279.35,280.65,278.4,,279.3,,,61071,17065070.95,2549,F1,1,,,,,,Cash Only,Unclassified,False,279.28333333333336,279.25,279.3166666666667,279.3166666666667,279.25,0.06666666666671972,0.023864924527195176,Narrow,Bullish,Above CPR,True,False,0.03333333333333333,60,60603228.575,Lower,True,Risk On,True,12.678571428571429,310.529,297.0008,0.005258215962445499,0.28158682880864977,False,False,No setup,Neutral,0,Not applicable,No directional setup; confirmation score not applicable.,Narrow CPR,Not applicable,Not applicable,Narrow CPR; Wide CPR rules not applied,0,-2,0,-2
2026-09-18,2026-09-18,CM,NSE,STK,11027,INE344S01016,INFOBEAN,EQ,,,,,INFOBEANS TECHNO. LTD.,151.16,152.4,150.01,151.27,151.02,150.41,,151.23,,,99135,14965815.72,1834,F1,1,,,,,,Cash Only,Unclassified,False,151.22666666666666,151.20499999999998,151.24833333333333,151.24833333333333,151.20499999999998,0.043333333333350765,0.028646349793978163,Narrow,Bullish,Above CPR,True,False,0.08333333333333333,60,35935226.33,Higher,True,Risk On,True,5.95857142857143,161.3344,162.4017,0.0072724366658704215,0.41646643832338986,False,False,No setup,Neutral,0,Not applicable,No directional setup; confirmation score not applicable.,Narrow CPR,Not applicable,Not applicable,Narrow CPR; Wide CPR rules not applied,0,0,0,0
2026-09-18,2026-09-18,CM,NSE,STK,11435,INE572J01011,SPANDANA,EQ,,,,,SPANDANA SPHOORTY FIN LTD,227.02,231.3,227.0,229.25,228.1,227.02,,229.23,,,74230,16997099.16,2099,F1,1,,,,,,Cash Only,Unclassified,False,229.1833333333333,229.15,229.2166666666666,229.2166666666666,229.15,0.06666666666660603,0.029080334423819427,Narrow,Bullish,Above CPR,True,False,0.05,60,45549331.375,Higher,True,Risk On,True,5.846428571428569,256.1872,257.9904,0.011402972917928954,0.3731580387001894,False,False,No setup,Neutral,0,Not applicable,No directional setup; confirmation score not applicable.,Narrow CPR,Not applicable,Not applicable,Narrow CPR; Wide CPR rules not applied,0,0,0,0
2026-09-18,2026-09-18,CM,NSE,STK,22675,INE646H01017,CAPITALSFB,EQ,,,,,CAPITAL SMALL FIN BANK L,276.1,283.4,274.15,278.9,277.45,279.9,,278.9,,,8706,2437888.3,543,F1,1,,,,,,Cash Only,Unclassified,False,278.81666666666666,278.775,278.85833333333335,278.85833333333335,278.775,0.08333333333337123,0.02987928767779535,Narrow,Bullish,Above CPR,True,False,0.03333333333333333,60,7952247.875,Inside,True,Risk On,True,7.52142857142856,289.026,284.6407,0.011079455523905024,0.3065659343522412,False,False,No setup,Neutral,0,Not applicable,No directional setup; confirmation score not applicable.,Narrow CPR,Not applicable,Not applicable,Narrow CPR; Wide CPR rules not applied,0,0,0,0
2026-09-18,2026-09-18,CM,NSE,STK,368,INE373A01013,BASF,EQ,,,,,BASF INDIA LTD,3617.0,3641.6,3566.5,3605.7,3608.0,3601.6,,3605.78,,,35931,129181639.7,4647,F1,1,,,,,,Cash Only,Unclassified,False,3604.6,3604.05,3605.1499999999996,3605.1499999999996,3604.05,1.0999999999994543,0.03050725240589773,Narrow,Bullish,Above CPR,True,False,0.016666666666666666,60,63505701.65,Higher,True,Risk On,True,92.52142857142864,3807.1059999999998,3694.0029999999997,0.011889137651503396,2.034173882716246,False,False,No setup,Neutral,0,Not applicable,No directional setup; confirmation score not applicable.,Narrow CPR,Not applicable,Not applicable,Narrow CPR; Wide CPR rules not applied,0,0,0,0
2026-09-18,2026-09-18,CM,NSE,STK,13577,INE540H01012,VOLTAMP,EQ,,,,,VOLTAMP TRANSFORMERS LTD,10798.0,10964.0,10784.0,10879.0,10898.0,10735.0,,10879.29,,,19415,211211339.0,6740,F1,1,,,,,,Cash Only,Unclassified,False,10875.666666666666,10874.0,10877.333333333332,10877.333333333332,10874.0,3.3333333333321207,0.03064007108495377,Narrow,Bullish,Above CPR,True,False,0.05,60,293651434.0,Higher,True,Risk On,True,418.10714285714283,10221.34,10040.9,0.007972438142419012,0.7192586670630732,True,True,No setup,Neutral,0,Not applicable,No directional setup; confirmation score not applicable.,Narrow CPR,Not applicable,Not applicable,Narrow CPR; Wide CPR rules not applied,0,0,0,0
2026-09-18,2026-09-18,CM,NSE,STK,10661,INE838E01017,PONNIERODE,EQ,,,,,PONNIE SUGARS (ERODE) LTD,356.4,361.25,351.6,356.6,354.05,353.15,,356.67,,,9320,3328542.45,751,F1,1,,,,,,Cash Only,Unclassified,False,356.48333333333335,356.425,356.5416666666667,356.5416666666667,356.425,0.11666666666667425,0.032716395587962493,Narrow,Bullish,Above CPR,True,False,0.06666666666666667,60,7175964.525,Inside,True,Risk On,True,18.582142857142852,351.213,332.1375,0.006278429111410494,0.4638460012453866,True,True,No setup,Neutral,0,Not applicable,No directional setup; confirmation score not applicable.,Narrow CPR,Not applicable,Not applicable,Narrow CPR; Wide CPR rules not applied,0,-2,0,-2
2026-09-18,2026-09-18,CM,NSE,STK,781,INE495A01022,DALMIASUG,EQ,,,,,DALMIA BHARAT SUG IN LTD,394.0,398.2,382.4,390.5,389.4,390.5,,390.49,,,148278,57639893.95,5974,F1,1,,,,,,Cash Only,Unclassified,False,390.3666666666666,390.29999999999995,390.4333333333333,390.4333333333333,390.29999999999995,0.13333333333332575,0.034144259496370226,Narrow,Bullish,Above CPR,True,False,0.03333333333333333,60,85176536.625,Lower,True,Risk On,True,21.407142857142848,414.30299999999994,381.825,0.006228450672894766,0.676710937470569,False,True,No setup,Neutral,0,Not applicable,No directional setup; confirmation score not applicable.,Narrow CPR,Not applicable,Not applicable,Narrow CPR; Wide CPR rules not applied,0,0,0,0
2026-09-18,2026-09-18,CM,NSE,STK,762573,INE213D01015,BEEKAY,EQ,,,,,BEEKAY STEEL INDS. LTD.,421.25,439.35,420.3,430.05,430.0,426.55,,430.06,,,1478,633970.25,101,F1,1,,,,,,Cash Only,Unclassified,False,429.90000000000003,429.82500000000005,429.975,429.975,429.82500000000005,0.14999999999997726,0.034879665155209225,Narrow,Bullish,Above CPR,True,False,0.05,60,805120.8,Higher,True,Risk On,True,20.374999999999993,414.62799999999993,412.14700000000005,0.007361963190182935,0.787422520943441,True,True,No setup,Neutral,0,Not applicable,No directional setup; confirmation score not applicable.,Narrow CPR,Not applicable,Not applicable,Narrow CPR; Wide CPR rules not applied,0,0,0,0
2026-09-18,2026-09-18,CM,NSE,STK,14599,INE0JSX01015,GSLSU,EQ,,,,,GLOBAL SURFACES LIMITED,27.27,28.78,27.27,28.04,28.11,28.17,,28.04,,,24429,682845.32,259,F1,1,,,,,,Cash Only,Unclassified,False,28.03,28.025,28.035000000000004,28.035000000000004,28.025,0.010000000000005116,0.03566333808846333,Narrow,Bullish,Above CPR,True,False,0.06666666666666667,60,2645638.335,Higher,True,Risk On,True,1.6735714285714285,29.171799999999998,40.127199999999995,0.005975245411868188,0.2581022927308014,False,False,No setup,Neutral,0,Not applicable,No directional setup; confirmation score not applicable.,Narrow CPR,Not applicable,Not applicable,Narrow CPR; Wide CPR rules not applied,0,0,0,0
2026-09-18,2026-09-18,CM,NSE,STK,27067,INE050M01012,VSSL,EQ,,,,,VARDHMAN SPC STEEL LTD,406.95,411.0,397.95,404.7,406.0,406.05,,404.79,,,154256,62296491.85,7788,F1,1,,,,,,Cash Only,Unclassified,False,404.55,404.475,404.625,404.625,404.475,0.14999999999997726,0.037064492216451014,Narrow,Bullish,Above CPR,True,False,0.03333333333333333,60,37527214.75,Lower,True,Risk On,True,21.13928571428571,337.92,307.2098,0.007095793208311141,1.6600350509625819,True,True,No setup,Neutral,0,Not applicable,No directional setup; confirmation score not applicable.,Narrow CPR,Not applicable,Not applicable,Narrow CPR; Wide CPR rules not applied,0,0,0,0
2026-09-18,2026-09-18,CM,NSE,STK,4041,INE785A01026,JAYAGROGN,EQ,,,,,JAYANT AGRO ORGANICS LTD,228.3,229.5,225.02,227.39,227.27,225.41,,227.63,,,6086,1383129.44,312,F1,1,,,,,,Cash Only,Unclassified,False,227.3033333333333,227.26,227.34666666666664,227.34666666666664,227.26,0.08666666666664469,0.038113666681316105,Narrow,Bullish,Above CPR,True,False,0.03333333333333333,60,2201602.1,Lower,True,Risk On,True,14.299999999999999,226.47519999999997,220.3992,0.006060606060604524,0.6282377001729785,True,True,No setup,Neutral,0,Not applicable,No directional setup; confirmation score not applicable.,Narrow CPR,Not applicable,Not applicable,Narrow CPR; Wide CPR rules not applied,0,0,0,0
2026-09-18,2026-09-18,CM,NSE,STK,10453,INE836B01017,SATIN,EQ,,,,,SATIN CREDIT NET LTD,218.47,221.0,217.37,219.32,219.5,219.82,,219.32,,,162662,35699747.94,1695,F1,1,,,,,,Cash Only,Unclassified,False,219.23000000000002,219.185,219.27500000000003,219.27500000000003,219.185,0.09000000000003183,0.04103592923583432,Narrow,Bullish,Above CPR,True,False,0.06666666666666667,60,75410041.445,Inside,True,Risk On,True,7.0021428571428554,234.5812,230.3711,0.012853208201575497,0.4734084116110381,False,False,No setup,Neutral,0,Not applicable,No directional setup; confirmation score not applicable.,Narrow CPR,Not applicable,Not applicable,Narrow CPR; Wide CPR rules not applied,0,0,0,0
2026-09-18,2026-09-18,CM,NSE,STK,154,INE116A01032,APCOTEXIND,EQ,,,,,APCOTEX INDUSTRIES LIMITE,598.4,612.85,596.1,604.85,609.0,599.4,,604.87,,,77596,47078881.75,4293,F1,1,,,,,,Cash Only,Unclassified,False,604.6,604.475,604.725,604.725,604.475,0.25,0.04133256179217988,Narrow,Bullish,Above CPR,True,False,0.03333333333333333,60,70536997.75,Higher,True,Risk On,True,25.074999999999996,599.827,548.6705,0.009970089730807579,0.6674352928495599,True,True,No setup,Neutral,0,Not applicable,No directional setup; confirmation score not applicable.,Narrow CPR,Not applicable,Not applicable,Narrow CPR; Wide CPR rules not applied,0,0,0,0
2026-09-18,2026-09-18,CM,NSE,STK,11223,INE691A01018,UCOBANK,EQ,,,,,UCO BANK,23.59,23.94,23.53,23.75,23.85,23.59,,23.75,,,3517779,83189161.22,15953,F1,1,,,,,,Cash Only,Financial Services,True,23.74,23.735,23.744999999999997,23.744999999999997,23.735,0.00999999999999801,0.04210526315788636,Narrow,Bullish,Above CPR,True,False,0.18333333333333332,60,104104548.745,Inside,True,Risk On,True,0.49071428571428505,25.623399999999997,25.86,0.02037845705967574,0.7990924721624659,False,False,No setup,Neutral,0,Not applicable,No directional setup; confirmation score not applicable.,Narrow CPR,Not applicable,Not applicable,Narrow CPR; Wide CPR rules not applied,0,0,0,0
2026-09-18,2026-09-18,CM,NSE,STK,6711,INE050B01023,IVC,EQ,,,,,IL&FS INVESTMENT MANAGERS,7.79,8.0,7.79,7.9,7.92,7.85,,7.9,,,144297,1138486.82,713,F1,1,,,,,,Cash Only,Unclassified,False,7.896666666666666,7.895,7.898333333333332,7.898333333333332,7.895,0.003333333333332078,0.04219409282698833,Narrow,Bullish,Above CPR,True,False,0.06666666666666667,60,1583055.9849999999,Higher,True,Risk On,True,0.6292857142857144,8.5328,8.2798,0.005297010972377875,0.7191702825342593,False,False,No setup,Neutral,0,Not applicable,No directional setup; confirmation score not applicable.,Narrow CPR,Not applicable,Not applicable,Narrow CPR; Wide CPR rules not applied,0,0,0,0
2026-09-18,2026-09-18,CM,NSE,STK,1997,INE115A01026,LICHSGFIN,EQ,,,,,LIC HOUSING FINANCE LTD,548.6,552.0,543.6,548.15,548.15,545.9,,548.15,,,2234836,1223439124.5,25303,F1,1,,,,,,F&O + Cash,Financial Services,True,547.9166666666666,547.8,548.0333333333333,548.0333333333333,547.8,0.2333333333333485,0.042567423758706285,Narrow,Bullish,Above CPR,True,False,0.08333333333333333,60,972028657.2249999,Overlapping,True,Risk On,True,17.732142857142858,531.504,541.7905,0.013158778113461748,1.2586451185428424,True,True,No setup,Neutral,0,Not applicable,No directional setup; confirmation score not applicable.,Narrow CPR,Not applicable,Not applicable,Narrow CPR; Wide CPR rules not applied,0,0,0,0
2026-09-18,2026-09-18,CM,NSE,STK,17062,INE218G01033,PALREDTEC,EQ,,,,,PALRED TECHNOLOGIES LTD,46.01,46.13,46.01,46.1,46.1,46.01,,46.55,,,161,7418.55,6,F1,1,,,,,,Cash Only,Unclassified,False,46.080000000000005,46.07,46.09000000000001,46.09000000000001,46.07,0.020000000000010232,0.04338394793928466,Narrow,Bullish,Above CPR,True,False,0.016666666666666666,60,212065.57,Lower,True,Risk On,True,3.9071428571428584,35.7412,38.1616,0.005118829981721081,0.03498234060342752,True,True,No setup,Neutral,0,Not applicable,No directional setup; confirmation score not applicable.,Narrow CPR,Not applicable,Not applicable,Narrow CPR; Wide CPR rules not applied,0,0,0,0
2026-09-18,2026-09-18,CM,NSE,STK,13966,INE292B01021,HBLENGINE,EQ,,,,,HBL ENGINEERING LTD,754.0,768.0,751.0,760.0,757.95,756.75,,760.01,,,1898943,1443078746.3,45457,F1,1,,,,,,Cash Only,Capital Goods,True,759.6666666666666,759.5,759.8333333333333,759.8333333333333,759.5,0.33333333333325754,0.043859649122797044,Narrow,Bullish,Above CPR,True,False,0.08333333333333333,60,617478542.05,Higher,True,Risk On,True,27.17500000000001,709.485,752.813,0.012266176019623088,2.3370508414900475,True,True,No setup,Neutral,0,Not applicable,No directional setup; confirmation score not applicable.,Narrow CPR,Not applicable,Not applicable,Narrow CPR; Wide CPR rules not applied,0,0,0,0
2026-09-18,2026-09-18,CM,NSE,STK,3757,INE398A01010,VENKEYS,EQ,,,,,VENKY S (INDIA) LIMITED,1675.0,1675.0,1616.4,1646.8,1648.0,1655.6,,1646.72,,,50193,82443118.4,4622,F1,1,,,,,,Cash Only,Unclassified,False,1646.0666666666666,1645.7,1646.4333333333332,1646.4333333333332,1645.7,0.7333333333331211,0.04453080722207439,Narrow,Bullish,Above CPR,True,False,0.05,60,67801985.35,Lower,True,Risk On,True,72.85714285714288,1571.838,1527.3319999999999,0.010065359477121267,1.2159395919517866,True,True,No setup,Neutral,0,Not applicable,No directional setup; confirmation score not applicable.,Narrow CPR,Not applicable,Not applicable,Narrow CPR; Wide CPR rules not applied,0,0,0,0
2026-09-18,2026-09-18,CM,NSE,STK,760259,INE0E7301029,WAKEFIT,EQ,,,,,WAKEFIT INNOVATIONS LTD,146.11,148.9,144.6,146.85,146.5,145.59,,146.87,,,179739,26200828.54,2879,F1,1,,,,,,Cash Only,Unclassified,False,146.78333333333333,146.75,146.81666666666666,146.81666666666666,146.75,0.06666666666666288,0.04539779820678439,Narrow,Bullish,Above CPR,True,False,0.05,60,117380170.805,Higher,True,Risk On,True,6.452142857142856,136.6098,131.97369999999998,0.010332484593526852,0.2232134129667149,True,True,No setup,Neutral,0,Not applicable,No directional setup; confirmation score not applicable.,Narrow CPR,Not applicable,Not applicable,Narrow CPR; Wide CPR rules not applied,0,0,0,0
2026-09-18,2026-09-18,CM,NSE,STK,28960,INE0U3I01011,UNIMECH,EQ,,,,,UNIMECH AEROSPACE N MFG L,1578.5,1612.0,1568.4,1591.3,1600.0,1570.6,,1591.3,,,189186,302058342.5,15880,F1,1,,,,,,Cash Only,Unclassified,False,1590.5666666666666,1590.2,1590.9333333333332,1590.9333333333332,1590.2,0.7333333333331211,0.046083914619061216,Narrow,Bullish,Above CPR,True,False,0.03333333333333333,60,205962738.5,Higher,True,Risk On,True,76.5857142857143,1400.28,1232.6945,0.009575327986069478,1.4665679078645577,True,True,No setup,Neutral,0,Not applicable,No directional setup; confirmation score not applicable.,Narrow CPR,Not applicable,Not applicable,Narrow CPR; Wide CPR rules not applied,0,0,0,0
2026-09-18,2026-09-18,CM,NSE,STK,22730,INE0QTF01015,VSTL,EQ,,,,,VIBHOR STEEL TUBES LTD,114.82,114.82,112.1,113.54,113.6,114.82,,113.25,,,5909,668033.21,186,F1,1,,,,,,Cash Only,Unclassified,False,113.48666666666666,113.46,113.51333333333334,113.51333333333334,113.46,0.05333333333334167,0.04697316657859932,Narrow,Bullish,Above CPR,True,False,0.05,60,1103081.955,Lower,True,Risk On,True,4.767857142857143,112.01219999999999,115.9492,0.011186017478154058,0.6056061446495151,True,False,No setup,Neutral,0,Not applicable,No directional setup; confirmation score not applicable.,Narrow CPR,Not applicable,Not applicable,Narrow CPR; Wide CPR rules not applied,0,0,0,0
2026-09-18,2026-09-18,CM,NSE,STK,1162,INE043A01012,GTL,EQ,,,,,GTL LTD,7.02,7.15,7.02,7.09,7.12,7.06,,7.1,,,57543,406406.73,324,F1,1,,,,,,Cash Only,Unclassified,False,7.086666666666666,7.085,7.088333333333332,7.088333333333332,7.085,0.003333333333332078,0.047014574518082906,Narrow,Bullish,Above CPR,True,False,0.1,60,1418532.295,Inside,True,Risk On,True,0.2700000000000001,7.2964,7.393000000000001,0.012345679012341026,0.28649804550272856,False,False,No setup,Neutral,0,Not applicable,No directional setup; confirmation score not applicable.,Narrow CPR,Not applicable,Not applicable,Narrow CPR; Wide CPR rules not applied,0,0,0,0
2026-09-18,2026-09-18,CM,NSE,STK,34,INE045A01017,ADOR,EQ,,,,,ADOR WELDING LTD,1570.1,1613.0,1568.9,1592.1,1599.9,1564.3,,1592.04,,,19186,30371845.1,2124,F1,1,,,,,,Cash Only,Unclassified,False,1591.3333333333333,1590.95,1591.7166666666665,1591.7166666666665,1590.95,0.7666666666664241,0.04815442916063213,Narrow,Bullish,Above CPR,True,False,0.06666666666666667,60,54862065.85,Higher,True,Risk On,True,63.7785714285715,1533.1860000000001,1341.0375,0.012020756337025339,0.5536037447631039,True,True,No setup,Neutral,0,Not applicable,No directional setup; confirmation score not applicable.,Narrow CPR,Not applicable,Not applicable,Narrow CPR; Wide CPR rules not applied,0,0,0,0
2026-09-18,2026-09-18,CM,NSE,STK,1185,INE371P01015,AMBER,EQ,,,,,AMBER ENTERPRISES (I) LTD,7080.5,7164.5,7075.0,7125.0,7125.0,7046.0,,7125.01,,,75972,541618342.5,14601,F1,1,,,,,,F&O + Cash,Consumer Durables,True,7121.5,7119.75,7123.25,7123.25,7119.75,3.5,0.04912280701754386,Narrow,Bullish,Above CPR,True,False,0.1,60,1587745735.5,Higher,True,Risk On,True,164.64285714285714,7405.69,7588.955,0.02125813449023861,0.3411241046913837,False,False,No setup,Neutral,0,Not applicable,No directional setup; confirmation score not applicable.,Narrow CPR,Not applicable,Not applicable,Narrow CPR; Wide CPR rules not applied,0,0,0,0
2026-09-18,2026-09-18,CM,NSE,STK,20321,INE274V01019,SHANKARA,EQ,,,,,SHANKARA BLDG PRODUCT LTD,148.3,150.0,148.3,149.26,149.5,149.29,,149.26,,,461337,68796940.73,518,F1,1,,,,,,Cash Only,Unclassified,False,149.18666666666667,149.15,149.22333333333333,149.22333333333333,149.15,0.07333333333332348,0.0491312698199943,Narrow,Bullish,Above CPR,True,False,0.16666666666666666,60,10874651.620000001,Lower,True,Risk On,True,1.952857142857141,142.64620000000002,124.81479999999999,0.03755181663008521,6.326358133944524,True,True,No setup,Neutral,0,Not applicable,No directional setup; confirmation score not applicable.,Narrow CPR,Not applicable,Not applicable,Narrow CPR; Wide CPR rules not applied,0,0,0,0
2026-09-18,2026-09-18,CM,NSE,STK,20877,INE488V01015,PSPPROJECT,EQ,,,,,PSP PROJECTS LIMITED,819.2,820.0,799.0,810.1,809.95,812.2,,810.12,,,59163,47834750.9,3008,F1,1,,,,,,Cash Only,Unclassified,False,809.6999999999999,809.5,809.8999999999999,809.8999999999999,809.5,0.3999999999998636,0.0493766201703325,Narrow,Bullish,Above CPR,True,False,0.11666666666666667,60,56658677.125,Lower,True,Risk On,True,28.67142857142856,943.0179999999999,913.4275,0.013951170901838795,0.8442616970118678,False,False,No setup,Neutral,0,Not applicable,No directional setup; confirmation score not applicable.,Narrow CPR,Not applicable,Not applicable,Narrow CPR; Wide CPR rules not applied,0,0,0,0
2026-09-18,2026-09-18,CM,NSE,STK,1041,INE183A01024,FINPIPE,EQ,,,,,FINOLEX INDUSTRIES LTD,154.0,156.0,153.03,154.63,154.0,154.43,,154.63,,,484153,74901053.52,13954,F1,1,,,,,,Cash Only,Unclassified,False,154.5533333333333,154.515,154.59166666666664,154.59166666666664,154.515,0.07666666666665378,0.04958071956713043,Narrow,Bullish,Above CPR,True,False,0.11666666666666667,60,67710440.705,Higher,True,Risk On,True,4.0228571428571405,161.33620000000002,167.6085,0.01905776515151196,1.1061965147491504,False,False,No setup,Neutral,0,Not applicable,No directional setup; confirmation score not applicable.,Narrow CPR,Not applicable,Not applicable,Narrow CPR; Wide CPR rules not applied,0,0,0,0
2026-09-18,2026-09-18,CM,NSE,STK,25340,INE590L01019,VASWANI,EQ,,,,,VASWANI IND LTD,44.7,48.47,44.4,46.47,48.47,44.61,,46.53,,,52340,2370603.74,455,F1,1,,,,,,Cash Only,Unclassified,False,46.446666666666665,46.435,46.45833333333333,46.45833333333333,46.435,0.023333333333326323,0.05021160605406999,Narrow,Bullish,Above CPR,True,False,0.13333333333333333,60,875218.16,Higher,True,Risk On,True,2.406428571428571,49.8984,53.1505,0.009696250123673748,2.7085860969795235,False,False,No setup,Neutral,0,Not applicable,No directional setup; confirmation score not applicable.,Narrow CPR,Not applicable,Not applicable,Narrow CPR; Wide CPR rules not applied,0,0,0,0
2026-09-18,2026-09-18,CM,NSE,STK,4410,INE048B01035,JAGSNPHARM,EQ,,,,,JAGSONPAL PHARMACEUTICALS,228.78,230.49,226.0,228.42,227.95,227.24,,228.41,,,48985,11159915.57,1670,F1,1,,,,,,Cash Only,Unclassified,False,228.3033333333333,228.245,228.36166666666662,228.36166666666662,228.245,0.1166666666666174,0.05107550418816978,Narrow,Bullish,Above CPR,True,False,0.03333333333333333,60,16145120.99,Higher,True,Risk On,True,8.405,232.02699999999996,222.96130000000002,0.0138806266111383,0.691225267182095,False,True,No setup,Neutral,0,Not applicable,No directional setup; confirmation score not applicable.,Narrow CPR,Not applicable,Not applicable,Narrow CPR; Wide CPR rules not applied,0,0,0,0
2026-09-18,2026-09-18,CM,NSE,STK,759256,INE965W01036,BMWVENTLTD,EQ,,,,,BMW VENTURES LIMITED,50.77,53.4,50.32,51.9,51.0,50.22,,51.95,,,185490,9592515.1,1698,F1,1,,,,,,Cash Only,Unclassified,False,51.873333333333335,51.86,51.88666666666667,51.88666666666667,51.86,0.026666666666670835,0.051380860629423576,Narrow,Bullish,Above CPR,True,False,0.1,60,3507212.2350000003,Higher,True,Risk On,True,2.184285714285714,56.7504,58.63049999999999,0.012208415086114838,2.735082583332742,False,False,No setup,Neutral,0,Not applicable,No directional setup; confirmation score not applicable.,Narrow CPR,Not applicable,Not applicable,Narrow CPR; Wide CPR rules not applied,0,0,0,0
2026-09-18,2026-09-18,CM,NSE,STK,29482,INE613C01026,MCLOUD,EQ,,,,,MAGELLANIC CLOUD LIMITED,25.19,25.5,25.06,25.3,25.39,25.19,,25.29,,,881659,22295261.3,2827,F1,1,,,,,,Cash Only,Unclassified,False,25.286666666666665,25.28,25.29333333333333,25.29333333333333,25.28,0.013333333333328312,0.05270092226611981,Narrow,Bullish,Above CPR,True,False,0.05,60,68216562.935,Inside,True,Risk On,True,0.7421428571428572,27.9498,27.514499999999998,0.017965992941924577,0.3268306162133086,False,False,No setup,Neutral,0,Not applicable,No directional setup; confirmation score not applicable.,Narrow CPR,Not applicable,Not applicable,Narrow CPR; Wide CPR rules not applied,0,0,0,0
2026-09-18,2026-09-18,CM,NSE,STK,19126,INE880L01014,KIOCL,EQ,,,,,KIOCL LIMITED,337.7,344.75,336.0,340.65,341.5,337.7,,340.59,,,77819,26475057.45,3538,F1,1,,,,,,Cash Only,Unclassified,False,340.46666666666664,340.375,340.5583333333333,340.5583333333333,340.375,0.18333333333328028,0.05381867997454287,Narrow,Bullish,Above CPR,True,False,0.08333333333333333,60,27585229.375,Higher,True,Risk On,True,11.660714285714274,374.593,385.221,0.015722307299638142,0.9597548416252747,False,False,No setup,Neutral,0,Not applicable,No directional setup; confirmation score not applicable.,Narrow CPR,Not applicable,Not applicable,Narrow CPR; Wide CPR rules not applied,0,0,0,0
2026-09-18,2026-09-18,CM,NSE,STK,13086,INE212H01026,AIAENG,EQ,,,,,AIA ENGINEERING LIMITED,3967.5,4039.8,3900.0,3973.3,4000.0,3983.4,,3973.27,,,75514,298507791.8,18044,F1,1,,,,,,Cash Only,Capital Goods,True,3971.0333333333333,3969.9,3972.1666666666665,3972.1666666666665,3969.9,2.266666666666424,0.057047458451826544,Narrow,Bullish,Above CPR,True,False,0.03333333333333333,60,223528797.0,Higher,True,Risk On,True,119.53571428571425,4440.03,4402.129,0.018962254755500417,1.3354332676876528,False,False,No setup,Neutral,0,Not applicable,No directional setup; confirmation score not applicable.,Narrow CPR,Not applicable,Not applicable,Narrow CPR; Wide CPR rules not applied,0,0,0,0
2026-09-18,2026-09-18,CM,NSE,STK,2259,INE083A01026,MOREPENLAB,EQ,,,,,MOREPEN LAB. LTD,120.6,123.45,118.14,120.9,120.8,120.56,,120.9,,,16816327,2028617945.31,66306,F1,1,,,,,,Cash Only,Unclassified,False,120.83,120.795,120.865,120.865,120.795,0.06999999999999318,0.05789909015714902,Narrow,Bullish,Above CPR,True,False,0.03333333333333333,60,1135642882.87,Higher,True,Risk On,True,8.645000000000001,84.6204,66.4211,0.008097165991902043,1.786316786649753,True,True,No setup,Neutral,0,Not applicable,No directional setup; confirmation score not applicable.,Narrow CPR,Not applicable,Not applicable,Narrow CPR; Wide CPR rules not applied,0,0,0,0
2026-09-18,2026-09-18,CM,NSE,STK,7229,INE860A01027,HCLTECH,EQ,,,,,HCL TECHNOLOGIES LTD,1258.3,1260.8,1235.6,1249.3,1249.3,1258.3,,1249.25,,,2886447,3593799548.9,68284,F1,1,,,,,,F&O + Cash,Information Technology,True,1248.5666666666666,1248.1999999999998,1248.9333333333334,1248.9333333333334,1248.1999999999998,0.7333333333335759,0.058699538408194654,Narrow,Bullish,Above CPR,True,False,0.03333333333333333,60,3723038613.55,Inside,True,Risk On,True,38.42857142857141,1290.3519999999999,1221.368,0.019083023543996408,0.9652866708984338,False,True,No setup,Neutral,0,Not applicable,No directional setup; confirmation score not applicable.,Narrow CPR,Not applicable,Not applicable,Narrow CPR; Wide CPR rules not applied,0,0,0,0
2026-09-18,2026-09-18,CM,NSE,STK,13342,INE051B01021,VAKRANGEE,EQ,,,,,VAKRANGEE LIMITED,5.25,5.34,5.25,5.3,5.27,5.25,,5.3,,,1102478,5840587.84,1371,F1,1,,,,,,Cash Only,Unclassified,False,5.296666666666667,5.295,5.298333333333334,5.298333333333334,5.295,0.0033333333333338544,0.06289308176101611,Narrow,Bullish,Above CPR,True,False,0.25,60,5747500.66,Higher,True,Risk On,True,0.1735714285714285,5.8392,6.1229000000000005,0.019204389574762955,1.0161961147125818,False,False,No setup,Neutral,0,Not applicable,No directional setup; confirmation score not applicable.,Narrow CPR,Not applicable,Not applicable,Narrow CPR; Wide CPR rules not applied,0,0,0,0
2026-09-18,2026-09-18,CM,NSE,STK,14501,INE050E01027,BALAMINES,EQ,,,,,BALAJI AMINES LIMITED,2155.0,2196.8,2142.1,2171.5,2169.0,2148.9,,2171.47,,,97030,210956024.9,10157,F1,1,,,,,,Cash Only,Unclassified,False,2170.133333333333,2169.45,2170.8166666666666,2170.8166666666666,2169.45,1.366666666666788,0.0629365262107662,Narrow,Bullish,Above CPR,True,False,0.05,60,414471125.55,Higher,True,Risk On,True,114.29999999999998,2247.114,2063.7085,0.011956838728493334,0.5089764084773408,False,True,No setup,Neutral,0,Not applicable,No directional setup; confirmation score not applicable.,Narrow CPR,Not applicable,Not applicable,Narrow CPR; Wide CPR rules not applied,0,0,0,0
2026-09-18,2026-09-18,CM,NSE,STK,15259,INE614G01033,RPOWER,EQ,,,,,RELIANCE POWER LTD.,21.05,21.32,20.9,21.13,21.17,21.05,,21.13,,,21881312,462232543.0,31766,F1,1,,,,,,Cash Only,Power,True,21.116666666666664,21.11,21.123333333333328,21.123333333333328,21.11,0.013333333333328312,0.06310143555763517,Narrow,Bullish,Above CPR,True,False,0.08333333333333333,60,410942637.17999995,Higher,True,Risk On,True,0.6071428571428564,23.066800000000004,25.0058,0.021960784313717247,1.124810377847296,False,False,No setup,Neutral,0,Not applicable,No directional setup; confirmation score not applicable.,Narrow CPR,Not applicable,Not applicable,Narrow CPR; Wide CPR rules not applied,0,0,0,0
2026-09-18,2026-09-18,CM,NSE,STK,2331,INE854B01010,JAYNECOIND,EQ,,,,,JAYASWAL NECO INDUSTR LTD,89.08,89.75,88.6,89.26,89.7,88.94,,89.27,,,1630439,145247540.71,10171,F1,1,,,,,,Cash Only,Unclassified,False,89.20333333333333,89.175,89.23166666666667,89.23166666666667,89.175,0.05666666666667197,0.06348495033236833,Narrow,Bullish,Above CPR,True,False,0.05,60,294186497.755,Higher,True,Risk On,True,3.6114285714285734,91.6292,94.72370000000001,0.015690928270043654,0.49372606091175164,False,False,No setup,Neutral,0,Not applicable,No directional setup; confirmation score not applicable.,Narrow CPR,Not applicable,Not applicable,Narrow CPR; Wide CPR rules not applied,0,0,0,0
2026-09-18,2026-09-18,CM,NSE,STK,13710,INE737H01014,FIEMIND,EQ,,,,,FIEM INDUSTRIES LIMITED,1907.0,1963.9,1907.0,1937.3,1931.0,1900.9,,1937.31,,,71600,139213484.5,10107,F1,1,,,,,,Cash Only,Unclassified,False,1936.0666666666666,1935.45,1936.6833333333332,1936.6833333333332,1935.45,1.2333333333331211,0.06366248558989941,Narrow,Bullish,Above CPR,True,False,0.06666666666666667,60,109186466.35,Higher,True,Risk On,True,56.93571428571425,2230.774,2240.449,0.021661857567010046,1.2750067765152107,False,False,No setup,Neutral,0,Not applicable,No directional setup; confirmation score not applicable.,Narrow CPR,Not applicable,Not applicable,Narrow CPR; Wide CPR rules not applied,0,0,0,0
2026-09-18,2026-09-18,CM,NSE,STK,10726,INE933S01016,INDIAMART,EQ,,,,,INDIAMART INTERMESH LTD,1651.4,1667.0,1622.4,1646.3,1650.0,1662.7,,1646.27,,,709316,1165553360.8,33856,F1,1,,,,,,Cash Only,Consumer Services,True,1645.2333333333333,1644.7,1645.7666666666667,1645.7666666666667,1644.7,1.066666666666606,0.06479175524914087,Narrow,Bullish,Above CPR,True,False,0.13333333333333333,60,171306587.45,Lower,True,Risk On,True,48.121428571428574,1774.5279999999998,1890.256,0.022166147147591634,6.803902746239663,False,False,No setup,Neutral,0,Not applicable,No directional setup; confirmation score not applicable.,Narrow CPR,Not applicable,Not applicable,Narrow CPR; Wide CPR rules not applied,0,0,0,0
2026-09-18,2026-09-18,CM,NSE,STK,559,INE594B01012,BSL,EQ,,,,,BSL LTD,116.8,119.49,116.8,118.26,118.26,117.32,,118.26,,,3489,413494.86,70,F1,1,,,,,,Cash Only,Unclassified,False,118.18333333333334,118.145,118.22166666666668,118.22166666666668,118.145,0.0766666666666822,0.06482890805570962,Narrow,Bullish,Above CPR,True,False,0.08333333333333333,60,335485.09,Inside,True,Risk On,True,4.053571428571426,123.5756,125.1735,0.0189133627019128,1.2325282771881156,False,False,No setup,Neutral,0,Not applicable,No directional setup; confirmation score not applicable.,Narrow CPR,Not applicable,Not applicable,Narrow CPR; Wide CPR rules not applied,0,0,-2,-2
2026-09-18,2026-09-18,CM,NSE,STK,25941,INE497S01012,GODAVARIB,EQ,,,,,GODAVARI BIOREFINERIES L,242.41,243.0,238.55,241.01,242.98,243.31,,241.0,,,80755,19440537.66,2357,F1,1,,,,,,Cash Only,Unclassified,False,240.85333333333332,240.775,240.93166666666664,240.93166666666664,240.775,0.15666666666663787,0.065004218358839,Narrow,Bullish,Above CPR,True,False,0.1,60,25457509.6,Lower,True,Risk On,True,10.306428571428567,252.7318,272.2769,0.015200868621061273,0.7636464825294615,False,False,No setup,Neutral,0,Not applicable,No directional setup; confirmation score not applicable.,Narrow CPR,Not applicable,Not applicable,Narrow CPR; Wide CPR rules not applied,0,0,0,0
2026-09-18,2026-09-18,CM,NSE,STK,4911,INE414A01015,MADRASFERT,EQ,,,,,MADRAS FERTILISERS LTD,61.4,61.64,60.8,61.28,61.64,61.16,,61.27,,,22335,1367623.65,381,F1,1,,,,,,Cash Only,Unclassified,False,61.24,61.22,61.260000000000005,61.260000000000005,61.22,0.04000000000000625,0.06527415143604154,Narrow,Bullish,Above CPR,True,False,0.05,60,3123974.45,Higher,True,Risk On,True,1.7385714285714293,65.84100000000001,67.2334,0.023007395234186004,0.43778323795189805,False,False,No setup,Neutral,0,Not applicable,No directional setup; confirmation score not applicable.,Narrow CPR,Not applicable,Not applicable,Narrow CPR; Wide CPR rules not applied,0,0,0,0
2026-09-18,2026-09-18,CM,NSE,STK,18431,INE412U01025,BIGBLOC,EQ,,,,,BIGBLOC CONSTRUCTION LTD,39.8,40.92,39.8,40.4,40.5,39.45,,40.4,,,25873,1040330.9,341,F1,1,,,,,,Cash Only,Unclassified,False,40.373333333333335,40.36,40.38666666666667,40.38666666666667,40.36,0.026666666666670835,0.06600660066007633,Narrow,Bullish,Above CPR,True,False,0.03333333333333333,60,1877449.78,Higher,True,Risk On,True,1.6035714285714282,44.3042,47.8324,0.01662954714179919,0.5541191626441268,False,False,No setup,Neutral,0,Not applicable,No directional setup; confirmation score not applicable.,Narrow CPR,Not applicable,Not applicable,Narrow CPR; Wide CPR rules not applied,0,0,0,0
2026-09-18,2026-09-18,CM,NSE,STK,9111,INE955V01021,ARVINDFASN,EQ,,,,,ARVIND FASHIONS LIMITED,429.0,433.35,422.0,428.1,430.3,425.05,,428.15,,,132261,56568226.2,8713,F1,1,,,,,,Cash Only,Unclassified,False,427.81666666666666,427.675,427.9583333333333,427.9583333333333,427.675,0.283333333333303,0.06618391341586148,Narrow,Bullish,Above CPR,True,False,0.06666666666666667,60,94315977.725,Higher,True,Risk On,True,13.68928571428572,451.667,455.03350000000006,0.020697451952341458,0.5997735226255908,False,False,No setup,Neutral,0,Not applicable,No directional setup; confirmation score not applicable.,Narrow CPR,Not applicable,Not applicable,Narrow CPR; Wide CPR rules not applied,0,0,0,0
2026-09-18,2026-09-18,CM,NSE,STK,25984,INE679V01027,AVL,EQ,,,,,ADITYA VISION LIMITED,638.0,642.0,630.6,636.95,639.95,633.25,,636.96,,,147990,94201740.3,9352,F1,1,,,,,,Cash Only,Unclassified,False,636.5166666666667,636.3,636.7333333333333,636.7333333333333,636.3,0.43333333333339397,0.06803255095900683,Narrow,Bullish,Above CPR,True,False,0.08333333333333333,60,100155566.15,Higher,True,Risk On,True,20.385714285714293,617.1619999999999,595.3420000000001,0.02125671572062899,0.9405542190128191,True,True,No setup,Neutral,0,Not applicable,No directional setup; confirmation score not applicable.,Narrow CPR,Not applicable,Not applicable,Narrow CPR; Wide CPR rules not applied,0,0,-2,-2
2026-09-18,2026-09-18,CM,NSE,STK,4184,INE495C01010,SANGAMIND,EQ,,,,,SANGAM (INDIA) LTD,581.3,584.95,573.85,580.0,583.5,583.05,,580.05,,,9168,5308294.55,860,F1,1,,,,,,Cash Only,Unclassified,False,579.6,579.4000000000001,579.8,579.8,579.4000000000001,0.3999999999998636,0.06896551724135579,Narrow,Bullish,Above CPR,True,False,0.05,60,13177356.5,Inside,True,Risk On,True,16.639285714285716,594.628,559.9265,0.0240394934535226,0.40283455562578124,False,True,No setup,Neutral,0,Not applicable,No directional setup; confirmation score not applicable.,Narrow CPR,Not applicable,Not applicable,Narrow CPR; Wide CPR rules not applied,0,0,0,0
2026-09-18,2026-09-18,CM,NSE,STK,756038,INE299N01021,WAAREERTL,EQ,,,,,WAAREE RENEWABLE TECH LTD,811.65,825.95,811.65,819.65,820.5,811.05,,819.69,,,93649,76670031.2,7794,F1,1,,,,,,Cash Only,Unclassified,False,819.0833333333334,818.8,819.3666666666668,819.3666666666668,818.8,0.5666666666668334,0.06913519998375324,Narrow,Bullish,Above CPR,True,False,0.2,60,109560726.3,Higher,True,Risk On,True,17.696428571428605,902.435,944.995,0.032021527077035934,0.6997948424516788,False,False,No setup,Neutral,0,Not applicable,No directional setup; confirmation score not applicable.,Narrow CPR,Not applicable,Not applicable,Narrow CPR; Wide CPR rules not applied,0,0,-2,-2
2026-09-18,2026-09-18,CM,NSE,STK,17357,INE528A01020,GKWLIMITED,EQ,,,,,GKW LIMITED,1604.9,1604.9,1566.0,1587.1,1598.6,1604.9,,1587.1,,,208,329799.6,30,F1,1,,,,,,Cash Only,Unclassified,False,1586.0,1585.45,1586.55,1586.55,1585.45,1.099999999999909,0.06930880221787596,Narrow,Bullish,Above CPR,True,False,0.13333333333333333,60,476088.7,Lower,True,Risk On,True,57.76428571428575,1627.0379999999998,1682.773,0.019042908371458785,0.6927272165880013,False,False,No setup,Neutral,0,Not applicable,No directional setup; confirmation score not applicable.,Narrow CPR,Not applicable,Not applicable,Narrow CPR; Wide CPR rules not applied,0,0,0,0
2026-09-18,2026-09-18,CM,NSE,STK,2492,INE01II01013,SILGO,EQ,,,,,SILGO RETAIL LIMITED,69.46,71.99,69.46,70.8,70.33,70.18,,70.8,,,50168,3525651.52,427,F1,1,,,,,,Cash Only,Unclassified,False,70.75,70.725,70.775,70.775,70.725,0.05000000000001137,0.07062146892656973,Narrow,Bullish,Above CPR,True,False,0.08333333333333333,60,12013310.96,Inside,True,Risk On,True,3.0799999999999983,71.7518,74.3527,0.016233766233769934,0.29347875300482523,False,False,No setup,Neutral,0,Not applicable,No directional setup; confirmation score not applicable.,Narrow CPR,Not applicable,Not applicable,Narrow CPR; Wide CPR rules not applied,0,0,0,0
2026-09-18,2026-09-18,CM,NSE,STK,6125,INE127I01024,GOODLUCK,EQ,,,,,GOODLUCK INDIA LIMITED,509.9,523.5,509.9,517.25,517.0,509.75,,517.24,,,363708,188724348.3,10306,F1,1,,,,,,Cash Only,Unclassified,False,516.8833333333333,516.7,517.0666666666666,517.0666666666666,516.7,0.36666666666656056,0.07088770742707792,Narrow,Bullish,Above CPR,True,False,0.08333333333333333,60,254994133.75,Higher,True,Risk On,True,23.257142857142846,1082.8809999999999,1229.387,0.015765765765761212,0.7401125097451384,False,False,No setup,Neutral,0,Not applicable,No directional setup; confirmation score not applicable.,Narrow CPR,Not applicable,Not applicable,Narrow CPR; Wide CPR rules not applied,0,0,0,0
2026-09-18,2026-09-18,CM,NSE,STK,13821,INE803H01014,RUCHIRA,EQ,,,,,RUCHIRA PAPERS LIMITED,108.9,109.44,108.0,108.84,108.1,107.45,,108.84,,,25087,2728379.16,719,F1,1,,,,,,Cash Only,Unclassified,False,108.75999999999999,108.72,108.79999999999998,108.79999999999998,108.72,0.07999999999998408,0.07350238882762228,Narrow,Bullish,Above CPR,True,False,0.13333333333333333,60,2799140.2249999996,Higher,True,Risk On,True,3.6278571428571444,106.22720000000001,110.6103,0.022051584957664436,0.9747204286630551,True,False,No setup,Neutral,0,Not applicable,No directional setup; confirmation score not applicable.,Narrow CPR,Not applicable,Not applicable,Narrow CPR; Wide CPR rules not applied,0,0,0,0
2026-09-18,2026-09-18,CM,NSE,STK,22,INE012A01025,ACC,EQ,,,,,ACC LIMITED,1236.6,1279.9,1236.6,1259.7,1272.0,1232.5,,1259.8,,,386560,485295987.1,18583,F1,1,,,,,,Cash Only,Construction Materials,True,1258.7333333333333,1258.25,1259.2166666666667,1259.2166666666667,1258.25,0.966666666666697,0.07673784763568285,Narrow,Bullish,Above CPR,True,False,0.2,60,169252031.0,Higher,True,Risk On,True,23.58571428571432,1322.39,1343.5330000000001,0.04098526145770363,2.8672978648037613,False,False,No setup,Neutral,0,Not applicable,No directional setup; confirmation score not applicable.,Narrow CPR,Not applicable,Not applicable,Narrow CPR; Wide CPR rules not applied,0,0,0,0
2026-09-18,2026-09-18,CM,NSE,STK,28662,INE284H01025,DAMCAPITAL,EQ,,,,,DAM CAPITAL ADVISORS LTD,137.0,139.0,136.52,137.92,138.1,136.73,,137.9,,,176661,24309790.63,2089,F1,1,,,,,,Cash Only,Unclassified,False,137.8133333333333,137.76,137.86666666666662,137.86666666666662,137.76,0.1066666666666265,0.07733952049494382,Narrow,Bullish,Above CPR,True,False,0.06666666666666667,60,32526115.52,Overlapping,True,Risk On,True,4.023571428571431,150.2718,151.3004,0.026510444404984377,0.7473929868770263,False,False,No setup,Neutral,0,Not applicable,No directional setup; confirmation score not applicable.,Narrow CPR,Not applicable,Not applicable,Narrow CPR; Wide CPR rules not applied,0,-2,0,-2
2026-09-18,2026-09-18,CM,NSE,STK,4344,INE277B01014,PUNJABCHEM,EQ,,,,,PUNJAB CHEM & CROP PROT L,1063.4,1090.9,1058.0,1075.7,1073.0,1062.7,,1075.66,,,8955,9615754.4,668,F1,1,,,,,,Cash Only,Unclassified,False,1074.8666666666668,1074.45,1075.2833333333335,1075.2833333333335,1074.45,0.8333333333334849,0.0774689349570963,Narrow,Bullish,Above CPR,True,False,0.16666666666666666,60,7908919.199999999,Higher,True,Risk On,True,31.57142857142858,1119.416,1081.8815,0.026395173454001778,1.215811434765954,False,False,No setup,Neutral,0,Not applicable,No directional setup; confirmation score not applicable.,Narrow CPR,Not applicable,Not applicable,Narrow CPR; Wide CPR rules not applied,0,0,-2,-2
2026-09-18,2026-09-18,CM,NSE,STK,14403,INE952H01027,RAJTV,EQ,,,,,RAJ TV NETWORK LTD,8.73,8.78,8.4,8.6,8.6,8.56,,8.6,,,26834,233565.74,132,F1,1,,,,,,Cash Only,Unclassified,False,8.593333333333334,8.59,8.596666666666668,8.596666666666668,8.59,0.006666666666667709,0.07751937984497335,Narrow,Bullish,Above CPR,True,False,0.06666666666666667,60,358686.14,Higher,True,Risk On,True,0.542142857142857,10.33,13.5305,0.012296881862101178,0.6511702403666894,False,False,No setup,Neutral,0,Not applicable,No directional setup; confirmation score not applicable.,Narrow CPR,Not applicable,Not applicable,Narrow CPR; Wide CPR rules not applied,0,0,0,0
2026-09-18,2026-09-18,CM,NSE,STK,6818,INE0I7C01011,LATENTVIEW,EQ,,,,,LATENT VIEW ANALYTICS LTD,256.05,256.5,253.6,255.35,255.95,255.0,,255.35,,,254240,64864189.05,5820,F1,1,,,,,,Cash Only,Information Technology,True,255.15,255.05,255.25,255.25,255.05,0.19999999999998863,0.07832386919913399,Narrow,Bullish,Above CPR,True,False,0.2,60,142336004.95,Higher,True,Risk On,True,7.407142857142863,285.476,293.64,0.027000964320152736,0.45571174400170633,False,False,No setup,Neutral,0,Not applicable,No directional setup; confirmation score not applicable.,Narrow CPR,Not applicable,Not applicable,Narrow CPR; Wide CPR rules not applied,0,0,0,0
2026-09-18,2026-09-18,CM,NSE,STK,29124,INE785M01021,PCJEWELLER,EQ,,,,,PC JEWELLER LTD,12.51,13.04,12.37,12.72,12.7,12.35,,12.72,,,332313201,4214359296.96,184887,F1,1,,,,,,Cash Only,Unclassified,False,12.709999999999999,12.704999999999998,12.715,12.715,12.704999999999998,0.010000000000001563,0.07861635220127015,Narrow,Bullish,Above CPR,True,False,0.08333333333333333,60,3568881289.425,Higher,True,Risk On,True,0.9421428571428571,10.5976,9.811399999999999,0.0106141015921169,1.180862840534266,True,True,No setup,Neutral,0,Not applicable,No directional setup; confirmation score not applicable.,Narrow CPR,Not applicable,Not applicable,Narrow CPR; Wide CPR rules not applied,0,-2,0,-2
2026-09-18,2026-09-18,CM,NSE,STK,20642,INE247D01039,JINDWORLD,EQ,,,,,JINDAL WORLDWIDE LTD,49.4,51.5,47.78,49.7,49.89,49.0,,49.68,,,11061999,557097192.41,28016,F1,1,,,,,,Cash Only,Unclassified,False,49.660000000000004,49.64,49.68000000000001,49.68000000000001,49.64,0.04000000000000625,0.08048289738431841,Narrow,Bullish,Above CPR,True,False,0.15,60,226096935.29000002,Inside,True,Risk On,True,4.962142857142857,39.8588,34.308,0.008061033539658665,2.4639749835416707,True,True,No setup,Neutral,0,Not applicable,No directional setup; confirmation score not applicable.,Narrow CPR,Not applicable,Not applicable,Narrow CPR; Wide CPR rules not applied,0,0,0,0
2026-09-18,2026-09-18,CM,NSE,STK,27303,INE735M01018,SAMPANN,EQ,,,,,SAMPANN UTPADAN INDIA LTD,24.32,25.38,23.9,24.67,24.95,24.26,,24.67,,,30068,733162.65,187,F1,1,,,,,,Cash Only,Unclassified,False,24.650000000000002,24.64,24.660000000000004,24.660000000000004,24.64,0.020000000000003126,0.08107012565870743,Narrow,Bullish,Above CPR,True,False,0.016666666666666666,60,449376.23,Higher,True,Risk On,True,1.269285714285714,26.243399999999998,26.8684,0.015756893640970392,1.6315118625655836,False,False,No setup,Neutral,0,Not applicable,No directional setup; confirmation score not applicable.,Narrow CPR,Not applicable,Not applicable,Narrow CPR; Wide CPR rules not applied,0,0,0,0
2026-09-18,2026-09-18,CM,NSE,STK,31163,INE743M01012,RHIM,EQ,,,,,RHI MAGNESITA INDIA LTD,365.95,371.5,365.0,368.7,371.0,365.95,,368.68,,,154535,56940840.55,6659,F1,1,,,,,,Cash Only,Capital Goods,True,368.40000000000003,368.25,368.55000000000007,368.55000000000007,368.25,0.3000000000000682,0.08136696501222355,Narrow,Bullish,Above CPR,True,False,0.1,60,125663164.94999999,Higher,True,Risk On,True,8.592857142857136,388.19100000000003,388.362,0.03491271820449674,0.4531227633225388,False,False,No setup,Neutral,0,Not applicable,No directional setup; confirmation score not applicable.,Narrow CPR,Not applicable,Not applicable,Narrow CPR; Wide CPR rules not applied,0,0,0,0
2026-09-18,2026-09-18,CM,NSE,STK,14043,INE453D01025,SARLAPOLY,EQ,,,,,SARLA PERF. FIBERS LTD,97.36,98.25,96.47,97.48,97.99,96.49,,97.48,,,23691,2305518.61,346,F1,1,,,,,,Cash Only,Unclassified,False,97.39999999999999,97.36,97.43999999999998,97.43999999999998,97.36,0.07999999999998408,0.08206811653670915,Narrow,Bullish,Above CPR,True,False,0.08333333333333333,60,4963566.52,Higher,True,Risk On,True,3.4757142857142855,100.4888,99.0027,0.02301685162350549,0.4644883070893145,False,False,No setup,Neutral,0,Not applicable,No directional setup; confirmation score not applicable.,Narrow CPR,Not applicable,Not applicable,Narrow CPR; Wide CPR rules not applied,0,-2,0,-2
2026-09-18,2026-09-18,CM,NSE,STK,3772,INE210A01017,WILLAMAGOR,EQ,,,,,WILLIAMSON MAGOR,25.25,25.25,23.41,24.36,24.0,24.11,,24.36,,,939,22763.91,68,F1,1,,,,,,Cash Only,Unclassified,False,24.34,24.33,24.35,24.35,24.33,0.020000000000003126,0.08210180623975011,Narrow,Bullish,Above CPR,True,False,0.03333333333333333,60,38287.545,Inside,True,Risk On,True,1.5607142857142862,25.110599999999998,26.0957,0.012814645308926485,0.5945513090484125,False,False,No setup,Neutral,0,Not applicable,No directional setup; confirmation score not applicable.,Narrow CPR,Not applicable,Not applicable,Narrow CPR; Wide CPR rules not applied,0,0,0,0
2026-09-18,2026-09-18,CM,NSE,STK,17547,INE098F01031,AMRUTANJAN,EQ,,,,,AMRUTAJAN HEALTH LTD,490.25,497.0,489.35,493.8,495.0,491.0,,493.79,,,19221,9482349.4,1254,F1,1,,,,,,Cash Only,Unclassified,False,493.3833333333334,493.175,493.59166666666675,493.59166666666675,493.175,0.41666666666674246,0.08437964088026377,Narrow,Bullish,Above CPR,True,False,0.15,60,25934279.825,Higher,True,Risk On,True,13.567857142857138,513.881,533.4385,0.030709835921739388,0.3656299486234143,False,False,No setup,Neutral,0,Not applicable,No directional setup; confirmation score not applicable.,Narrow CPR,Not applicable,Not applicable,Narrow CPR; Wide CPR rules not applied,0,0,0,0
2026-09-18,2026-09-18,CM,NSE,STK,21749,INE264T01014,CAPACITE,EQ,,,,,CAPACITE INFRAPROJECT LTD,191.9,199.02,191.9,195.71,195.8,192.73,,195.71,,,235892,46357718.7,4594,F1,1,,,,,,Cash Only,Unclassified,False,195.54333333333332,195.46,195.62666666666664,195.62666666666664,195.46,0.16666666666662877,0.08516001566942352,Narrow,Bullish,Above CPR,True,False,0.08333333333333333,60,77772257.685,Higher,True,Risk On,True,7.6035714285714295,213.30399999999997,225.2981,0.021919524033187435,0.5960701165158673,False,False,No setup,Neutral,0,Not applicable,No directional setup; confirmation score not applicable.,Narrow CPR,Not applicable,Not applicable,Narrow CPR; Wide CPR rules not applied,0,0,-2,-2
2026-09-18,2026-09-18,CM,NSE,STK,2866,INE027A01015,RCF,EQ,,,,,RASHTRIYA CHEMICALS & FER,109.9,110.28,107.6,109.08,109.15,109.84,,109.08,,,961339,104360164.37,9521,F1,1,,,,,,Cash Only,Unclassified,False,108.98666666666666,108.94,109.03333333333333,109.03333333333333,108.94,0.09333333333333371,0.08556411196675258,Narrow,Bullish,Above CPR,True,False,0.08333333333333333,60,100792386.66499999,Lower,True,Risk On,True,2.9292857142857147,121.6494,125.46459999999999,0.03186214744371304,1.035397293615619,False,False,No setup,Neutral,0,Not applicable,No directional setup; confirmation score not applicable.,Narrow CPR,Not applicable,Not applicable,Narrow CPR; Wide CPR rules not applied,0,0,0,0
2026-09-18,2026-09-18,CM,NSE,STK,14582,INE917H01012,SRHHYPOLTD,EQ,,,,,SREE RAYALSEEMA HHP LTD.,521.0,525.05,519.8,523.1,519.8,517.6,,523.1,,,26767,14000002.5,708,F1,1,,,,,,Cash Only,Unclassified,False,522.65,522.425,522.875,522.875,522.425,0.4500000000000455,0.08602561651692706,Narrow,Bullish,Above CPR,True,False,0.15,60,4118257.925,Higher,True,Risk On,True,18.92857142857142,495.462,500.95200000000006,0.02377358490566279,3.399496280942627,True,True,No setup,Neutral,0,Not applicable,No directional setup; confirmation score not applicable.,Narrow CPR,Not applicable,Not applicable,Narrow CPR; Wide CPR rules not applied,0,0,0,0
2026-09-18,2026-09-18,CM,NSE,STK,811,INE499A01024,DCMSHRIRAM,EQ,,,,,DCM SHRIRAM LIMITED,990.0,1005.0,982.4,995.0,1003.0,984.0,,995.22,,,69400,68952093.3,4595,F1,1,,,,,,Cash Only,Diversified,True,994.1333333333333,993.7,994.5666666666666,994.5666666666666,993.7,0.8666666666665606,0.08710217755442819,Narrow,Bullish,Above CPR,True,False,0.08333333333333333,60,69857995.85,Higher,True,Risk On,True,22.01428571428571,1024.75,1056.84,0.03936837551373086,0.9870322281797898,False,False,No setup,Neutral,0,Not applicable,No directional setup; confirmation score not applicable.,Narrow CPR,Not applicable,Not applicable,Narrow CPR; Wide CPR rules not applied,0,0,0,0
2026-09-18,2026-09-18,CM,NSE,STK,4907,INE510A01028,ENGINERSIN,EQ,,,,,ENGINEERS INDIA LTD,265.0,268.5,263.5,266.35,267.0,263.75,,266.35,,,1732303,461245106.7,27786,F1,1,,,,,,Cash Only,Construction,True,266.1166666666667,266.0,266.23333333333335,266.23333333333335,266.0,0.2333333333333485,0.0876040297853758,Narrow,Bullish,Above CPR,True,False,0.11666666666666667,60,476894292.745,Higher,True,Risk On,True,10.720714285714289,245.98660000000004,244.0737,0.02176471894641134,0.9671852100495407,True,True,No setup,Neutral,0,Not applicable,No directional setup; confirmation score not applicable.,Narrow CPR,Not applicable,Not applicable,Narrow CPR; Wide CPR rules not applied,0,0,0,0
2026-09-18,2026-09-18,CM,NSE,STK,7413,INE830Q01018,MANAKCOAT,EQ,,,,,MAN COAT METAL & IND LTD,129.7,130.6,127.5,129.22,128.02,129.69,,129.22,,,281064,36315809.45,3277,F1,1,,,,,,Cash Only,Unclassified,False,129.10666666666668,129.05,129.16333333333336,129.16333333333336,129.05,0.11333333333334394,0.08770572150854662,Narrow,Bullish,Above CPR,True,False,0.1,60,47623235.745000005,Inside,True,Risk On,True,5.623571428571428,122.85580000000002,115.1805,0.020153266438039063,0.7625649303725194,True,True,No setup,Neutral,0,Not applicable,No directional setup; confirmation score not applicable.,Narrow CPR,Not applicable,Not applicable,Narrow CPR; Wide CPR rules not applied,0,0,0,0
2026-09-18,2026-09-18,CM,NSE,STK,3748,INE080A01014,WEIZMANIND,EQ,,,,,WEIZMANN LTD,71.27,71.5,71.27,71.48,71.5,71.24,,71.48,,,282,20103.62,5,F1,1,,,,,,Cash Only,Unclassified,False,71.41666666666667,71.38499999999999,71.44833333333335,71.44833333333335,71.38499999999999,0.063333333333361,0.08860287259843452,Narrow,Bullish,Above CPR,True,False,0.15,60,83845.13,Lower,True,Risk On,True,2.7935714285714277,76.2662,79.9601,0.022671098610765897,0.23977087279845588,False,False,No setup,Neutral,0,Not applicable,No directional setup; confirmation score not applicable.,Narrow CPR,Not applicable,Not applicable,Narrow CPR; Wide CPR rules not applied,0,0,0,0
2026-09-18,2026-09-18,CM,NSE,STK,758973,INE01R501028,VIKRAN,EQ,,,,,VIKRAN ENGINEERING LTD,56.25,56.68,55.79,56.31,56.48,56.0,,56.31,,,526119,29560085.96,2952,F1,1,,,,,,Cash Only,Unclassified,False,56.26,56.235,56.285,56.285,56.235,0.04999999999999716,0.08879417510210826,Narrow,Bullish,Above CPR,True,False,0.11666666666666667,60,78710918.91,Inside,True,Risk On,True,1.7142857142857142,65.5716,68.7404,0.02916666666666501,0.375552545559781,False,False,No setup,Neutral,0,Not applicable,No directional setup; confirmation score not applicable.,Narrow CPR,Not applicable,Not applicable,Narrow CPR; Wide CPR rules not applied,0,0,0,0
2026-09-18,2026-09-18,CM,NSE,STK,24014,INE02L001032,BOROSCI,EQ,,,,,BOROSIL SCIENTIFIC LTD,118.29,121.8,117.0,119.56,120.0,118.29,,119.56,,,21927,2609518.32,799,F1,1,,,,,,Cash Only,Unclassified,False,119.45333333333333,119.4,119.50666666666666,119.50666666666666,119.4,0.10666666666665492,0.08921601427455245,Narrow,Bullish,Above CPR,True,False,0.15,60,10053916.045,Higher,True,Risk On,True,5.520714285714283,139.321,141.3769,0.019321171346010732,0.2595524279614173,False,False,No setup,Neutral,0,Not applicable,No directional setup; confirmation score not applicable.,Narrow CPR,Not applicable,Not applicable,Narrow CPR; Wide CPR rules not applied,0,0,0,0
2026-09-18,2026-09-18,CM,NSE,STK,7603,INE925R01014,CMSINFO,EQ,,,,,CMS INFO SYSTEMS LIMITED,231.15,232.72,228.52,230.93,230.4,231.04,,230.92,,,952449,219670353.94,17354,F1,1,,,,,,Cash Only,Unclassified,False,230.72333333333336,230.62,230.8266666666667,230.8266666666667,230.62,0.20666666666670608,0.08949320862023387,Narrow,Bullish,Above CPR,True,False,0.13333333333333333,60,156791478.495,Lower,True,Risk On,True,8.202142857142855,256.5366,275.39779999999996,0.025196667537524045,1.4010350310396822,False,False,No setup,Neutral,0,Not applicable,No directional setup; confirmation score not applicable.,Narrow CPR,Not applicable,Not applicable,Narrow CPR; Wide CPR rules not applied,0,0,0,0
2026-09-18,2026-09-18,CM,NSE,STK,20323,INE688D01026,RESPONIND,EQ,,,,,RESPONSIVE INDUSTRIES LTD,159.08,160.93,157.0,159.18,159.7,163.4,,159.19,,,195728,31207706.15,3502,F1,1,,,,,,Cash Only,Unclassified,False,159.03666666666666,158.965,159.10833333333332,159.10833333333332,158.965,0.14333333333331666,0.09004481299994764,Narrow,Bullish,Above CPR,True,False,0.08333333333333333,60,21380843.104999997,Lower,True,Risk On,True,10.172142857142859,168.0032,174.17010000000002,0.014090770779203938,1.4596106428890987,False,False,No setup,Neutral,0,Not applicable,No directional setup; confirmation score not applicable.,Narrow CPR,Not applicable,Not applicable,Narrow CPR; Wide CPR rules not applied,0,0,0,0
2026-09-18,2026-09-18,CM,NSE,STK,765568,INE0I1B01016,PERNIASPOP,EQ,,,,,PURPLE STYLE LABS LIMITED,554.4,554.4,537.0,546.45,547.0,554.5,,546.45,,,102495,55707210.0,4434,F1,1,,,,,,Cash Only,Unclassified,False,545.95,545.7,546.2,546.2,545.7,0.5,0.09149967975112086,Narrow,Bullish,Above CPR,True,False,0.1111111111111111,9,237347597.3,Lower,False,Risk On,False,,,,,0.23470728431089957,False,False,No setup,Neutral,0,Not applicable,No directional setup; confirmation score not applicable.,Narrow CPR,Not applicable,Not applicable,Narrow CPR; Wide CPR rules not applied,0,0,0,0
2026-09-18,2026-09-18,CM,NSE,STK,1594,INE009A01021,INFY,EQ,,,,,INFOSYS LIMITED,1061.9,1061.9,1038.0,1051.4,1051.4,1058.6,,1051.4,,,22124953,23185450968.9,133181,F1,1,,,,,,F&O + Cash,Information Technology,True,1050.4333333333334,1049.95,1050.9166666666667,1050.9166666666667,1049.95,0.966666666666697,0.09194090419123996,Narrow,Bullish,Above CPR,True,False,0.11666666666666667,60,9963345080.65,Lower,True,Risk On,True,30.535714285714285,1113.826,1122.396,0.0316569200779737,2.327074971429917,False,False,No setup,Neutral,0,Not applicable,No directional setup; confirmation score not applicable.,Narrow CPR,Not applicable,Not applicable,Narrow CPR; Wide CPR rules not applied,0,0,0,0
2026-09-18,2026-09-18,CM,NSE,STK,17851,INE250K01012,DLINKINDIA,EQ,,,,,D-LINK INDIA LTD,427.8,434.8,424.1,430.05,433.9,424.6,,430.05,,,46171,19770521.4,2024,F1,1,,,,,,Cash Only,Unclassified,False,429.65000000000003,429.45000000000005,429.85,429.85,429.45000000000005,0.39999999999997726,0.09301244041390007,Narrow,Bullish,Above CPR,True,False,0.13333333333333333,60,44570648.425,Higher,True,Risk On,True,11.399999999999986,443.727,466.319,0.03508771929824366,0.4435771544420828,False,False,No setup,Neutral,0,Not applicable,No directional setup; confirmation score not applicable.,Narrow CPR,Not applicable,Not applicable,Narrow CPR; Wide CPR rules not applied,0,0,0,0
2026-09-18,2026-09-18,CM,NSE,STK,14942,INE245I01016,NAGREEKCAP,EQ,,,,,NAGREEKA CAP & INFR.LTD,29.0,29.0,27.3,28.19,28.0,27.92,,28.4,,,45262,1286114.04,260,F1,1,,,,,,Cash Only,Unclassified,False,28.16333333333333,28.15,28.176666666666662,28.176666666666662,28.15,0.02666666666666373,0.09459619250324132,Narrow,Bullish,Above CPR,True,False,0.1,60,126374.68000000001,Higher,True,Risk On,True,1.7892857142857135,24.8294,25.0488,0.014903526280770156,10.176991466961578,True,True,No setup,Neutral,0,Not applicable,No directional setup; confirmation score not applicable.,Narrow CPR,Not applicable,Not applicable,Narrow CPR; Wide CPR rules not applied,0,0,0,0
2026-09-18,2026-09-18,CM,NSE,STK,5359,INE08LI01020,KRSNAA,EQ,,,,,KRSNAA DIAGNOSTICS LTD,541.05,547.7,533.0,541.15,545.0,541.05,,541.2,,,121588,65397978.8,4851,F1,1,,,,,,Cash Only,Unclassified,False,540.6166666666667,540.35,540.8833333333333,540.8833333333333,540.35,0.533333333333303,0.09855554528934733,Narrow,Bullish,Above CPR,True,False,0.15,60,26362956.200000003,Lower,True,Risk On,True,19.61785714285714,552.031,554.737,0.02718611566235661,2.4806769887210143,False,False,No setup,Neutral,0,Not applicable,No directional setup; confirmation score not applicable.,Narrow CPR,Not applicable,Not applicable,Narrow CPR; Wide CPR rules not applied,0,0,0,0
2026-09-18,2026-09-18,CM,NSE,STK,757801,INE05J901018,IGCL,EQ,,,,,INDOGULF CROPSCIENCES LTD,66.22,68.75,65.15,67.05,67.5,66.22,,67.03,,,121706,8096483.49,1943,F1,1,,,,,,Cash Only,Unclassified,False,66.98333333333333,66.95,67.01666666666667,67.01666666666667,66.95,0.06666666666666288,0.0994282873477448,Narrow,Bullish,Above CPR,True,False,0.15,60,7926969.225,Higher,True,Risk On,True,2.8557142857142863,72.3516,67.52969999999999,0.023345005836250127,1.021384498941334,False,False,No setup,Neutral,0,Not applicable,No directional setup; confirmation score not applicable.,Narrow CPR,Not applicable,Not applicable,Narrow CPR; Wide CPR rules not applied,0,0,0,0
2026-09-18,2026-09-18,CM,NSE,STK,2513,INE412G01024,BCLIND,EQ,,,,,BCL INDUSTRIES LIMITED,33.12,33.39,32.63,33.06,33.0,33.17,,33.06,,,347328,11456882.54,2459,F1,1,,,,,,Cash Only,Unclassified,False,33.02666666666667,33.010000000000005,33.04333333333334,33.04333333333334,33.010000000000005,0.03333333333333144,0.10082677959265408,Narrow,Bullish,Above CPR,True,False,0.05,60,20501878.04,Lower,True,Risk On,True,1.147142857142858,35.9946,35.5204,0.029057700290575333,0.558821124467093,False,False,No setup,Neutral,0,Not applicable,No directional setup; confirmation score not applicable.,Narrow CPR,Not applicable,Not applicable,Narrow CPR; Wide CPR rules not applied,0,0,0,0
2026-09-18,2026-09-18,CM,NSE,STK,3724,INE710A01016,VSTIND,EQ,,,,,VST INDUSTRIES LTD,206.0,214.7,202.5,208.92,208.4,204.11,,208.9,,,257715,53481082.37,5877,F1,1,,,,,,Cash Only,Unclassified,False,208.70666666666668,208.6,208.81333333333336,208.81333333333336,208.6,0.21333333333336668,0.10211245133705088,Narrow,Bullish,Above CPR,True,False,0.3333333333333333,60,35447760.605000004,Higher,True,Risk On,False,3.546428571428574,218.24219999999997,238.7575,0.06015441423297344,1.5087295066661093,False,False,No setup,Neutral,0,Not applicable,No directional setup; confirmation score not applicable.,Narrow CPR,Not applicable,Not applicable,Narrow CPR; Wide CPR rules not applied,0,0,0,0
2026-09-18,2026-09-18,CM,NSE,STK,2809,INE562B01019,RAJSREESUG,EQ,,,,,RAJSHREE SUGAR & CHEMICAL,31.99,32.24,31.4,31.87,32.0,31.99,,31.87,,,21536,682729.22,309,F1,1,,,,,,Cash Only,Unclassified,False,31.83666666666667,31.82,31.85333333333334,31.85333333333334,31.82,0.033333333333338544,0.10459156991948083,Narrow,Bullish,Above CPR,True,False,0.1,60,1153875.59,Inside,True,Risk On,True,1.895714285714286,33.1718,33.3865,0.01758352172821174,0.5916835626967375,False,False,No setup,Neutral,0,Not applicable,No directional setup; confirmation score not applicable.,Narrow CPR,Not applicable,Not applicable,Narrow CPR; Wide CPR rules not applied,0,-2,0,-2
2026-09-18,2026-09-18,CM,NSE,STK,14900,INE280H01015,SAHYADRI,EQ,,,,,SAHYADRI INDUSTRIES LTD,366.6,369.05,360.45,365.35,368.95,359.25,,365.45,,,3344,1220073.15,230,F1,1,,,,,,Cash Only,Unclassified,False,364.95,364.75,365.15,365.15,364.75,0.39999999999997726,0.1094840563842828,Narrow,Bullish,Above CPR,True,False,0.11666666666666667,60,3147764.225,Higher,True,Risk On,True,20.528571428571432,336.29400000000004,311.25879999999995,0.019485038274181212,0.3875999162548459,True,True,No setup,Neutral,0,Not applicable,No directional setup; confirmation score not applicable.,Narrow CPR,Not applicable,Not applicable,Narrow CPR; Wide CPR rules not applied,0,0,0,0
2026-09-18,2026-09-18,CM,NSE,STK,759587,INE00Q601028,STUDDS,EQ,,,,,STUDDS ACCESSORIES LTD,408.8,410.1,402.75,407.1,409.2,404.35,,407.08,,,21853,8876594.2,1261,F1,1,,,,,,Cash Only,Unclassified,False,406.65000000000003,406.425,406.87500000000006,406.87500000000006,406.425,0.4500000000000455,0.11053795136331257,Narrow,Bullish,Above CPR,True,False,0.11666666666666667,60,18222224.6,Inside,True,Risk On,True,11.375,438.154,453.829,0.039560439560443555,0.4871301059476568,False,False,No setup,Neutral,0,Not applicable,No directional setup; confirmation score not applicable.,Narrow CPR,Not applicable,Not applicable,Narrow CPR; Wide CPR rules not applied,0,0,0,0
2026-09-18,2026-09-18,CM,NSE,STK,625,INE055A01016,ABREL,EQ,,,,,ADITYA BIRLA REAL EST LTD,1264.0,1279.0,1249.2,1266.2,1276.0,1257.4,,1266.44,,,171318,216766887.6,16151,F1,1,,,,,,Cash Only,Realty,True,1264.8,1264.1,1265.5,1265.5,1264.1,1.400000000000091,0.11056705101880357,Narrow,Bullish,Above CPR,True,False,0.18333333333333332,60,162895494.95,Higher,True,Risk On,True,39.67142857142859,1385.148,1357.5720000000001,0.03528988116672896,1.3307113721379193,False,False,No setup,Neutral,0,Not applicable,No directional setup; confirmation score not applicable.,Narrow CPR,Not applicable,Not applicable,Narrow CPR; Wide CPR rules not applied,0,0,0,0
2026-09-18,2026-09-18,CM,NSE,STK,24445,INE976R01033,AGIIL,EQ,,,,,AGI INFRA LIMITED,266.15,274.0,266.0,270.45,270.45,266.15,,270.47,,,660624,178537083.95,6964,F1,1,,,,,,Cash Only,Unclassified,False,270.15000000000003,270.0,270.30000000000007,270.30000000000007,270.0,0.3000000000000682,0.11092623405437908,Narrow,Bullish,Above CPR,True,False,0.08333333333333333,60,331767346.3,Higher,True,Risk On,True,12.842857142857136,299.903,335.468,0.023359288097891864,0.5381394098639176,False,False,No setup,Neutral,0,Not applicable,No directional setup; confirmation score not applicable.,Narrow CPR,Not applicable,Not applicable,Narrow CPR; Wide CPR rules not applied,0,0,0,0
2026-09-18,2026-09-18,CM,NSE,STK,760229,INE0VDM01015,MEESHO,EQ,,,,,MEESHO LIMITED,208.48,220.0,208.16,214.44,219.63,207.31,,214.49,,,83376786,17846317033.71,212582,F1,1,,,,,,Cash Only,Consumer Services,True,214.19999999999996,214.07999999999998,214.31999999999994,214.31999999999994,214.07999999999998,0.23999999999995225,0.11191941801900404,Narrow,Bullish,Above CPR,True,False,0.08333333333333333,60,2587873496.415,Higher,True,Risk On,True,8.084285714285713,197.7834,191.20199999999997,0.029687223891140944,6.896131923926201,True,True,No setup,Neutral,0,Not applicable,No directional setup; confirmation score not applicable.,Narrow CPR,Not applicable,Not applicable,Narrow CPR; Wide CPR rules not applied,0,0,0,0
2026-09-18,2026-09-18,CM,NSE,STK,18371,INE756C01015,NDGL,EQ,,,,,NAGA DHUNSERI GROUP LTD,2664.0,2690.0,2600.0,2649.5,2690.0,2653.4,,2649.5,,,359,946978.7,37,F1,1,,,,,,Cash Only,Unclassified,False,2646.5,2645.0,2648.0,2648.0,2645.0,3.0,0.11322891111530478,Narrow,Bullish,Above CPR,True,False,0.1,60,402669.6,Lower,True,Risk On,True,91.67142857142858,2762.32,2691.36,0.0327255726975222,2.351751162739874,False,False,No setup,Neutral,0,Not applicable,No directional setup; confirmation score not applicable.,Narrow CPR,Not applicable,Not applicable,Narrow CPR; Wide CPR rules not applied,0,0,0,0
2026-09-18,2026-09-18,CM,NSE,STK,11804,INE450E01029,SUKHJITS,EQ,,,,,SUKHJIT STARCH & CHEM LTD,161.8,162.98,160.36,161.95,160.9,160.71,,161.91,,,16431,2658439.53,405,F1,1,,,,,,Cash Only,Unclassified,False,161.76333333333335,161.67000000000002,161.85666666666668,161.85666666666668,161.67000000000002,0.18666666666666742,0.11526191211279249,Narrow,Bullish,Above CPR,True,False,0.15,60,1692166.73,Higher,True,Risk On,True,4.319285714285708,161.756,171.0435,0.04321702221487263,1.5710269460267665,True,False,No setup,Neutral,0,Not applicable,No directional setup; confirmation score not applicable.,Narrow CPR,Not applicable,Not applicable,Narrow CPR; Wide CPR rules not applied,0,0,0,0
2026-09-18,2026-09-18,CM,NSE,STK,9384,INE230B01021,CREATIVEYE,EQ,,,,,CREATIVE EYE LIMITED,5.88,5.88,5.5,5.7,5.69,5.59,,5.7,,,11299,64911.43,97,F1,1,,,,,,Cash Only,Unclassified,False,5.6933333333333325,5.6899999999999995,5.696666666666665,5.696666666666665,5.6899999999999995,0.0066666666666659324,0.1169590643274725,Narrow,Bullish,Above CPR,True,False,0.06666666666666667,60,53639.490000000005,Inside,True,Risk On,True,0.42357142857142865,6.0889999999999995,6.3881,0.015739179314219736,1.2101425647410144,False,False,No setup,Neutral,0,Not applicable,No directional setup; confirmation score not applicable.,Narrow CPR,Not applicable,Not applicable,Narrow CPR; Wide CPR rules not applied,0,0,0,0
2026-09-18,2026-09-18,CM,NSE,STK,5378,INE439A01020,ASAHIINDIA,EQ,,,,,ASAHI INDIA GLASS LIMITED,950.7,968.0,950.7,961.05,960.0,950.7,,961.06,,,98471,94605387.85,10504,F1,1,,,,,,Cash Only,Automobile and Auto Components,True,959.9166666666666,959.35,960.4833333333332,960.4833333333332,959.35,1.133333333333212,0.11792657336592395,Narrow,Bullish,Above CPR,True,False,0.2,60,101673978.975,Higher,True,Risk On,True,22.389285714285702,926.217,894.5979999999998,0.050619450204705624,0.9304778745136152,True,True,No setup,Neutral,0,Not applicable,No directional setup; confirmation score not applicable.,Narrow CPR,Not applicable,Not applicable,Narrow CPR; Wide CPR rules not applied,0,0,0,0
2026-09-18,2026-09-18,CM,NSE,STK,763800,INE2FMX01012,AASTHA,EQ,,,,,AASTHA SPINTEX LIMITED,77.99,77.99,74.24,76.25,76.2,76.78,,76.25,,,240248,18217595.8,2115,F1,1,,,,,,Cash Only,Unclassified,False,76.16,76.115,76.205,76.205,76.115,0.09000000000000341,0.11803278688525037,Narrow,Bullish,Above CPR,True,False,0.1590909090909091,44,61152450.83,Overlapping,True,Risk On,True,4.195000000000001,,,0.02145411203814145,0.29790459013071746,False,False,No setup,Neutral,0,Not applicable,No directional setup; confirmation score not applicable.,Narrow CPR,Not applicable,Not applicable,Narrow CPR; Wide CPR rules not applied,0,0,0,0
2026-09-18,2026-09-18,CM,NSE,STK,17263,INE109C01017,ARMANFIN,EQ,,,,,ARMAN FIN SERV LTD,1939.7,1976.0,1938.9,1961.0,1960.0,1956.4,,1961.06,,,11273,22109809.5,2414,F1,1,,,,,,Cash Only,Unclassified,False,1958.6333333333332,1957.45,1959.8166666666664,1959.8166666666664,1957.45,2.366666666666333,0.12068672446029236,Narrow,Bullish,Above CPR,True,False,0.15,60,57620482.95,Higher,True,Risk On,True,76.40000000000002,1970.774,1824.355,0.030977312390920584,0.38371440793347256,False,True,No setup,Neutral,0,Not applicable,No directional setup; confirmation score not applicable.,Narrow CPR,Not applicable,Not applicable,Narrow CPR; Wide CPR rules not applied,0,0,0,0
2026-09-18,2026-09-18,CM,NSE,STK,22377,INE027H01010,MAXHEALTH,EQ,,,,,MAX HEALTHCARE INS LTD,1037.0,1059.9,1034.9,1049.3,1049.3,1037.0,,1049.3,,,2098416,2205015479.5,36056,F1,1,,,,,,F&O + Cash,Healthcare,True,1048.0333333333335,1047.4,1048.666666666667,1048.666666666667,1047.4,1.2666666666668789,0.12071539756665195,Narrow,Bullish,Above CPR,True,False,0.13333333333333333,60,1841564656.45,Higher,True,Risk On,True,23.649999999999984,1048.904,1045.756,0.05355884425652768,1.1973597949857635,True,True,No setup,Neutral,0,Not applicable,No directional setup; confirmation score not applicable.,Narrow CPR,Not applicable,Not applicable,Narrow CPR; Wide CPR rules not applied,0,0,0,0
2026-09-18,2026-09-18,CM,NSE,STK,2319,INE868B01028,NCC,EQ,,,,,NCC LIMITED,135.98,138.92,134.84,137.13,136.45,135.6,,137.12,,,2320130,316935372.96,24548,F1,1,,,,,,Cash Only,Construction,True,136.96333333333334,136.88,137.04666666666668,137.04666666666668,136.88,0.16666666666668561,0.12153917207517365,Narrow,Bullish,Above CPR,True,False,0.15,60,228003203.555,Higher,True,Risk On,True,4.703571428571428,142.959,148.437,0.03543406732473195,1.3900478941452563,False,False,No setup,Neutral,0,Not applicable,No directional setup; confirmation score not applicable.,Narrow CPR,Not applicable,Not applicable,Narrow CPR; Wide CPR rules not applied,0,0,0,0
2026-09-18,2026-09-18,CM,NSE,STK,9362,INE278Y01022,CAMPUS,EQ,,,,,CAMPUS ACTIVEWEAR LIMITED,212.0,212.95,210.51,212.12,212.25,211.98,,212.12,,,306540,65016339.21,9696,F1,1,,,,,,Cash Only,Unclassified,False,211.85999999999999,211.73,211.98999999999998,211.98999999999998,211.73,0.2599999999999909,0.12257212898358989,Narrow,Bullish,Above CPR,True,False,0.25,60,91051096.315,Overlapping,True,Risk On,True,4.355000000000004,221.658,230.94260000000003,0.05970149253731129,0.7140643203797321,False,False,No setup,Neutral,0,Not applicable,No directional setup; confirmation score not applicable.,Narrow CPR,Not applicable,Not applicable,Narrow CPR; Wide CPR rules not applied,0,0,0,0
2026-09-18,2026-09-18,CM,NSE,STK,765242,INE670O01013,ONEGLOBAL,EQ,,,,,ONE GLOBAL SERVICE PROV L,550.45,550.45,525.05,538.75,539.05,530.45,,538.99,,,3309,1768613.4,302,F1,1,,,,,,Cash Only,Unclassified,False,538.0833333333334,537.75,538.4166666666667,538.4166666666667,537.75,0.6666666666667425,0.12374323279197076,Narrow,Bullish,Above CPR,True,False,0.16666666666666666,24,7634573.55,Higher,True,Risk On,True,29.26785714285717,,,0.02277811673785085,0.23165844017574497,False,False,No setup,Neutral,0,Not applicable,No directional setup; confirmation score not applicable.,Narrow CPR,Not applicable,Not applicable,Narrow CPR; Wide CPR rules not applied,0,0,0,0
2026-09-18,2026-09-18,CM,NSE,STK,13702,INE430N01022,VISHWARAJ,EQ,,,,,VISHWARAJ SUGAR IND LTD,5.25,5.35,5.25,5.31,5.35,5.25,,5.31,,,173856,921492.8,393,F1,1,,,,,,Cash Only,Unclassified,False,5.303333333333334,5.3,5.3066666666666675,5.3066666666666675,5.3,0.006666666666667709,0.1255492780916706,Narrow,Bullish,Above CPR,True,False,0.1,60,1367993.99,Inside,True,Risk On,True,0.23999999999999982,5.530799999999999,5.4846,0.02777777777778214,0.6736088073018508,False,False,No setup,Neutral,0,Not applicable,No directional setup; confirmation score not applicable.,Narrow CPR,Not applicable,Not applicable,Narrow CPR; Wide CPR rules not applied,0,-2,0,-2
2026-09-18,2026-09-18,CM,NSE,STK,5204,INE131A01031,GMDCLTD,EQ,,,,,GUJARAT MINERAL DEV CORP,551.0,559.8,551.0,556.45,557.5,549.15,,556.45,,,635840,353087899.45,21302,F1,1,,,,,,Cash Only,Metals & Mining,True,555.75,555.4,556.1,556.1,555.4,0.7000000000000455,0.12579746607962,Narrow,Bullish,Above CPR,True,False,0.1,60,488056684.55,Higher,True,Risk On,True,14.903571428571436,572.085,607.5095,0.0469686077162743,0.7234567430944123,False,False,No setup,Neutral,0,Not applicable,No directional setup; confirmation score not applicable.,Narrow CPR,Not applicable,Not applicable,Narrow CPR; Wide CPR rules not applied,0,0,0,0
2026-09-18,2026-09-18,CM,NSE,STK,2306,INE052T01021,BESTAGRO,EQ,,,,,BEST AGROLIFE LIMITED,18.61,18.7,18.25,18.51,18.5,18.42,,18.51,,,285469,5292532.51,1548,F1,1,,,,,,Cash Only,Unclassified,False,18.486666666666668,18.475,18.498333333333335,18.498333333333335,18.475,0.023333333333333428,0.1260579866738705,Narrow,Bullish,Above CPR,True,False,0.16666666666666666,60,9900361.59,Higher,True,Risk On,True,1.0857142857142856,17.924,17.3064,0.021491228070175526,0.5345797183151166,True,True,No setup,Neutral,0,Not applicable,No directional setup; confirmation score not applicable.,Narrow CPR,Not applicable,Not applicable,Narrow CPR; Wide CPR rules not applied,0,0,0,0
2026-09-18,2026-09-18,CM,NSE,STK,20950,INE722J01012,RKDL,EQ,,,,,RAVI KUMAR DIST. LTD.,18.21,18.7,18.21,18.49,18.45,18.3,,18.39,,,14459,268149.4,76,F1,1,,,,,,Cash Only,Unclassified,False,18.466666666666665,18.455,18.47833333333333,18.47833333333333,18.455,0.023333333333333428,0.12619433928249557,Narrow,Bullish,Above CPR,True,False,0.11666666666666667,60,146918.53,Higher,True,Risk On,True,0.6849999999999997,18.753999999999998,19.421200000000002,0.034063260340632756,1.8251571125847776,False,False,No setup,Neutral,0,Not applicable,No directional setup; confirmation score not applicable.,Narrow CPR,Not applicable,Not applicable,Narrow CPR; Wide CPR rules not applied,0,0,-2,-2
2026-09-18,2026-09-18,CM,NSE,STK,9288,INE00Z501029,KRITIKA,EQ,,,,,KRITIKA WIRES LIMITED,5.13,5.25,5.13,5.2,5.21,5.17,,5.2,,,65954,342322.25,332,F1,1,,,,,,Cash Only,Unclassified,False,5.1933333333333325,5.1899999999999995,5.196666666666665,5.196666666666665,5.1899999999999995,0.0066666666666659324,0.1282051282051141,Narrow,Bullish,Above CPR,True,False,0.18333333333333332,60,588100.715,Higher,True,Risk On,True,0.21285714285714283,5.535999999999999,5.7861,0.03131991051453794,0.5820809961096545,False,False,No setup,Neutral,0,Not applicable,No directional setup; confirmation score not applicable.,Narrow CPR,Not applicable,Not applicable,Narrow CPR; Wide CPR rules not applied,0,-2,0,-2
2026-09-18,2026-09-18,CM,NSE,STK,2176,INE00Y801016,AKG,EQ,,,,,AKG EXIM LIMITED,10.48,10.68,10.02,10.37,10.26,10.32,,10.37,,,8242,85379.69,66,F1,1,,,,,,Cash Only,Unclassified,False,10.356666666666667,10.35,10.363333333333335,10.363333333333335,10.35,0.013333333333335418,0.1285760205721834,Narrow,Bullish,Above CPR,True,False,0.06666666666666667,60,189141.305,Higher,True,Risk On,True,0.6178571428571428,9.6034,10.3573,0.021579961464357904,0.45140689919634425,True,True,No setup,Neutral,0,Not applicable,No directional setup; confirmation score not applicable.,Narrow CPR,Not applicable,Not applicable,Narrow CPR; Wide CPR rules not applied,0,0,0,0
2026-09-18,2026-09-18,CM,NSE,STK,10285,INE193B01039,AYMSYNTEX,EQ,,,,,AYM SYNTEX LIMITED,280.05,286.8,278.4,283.15,279.9,281.95,,283.19,,,33688,9490915.9,1233,F1,1,,,,,,Cash Only,Unclassified,False,282.78333333333336,282.6,282.9666666666667,282.9666666666667,282.6,0.36666666666667425,0.12949555594796902,Narrow,Bullish,Above CPR,True,False,0.08333333333333333,60,14745459.355,Higher,True,Risk On,True,22.821428571428562,262.0374,244.4706,0.0160667709963488,0.6436500668785031,True,True,No setup,Neutral,0,Not applicable,No directional setup; confirmation score not applicable.,Narrow CPR,Not applicable,Not applicable,Narrow CPR; Wide CPR rules not applied,0,0,0,0
2026-09-18,2026-09-18,CM,NSE,STK,764598,INE372M01010,ARCL,EQ,,,,,ARCL ORGANICS LTD.,260.46,272.98,250.0,262.0,262.0,260.57,,262.0,,,3408,877388.12,70,F1,1,,,,,,Cash Only,Unclassified,False,261.66,261.49,261.83000000000004,261.83000000000004,261.49,0.34000000000003183,0.12977099236642436,Narrow,Bullish,Above CPR,True,False,0.16666666666666666,24,85713.89,Lower,True,Risk On,True,15.365714285714288,,,0.02212718482707533,10.236241990650523,False,False,No setup,Neutral,0,Not applicable,No directional setup; confirmation score not applicable.,Narrow CPR,Not applicable,Not applicable,Narrow CPR; Wide CPR rules not applied,0,0,0,0
2026-09-18,2026-09-18,CM,NSE,STK,21113,INE878K01010,BFINVEST,EQ,,,,,BF INVESTMENT LIMITED,437.35,452.4,436.35,445.25,445.7,438.95,,445.24,,,25663,11424716.85,1391,F1,1,,,,,,Cash Only,Unclassified,False,444.6666666666667,444.375,444.95833333333337,444.95833333333337,444.375,0.5833333333333712,0.13101253977167238,Narrow,Bullish,Above CPR,True,False,0.21666666666666667,60,13404371.25,Higher,True,Risk On,True,15.764285714285702,460.26800000000003,445.874,0.037003473795501604,0.8523127744615399,False,False,No setup,Neutral,0,Not applicable,No directional setup; confirmation score not applicable.,Narrow CPR,Not applicable,Not applicable,Narrow CPR; Wide CPR rules not applied,0,0,0,0
2026-09-18,2026-09-18,CM,NSE,STK,350,INE459A01010,BANARISUG,EQ,,,,,BANNARI AMMAN SUGARS LTD,3290.9,3329.4,3290.9,3316.7,3315.0,3302.8,,3316.8,,,629,2086395.4,127,F1,1,,,,,,Cash Only,Unclassified,False,3312.3333333333335,3310.15,3314.516666666667,3314.516666666667,3310.15,4.366666666666788,0.13165696827167933,Narrow,Bullish,Above CPR,True,False,0.13333333333333333,60,2294922.3,Higher,True,Risk On,True,132.55000000000004,3594.4839999999995,3585.8510000000006,0.032943543316988205,0.9091355293379649,False,False,No setup,Neutral,0,Not applicable,No directional setup; confirmation score not applicable.,Narrow CPR,Not applicable,Not applicable,Narrow CPR; Wide CPR rules not applied,0,0,0,0
2026-09-18,2026-09-18,CM,NSE,STK,764990,INE467D01017,VIRAT,EQ,,,,,VIRAT INDUSTRIES LTD.,394.9,404.8,375.35,390.85,398.95,382.25,,390.73,,,11453,4465114.1,773,F1,1,,,,,,Cash Only,Unclassified,False,390.3333333333333,390.07500000000005,390.5916666666666,390.5916666666666,390.07500000000005,0.5166666666665378,0.1321905249242773,Narrow,Bullish,Above CPR,True,False,0.08333333333333333,24,2613583.925,Inside,True,Risk On,True,35.546428571428564,,,0.014534981077728385,1.7084257587022005,False,False,No setup,Neutral,0,Not applicable,No directional setup; confirmation score not applicable.,Narrow CPR,Not applicable,Not applicable,Narrow CPR; Wide CPR rules not applied,0,0,0,0
2026-09-18,2026-09-18,CM,NSE,STK,11905,INE955D01029,GENUSPOWER,EQ,,,,,GENUS POWER INFRASTRU LTD,305.0,315.65,304.6,310.75,310.4,303.15,,310.74,,,3184194,989679841.95,34829,F1,1,,,,,,Cash Only,Unclassified,False,310.3333333333333,310.125,310.54166666666663,310.54166666666663,310.125,0.41666666666662877,0.13408420488065287,Narrow,Bullish,Above CPR,True,False,0.15,60,540789428.225,Higher,True,Risk On,True,12.457142857142847,319.906,318.4123,0.03344801223241289,1.830065068391528,False,False,No setup,Neutral,0,Not applicable,No directional setup; confirmation score not applicable.,Narrow CPR,Not applicable,Not applicable,Narrow CPR; Wide CPR rules not applied,0,0,0,0
2026-09-18,2026-09-18,CM,NSE,STK,10099,INE102D01028,GODREJCP,EQ,,,,,GODREJ CONSUMER PRODUCTS,875.3,886.0,870.45,880.0,880.0,873.0,,880.02,,,1410736,1241702262.6,20456,F1,1,,,,,,F&O + Cash,Fast Moving Consumer Goods,True,878.8166666666666,878.225,879.4083333333332,879.4083333333332,878.225,1.1833333333331666,0.134469696969678,Narrow,Bullish,Above CPR,True,False,0.18333333333333332,60,878481931.95,Higher,True,Risk On,True,17.707142857142856,976.038,1006.2665,0.06682802205189324,1.4134636324776149,False,False,No setup,Neutral,0,Not applicable,No directional setup; confirmation score not applicable.,Narrow CPR,Not applicable,Not applicable,Narrow CPR; Wide CPR rules not applied,0,0,0,0
2026-09-18,2026-09-18,CM,NSE,STK,21401,INF277KA1976,TATAGOLD,EQ,,,,,TATAAML-TATAGOLD,14.73,14.91,14.73,14.85,14.84,14.62,,14.85,,,55967837,829557743.91,59085,F1,1,,,,,,Cash Only,Unclassified,False,14.83,14.82,14.84,14.84,14.82,0.019999999999999574,0.1346801346801318,Narrow,Bullish,Above CPR,True,False,0.3,60,645582441.5450001,Higher,True,Risk On,False,0.2735714285714283,14.4724,14.5052,0.07310704960835361,1.2849756909817938,True,True,No setup,Neutral,0,Not applicable,No directional setup; confirmation score not applicable.,Narrow CPR,Not applicable,Not applicable,Narrow CPR; Wide CPR rules not applied,0,0,0,0
2026-09-18,2026-09-18,CM,NSE,STK,14203,INE703H01016,HUBTOWN,EQ,,,,,HUBTOWN LIMITED,175.0,180.0,174.66,177.69,178.03,173.76,,177.68,,,745087,131748010.93,7409,F1,1,,,,,,Cash Only,Unclassified,False,177.44999999999996,177.32999999999998,177.56999999999994,177.56999999999994,177.32999999999998,0.23999999999995225,0.13506668917775466,Narrow,Bullish,Above CPR,True,False,0.15,60,70411411.01,Higher,True,Risk On,True,7.377142857142857,188.8398,197.58100000000002,0.03253292021687966,1.8711173237430057,False,False,No setup,Neutral,0,Not applicable,No directional setup; confirmation score not applicable.,Narrow CPR,Not applicable,Not applicable,Narrow CPR; Wide CPR rules not applied,0,0,0,0
2026-09-18,2026-09-18,CM,NSE,STK,2562,INE275B01026,HUHTAMAKI,EQ,,,,,HUHTAMAKI INDIA LIMITED,247.1,248.0,241.0,245.0,247.4,243.6,,244.98,,,136211,33173898.75,4801,F1,1,,,,,,Cash Only,Unclassified,False,244.66666666666666,244.5,244.83333333333331,244.83333333333331,244.5,0.3333333333333144,0.13605442176869975,Narrow,Bullish,Above CPR,True,False,0.16666666666666666,60,50387239.54,Inside,True,Risk On,True,11.4142857142857,267.5952,224.03900000000002,0.029203170629952487,0.6583789676285966,False,True,No setup,Neutral,0,Not applicable,No directional setup; confirmation score not applicable.,Narrow CPR,Not applicable,Not applicable,Narrow CPR; Wide CPR rules not applied,0,0,0,0
2026-09-18,2026-09-18,CM,NSE,STK,8953,INE668G01021,ELDEHSG,EQ,,,,,ELDECO HSG & IND LTD.,788.0,789.95,770.25,781.7,780.0,767.1,,776.43,,,209,163779.85,41,F1,1,,,,,,Cash Only,Unclassified,False,780.6333333333333,780.1,781.1666666666666,781.1666666666666,780.1,1.066666666666606,0.13645473540573186,Narrow,Bullish,Above CPR,True,False,0.16666666666666666,60,717344.55,Higher,True,Risk On,True,27.05357142857142,783.905,798.6189999999999,0.0394279427942772,0.22831406469875598,False,False,No setup,Neutral,0,Not applicable,No directional setup; confirmation score not applicable.,Narrow CPR,Not applicable,Not applicable,Narrow CPR; Wide CPR rules not applied,0,0,0,0
2026-09-18,2026-09-18,CM,NSE,STK,17130,INE883N01014,PARAGMILK,EQ,,,,,PARAG MILK FOODS LTD.,265.5,272.4,263.5,268.5,268.0,264.6,,268.48,,,1521408,407882326.25,17741,F1,1,,,,,,Cash Only,Unclassified,False,268.1333333333333,267.95,268.31666666666666,268.31666666666666,267.95,0.36666666666667425,0.13656114214773715,Narrow,Bullish,Above CPR,True,False,0.11666666666666667,60,122012336.6,Inside,True,Risk On,True,14.424999999999995,233.00099999999998,229.71899999999997,0.02541883304448349,3.3429597171569947,True,True,No setup,Neutral,0,Not applicable,No directional setup; confirmation score not applicable.,Narrow CPR,Not applicable,Not applicable,Narrow CPR; Wide CPR rules not applied,0,0,0,0
2026-09-18,2026-09-18,CM,NSE,STK,2142,INE180A01020,MFSL,EQ,,,,,MAX FINANCIAL SERV LTD,1538.6,1573.6,1538.0,1559.0,1559.0,1554.0,,1559.02,,,898566,1404260982.3,52959,F1,1,,,,,,F&O + Cash,Financial Services,True,1556.8666666666668,1555.8,1557.9333333333336,1557.9333333333336,1555.8,2.133333333333667,0.13683985460767586,Narrow,Bullish,Above CPR,True,False,0.2,60,903167563.2,Higher,True,Risk On,True,44.89285714285716,1537.5739999999998,1581.8570000000002,0.04752055157783822,1.554817776365421,True,False,No setup,Neutral,0,Not applicable,No directional setup; confirmation score not applicable.,Narrow CPR,Not applicable,Not applicable,Narrow CPR; Wide CPR rules not applied,0,0,0,0
2026-09-18,2026-09-18,CM,NSE,STK,25328,INE901L01018,APLLTD,EQ,,,,,ALEMBIC PHARMA LTD,828.0,860.0,828.0,845.75,845.0,826.0,,845.75,,,634938,538703121.5,36030,F1,1,,,,,,Cash Only,Unclassified,False,844.5833333333334,844.0,845.1666666666667,845.1666666666667,844.0,1.1666666666667425,0.13794462508622435,Narrow,Bullish,Above CPR,True,False,0.2,60,87919428.475,Higher,True,Risk On,True,27.52857142857143,821.6170000000001,794.432,0.04238021103615567,6.127236389544786,True,True,No setup,Neutral,0,Not applicable,No directional setup; confirmation score not applicable.,Narrow CPR,Not applicable,Not applicable,Narrow CPR; Wide CPR rules not applied,0,0,0,0
2026-09-18,2026-09-18,CM,NSE,STK,764753,INE953E01022,KSE,EQ,,,,,KSE LTD.,179.6,180.0,176.0,178.37,178.7,177.33,,178.38,,,5194,928270.63,325,F1,1,,,,,,Cash Only,Unclassified,False,178.12333333333333,178.0,178.24666666666667,178.24666666666667,178.0,0.2466666666666697,0.13828932369045788,Narrow,Bullish,Above CPR,True,False,0.2916666666666667,24,3247413.96,Higher,True,Risk On,False,5.630714285714289,,,0.04380734914795603,0.28584918382256386,False,False,No setup,Neutral,0,Not applicable,No directional setup; confirmation score not applicable.,Narrow CPR,Not applicable,Not applicable,Narrow CPR; Wide CPR rules not applied,0,0,0,0
2026-09-18,2026-09-18,CM,NSE,STK,2816,INE613A01020,RALLIS,EQ,,,,,RALLIS INDIA LTD,204.0,204.74,202.0,203.8,204.0,204.14,,203.8,,,510589,103825154.11,14743,F1,1,,,,,,Cash Only,Unclassified,False,203.51333333333332,203.37,203.65666666666664,203.65666666666664,203.37,0.2866666666666333,0.14066077854103695,Narrow,Bullish,Above CPR,True,False,0.25,60,133343827.135,Overlapping,True,Risk On,True,4.601428571428566,215.208,228.69299999999998,0.062299492911097036,0.7786273751156497,False,False,No setup,Neutral,0,Not applicable,No directional setup; confirmation score not applicable.,Narrow CPR,Not applicable,Not applicable,Narrow CPR; Wide CPR rules not applied,0,0,-2,-2
2026-09-18,2026-09-18,CM,NSE,STK,2049,INE178A01016,CHENNPETRO,EQ,,,,,CHENNAI PETROLEUM CORP LT,1414.0,1437.1,1390.1,1416.6,1415.0,1414.1,,1416.53,,,1081342,1522188716.8,42868,F1,1,,,,,,Cash Only,Oil Gas & Consumable Fuels,True,1414.5999999999997,1413.6,1415.5999999999995,1415.5999999999995,1413.6,1.9999999999995453,0.14118311449947377,Narrow,Bullish,Above CPR,True,False,0.15,60,1904074094.4499998,Lower,True,Risk On,True,77.85714285714289,1340.1660000000002,1221.2635,0.02568807339448956,0.7994377536236009,True,True,No setup,Neutral,0,Not applicable,No directional setup; confirmation score not applicable.,Narrow CPR,Not applicable,Not applicable,Narrow CPR; Wide CPR rules not applied,0,0,0,0
2026-09-18,2026-09-18,CM,NSE,STK,6429,INE165B01029,RSSOFTWARE,EQ,,,,,R. S. SOFTWARE (INDIA) LI,29.7,30.69,29.7,30.26,30.2,30.0,,30.26,,,5384,162775.28,72,F1,1,,,,,,Cash Only,Unclassified,False,30.21666666666667,30.195,30.238333333333337,30.238333333333337,30.195,0.043333333333336554,0.14320334875524307,Narrow,Bullish,Above CPR,True,False,0.13333333333333333,60,1289439.5499999998,Overlapping,True,Risk On,True,1.2964285714285713,29.2258,34.8034,0.033425160697890456,0.12623723229212258,True,False,No setup,Neutral,0,Not applicable,No directional setup; confirmation score not applicable.,Narrow CPR,Not applicable,Not applicable,Narrow CPR; Wide CPR rules not applied,0,0,0,0
2026-09-18,2026-09-18,CM,NSE,STK,7929,INE010B01027,ZYDUSLIFE,EQ,,,,,ZYDUS LIFESCIENCES LTD,1150.7,1167.3,1147.7,1160.0,1160.0,1135.1,,1159.99,,,2789186,3228915177.2,56206,F1,1,,,,,,F&O + Cash,Healthcare,True,1158.3333333333333,1157.5,1159.1666666666665,1159.1666666666665,1157.5,1.666666666666515,0.14367816091952715,Narrow,Bullish,Above CPR,True,False,0.21666666666666667,60,1227385157.5,Higher,True,Risk On,True,31.08571428571432,1134.9460000000001,1092.521,0.053615196078426436,2.6307269217568323,True,True,No setup,Neutral,0,Not applicable,No directional setup; confirmation score not applicable.,Narrow CPR,Not applicable,Not applicable,Narrow CPR; Wide CPR rules not applied,0,0,0,0
2026-09-18,2026-09-18,CM,NSE,STK,495,INE233B01017,BLUEDART,EQ,,,,,BLUE DART EXPRESS LTD,4810.5,4851.0,4770.0,4821.0,4811.0,4811.3,,4820.92,,,10165,48957592.0,3128,F1,1,,,,,,Cash Only,Services,True,4814.0,4810.5,4817.5,4817.5,4810.5,7.0,0.1451980916822236,Narrow,Bullish,Above CPR,True,False,0.25,60,33576128.45,Lower,True,Risk On,True,96.13571428571426,5012.821999999999,4997.442,0.07281373058919684,1.4581071213408465,False,False,No setup,Neutral,0,Not applicable,No directional setup; confirmation score not applicable.,Narrow CPR,Not applicable,Not applicable,Narrow CPR; Wide CPR rules not applied,0,0,0,0
2026-09-18,2026-09-18,CM,NSE,STK,15146,INE668F01031,JYOTHYLAB,EQ,,,,,JYOTHY LABS LIMITED,193.5,196.6,192.69,195.07,195.55,193.84,,195.07,,,713471,139046563.07,13332,F1,1,,,,,,Cash Only,Unclassified,False,194.78666666666663,194.64499999999998,194.92833333333328,194.92833333333328,194.64499999999998,0.283333333333303,0.14524700534849183,Narrow,Bullish,Above CPR,True,False,0.3,60,115651897.88999999,Inside,True,Risk On,False,5.492857142857147,202.24660000000003,207.76409999999998,0.05158214130905382,1.202285181711859,False,False,No setup,Neutral,0,Not applicable,No directional setup; confirmation score not applicable.,Narrow CPR,Not applicable,Not applicable,Narrow CPR; Wide CPR rules not applied,0,0,0,0
2026-09-18,2026-09-18,CM,NSE,STK,1372,INE310C01029,HINDCOMPOS,EQ,,,,,HINDUSTAN COMPOSITES LTD.,371.95,390.0,365.65,378.65,375.2,369.9,,378.62,,,7703,2911805.7,511,F1,1,,,,,,Cash Only,Unclassified,False,378.09999999999997,377.825,378.37499999999994,378.37499999999994,377.825,0.5499999999999545,0.14525287204541254,Narrow,Bullish,Above CPR,True,False,0.21666666666666667,60,1657259.475,Higher,True,Risk On,True,15.374999999999996,414.338,420.871,0.03577235772357429,1.757000484187909,False,False,No setup,Neutral,0,Not applicable,No directional setup; confirmation score not applicable.,Narrow CPR,Not applicable,Not applicable,Narrow CPR; Wide CPR rules not applied,0,0,0,0
2026-09-18,2026-09-18,CM,NSE,STK,3389,INE204E01012,AGARIND,EQ,,,,,AGARWAL INDS CORP LTD.,407.8,417.9,405.6,412.65,413.5,407.75,,412.61,,,17291,7077378.45,1148,F1,1,,,,,,Cash Only,Unclassified,False,412.05,411.75,412.35,412.35,411.75,0.6000000000000227,0.14540167211923488,Narrow,Bullish,Above CPR,True,False,0.18333333333333332,60,17234152.475,Higher,True,Risk On,True,16.4142857142857,482.19699999999995,478.369,0.03655352480417896,0.41066008092167583,False,False,No setup,Neutral,0,Not applicable,No directional setup; confirmation score not applicable.,Narrow CPR,Not applicable,Not applicable,Narrow CPR; Wide CPR rules not applied,0,0,0,0
2026-09-18,2026-09-18,CM,NSE,STK,5701,INE491A01021,CUB,EQ,,,,,CITY UNION BANK LTD,231.6,238.95,231.6,235.79,235.89,231.82,,235.79,,,2196738,520005208.04,36593,F1,1,,,,,,Cash Only,Financial Services,True,235.44666666666663,235.27499999999998,235.61833333333328,235.61833333333328,235.27499999999998,0.3433333333333053,0.1456097940257455,Narrow,Bullish,Above CPR,True,False,0.15,60,552073805.84,Higher,True,Risk On,True,9.23214285714286,222.31779999999998,230.1144,0.03718891038039669,0.9419124807937473,True,True,No setup,Neutral,0,Not applicable,No directional setup; confirmation score not applicable.,Narrow CPR,Not applicable,Not applicable,Narrow CPR; Wide CPR rules not applied,0,0,0,0
2026-09-18,2026-09-18,CM,NSE,STK,3103,INE070A01015,SHREECEM,EQ,,,,,SHREE CEMENT LIMITED,22200.0,23000.0,22100.0,22600.0,22600.0,21960.0,,22601.68,,,62133,1402790820.0,22013,F1,1,,,,,,F&O + Cash,Construction Materials,True,22566.666666666668,22550.0,22583.333333333336,22583.333333333336,22550.0,33.33333333333576,0.1474926253687423,Narrow,Bullish,Above CPR,True,False,0.2833333333333333,60,414054412.5,Higher,True,Risk On,False,546.0714285714286,25053.8,25048.0,0.06104207543056908,3.3879383425240035,False,False,No setup,Neutral,0,Not applicable,No directional setup; confirmation score not applicable.,Narrow CPR,Not applicable,Not applicable,Narrow CPR; Wide CPR rules not applied,0,0,0,0
2026-09-18,2026-09-18,CM,NSE,STK,2970,INE428Q01011,SURYODAY,EQ,,,,,SURYODAY SMALL FIN BK LTD,146.95,147.31,145.3,146.63,145.5,146.51,,146.62,,,147616,21609747.35,2798,F1,1,,,,,,Cash Only,Unclassified,False,146.41333333333333,146.305,146.52166666666665,146.52166666666665,146.305,0.21666666666664014,0.14776421378069982,Narrow,Bullish,Above CPR,True,False,0.15,60,70071111.67,Higher,True,Risk On,True,3.99214285714286,163.12040000000002,166.0724,0.054273274885184464,0.30839738138836925,False,False,No setup,Neutral,0,Not applicable,No directional setup; confirmation score not applicable.,Narrow CPR,Not applicable,Not applicable,Narrow CPR; Wide CPR rules not applied,0,0,0,0
2026-09-18,2026-09-18,CM,NSE,STK,758853,INE618R01015,SGFIN,EQ,,,,,SG FINSERVE LIMITED,624.9,638.05,621.05,630.95,631.0,619.9,,631.1,,,75511,47572666.75,4194,F1,1,,,,,,Cash Only,Unclassified,False,630.0166666666667,629.55,630.4833333333333,630.4833333333333,629.55,0.933333333333394,0.14792508650977002,Narrow,Bullish,Above CPR,True,False,0.21666666666666667,60,175514096.175,Higher,True,Risk On,True,22.446428571428573,668.725,630.322,0.04158048263060466,0.2710475556479901,False,True,No setup,Neutral,0,Not applicable,No directional setup; confirmation score not applicable.,Narrow CPR,Not applicable,Not applicable,Narrow CPR; Wide CPR rules not applied,0,0,0,0
2026-09-18,2026-09-18,CM,NSE,STK,24909,INE00M901018,INTERARCH,EQ,,,,,INTERARCH BLDNG SOLTN LTD,1701.0,1719.9,1684.1,1705.8,1705.0,1692.2,,1705.54,,,35940,61172586.2,3353,F1,1,,,,,,Cash Only,Unclassified,False,1703.2666666666667,1702.0,1704.5333333333333,1704.5333333333333,1702.0,2.533333333333303,0.14851291671551783,Narrow,Bullish,Above CPR,True,False,0.35,60,70321504.80000001,Higher,True,Risk On,False,50.950000000000045,1756.3619999999999,1815.0969999999998,0.04972194962381356,0.8698987084246809,False,False,No setup,Neutral,0,Not applicable,No directional setup; confirmation score not applicable.,Narrow CPR,Not applicable,Not applicable,Narrow CPR; Wide CPR rules not applied,0,0,0,0
2026-09-18,2026-09-18,CM,NSE,STK,5449,INE488A01050,CHEMPLASTS,EQ,,,,,CHEMPLAST SANMAR LIMITED,167.8,175.1,167.09,171.48,172.99,167.8,,171.49,,,443500,76069242.88,5907,F1,1,,,,,,Cash Only,Unclassified,False,171.22333333333333,171.095,171.35166666666666,171.35166666666666,171.095,0.2566666666666606,0.14967731902651074,Narrow,Bullish,Above CPR,True,False,0.16666666666666666,60,44500036.724999994,Higher,True,Risk On,True,8.96285714285714,185.28060000000002,201.3191,0.028636701732015057,1.7094197775631164,False,False,No setup,Neutral,0,Not applicable,No directional setup; confirmation score not applicable.,Narrow CPR,Not applicable,Not applicable,Narrow CPR; Wide CPR rules not applied,0,0,0,0
2026-09-18,2026-09-18,CM,NSE,STK,25312,INE953R01016,PNGJL,EQ,,,,,P N GADGIL JEWELLERS LTD,606.9,610.0,596.75,604.75,609.3,601.15,,604.8,,,323988,195728914.25,14336,F1,1,,,,,,Cash Only,Unclassified,False,603.8333333333334,603.375,604.2916666666667,604.2916666666667,603.375,0.9166666666667425,0.15157778696432286,Narrow,Bullish,Above CPR,True,False,0.15,60,254637462.45,Inside,True,Risk On,True,19.32857142857143,618.948,598.5029999999999,0.04742547425474647,0.768657181731195,False,True,No setup,Neutral,0,Not applicable,No directional setup; confirmation score not applicable.,Narrow CPR,Not applicable,Not applicable,Narrow CPR; Wide CPR rules not applied,0,0,0,0
2026-09-18,2026-09-18,CM,NSE,STK,2202,INE831A01028,ONIDA,EQ,,,,,ONIDA ELECTRONICS LIMITED,32.28,33.4,32.23,32.89,32.6,32.29,,32.89,,,453556,14936286.44,1764,F1,1,,,,,,Cash Only,Unclassified,False,32.839999999999996,32.815,32.864999999999995,32.864999999999995,32.815,0.04999999999999716,0.1520218911523173,Narrow,Bullish,Above CPR,True,False,0.17857142857142858,28,13684145.370000001,Inside,True,Risk On,True,1.4571428571428575,,,0.03431372549019412,1.0915030523385911,False,False,No setup,Neutral,0,Not applicable,No directional setup; confirmation score not applicable.,Narrow CPR,Not applicable,Not applicable,Narrow CPR; Wide CPR rules not applied,0,0,0,0
2026-09-18,2026-09-18,CM,NSE,STK,10666,INE160A01022,PNB,EQ,,,,,PUNJAB NATIONAL BANK,117.0,117.5,116.5,117.27,117.27,116.47,,117.27,,,16061334,1880931611.16,42674,F1,1,,,,,,F&O + Cash,Financial Services,True,117.08999999999999,117.0,117.17999999999998,117.17999999999998,117.0,0.1799999999999784,0.15349194167304375,Narrow,Bullish,Above CPR,True,False,0.31666666666666665,60,1363126124.65,Inside,True,Risk On,False,2.30071428571429,113.7992,109.9796,0.07823657249300506,1.3798661599585682,True,True,No setup,Neutral,0,Not applicable,No directional setup; confirmation score not applicable.,Narrow CPR,Not applicable,Not applicable,Narrow CPR; Wide CPR rules not applied,0,0,0,0
2026-09-18,2026-09-18,CM,NSE,STK,758460,INE718I01012,JSWCEMENT,EQ,,,,,JSW CEMENT LIMITED,117.2,118.1,116.23,117.44,117.35,116.64,,117.44,,,1513300,177522261.94,50852,F1,1,,,,,,Cash Only,Construction Materials,True,117.25666666666666,117.16499999999999,117.34833333333333,117.34833333333333,117.16499999999999,0.18333333333333712,0.15610808356040287,Narrow,Bullish,Above CPR,True,False,0.36666666666666664,60,163672766.685,Higher,True,Risk On,False,2.1307142857142845,129.1266,128.8765,0.0860431333109863,1.0846169801825025,False,False,No setup,Neutral,0,Not applicable,No directional setup; confirmation score not applicable.,Narrow CPR,Not applicable,Not applicable,Narrow CPR; Wide CPR rules not applied,0,0,0,0
2026-09-18,2026-09-18,CM,NSE,STK,764930,INE199E01014,SUNSHIEL,EQ,,,,,SUNSHIELD CHEMICALS LTD.,1242.0,1242.0,1218.8,1233.3,1236.0,1215.7,,1233.47,,,2481,3052675.5,306,F1,1,,,,,,Cash Only,Unclassified,False,1231.3666666666668,1230.4,1232.3333333333335,1232.3333333333335,1230.4,1.933333333333394,0.15676099354037087,Narrow,Bullish,Above CPR,True,False,0.08333333333333333,24,2313892.5,Higher,True,Risk On,True,57.92142857142858,,,0.03337855058165928,1.3192814705091096,False,False,No setup,Neutral,0,Not applicable,No directional setup; confirmation score not applicable.,Narrow CPR,Not applicable,Not applicable,Narrow CPR; Wide CPR rules not applied,0,0,0,0
2026-09-18,2026-09-18,CM,NSE,STK,762834,INE291E01019,PML,EQ,,,,,PAUL MERCHANTS LTD.,494.95,498.95,491.0,496.15,498.75,495.05,,496.15,,,41,20209.5,13,F1,1,,,,,,Cash Only,Unclassified,False,495.3666666666666,494.975,495.7583333333332,495.7583333333332,494.975,0.7833333333331893,0.15788236084514548,Narrow,Bullish,Above CPR,True,False,0.11666666666666667,60,118711.625,Higher,True,Risk On,True,16.34642857142858,491.49,510.28100000000006,0.04792076323646339,0.17024027764761876,True,False,No setup,Neutral,0,Not applicable,No directional setup; confirmation score not applicable.,Narrow CPR,Not applicable,Not applicable,Narrow CPR; Wide CPR rules not applied,0,0,0,0
2026-09-18,2026-09-18,CM,NSE,STK,263,INE100A01010,ATUL,EQ,,,,,ATUL LTD,6133.5,6201.0,6110.5,6170.5,6146.0,6133.5,,6171.3,,,21266,131022009.0,4263,F1,1,,,,,,Cash Only,Chemicals,True,6160.666666666667,6155.75,6165.583333333334,6165.583333333334,6155.75,9.83333333333394,0.15936039759069667,Narrow,Bullish,Above CPR,True,False,0.21666666666666667,60,195638270.0,Higher,True,Risk On,True,135.10714285714286,6467.54,6599.345,0.07278174288484016,0.6697156389698191,False,False,No setup,Neutral,0,Not applicable,No directional setup; confirmation score not applicable.,Narrow CPR,Not applicable,Not applicable,Narrow CPR; Wide CPR rules not applied,0,0,0,0
2026-09-18,2026-09-18,CM,NSE,STK,18967,INE542Z01028,KAPSTON,EQ,,,,,KAPSTON SERVICES LIMITED,583.8,589.95,575.85,584.3,589.95,577.3,,584.3,,,40257,23521708.0,1732,F1,1,,,,,,Cash Only,Unclassified,False,583.3666666666667,582.9000000000001,583.8333333333333,583.8333333333333,582.9000000000001,0.9333333333331666,0.1597352957955103,Narrow,Bullish,Above CPR,True,False,0.18333333333333332,60,22311697.75,Higher,True,Risk On,True,24.585714285714296,517.826,433.6455,0.03796242494672959,1.0542321011855764,True,True,No setup,Neutral,0,Not applicable,No directional setup; confirmation score not applicable.,Narrow CPR,Not applicable,Not applicable,Narrow CPR; Wide CPR rules not applied,0,0,0,0
2026-09-18,2026-09-18,CM,NSE,STK,13300,INE858F01012,NITCO,EQ,,,,,NITCO LIMITED,85.95,88.46,85.12,87.0,88.05,85.94,,86.99,,,417793,36166487.56,3059,F1,1,,,,,,Cash Only,Unclassified,False,86.86,86.78999999999999,86.93,86.93,86.78999999999999,0.14000000000001478,0.16091954022990204,Narrow,Bullish,Above CPR,True,False,0.16666666666666666,60,49165537.935,Inside,True,Risk On,True,3.5257142857142845,98.404,99.6471,0.03970826580227325,0.7356064649961609,False,False,No setup,Neutral,0,Not applicable,No directional setup; confirmation score not applicable.,Narrow CPR,Not applicable,Not applicable,Narrow CPR; Wide CPR rules not applied,0,0,0,0
2026-09-18,2026-09-18,CM,NSE,STK,324,INE732I01021,ANGELONE,EQ,,,,,ANGEL ONE LIMITED,295.0,301.75,295.0,299.1,299.1,295.0,,299.11,,,3531096,1058091057.35,31620,F1,1,,,,,,F&O + Cash,Financial Services,True,298.6166666666667,298.375,298.85833333333335,298.85833333333335,298.375,0.4833333333333485,0.16159589880753875,Narrow,Bullish,Above CPR,True,False,0.15,60,1515458561.975,Higher,True,Risk On,True,10.432142857142853,301.903,316.7033,0.04633116512609984,0.6981986072724139,False,False,No setup,Neutral,0,Not applicable,No directional setup; confirmation score not applicable.,Narrow CPR,Not applicable,Not applicable,Narrow CPR; Wide CPR rules not applied,0,0,-2,-2
2026-09-18,2026-09-18,CM,NSE,STK,4487,INE150B01039,ALKYLAMINE,EQ,,,,,ALKYL AMINES CHEM. LTD,1846.5,1878.0,1838.9,1863.0,1878.0,1843.8,,1863.26,,,55371,102931228.6,6365,F1,1,,,,,,Cash Only,Unclassified,False,1859.9666666666665,1858.45,1861.483333333333,1861.483333333333,1858.45,3.0333333333328483,0.16281982465554742,Narrow,Bullish,Above CPR,True,False,0.18333333333333332,60,127832720.2,Higher,True,Risk On,True,71.7,1912.7820000000002,1827.907,0.042305904230583655,0.805202521224296,False,True,No setup,Neutral,0,Not applicable,No directional setup; confirmation score not applicable.,Narrow CPR,Not applicable,Not applicable,Narrow CPR; Wide CPR rules not applied,0,0,0,0
2026-09-18,2026-09-18,CM,NSE,STK,28859,INE195N01013,PROZONER,EQ,,,,,PROZONE REALTY LIMITED,53.59,53.98,52.1,53.17,53.5,53.6,,53.17,,,159033,8412225.77,1229,F1,1,,,,,,Cash Only,Unclassified,False,53.083333333333336,53.04,53.12666666666667,53.12666666666667,53.04,0.08666666666667311,0.16299918500408708,Narrow,Bullish,Above CPR,True,False,0.1,60,7533779.38,Inside,True,Risk On,True,2.802857142857143,44.7782,47.477700000000006,0.030920829085969,1.1166010239604334,True,True,No setup,Neutral,0,Not applicable,No directional setup; confirmation score not applicable.,Narrow CPR,Not applicable,Not applicable,Narrow CPR; Wide CPR rules not applied,0,0,0,0
2026-09-18,2026-09-18,CM,NSE,STK,341,INE119A01028,BALRAMCHIN,EQ,,,,,BALRAMPUR CHINI MILLS LTD,676.6,679.9,662.0,672.6,677.0,675.7,,672.58,,,1086980,728164187.85,24381,F1,1,,,,,,Cash Only,Fast Moving Consumer Goods,True,671.5,670.95,672.05,672.05,670.95,1.099999999999909,0.16354445435621603,Narrow,Bullish,Above CPR,True,False,0.21666666666666667,60,603260316.275,Lower,True,Risk On,True,33.78571428571431,648.0269999999999,593.503,0.032558139534881,1.20704804908477,True,True,No setup,Neutral,0,Not applicable,No directional setup; confirmation score not applicable.,Narrow CPR,Not applicable,Not applicable,Narrow CPR; Wide CPR rules not applied,0,0,0,0
2026-09-18,2026-09-18,CM,NSE,STK,5206,INE449C01025,ANDREWYU,EQ,,,,,ANDREW YULE & CO. LTD.,25.98,26.66,25.75,26.27,26.01,26.08,,26.25,,,49555,1303547.54,410,F1,1,,,,,,Cash Only,Unclassified,False,26.226666666666663,26.205,26.248333333333328,26.248333333333328,26.205,0.04333333333332945,0.16495368608043184,Narrow,Bullish,Above CPR,True,False,0.08333333333333333,24,1724319.33,Higher,True,Risk On,True,1.138571428571429,,,0.038059389376826354,0.7559780356924956,False,False,No setup,Neutral,0,Not applicable,No directional setup; confirmation score not applicable.,Narrow CPR,Not applicable,Not applicable,Narrow CPR; Wide CPR rules not applied,0,0,0,0
2026-09-18,2026-09-18,CM,NSE,STK,15355,INE020B01018,RECLTD,EQ,,,,,REC LIMITED,311.0,313.4,309.05,312.0,312.0,310.5,,312.0,,,4686436,1460489170.25,32055,F1,1,,,,,,F&O + Cash,Financial Services,True,311.48333333333335,311.225,311.7416666666667,311.7416666666667,311.225,0.5166666666666515,0.16559829059828574,Narrow,Bullish,Above CPR,True,False,0.23333333333333334,60,1498851460.85,Overlapping,True,Risk On,True,6.424999999999999,340.24800000000005,345.4655,0.0804150453955878,0.974405542108726,False,False,No setup,Neutral,0,Not applicable,No directional setup; confirmation score not applicable.,Narrow CPR,Not applicable,Not applicable,Narrow CPR; Wide CPR rules not applied,0,0,0,0
2026-09-18,2026-09-18,CM,NSE,STK,3672,INE624Z01016,SOLARA,EQ,,,,,SOLARA ACTIVE PHA SCI LTD,741.7,750.4,730.0,742.05,744.0,741.7,,741.92,,,260108,192514798.9,11434,F1,1,,,,,,Cash Only,Unclassified,False,740.8166666666666,740.2,741.4333333333332,741.4333333333332,740.2,1.2333333333331211,0.16620623048758454,Narrow,Bullish,Above CPR,True,False,0.2,60,122848912.275,Higher,True,Risk On,True,41.357142857142854,588.387,569.957,0.029821531375930393,1.5670859052382278,True,True,No setup,Neutral,0,Not applicable,No directional setup; confirmation score not applicable.,Narrow CPR,Not applicable,Not applicable,Narrow CPR; Wide CPR rules not applied,0,0,0,0
2026-09-18,2026-09-18,CM,NSE,STK,5049,INE227W01023,CLEAN,EQ,,,,,CLEAN SCIENCE & TECH LTD,831.0,872.85,826.7,851.9,852.0,828.15,,851.87,,,891352,764630314.15,30830,F1,1,,,,,,Cash Only,Chemicals,True,850.4833333333335,849.7750000000001,851.1916666666668,851.1916666666668,849.7750000000001,1.4166666666667425,0.16629494854639543,Narrow,Bullish,Above CPR,True,False,0.16666666666666666,60,204805001.4,Higher,True,Risk On,True,27.178571428571438,797.555,793.0965,0.052124397722297995,3.733455281478297,True,True,No setup,Neutral,0,Not applicable,No directional setup; confirmation score not applicable.,Narrow CPR,Not applicable,Not applicable,Narrow CPR; Wide CPR rules not applied,0,0,0,0
2026-09-18,2026-09-18,CM,NSE,STK,14319,INE804H01012,TFL,EQ,,,,,TRANSWARRANTY FIN. LTD.,11.83,12.09,11.83,11.99,12.0,11.81,,11.99,,,56,671.69,6,F1,1,,,,,,Cash Only,Unclassified,False,11.97,11.96,11.98,11.98,11.96,0.019999999999999574,0.1668056713928238,Narrow,Bullish,Above CPR,True,False,0.1,60,84068.015,Higher,True,Risk On,True,0.6892857142857141,11.508,11.847000000000001,0.029015544041450167,0.007989840131231838,True,True,No setup,Neutral,0,Not applicable,No directional setup; confirmation score not applicable.,Narrow CPR,Not applicable,Not applicable,Narrow CPR; Wide CPR rules not applied,0,0,0,0
2026-09-18,2026-09-18,CM,NSE,STK,4279,INE244A01016,DENORA,EQ,,,,,DE NORA INDIA LIMITED,787.85,790.55,770.0,782.25,789.0,784.85,,782.25,,,1861,1450158.35,291,F1,1,,,,,,Cash Only,Unclassified,False,780.9333333333334,780.275,781.5916666666668,781.5916666666668,780.275,1.3166666666668334,0.16831788643871312,Narrow,Bullish,Above CPR,True,False,0.16666666666666666,60,3470015.45,Lower,True,Risk On,True,27.814285714285738,847.3610000000001,819.1015000000001,0.04733778462592617,0.4179112084356858,False,False,No setup,Neutral,0,Not applicable,No directional setup; confirmation score not applicable.,Narrow CPR,Not applicable,Not applicable,Narrow CPR; Wide CPR rules not applied,0,0,0,0
2026-09-18,2026-09-18,CM,NSE,STK,2708,INE603A01013,PRAKASH,EQ,,,,,PRAKASH INDUSTRIES LTD,117.6,119.49,116.93,118.51,118.0,116.98,,118.5,,,371984,43940087.75,3897,F1,1,,,,,,Cash Only,Unclassified,False,118.31,118.21000000000001,118.41,118.41,118.21000000000001,0.19999999999998863,0.16876212977806818,Narrow,Bullish,Above CPR,True,False,0.23333333333333334,60,39821715.56,Higher,True,Risk On,True,3.5999999999999983,126.03059999999999,135.0999,0.05555555555555242,1.1034202603299395,False,False,No setup,Neutral,0,Not applicable,No directional setup; confirmation score not applicable.,Narrow CPR,Not applicable,Not applicable,Narrow CPR; Wide CPR rules not applied,0,0,0,0
2026-09-18,2026-09-18,CM,NSE,STK,759956,INE549H01021,ARSSBL,EQ,,,,,ANAND RATHI SH N STK BR L,503.6,503.6,497.95,502.05,502.0,500.55,,502.06,,,65352,32737711.3,2332,F1,1,,,,,,Cash Only,Unclassified,False,501.2,500.775,501.625,501.625,500.775,0.8500000000000227,0.1693058460312763,Narrow,Bullish,Above CPR,True,False,0.21666666666666667,60,75555103.92500001,Higher,True,Risk On,True,15.228571428571428,515.697,533.6595,0.055816135084429265,0.4332958278039983,False,False,No setup,Neutral,0,Not applicable,No directional setup; confirmation score not applicable.,Narrow CPR,Not applicable,Not applicable,Narrow CPR; Wide CPR rules not applied,0,0,-2,-2
2026-09-18,2026-09-18,CM,NSE,STK,10634,INE900C01027,ASAL,EQ,,,,,AUTOMOTIVE STAMPINGS & AS,446.8,452.5,444.6,449.7,447.5,445.85,,449.72,,,7762,3476706.35,335,F1,1,,,,,,Cash Only,Unclassified,False,448.93333333333334,448.55,449.31666666666666,449.31666666666666,448.55,0.7666666666666515,0.17048402638795898,Narrow,Bullish,Above CPR,True,False,0.15,60,8631218.225000001,Higher,True,Risk On,True,14.764285714285705,496.931,502.86,0.05192710853088112,0.4028059839722103,False,False,No setup,Neutral,0,Not applicable,No directional setup; confirmation score not applicable.,Narrow CPR,Not applicable,Not applicable,Narrow CPR; Wide CPR rules not applied,0,0,0,0
2026-09-18,2026-09-18,CM,NSE,STK,6407,INE112F01022,LAMBODHARA,EQ,,,,,LAMBODHARA TEXTILES LTD.,120.0,121.2,118.6,120.21,120.87,118.74,,120.2,,,6550,784616.0,217,F1,1,,,,,,Cash Only,Unclassified,False,120.00333333333333,119.9,120.10666666666665,120.10666666666665,119.9,0.20666666666664923,0.17192135984248336,Narrow,Bullish,Above CPR,True,False,0.18333333333333332,60,963907.29,Higher,True,Risk On,True,7.072142857142859,121.5084,114.838,0.02922263744402675,0.8139952961658792,False,True,No setup,Neutral,0,Not applicable,No directional setup; confirmation score not applicable.,Narrow CPR,Not applicable,Not applicable,Narrow CPR; Wide CPR rules not applied,0,0,0,0
2026-09-18,2026-09-18,CM,NSE,STK,4136,INE829A01014,BIOFILCHEM,EQ,,,,,BIOFIL CHEM & PHARMA LTD,32.7,33.49,32.0,32.83,32.76,32.86,,32.83,,,16681,547295.11,473,F1,1,,,,,,Cash Only,Unclassified,False,32.77333333333333,32.745000000000005,32.80166666666666,32.80166666666666,32.745000000000005,0.05666666666665776,0.1726063559751988,Narrow,Bullish,Above CPR,True,False,0.26666666666666666,60,273935.81,Lower,True,Risk On,False,1.9371428571428566,32.6372,33.475899999999996,0.029252704031460505,1.9978954558734032,True,False,No setup,Neutral,0,Not applicable,No directional setup; confirmation score not applicable.,Narrow CPR,Not applicable,Not applicable,Narrow CPR; Wide CPR rules not applied,0,0,0,0
2026-09-18,2026-09-18,CM,NSE,STK,765085,INE227B01019,HINDALUMI,EQ,,,,,HIND ALUMINIUM INDS. LTD.,95.5,96.0,92.05,94.27,93.0,93.7,,93.13,,,1778,167206.91,97,F1,1,,,,,,Cash Only,Unclassified,False,94.10666666666667,94.025,94.18833333333333,94.18833333333333,94.025,0.1633333333333269,0.17326120009899956,Narrow,Bullish,Above CPR,True,False,0.16666666666666666,24,229178.035,Higher,True,Risk On,True,4.292142857142859,,,0.038054030066010575,0.7295939595607406,False,False,No setup,Neutral,0,Not applicable,No directional setup; confirmation score not applicable.,Narrow CPR,Not applicable,Not applicable,Narrow CPR; Wide CPR rules not applied,0,0,0,0
2026-09-18,2026-09-18,CM,NSE,STK,764296,INE0QJW01029,LCL,EQ,,,,,LOHIA CORP LIMITED,527.45,547.05,527.35,538.6,537.1,524.95,,538.59,,,322072,173697475.4,16497,F1,1,,,,,,Cash Only,Unclassified,False,537.6666666666666,537.2,538.1333333333332,538.1333333333332,537.2,0.9333333333331666,0.17328877336300902,Narrow,Bullish,Above CPR,True,False,0.1388888888888889,36,338782922.975,Higher,True,Risk On,True,25.86785714285714,,,0.03608081365915873,0.512710244880961,False,False,No setup,Neutral,0,Not applicable,No directional setup; confirmation score not applicable.,Narrow CPR,Not applicable,Not applicable,Narrow CPR; Wide CPR rules not applied,0,0,0,0
2026-09-18,2026-09-18,CM,NSE,STK,11763,INE351F01018,JPPOWER,EQ,,,,,JAIPRAKASH POWER VEN. LTD,15.25,15.49,15.17,15.37,15.35,15.26,,15.37,,,37304111,572526100.55,964557,F1,1,,,,,,Cash Only,Power,True,15.343333333333334,15.33,15.356666666666667,15.356666666666667,15.33,0.026666666666667282,0.17349815658209033,Narrow,Bullish,Above CPR,True,False,0.2,60,605391108.445,Inside,True,Risk On,True,0.4757142857142855,17.0,17.807100000000002,0.05605605605605738,0.9457127674381992,False,False,No setup,Neutral,0,Not applicable,No directional setup; confirmation score not applicable.,Narrow CPR,Not applicable,Not applicable,Narrow CPR; Wide CPR rules not applied,0,0,0,0
2026-09-18,2026-09-18,CM,NSE,STK,765291,INE1EEM01017,BLEL,EQ,,,,,BEHARI LAL ENGINEERING L,437.9,444.3,434.2,440.4,441.0,436.1,,440.38,,,370777,162435652.5,7821,F1,1,,,,,,Cash Only,Unclassified,False,439.6333333333334,439.25,440.01666666666677,440.01666666666677,439.25,0.7666666666667652,0.17408416590980136,Narrow,Bullish,Above CPR,True,False,0.22727272727272727,22,704912735.525,Higher,True,Risk On,True,20.23928571428571,,,0.03788012469855202,0.23043370379600578,False,False,No setup,Neutral,0,Not applicable,No directional setup; confirmation score not applicable.,Narrow CPR,Not applicable,Not applicable,Narrow CPR; Wide CPR rules not applied,0,0,0,0
2026-09-18,2026-09-18,CM,NSE,STK,11935,INE978G01016,SPLIL,EQ,,,,,SPL INDUSTRIES LIMITED,29.65,30.79,29.65,30.3,30.3,29.95,,30.3,,,1395,42029.07,26,F1,1,,,,,,Cash Only,Unclassified,False,30.246666666666666,30.22,30.273333333333333,30.273333333333333,30.22,0.053333333333334565,0.17601760176018005,Narrow,Bullish,Above CPR,True,False,0.11666666666666667,60,204261.91,Higher,True,Risk On,True,1.5328571428571427,31.3304,31.1118,0.03479341410375974,0.20576068244931225,False,False,No setup,Neutral,0,Not applicable,No directional setup; confirmation score not applicable.,Narrow CPR,Not applicable,Not applicable,Narrow CPR; Wide CPR rules not applied,0,0,0,0
2026-09-18,2026-09-18,CM,NSE,STK,764573,INE782D01027,ALFREDHE,EQ,,,,,ALFRED HERBERT INDIA L,2830.0,2830.0,2815.0,2830.0,2830.0,2820.0,,2824.25,,,52,147035.0,11,F1,1,,,,,,Cash Only,Unclassified,False,2825.0,2822.5,2827.5,2827.5,2822.5,5.0,0.17667844522968199,Narrow,Bullish,Above CPR,True,False,0.22727272727272727,22,100947.3,Higher,True,Risk On,True,115.7642857142857,,,0.04319121367310422,1.4565520821260203,False,False,No setup,Neutral,0,Not applicable,No directional setup; confirmation score not applicable.,Narrow CPR,Not applicable,Not applicable,Narrow CPR; Wide CPR rules not applied,0,0,0,0
2026-09-18,2026-09-18,CM,NSE,STK,10794,INE476A01022,CANBK,EQ,,,,,CANARA BANK,123.81,123.89,123.01,123.78,123.78,123.9,,123.78,,,11489793,1418262646.98,53655,F1,1,,,,,,F&O + Cash,Financial Services,True,123.56,123.45,123.67,123.67,123.45,0.21999999999999886,0.17773469058006047,Narrow,Bullish,Above CPR,True,False,0.26666666666666666,60,1963096820.24,Lower,True,Risk On,False,2.1821428571428547,127.15979999999999,129.0464,0.10081833060556424,0.7224618940631818,False,False,No setup,Neutral,0,Not applicable,No directional setup; confirmation score not applicable.,Narrow CPR,Not applicable,Not applicable,Narrow CPR; Wide CPR rules not applied,0,0,0,0
2026-09-18,2026-09-18,CM,NSE,STK,18921,INE200M01039,VBL,EQ,,,,,VARUN BEVERAGES LIMITED,416.9,425.4,416.25,421.95,421.95,415.45,,421.95,,,7581873,3196409977.15,48874,F1,1,,,,,,F&O + Cash,Fast Moving Consumer Goods,True,421.2,420.825,421.575,421.575,420.825,0.75,0.17774617845716317,Narrow,Bullish,Above CPR,True,False,0.2833333333333333,60,2146394381.8,Higher,True,Risk On,False,9.724999999999998,435.81700000000006,475.8035,0.07712082262210798,1.4891997501733305,False,False,No setup,Neutral,0,Not applicable,No directional setup; confirmation score not applicable.,Narrow CPR,Not applicable,Not applicable,Narrow CPR; Wide CPR rules not applied,0,0,0,0
2026-09-18,2026-09-18,CM,NSE,STK,766056,INE590T01012,KARAMTARA,EQ,,,,,KARAMTARA ENGINEERING L,369.0,377.9,331.3,355.55,350.0,352.0,,355.58,,,29625649,10468499995.65,335456,F1,1,,,,,,Cash Only,Unclassified,False,354.9166666666667,354.6,355.23333333333335,355.23333333333335,354.6,0.6333333333333258,0.1781277832466111,Narrow,Bullish,Above CPR,True,False,0.5,2,9893977990.4,Higher,False,Risk On,False,,,,,1.0580678475136545,False,False,No setup,Neutral,0,Not applicable,No directional setup; confirmation score not applicable.,Narrow CPR,Not applicable,Not applicable,Narrow CPR; Wide CPR rules not applied,0,0,0,0
2026-09-18,2026-09-18,CM,NSE,STK,12913,INE324X01026,SARVESHWAR,EQ,,,,,SARVESHWAR FOODS LIMITED,3.73,3.79,3.67,3.74,3.71,3.72,,3.74,,,983863,3654107.83,1484,F1,1,,,,,,Cash Only,Unclassified,False,3.733333333333333,3.73,3.736666666666666,3.736666666666666,3.73,0.0066666666666659324,0.1782531194295704,Narrow,Bullish,Above CPR,True,False,0.16666666666666666,60,6611503.515000001,Lower,True,Risk On,True,0.20642857142857143,3.6108,3.6277,0.032295271049592754,0.5526893877783864,True,True,No setup,Neutral,0,Not applicable,No directional setup; confirmation score not applicable.,Narrow CPR,Not applicable,Not applicable,Narrow CPR; Wide CPR rules not applied,0,0,0,0
2026-09-18,2026-09-18,CM,NSE,STK,29452,INE943P01029,AGARWALEYE,EQ,,,,,DR AGARWALS HEALTH CARE L,500.25,503.0,495.2,500.45,502.9,500.15,,500.45,,,105331,52553862.85,9809,F1,1,,,,,,Cash Only,Unclassified,False,499.55,499.1,500.0,500.0,499.1,0.8999999999999773,0.17983814566889345,Narrow,Bullish,Above CPR,True,False,0.3,60,74886656.8,Outside,True,Risk On,False,14.535714285714294,502.43199999999996,482.412,0.061916461916460316,0.701778729291598,False,True,No setup,Neutral,0,Not applicable,No directional setup; confirmation score not applicable.,Narrow CPR,Not applicable,Not applicable,Narrow CPR; Wide CPR rules not applied,0,0,0,0
2026-09-18,2026-09-18,CM,NSE,STK,13501,INE418H01029,ALLCARGO,EQ,,,,,ALLCARGO LOGISTICS LTD,11.0,11.32,10.84,11.11,11.12,11.03,,11.11,,,7521321,83112467.62,8263,F1,1,,,,,,Cash Only,Unclassified,False,11.089999999999998,11.08,11.099999999999996,11.099999999999996,11.08,0.01999999999999602,0.1800180018001442,Narrow,Bullish,Above CPR,True,False,0.13333333333333333,60,83853621.4,Overlapping,True,Risk On,True,0.6542857142857142,10.159600000000001,9.5026,0.03056768558951357,0.9911613384416096,True,True,No setup,Neutral,0,Not applicable,No directional setup; confirmation score not applicable.,Narrow CPR,Not applicable,Not applicable,Narrow CPR; Wide CPR rules not applied,0,0,0,0
2026-09-18,2026-09-18,CM,NSE,STK,4391,INE635Q01029,GULFOILLUB,EQ,,,,,GULF OIL LUB. IND. LTD.,1070.9,1073.1,1061.3,1070.1,1073.0,1064.0,,1069.88,,,30222,32317506.5,3972,F1,1,,,,,,Cash Only,Unclassified,False,1068.1666666666665,1067.1999999999998,1069.1333333333332,1069.1333333333332,1067.1999999999998,1.933333333333394,0.18066847335140584,Narrow,Bullish,Above CPR,True,False,0.3,60,62492261.5,Higher,True,Risk On,False,30.971428571428582,1098.482,1038.506,0.06242312423124425,0.5171441347181842,False,True,No setup,Neutral,0,Not applicable,No directional setup; confirmation score not applicable.,Narrow CPR,Not applicable,Not applicable,Narrow CPR; Wide CPR rules not applied,0,0,0,0
2026-09-18,2026-09-18,CM,NSE,STK,19113,INE851I01011,UDS,EQ,,,,,UPDATER SERVICES LIMITED,191.0,191.57,187.02,189.82,189.0,188.25,,189.85,,,72939,13770483.1,2083,F1,1,,,,,,Cash Only,Unclassified,False,189.47000000000003,189.29500000000002,189.64500000000004,189.64500000000004,189.29500000000002,0.35000000000002274,0.18438520703825875,Narrow,Bullish,Above CPR,True,False,0.2,60,65105960.54000001,Overlapping,True,Risk On,True,10.605000000000004,208.672,193.1737,0.03300330033003514,0.21150879252506607,False,False,No setup,Neutral,0,Not applicable,No directional setup; confirmation score not applicable.,Narrow CPR,Not applicable,Not applicable,Narrow CPR; Wide CPR rules not applied,0,0,0,0
2026-09-18,2026-09-18,CM,NSE,STK,13880,INE213C01025,BANCOINDIA,EQ,,,,,BANCO PRODUCTS (I) LTD,596.0,608.65,596.0,604.0,603.9,593.05,,604.01,,,92889,56102720.2,5902,F1,1,,,,,,Cash Only,Unclassified,False,602.8833333333333,602.325,603.4416666666666,603.4416666666666,602.325,1.1166666666665606,0.18487858719645042,Narrow,Bullish,Above CPR,True,False,0.4,60,69406570.82499999,Higher,True,Risk On,False,16.07500000000002,633.212,639.0645000000001,0.06946604458267865,0.8083200125454406,False,False,No setup,Neutral,0,Not applicable,No directional setup; confirmation score not applicable.,Narrow CPR,Not applicable,Not applicable,Narrow CPR; Wide CPR rules not applied,0,0,0,0
2026-09-18,2026-09-18,CM,NSE,STK,4481,INE767A01016,AARTIDRUGS,EQ,,,,,AARTI DRUGS LTD.,428.35,435.2,426.0,431.8,432.7,428.35,,431.8,,,88332,38104319.55,3735,F1,1,,,,,,Cash Only,Unclassified,False,431.0,430.6,431.4,431.4,430.6,0.7999999999999545,0.18527095877720112,Narrow,Bullish,Above CPR,True,False,0.23333333333333334,60,60094355.625,Higher,True,Risk On,True,15.742857142857133,418.35699999999997,398.7845,0.05081669691469769,0.6340748503533021,True,True,No setup,Neutral,0,Not applicable,No directional setup; confirmation score not applicable.,Narrow CPR,Not applicable,Not applicable,Narrow CPR; Wide CPR rules not applied,0,0,0,0
2026-09-18,2026-09-18,CM,NSE,STK,764850,INE0AK901016,RRECL,EQ,,,,,RDB REAL ESTATE CONS L,130.01,147.0,130.0,138.89,138.89,144.0,,138.89,,,1174,160961.95,44,F1,1,,,,,,Cash Only,Unclassified,False,138.63,138.5,138.76,138.76,138.5,0.2599999999999909,0.1871985024119742,Narrow,Bullish,Above CPR,True,False,0.21739130434782608,23,71479.7,Inside,True,Risk On,True,11.930714285714284,,,0.021792492366639965,2.251855421889012,False,False,No setup,Neutral,0,Not applicable,No directional setup; confirmation score not applicable.,Narrow CPR,Not applicable,Not applicable,Narrow CPR; Wide CPR rules not applied,0,0,0,0
2026-09-18,2026-09-18,CM,NSE,STK,6068,INE801L01010,AIROLAM,EQ,,,,,AIRO LAM LIMITED,89.8,92.0,85.5,89.0,89.0,86.15,,89.0,,,12571,1124723.78,115,F1,1,,,,,,Cash Only,Unclassified,False,88.83333333333333,88.75,88.91666666666666,88.91666666666666,88.75,0.1666666666666572,0.1872659176029856,Narrow,Bullish,Above CPR,True,False,0.16666666666666666,60,198383.87,Higher,True,Risk On,True,3.8992857142857154,88.01459999999999,87.2392,0.04274287109971057,5.669431592397104,True,True,No setup,Neutral,0,Not applicable,No directional setup; confirmation score not applicable.,Narrow CPR,Not applicable,Not applicable,Narrow CPR; Wide CPR rules not applied,0,0,0,0
2026-09-18,2026-09-18,CM,NSE,STK,14908,INE291D01011,KDDL,EQ,,,,,KDDL LIMITED,3851.0,3875.0,3820.0,3858.4,3870.2,3837.6,,3858.34,,,7233,27855339.8,1938,F1,1,,,,,,Cash Only,Unclassified,False,3851.133333333333,3847.5,3854.7666666666664,3854.7666666666664,3847.5,7.266666666666424,0.18833367889971037,Narrow,Bullish,Above CPR,True,False,0.18333333333333332,60,79045634.15,Overlapping,True,Risk On,True,111.65714285714287,3657.9960000000005,3218.796,0.06508017741384975,0.3523956775037145,True,True,No setup,Neutral,0,Not applicable,No directional setup; confirmation score not applicable.,Narrow CPR,Not applicable,Not applicable,Narrow CPR; Wide CPR rules not applied,0,0,0,0
2026-09-18,2026-09-18,CM,NSE,STK,762889,INE440T01028,SEIL,EQ,,,,,SHANTI EDU INITIATIVES L,195.24,195.24,188.05,192.19,188.05,193.07,,192.25,,,257466,49498206.99,1843,F1,1,,,,,,Cash Only,Unclassified,False,191.82666666666668,191.645,192.00833333333335,192.00833333333335,191.645,0.36333333333334394,0.18904903134051926,Narrow,Bullish,Above CPR,True,False,0.21666666666666667,60,60515312.865,Inside,True,Risk On,True,7.15571428571428,204.2906,203.9176,0.050775271178546806,0.8179451554753191,False,False,No setup,Neutral,0,Not applicable,No directional setup; confirmation score not applicable.,Narrow CPR,Not applicable,Not applicable,Narrow CPR; Wide CPR rules not applied,0,0,0,0
2026-09-18,2026-09-18,CM,NSE,STK,15124,INE094I01018,KOLTEPATIL,EQ,,,,,KOLTE PATIL DEV. LTD.,433.1,438.05,423.0,431.75,432.0,433.1,,431.65,,,117469,50637363.75,5288,F1,1,,,,,,Cash Only,Unclassified,False,430.93333333333334,430.525,431.3416666666667,431.3416666666667,430.525,0.8166666666667197,0.18915267322911863,Narrow,Bullish,Above CPR,True,False,0.15,60,29225688.275,Overlapping,True,Risk On,True,16.74285714285714,428.144,400.106,0.04877701934016245,1.732632034993537,True,True,No setup,Neutral,0,Not applicable,No directional setup; confirmation score not applicable.,Narrow CPR,Not applicable,Not applicable,Narrow CPR; Wide CPR rules not applied,0,0,0,0
2026-09-18,2026-09-18,CM,NSE,STK,764673,INE515H01014,EMPIND,EQ,,,,,EMPIRE INDUSTRIES LTD.,1043.8,1064.8,1043.4,1057.1,1056.0,1065.3,,1057.09,,,968,1022832.8,104,F1,1,,,,,,Cash Only,Unclassified,False,1055.1,1054.1,1056.1,1056.1,1054.1,2.0,0.1891968593321351,Narrow,Bullish,Above CPR,True,False,0.20833333333333334,24,4800918.3,Inside,True,Risk On,True,35.107142857142875,,,0.05696846388606304,0.21304940765186528,False,False,No setup,Neutral,0,Not applicable,No directional setup; confirmation score not applicable.,Narrow CPR,Not applicable,Not applicable,Narrow CPR; Wide CPR rules not applied,0,0,0,0
2026-09-18,2026-09-18,CM,NSE,STK,11743,INE796G01012,JINDALPHOT,EQ,,,,,JINDAL PHOTO LIMITED,1129.7,1135.0,1109.8,1125.6,1134.9,1129.4,,1125.59,,,7243,8139023.9,409,F1,1,,,,,,Cash Only,Unclassified,False,1123.4666666666667,1122.4,1124.5333333333333,1124.5333333333333,1122.4,2.133333333333212,0.1895285477374922,Narrow,Bullish,Above CPR,True,False,0.11666666666666667,60,2662861.2,Overlapping,True,Risk On,True,43.58571428571427,1066.452,1074.994,0.04894570086310223,3.056495734738258,True,True,No setup,Neutral,0,Not applicable,No directional setup; confirmation score not applicable.,Narrow CPR,Not applicable,Not applicable,Narrow CPR; Wide CPR rules not applied,0,0,0,0
2026-09-18,2026-09-18,CM,NSE,STK,1628,INE495P01020,BECTORFOOD,EQ,,,,,MRS BECTORS FOOD SPE LTD,222.55,224.5,217.34,221.55,223.07,220.81,,221.55,,,1369086,301904121.91,26747,F1,1,,,,,,Cash Only,Unclassified,False,221.13000000000002,220.92000000000002,221.34000000000003,221.34000000000003,220.92000000000002,0.4200000000000159,0.18957345971564699,Narrow,Bullish,Above CPR,True,False,0.11666666666666667,60,370116179.72,Outside,True,Risk On,True,10.026428571428568,222.91459999999998,202.871,0.04188929258388705,0.8157009567601078,False,True,No setup,Neutral,0,Not applicable,No directional setup; confirmation score not applicable.,Narrow CPR,Not applicable,Not applicable,Narrow CPR; Wide CPR rules not applied,0,0,0,0
2026-09-18,2026-09-18,CM,NSE,STK,14435,INE573A01042,JKTYRE,EQ,,,,,JK TYRE & INDUSTRIES LTD,352.25,352.3,344.4,349.35,349.5,348.55,,349.36,,,621396,216122776.1,15324,F1,1,,,,,,Cash Only,Automobile and Auto Components,True,348.6833333333334,348.35,349.01666666666677,349.01666666666677,348.35,0.6666666666667425,0.1908305901436217,Narrow,Bullish,Above CPR,True,False,0.26666666666666666,60,229351191.425,Higher,True,Risk On,False,7.403571428571415,384.809,388.1825,0.09004663129121478,0.9423224477587864,False,False,No setup,Neutral,0,Not applicable,No directional setup; confirmation score not applicable.,Narrow CPR,Not applicable,Not applicable,Narrow CPR; Wide CPR rules not applied,0,0,0,0
2026-09-18,2026-09-18,CM,NSE,STK,4566,INE413B01023,RUCHINFRA,EQ,,,,,RUCHI INFRASTRUCTURE LTD,5.27,5.27,5.1,5.2,5.2,5.14,,5.21,,,58791,303360.97,144,F1,1,,,,,,Cash Only,Unclassified,False,5.19,5.185,5.195000000000001,5.195000000000001,5.185,0.010000000000001563,0.19230769230772238,Narrow,Bullish,Above CPR,True,False,0.16666666666666666,60,252540.78499999997,Overlapping,True,Risk On,True,0.3564285714285714,5.7534,6.0116,0.028056112224453287,1.201235554882749,False,False,No setup,Neutral,0,Not applicable,No directional setup; confirmation score not applicable.,Narrow CPR,Not applicable,Not applicable,Narrow CPR; Wide CPR rules not applied,0,0,0,0
2026-09-18,2026-09-18,CM,NSE,STK,15347,INE871H01011,GSS,EQ,,,,,GSS INFOTECH LIMITED,10.28,10.6,10.08,10.37,10.43,10.02,,10.37,,,31000,321049.54,208,F1,1,,,,,,Cash Only,Unclassified,False,10.35,10.34,10.36,10.36,10.34,0.019999999999999574,0.19286403085824083,Narrow,Bullish,Above CPR,True,False,0.11666666666666667,60,651403.35,Higher,True,Risk On,True,0.7178571428571426,12.561,12.9637,0.02786069651741235,0.4928582881865744,False,False,No setup,Neutral,0,Not applicable,No directional setup; confirmation score not applicable.,Narrow CPR,Not applicable,Not applicable,Narrow CPR; Wide CPR rules not applied,0,0,0,0
2026-09-18,2026-09-18,CM,NSE,STK,764713,INE558A01019,IPRINGLTD,EQ,,,,,IP RINGS LTD.,138.5,141.99,137.1,139.95,140.0,137.0,,139.95,,,2570,358027.37,79,F1,1,,,,,,Cash Only,Unclassified,False,139.68,139.54500000000002,139.815,139.815,139.54500000000002,0.2699999999999818,0.1929260450160642,Narrow,Bullish,Above CPR,True,False,0.125,24,333822.57999999996,Inside,True,Risk On,True,14.129285714285711,,,0.019109246246396774,1.0725079471855978,False,False,No setup,Neutral,0,Not applicable,No directional setup; confirmation score not applicable.,Narrow CPR,Not applicable,Not applicable,Narrow CPR; Wide CPR rules not applied,0,0,0,0
2026-09-18,2026-09-18,CM,NSE,STK,2595,INE105C01023,3PLAND,EQ,,,,,3P LAND HOLDINGS LIMITED,31.5,31.5,30.5,31.09,31.0,31.4,,31.09,,,721,22395.04,74,F1,1,,,,,,Cash Only,Unclassified,False,31.03,31.0,31.060000000000002,31.060000000000002,31.0,0.060000000000002274,0.1929880990672315,Narrow,Bullish,Above CPR,True,False,0.1,60,74224.97,Lower,True,Risk On,True,1.543571428571428,31.9228,32.3104,0.03887089310504545,0.30171841093367907,False,False,No setup,Neutral,0,Not applicable,No directional setup; confirmation score not applicable.,Narrow CPR,Not applicable,Not applicable,Narrow CPR; Wide CPR rules not applied,0,0,0,0
2026-09-18,2026-09-18,CM,NSE,STK,9087,INE751B01018,PIXTRANS,EQ,,,,,PIX TRANSMISSIONS LIMITED,1724.6,1749.0,1723.1,1741.1,1742.0,1724.6,,1741.11,,,4141,7192634.7,969,F1,1,,,,,,Cash Only,Unclassified,False,1737.7333333333333,1736.05,1739.4166666666667,1739.4166666666667,1736.05,3.366666666666788,0.19336434820899365,Narrow,Bullish,Above CPR,True,False,0.16666666666666666,60,24884101.05,Higher,True,Risk On,True,42.357142857142875,1799.264,1708.2040000000002,0.07948285553682126,0.2890453902894756,False,True,No setup,Neutral,0,Not applicable,No directional setup; confirmation score not applicable.,Narrow CPR,Not applicable,Not applicable,Narrow CPR; Wide CPR rules not applied,0,0,0,0
2026-09-18,2026-09-18,CM,NSE,STK,29025,INE622H01018,INDOFARM,EQ,,,,,INDO FARM EQUIPMENT LTD,135.9,137.74,135.02,136.78,136.51,135.07,,136.78,,,92008,12523715.52,1168,F1,1,,,,,,Cash Only,Unclassified,False,136.51333333333332,136.38,136.64666666666665,136.64666666666665,136.38,0.2666666666666515,0.19496027684358203,Narrow,Bullish,Above CPR,True,False,0.13333333333333333,60,20136088.5,Higher,True,Risk On,True,6.047142857142859,147.53799999999998,142.8769,0.04409796046932577,0.6219537384333605,False,False,No setup,Neutral,0,Not applicable,No directional setup; confirmation score not applicable.,Narrow CPR,Not applicable,Not applicable,Narrow CPR; Wide CPR rules not applied,0,0,0,0
2026-09-18,2026-09-18,CM,NSE,STK,1485,INE559A01017,IFBIND,EQ,,,,,IFB INDUSTRIES LTD,1208.1,1234.9,1208.1,1225.1,1234.8,1217.9,,1225.24,,,22497,27469346.7,2266,F1,1,,,,,,Cash Only,Unclassified,False,1222.7,1221.5,1223.9,1223.9,1221.5,2.400000000000091,0.19590237531630816,Narrow,Bullish,Above CPR,True,False,0.23333333333333334,60,55066737.900000006,Overlapping,True,Risk On,True,39.30000000000003,1343.7320000000002,1279.8310000000001,0.0610687022900786,0.49883736984536353,False,False,No setup,Neutral,0,Not applicable,No directional setup; confirmation score not applicable.,Narrow CPR,Not applicable,Not applicable,Narrow CPR; Wide CPR rules not applied,0,0,0,0
2026-09-18,2026-09-18,CM,NSE,STK,6863,INE411U01027,BAJAJHCARE,EQ,,,,,BAJAJ HEALTHCARE LIMITED,329.0,332.65,326.5,330.55,330.0,328.35,,330.18,,,42148,13876927.95,1700,F1,1,,,,,,Cash Only,Unclassified,False,329.90000000000003,329.575,330.2250000000001,330.2250000000001,329.575,0.650000000000091,0.19664196036910933,Narrow,Bullish,Above CPR,True,False,0.18333333333333332,60,45097140.95,Higher,True,Risk On,True,11.267857142857123,332.91,322.4625,0.057686212361339397,0.30771192270005754,False,True,No setup,Neutral,0,Not applicable,No directional setup; confirmation score not applicable.,Narrow CPR,Not applicable,Not applicable,Narrow CPR; Wide CPR rules not applied,0,0,0,0
2026-09-18,2026-09-18,CM,NSE,STK,9385,INE195J01029,PNCINFRA,EQ,,,,,PNC INFRATECH LTD.,139.66,141.21,135.71,138.87,138.25,139.55,,138.86,,,2445538,338592109.63,27210,F1,1,,,,,,Cash Only,Unclassified,False,138.59666666666666,138.46,138.73333333333332,138.73333333333332,138.46,0.2733333333333121,0.1968267684404926,Narrow,Bullish,Above CPR,True,False,0.2,60,97544238.62,Overlapping,True,Risk On,True,9.411428571428576,212.1114,215.42719999999997,0.029042703906089613,3.471164616385418,False,False,No setup,Neutral,0,Not applicable,No directional setup; confirmation score not applicable.,Narrow CPR,Not applicable,Not applicable,Narrow CPR; Wide CPR rules not applied,0,0,0,0
2026-09-18,2026-09-18,CM,NSE,STK,759439,INE0R8B01010,PATELRMART,EQ,,,,,PATEL RETAIL LIMITED,204.89,206.9,203.42,205.77,206.85,202.84,,205.77,,,19068,3915457.28,836,F1,1,,,,,,Cash Only,Unclassified,False,205.36333333333334,205.16,205.5666666666667,205.5666666666667,205.16,0.4066666666666947,0.197631659943964,Narrow,Bullish,Above CPR,True,False,0.25,60,16332932.23,Higher,True,Risk On,True,6.820714285714288,221.7728,214.7667,0.05962229901909858,0.23972776136352092,False,False,No setup,Neutral,0,Not applicable,No directional setup; confirmation score not applicable.,Narrow CPR,Not applicable,Not applicable,Narrow CPR; Wide CPR rules not applied,0,0,0,0
2026-09-18,2026-09-18,CM,NSE,STK,14385,INE063E01061,POCL,EQ,,,,,PONDY OXIDES & CHEM LTD,470.0,476.0,461.1,469.95,476.0,470.25,,469.82,,,298950,139805453.35,9568,F1,1,,,,,,Cash Only,Unclassified,False,469.01666666666665,468.55,469.4833333333333,469.4833333333333,468.55,0.9333333333332803,0.19860268822923297,Narrow,Bullish,Above CPR,True,False,0.21666666666666667,60,216227158.925,Higher,True,Risk On,True,18.703571428571422,623.815,995.8485,0.04990134300808069,0.6465674989444437,False,False,No setup,Neutral,0,Not applicable,No directional setup; confirmation score not applicable.,Narrow CPR,Not applicable,Not applicable,Narrow CPR; Wide CPR rules not applied,0,0,0,0
2026-09-18,2026-09-18,CM,NSE,STK,13592,INE596H01014,HGM,EQ,,,,,HANDSON GBL MNGMNT LTD,49.33,49.33,47.4,48.51,48.7,47.79,,48.51,,,546,26546.47,22,F1,1,,,,,,Cash Only,Unclassified,False,48.41333333333333,48.364999999999995,48.46166666666666,48.46166666666666,48.364999999999995,0.09666666666666401,0.19927162784305094,Narrow,Bullish,Above CPR,True,False,0.16666666666666666,60,154278.07,Higher,True,Risk On,True,3.362857142857144,48.2142,52.2243,0.02874539790427561,0.1720689790843248,True,False,No setup,Neutral,0,Not applicable,No directional setup; confirmation score not applicable.,Narrow CPR,Not applicable,Not applicable,Narrow CPR; Wide CPR rules not applied,0,0,0,0
2026-09-18,2026-09-18,CM,NSE,STK,10473,INE211R01019,POWERMECH,EQ,,,,,POWER MECH PROJECTS LTD.,2345.2,2392.0,2336.6,2371.4,2374.2,2339.0,,2371.67,,,37848,89673387.8,6093,F1,1,,,,,,Cash Only,Unclassified,False,2366.6666666666665,2364.3,2369.033333333333,2369.033333333333,2364.3,4.733333333332666,0.1996007984031655,Narrow,Bullish,Above CPR,True,False,0.23333333333333334,60,132078084.94999999,Higher,True,Risk On,True,82.77857142857147,2506.522,2553.379,0.05718065982108663,0.6789422169010636,False,False,No setup,Neutral,0,Not applicable,No directional setup; confirmation score not applicable.,Narrow CPR,Not applicable,Not applicable,Narrow CPR; Wide CPR rules not applied,0,0,0,0
2026-09-18,2026-09-18,CM,NSE,STK,15067,INE0N7W01012,BLAL,EQ,,,,,BEML LAND ASSETS LIMITED,162.47,164.99,160.01,162.99,163.3,162.37,,162.99,,,20633,3348480.36,510,F1,1,,,,,,Cash Only,Unclassified,False,162.66333333333333,162.5,162.82666666666665,162.82666666666665,162.5,0.3266666666666538,0.2004212937398943,Narrow,Bullish,Above CPR,True,False,0.23333333333333334,60,2508939.9000000004,Higher,True,Risk On,True,3.5057142857142805,170.8114,179.36880000000002,0.09318120076065933,1.3346195977033963,False,False,No setup,Neutral,0,Not applicable,No directional setup; confirmation score not applicable.,Narrow CPR,Not applicable,Not applicable,Narrow CPR; Wide CPR rules not applied,0,0,0,0
2026-09-18,2026-09-18,CM,NSE,STK,17271,INE602W01027,SENCO,EQ,,,,,SENCO GOLD LIMITED,344.5,352.8,341.1,348.0,346.3,342.35,,348.01,,,606311,210880570.05,18175,F1,1,,,,,,Cash Only,Unclassified,False,347.3,346.95000000000005,347.65,347.65,346.95000000000005,0.6999999999999318,0.2011494252873367,Narrow,Bullish,Above CPR,True,False,0.15,60,375230842.54999995,Higher,True,Risk On,True,11.449999999999998,367.885,352.46049999999997,0.06113537117903336,0.562002229392697,False,False,No setup,Neutral,0,Not applicable,No directional setup; confirmation score not applicable.,Narrow CPR,Not applicable,Not applicable,Narrow CPR; Wide CPR rules not applied,0,0,0,0
2026-09-18,2026-09-18,CM,NSE,STK,20560,INE325C01035,DOLLAR,EQ,,,,,DOLLAR INDUSTRIES LIMITED,268.0,278.0,266.85,273.25,274.0,267.0,,273.26,,,161698,44279963.0,4387,F1,1,,,,,,Cash Only,Unclassified,False,272.7,272.425,272.97499999999997,272.97499999999997,272.425,0.5499999999999545,0.20128087831654326,Narrow,Bullish,Above CPR,True,False,0.31666666666666665,60,27059551.4,Higher,True,Risk On,False,8.635714285714275,267.75,268.9305,0.06368899917286495,1.6363893970540844,True,True,No setup,Neutral,0,Not applicable,No directional setup; confirmation score not applicable.,Narrow CPR,Not applicable,Not applicable,Narrow CPR; Wide CPR rules not applied,0,0,0,0
2026-09-18,2026-09-18,CM,NSE,STK,8479,INE494B01023,TVSMOTOR,EQ,,,,,TVS MOTOR COMPANY  LTD,4125.0,4195.0,4122.1,4171.3,4171.3,4101.7,,4171.28,,,1304681,5445299202.3,56060,F1,1,,,,,,F&O + Cash,Automobile and Auto Components,True,4162.8,4158.55,4167.05,4167.05,4158.55,8.5,0.20377340397478003,Narrow,Bullish,Above CPR,True,False,0.35,60,3472059094.95,Higher,True,Risk On,False,110.39285714285714,4142.024,3806.5609999999997,0.07699773536072468,1.5683198509553065,True,True,No setup,Neutral,0,Not applicable,No directional setup; confirmation score not applicable.,Narrow CPR,Not applicable,Not applicable,Narrow CPR; Wide CPR rules not applied,0,0,0,0
2026-09-18,2026-09-18,CM,NSE,STK,17598,INE073G01016,ASALCBR,EQ,,,,,ASSO ALCOHOLS & BREW LTD,658.05,666.0,649.05,659.55,656.0,656.95,,659.5,,,20148,13199565.55,2443,F1,1,,,,,,Cash Only,Unclassified,False,658.1999999999999,657.525,658.8749999999999,658.8749999999999,657.525,1.349999999999909,0.20468501250851479,Narrow,Bullish,Above CPR,True,False,0.3,60,20312118.6,Higher,True,Risk On,False,20.678571428571452,741.181,795.3934999999999,0.06528497409325977,0.6498369672772588,False,False,No setup,Neutral,0,Not applicable,No directional setup; confirmation score not applicable.,Narrow CPR,Not applicable,Not applicable,Narrow CPR; Wide CPR rules not applied,0,0,0,0
2026-09-18,2026-09-18,CM,NSE,STK,21428,INF277KA1984,TATSILV,EQ,,,,,TATAAML-TATSILV,22.48,22.87,22.47,22.74,22.76,21.99,,22.74,,,58813645,1332447291.75,46662,F1,1,,,,,,Cash Only,Unclassified,False,22.69333333333333,22.67,22.71666666666666,22.71666666666666,22.67,0.04666666666665975,0.20521841102312996,Narrow,Bullish,Above CPR,True,False,0.3,60,924977807.265,Higher,True,Risk On,False,0.6464285714285715,22.042,22.918899999999997,0.072191528545109,1.440518119769616,True,False,No setup,Neutral,0,Not applicable,No directional setup; confirmation score not applicable.,Narrow CPR,Not applicable,Not applicable,Narrow CPR; Wide CPR rules not applied,0,0,0,0
2026-09-18,2026-09-18,CM,NSE,STK,20159,INE643K01018,ARIHANTSUP,EQ,,,,,ARIHANT SUPERSTRUCT LTD,231.0,231.0,222.0,227.2,229.8,228.95,,227.2,,,4595,1036098.0,113,F1,1,,,,,,Cash Only,Unclassified,False,226.73333333333335,226.5,226.9666666666667,226.9666666666667,226.5,0.466666666666697,0.20539906103287722,Narrow,Bullish,Above CPR,True,False,0.25,60,2045904.6749999998,Inside,True,Risk On,True,10.342857142857145,250.903,256.073,0.04511970534070274,0.5064253543484376,False,False,No setup,Neutral,0,Not applicable,No directional setup; confirmation score not applicable.,Narrow CPR,Not applicable,Not applicable,Narrow CPR; Wide CPR rules not applied,0,0,-2,-2
2026-09-18,2026-09-18,CM,NSE,STK,2283,INE103A01014,MRPL,EQ,,,,,MRPL,164.36,167.1,162.64,165.38,165.5,163.77,,165.38,,,4824765,794325680.73,37798,F1,1,,,,,,Cash Only,Oil Gas & Consumable Fuels,True,165.04,164.87,165.20999999999998,165.20999999999998,164.87,0.339999999999975,0.20558713266415224,Narrow,Bullish,Above CPR,True,False,0.15,60,1079244198.16,Inside,True,Risk On,True,7.863571428571431,171.03280000000004,162.94889999999998,0.043237351258058394,0.7360018076393121,False,True,No setup,Neutral,0,Not applicable,No directional setup; confirmation score not applicable.,Narrow CPR,Not applicable,Not applicable,Narrow CPR; Wide CPR rules not applied,0,0,0,0
2026-09-18,2026-09-18,CM,NSE,STK,10350,INE718F01018,CSLFINANCE,EQ,,,,,CSL FINANCE LIMITED,216.14,220.31,214.81,218.24,218.5,216.92,,218.28,,,12818,2795272.76,467,F1,1,,,,,,Cash Only,Unclassified,False,217.78666666666666,217.56,218.01333333333332,218.01333333333332,217.56,0.45333333333331893,0.20772238514173338,Narrow,Bullish,Above CPR,True,False,0.25,60,7797418.715,Inside,True,Risk On,True,10.384285714285712,223.487,225.792,0.04365570688310955,0.35848693807127424,False,False,No setup,Neutral,0,Not applicable,No directional setup; confirmation score not applicable.,Narrow CPR,Not applicable,Not applicable,Narrow CPR; Wide CPR rules not applied,0,0,0,0
2026-09-18,2026-09-18,CM,NSE,STK,760346,INE428V01029,NEPHROPLUS,EQ,,,,,NEPHROCARE HEALTH SERV L,742.0,746.95,735.1,743.35,746.0,735.1,,743.37,,,75741,56239461.0,7981,F1,1,,,,,,Cash Only,Unclassified,False,741.8000000000001,741.0250000000001,742.575,742.575,741.0250000000001,1.5499999999999545,0.2085155041366724,Narrow,Bullish,Above CPR,True,False,0.13333333333333333,60,100548961.32499999,Higher,True,Risk On,True,28.607142857142872,691.051,666.0665000000001,0.05418227215979863,0.5593241368075366,True,True,No setup,Neutral,0,Not applicable,No directional setup; confirmation score not applicable.,Narrow CPR,Not applicable,Not applicable,Narrow CPR; Wide CPR rules not applied,0,0,0,0
2026-09-18,2026-09-18,CM,NSE,STK,18060,INE338H01029,CONCORDBIO,EQ,,,,,CONCORD BIOTECH LIMITED,1459.5,1519.9,1459.4,1494.4,1500.0,1461.1,,1494.36,,,170417,255225084.0,13596,F1,1,,,,,,Cash Only,Healthcare,True,1491.2333333333336,1489.65,1492.816666666667,1492.816666666667,1489.65,3.16666666666697,0.21190221270523082,Narrow,Bullish,Above CPR,True,False,0.3,60,153309715.75,Higher,True,Risk On,False,50.89999999999999,1421.914,1321.085,0.062213490504262677,1.6647678377813442,True,True,No setup,Neutral,0,Not applicable,No directional setup; confirmation score not applicable.,Narrow CPR,Not applicable,Not applicable,Narrow CPR; Wide CPR rules not applied,0,0,0,0
2026-09-18,2026-09-18,CM,NSE,STK,3857,INE665L01035,VARROC,EQ,,,,,VARROC ENGINEERING LTD.,852.25,877.05,840.55,861.55,864.1,846.15,,861.56,,,223364,193529997.75,14409,F1,1,,,,,,Cash Only,Unclassified,False,859.7166666666666,858.8,860.6333333333332,860.6333333333332,858.8,1.8333333333332575,0.21279476911766673,Narrow,Bullish,Above CPR,True,False,0.11666666666666667,60,157553270.7,Higher,True,Risk On,True,41.18214285714287,769.559,678.2595,0.04451767698667175,1.228346430957336,True,True,No setup,Neutral,0,Not applicable,No directional setup; confirmation score not applicable.,Narrow CPR,Not applicable,Not applicable,Narrow CPR; Wide CPR rules not applied,0,0,0,0
2026-09-18,2026-09-18,CM,NSE,STK,15239,INE865C01022,BIRLAMONEY,EQ,,,,,ADITYA BIRLA MONEY LTD,120.65,121.8,118.41,120.49,121.8,120.63,,120.49,,,18286,2200205.86,708,F1,1,,,,,,Cash Only,Unclassified,False,120.23333333333333,120.10499999999999,120.36166666666668,120.36166666666668,120.10499999999999,0.256666666666689,0.21301906105626114,Narrow,Bullish,Above CPR,True,False,0.23333333333333334,60,5150679.155,Overlapping,True,Risk On,True,4.052857142857141,131.071,135.6035,0.06332980848314501,0.4271681061446352,False,False,No setup,Neutral,0,Not applicable,No directional setup; confirmation score not applicable.,Narrow CPR,Not applicable,Not applicable,Narrow CPR; Wide CPR rules not applied,0,0,0,0
2026-09-18,2026-09-18,CM,NSE,STK,18644,INE591D01014,DIAMINESQ,EQ,,,,,DIAMINES & CHEMICALS LTD,258.0,259.86,252.03,256.77,259.8,255.04,,256.72,,,2884,738575.89,88,F1,1,,,,,,Cash Only,Unclassified,False,256.21999999999997,255.945,256.49499999999995,256.49499999999995,255.945,0.5499999999999545,0.21419947813216283,Narrow,Bullish,Above CPR,True,False,0.16666666666666666,60,1309105.0750000002,Higher,True,Risk On,True,7.905714285714287,249.0102,252.37620000000004,0.06956993133356851,0.5641838108373386,True,True,No setup,Neutral,0,Not applicable,No directional setup; confirmation score not applicable.,Narrow CPR,Not applicable,Not applicable,Narrow CPR; Wide CPR rules not applied,0,0,0,0
2026-09-18,2026-09-18,CM,NSE,STK,759876,INE12UR01024,UTLSOLAR,EQ,,,,,FUJIYAMA POWER SYSTEMS L,413.0,422.0,412.6,418.65,418.0,408.95,,418.84,,,120238,50036969.55,6289,F1,1,,,,,,Cash Only,Unclassified,False,417.75,417.3,418.2,418.2,417.3,0.8999999999999773,0.21497671085631848,Narrow,Bullish,Above CPR,True,False,0.13333333333333333,60,131247883.825,Higher,True,Risk On,True,19.789285714285718,413.352,357.2876,0.045479155387113085,0.3812402005408105,True,True,No setup,Neutral,0,Not applicable,No directional setup; confirmation score not applicable.,Narrow CPR,Not applicable,Not applicable,Narrow CPR; Wide CPR rules not applied,0,0,0,0
2026-09-18,2026-09-18,CM,NSE,STK,19631,INE726V01018,PRICOLLTD,EQ,,,,,PRICOL LIMITED,752.5,778.0,752.05,767.5,769.8,752.5,,767.54,,,280279,215636380.7,15642,F1,1,,,,,,Cash Only,Unclassified,False,765.85,765.025,766.6750000000001,766.6750000000001,765.025,1.650000000000091,0.21498371335506072,Narrow,Bullish,Above CPR,True,False,0.26666666666666666,60,280545487.075,Higher,True,Risk On,False,27.16428571428573,727.317,653.4985,0.06074151985275115,0.7686325057239383,True,True,No setup,Neutral,0,Not applicable,No directional setup; confirmation score not applicable.,Narrow CPR,Not applicable,Not applicable,Narrow CPR; Wide CPR rules not applied,0,0,0,0
2026-09-18,2026-09-18,CM,NSE,STK,9117,INE716B01029,TIPSMUSIC,EQ,,,,,TIPS MUSIC LIMITED,656.5,667.0,644.15,657.7,654.15,656.6,,657.71,,,502106,330252462.15,21538,F1,1,,,,,,Cash Only,Unclassified,False,656.2833333333334,655.575,656.9916666666668,656.9916666666668,655.575,1.4166666666667425,0.215397090872243,Narrow,Bullish,Above CPR,True,False,0.31666666666666665,60,143157452.95,Overlapping,True,Risk On,False,18.446428571428562,665.712,660.29,0.0767989674088457,2.30691770036832,False,False,No setup,Neutral,0,Not applicable,No directional setup; confirmation score not applicable.,Narrow CPR,Not applicable,Not applicable,Narrow CPR; Wide CPR rules not applied,0,0,0,0
2026-09-18,2026-09-18,CM,NSE,STK,11909,INE409B01013,SWELECTES,EQ,,,,,SWELECT ENERGY SYS LTD,560.0,560.0,550.0,556.8,554.0,552.75,,556.8,,,8473,4711801.05,716,F1,1,,,,,,Cash Only,Unclassified,False,555.6,555.0,556.2,556.2,555.0,1.2000000000000455,0.21551724137931855,Narrow,Bullish,Above CPR,True,False,0.2,60,10921790.024999999,Higher,True,Risk On,True,21.96785714285713,609.776,626.0145,0.054625264184687515,0.43141289470083916,False,False,No setup,Neutral,0,Not applicable,No directional setup; confirmation score not applicable.,Narrow CPR,Not applicable,Not applicable,Narrow CPR; Wide CPR rules not applied,0,0,0,0
2026-09-18,2026-09-18,CM,NSE,STK,3812,INE256A01028,ZEEL,EQ,,,,,ZEE ENTERTAINMENT ENT LTD,78.31,79.97,76.76,78.62,78.79,78.31,,78.62,,,21977996,1719635815.15,73084,F1,1,,,,,,Cash Only,Media Entertainment & Publication,True,78.45,78.36500000000001,78.535,78.535,78.36500000000001,0.1699999999999875,0.21622996692951857,Narrow,Bullish,Above CPR,True,False,0.2,60,2245620627.5150003,Lower,True,Risk On,True,4.319285714285714,97.9884,98.47,0.039358359517113035,0.7657730758614139,False,False,No setup,Neutral,0,Not applicable,No directional setup; confirmation score not applicable.,Narrow CPR,Not applicable,Not applicable,Narrow CPR; Wide CPR rules not applied,0,0,0,0
2026-09-18,2026-09-18,CM,NSE,STK,30125,INE148I01020,SAMMAANCAP,EQ,,,,,SAMMAAN CAPITAL LIMITED,142.5,144.5,142.4,143.92,143.5,142.22,,143.92,,,3658484,525505593.08,18608,F1,1,,,,,,Cash Only,Financial Services,True,143.60666666666665,143.45,143.76333333333332,143.76333333333332,143.45,0.3133333333333326,0.21771354456179307,Narrow,Bullish,Above CPR,True,False,0.23333333333333334,60,1016230558.675,Higher,True,Risk On,True,4.552142857142854,156.0508,159.9616,0.06883205188555874,0.5171125672162173,False,False,No setup,Neutral,0,Not applicable,No directional setup; confirmation score not applicable.,Narrow CPR,Not applicable,Not applicable,Narrow CPR; Wide CPR rules not applied,0,0,0,0
2026-09-18,2026-09-18,CM,NSE,STK,8962,INE626Z01029,HARDWYN,EQ,,,,,HARDWYN INDIA LIMITED,9.12,9.24,9.02,9.16,9.23,9.07,,9.16,,,693563,6328363.7,627,F1,1,,,,,,Cash Only,Unclassified,False,9.139999999999999,9.129999999999999,9.149999999999999,9.149999999999999,9.129999999999999,0.019999999999999574,0.21834061135370714,Narrow,Bullish,Above CPR,True,False,0.31666666666666665,60,26705342.2,Higher,True,Risk On,False,0.34571428571428536,11.7546,18.2848,0.05785123966942032,0.2369699535248794,False,False,No setup,Neutral,0,Not applicable,No directional setup; confirmation score not applicable.,Narrow CPR,Not applicable,Not applicable,Narrow CPR; Wide CPR rules not applied,0,0,0,0
2026-09-18,2026-09-18,CM,NSE,STK,9879,INE974B01016,CHEVIOT,EQ,,,,,CHEVIOT COMPANY LIMITED,1174.9,1179.9,1161.8,1174.7,1179.9,1161.5,,1174.67,,,820,960673.7,119,F1,1,,,,,,Cash Only,Unclassified,False,1172.1333333333332,1170.85,1173.4166666666665,1173.4166666666665,1170.85,2.566666666666606,0.21849550239777016,Narrow,Bullish,Above CPR,True,False,0.48333333333333334,60,1674091.05,Higher,True,Risk On,False,35.61428571428572,1155.484,1150.2815,0.07206845835004508,0.5738479397521419,True,True,No setup,Neutral,0,Not applicable,No directional setup; confirmation score not applicable.,Narrow CPR,Not applicable,Not applicable,Narrow CPR; Wide CPR rules not applied,0,0,0,0
2026-09-18,2026-09-18,CM,NSE,STK,4717,INE129A01019,GAIL,EQ,,,,,GAIL (INDIA) LTD,172.0,174.65,172.0,173.9,173.9,172.0,,173.89,,,8527161,1479932716.03,65543,F1,1,,,,,,F&O + Cash,Oil Gas & Consumable Fuels,True,173.51666666666665,173.325,173.70833333333331,173.70833333333331,173.325,0.38333333333332575,0.22043319915659904,Narrow,Bullish,Above CPR,True,False,0.55,60,1086928473.355,Higher,True,Risk On,False,3.3514285714285683,173.8314,170.8418,0.1143790849673181,1.3615732334823485,True,True,No setup,Neutral,0,Not applicable,No directional setup; confirmation score not applicable.,Narrow CPR,Not applicable,Not applicable,Narrow CPR; Wide CPR rules not applied,0,0,0,0
2026-09-18,2026-09-18,CM,NSE,STK,1196,INE531A01024,KANSAINER,EQ,,,,,KANSAI NEROLAC PAINTS LTD,183.73,185.1,181.6,183.96,182.65,184.2,,183.95,,,672383,123643514.47,10651,F1,1,,,,,,Cash Only,Unclassified,False,183.5533333333333,183.35,183.75666666666663,183.75666666666663,183.35,0.40666666666663787,0.22106254982965745,Narrow,Bullish,Above CPR,True,False,0.35,60,39183056.315,Lower,True,Risk On,False,4.252142857142857,199.2234,205.55919999999998,0.09563805364241441,3.155535226144852,False,False,No setup,Neutral,0,Not applicable,No directional setup; confirmation score not applicable.,Narrow CPR,Not applicable,Not applicable,Narrow CPR; Wide CPR rules not applied,0,0,0,0
2026-09-18,2026-09-18,CM,NSE,STK,16705,INE020J01029,GOKUL,EQ,,,,,GOKUL REFOILS & SOLV LTD,40.48,40.9,39.69,40.43,40.0,39.74,,40.43,,,137161,5490526.34,550,F1,1,,,,,,Cash Only,Unclassified,False,40.34,40.295,40.385000000000005,40.385000000000005,40.295,0.09000000000000341,0.222606975018559,Narrow,Bullish,Above CPR,True,False,0.25,60,6407055.449999999,Higher,True,Risk On,True,1.8235714285714297,40.7112,40.877399999999994,0.04935370152761641,0.8569500268645248,False,False,No setup,Neutral,0,Not applicable,No directional setup; confirmation score not applicable.,Narrow CPR,Not applicable,Not applicable,Narrow CPR; Wide CPR rules not applied,0,0,0,0
2026-09-18,2026-09-18,CM,NSE,STK,13260,INE389H01022,KEC,EQ,,,,,KEC INTL. LIMITED,404.0,409.15,396.65,404.25,407.9,401.95,,404.1,,,1338287,537369748.6,38522,F1,1,,,,,,Cash Only,Construction,True,403.34999999999997,402.9,403.79999999999995,403.79999999999995,402.9,0.8999999999999773,0.22263450834878845,Narrow,Bullish,Above CPR,True,False,0.36666666666666664,60,351560734.75,Higher,True,Risk On,False,13.189285714285717,446.94,484.91949999999997,0.06823720552396252,1.528526070984951,False,False,No setup,Neutral,0,Not applicable,No directional setup; confirmation score not applicable.,Narrow CPR,Not applicable,Not applicable,Narrow CPR; Wide CPR rules not applied,0,0,0,0
2026-09-18,2026-09-18,CM,NSE,STK,3721,INE151A01013,TATACOMM,EQ,,,,,TATA COMMUNICATIONS LTD,1794.8,1805.0,1743.3,1780.1,1770.0,1791.6,,1780.03,,,713124,1265730574.1,59784,F1,1,,,,,,Cash Only,Telecommunication,True,1776.1333333333332,1774.15,1778.1166666666663,1778.1166666666663,1774.15,3.9666666666662422,0.22283392318781206,Narrow,Bullish,Above CPR,True,False,0.2833333333333333,60,436620735.5,Lower,True,Risk On,False,49.178571428571395,1753.6580000000001,1797.967,0.08065843621398319,2.8989245612683456,True,False,No setup,Neutral,0,Not applicable,No directional setup; confirmation score not applicable.,Narrow CPR,Not applicable,Not applicable,Narrow CPR; Wide CPR rules not applied,0,0,0,0
2026-09-18,2026-09-18,CM,NSE,STK,15199,INE015D01022,MANAKSIA,EQ,,,,,MANAKSIA LTD.,63.57,65.28,62.81,64.26,64.6,64.05,,64.26,,,42702,2742493.65,751,F1,1,,,,,,Cash Only,Unclassified,False,64.11666666666667,64.045,64.18833333333335,64.18833333333335,64.045,0.14333333333334508,0.22305218383651582,Narrow,Bullish,Above CPR,True,False,0.25,60,1063880.76,Lower,True,Risk On,True,3.8664285714285733,59.3612,59.314099999999996,0.037071248229573805,2.5778205162766548,True,True,No setup,Neutral,0,Not applicable,No directional setup; confirmation score not applicable.,Narrow CPR,Not applicable,Not applicable,Narrow CPR; Wide CPR rules not applied,0,0,0,0
2026-09-18,2026-09-18,CM,NSE,STK,11483,INE018A01030,LT,EQ,,,,,LARSEN & TOUBRO LTD.,3846.0,3898.0,3846.0,3885.0,3885.0,3836.2,,3884.6,,,1547690,6002333556.7,67258,F1,1,,,,,,F&O + Cash,Construction,True,3876.3333333333335,3872.0,3880.666666666667,3880.666666666667,3872.0,8.66666666666697,0.22308022308023087,Narrow,Bullish,Above CPR,True,False,0.4,60,5678295397.25,Higher,True,Risk On,False,64.88571428571439,3956.86,3990.192,0.1335681784823177,1.0570660976191784,False,False,No setup,Neutral,0,Not applicable,No directional setup; confirmation score not applicable.,Narrow CPR,Not applicable,Not applicable,Narrow CPR; Wide CPR rules not applied,0,0,0,0
2026-09-18,2026-09-18,CM,NSE,STK,24735,INE912T01018,RPEL,EQ,,,,,RAGHAV PRODUCTIVITY ENH L,1646.1,1678.6,1615.1,1652.4,1642.0,1654.3,,1652.26,,,80692,132803501.0,9101,F1,1,,,,,,Cash Only,Unclassified,False,1648.7,1646.85,1650.5500000000002,1650.5500000000002,1646.85,3.700000000000273,0.22391672718471753,Narrow,Bullish,Above CPR,True,False,0.16666666666666666,60,111589128.8,Higher,True,Risk On,True,123.37142857142855,1479.7259999999997,1250.9009999999998,0.029990736452063356,1.1901114600331928,True,True,No setup,Neutral,0,Not applicable,No directional setup; confirmation score not applicable.,Narrow CPR,Not applicable,Not applicable,Narrow CPR; Wide CPR rules not applied,0,0,0,0
2026-09-18,2026-09-18,CM,NSE,STK,11971,INE025B01025,GOLDIAM,EQ,,,,,GOLDIAM INTERNATIONAL LTD,325.9,329.2,322.1,326.75,326.7,325.6,,326.75,,,282706,92075326.45,6488,F1,1,,,,,,Cash Only,Unclassified,False,326.01666666666665,325.65,326.3833333333333,326.3833333333333,325.65,0.7333333333333485,0.22443254271869886,Narrow,Bullish,Above CPR,True,False,0.23333333333333334,60,224070310.72500002,Higher,True,Risk On,True,11.274999999999993,353.41,389.89799999999997,0.06504065040650545,0.41092158149860125,False,False,No setup,Neutral,0,Not applicable,No directional setup; confirmation score not applicable.,Narrow CPR,Not applicable,Not applicable,Narrow CPR; Wide CPR rules not applied,0,0,0,0
2026-09-18,2026-09-18,CM,NSE,STK,17722,INE947J01015,DEN,EQ,,,,,DEN NETWORKS LTD,26.45,26.75,26.31,26.62,26.75,26.45,,26.62,,,72184,1915417.64,715,F1,1,,,,,,Cash Only,Unclassified,False,26.560000000000002,26.53,26.590000000000003,26.590000000000003,26.53,0.060000000000002274,0.22539444027048186,Narrow,Bullish,Above CPR,True,False,0.43333333333333335,60,8165155.995,Higher,True,Risk On,False,0.6607142857142855,27.634199999999996,27.9052,0.09081081081081428,0.2345843289672508,False,False,No setup,Neutral,0,Not applicable,No directional setup; confirmation score not applicable.,Narrow CPR,Not applicable,Not applicable,Narrow CPR; Wide CPR rules not applied,0,0,0,0
2026-09-18,2026-09-18,CM,NSE,STK,6944,INE845D01014,GANECOS,EQ,,,,,GANESHA ECOSPHERE LIMITED,992.0,1015.0,982.2,1002.0,1000.0,990.6,,1001.82,,,99501,99548960.4,8802,F1,1,,,,,,Cash Only,Unclassified,False,999.7333333333332,998.6,1000.8666666666664,1000.8666666666664,998.6,2.266666666666424,0.22621423819026187,Narrow,Bullish,Above CPR,True,False,0.16666666666666666,60,114877904.95,Higher,True,Risk On,True,41.421428571428564,1092.3629999999998,1035.0075,0.05472207851927909,0.8665631606297848,False,False,No setup,Neutral,0,Not applicable,No directional setup; confirmation score not applicable.,Narrow CPR,Not applicable,Not applicable,Narrow CPR; Wide CPR rules not applied,0,0,0,0
2026-09-18,2026-09-18,CM,NSE,STK,10637,INE260D01016,OLECTRA,EQ,,,,,OLECTRA GREENTECH LIMITED,1183.0,1206.4,1183.0,1198.8,1198.6,1186.2,,1198.81,,,174712,209245602.3,11276,F1,1,,,,,,Cash Only,Automobile and Auto Components,True,1196.0666666666666,1194.7,1197.4333333333332,1197.4333333333332,1194.7,2.733333333333121,0.22800578356132142,Narrow,Bullish,Above CPR,True,False,0.31666666666666665,60,358297294.35,Higher,True,Risk On,False,37.56428571428575,1309.97,1319.0195,0.07276415034543385,0.5839999508776642,False,False,No setup,Neutral,0,Not applicable,No directional setup; confirmation score not applicable.,Narrow CPR,Not applicable,Not applicable,Narrow CPR; Wide CPR rules not applied,0,0,0,0
2026-09-18,2026-09-18,CM,NSE,STK,20830,INE490G01020,MOIL,EQ,,,,,MOIL LIMITED,244.0,245.1,240.98,243.88,244.0,243.06,,243.88,,,344649,83800174.25,7032,F1,1,,,,,,Cash Only,Unclassified,False,243.32000000000002,243.04,243.60000000000005,243.60000000000005,243.04,0.5600000000000591,0.22962112514353744,Narrow,Bullish,Above CPR,True,False,0.31666666666666665,60,130994948.64,Higher,True,Risk On,False,6.547857142857138,264.3738,280.2914,0.08552416275772699,0.63972065426965,False,False,No setup,Neutral,0,Not applicable,No directional setup; confirmation score not applicable.,Narrow CPR,Not applicable,Not applicable,Narrow CPR; Wide CPR rules not applied,0,0,0,0
2026-09-18,2026-09-18,CM,NSE,STK,15121,INE00CE01017,SVLL,EQ,,,,,SHREE VASU LOGISTICS LTD,818.45,825.0,801.0,815.85,814.0,818.35,,815.85,,,1039,844164.1,47,F1,1,,,,,,Cash Only,Unclassified,False,813.9499999999999,813.0,814.8999999999999,814.8999999999999,813.0,1.8999999999998636,0.2328859471716447,Narrow,Bullish,Above CPR,True,False,0.13333333333333333,60,519865.77499999997,Inside,True,Risk On,True,66.48571428571431,613.309,596.4915,0.028577567683710874,1.6238116463812222,True,True,No setup,Neutral,0,Not applicable,No directional setup; confirmation score not applicable.,Narrow CPR,Not applicable,Not applicable,Narrow CPR; Wide CPR rules not applied,0,0,0,0
2026-09-18,2026-09-18,CM,NSE,STK,11373,INE376G01013,BIOCON,EQ,,,,,BIOCON LIMITED.,380.05,388.0,379.3,385.0,385.0,380.0,,385.0,,,7901211,3038598344.9,26851,F1,1,,,,,,F&O + Cash,Healthcare,True,384.09999999999997,383.65,384.54999999999995,384.54999999999995,383.65,0.8999999999999773,0.23376623376622788,Narrow,Bullish,Above CPR,True,False,0.38333333333333336,60,1385208312.5500002,Higher,True,Risk On,False,9.489285714285712,416.142,413.409,0.09484380880692272,2.193603891465472,False,False,No setup,Neutral,0,Not applicable,No directional setup; confirmation score not applicable.,Narrow CPR,Not applicable,Not applicable,Narrow CPR; Wide CPR rules not applied,0,0,0,0
2026-09-18,2026-09-18,CM,NSE,STK,9354,INE586B01026,TAJGVK,EQ,,,,,TAJ GVK HOTELS & RESORTS,335.0,336.05,331.0,334.7,333.8,333.4,,334.69,,,51856,17298306.05,2150,F1,1,,,,,,Cash Only,Unclassified,False,333.9166666666667,333.525,334.3083333333334,334.3083333333334,333.525,0.7833333333334167,0.23404043421972415,Narrow,Bullish,Above CPR,True,False,0.31666666666666665,60,24145054.35,Higher,True,Risk On,False,10.367857142857137,349.648,339.66949999999997,0.07555402457228963,0.7164326822068222,False,False,No setup,Neutral,0,Not applicable,No directional setup; confirmation score not applicable.,Narrow CPR,Not applicable,Not applicable,Narrow CPR; Wide CPR rules not applied,0,0,0,0
2026-09-18,2026-09-18,CM,NSE,STK,760726,INE05XR01022,BHARATCOAL,EQ,,,,,BHARAT COKING COAL LTD,32.24,32.95,32.2,32.69,32.85,32.14,,32.69,,,3195446,103748597.42,13133,F1,1,,,,,,Cash Only,Unclassified,False,32.61333333333334,32.575,32.65166666666667,32.65166666666667,32.575,0.07666666666666799,0.23452635872336494,Narrow,Bullish,Above CPR,True,False,0.3333333333333333,60,181083785.515,Higher,True,Risk On,False,0.8278571428571438,34.3684,35.994299999999996,0.09260857060684648,0.5729314589096992,False,False,No setup,Neutral,0,Not applicable,No directional setup; confirmation score not applicable.,Narrow CPR,Not applicable,Not applicable,Narrow CPR; Wide CPR rules not applied,0,0,-2,-2
2026-09-18,2026-09-18,CM,NSE,STK,9939,INE840Y01029,ONEPOINT,EQ,,,,,ONE POINT ONE SOL LTD,59.14,60.2,58.66,59.64,59.58,59.14,,59.63,,,579627,34570954.04,2916,F1,1,,,,,,Cash Only,Unclassified,False,59.5,59.43,59.57,59.57,59.43,0.14000000000000057,0.23474178403755963,Narrow,Bullish,Above CPR,True,False,0.3,60,42063778.42,Higher,True,Risk On,False,2.6114285714285734,56.389,57.466499999999996,0.05361050328227589,0.8218699160787373,True,True,No setup,Neutral,0,Not applicable,No directional setup; confirmation score not applicable.,Narrow CPR,Not applicable,Not applicable,Narrow CPR; Wide CPR rules not applied,0,0,0,0
2026-09-18,2026-09-18,CM,NSE,STK,759244,INE0YD401026,JAINREC,EQ,,,,,JAIN RESOURCE RECYCLING L,275.0,278.55,272.0,276.25,276.35,274.05,,276.26,,,555155,152768067.35,11386,F1,1,,,,,,Cash Only,Metals & Mining,True,275.59999999999997,275.275,275.92499999999995,275.92499999999995,275.275,0.6499999999999773,0.2352941176470506,Narrow,Bullish,Above CPR,True,False,0.23333333333333334,60,337531926.82500005,Higher,True,Risk On,True,10.571428571428571,307.776,355.335,0.06148648648648434,0.45260331011355126,False,False,No setup,Neutral,0,Not applicable,No directional setup; confirmation score not applicable.,Narrow CPR,Not applicable,Not applicable,Narrow CPR; Wide CPR rules not applied,0,-2,0,-2
2026-09-18,2026-09-18,CM,NSE,STK,12024,INE128X01021,ACI,EQ,,,,,ARCHEAN CHEMICAL IND LTD,463.65,473.0,458.0,467.15,465.15,462.4,,467.13,,,327739,152851729.0,18379,F1,1,,,,,,Cash Only,Unclassified,False,466.05,465.5,466.6,466.6,465.5,1.1000000000000227,0.23547040565129462,Narrow,Bullish,Above CPR,True,False,0.2833333333333333,60,108633200.85,Higher,True,Risk On,False,17.989285714285717,515.269,531.907,0.061147508437563294,1.407044327185541,False,False,No setup,Neutral,0,Not applicable,No directional setup; confirmation score not applicable.,Narrow CPR,Not applicable,Not applicable,Narrow CPR; Wide CPR rules not applied,0,0,0,0
2026-09-18,2026-09-18,CM,NSE,STK,1565,INE09E501017,RVHL,EQ,,,,,RAVINDER HEIGHTS LIMITED,39.66,40.37,38.31,39.48,39.5,38.7,,39.48,,,1514,59601.4,34,F1,1,,,,,,Cash Only,Unclassified,False,39.38666666666666,39.34,39.43333333333332,39.43333333333332,39.34,0.0933333333333195,0.2364066193853078,Narrow,Bullish,Above CPR,True,False,0.23333333333333334,60,413840.145,Higher,True,Risk On,True,2.237857142857142,42.611999999999995,42.605,0.04170656452813513,0.1440203438938965,False,False,No setup,Neutral,0,Not applicable,No directional setup; confirmation score not applicable.,Narrow CPR,Not applicable,Not applicable,Narrow CPR; Wide CPR rules not applied,0,0,0,0
2026-09-18,2026-09-18,CM,NSE,STK,13081,INE256C01024,TRIVENI,EQ,,,,,TRIVENI ENGG. & INDS. LTD,234.9,241.0,234.9,238.8,241.0,232.45,,238.78,,,661400,157249423.85,12567,F1,1,,,,,,Cash Only,Unclassified,False,238.23333333333335,237.95,238.5166666666667,238.5166666666667,237.95,0.5666666666667197,0.2372975991066665,Narrow,Bullish,Above CPR,True,False,0.2,60,213713603.97,Higher,True,Risk On,True,11.209285714285716,334.73079999999993,363.0794,0.05055332526179873,0.7357951058280494,False,False,No setup,Neutral,0,Not applicable,No directional setup; confirmation score not applicable.,Narrow CPR,Not applicable,Not applicable,Narrow CPR; Wide CPR rules not applied,0,0,0,0
2026-09-18,2026-09-18,CM,NSE,STK,757478,INE090501011,SCODATUBES,EQ,,,,,SCODA TUBES LIMITED,125.33,130.77,125.33,128.51,129.5,123.97,,128.53,,,98767,12679280.84,1915,F1,1,,,,,,Cash Only,Unclassified,False,128.20333333333335,128.05,128.35666666666668,128.35666666666668,128.05,0.30666666666667197,0.2386325318392903,Narrow,Bullish,Above CPR,True,False,0.31666666666666665,60,22573218.5,Higher,True,Risk On,False,5.460000000000003,137.30620000000002,138.6636,0.05616605616605711,0.5616957475514623,False,False,No setup,Neutral,0,Not applicable,No directional setup; confirmation score not applicable.,Narrow CPR,Not applicable,Not applicable,Narrow CPR; Wide CPR rules not applied,0,0,0,0
2026-09-18,2026-09-18,CM,NSE,STK,27084,INE0CJD01029,KMEW,EQ,,,,,KNOWLEDGE MARINE & EN W L,2842.3,2920.5,2830.0,2885.6,2882.0,2828.1,,2885.7,,,56943,163687398.4,9120,F1,1,,,,,,Cash Only,Unclassified,False,2878.7000000000003,2875.25,2882.1500000000005,2882.1500000000005,2875.25,6.900000000000546,0.2391183809259962,Narrow,Bullish,Above CPR,True,False,0.25,60,182655203.95,Higher,True,Risk On,True,148.73571428571432,2674.396,2367.0589999999997,0.04639100994093436,0.8961551319655134,True,True,No setup,Neutral,0,Not applicable,No directional setup; confirmation score not applicable.,Narrow CPR,Not applicable,Not applicable,Narrow CPR; Wide CPR rules not applied,0,0,0,0
2026-09-18,2026-09-18,CM,NSE,STK,13285,INE774D01024,M&MFIN,EQ,,,,,M&M FIN. SERVICES LTD,349.85,356.95,347.1,353.3,350.1,345.7,,353.31,,,3129493,1103340294.0,70916,F1,1,,,,,,Cash Only,Financial Services,True,352.45,352.025,352.875,352.875,352.025,0.8500000000000227,0.24058873478630702,Narrow,Bullish,Above CPR,True,False,0.3,60,882717357.25,Higher,True,Risk On,False,10.674999999999999,371.023,340.0185000000001,0.07962529274004898,1.249936103485406,False,True,No setup,Neutral,0,Not applicable,No directional setup; confirmation score not applicable.,Narrow CPR,Not applicable,Not applicable,Narrow CPR; Wide CPR rules not applied,0,0,0,0
2026-09-18,2026-09-18,CM,NSE,STK,6792,INE04AK01028,SBC,EQ,,,,,SBC EXPORTS LIMITED,48.45,49.8,48.32,49.24,48.99,48.25,,49.26,,,15020726,736985089.07,9590,F1,1,,,,,,Cash Only,Unclassified,False,49.120000000000005,49.06,49.18000000000001,49.18000000000001,49.06,0.12000000000000455,0.2437043054427387,Narrow,Bullish,Above CPR,True,False,0.5833333333333334,60,342556692.235,Higher,True,Risk On,False,1.5214285714285702,42.5692,40.1651,0.07887323943662276,2.1514251677921243,True,True,No setup,Neutral,0,Not applicable,No directional setup; confirmation score not applicable.,Narrow CPR,Not applicable,Not applicable,Narrow CPR; Wide CPR rules not applied,0,0,0,0
2026-09-18,2026-09-18,CM,NSE,STK,14304,INE684F01012,FSL,EQ,,,,,FIRSTSOURCE SOLU. LTD.,272.0,275.5,269.4,273.45,272.0,273.1,,273.46,,,1243136,339817778.25,24556,F1,1,,,,,,Cash Only,Services,True,272.7833333333333,272.45,273.1166666666666,273.1166666666666,272.45,0.6666666666666288,0.24379837874076754,Narrow,Bullish,Above CPR,True,False,0.16666666666666666,60,294188808.33500004,Lower,True,Risk On,True,10.557142857142862,273.3844,259.8316,0.0631483987370284,1.1551009712886193,True,True,No setup,Neutral,0,Not applicable,No directional setup; confirmation score not applicable.,Narrow CPR,Not applicable,Not applicable,Narrow CPR; Wide CPR rules not applied,0,0,0,0
2026-09-18,2026-09-18,CM,NSE,STK,21427,INE924D01017,THEINVEST,EQ,,,,,THE INVEST TRUST OF IND L,95.99,96.0,91.85,94.27,94.05,95.52,,94.25,,,2967,278325.99,93,F1,1,,,,,,Cash Only,Unclassified,False,94.04,93.925,94.15500000000002,94.15500000000002,93.925,0.2300000000000182,0.24398005728229363,Narrow,Bullish,Above CPR,True,False,0.4,60,422355.13,Lower,True,Risk On,False,4.227857142857146,97.08059999999999,99.5047,0.05440108126373124,0.6589856976521156,False,False,No setup,Neutral,0,Not applicable,No directional setup; confirmation score not applicable.,Narrow CPR,Not applicable,Not applicable,Narrow CPR; Wide CPR rules not applied,0,0,0,0
2026-09-18,2026-09-18,CM,NSE,STK,1110,INE688Y01022,DANGEE,EQ,,,,,DANGEE DUMS LIMITED,2.71,2.75,2.69,2.73,2.74,2.72,,2.73,,,22988,62368.88,115,F1,1,,,,,,Cash Only,Unclassified,False,2.723333333333333,2.7199999999999998,2.7266666666666666,2.7266666666666666,2.7199999999999998,0.006666666666666821,0.24420024420024983,Narrow,Bullish,Above CPR,True,False,0.21666666666666667,60,129469.08,Lower,True,Risk On,True,0.1757142857142857,2.9314,3.1149,0.03794037940379492,0.4817279925060099,False,False,No setup,Neutral,0,Not applicable,No directional setup; confirmation score not applicable.,Narrow CPR,Not applicable,Not applicable,Narrow CPR; Wide CPR rules not applied,0,0,0,0
2026-09-18,2026-09-18,CM,NSE,STK,756020,INE015C01016,TINNARUBR,EQ,,,,,TINNA RUBBER AND INFR LTD,1000.0,1030.0,1000.0,1018.75,1021.8,1000.75,,1018.76,,,22220,22617687.75,2580,F1,1,,,,,,Cash Only,Unclassified,False,1016.25,1015.0,1017.5,1017.5,1015.0,2.5,0.245398773006135,Narrow,Bullish,Above CPR,True,False,0.18333333333333332,60,57509840.65,Higher,True,Risk On,True,47.300000000000026,1052.7659999999998,946.8425,0.052854122621564456,0.39328378403357656,False,True,No setup,Neutral,0,Not applicable,No directional setup; confirmation score not applicable.,Narrow CPR,Not applicable,Not applicable,Narrow CPR; Wide CPR rules not applied,0,0,0,0
2026-09-18,2026-09-18,CM,NSE,STK,16696,INE0PA801013,GHCLTEXTIL,EQ,,,,,GHCL TEXTILES LIMITED,125.4,125.6,122.5,124.51,124.25,124.33,,124.51,,,222126,27530192.38,6704,F1,1,,,,,,Cash Only,Unclassified,False,124.20333333333333,124.05,124.35666666666667,124.35666666666667,124.05,0.30666666666667197,0.24629882472626455,Narrow,Bullish,Above CPR,True,False,0.18333333333333332,60,77850416.28999999,Higher,True,Risk On,True,6.0792857142857155,121.9536,108.37469999999999,0.050444522774449614,0.35362935346996077,True,True,No setup,Neutral,0,Not applicable,No directional setup; confirmation score not applicable.,Narrow CPR,Not applicable,Not applicable,Narrow CPR; Wide CPR rules not applied,0,0,0,0
2026-09-18,2026-09-18,CM,NSE,STK,25897,INE842C01021,MINDACORP,EQ,,,,,MINDA CORPORATION LTD,685.0,696.35,681.4,691.45,693.25,681.25,,691.44,,,90197,62369632.55,10617,F1,1,,,,,,Cash Only,Automobile and Auto Components,True,689.7333333333332,688.875,690.5916666666665,690.5916666666665,688.875,1.7166666666664696,0.2482705425795747,Narrow,Bullish,Above CPR,True,False,0.2833333333333333,60,183126698.525,Higher,True,Risk On,False,18.539285714285718,703.485,656.0980000000001,0.09259616002053773,0.34058186519146716,False,True,No setup,Neutral,0,Not applicable,No directional setup; confirmation score not applicable.,Narrow CPR,Not applicable,Not applicable,Narrow CPR; Wide CPR rules not applied,0,0,0,0
2026-09-18,2026-09-18,CM,NSE,STK,21077,INE272L01022,SURANASOL,EQ,,,,,SURANA SOLAR LIMITED,24.9,25.95,24.86,25.5,25.7,25.03,,25.51,,,59455,1515054.68,609,F1,1,,,,,,Cash Only,Unclassified,False,25.436666666666667,25.405,25.468333333333334,25.468333333333334,25.405,0.06333333333333258,0.24836601307189243,Narrow,Bullish,Above CPR,True,False,0.2833333333333333,60,1040289.655,Higher,True,Risk On,False,0.9657142857142856,25.9928,26.482,0.06558185404339173,1.4563777239522775,False,False,No setup,Neutral,0,Not applicable,No directional setup; confirmation score not applicable.,Narrow CPR,Not applicable,Not applicable,Narrow CPR; Wide CPR rules not applied,0,0,0,0
2026-09-18,2026-09-18,CM,NSE,STK,4229,INE116C01012,ZFSTEERING,EQ,,,,,Z F STEERING GEAR (I) LTD,689.0,704.7,685.8,697.85,696.5,694.6,,697.85,,,3521,2453664.1,306,F1,1,,,,,,Cash Only,Unclassified,False,696.1166666666667,695.25,696.9833333333333,696.9833333333333,695.25,1.7333333333333485,0.24838193499080724,Narrow,Bullish,Above CPR,True,False,0.26666666666666666,60,2476427.225,Lower,True,Risk On,False,31.757142857142867,678.414,694.7034000000001,0.054580896686160306,0.9908080783597426,True,True,No setup,Neutral,0,Not applicable,No directional setup; confirmation score not applicable.,Narrow CPR,Not applicable,Not applicable,Narrow CPR; Wide CPR rules not applied,0,0,0,0
2026-09-18,2026-09-18,CM,NSE,STK,13761,INE464A01036,BBL,EQ,,,,,BHARAT BIJLEE LTD,2180.3,2219.0,2180.3,2207.9,2219.0,2203.4,,2207.97,,,15471,34053820.5,3285,F1,1,,,,,,Cash Only,Unclassified,False,2202.4,2199.65,2205.15,2205.15,2199.65,5.5,0.24910548484985734,Narrow,Bullish,Above CPR,True,False,0.3333333333333333,60,60439126.35,Higher,True,Risk On,False,62.63571428571429,2407.712,2598.096,0.08780932831565742,0.5634399859256073,False,False,No setup,Neutral,0,Not applicable,No directional setup; confirmation score not applicable.,Narrow CPR,Not applicable,Not applicable,Narrow CPR; Wide CPR rules not applied,0,0,0,0
2026-09-18,2026-09-18,CM,NSE,STK,7506,INE049B01025,WOCKPHARMA,EQ,,,,,WOCKHARDT LIMITED,2072.3,2109.3,2047.3,2086.1,2087.0,2072.3,,2086.11,,,557349,1160083924.4,34910,F1,1,,,,,,Cash Only,Healthcare,True,2080.9,2078.3,2083.5,2083.5,2078.3,5.199999999999818,0.24926897080675992,Narrow,Bullish,Above CPR,True,False,0.16666666666666666,60,1244208582.45,Higher,True,Risk On,True,93.4714285714286,1952.2320000000002,1873.531,0.05563197310102203,0.9323870135308437,True,True,No setup,Neutral,0,Not applicable,No directional setup; confirmation score not applicable.,Narrow CPR,Not applicable,Not applicable,Narrow CPR; Wide CPR rules not applied,0,0,0,0
