TradDt,BizDt,Sgmt,Src,FinInstrmTp,FinInstrmId,ISIN,SYMBOL,SERIES,XpryDt,FininstrmActlXpryDt,StrkPric,OptnTp,NAME,OPEN,HIGH,LOW,CLOSE,LAST,PREVCLOSE,UndrlygPric,SttlmPric,OpnIntrst,ChngInOpnIntrst,VOLUME,VALUE,TtlNbOfTxsExctd,SsnId,NewBrdLotQty,Rmks,Rsvd1,Rsvd2,Rsvd3,Rsvd4,Segment,Industry,Nifty500,Pivot,BC,TC,CPR_Top,CPR_Bottom,CPR_Width,CPR_Width_Pct,CPR_Class,Bias,Price_Position,Bullish_CPR,Bearish_CPR,Width_Rank_Pct,History_Days,Value_60d,Overlay,History_OK,Regime,Own_Narrow,ATR14,SMA50,SMA100,Width_ATR,Value_Ratio,Above_SMA50,Above_SMA100,Setup,Signal_Direction,Signal_Score,Signal_Grade,Signal_Explanation,Strategy_Type,Strategy_Setup,Strategy_Confirmation,Strategy_Explanation,Daily_Signal,Weekly_Signal,Monthly_Signal,Confluence_Score
2026-10-01,2026-10-01,CM,NSE,STK,7672,INE172N01012,IMAGICAA,EQ,,,,,IMAGICAAWORLD ENT LTD,50.56,52.26,49.52,50.7,50.99,51.08,,50.7,,,512963,26002451.42,4046,F1,1,,,,,,Cash Only,Unclassified,False,50.826666666666675,50.89,50.76333333333335,50.89,50.76333333333335,0.12666666666665094,0.24983563445098805,Narrow,Bearish,Below CPR,False,True,0.26666666666666666,60,31138430.064999998,Lower,True,Risk Off,False,2.5799999999999996,50.770599999999995,48.0281,0.04909560723513603,0.835059807630671,False,True,No setup,Neutral,0,Not applicable,No directional setup; confirmation score not applicable.,Narrow CPR,Not applicable,Not applicable,Narrow CPR; Wide CPR rules not applied,0,0,0,0
2026-10-01,2026-10-01,CM,NSE,STK,21077,INE272L01022,SURANASOL,EQ,,,,,SURANA SOLAR LIMITED,24.56,24.87,23.61,24.15,24.3,24.87,,24.15,,,31097,752330.89,497,F1,1,,,,,,Cash Only,Unclassified,False,24.209999999999997,24.240000000000002,24.179999999999993,24.240000000000002,24.179999999999993,0.06000000000000938,0.24844720496898295,Narrow,Bearish,Below CPR,False,True,0.2833333333333333,60,968267.365,Lower,True,Risk Off,False,0.9064285714285713,25.865600000000004,26.250799999999998,0.06619385342790635,0.7769867261817711,False,False,No setup,Neutral,0,Not applicable,No directional setup; confirmation score not applicable.,Narrow CPR,Not applicable,Not applicable,Narrow CPR; Wide CPR rules not applied,0,0,0,0
2026-10-01,2026-10-01,CM,NSE,STK,29284,INE665J01013,VMART,EQ,,,,,VMART RETAIL LTD,759.95,761.15,736.6,746.1,741.1,753.7,,746.11,,,47930,35926984.35,5572,F1,1,,,,,,Cash Only,Unclassified,False,747.9499999999999,748.875,747.0249999999999,748.875,747.0249999999999,1.8500000000001364,0.24795603806462085,Narrow,Bearish,Below CPR,False,True,0.3333333333333333,60,64235369.349999994,Lower,True,Risk Off,False,26.87142857142856,798.8740000000001,760.4655,0.06884635832004764,0.5593022148630333,False,False,No setup,Neutral,0,Not applicable,No directional setup; confirmation score not applicable.,Narrow CPR,Not applicable,Not applicable,Narrow CPR; Wide CPR rules not applied,0,0,0,0
2026-10-01,2026-10-01,CM,NSE,STK,761494,INE00SW01015,BCPL,EQ,,,,,BCPL RAILWAY INFRA LTD,68.0,69.0,66.0,67.25,67.0,68.86,,67.21,,,12237,825320.4,367,F1,1,,,,,,Cash Only,Unclassified,False,67.41666666666667,67.5,67.33333333333334,67.5,67.33333333333334,0.1666666666666572,0.24783147459725977,Narrow,Bearish,Below CPR,False,True,0.3333333333333333,60,530481.04,Lower,True,Risk Off,False,3.2678571428571437,69.4958,72.1987,0.05100182149362186,1.555796226006494,False,False,No setup,Neutral,0,Not applicable,No directional setup; confirmation score not applicable.,Narrow CPR,Not applicable,Not applicable,Narrow CPR; Wide CPR rules not applied,0,0,0,0
2026-10-01,2026-10-01,CM,NSE,STK,29624,INE274Y01021,AJAXENGG,EQ,,,,,AJAX ENGINEERING LIMITED,587.0,600.45,576.7,586.4,586.0,587.0,,586.38,,,76581,44983211.05,7043,F1,1,,,,,,Cash Only,Unclassified,False,587.85,588.575,587.125,588.575,587.125,1.4500000000000455,0.24727148703957122,Narrow,Bearish,Below CPR,False,True,0.3333333333333333,60,33963440.575,Overlapping,True,Risk Off,False,21.742857142857133,576.683,569.8715,0.06668856767411513,1.3244597805297584,True,True,No setup,Neutral,0,Not applicable,No directional setup; confirmation score not applicable.,Narrow CPR,Not applicable,Not applicable,Narrow CPR; Wide CPR rules not applied,0,0,0,0
2026-10-01,2026-10-01,CM,NSE,STK,14732,INE271C01023,DLF,EQ,,,,,DLF LIMITED,664.5,671.1,650.55,658.4,658.4,674.0,,658.5,,,6264045,4141150333.05,90125,F1,1,,,,,,F&O + Cash,Realty,True,660.0166666666668,660.825,659.2083333333335,660.825,659.2083333333335,1.6166666666665606,0.24554475496150677,Narrow,Bearish,Below CPR,False,True,0.23333333333333334,60,1960634949.4499998,Lower,True,Risk Off,True,18.68214285714287,662.692,639.1619999999999,0.086535397948124,2.1121475643447454,False,True,No setup,Neutral,0,Not applicable,No directional setup; confirmation score not applicable.,Narrow CPR,Not applicable,Not applicable,Narrow CPR; Wide CPR rules not applied,0,0,0,0
2026-10-01,2026-10-01,CM,NSE,STK,3672,INE624Z01016,SOLARA,EQ,,,,,SOLARA ACTIVE PHA SCI LTD,726.0,736.95,698.0,714.85,715.0,725.4,,714.94,,,244820,175231361.5,11445,F1,1,,,,,,Cash Only,Unclassified,False,716.6,717.475,715.725,717.475,715.725,1.75,0.2448066027838008,Narrow,Bearish,Below CPR,False,True,0.23333333333333334,60,190240457.7,Lower,True,Risk Off,True,39.52499999999999,618.2180000000001,590.449,0.04427577482605947,0.9211046042389752,True,True,No setup,Neutral,0,Not applicable,No directional setup; confirmation score not applicable.,Narrow CPR,Not applicable,Not applicable,Narrow CPR; Wide CPR rules not applied,0,0,0,0
2026-10-01,2026-10-01,CM,NSE,STK,760039,INE0QPI01025,SUDEEPPHRM,EQ,,,,,SUDEEP PHARMA LIMITED,1222.2,1237.3,1171.1,1199.8,1205.0,1205.8,,1199.81,,,205622,246348208.1,13694,F1,1,,,,,,Cash Only,Unclassified,False,1202.7333333333333,1204.1999999999998,1201.2666666666669,1204.1999999999998,1201.2666666666669,2.933333333332939,0.24448519197640767,Narrow,Bearish,Below CPR,False,True,0.23333333333333334,60,240255094.725,Lower,True,Risk Off,True,62.428571428571445,1101.8129999999999,940.013,0.04698703279938345,1.0253610163063318,True,True,No setup,Neutral,0,Not applicable,No directional setup; confirmation score not applicable.,Narrow CPR,Not applicable,Not applicable,Narrow CPR; Wide CPR rules not applied,0,0,0,0
2026-10-01,2026-10-01,CM,NSE,STK,14894,INE483A01010,CENTRALBK,EQ,,,,,CENTRAL BANK OF INDIA,30.46,30.46,29.76,30.0,30.05,30.46,,30.0,,,4707687,141519921.17,20387,F1,1,,,,,,Cash Only,Financial Services,True,30.073333333333334,30.11,30.03666666666667,30.11,30.03666666666667,0.07333333333333059,0.24444444444443528,Narrow,Bearish,Below CPR,False,True,0.5833333333333334,60,157580211.32999998,Lower,True,Risk Off,False,0.6464285714285715,30.953199999999995,31.5598,0.11344383057089814,0.8980818084678983,False,False,No setup,Neutral,0,Not applicable,No directional setup; confirmation score not applicable.,Narrow CPR,Not applicable,Not applicable,Narrow CPR; Wide CPR rules not applied,0,0,0,0
2026-10-01,2026-10-01,CM,NSE,STK,2124,INE759A01021,MASTEK,EQ,,,,,MASTEK LTD,1554.2,1586.6,1536.0,1555.6,1556.0,1562.8,,1555.62,,,72494,113324328.7,10791,F1,1,,,,,,Cash Only,Unclassified,False,1559.3999999999999,1561.3,1557.4999999999998,1561.3,1557.4999999999998,3.800000000000182,0.24427873489330046,Narrow,Bearish,Below CPR,False,True,0.2,60,158331900.85000002,Overlapping,True,Risk Off,True,53.328571428571436,1715.84,1676.469,0.07125636217519761,0.7157390777955785,False,False,No setup,Neutral,0,Not applicable,No directional setup; confirmation score not applicable.,Narrow CPR,Not applicable,Not applicable,Narrow CPR; Wide CPR rules not applied,0,0,0,0
2026-10-01,2026-10-01,CM,NSE,STK,14278,INE607D01018,ORIENTBELL,EQ,,,,,ORIENT BELL LIMITED,399.75,410.0,390.0,398.55,395.1,398.55,,398.56,,,18312,7290049.15,1363,F1,1,,,,,,Cash Only,Unclassified,False,399.51666666666665,400.0,399.0333333333333,400.0,399.0333333333333,0.966666666666697,0.2425458955379995,Narrow,Bearish,Below CPR,False,True,0.26666666666666666,60,6517041.25,Overlapping,True,Risk Off,False,15.296428571428574,368.02899999999994,346.09399999999994,0.06319557942252513,1.118613320116702,True,True,No setup,Neutral,0,Not applicable,No directional setup; confirmation score not applicable.,Narrow CPR,Not applicable,Not applicable,Narrow CPR; Wide CPR rules not applied,0,0,0,0
2026-10-01,2026-10-01,CM,NSE,STK,4747,INE092B01025,INDNIPPON,EQ,,,,,INDIA NIPPON ELECT  LTD,1255.0,1270.0,1187.7,1224.4,1210.0,1244.4,,1225.05,,,84237,103265355.3,9627,F1,1,,,,,,Cash Only,Unclassified,False,1227.3666666666666,1228.85,1225.8833333333332,1228.85,1225.8833333333332,2.966666666666697,0.24229554611782889,Narrow,Bearish,Below CPR,False,True,0.23333333333333334,60,42216674.4,Lower,True,Risk Off,True,69.67142857142856,1176.316,1063.7465,0.04258082154329892,2.4460798195890106,True,True,No setup,Neutral,0,Not applicable,No directional setup; confirmation score not applicable.,Narrow CPR,Not applicable,Not applicable,Narrow CPR; Wide CPR rules not applied,0,0,0,0
2026-10-01,2026-10-01,CM,NSE,STK,18226,INE949H01023,MANINFRA,EQ,,,,,MAN INFRA LTD,125.6,126.49,123.01,124.3,124.7,126.86,,124.3,,,1251549,155906602.74,11176,F1,1,,,,,,Cash Only,Unclassified,False,124.60000000000001,124.75,124.45000000000002,124.75,124.45000000000002,0.29999999999998295,0.24135156878518338,Narrow,Bearish,Below CPR,False,True,0.31666666666666665,60,182165914.97500002,Lower,True,Risk Off,False,4.005,115.67480000000002,112.8275,0.07490636704119424,0.8558494752511535,True,True,No setup,Neutral,0,Not applicable,No directional setup; confirmation score not applicable.,Narrow CPR,Not applicable,Not applicable,Narrow CPR; Wide CPR rules not applied,0,0,0,0
2026-10-01,2026-10-01,CM,NSE,STK,4749,INE111A01025,CONCOR,EQ,,,,,CONTAINER CORP OF IND LTD,448.0,450.85,436.35,442.0,442.0,447.5,,442.33,,,877730,389498299.6,23537,F1,1,,,,,,F&O + Cash,Services,True,443.06666666666666,443.6,442.5333333333333,443.6,442.5333333333333,1.0666666666667197,0.24132730015084158,Narrow,Bearish,Below CPR,False,True,0.31666666666666665,60,548210992.2750001,Lower,True,Risk Off,False,13.532142857142857,500.879,489.269,0.07882466789830603,0.7104897659633488,False,False,No setup,Neutral,0,Not applicable,No directional setup; confirmation score not applicable.,Narrow CPR,Not applicable,Not applicable,Narrow CPR; Wide CPR rules not applied,0,0,0,0
2026-10-01,2026-10-01,CM,NSE,STK,10755,INE266F01018,APTECHT,EQ,,,,,APTECH LIMITED,88.26,88.97,85.72,87.03,87.6,88.26,,87.03,,,46982,4082910.0,1122,F1,1,,,,,,Cash Only,Unclassified,False,87.24000000000001,87.345,87.13500000000002,87.345,87.13500000000002,0.20999999999997954,0.2412961047914277,Narrow,Bearish,Below CPR,False,True,0.23333333333333334,60,31030758.425,Lower,True,Risk Off,True,6.5178571428571415,102.32759999999999,93.06289999999998,0.032219178082188646,0.13157622330979168,False,False,No setup,Neutral,0,Not applicable,No directional setup; confirmation score not applicable.,Narrow CPR,Not applicable,Not applicable,Narrow CPR; Wide CPR rules not applied,0,0,0,0
2026-10-01,2026-10-01,CM,NSE,STK,13776,INE017A01032,GESHIP,EQ,,,,,THE GE SHPG.LTD,1548.0,1554.2,1518.0,1530.6,1529.9,1560.0,,1530.57,,,574389,880843980.8,32812,F1,1,,,,,,Cash Only,Services,True,1534.2666666666664,1536.1,1532.433333333333,1536.1,1532.433333333333,3.66666666666697,0.23955747201535152,Narrow,Bearish,Below CPR,False,True,0.25,60,880684735.95,Lower,True,Risk Off,True,41.678571428571445,1383.414,1427.9319999999998,0.08797486432448597,1.0001808193596409,True,True,No setup,Neutral,0,Not applicable,No directional setup; confirmation score not applicable.,Narrow CPR,Not applicable,Not applicable,Narrow CPR; Wide CPR rules not applied,0,0,0,0
2026-10-01,2026-10-01,CM,NSE,STK,758551,INE1SY401010,RAYMONDREL,EQ,,,,,RAYMOND REALTY LIMITED,664.0,667.95,633.6,648.45,646.0,669.95,,648.43,,,853435,553226784.6,24085,F1,1,,,,,,Cash Only,Unclassified,False,650.0000000000001,650.7750000000001,649.2250000000001,650.7750000000001,649.2250000000001,1.5499999999999545,0.2390315367414534,Narrow,Bearish,Below CPR,False,True,0.2,60,246971645.55,Lower,True,Risk Off,True,37.074999999999996,608.625,615.8645,0.041807147673633305,2.2400416993941836,True,True,No setup,Neutral,0,Not applicable,No directional setup; confirmation score not applicable.,Narrow CPR,Not applicable,Not applicable,Narrow CPR; Wide CPR rules not applied,0,0,0,0
2026-10-01,2026-10-01,CM,NSE,STK,4732,INE411D01023,SKMEGGPROD,EQ,,,,,SKM EGG PROD EXPORT(I) LT,210.95,210.95,201.1,205.29,203.6,211.15,,205.31,,,216666,44368081.57,5500,F1,1,,,,,,Cash Only,Unclassified,False,205.77999999999997,206.02499999999998,205.53499999999997,206.02499999999998,205.53499999999997,0.4900000000000091,0.23868673583711292,Narrow,Bearish,Below CPR,False,True,0.1,60,67395368.49,Lower,True,Risk Off,True,9.417857142857144,250.4578,253.08820000000003,0.05202882062950418,0.6583253799789411,False,False,No setup,Neutral,0,Not applicable,No directional setup; confirmation score not applicable.,Narrow CPR,Not applicable,Not applicable,Narrow CPR; Wide CPR rules not applied,0,0,0,0
2026-10-01,2026-10-01,CM,NSE,STK,1672,INE926X01010,HGINFRA,EQ,,,,,H.G.INFRA ENGINEERING LTD,433.0,433.8,409.0,419.9,418.15,432.75,,419.9,,,248381,104183220.25,13700,F1,1,,,,,,Cash Only,Unclassified,False,420.8999999999999,421.4,420.39999999999986,421.4,420.39999999999986,1.0000000000001137,0.2381519409383457,Narrow,Bearish,Below CPR,False,True,0.26666666666666666,60,26051370.275,Lower,True,Risk Off,False,17.999999999999996,498.764,537.056,0.05555555555556188,3.999145501761903,False,False,No setup,Neutral,0,Not applicable,No directional setup; confirmation score not applicable.,Narrow CPR,Not applicable,Not applicable,Narrow CPR; Wide CPR rules not applied,0,0,0,0
2026-10-01,2026-10-01,CM,NSE,STK,21339,INE503B01021,STEELXIND,EQ,,,,,STEEL EXCHANGE INDIA LTD,11.4,11.45,11.07,11.22,11.16,11.42,,11.22,,,4501675,50294989.69,3188,F1,1,,,,,,Cash Only,Unclassified,False,11.246666666666668,11.26,11.233333333333336,11.26,11.233333333333336,0.02666666666666373,0.23767082590609384,Narrow,Bearish,Below CPR,False,True,0.3,60,18075027.755000003,Lower,True,Risk Off,False,0.6642857142857143,11.166599999999999,11.5168,0.04014336917562282,2.782567770945035,True,False,No setup,Neutral,0,Not applicable,No directional setup; confirmation score not applicable.,Narrow CPR,Not applicable,Not applicable,Narrow CPR; Wide CPR rules not applied,0,0,0,0
2026-10-01,2026-10-01,CM,NSE,STK,625,INE055A01016,ABREL,EQ,,,,,ADITYA BIRLA REAL EST LTD,1136.4,1136.4,1072.4,1100.5,1106.5,1130.7,,1100.53,,,435320,477836216.0,41330,F1,1,,,,,,Cash Only,Realty,True,1103.1000000000001,1104.4,1101.8000000000002,1104.4,1101.8000000000002,2.599999999999909,0.23625624716037338,Narrow,Bearish,Below CPR,False,True,0.3333333333333333,60,167724787.3,Lower,True,Risk Off,False,48.62142857142859,1339.888,1328.9820000000002,0.053474364624649204,2.8489302248767854,False,False,No setup,Neutral,0,Not applicable,No directional setup; confirmation score not applicable.,Narrow CPR,Not applicable,Not applicable,Narrow CPR; Wide CPR rules not applied,0,-2,0,-2
2026-10-01,2026-10-01,CM,NSE,STK,3237,INE643A01035,JTEKTINDIA,EQ,,,,,JTEKT INDIA LIMITED,116.8,117.8,114.7,115.84,116.19,116.58,,115.84,,,131859,15342116.47,1645,F1,1,,,,,,Cash Only,Unclassified,False,116.11333333333334,116.25,115.97666666666669,116.25,115.97666666666669,0.2733333333333121,0.23595764272558017,Narrow,Bearish,Below CPR,False,True,0.38333333333333336,60,17179731.009999998,Lower,True,Risk Off,False,3.152857142857141,127.04700000000001,130.38729999999998,0.08669385289230566,0.8930358956766927,False,False,No setup,Neutral,0,Not applicable,No directional setup; confirmation score not applicable.,Narrow CPR,Not applicable,Not applicable,Narrow CPR; Wide CPR rules not applied,0,0,0,0
2026-10-01,2026-10-01,CM,NSE,STK,12000,INE963C01033,FAZE3Q,EQ,,,,,FAZE THREE LIMITED,440.0,444.1,425.05,433.05,434.8,442.15,,433.09,,,23619,10168690.85,1512,F1,1,,,,,,Cash Only,Unclassified,False,434.06666666666666,434.57500000000005,433.5583333333333,434.57500000000005,433.5583333333333,1.0166666666667652,0.23476888734944354,Narrow,Bearish,Below CPR,False,True,0.31666666666666665,60,7869492.025,Lower,True,Risk Off,False,22.81785714285714,494.664,527.55,0.04455574685658073,1.2921661039487486,False,False,No setup,Neutral,0,Not applicable,No directional setup; confirmation score not applicable.,Narrow CPR,Not applicable,Not applicable,Narrow CPR; Wide CPR rules not applied,0,0,0,0
2026-10-01,2026-10-01,CM,NSE,STK,11798,INE835G01018,ALLDIGI,EQ,,,,,ALLDIGI TECH LIMITED,767.25,771.0,747.0,756.35,755.25,767.25,,756.4,,,6690,5066153.8,1011,F1,1,,,,,,Cash Only,Unclassified,False,758.1166666666667,759.0,757.2333333333333,759.0,757.2333333333333,1.7666666666666515,0.23357792908926442,Narrow,Bearish,Below CPR,False,True,0.5333333333333333,60,5117094.225,Lower,True,Risk Off,False,20.02857142857143,806.663,811.9965,0.08820732287208674,0.9900450484669354,False,False,No setup,Neutral,0,Not applicable,No directional setup; confirmation score not applicable.,Narrow CPR,Not applicable,Not applicable,Narrow CPR; Wide CPR rules not applied,0,0,0,0
2026-10-01,2026-10-01,CM,NSE,STK,11195,INE646L01027,INDIGO,EQ,,,,,INTERGLOBE AVIATION LTD,4936.0,5016.2,4878.0,4929.9,4929.9,4984.0,,4927.69,,,592514,2925529706.3,61329,F1,1,,,,,,F&O + Cash,Services,True,4941.366666666667,4947.1,4935.633333333333,4947.1,4935.633333333333,11.466666666667152,0.2325943054964026,Narrow,Bearish,Below CPR,False,True,0.4,60,2908815548.4,Lower,True,Risk Off,False,117.62142857142855,5109.008000000001,4974.965,0.0974879051031397,1.0057460356704961,False,False,No setup,Neutral,0,Not applicable,No directional setup; confirmation score not applicable.,Narrow CPR,Not applicable,Not applicable,Narrow CPR; Wide CPR rules not applied,0,0,0,0
2026-10-01,2026-10-01,CM,NSE,STK,13288,INE00ZE01026,AFSL,EQ,,,,,ABANS FINANCIAL SRVCS LTD,201.1,202.4,201.0,201.0,201.0,201.0,,201.0,,,32860,6605190.34,95,F1,1,,,,,,Cash Only,Unclassified,False,201.46666666666667,201.7,201.23333333333335,201.7,201.23333333333335,0.46666666666664014,0.23217247097842794,Narrow,Bearish,Below CPR,False,True,0.43333333333333335,60,1304774.22,Overlapping,True,Risk Off,False,2.006428571428574,203.0532,202.1159,0.23258573632370785,5.062324376703273,False,False,No setup,Neutral,0,Not applicable,No directional setup; confirmation score not applicable.,Narrow CPR,Not applicable,Not applicable,Narrow CPR; Wide CPR rules not applied,0,0,0,0
2026-10-01,2026-10-01,CM,NSE,STK,6973,INE505A01010,DMCC,EQ,,,,,DMCC SPECIALITY CHEMICALS,313.3,319.0,300.55,308.7,306.0,311.7,,308.77,,,197626,61042016.35,5887,F1,1,,,,,,Cash Only,Unclassified,False,309.4166666666667,309.775,309.0583333333334,309.775,309.0583333333334,0.7166666666665833,0.2321563546053072,Narrow,Bearish,Below CPR,False,True,0.1,60,15156473.35,Lower,True,Risk Off,True,15.571428571428564,287.302,276.17100000000005,0.04602446483179895,4.027455130252975,True,True,No setup,Neutral,0,Not applicable,No directional setup; confirmation score not applicable.,Narrow CPR,Not applicable,Not applicable,Narrow CPR; Wide CPR rules not applied,0,0,0,0
2026-10-01,2026-10-01,CM,NSE,STK,12024,INE128X01021,ACI,EQ,,,,,ARCHEAN CHEMICAL IND LTD,488.0,488.4,465.0,475.05,473.75,485.85,,474.95,,,156132,73841975.55,9332,F1,1,,,,,,Cash Only,Unclassified,False,476.15000000000003,476.7,475.6000000000001,476.7,475.6000000000001,1.099999999999909,0.2315545732028016,Narrow,Bearish,Below CPR,False,True,0.25,60,132729985.15,Lower,True,Risk Off,True,17.471428571428557,502.454,519.408,0.0629599345870758,0.5563322821632968,False,False,No setup,Neutral,0,Not applicable,No directional setup; confirmation score not applicable.,Narrow CPR,Not applicable,Not applicable,Narrow CPR; Wide CPR rules not applied,0,2,0,2
2026-10-01,2026-10-01,CM,NSE,STK,17927,INE462A01022,BAYERCROP,EQ,,,,,BAYER CROPSCIENCE LTD,3620.0,3620.0,3513.0,3554.2,3554.0,3627.6,,3554.28,,,22516,80064255.9,5682,F1,1,,,,,,Cash Only,Chemicals,True,3562.4,3566.5,3558.3,3566.5,3558.3,8.199999999999818,0.23071295931573402,Narrow,Bearish,Below CPR,False,True,0.55,60,81191599.2,Lower,True,Risk Off,False,74.94285714285716,4015.8340000000003,4145.265,0.10941669843690185,0.9861150253091702,False,False,No setup,Neutral,0,Not applicable,No directional setup; confirmation score not applicable.,Narrow CPR,Not applicable,Not applicable,Narrow CPR; Wide CPR rules not applied,0,0,0,0
2026-10-01,2026-10-01,CM,NSE,STK,759265,INE976I01016,TATACAP,EQ,,,,,TATA CAPITAL LIMITED,327.1,327.25,313.55,319.3,318.9,327.95,,319.31,,,2467983,784921896.3,66493,F1,1,,,,,,Cash Only,Financial Services,True,320.0333333333333,320.4,319.66666666666663,320.4,319.66666666666663,0.7333333333333485,0.22966906775237972,Narrow,Bearish,Below CPR,False,True,0.36666666666666664,60,416488330.625,Lower,True,Risk Off,False,10.660714285714281,358.204,345.82099999999997,0.06878838637632753,1.884619180379227,False,False,No setup,Neutral,0,Not applicable,No directional setup; confirmation score not applicable.,Narrow CPR,Not applicable,Not applicable,Narrow CPR; Wide CPR rules not applied,0,0,0,0
2026-10-01,2026-10-01,CM,NSE,STK,2979,INE749B01020,ORTINGLOBE,EQ,,,,,ORTIN GLOBAL LIMITED,14.32,15.03,14.11,14.52,14.59,14.32,,14.52,,,1329,19384.58,25,F1,1,,,,,,Cash Only,Unclassified,False,14.553333333333333,14.57,14.536666666666665,14.57,14.536666666666665,0.03333333333333499,0.22956841138660464,Narrow,Bearish,Below CPR,False,True,0.1,60,168191.06,Inside,True,Risk Off,True,0.9599999999999994,15.761999999999999,,0.03472222222222397,0.1152533315385491,False,False,No setup,Neutral,0,Not applicable,No directional setup; confirmation score not applicable.,Narrow CPR,Not applicable,Not applicable,Narrow CPR; Wide CPR rules not applied,0,-2,0,-2
2026-10-01,2026-10-01,CM,NSE,STK,4693,INE810G01011,SHYAMMETL,EQ,,,,,SHYAM METALICS AND ENGY L,1072.5,1075.7,1027.1,1047.8,1047.2,1065.0,,1047.78,,,475311,503627772.6,22571,F1,1,,,,,,Cash Only,Capital Goods,True,1050.2,1051.4,1049.0,1051.4,1049.0,2.400000000000091,0.22905134567666455,Narrow,Bearish,Below CPR,False,True,0.3,60,423335409.45000005,Lower,True,Risk Off,False,34.95714285714288,1044.0339999999999,1004.7215,0.06865549652636137,1.189666069404202,True,True,No setup,Neutral,0,Not applicable,No directional setup; confirmation score not applicable.,Narrow CPR,Not applicable,Not applicable,Narrow CPR; Wide CPR rules not applied,0,0,0,0
2026-10-01,2026-10-01,CM,NSE,STK,12188,INE510W01014,INOXGREEN,EQ,,,,,INOX GREEN ENERGY SER LTD,161.49,163.73,155.36,159.0,158.51,161.07,,158.99,,,980980,156010725.75,14489,F1,1,,,,,,Cash Only,Unclassified,False,159.36333333333334,159.54500000000002,159.18166666666667,159.54500000000002,159.18166666666667,0.36333333333334394,0.22851153039832955,Narrow,Bearish,Below CPR,False,True,0.3,60,207333892.995,Lower,True,Risk Off,False,6.322857142857139,178.3942,182.6243,0.057463473414672596,0.7524612763324823,False,False,No setup,Neutral,0,Not applicable,No directional setup; confirmation score not applicable.,Narrow CPR,Not applicable,Not applicable,Narrow CPR; Wide CPR rules not applied,0,0,0,0
2026-10-01,2026-10-01,CM,NSE,STK,10457,INE034S01021,ARVSMART,EQ,,,,,ARVIND SMARTSPACES LTD,601.75,603.9,585.15,592.5,593.0,601.75,,592.5,,,55885,33223887.55,3076,F1,1,,,,,,Cash Only,Unclassified,False,593.85,594.525,593.1750000000001,594.525,593.1750000000001,1.349999999999909,0.22784810126580743,Narrow,Bearish,Below CPR,False,True,0.21666666666666667,60,36084240.150000006,Lower,True,Risk Off,True,27.728571428571417,623.8829999999999,611.23,0.04868624420401529,0.9207312503156588,False,False,No setup,Neutral,0,Not applicable,No directional setup; confirmation score not applicable.,Narrow CPR,Not applicable,Not applicable,Narrow CPR; Wide CPR rules not applied,0,0,0,0
2026-10-01,2026-10-01,CM,NSE,STK,14068,INE229C01021,SAGCEM,EQ,,,,,SAGAR CEMENTS LIMITED,148.3,155.02,146.02,150.01,150.99,148.64,,150.01,,,66762,10051844.95,1502,F1,1,,,,,,Cash Only,Unclassified,False,150.35,150.52,150.17999999999998,150.52,150.17999999999998,0.34000000000003183,0.22665155656291705,Narrow,Bearish,Below CPR,False,True,0.2833333333333333,60,5677991.475,Higher,True,Risk Off,False,4.6000000000000005,162.1806,169.8013,0.07391304347826778,1.7703170204213805,False,False,No setup,Neutral,0,Not applicable,No directional setup; confirmation score not applicable.,Narrow CPR,Not applicable,Not applicable,Narrow CPR; Wide CPR rules not applied,0,0,0,0
2026-10-01,2026-10-01,CM,NSE,STK,2031,INE101A01026,M&M,EQ,,,,,MAHINDRA & MAHINDRA LTD,2926.0,2927.4,2812.0,2860.0,2860.0,2950.0,,2857.47,,,5453321,15581850711.5,225440,F1,1,,,,,,F&O + Cash,Automobile and Auto Components,True,2866.4666666666667,2869.7,2863.2333333333336,2869.7,2863.2333333333336,6.466666666666242,0.22610722610721126,Narrow,Bearish,Below CPR,False,True,0.35,60,6227180570.950001,Lower,True,Risk Off,False,65.19999999999997,3242.708,3170.597,0.09918200408997307,2.502232034861786,False,False,No setup,Neutral,0,Not applicable,No directional setup; confirmation score not applicable.,Narrow CPR,Not applicable,Not applicable,Narrow CPR; Wide CPR rules not applied,0,0,0,0
2026-10-01,2026-10-01,CM,NSE,STK,1994,INE557B01019,LIBERTSHOE,EQ,,,,,LIBERTY SHOES LTD,221.01,221.01,214.02,216.78,217.6,221.01,,216.79,,,16325,3547433.31,1013,F1,1,,,,,,Cash Only,Unclassified,False,217.26999999999998,217.515,217.02499999999998,217.515,217.02499999999998,0.4900000000000091,0.22603561214134563,Narrow,Bearish,Below CPR,False,True,0.25,60,5576251.075,Lower,True,Risk Off,True,8.905,241.2814,246.9608,0.055025266704099844,0.6361681463562865,False,False,No setup,Neutral,0,Not applicable,No directional setup; confirmation score not applicable.,Narrow CPR,Not applicable,Not applicable,Narrow CPR; Wide CPR rules not applied,0,0,0,0
2026-10-01,2026-10-01,CM,NSE,STK,23402,INE0R6Z01013,SRM,EQ,,,,,SRM CONTRACTORS LIMITED,401.3,408.55,391.65,398.75,396.55,404.4,,398.75,,,48009,19119563.9,2882,F1,1,,,,,,Cash Only,Unclassified,False,399.65000000000003,400.1,399.20000000000005,400.1,399.20000000000005,0.8999999999999773,0.2257053291535993,Narrow,Bearish,Below CPR,False,True,0.21666666666666667,60,32471842.525,Lower,True,Risk Off,True,13.028571428571427,465.41100000000006,481.9765,0.06907894736841931,0.5888044044707315,False,False,No setup,Neutral,0,Not applicable,No directional setup; confirmation score not applicable.,Narrow CPR,Not applicable,Not applicable,Narrow CPR; Wide CPR rules not applied,0,0,0,0
2026-10-01,2026-10-01,CM,NSE,STK,25136,INE650L01011,BROOKS,EQ,,,,,BROOKS LAB LIMITED,55.52,57.0,52.97,54.8,53.52,55.8,,54.95,,,34254,1855799.44,762,F1,1,,,,,,Cash Only,Unclassified,False,54.923333333333325,54.985,54.86166666666665,54.985,54.86166666666665,0.12333333333334906,0.22506082725063697,Narrow,Bearish,Below CPR,False,True,0.11666666666666667,60,3735413.9450000003,Lower,True,Risk Off,True,3.7264285714285714,60.093199999999996,67.6523,0.03309692671395221,0.4968122589155242,False,False,No setup,Neutral,0,Not applicable,No directional setup; confirmation score not applicable.,Narrow CPR,Not applicable,Not applicable,Narrow CPR; Wide CPR rules not applied,0,0,0,0
2026-10-01,2026-10-01,CM,NSE,STK,2595,INE105C01023,3PLAND,EQ,,,,,3P LAND HOLDINGS LIMITED,32.7,32.7,29.75,31.12,31.1,31.01,,31.1,,,8529,259315.88,159,F1,1,,,,,,Cash Only,Unclassified,False,31.19,31.225,31.155,31.225,31.155,0.07000000000000028,0.22493573264781583,Narrow,Bearish,Below CPR,False,True,0.18333333333333332,60,66022.37,Overlapping,True,Risk Off,True,2.038571428571428,31.7552,31.9507,0.034337771548703724,3.927697233528576,False,False,No setup,Neutral,0,Not applicable,No directional setup; confirmation score not applicable.,Narrow CPR,Not applicable,Not applicable,Narrow CPR; Wide CPR rules not applied,0,0,-2,-2
2026-10-01,2026-10-01,CM,NSE,STK,29666,INE093A01041,HEXT,EQ,,,,,HEXAWARE TECHNOLOGIES LTD,494.1,502.6,481.6,490.45,491.0,494.1,,490.43,,,258061,126100034.4,20168,F1,1,,,,,,Cash Only,Information Technology,True,491.55,492.1,491.0,492.1,491.0,1.1000000000000227,0.22428382098073663,Narrow,Bearish,Below CPR,False,True,0.18333333333333332,60,122007173.125,Overlapping,True,Risk Off,True,15.053571428571425,540.174,530.6105,0.07307236061684613,1.0335460708593482,False,False,No setup,Neutral,0,Not applicable,No directional setup; confirmation score not applicable.,Narrow CPR,Not applicable,Not applicable,Narrow CPR; Wide CPR rules not applied,0,0,0,0
2026-10-01,2026-10-01,CM,NSE,STK,20527,INE024D01016,PRUDMOULI,EQ,,,,,PRUDENTIAL SUGAR CORPORAT,13.5,13.85,13.22,13.49,13.7,13.39,,13.5,,,725,9642.02,39,F1,1,,,,,,Cash Only,Unclassified,False,13.520000000000001,13.535,13.505000000000003,13.535,13.505000000000003,0.029999999999997584,0.22238695329872188,Narrow,Bearish,Below CPR,False,True,0.15,60,164020.885,Higher,True,Risk Off,True,0.9621428571428573,15.8034,15.892999999999999,0.03118040089086608,0.058785318711089746,False,False,No setup,Neutral,0,Not applicable,No directional setup; confirmation score not applicable.,Narrow CPR,Not applicable,Not applicable,Narrow CPR; Wide CPR rules not applied,0,0,0,0
2026-10-01,2026-10-01,CM,NSE,STK,13689,INE035801013,AERONEU,EQ,,,,,AEROFLEX NEU LIMITED,70.85,74.32,67.27,70.56,70.25,70.84,,70.56,,,67368,4841236.91,3749,F1,1,,,,,,Cash Only,Unclassified,False,70.71666666666665,70.79499999999999,70.63833333333332,70.79499999999999,70.63833333333332,0.1566666666666663,0.22203325774754293,Narrow,Bearish,Below CPR,False,True,0.15,60,3720987.9699999997,Lower,True,Risk Off,True,5.5221428571428595,79.04260000000001,84.3311,0.0283706290691156,1.3010622310611772,False,False,No setup,Neutral,0,Not applicable,No directional setup; confirmation score not applicable.,Narrow CPR,Not applicable,Not applicable,Narrow CPR; Wide CPR rules not applied,0,2,0,2
2026-10-01,2026-10-01,CM,NSE,STK,11532,INE481G01011,ULTRACEMCO,EQ,,,,,ULTRATECH CEMENT LIMITED,10810.0,10879.0,10612.0,10710.0,10710.0,10956.0,,10735.63,,,570684,6111698002.0,61945,F1,1,,,,,,F&O + Cash,Construction Materials,True,10733.666666666666,10745.5,10721.833333333332,10745.5,10721.833333333332,23.66666666666788,0.22097727980082055,Narrow,Bearish,Below CPR,False,True,0.35,60,2846252842.0,Lower,True,Risk Off,False,213.21428571428572,11456.78,11450.58,0.11099944165271367,2.1472786647111235,False,False,No setup,Neutral,0,Not applicable,No directional setup; confirmation score not applicable.,Narrow CPR,Not applicable,Not applicable,Narrow CPR; Wide CPR rules not applied,0,0,0,0
2026-10-01,2026-10-01,CM,NSE,STK,27095,INE665A01038,SWANCORP,EQ,,,,,SWAN CORP LIMITED,277.5,279.45,267.95,272.8,272.7,280.2,,272.76,,,731886,199726902.95,18503,F1,1,,,,,,Cash Only,Chemicals,True,273.40000000000003,273.7,273.1000000000001,273.7,273.1000000000001,0.599999999999909,0.2199413489735737,Narrow,Bearish,Below CPR,False,True,0.36666666666666664,60,229449952.8,Lower,True,Risk Off,False,10.064285714285713,298.725,308.16700000000003,0.059616749467698564,0.8704595512560069,False,False,No setup,Neutral,0,Not applicable,No directional setup; confirmation score not applicable.,Narrow CPR,Not applicable,Not applicable,Narrow CPR; Wide CPR rules not applied,0,0,0,0
2026-10-01,2026-10-01,CM,NSE,STK,5435,INE852O01025,APTUS,EQ,,,,,APTUS VALUE HSG FIN I LTD,231.0,231.0,223.28,226.4,225.0,232.53,,226.41,,,1566543,355797992.93,36786,F1,1,,,,,,Cash Only,Financial Services,True,226.89333333333332,227.14,226.64666666666665,227.14,226.64666666666665,0.4933333333333394,0.2179034157832771,Narrow,Bearish,Below CPR,False,True,0.3,60,249706105.73000002,Lower,True,Risk Off,False,8.297142857142854,254.6232,263.8211,0.059458218549128396,1.4248670127222043,False,False,No setup,Neutral,0,Not applicable,No directional setup; confirmation score not applicable.,Narrow CPR,Not applicable,Not applicable,Narrow CPR; Wide CPR rules not applied,0,0,0,0
2026-10-01,2026-10-01,CM,NSE,STK,9921,INE914E01040,ALANKIT,EQ,,,,,ALANKIT LIMITED,7.74,7.85,7.5,7.65,7.73,7.83,,7.65,,,111640,855732.77,496,F1,1,,,,,,Cash Only,Unclassified,False,7.666666666666667,7.675,7.658333333333334,7.675,7.658333333333334,0.01666666666666572,0.2178649237472643,Narrow,Bearish,Below CPR,False,True,0.26666666666666666,60,769629.28,Lower,True,Risk Off,False,0.42642857142857155,7.971,8.173200000000001,0.039084310441092125,1.1118765777726127,False,False,No setup,Neutral,0,Not applicable,No directional setup; confirmation score not applicable.,Narrow CPR,Not applicable,Not applicable,Narrow CPR; Wide CPR rules not applied,0,0,-2,-2
2026-10-01,2026-10-01,CM,NSE,STK,3761,INE320J01015,RITES,EQ,,,,,RITES LIMITED,211.03,216.99,203.33,209.48,211.02,209.05,,209.49,,,21390228,4494193447.16,220524,F1,1,,,,,,Cash Only,Construction,True,209.93333333333337,210.16000000000003,209.7066666666667,210.16000000000003,209.7066666666667,0.45333333333331893,0.21640888549423284,Narrow,Bearish,Below CPR,False,True,0.36666666666666664,60,79320228.32,Higher,True,Risk Off,False,6.992142857142858,214.64860000000002,213.315,0.06483467838049305,56.6588566667908,False,False,No setup,Neutral,0,Not applicable,No directional setup; confirmation score not applicable.,Narrow CPR,Not applicable,Not applicable,Narrow CPR; Wide CPR rules not applied,0,0,0,0
2026-10-01,2026-10-01,CM,NSE,STK,761197,INE0V0W01025,GKSL,EQ,,,,,GUJARAT KIDNEY N SUP SP L,180.1,209.8,180.0,194.27,194.65,179.05,,194.27,,,34935174,6943525794.43,337685,F1,1,,,,,,Cash Only,Unclassified,False,194.69000000000003,194.9,194.48000000000005,194.9,194.48000000000005,0.4199999999999591,0.21619395686413703,Narrow,Bearish,Below CPR,False,True,0.2,60,54894445.480000004,Higher,True,Risk Off,True,10.645000000000001,155.7722,144.1932,0.03945514325974251,126.48867720067913,True,True,No setup,Neutral,0,Not applicable,No directional setup; confirmation score not applicable.,Narrow CPR,Not applicable,Not applicable,Narrow CPR; Wide CPR rules not applied,0,0,0,0
2026-10-01,2026-10-01,CM,NSE,STK,762797,INE085D01033,METROGLOBL,EQ,,,,,METROGLOBAL LTD.,133.89,133.89,130.0,131.52,131.0,133.9,,131.52,,,208,27220.8,26,F1,1,,,,,,Cash Only,Unclassified,False,131.8033333333333,131.945,131.66166666666663,131.945,131.66166666666663,0.28333333333335986,0.2154298459043186,Narrow,Bearish,Below CPR,False,True,0.16666666666666666,60,176747.3,Lower,True,Risk Off,True,5.648571428571432,135.4368,132.8658,0.05016017534986135,0.1540097076447561,False,False,No setup,Neutral,0,Not applicable,No directional setup; confirmation score not applicable.,Narrow CPR,Not applicable,Not applicable,Narrow CPR; Wide CPR rules not applied,0,0,0,0
2026-10-01,2026-10-01,CM,NSE,STK,13414,INE411H01032,RSYSTEMS,EQ,,,,,R SYS INTERNATIONAL LTD,271.0,273.45,255.45,263.6,260.8,279.9,,263.63,,,5804697,1533760000.75,77895,F1,1,,,,,,Cash Only,Unclassified,False,264.1666666666667,264.45,263.8833333333334,264.45,263.8833333333334,0.566666666666606,0.21497218007079133,Narrow,Bearish,Below CPR,False,True,0.2833333333333333,60,60706232.825,Lower,True,Risk Off,False,15.28857142857143,249.8068,252.27200000000002,0.03706472310471166,25.26528050540418,True,True,No setup,Neutral,0,Not applicable,No directional setup; confirmation score not applicable.,Narrow CPR,Not applicable,Not applicable,Narrow CPR; Wide CPR rules not applied,0,0,0,0
2026-10-01,2026-10-01,CM,NSE,STK,762628,INE819A01049,COMFINTE,EQ,,,,,COMFORT INTECH LTD.,6.35,6.41,6.09,6.23,6.28,6.36,,6.22,,,135064,839089.05,406,F1,1,,,,,,Cash Only,Unclassified,False,6.243333333333333,6.25,6.236666666666666,6.25,6.236666666666666,0.013333333333333641,0.21401819154628637,Narrow,Bearish,Below CPR,False,True,0.16666666666666666,60,899922.31,Lower,True,Risk Off,True,0.4714285714285715,6.210800000000001,6.1937999999999995,0.028282828282828933,0.9324016536494133,True,True,No setup,Neutral,0,Not applicable,No directional setup; confirmation score not applicable.,Narrow CPR,Not applicable,Not applicable,Narrow CPR; Wide CPR rules not applied,0,0,0,0
2026-10-01,2026-10-01,CM,NSE,STK,764643,INE084D01010,CGVAK,EQ,,,,,C G V A K SOFTWARE & EX L,150.8,151.0,144.42,147.24,149.6,145.69,,148.01,,,1725,257028.59,58,F1,1,,,,,,Cash Only,Unclassified,False,147.5533333333333,147.70999999999998,147.39666666666665,147.70999999999998,147.39666666666665,0.3133333333333326,0.21280449153309738,Narrow,Bearish,Below CPR,False,True,0.15151515151515152,33,279115.86,Inside,True,Risk Off,True,7.412142857142858,,,0.04227297549066836,0.9208670191654462,False,False,No setup,Neutral,0,Not applicable,No directional setup; confirmation score not applicable.,Narrow CPR,Not applicable,Not applicable,Narrow CPR; Wide CPR rules not applied,0,0,0,0
2026-10-01,2026-10-01,CM,NSE,STK,25941,INE497S01012,GODAVARIB,EQ,,,,,GODAVARI BIOREFINERIES L,230.8,232.0,223.81,227.18,227.95,232.01,,227.3,,,76451,17467710.69,1658,F1,1,,,,,,Cash Only,Unclassified,False,227.66333333333333,227.905,227.42166666666665,227.905,227.42166666666665,0.4833333333333485,0.212753470082467,Narrow,Bearish,Below CPR,False,True,0.26666666666666666,60,22396266.060000002,Lower,True,Risk Off,False,10.147142857142857,247.3026,265.32779999999997,0.047632455769863996,0.7799385238237342,False,False,No setup,Neutral,0,Not applicable,No directional setup; confirmation score not applicable.,Narrow CPR,Not applicable,Not applicable,Narrow CPR; Wide CPR rules not applied,0,0,0,0
2026-10-01,2026-10-01,CM,NSE,STK,5622,INE686A01026,CEMPRO,EQ,,,,,CEMINDIA PROJECTS LIMITED,1189.0,1205.0,1160.3,1178.9,1180.0,1192.2,,1178.85,,,221740,261687618.8,16936,F1,1,,,,,,Cash Only,Construction,True,1181.4,1182.65,1180.15,1182.65,1180.15,2.5,0.2120620917804733,Narrow,Bearish,Below CPR,False,True,0.25,60,435038591.85,Lower,True,Risk Off,True,49.19285714285718,1283.7679999999998,1254.1275,0.05082038623493535,0.6015273672323515,False,False,No setup,Neutral,0,Not applicable,No directional setup; confirmation score not applicable.,Narrow CPR,Not applicable,Not applicable,Narrow CPR; Wide CPR rules not applied,0,0,0,0
2026-10-01,2026-10-01,CM,NSE,STK,29256,INE0R4L01018,DENTA,EQ,,,,,DENTA WATER N INFRA SOL L,268.65,268.65,254.3,260.65,260.8,265.75,,260.51,,,79945,20765994.05,3640,F1,1,,,,,,Cash Only,Unclassified,False,261.2,261.475,260.92499999999995,261.475,260.92499999999995,0.5500000000000682,0.21101093420298037,Narrow,Bearish,Below CPR,False,True,0.16666666666666666,60,43640327.675,Lower,True,Risk Off,True,11.4392857142857,298.199,295.4775,0.04807992507025266,0.4758441367500571,False,False,No setup,Neutral,0,Not applicable,No directional setup; confirmation score not applicable.,Narrow CPR,Not applicable,Not applicable,Narrow CPR; Wide CPR rules not applied,0,0,0,0
2026-10-01,2026-10-01,CM,NSE,STK,759769,INE28GN01010,ADVENTHTL,EQ,,,,,ADVENT HOTELS INTERNATI L,126.0,127.32,121.0,123.77,123.99,126.32,,123.77,,,203366,25309153.28,2185,F1,1,,,,,,Cash Only,Unclassified,False,124.02999999999999,124.16,123.89999999999998,124.16,123.89999999999998,0.2600000000000193,0.2100670598691277,Narrow,Bearish,Below CPR,False,True,0.36666666666666664,60,15596043.565000001,Lower,True,Risk Off,False,5.547142857142859,136.7706,139.4343,0.04687097604944977,1.622793189472602,False,False,No setup,Neutral,0,Not applicable,No directional setup; confirmation score not applicable.,Narrow CPR,Not applicable,Not applicable,Narrow CPR; Wide CPR rules not applied,0,-2,0,-2
2026-10-01,2026-10-01,CM,NSE,STK,742,INE757A01017,COSMOFIRST,EQ,,,,,COSMO FIRST LIMITED,843.85,843.85,815.05,826.85,827.25,845.6,,826.85,,,30642,25359546.6,2527,F1,1,,,,,,Cash Only,Unclassified,False,828.5833333333334,829.45,827.7166666666667,829.45,827.7166666666667,1.7333333333333485,0.20963092862470198,Narrow,Bearish,Below CPR,False,True,0.26666666666666666,60,60426030.15,Lower,True,Risk Off,False,26.771428571428576,900.956,842.471,0.06474564212024246,0.4196791769548343,False,False,No setup,Neutral,0,Not applicable,No directional setup; confirmation score not applicable.,Narrow CPR,Not applicable,Not applicable,Narrow CPR; Wide CPR rules not applied,0,0,0,0
2026-10-01,2026-10-01,CM,NSE,STK,1424,INE267A01025,HINDZINC,EQ,,,,,HINDUSTAN ZINC LIMITED,564.4,566.35,547.2,555.05,555.05,566.0,,555.06,,,3165448,1762392363.9,49807,F1,1,,,,,,F&O + Cash,Metals & Mining,True,556.2,556.7750000000001,555.625,556.7750000000001,555.625,1.150000000000091,0.20718854157284766,Narrow,Bearish,Below CPR,False,True,0.26666666666666666,60,2328985658.0249996,Lower,True,Risk Off,False,15.239285714285725,577.645,575.7869999999999,0.07546285446450088,0.7567210033377897,False,False,No setup,Neutral,0,Not applicable,No directional setup; confirmation score not applicable.,Narrow CPR,Not applicable,Not applicable,Narrow CPR; Wide CPR rules not applied,0,0,0,0
2026-10-01,2026-10-01,CM,NSE,STK,6385,INE652F01027,CCHHL,EQ,,,,,COUNTRY CLUB HOSP HOL LTD,12.76,13.3,12.76,12.99,12.8,13.0,,12.99,,,34934,457095.42,110,F1,1,,,,,,Cash Only,Unclassified,False,13.016666666666667,13.030000000000001,13.003333333333334,13.030000000000001,13.003333333333334,0.026666666666667282,0.20528611752630702,Narrow,Bearish,Below CPR,False,True,0.21666666666666667,60,184743.695,Overlapping,True,Risk Off,True,0.6235714285714288,12.736200000000002,12.8581,0.042764413898435494,2.4742139102500897,True,True,No setup,Neutral,0,Not applicable,No directional setup; confirmation score not applicable.,Narrow CPR,Not applicable,Not applicable,Narrow CPR; Wide CPR rules not applied,0,0,0,0
2026-10-01,2026-10-01,CM,NSE,STK,762690,INE207H01018,GNRL,EQ,,,,,GUJARAT NATURAL RES L,98.5,98.99,95.96,97.18,97.46,98.26,,97.17,,,663394,64446775.42,1489,F1,1,,,,,,Cash Only,Unclassified,False,97.37666666666667,97.475,97.27833333333334,97.475,97.27833333333334,0.19666666666665833,0.20237360225011147,Narrow,Bearish,Below CPR,False,True,0.31666666666666665,60,8904260.055,Lower,True,Risk Off,False,5.005,99.98359999999998,98.40370000000001,0.03929403929403763,7.237746317147518,False,False,No setup,Neutral,0,Not applicable,No directional setup; confirmation score not applicable.,Narrow CPR,Not applicable,Not applicable,Narrow CPR; Wide CPR rules not applied,0,0,0,0
2026-10-01,2026-10-01,CM,NSE,STK,13517,INE548C01032,EMAMILTD,EQ,,,,,EMAMI LIMITED,376.1,377.35,370.2,372.65,372.8,379.05,,372.63,,,2237638,837877532.4,38923,F1,1,,,,,,Cash Only,Fast Moving Consumer Goods,True,373.3999999999999,373.775,373.02499999999986,373.775,373.02499999999986,0.7500000000001137,0.2012612370857678,Narrow,Bearish,Below CPR,False,True,0.23333333333333334,60,387627897.9,Lower,True,Risk Off,True,12.97142857142857,390.23699999999997,398.983,0.05781938325992066,2.1615511601183957,False,False,No setup,Neutral,0,Not applicable,No directional setup; confirmation score not applicable.,Narrow CPR,Not applicable,Not applicable,Narrow CPR; Wide CPR rules not applied,0,0,0,0
2026-10-01,2026-10-01,CM,NSE,STK,762432,INE25E901019,OMPOWER,EQ,,,,,OM POWER TRANSMISSION LTD,156.72,161.38,155.05,157.74,158.0,156.95,,157.76,,,66367,10490584.95,1158,F1,1,,,,,,Cash Only,Unclassified,False,158.05666666666667,158.215,157.89833333333334,158.215,157.89833333333334,0.3166666666666629,0.20075229280249962,Narrow,Bearish,Below CPR,False,True,0.26666666666666666,60,13681312.105,Overlapping,True,Risk Off,False,7.011428571428569,168.079,173.24129999999997,0.04516435751154525,0.7667820797806438,False,False,No setup,Neutral,0,Not applicable,No directional setup; confirmation score not applicable.,Narrow CPR,Not applicable,Not applicable,Narrow CPR; Wide CPR rules not applied,0,0,0,0
2026-10-01,2026-10-01,CM,NSE,STK,2939,INE301D01026,RUBYMILLS,EQ,,,,,THE RUBY MILLS LTD,501.2,515.95,486.35,499.65,497.0,499.75,,499.5,,,24508,12276578.25,1571,F1,1,,,,,,Cash Only,Unclassified,False,500.65000000000003,501.15000000000003,500.15000000000003,501.15000000000003,500.15000000000003,1.0,0.20014009806864808,Narrow,Bearish,Below CPR,False,True,0.16666666666666666,60,5541664.925000001,Overlapping,True,Risk Off,True,38.21071428571428,325.60920000000004,265.7799,0.026170670156089357,2.2153230872218423,True,True,No setup,Neutral,0,Not applicable,No directional setup; confirmation score not applicable.,Narrow CPR,Not applicable,Not applicable,Narrow CPR; Wide CPR rules not applied,0,0,0,0
2026-10-01,2026-10-01,CM,NSE,STK,4299,INE334A01023,STERTOOLS,EQ,,,,,STERLING TOOLS LIMITED,221.0,234.9,215.0,224.28,225.0,218.31,,224.32,,,121325,27543964.31,3162,F1,1,,,,,,Cash Only,Unclassified,False,224.72666666666666,224.95,224.50333333333333,224.95,224.50333333333333,0.44666666666665833,0.1991558171333415,Narrow,Bearish,Below CPR,False,True,0.16666666666666666,60,12307759.420000002,Higher,True,Risk Off,True,18.62642857142857,238.77200000000002,226.31309999999996,0.023980263578376414,2.237934897008248,False,False,No setup,Neutral,0,Not applicable,No directional setup; confirmation score not applicable.,Narrow CPR,Not applicable,Not applicable,Narrow CPR; Wide CPR rules not applied,0,0,0,0
2026-10-01,2026-10-01,CM,NSE,STK,759880,INE19RI01016,TENNIND,EQ,,,,,TENNECO CLEAN AIR INDIA L,506.3,506.3,487.45,495.4,494.1,508.25,,495.38,,,707391,349929832.45,63983,F1,1,,,,,,Cash Only,Automobile and Auto Components,True,496.3833333333334,496.875,495.89166666666677,496.875,495.89166666666677,0.9833333333332348,0.19849280043060857,Narrow,Bearish,Below CPR,False,True,0.23333333333333334,60,338310609.125,Lower,True,Risk Off,True,16.067857142857143,533.345,558.9245000000001,0.061198784915160204,1.0343448387712455,False,False,No setup,Neutral,0,Not applicable,No directional setup; confirmation score not applicable.,Narrow CPR,Not applicable,Not applicable,Narrow CPR; Wide CPR rules not applied,0,0,0,0
2026-10-01,2026-10-01,CM,NSE,STK,16933,INE841B01017,INDBANK,EQ,,,,,INDBANK MERCH BANK,25.4,25.5,25.05,25.2,25.1,25.36,,25.19,,,11592,291994.97,286,F1,1,,,,,,Cash Only,Unclassified,False,25.25,25.275,25.225,25.275,25.225,0.04999999999999716,0.19841269841268713,Narrow,Bearish,Below CPR,False,True,0.25,60,798008.725,Lower,True,Risk Off,True,1.1378571428571427,29.946199999999997,31.7302,0.04394224733207535,0.3659044830618863,False,False,No setup,Neutral,0,Not applicable,No directional setup; confirmation score not applicable.,Narrow CPR,Not applicable,Not applicable,Narrow CPR; Wide CPR rules not applied,0,0,0,0
2026-10-01,2026-10-01,CM,NSE,STK,7200,INE217L01019,SHRIRAMPPS,EQ,,,,,SHRIRAM PROPERTIES LTD,69.0,69.53,65.59,67.36,67.75,69.21,,67.36,,,414796,27902386.08,4946,F1,1,,,,,,Cash Only,Unclassified,False,67.49333333333334,67.56,67.42666666666668,67.56,67.42666666666668,0.13333333333332575,0.19794140934282328,Narrow,Bearish,Below CPR,False,True,0.23333333333333334,60,26314098.924999997,Lower,True,Risk Off,True,2.3107142857142864,77.461,82.5132,0.05770221535290757,1.0603587893899353,False,False,No setup,Neutral,0,Not applicable,No directional setup; confirmation score not applicable.,Narrow CPR,Not applicable,Not applicable,Narrow CPR; Wide CPR rules not applied,0,0,0,0
2026-10-01,2026-10-01,CM,NSE,STK,422,INE465A01025,BHARATFORG,EQ,,,,,BHARAT FORGE LTD,1910.0,1915.9,1845.2,1875.0,1875.0,1926.0,,1874.96,,,1151437,2157565213.7,85160,F1,1,,,,,,F&O + Cash,Automobile and Auto Components,True,1878.7,1880.5500000000002,1876.85,1880.5500000000002,1876.85,3.700000000000273,0.19733333333334788,Narrow,Bearish,Below CPR,False,True,0.31666666666666665,60,1652219957.4,Lower,True,Risk Off,False,53.49285714285715,2050.634,2039.33,0.06916811323274645,1.305858341703626,False,False,No setup,Neutral,0,Not applicable,No directional setup; confirmation score not applicable.,Narrow CPR,Not applicable,Not applicable,Narrow CPR; Wide CPR rules not applied,0,0,0,0
2026-10-01,2026-10-01,CM,NSE,STK,17685,INE390G01014,GPTINFRA,EQ,,,,,GPT INFRAPROJECTS LTD,118.33,121.9,116.12,118.66,118.0,118.34,,118.67,,,1103389,131497615.64,11797,F1,1,,,,,,Cash Only,Unclassified,False,118.89333333333333,119.01,118.77666666666666,119.01,118.77666666666666,0.2333333333333485,0.19664026068881552,Narrow,Bearish,Below CPR,False,True,0.38333333333333336,60,12300484.280000001,Higher,True,Risk Off,False,4.292142857142856,114.9594,117.7146,0.054362900094306534,10.69044215224996,True,True,No setup,Neutral,0,Not applicable,No directional setup; confirmation score not applicable.,Narrow CPR,Not applicable,Not applicable,Narrow CPR; Wide CPR rules not applied,0,0,0,0
2026-10-01,2026-10-01,CM,NSE,STK,20534,INE024L01027,GRAVITA,EQ,,,,,GRAVITA INDIA LIMITED,1442.3,1445.5,1388.0,1412.6,1413.1,1447.4,,1412.61,,,291677,411205409.2,24744,F1,1,,,,,,Cash Only,Metals & Mining,True,1415.3666666666668,1416.75,1413.9833333333336,1416.75,1413.9833333333336,2.766666666666424,0.19585634055404394,Narrow,Bearish,Below CPR,False,True,0.3,60,353815314.29999995,Lower,True,Risk Off,False,45.29285714285715,1688.822,1691.17,0.061083951006670766,1.1622035355183609,False,False,No setup,Neutral,0,Not applicable,No directional setup; confirmation score not applicable.,Narrow CPR,Not applicable,Not applicable,Narrow CPR; Wide CPR rules not applied,0,0,0,0
2026-10-01,2026-10-01,CM,NSE,STK,676,INE302A01020,EXIDEIND,EQ,,,,,EXIDE INDUSTRIES LTD,411.6,417.5,403.8,409.45,409.4,412.6,,409.45,,,2369486,973176879.2,52727,F1,1,,,,,,Cash Only,Automobile and Auto Components,True,410.25,410.65,409.85,410.65,409.85,0.7999999999999545,0.19538405177676263,Narrow,Bearish,Below CPR,False,True,0.11666666666666667,60,1111971170.65,Lower,True,Risk Off,True,12.303571428571425,441.54200000000003,416.5065,0.06502177068214436,0.8751817537060173,False,False,No setup,Neutral,0,Not applicable,No directional setup; confirmation score not applicable.,Narrow CPR,Not applicable,Not applicable,Narrow CPR; Wide CPR rules not applied,0,0,0,0
2026-10-01,2026-10-01,CM,NSE,STK,29135,INE121J01017,INDUSTOWER,EQ,,,,,INDUS TOWERS LIMITED,371.1,384.7,370.0,376.25,376.25,373.2,,376.25,,,9498411,3601477769.1,66775,F1,1,,,,,,F&O + Cash,Telecommunication,True,376.98333333333335,377.35,376.6166666666667,377.35,376.6166666666667,0.7333333333333485,0.194905869324478,Narrow,Bearish,Below CPR,False,True,0.26666666666666666,60,1628910597.875,Higher,True,Risk Off,False,10.52500000000001,379.73799999999994,396.064,0.06967537608867913,2.2109732564809375,False,False,No setup,Neutral,0,Not applicable,No directional setup; confirmation score not applicable.,Narrow CPR,Not applicable,Not applicable,Narrow CPR; Wide CPR rules not applied,0,0,0,0
2026-10-01,2026-10-01,CM,NSE,STK,3405,INE092A01019,TATACHEM,EQ,,,,,TATA CHEMICALS LTD,611.5,619.0,600.15,607.8,608.45,611.45,,607.8,,,1216894,741989445.75,34703,F1,1,,,,,,Cash Only,Chemicals,True,608.9833333333333,609.575,608.3916666666667,609.575,608.3916666666667,1.183333333333394,0.19469123615225306,Narrow,Bearish,Below CPR,False,True,0.26666666666666666,60,300023619.025,Lower,True,Risk Off,False,46.424999999999976,656.7409999999999,692.0134999999999,0.025489140190272364,2.4731034448596945,False,False,No setup,Neutral,0,Not applicable,No directional setup; confirmation score not applicable.,Narrow CPR,Not applicable,Not applicable,Narrow CPR; Wide CPR rules not applied,0,0,0,0
2026-10-01,2026-10-01,CM,NSE,STK,21508,INE704P01025,COCHINSHIP,EQ,,,,,COCHIN SHIPYARD LIMITED,1315.0,1315.9,1265.6,1287.0,1287.0,1315.0,,1287.11,,,727942,936779625.4,39600,F1,1,,,,,,F&O + Cash,Capital Goods,True,1289.5,1290.75,1288.25,1290.75,1288.25,2.5,0.19425019425019424,Narrow,Bearish,Below CPR,False,True,0.23333333333333334,60,1162217906.25,Lower,True,Risk Off,True,51.77857142857147,1443.098,1456.576,0.04828252172713474,0.8060275275078176,False,False,No setup,Neutral,0,Not applicable,No directional setup; confirmation score not applicable.,Narrow CPR,Not applicable,Not applicable,Narrow CPR; Wide CPR rules not applied,0,0,0,0
2026-10-01,2026-10-01,CM,NSE,STK,764558,INE451C01013,ACGL,EQ,,,,,AUTOMOBILE CORPN OF GOA L,1636.0,1649.8,1605.0,1622.7,1620.0,1638.0,,1625.09,,,696,1125444.4,117,F1,1,,,,,,Cash Only,Unclassified,False,1625.8333333333333,1627.4,1624.2666666666664,1627.4,1624.2666666666664,3.133333333333667,0.19309381483537724,Narrow,Bearish,Below CPR,False,True,0.21212121212121213,33,1104711.5,Lower,True,Risk Off,True,81.92857142857147,,,0.03824469630921649,1.0187677054144906,False,False,No setup,Neutral,0,Not applicable,No directional setup; confirmation score not applicable.,Narrow CPR,Not applicable,Not applicable,Narrow CPR; Wide CPR rules not applied,0,0,0,0
2026-10-01,2026-10-01,CM,NSE,STK,13702,INE430N01022,VISHWARAJ,EQ,,,,,VISHWARAJ SUGAR IND LTD,5.25,5.29,5.1,5.18,5.18,5.26,,5.18,,,156177,808723.13,465,F1,1,,,,,,Cash Only,Unclassified,False,5.19,5.195,5.1850000000000005,5.195,5.1850000000000005,0.009999999999999787,0.19305019305018895,Narrow,Bearish,Below CPR,False,True,0.225,60,1367993.99,Lower,True,Risk Off,True,0.19071428571428578,5.5264,5.542800000000001,0.052434456928837817,0.5911744758469297,False,False,No setup,Neutral,0,Not applicable,No directional setup; confirmation score not applicable.,Narrow CPR,Not applicable,Not applicable,Narrow CPR; Wide CPR rules not applied,0,2,0,2
2026-10-01,2026-10-01,CM,NSE,STK,15840,INE262Z01023,LATTEYS,EQ,,,,,LATTEYS INDUSTRIES LTD,21.11,21.43,20.51,20.91,20.76,20.91,,20.91,,,60087,1256466.46,235,F1,1,,,,,,Cash Only,Unclassified,False,20.95,20.97,20.93,20.97,20.93,0.03999999999999915,0.1912960306073608,Narrow,Bearish,Below CPR,False,True,0.18333333333333332,60,1067196.685,Overlapping,True,Risk Off,True,0.9928571428571422,21.801400000000005,21.3334,0.040287769784171826,1.177352289095613,False,False,No setup,Neutral,0,Not applicable,No directional setup; confirmation score not applicable.,Narrow CPR,Not applicable,Not applicable,Narrow CPR; Wide CPR rules not applied,0,0,0,0
2026-10-01,2026-10-01,CM,NSE,STK,10604,INE397D01024,BHARTIARTL,EQ,,,,,BHARTI AIRTEL LIMITED,1745.0,1765.8,1726.3,1741.1,1741.1,1757.0,,1741.06,,,5609657,9805367539.4,157519,F1,1,,,,,,F&O + Cash,Telecommunication,True,1744.3999999999999,1746.05,1742.7499999999998,1746.05,1742.7499999999998,3.300000000000182,0.18953535121475976,Narrow,Bearish,Below CPR,False,True,0.36666666666666664,60,10314045062.95,Lower,True,Risk Off,False,30.164285714285743,1885.5019999999997,1878.5169999999998,0.10940089983424699,0.9506810838574609,False,False,No setup,Neutral,0,Not applicable,No directional setup; confirmation score not applicable.,Narrow CPR,Not applicable,Not applicable,Narrow CPR; Wide CPR rules not applied,0,0,0,0
2026-10-01,2026-10-01,CM,NSE,STK,11956,INE474Q01031,MEDANTA,EQ,,,,,GLOBAL HEALTH LIMITED,1356.9,1386.1,1336.2,1357.3,1357.0,1365.0,,1357.31,,,363086,492750264.0,28717,F1,1,,,,,,Cash Only,Healthcare,True,1359.8666666666668,1361.15,1358.5833333333335,1361.15,1358.5833333333335,2.566666666666606,0.1891009111225673,Narrow,Bearish,Below CPR,False,True,0.26666666666666666,60,311255319.6,Lower,True,Risk Off,False,48.70714285714286,1436.148,1353.349,0.052695898714375244,1.5831063213096004,False,True,No setup,Neutral,0,Not applicable,No directional setup; confirmation score not applicable.,Narrow CPR,Not applicable,Not applicable,Narrow CPR; Wide CPR rules not applied,0,0,0,0
2026-10-01,2026-10-01,CM,NSE,STK,24595,INE573K01025,RUSHIL,EQ,,,,,RUSHIL DECOR LIMITED,15.95,16.29,15.6,15.9,15.83,16.14,,15.9,,,172107,2733513.08,487,F1,1,,,,,,Cash Only,Unclassified,False,15.93,15.945,15.915,15.945,15.915,0.030000000000001137,0.18867924528302601,Narrow,Bearish,Below CPR,False,True,0.15,60,5887957.035,Lower,True,Risk Off,True,1.0007142857142857,16.7642,16.3989,0.029978586723769875,0.46425492980860383,False,False,No setup,Neutral,0,Not applicable,No directional setup; confirmation score not applicable.,Narrow CPR,Not applicable,Not applicable,Narrow CPR; Wide CPR rules not applied,0,0,0,0
2026-10-01,2026-10-01,CM,NSE,STK,6429,INE165B01029,RSSOFTWARE,EQ,,,,,R. S. SOFTWARE (INDIA) LI,30.5,30.5,29.75,30.04,30.0,29.73,,30.04,,,15166,457740.34,115,F1,1,,,,,,Cash Only,Unclassified,False,30.096666666666664,30.125,30.068333333333328,30.125,30.068333333333328,0.05666666666667197,0.1886373723923834,Narrow,Bearish,Below CPR,False,True,0.18333333333333332,60,972612.4199999999,Inside,True,Risk Off,True,1.361428571428571,29.8752,33.1215,0.04162294508569821,0.47062974992649187,True,False,No setup,Neutral,0,Not applicable,No directional setup; confirmation score not applicable.,Narrow CPR,Not applicable,Not applicable,Narrow CPR; Wide CPR rules not applied,0,0,-2,-2
2026-10-01,2026-10-01,CM,NSE,STK,2431,INE0DD101019,RAILTEL,EQ,,,,,RAILTEL CORP OF IND LTD,263.2,263.2,252.65,257.2,257.5,265.65,,257.2,,,851720,219281926.85,23848,F1,1,,,,,,Cash Only,Telecommunication,True,257.68333333333334,257.925,257.44166666666666,257.925,257.44166666666666,0.4833333333333485,0.18792120269570314,Narrow,Bearish,Below CPR,False,True,0.2,60,121566019.5,Lower,True,Risk Off,True,9.789285714285702,275.762,294.2475,0.049373707892498266,1.8038093848256667,False,False,No setup,Neutral,0,Not applicable,No directional setup; confirmation score not applicable.,Narrow CPR,Not applicable,Not applicable,Narrow CPR; Wide CPR rules not applied,0,0,0,0
2026-10-01,2026-10-01,CM,NSE,STK,10700,INE130B01031,SURANAT&P,EQ,,,,,SURANA TELECOM AND POW LT,16.3,16.3,15.75,15.98,15.9,15.84,,15.98,,,29325,465417.99,202,F1,1,,,,,,Cash Only,Unclassified,False,16.01,16.025,15.995000000000005,16.025,15.995000000000005,0.02999999999999403,0.18773466833538194,Narrow,Bearish,Below CPR,False,True,0.16666666666666666,60,788735.4299999999,Overlapping,True,Risk Off,True,0.5192857142857136,16.6072,17.5675,0.05777166437412889,0.5900812519604959,False,False,No setup,Neutral,0,Not applicable,No directional setup; confirmation score not applicable.,Narrow CPR,Not applicable,Not applicable,Narrow CPR; Wide CPR rules not applied,0,0,0,0
2026-10-01,2026-10-01,CM,NSE,STK,1576,INE322A01010,GILLETTE,EQ,,,,,GILLETTE INDIA LTD,6965.0,6976.5,6860.0,6899.0,6900.0,7000.0,,6899.15,,,21964,151843633.5,6799,F1,1,,,,,,Cash Only,Fast Moving Consumer Goods,True,6911.833333333333,6918.25,6905.416666666666,6918.25,6905.416666666666,12.83333333333394,0.18601729719283866,Narrow,Bearish,Below CPR,False,True,0.36666666666666664,60,107877476.25,Lower,True,Risk Off,False,141.32142857142858,7430.93,7606.575,0.09080953584365688,1.4075564128707543,False,False,No setup,Neutral,0,Not applicable,No directional setup; confirmation score not applicable.,Narrow CPR,Not applicable,Not applicable,Narrow CPR; Wide CPR rules not applied,0,0,0,0
2026-10-01,2026-10-01,CM,NSE,STK,15061,INF174KA1A86,PSUBANK,EQ,,,,,KOTAK PSU BANK,80.69,80.69,78.79,79.52,79.99,80.67,,79.47,,,261922,20832452.42,962,F1,1,,,,,,Cash Only,Unclassified,False,79.66666666666667,79.74000000000001,79.59333333333333,79.74000000000001,79.59333333333333,0.14666666666667538,0.1844399731723785,Narrow,Bearish,Below CPR,False,True,0.45,60,15164576.31,Lower,True,Risk Off,False,1.6235714285714269,84.4916,391.6505,0.09033582636750803,1.3737576305552581,False,False,No setup,Neutral,0,Not applicable,No directional setup; confirmation score not applicable.,Narrow CPR,Not applicable,Not applicable,Narrow CPR; Wide CPR rules not applied,0,0,0,0
2026-10-01,2026-10-01,CM,NSE,STK,9342,INE392B01011,PNC,EQ,,,,,PNC MEDIA AND ENT LTD,17.75,18.8,17.48,18.09,18.0,17.65,,18.09,,,16348,291791.57,272,F1,1,,,,,,Cash Only,Unclassified,False,18.123333333333335,18.14,18.10666666666667,18.14,18.10666666666667,0.03333333333333144,0.1842638658558952,Narrow,Bearish,Below CPR,False,True,0.18333333333333332,60,150463.055,Higher,True,Risk Off,True,1.2699999999999998,17.918400000000002,19.2701,0.026246719160103498,1.939290478981701,True,False,No setup,Neutral,0,Not applicable,No directional setup; confirmation score not applicable.,Narrow CPR,Not applicable,Not applicable,Narrow CPR; Wide CPR rules not applied,0,0,0,0
2026-10-01,2026-10-01,CM,NSE,STK,4469,INE822G01016,ELECTHERM,EQ,,,,,ELECTROTHERM (I) LTD.,774.25,774.25,717.05,743.6,743.95,774.25,,743.65,,,17615,13040145.95,1366,F1,1,,,,,,Cash Only,Unclassified,False,744.9666666666667,745.65,744.2833333333334,745.65,744.2833333333334,1.3666666666665606,0.18379056840593874,Narrow,Bearish,Below CPR,False,True,0.11666666666666667,60,11021666.325,Lower,True,Risk Off,True,42.90714285714288,970.4870000000001,985.8330000000001,0.03185172853892432,1.1831374281783114,False,False,No setup,Neutral,0,Not applicable,No directional setup; confirmation score not applicable.,Narrow CPR,Not applicable,Not applicable,Narrow CPR; Wide CPR rules not applied,0,0,0,0
2026-10-01,2026-10-01,CM,NSE,STK,14111,INE870H01013,NETWORK18,EQ,,,,,NETWORK18 MEDIA & INV LTD,25.56,25.98,25.02,25.43,25.38,25.87,,25.43,,,3188680,81212326.1,11298,F1,1,,,,,,Cash Only,Unclassified,False,25.47666666666667,25.5,25.45333333333334,25.5,25.45333333333334,0.04666666666665975,0.18351028968407293,Narrow,Bearish,Below CPR,False,True,0.3,60,87512890.19,Lower,True,Risk Off,False,0.7907142857142857,28.164599999999997,29.9678,0.059018367961448645,0.9280041594293047,False,False,No setup,Neutral,0,Not applicable,No directional setup; confirmation score not applicable.,Narrow CPR,Not applicable,Not applicable,Narrow CPR; Wide CPR rules not applied,0,0,0,0
2026-10-01,2026-10-01,CM,NSE,STK,13276,INE559R01029,LANDMARK,EQ,,,,,LANDMARK CARS LIMITED,471.75,473.0,456.05,463.25,465.8,475.7,,463.24,,,205673,95350976.15,7184,F1,1,,,,,,Cash Only,Unclassified,False,464.09999999999997,464.525,463.67499999999995,464.525,463.67499999999995,0.8500000000000227,0.18348623853211501,Narrow,Bearish,Below CPR,False,True,0.18333333333333332,60,62907916.975,Lower,True,Risk Off,True,24.710714285714285,512.245,467.9045,0.03439803439803532,1.5157229921933846,False,False,No setup,Neutral,0,Not applicable,No directional setup; confirmation score not applicable.,Narrow CPR,Not applicable,Not applicable,Narrow CPR; Wide CPR rules not applied,0,0,0,0
2026-10-01,2026-10-01,CM,NSE,STK,17130,INE883N01014,PARAGMILK,EQ,,,,,PARAG MILK FOODS LTD.,271.45,271.45,258.0,264.0,263.95,271.65,,264.0,,,916684,242224126.65,16098,F1,1,,,,,,Cash Only,Unclassified,False,264.48333333333335,264.725,264.2416666666667,264.725,264.2416666666667,0.4833333333333485,0.1830808080808138,Narrow,Bearish,Below CPR,False,True,0.21666666666666667,60,162098623.85,Lower,True,Risk Off,True,16.10714285714284,241.0182,233.87189999999998,0.030007390983001713,1.494300944060729,True,True,No setup,Neutral,0,Not applicable,No directional setup; confirmation score not applicable.,Narrow CPR,Not applicable,Not applicable,Narrow CPR; Wide CPR rules not applied,0,0,0,0
2026-10-01,2026-10-01,CM,NSE,STK,13091,INE184H01027,EKC,EQ,,,,,EVEREST KANTO CYLINDERLTD,108.9,108.9,103.7,106.01,105.85,108.9,,106.02,,,154275,16335975.04,2893,F1,1,,,,,,Cash Only,Unclassified,False,106.20333333333333,106.30000000000001,106.10666666666665,106.30000000000001,106.10666666666665,0.19333333333335645,0.18237273213221059,Narrow,Bearish,Below CPR,False,True,0.3,60,16187740.035,Lower,True,Risk Off,False,4.536428571428572,107.8892,111.535,0.042617960426184695,1.0091572390388959,False,False,No setup,Neutral,0,Not applicable,No directional setup; confirmation score not applicable.,Narrow CPR,Not applicable,Not applicable,Narrow CPR; Wide CPR rules not applied,0,2,0,2
2026-10-01,2026-10-01,CM,NSE,STK,5394,INE0CT101020,MOL,EQ,,,,,MEGHMANI ORGANICS LIMITED,55.97,56.43,54.13,55.13,55.05,56.31,,55.14,,,739103,40815332.03,5158,F1,1,,,,,,Cash Only,Unclassified,False,55.23,55.28,55.17999999999999,55.28,55.17999999999999,0.10000000000000853,0.18138944313442504,Narrow,Bearish,Below CPR,False,True,0.13333333333333333,60,60842399.275000006,Lower,True,Risk Off,True,2.7514285714285713,59.690599999999996,54.4636,0.036344755970927296,0.6708369905913774,False,True,No setup,Neutral,0,Not applicable,No directional setup; confirmation score not applicable.,Narrow CPR,Not applicable,Not applicable,Narrow CPR; Wide CPR rules not applied,0,0,0,0
2026-10-01,2026-10-01,CM,NSE,STK,762680,INE225B01021,FERMENTA,EQ,,,,,FERMENTA BIOTECH LTD.,546.0,570.8,538.7,553.25,552.0,549.7,,553.23,,,433950,240880848.85,14690,F1,1,,,,,,Cash Only,Unclassified,False,554.25,554.75,553.75,554.75,553.75,1.0,0.18075011296882063,Narrow,Bearish,Below CPR,False,True,0.11666666666666667,60,57565468.775,Higher,True,Risk Off,True,31.585714285714264,486.4,417.21149999999994,0.031659882406151085,4.184467771668902,True,True,No setup,Neutral,0,Not applicable,No directional setup; confirmation score not applicable.,Narrow CPR,Not applicable,Not applicable,Narrow CPR; Wide CPR rules not applied,0,0,0,0
2026-10-01,2026-10-01,CM,NSE,STK,15404,INE09KD01013,ATAM,EQ,,,,,ATAM VALVES LIMITED,57.0,57.0,54.0,55.35,56.9,56.34,,55.26,,,5829,322225.09,308,F1,1,,,,,,Cash Only,Unclassified,False,55.449999999999996,55.5,55.39999999999999,55.5,55.39999999999999,0.10000000000000853,0.1806684733514156,Narrow,Bearish,Below CPR,False,True,0.21666666666666667,60,508228.83999999997,Lower,True,Risk Off,True,3.8200000000000007,59.15559999999999,64.8721,0.026178010471206416,0.6340157516444759,False,False,No setup,Neutral,0,Not applicable,No directional setup; confirmation score not applicable.,Narrow CPR,Not applicable,Not applicable,Narrow CPR; Wide CPR rules not applied,0,0,0,0
2026-10-01,2026-10-01,CM,NSE,STK,16683,INE927C01020,DIGISPICE,EQ,,,,,DIGISPICE TECHNOLOGIES LT,14.96,15.26,14.4,14.79,14.99,14.96,,14.8,,,52113,769455.09,222,F1,1,,,,,,Cash Only,Unclassified,False,14.816666666666668,14.83,14.803333333333336,14.83,14.803333333333336,0.02666666666666373,0.18030200585979536,Narrow,Bearish,Below CPR,False,True,0.21666666666666667,60,1629452.865,Lower,True,Risk Off,True,0.9371428571428572,17.323,17.874499999999998,0.028455284552842394,0.47221684439457534,False,False,No setup,Neutral,0,Not applicable,No directional setup; confirmation score not applicable.,Narrow CPR,Not applicable,Not applicable,Narrow CPR; Wide CPR rules not applied,0,0,0,0
2026-10-01,2026-10-01,CM,NSE,STK,12018,INE040H01021,SUZLON,EQ,,,,,SUZLON ENERGY LIMITED,39.49,39.63,38.4,38.91,38.91,39.49,,38.91,,,53247107,2077469520.67,107343,F1,1,,,,,,F&O + Cash,Capital Goods,True,38.98,39.015,38.94499999999999,39.015,38.94499999999999,0.07000000000000739,0.1799023387304225,Narrow,Bearish,Below CPR,False,True,0.31666666666666665,60,2302937342.005,Lower,True,Risk Off,False,1.2542857142857156,45.842600000000004,50.4233,0.055808656036452305,0.9020955467513061,False,False,No setup,Neutral,0,Not applicable,No directional setup; confirmation score not applicable.,Narrow CPR,Not applicable,Not applicable,Narrow CPR; Wide CPR rules not applied,0,0,0,0
2026-10-01,2026-10-01,CM,NSE,STK,13409,INE177H01039,GPIL,EQ,,,,,GODAWARI POW & ISP LTD,221.05,222.08,210.42,215.67,215.01,222.34,,215.66,,,2042248,439746978.76,27449,F1,1,,,,,,Cash Only,Capital Goods,True,216.05666666666664,216.25,215.8633333333333,216.25,215.8633333333333,0.3866666666667129,0.1792862552356438,Narrow,Bearish,Below CPR,False,True,0.26666666666666666,60,315465009.21000004,Lower,True,Risk Off,False,6.9571428571428555,240.1422,255.5056,0.055578370978788316,1.3939643571286457,False,False,No setup,Neutral,0,Not applicable,No directional setup; confirmation score not applicable.,Narrow CPR,Not applicable,Not applicable,Narrow CPR; Wide CPR rules not applied,0,0,0,0
2026-10-01,2026-10-01,CM,NSE,STK,23553,INE206F01022,AIIL,EQ,,,,,AUTHUM INVEST & INFRA LTD,540.0,554.3,527.2,539.3,539.0,546.6,,539.3,,,224276,120233425.8,13411,F1,1,,,,,,Cash Only,Financial Services,True,540.2666666666667,540.75,539.7833333333333,540.75,539.7833333333333,0.966666666666697,0.17924469991965455,Narrow,Bearish,Below CPR,False,True,0.2,60,95525893.5,Lower,True,Risk Off,True,22.407142857142862,548.548,529.1034999999999,0.04314100520667439,1.2586474870292628,False,True,No setup,Neutral,0,Not applicable,No directional setup; confirmation score not applicable.,Narrow CPR,Not applicable,Not applicable,Narrow CPR; Wide CPR rules not applied,0,0,0,0
2026-10-01,2026-10-01,CM,NSE,STK,24154,INE841L01016,DEEDEV,EQ,,,,,DEE DEVELOPMENT ENG LTD,683.0,683.0,646.95,663.2,659.05,676.9,,663.22,,,137963,90955498.9,8097,F1,1,,,,,,Cash Only,Unclassified,False,664.3833333333333,664.975,663.7916666666666,664.975,663.7916666666666,1.183333333333394,0.17842782468838872,Narrow,Bearish,Below CPR,False,True,0.2,60,196809841.55,Lower,True,Risk Off,True,31.775000000000002,601.37,451.63300000000004,0.037241017571467944,0.4621491394112654,True,True,No setup,Neutral,0,Not applicable,No directional setup; confirmation score not applicable.,Narrow CPR,Not applicable,Not applicable,Narrow CPR; Wide CPR rules not applied,0,0,0,0
2026-10-01,2026-10-01,CM,NSE,STK,2987,INE418L01047,NAZARA,EQ,,,,,NAZARA TECHNOLOGIES LTD,391.0,397.45,374.0,384.7,384.9,392.85,,384.68,,,1314362,506337957.6,31830,F1,1,,,,,,Cash Only,Unclassified,False,385.3833333333334,385.725,385.04166666666674,385.725,385.04166666666674,0.6833333333332803,0.1776275885971615,Narrow,Bearish,Below CPR,False,True,0.23333333333333334,60,568035247.575,Lower,True,Risk Off,True,14.000000000000004,355.86800000000005,324.027,0.04880952380952001,0.8913847507907441,True,True,No setup,Neutral,0,Not applicable,No directional setup; confirmation score not applicable.,Narrow CPR,Not applicable,Not applicable,Narrow CPR; Wide CPR rules not applied,0,0,0,0
2026-10-01,2026-10-01,CM,NSE,STK,4843,INE734N01019,SNOWMAN,EQ,,,,,SNOWMAN LOGISTICS LTD.,34.6,34.64,33.76,34.11,33.9,34.64,,34.12,,,105331,3588491.58,1045,F1,1,,,,,,Cash Only,Unclassified,False,34.17,34.2,34.14,34.2,34.14,0.060000000000002274,0.17590149516271555,Narrow,Bearish,Below CPR,False,True,0.23333333333333334,60,4436355.56,Lower,True,Risk Off,True,1.2671428571428582,36.84,37.2208,0.047350620067645496,0.8088827713349469,False,False,No setup,Neutral,0,Not applicable,No directional setup; confirmation score not applicable.,Narrow CPR,Not applicable,Not applicable,Narrow CPR; Wide CPR rules not applied,0,0,0,0
2026-10-01,2026-10-01,CM,NSE,STK,19597,INE07U701015,IRMENERGY,EQ,,,,,IRM ENERGY LIMITED,263.5,263.7,253.05,257.7,258.45,264.45,,257.69,,,60300,15542703.2,2817,F1,1,,,,,,Cash Only,Unclassified,False,258.15000000000003,258.375,257.92500000000007,258.375,257.92500000000007,0.4499999999999318,0.17462165308495609,Narrow,Bearish,Below CPR,False,True,0.26666666666666666,60,15813287.850000001,Lower,True,Risk Off,False,8.996428571428558,276.67699999999996,272.72450000000003,0.050019849146479195,0.9828887798308179,False,False,No setup,Neutral,0,Not applicable,No directional setup; confirmation score not applicable.,Narrow CPR,Not applicable,Not applicable,Narrow CPR; Wide CPR rules not applied,0,0,0,0
2026-10-01,2026-10-01,CM,NSE,STK,2783,INE0BY001018,JUBLINGREA,EQ,,,,,JUBILANT INGREVIA LIMITED,653.0,653.0,626.3,638.0,636.3,653.2,,637.97,,,244199,155682707.25,14390,F1,1,,,,,,Cash Only,Chemicals,True,639.1,639.65,638.5500000000001,639.65,638.5500000000001,1.099999999999909,0.17241379310343402,Narrow,Bearish,Below CPR,False,True,0.2,60,195600665.45,Lower,True,Risk Off,True,24.260714285714283,694.3639999999999,686.8290000000001,0.04534079199175248,0.7959211533960556,False,False,No setup,Neutral,0,Not applicable,No directional setup; confirmation score not applicable.,Narrow CPR,Not applicable,Not applicable,Narrow CPR; Wide CPR rules not applied,0,0,0,0
2026-10-01,2026-10-01,CM,NSE,STK,24715,INE09XN01023,AKUMS,EQ,,,,,AKUMS DRUGS AND PHARMA L,815.0,828.2,802.2,813.1,815.8,818.5,,813.11,,,191282,156082032.1,15063,F1,1,,,,,,Cash Only,Unclassified,False,814.5,815.2,813.8,815.2,813.8,1.400000000000091,0.17218054359858453,Narrow,Bearish,Below CPR,False,True,0.21666666666666667,60,208089520.45,Lower,True,Risk Off,True,28.949999999999996,748.357,672.413,0.048359240069087775,0.7500715642117287,True,True,No setup,Neutral,0,Not applicable,No directional setup; confirmation score not applicable.,Narrow CPR,Not applicable,Not applicable,Narrow CPR; Wide CPR rules not applied,0,0,0,0
2026-10-01,2026-10-01,CM,NSE,STK,19731,INE517F01014,GPPL,EQ,,,,,GUJARAT PIPAVAV PORT LTD,166.75,169.9,162.7,165.88,165.9,166.75,,165.88,,,1997403,333295375.05,29363,F1,1,,,,,,Cash Only,Unclassified,False,166.16,166.3,166.01999999999998,166.3,166.01999999999998,0.28000000000002956,0.16879672052087627,Narrow,Bearish,Below CPR,False,True,0.16666666666666666,60,197244939.29000002,Higher,True,Risk Off,True,4.427142857142856,159.2106,156.4606,0.0632462084543468,1.6897537460262613,True,True,No setup,Neutral,0,Not applicable,No directional setup; confirmation score not applicable.,Narrow CPR,Not applicable,Not applicable,Narrow CPR; Wide CPR rules not applied,0,0,0,0
2026-10-01,2026-10-01,CM,NSE,STK,10415,INE296G01013,MUTHOOTCAP,EQ,,,,,MUTHOOT CAP SERV LTD,219.0,225.67,211.59,218.08,220.78,218.9,,218.07,,,8616,1867701.19,563,F1,1,,,,,,Cash Only,Unclassified,False,218.4466666666667,218.63,218.26333333333338,218.63,218.26333333333338,0.3666666666666174,0.1681340180973117,Narrow,Bearish,Below CPR,False,True,0.16666666666666666,60,3044920.435,Lower,True,Risk Off,True,9.893571428571425,238.22439999999997,222.2647,0.03706110268812826,0.6133825923763423,False,False,No setup,Neutral,0,Not applicable,No directional setup; confirmation score not applicable.,Narrow CPR,Not applicable,Not applicable,Narrow CPR; Wide CPR rules not applied,0,0,0,0
2026-10-01,2026-10-01,CM,NSE,STK,4037,INE218C01016,AUSOMENT,EQ,,,,,AUSOM ENTERPRISE LIMITED,140.0,140.68,138.01,139.0,139.0,140.68,,139.0,,,1677,233409.91,47,F1,1,,,,,,Cash Only,Unclassified,False,139.23,139.345,139.11499999999998,139.345,139.11499999999998,0.2300000000000182,0.16546762589929365,Narrow,Bearish,Below CPR,False,True,0.1,60,1386092.375,Lower,True,Risk Off,True,7.01714285714286,147.8124,132.0868,0.03277687296417196,0.16839419522814994,False,True,No setup,Neutral,0,Not applicable,No directional setup; confirmation score not applicable.,Narrow CPR,Not applicable,Not applicable,Narrow CPR; Wide CPR rules not applied,0,0,0,0
2026-10-01,2026-10-01,CM,NSE,STK,25574,INE908D01010,SHAKTIPUMP,EQ,,,,,SHAKTI PUMPS (I) LTD,461.0,463.05,447.4,454.1,452.7,461.35,,454.11,,,358429,163111560.9,21321,F1,1,,,,,,Cash Only,Unclassified,False,454.8500000000001,455.225,454.47500000000014,455.225,454.47500000000014,0.7499999999998863,0.165161858621424,Narrow,Bearish,Below CPR,False,True,0.3333333333333333,60,183492185.25,Lower,True,Risk Off,False,14.003571428571425,493.12,517.728,0.053557765876043925,0.8889291970541836,False,False,No setup,Neutral,0,Not applicable,No directional setup; confirmation score not applicable.,Narrow CPR,Not applicable,Not applicable,Narrow CPR; Wide CPR rules not applied,0,0,0,0
2026-10-01,2026-10-01,CM,NSE,STK,17875,INE484J01027,GODREJPROP,EQ,,,,,GODREJ PROPERTIES LTD,1623.3,1632.9,1566.6,1595.8,1595.8,1628.5,,1596.14,,,496337,791919626.4,28315,F1,1,,,,,,F&O + Cash,Realty,True,1598.4333333333334,1599.75,1597.1166666666668,1599.75,1597.1166666666668,2.633333333333212,0.16501650165015744,Narrow,Bearish,Below CPR,False,True,0.16666666666666666,60,1114409812.9,Lower,True,Risk Off,True,52.921428571428564,1929.958,1888.8919999999998,0.049759301750121436,0.710617958701573,False,False,No setup,Neutral,0,Not applicable,No directional setup; confirmation score not applicable.,Narrow CPR,Not applicable,Not applicable,Narrow CPR; Wide CPR rules not applied,0,0,0,0
2026-10-01,2026-10-01,CM,NSE,STK,7508,INE251B01027,ZENTEC,EQ,,,,,ZEN TECHNOLOGIES LIMITED,1605.2,1610.0,1550.0,1576.1,1575.5,1605.2,,1575.89,,,251378,397251284.2,22940,F1,1,,,,,,Cash Only,Capital Goods,True,1578.7,1580.0,1577.4,1580.0,1577.4,2.599999999999909,0.1649641520208051,Narrow,Bearish,Below CPR,False,True,0.23333333333333334,60,520576905.95,Lower,True,Risk Off,True,52.9857142857143,1751.066,1751.4560000000001,0.04906983014289393,0.7630981698564917,False,False,No setup,Neutral,0,Not applicable,No directional setup; confirmation score not applicable.,Narrow CPR,Not applicable,Not applicable,Narrow CPR; Wide CPR rules not applied,0,0,0,0
2026-10-01,2026-10-01,CM,NSE,STK,13270,INE823G01014,JKCEMENT,EQ,,,,,JK CEMENT LIMITED,4986.0,5037.5,4891.0,4952.0,4955.0,5076.0,,4952.0,,,335492,1660252445.0,14569,F1,1,,,,,,Cash Only,Construction Materials,True,4960.166666666667,4964.25,4956.083333333334,4964.25,4956.083333333334,8.16666666666606,0.16491653204091397,Narrow,Bearish,Below CPR,False,True,0.23333333333333334,60,186974388.0,Lower,True,Risk Off,True,178.25,5220.82,5274.0,0.045815801776527686,8.879571489759336,False,False,No setup,Neutral,0,Not applicable,No directional setup; confirmation score not applicable.,Narrow CPR,Not applicable,Not applicable,Narrow CPR; Wide CPR rules not applied,0,0,0,0
2026-10-01,2026-10-01,CM,NSE,STK,758448,INE0GV601021,ALLTIME,EQ,,,,,ALL TIME PLASTICS LIMITED,195.01,195.01,182.0,188.04,185.2,194.0,,188.07,,,133472,24940265.88,2945,F1,1,,,,,,Cash Only,Unclassified,False,188.35,188.505,188.195,188.505,188.195,0.3100000000000023,0.16485854073601483,Narrow,Bearish,Below CPR,False,True,0.16666666666666666,60,13330484.43,Lower,True,Risk Off,True,9.522142857142853,210.67880000000002,223.9256,0.032555697247018484,1.8709196962019181,False,False,No setup,Neutral,0,Not applicable,No directional setup; confirmation score not applicable.,Narrow CPR,Not applicable,Not applicable,Narrow CPR; Wide CPR rules not applied,0,0,0,0
2026-10-01,2026-10-01,CM,NSE,STK,805,INE498A01018,DCM,EQ,,,,,DCM LTD,74.0,74.0,72.02,72.83,72.02,74.0,,72.83,,,1935,141334.64,58,F1,1,,,,,,Cash Only,Unclassified,False,72.94999999999999,73.00999999999999,72.88999999999999,73.00999999999999,72.88999999999999,0.12000000000000455,0.16476726623644727,Narrow,Bearish,Below CPR,False,True,0.1,60,763868.1950000001,Lower,True,Risk Off,True,3.2749999999999986,82.87460000000002,77.3676,0.036641221374047205,0.1850249047219462,False,False,No setup,Neutral,0,Not applicable,No directional setup; confirmation score not applicable.,Narrow CPR,Not applicable,Not applicable,Narrow CPR; Wide CPR rules not applied,0,0,0,0
2026-10-01,2026-10-01,CM,NSE,STK,3736,INE711A01022,WALCHANNAG,EQ,,,,,WALCHANDNAGAR INDUSTRIES,200.1,201.59,191.53,196.08,196.0,200.24,,196.08,,,612063,120182227.14,12879,F1,1,,,,,,Cash Only,Unclassified,False,196.4,196.56,196.24,196.56,196.24,0.3199999999999932,0.16319869441044121,Narrow,Bearish,Below CPR,False,True,0.1,60,134216207.19999999,Lower,True,Risk Off,True,9.075,218.2,235.69889999999998,0.03526170798897997,0.8954375156862577,False,False,No setup,Neutral,0,Not applicable,No directional setup; confirmation score not applicable.,Narrow CPR,Not applicable,Not applicable,Narrow CPR; Wide CPR rules not applied,0,0,0,0
2026-10-01,2026-10-01,CM,NSE,STK,371,INE176A01028,BATAINDIA,EQ,,,,,BATA INDIA LTD,618.8,622.85,606.15,613.0,612.6,618.75,,612.98,,,126719,77810526.35,10751,F1,1,,,,,,Cash Only,Consumer Durables,True,614.0,614.5,613.5,614.5,613.5,1.0,0.1631321370309951,Narrow,Bearish,Below CPR,False,True,0.3,60,97962842.65,Lower,True,Risk Off,False,13.921428571428587,679.773,684.7869999999999,0.07183170856849659,0.7942861216063333,False,False,No setup,Neutral,0,Not applicable,No directional setup; confirmation score not applicable.,Narrow CPR,Not applicable,Not applicable,Narrow CPR; Wide CPR rules not applied,0,0,0,0
2026-10-01,2026-10-01,CM,NSE,STK,4656,INE386D01027,SBCL,EQ,,,,,SHIVALIK BIMETAL CON. LTD,1080.9,1103.9,1034.1,1066.4,1072.1,1071.7,,1066.36,,,295016,318058506.2,26434,F1,1,,,,,,Cash Only,Unclassified,False,1068.1333333333334,1069.0,1067.2666666666669,1069.0,1067.2666666666669,1.7333333333331211,0.1625406351587698,Narrow,Bearish,Below CPR,False,True,0.13333333333333333,60,250224150.15,Lower,True,Risk Off,True,63.664285714285754,1000.345,858.062,0.02722614907064252,1.27109436083342,True,True,No setup,Neutral,0,Not applicable,No directional setup; confirmation score not applicable.,Narrow CPR,Not applicable,Not applicable,Narrow CPR; Wide CPR rules not applied,0,0,0,0
2026-10-01,2026-10-01,CM,NSE,STK,5688,INE731A01020,ARCHIES,EQ,,,,,ARCHIES LTD,12.36,12.75,12.05,12.37,12.4,12.39,,12.38,,,18310,225551.43,103,F1,1,,,,,,Cash Only,Unclassified,False,12.39,12.4,12.38,12.4,12.38,0.019999999999999574,0.16168148746968128,Narrow,Bearish,Below CPR,False,True,0.1,60,146971.09000000003,Lower,True,Risk Off,True,0.5978571428571428,13.2696,13.796100000000001,0.033452807646355325,1.5346652868941772,False,False,No setup,Neutral,0,Not applicable,No directional setup; confirmation score not applicable.,Narrow CPR,Not applicable,Not applicable,Narrow CPR; Wide CPR rules not applied,0,0,0,0
2026-10-01,2026-10-01,CM,NSE,STK,2998,INE018401013,SUVIDHAA,EQ,,,,,SUVIDHAA INFOSERVE LTD,2.14,2.14,2.01,2.07,2.11,2.09,,2.07,,,96333,198971.65,232,F1,1,,,,,,Cash Only,Unclassified,False,2.0733333333333337,2.075,2.071666666666667,2.075,2.071666666666667,0.0033333333333329662,0.1610305958131868,Narrow,Bearish,Below CPR,False,True,0.16666666666666666,60,242511.61,Lower,True,Risk Off,True,0.1735714285714285,2.3524000000000003,2.5375,0.01920438957475784,0.8204623687913334,False,False,No setup,Neutral,0,Not applicable,No directional setup; confirmation score not applicable.,Narrow CPR,Not applicable,Not applicable,Narrow CPR; Wide CPR rules not applied,0,0,0,0
2026-10-01,2026-10-01,CM,NSE,STK,14304,INE684F01012,FSL,EQ,,,,,FIRSTSOURCE SOLU. LTD.,254.5,255.0,247.0,250.4,250.05,255.8,,250.41,,,646270,162168561.85,20139,F1,1,,,,,,Cash Only,Services,True,250.79999999999998,251.0,250.59999999999997,251.0,250.59999999999997,0.4000000000000341,0.15974440894570052,Narrow,Bearish,Below CPR,False,True,0.08333333333333333,60,221137596.04,Lower,True,Risk Off,True,10.928571428571429,272.5876,262.3424,0.0366013071895456,0.733337816608382,False,False,No setup,Neutral,0,Not applicable,No directional setup; confirmation score not applicable.,Narrow CPR,Not applicable,Not applicable,Narrow CPR; Wide CPR rules not applied,0,0,0,0
2026-10-01,2026-10-01,CM,NSE,STK,5239,INE843B01013,MAHAPEXLTD,EQ,,,,,MAHA RASHTRA APEX COPR. L,50.52,51.5,49.1,50.18,50.1,51.0,,50.18,,,11656,586495.52,98,F1,1,,,,,,Cash Only,Unclassified,False,50.26,50.3,50.22,50.3,50.22,0.0799999999999983,0.15942606616181407,Narrow,Bearish,Below CPR,False,True,0.11666666666666667,60,356635.99,Lower,True,Risk Off,True,3.144285714285713,52.1954,49.750299999999996,0.025442980463425184,1.6445214068271685,False,True,No setup,Neutral,0,Not applicable,No directional setup; confirmation score not applicable.,Narrow CPR,Not applicable,Not applicable,Narrow CPR; Wide CPR rules not applied,0,0,0,0
2026-10-01,2026-10-01,CM,NSE,STK,15058,INE0LCL01028,AVALON,EQ,,,,,AVALON TECHNOLOGIES LTD,2288.0,2357.0,2214.3,2280.2,2272.0,2296.7,,2280.22,,,321345,735230732.9,36331,F1,1,,,,,,Cash Only,Unclassified,False,2283.8333333333335,2285.65,2282.016666666667,2285.65,2282.016666666667,3.633333333333212,0.15934274771218368,Narrow,Bearish,Below CPR,False,True,0.13333333333333333,60,758652989.35,Higher,True,Risk Off,True,153.0071428571429,2118.45,1869.524,0.02374616809050229,0.9691265219028955,True,True,No setup,Neutral,0,Not applicable,No directional setup; confirmation score not applicable.,Narrow CPR,Not applicable,Not applicable,Narrow CPR; Wide CPR rules not applied,0,0,0,0
2026-10-01,2026-10-01,CM,NSE,STK,3563,INE364U01010,ADANIGREEN,EQ,,,,,ADANI GREEN ENERGY LTD,1274.1,1298.0,1260.3,1276.1,1276.1,1278.0,,1276.6,,,6355094,8145675071.4,96583,F1,1,,,,,,F&O + Cash,Power,True,1278.1333333333334,1279.15,1277.1166666666668,1279.15,1277.1166666666668,2.033333333333303,0.1593396546770083,Narrow,Bearish,Below CPR,False,True,0.2,60,2181144666.8,Higher,True,Risk Off,True,37.02857142857145,1318.796,1398.9170000000001,0.05491255144032836,3.7345872538343263,False,False,No setup,Neutral,0,Not applicable,No directional setup; confirmation score not applicable.,Narrow CPR,Not applicable,Not applicable,Narrow CPR; Wide CPR rules not applied,0,0,0,0
2026-10-01,2026-10-01,CM,NSE,STK,357,INE298J01013,NAM-INDIA,EQ,,,,,NIPPON L I A M LTD,1063.9,1070.6,1026.4,1046.0,1046.0,1070.0,,1046.0,,,768278,803567334.7,39419,F1,1,,,,,,F&O + Cash,Financial Services,True,1047.6666666666667,1048.5,1046.8333333333335,1048.5,1046.8333333333335,1.666666666666515,0.15933715742509705,Narrow,Bearish,Below CPR,False,True,0.18333333333333332,60,1018175620.45,Lower,True,Risk Off,True,34.54999999999999,1167.384,1151.474,0.048239266763140824,0.7892227220534408,False,False,No setup,Neutral,0,Not applicable,No directional setup; confirmation score not applicable.,Narrow CPR,Not applicable,Not applicable,Narrow CPR; Wide CPR rules not applied,0,0,0,0
2026-10-01,2026-10-01,CM,NSE,STK,338,INE164A01016,BALMLAWRIE,EQ,,,,,BALMER LAWRIE & CO LTD,161.16,161.26,158.1,159.3,159.35,161.16,,159.32,,,116563,18640593.0,2762,F1,1,,,,,,Cash Only,Unclassified,False,159.55333333333334,159.68,159.42666666666668,159.68,159.42666666666668,0.2533333333333303,0.159029085582756,Narrow,Bearish,Below CPR,False,True,0.38333333333333336,60,17117811.535,Lower,True,Risk Off,False,3.962857142857142,172.2414,176.6423,0.06392694063926865,1.0889588871735407,False,False,No setup,Neutral,0,Not applicable,No directional setup; confirmation score not applicable.,Narrow CPR,Not applicable,Not applicable,Narrow CPR; Wide CPR rules not applied,0,0,0,0
2026-10-01,2026-10-01,CM,NSE,STK,16682,INE596F01018,PTCIL,EQ,,,,,PTC INDUSTRIES LIMITED,22195.0,22435.0,21720.0,22025.0,21915.0,22190.0,,22022.5,,,14332,315855900.0,5985,F1,1,,,,,,Cash Only,Capital Goods,True,22060.0,22077.5,22042.5,22077.5,22042.5,35.0,0.15891032917139614,Narrow,Bearish,Below CPR,False,True,0.3333333333333333,60,343808515.0,Lower,True,Risk Off,False,852.8571428571429,20783.3,19149.63,0.04103852596314908,0.918697141634203,True,True,No setup,Neutral,0,Not applicable,No directional setup; confirmation score not applicable.,Narrow CPR,Not applicable,Not applicable,Narrow CPR; Wide CPR rules not applied,0,0,0,0
2026-10-01,2026-10-01,CM,NSE,STK,759847,INE024F01011,SHILCTECH,EQ,,,,,SHILCHAR TECHNOLOGIES LTD,4084.0,4100.0,3985.2,4033.0,4035.0,4084.0,,4032.72,,,12506,50487964.5,3102,F1,1,,,,,,Cash Only,Unclassified,False,4039.4,4042.6,4036.2000000000003,4042.6,4036.2000000000003,6.399999999999636,0.15869080089262674,Narrow,Bearish,Below CPR,False,True,0.16666666666666666,60,74814904.30000001,Lower,True,Risk Off,True,136.56428571428575,4158.746,4204.886,0.04686437575186719,0.6748383222886779,False,False,No setup,Neutral,0,Not applicable,No directional setup; confirmation score not applicable.,Narrow CPR,Not applicable,Not applicable,Narrow CPR; Wide CPR rules not applied,0,0,-2,-2
2026-10-01,2026-10-01,CM,NSE,STK,16913,INE025R01021,ARTEMISMED,EQ,,,,,ARTEMIS MED SERVICE LTD,342.8,346.45,327.95,336.4,336.0,345.55,,336.4,,,804191,269791740.55,32939,F1,1,,,,,,Cash Only,Unclassified,False,336.93333333333334,337.2,336.6666666666667,337.2,336.6666666666667,0.533333333333303,0.15854141894569057,Narrow,Bearish,Below CPR,False,True,0.25,60,92337117.5,Lower,True,Risk Off,True,17.696428571428577,322.777,296.0699,0.03013790783719976,2.921812461278099,True,True,No setup,Neutral,0,Not applicable,No directional setup; confirmation score not applicable.,Narrow CPR,Not applicable,Not applicable,Narrow CPR; Wide CPR rules not applied,0,2,0,2
2026-10-01,2026-10-01,CM,NSE,STK,9378,INE615R01029,TRU,EQ,,,,,TRUCAP FINANCE LIMITED,4.12,4.4,4.06,4.22,4.25,4.1,,4.22,,,61921,260044.14,163,F1,1,,,,,,Cash Only,Unclassified,False,4.226666666666667,4.23,4.223333333333333,4.23,4.223333333333333,0.006666666666667709,0.15797788309639121,Narrow,Bearish,Below CPR,False,True,0.06666666666666667,60,478883.615,Higher,True,Risk Off,True,0.3042857142857144,4.3024000000000004,4.9597,0.02190923317684223,0.5430215857353984,False,False,No setup,Neutral,0,Not applicable,No directional setup; confirmation score not applicable.,Narrow CPR,Not applicable,Not applicable,Narrow CPR; Wide CPR rules not applied,0,0,0,0
2026-10-01,2026-10-01,CM,NSE,STK,2606,INE970X01018,LEMONTREE,EQ,,,,,LEMON TREE HOTELS LTD,104.25,111.6,104.25,107.67,107.25,104.25,,107.67,,,32197118,3518451061.29,176428,F1,1,,,,,,Cash Only,Consumer Services,True,107.83999999999999,107.925,107.75499999999998,107.925,107.75499999999998,0.17000000000001592,0.1578898486115129,Narrow,Bearish,Below CPR,False,True,0.35,60,273345997.03999996,Higher,True,Risk Off,False,2.691428571428574,107.8548,110.6949,0.06316348195329673,12.871785573560564,False,False,No setup,Neutral,0,Not applicable,No directional setup; confirmation score not applicable.,Narrow CPR,Not applicable,Not applicable,Narrow CPR; Wide CPR rules not applied,0,0,0,0
2026-10-01,2026-10-01,CM,NSE,STK,757754,INE546C01010,PICCADIL,EQ,,,,,PICCADILY AGRO INDUSTRI L,592.45,593.85,571.0,581.05,588.0,592.35,,581.03,,,108548,63024958.45,9575,F1,1,,,,,,Cash Only,Unclassified,False,581.9666666666666,582.425,581.5083333333332,582.425,581.5083333333332,0.9166666666667425,0.15776037633021986,Narrow,Bearish,Below CPR,False,True,0.08333333333333333,60,122453620.07499999,Lower,True,Risk Off,True,20.69642857142858,665.488,639.8720000000001,0.04429105550762515,0.5146843222062254,False,False,No setup,Neutral,0,Not applicable,No directional setup; confirmation score not applicable.,Narrow CPR,Not applicable,Not applicable,Narrow CPR; Wide CPR rules not applied,0,0,0,0
2026-10-01,2026-10-01,CM,NSE,STK,764673,INE515H01014,EMPIND,EQ,,,,,EMPIRE INDUSTRIES LTD.,1057.3,1077.3,1046.1,1059.2,1059.0,1057.1,,1059.59,,,1377,1455001.6,197,F1,1,,,,,,Cash Only,Unclassified,False,1060.8666666666666,1061.6999999999998,1060.0333333333333,1061.6999999999998,1060.0333333333333,1.666666666666515,0.15735146022153654,Narrow,Bearish,Below CPR,False,True,0.15151515151515152,33,4006454.1,Higher,True,Risk Off,True,29.399999999999995,,,0.05668934240362297,0.3631644251209567,False,False,No setup,Neutral,0,Not applicable,No directional setup; confirmation score not applicable.,Narrow CPR,Not applicable,Not applicable,Narrow CPR; Wide CPR rules not applied,0,0,0,0
2026-10-01,2026-10-01,CM,NSE,STK,762812,INE605D01012,NEAGI,EQ,,,,,NEELAMALAI AGRO INDS. L,3325.0,3325.0,3309.4,3309.4,3309.4,3483.5,,3322.55,,,8,26568.8,2,F1,1,,,,,,Cash Only,Unclassified,False,3314.6,3317.2,3312.0,3317.2,3312.0,5.199999999999818,0.1571281803347984,Narrow,Bearish,Below CPR,False,True,0.5666666666666667,60,50815.85,Lower,True,Risk Off,False,76.39285714285714,3269.748,,0.06806919121084382,0.5228447423392505,True,False,No setup,Neutral,0,Not applicable,No directional setup; confirmation score not applicable.,Narrow CPR,Not applicable,Not applicable,Narrow CPR; Wide CPR rules not applied,0,0,0,0
2026-10-01,2026-10-01,CM,NSE,STK,764678,INE130L01014,ENKEIWHEL,EQ,,,,,ENKEI WHEELS (INDIA) LTD.,396.55,401.0,386.05,392.6,397.9,396.55,,392.6,,,2283,901700.2,115,F1,1,,,,,,Cash Only,Unclassified,False,393.2166666666667,393.525,392.9083333333334,393.525,392.9083333333334,0.6166666666665606,0.1570725080658585,Narrow,Bearish,Below CPR,False,True,0.12121212121212122,33,886797.4,Lower,True,Risk Off,True,17.878571428571437,,,0.034491943001725305,1.0168051913548686,False,False,No setup,Neutral,0,Not applicable,No directional setup; confirmation score not applicable.,Narrow CPR,Not applicable,Not applicable,Narrow CPR; Wide CPR rules not applied,0,0,0,0
2026-10-01,2026-10-01,CM,NSE,STK,761688,INE861D01011,SAHLIBHFI,EQ,,,,,SHALIBHADRA FINANCE LTD,81.9,81.9,75.95,78.74,79.5,78.84,,78.74,,,24376,1910098.52,372,F1,1,,,,,,Cash Only,Unclassified,False,78.86333333333334,78.92500000000001,78.80166666666668,78.92500000000001,78.80166666666668,0.12333333333333485,0.15663364660062848,Narrow,Bearish,Below CPR,False,True,0.11666666666666667,60,1227888.915,Lower,True,Risk Off,True,4.182857142857144,78.1678,77.4213,0.029485428051002176,1.555595540171482,True,True,No setup,Neutral,0,Not applicable,No directional setup; confirmation score not applicable.,Narrow CPR,Not applicable,Not applicable,Narrow CPR; Wide CPR rules not applied,0,0,0,0
2026-10-01,2026-10-01,CM,NSE,STK,3375,INE335A01020,SURYAROSNI,EQ,,,,,SURYA ROSHNI LTD,220.0,229.66,212.71,220.67,221.0,221.37,,220.67,,,1421013,314777548.96,27074,F1,1,,,,,,Cash Only,Unclassified,False,221.01333333333332,221.185,220.84166666666664,221.185,220.84166666666664,0.34333333333336213,0.1555867736137047,Narrow,Bearish,Below CPR,False,True,0.23333333333333334,60,87234962.83000001,Lower,True,Risk Off,True,6.874285714285711,224.4736,237.5659,0.04994458298698121,3.6083874945121006,False,False,No setup,Neutral,0,Not applicable,No directional setup; confirmation score not applicable.,Narrow CPR,Not applicable,Not applicable,Narrow CPR; Wide CPR rules not applied,0,0,0,0
2026-10-01,2026-10-01,CM,NSE,STK,15146,INE668F01031,JYOTHYLAB,EQ,,,,,JYOTHY LABS LIMITED,186.66,186.66,180.01,182.91,183.89,186.7,,182.93,,,392204,71591813.52,18409,F1,1,,,,,,Cash Only,Unclassified,False,183.1933333333333,183.33499999999998,183.05166666666662,183.33499999999998,183.05166666666662,0.28333333333335986,0.15490313997778135,Narrow,Bearish,Below CPR,False,True,0.38333333333333336,60,96824475.33,Lower,True,Risk Off,False,4.145714285714287,200.3754,201.4546,0.06834367103147893,0.7393978978558746,False,False,No setup,Neutral,0,Not applicable,No directional setup; confirmation score not applicable.,Narrow CPR,Not applicable,Not applicable,Narrow CPR; Wide CPR rules not applied,0,0,0,0
2026-10-01,2026-10-01,CM,NSE,STK,9348,INE565A01014,IOB,EQ,,,,,INDIAN OVERSEAS BANK,30.66,30.83,30.07,30.38,30.58,30.96,,30.38,,,2774243,84485016.51,19277,F1,1,,,,,,Cash Only,Financial Services,True,30.426666666666666,30.45,30.403333333333332,30.45,30.403333333333332,0.046666666666666856,0.1536098310291865,Narrow,Bearish,Below CPR,False,True,0.2,60,71216417.235,Lower,True,Risk Off,True,0.6300000000000008,33.0322,33.474500000000006,0.07407407407407428,1.186313771320681,False,False,No setup,Neutral,0,Not applicable,No directional setup; confirmation score not applicable.,Narrow CPR,Not applicable,Not applicable,Narrow CPR; Wide CPR rules not applied,0,0,0,0
2026-10-01,2026-10-01,CM,NSE,STK,24969,INE052A01021,WINDMACHIN,EQ,,,,,WINDSOR MACHINES LIMITED,301.2,303.05,284.6,293.15,294.6,300.2,,293.16,,,99959,29335700.2,2376,F1,1,,,,,,Cash Only,Unclassified,False,293.6,293.82500000000005,293.375,293.82500000000005,293.375,0.4500000000000455,0.15350503155382755,Narrow,Bearish,Below CPR,False,True,0.16666666666666666,60,16995737.25,Lower,True,Risk Off,True,12.01071428571428,299.498,301.452,0.03746654772524912,1.7260622336344955,False,False,No setup,Neutral,0,Not applicable,No directional setup; confirmation score not applicable.,Narrow CPR,Not applicable,Not applicable,Narrow CPR; Wide CPR rules not applied,0,0,0,0
2026-10-01,2026-10-01,CM,NSE,STK,758748,INE0PKD01011,MEIL,EQ,,,,,MANGAL ELECTRICAL IND L,264.85,266.8,258.6,262.1,264.0,264.85,,262.08,,,40132,10508104.25,1186,F1,1,,,,,,Cash Only,Unclassified,False,262.50000000000006,262.70000000000005,262.30000000000007,262.70000000000005,262.30000000000007,0.39999999999997726,0.15261350629529846,Narrow,Bearish,Below CPR,False,True,0.13333333333333333,60,11246853.275,Lower,True,Risk Off,True,10.232142857142852,279.405,264.7215,0.03909249563699605,0.9343150473348732,False,False,No setup,Neutral,0,Not applicable,No directional setup; confirmation score not applicable.,Narrow CPR,Not applicable,Not applicable,Narrow CPR; Wide CPR rules not applied,0,0,0,0
2026-10-01,2026-10-01,CM,NSE,STK,11212,INE500L01026,SHK,EQ,,,,,S H KELKAR AND CO. LTD.,141.0,141.35,135.0,137.86,137.55,141.02,,137.81,,,208064,28742027.95,4054,F1,1,,,,,,Cash Only,Unclassified,False,138.07000000000002,138.175,137.96500000000003,138.175,137.96500000000003,0.20999999999997954,0.15232844915129806,Narrow,Bearish,Below CPR,False,True,0.18333333333333332,60,53836773.78,Lower,True,Risk Off,True,5.980000000000002,152.2574,142.0251,0.035117056856183854,0.5338735204946005,False,False,No setup,Neutral,0,Not applicable,No directional setup; confirmation score not applicable.,Narrow CPR,Not applicable,Not applicable,Narrow CPR; Wide CPR rules not applied,0,0,-2,-2
2026-10-01,2026-10-01,CM,NSE,STK,13536,INE632C01026,VIDHIING,EQ,,,,,VIDHI SPCLTY F INGRDNTS L,354.4,355.0,347.1,350.25,349.0,357.6,,350.25,,,25543,8951620.05,796,F1,1,,,,,,Cash Only,Unclassified,False,350.7833333333333,351.05,350.5166666666666,351.05,350.5166666666666,0.5333333333334167,0.15227218653345231,Narrow,Bearish,Below CPR,False,True,0.16666666666666666,60,8374851.275,Lower,True,Risk Off,True,15.749999999999988,334.81,313.692,0.03386243386243918,1.068869136425351,True,True,No setup,Neutral,0,Not applicable,No directional setup; confirmation score not applicable.,Narrow CPR,Not applicable,Not applicable,Narrow CPR; Wide CPR rules not applied,0,0,0,0
2026-10-01,2026-10-01,CM,NSE,STK,21113,INE878K01010,BFINVEST,EQ,,,,,BF INVESTMENT LIMITED,430.5,434.4,424.95,428.7,429.25,434.05,,428.76,,,16511,7078055.25,997,F1,1,,,,,,Cash Only,Unclassified,False,429.34999999999997,429.67499999999995,429.025,429.67499999999995,429.025,0.6499999999999773,0.1516211803125676,Narrow,Bearish,Below CPR,False,True,0.31666666666666665,60,11438121.6,Lower,True,Risk Off,False,10.732142857142845,452.635,446.6595,0.060565723793675155,0.6188127297055489,False,False,No setup,Neutral,0,Not applicable,No directional setup; confirmation score not applicable.,Narrow CPR,Not applicable,Not applicable,Narrow CPR; Wide CPR rules not applied,0,0,0,0
2026-10-01,2026-10-01,CM,NSE,STK,765160,INE555C01029,SHIVACEM,EQ,,,,,SHIVA CEMENT LTD.,13.76,13.94,12.8,13.34,13.37,13.76,,13.35,,,296434,3906924.85,974,F1,1,,,,,,Cash Only,Unclassified,False,13.36,13.370000000000001,13.349999999999998,13.370000000000001,13.349999999999998,0.020000000000003126,0.1499250374812828,Narrow,Bearish,Below CPR,False,True,0.12121212121212122,33,779183.72,Lower,True,Risk Off,True,0.7999999999999998,,,0.025000000000003915,5.014125359292671,False,False,No setup,Neutral,0,Not applicable,No directional setup; confirmation score not applicable.,Narrow CPR,Not applicable,Not applicable,Narrow CPR; Wide CPR rules not applied,0,0,0,0
2026-10-01,2026-10-01,CM,NSE,STK,758858,INE819V01029,CPPLUS,EQ,,,,,ADITYA INFOTECH LIMITED,3837.9,3860.0,3756.0,3799.6,3800.0,3846.5,,3799.58,,,119217,452654092.6,18262,F1,1,,,,,,Cash Only,Capital Goods,True,3805.2000000000003,3808.0,3802.4000000000005,3808.0,3802.4000000000005,5.599999999999454,0.1473839351510542,Narrow,Bearish,Below CPR,False,True,0.15,60,722840049.1,Lower,True,Risk Off,True,173.89285714285714,3605.5760000000005,3434.2369999999996,0.032203737933864184,0.6262161223130823,True,True,No setup,Neutral,0,Not applicable,No directional setup; confirmation score not applicable.,Narrow CPR,Not applicable,Not applicable,Narrow CPR; Wide CPR rules not applied,0,0,0,0
2026-10-01,2026-10-01,CM,NSE,STK,15124,INE094I01018,KOLTEPATIL,EQ,,,,,KOLTE PATIL DEV. LTD.,424.85,426.1,413.35,418.8,422.0,424.85,,418.82,,,65771,27561629.1,4595,F1,1,,,,,,Cash Only,Unclassified,False,419.4166666666667,419.725,419.10833333333335,419.725,419.10833333333335,0.6166666666666742,0.14724609996816482,Narrow,Bearish,Below CPR,False,True,0.11666666666666667,60,32139792.625,Lower,True,Risk Off,True,13.039285714285715,436.52099999999996,404.228,0.047292979092486656,0.8575546650715206,False,True,No setup,Neutral,0,Not applicable,No directional setup; confirmation score not applicable.,Narrow CPR,Not applicable,Not applicable,Narrow CPR; Wide CPR rules not applied,0,0,0,0
2026-10-01,2026-10-01,CM,NSE,STK,18220,INE134B01017,KECL,EQ,,,,,KIRLOSKAR ELECTRIC CO LTD,120.64,123.89,117.5,120.43,119.3,120.64,,120.43,,,134808,16123118.73,2529,F1,1,,,,,,Cash Only,Unclassified,False,120.60666666666667,120.695,120.51833333333335,120.695,120.51833333333335,0.1766666666666481,0.1466965595504842,Narrow,Bearish,Below CPR,False,True,0.11666666666666667,60,22365157.585,Lower,True,Risk Off,True,6.143571428571431,131.43480000000002,111.58109999999999,0.028756346161296038,0.7209034261763284,False,True,No setup,Neutral,0,Not applicable,No directional setup; confirmation score not applicable.,Narrow CPR,Not applicable,Not applicable,Narrow CPR; Wide CPR rules not applied,0,0,0,0
2026-10-01,2026-10-01,CM,NSE,STK,20374,INE522F01014,COALINDIA,EQ,,,,,COAL INDIA LTD,421.2,426.35,416.3,420.4,420.4,425.0,,420.41,,,7514836,3163623860.35,94984,F1,1,,,,,,F&O + Cash,Oil Gas & Consumable Fuels,True,421.0166666666667,421.32500000000005,420.70833333333337,421.32500000000005,420.70833333333337,0.6166666666666742,0.14668569616238683,Narrow,Bearish,Below CPR,False,True,0.3,60,2416206030.225,Lower,True,Risk Off,False,8.035714285714281,415.30300000000005,431.8455,0.07674074074074173,1.309335305340414,True,False,No setup,Neutral,0,Not applicable,No directional setup; confirmation score not applicable.,Narrow CPR,Not applicable,Not applicable,Narrow CPR; Wide CPR rules not applied,0,0,0,0
2026-10-01,2026-10-01,CM,NSE,STK,13560,INE536A01023,GRINDWELL,EQ,,,,,GRINDWELL NORTON LIMITED,1994.1,2005.0,1955.2,1975.8,1980.0,1994.1,,1975.82,,,27469,54424566.0,6467,F1,1,,,,,,Cash Only,Unclassified,False,1978.6666666666667,1980.1,1977.2333333333336,1980.1,1977.2333333333336,2.866666666666333,0.1450889091338361,Narrow,Bearish,Below CPR,False,True,0.16666666666666666,60,52490954.8,Inside,True,Risk Off,True,62.97142857142858,2014.4640000000002,2008.838,0.0455232909860806,1.036837036159228,False,False,No setup,Neutral,0,Not applicable,No directional setup; confirmation score not applicable.,Narrow CPR,Not applicable,Not applicable,Narrow CPR; Wide CPR rules not applied,0,0,0,0
2026-10-01,2026-10-01,CM,NSE,STK,9590,INE455K01017,POLYCAB,EQ,,,,,POLYCAB INDIA LIMITED,8030.0,8131.0,7883.0,7990.0,7990.0,8026.0,,7989.92,,,463691,3713772840.0,48255,F1,1,,,,,,F&O + Cash,Capital Goods,True,8001.333333333333,8007.0,7995.666666666666,8007.0,7995.666666666666,11.33333333333394,0.14184397163121326,Narrow,Bearish,Below CPR,False,True,0.25,60,2531928871.5,Lower,True,Risk Off,True,158.96428571428572,8784.91,9117.435,0.07129484011084032,1.4667761333278828,False,False,No setup,Neutral,0,Not applicable,No directional setup; confirmation score not applicable.,Narrow CPR,Not applicable,Not applicable,Narrow CPR; Wide CPR rules not applied,0,0,0,0
2026-10-01,2026-10-01,CM,NSE,STK,761056,INE0B9A01018,BONLON,EQ,,,,,BONLON INDUSTRIES LIMITED,41.0,41.0,39.11,39.97,39.99,40.21,,39.97,,,6490,258916.01,99,F1,1,,,,,,Cash Only,Unclassified,False,40.026666666666664,40.055,39.99833333333333,40.055,39.99833333333333,0.05666666666667197,0.14177299641399044,Narrow,Bearish,Below CPR,False,True,0.15,60,223890.485,Inside,True,Risk Off,True,2.6807142857142865,40.5712,42.271100000000004,0.021138644639845654,1.1564404355995745,False,False,No setup,Neutral,0,Not applicable,No directional setup; confirmation score not applicable.,Narrow CPR,Not applicable,Not applicable,Narrow CPR; Wide CPR rules not applied,0,0,0,0
2026-10-01,2026-10-01,CM,NSE,STK,20188,INE956G01038,WABAG,EQ,,,,,VA TECH WABAG LTD,2058.3,2058.3,1960.0,2004.9,2009.0,2061.4,,2004.94,,,398624,798383144.3,36432,F1,1,,,,,,Cash Only,Unclassified,False,2007.7333333333336,2009.15,2006.316666666667,2009.15,2006.316666666667,2.83333333333303,0.14132043160920896,Narrow,Bearish,Below CPR,False,True,0.11666666666666667,60,1077489104.0,Lower,True,Risk Off,True,91.57142857142864,2019.116,1902.476,0.030941237649502646,0.7409663274887278,False,True,No setup,Neutral,0,Not applicable,No directional setup; confirmation score not applicable.,Narrow CPR,Not applicable,Not applicable,Narrow CPR; Wide CPR rules not applied,0,0,0,0
2026-10-01,2026-10-01,CM,NSE,STK,6705,INE982J01020,PAYTM,EQ,,,,,ONE 97 COMMUNICATIONS LTD,1671.9,1690.0,1629.0,1656.0,1656.0,1678.0,,1656.32,,,1936812,3212622992.3,55147,F1,1,,,,,,F&O + Cash,Financial Services,True,1658.3333333333333,1659.5,1657.1666666666665,1659.5,1657.1666666666665,2.333333333333485,0.1409017713365631,Narrow,Bearish,Below CPR,False,True,0.26666666666666666,60,5142527951.85,Lower,True,Risk Off,False,69.61428571428574,1602.628,1383.157,0.03351802448868128,0.6247166806636946,True,True,No setup,Neutral,0,Not applicable,No directional setup; confirmation score not applicable.,Narrow CPR,Not applicable,Not applicable,Narrow CPR; Wide CPR rules not applied,0,0,0,0
2026-10-01,2026-10-01,CM,NSE,STK,13285,INE774D01024,M&MFIN,EQ,,,,,M&M FIN. SERVICES LTD,323.95,325.4,315.45,319.75,320.0,324.85,,319.76,,,3088333,987564577.7,74654,F1,1,,,,,,Cash Only,Financial Services,True,320.2,320.42499999999995,319.975,320.42499999999995,319.975,0.4499999999999318,0.1407349491790248,Narrow,Bearish,Below CPR,False,True,0.16666666666666666,60,727888419.775,Lower,True,Risk Off,True,9.896428571428572,371.281,341.50100000000003,0.04547094911583576,1.3567526984496736,False,False,No setup,Neutral,0,Not applicable,No directional setup; confirmation score not applicable.,Narrow CPR,Not applicable,Not applicable,Narrow CPR; Wide CPR rules not applied,0,0,0,0
2026-10-01,2026-10-01,CM,NSE,STK,9158,INE794B01026,BALAJITELE,EQ,,,,,BALAJI TELEFILMS LIMITED.,91.25,92.46,88.0,90.04,90.0,91.26,,90.03,,,383292,34467025.22,4331,F1,1,,,,,,Cash Only,Unclassified,False,90.16666666666667,90.22999999999999,90.10333333333335,90.22999999999999,90.10333333333335,0.12666666666663673,0.14067821708866807,Narrow,Bearish,Below CPR,False,True,0.2,60,10965633.06,Lower,True,Risk Off,True,3.892857142857142,90.8694,90.65620000000001,0.03253822629968651,3.143186082500557,False,False,No setup,Neutral,0,Not applicable,No directional setup; confirmation score not applicable.,Narrow CPR,Not applicable,Not applicable,Narrow CPR; Wide CPR rules not applied,0,0,0,0
2026-10-01,2026-10-01,CM,NSE,STK,11723,INE019A01038,JSWSTEEL,EQ,,,,,JSW STEEL LIMITED,1253.0,1256.4,1214.8,1233.0,1233.0,1253.4,,1232.98,,,3158301,3899091480.3,72401,F1,1,,,,,,F&O + Cash,Metals & Mining,True,1234.7333333333333,1235.6,1233.8666666666668,1235.6,1233.8666666666668,1.7333333333331211,0.14057853473910148,Narrow,Bearish,Below CPR,False,True,0.26666666666666666,60,1813866052.15,Lower,True,Risk Off,False,26.792857142857184,1285.262,1275.4189999999999,0.06469385941525903,2.149602764591329,False,False,No setup,Neutral,0,Not applicable,No directional setup; confirmation score not applicable.,Narrow CPR,Not applicable,Not applicable,Narrow CPR; Wide CPR rules not applied,0,0,0,0
2026-10-01,2026-10-01,CM,NSE,STK,14245,INE421C01016,TVSSRICHAK,EQ,,,,,TVS SRICHAKRA LIMITED,4426.0,4461.9,4255.0,4349.3,4350.0,4437.5,,4348.86,,,5576,24189791.4,1795,F1,1,,,,,,Cash Only,Unclassified,False,4355.400000000001,4358.45,4352.350000000001,4358.45,4352.350000000001,6.099999999998545,0.14025245441791886,Narrow,Bearish,Below CPR,False,True,0.15,60,25056105.5,Lower,True,Risk Off,True,216.8142857142857,4614.594,4299.435,0.028134677472484562,0.9654250298395335,False,True,No setup,Neutral,0,Not applicable,No directional setup; confirmation score not applicable.,Narrow CPR,Not applicable,Not applicable,Narrow CPR; Wide CPR rules not applied,0,0,0,0
2026-10-01,2026-10-01,CM,NSE,STK,1756,INE197D01010,JINDALPOLY,EQ,,,,,JINDAL POLY FILMS LIMITED,664.2,673.1,637.0,653.7,658.4,672.55,,653.7,,,15020,9822818.45,1222,F1,1,,,,,,Cash Only,Unclassified,False,654.6,655.05,654.1500000000001,655.05,654.1500000000001,0.8999999999998636,0.13767783386872623,Narrow,Bearish,Below CPR,False,True,0.13333333333333333,60,9074828.375,Lower,True,Risk Off,True,35.246428571428574,663.187,669.2279999999998,0.025534501975880208,1.0824247075636844,False,False,No setup,Neutral,0,Not applicable,No directional setup; confirmation score not applicable.,Narrow CPR,Not applicable,Not applicable,Narrow CPR; Wide CPR rules not applied,0,0,0,0
2026-10-01,2026-10-01,CM,NSE,STK,13796,INE201A01024,MANALIPETC,EQ,,,,,MANALI PETROCHEMICALS LT,81.05,81.06,75.56,78.15,78.0,80.98,,78.15,,,1364744,105833752.1,12048,F1,1,,,,,,Cash Only,Unclassified,False,78.25666666666667,78.31,78.20333333333335,78.31,78.20333333333335,0.10666666666665492,0.13648965664319246,Narrow,Bearish,Below CPR,False,True,0.13333333333333333,60,73700180.44,Lower,True,Risk Off,True,4.466428571428572,75.8222,69.0112,0.023881870035713557,1.4360039754062779,True,True,No setup,Neutral,0,Not applicable,No directional setup; confirmation score not applicable.,Narrow CPR,Not applicable,Not applicable,Narrow CPR; Wide CPR rules not applied,0,0,0,0
2026-10-01,2026-10-01,CM,NSE,STK,13925,INE870D01012,NFL,EQ,,,,,NATIONAL FERT. LTD,65.15,65.15,62.81,63.85,63.84,65.2,,63.86,,,633608,40386312.63,4925,F1,1,,,,,,Cash Only,Unclassified,False,63.93666666666667,63.980000000000004,63.89333333333333,63.980000000000004,63.89333333333333,0.08666666666667311,0.1357347950926752,Narrow,Bearish,Below CPR,False,True,0.31666666666666665,60,32055923.145,Lower,True,Risk Off,False,1.480000000000004,69.7974,72.3563,0.058558558558562755,1.259870522128431,False,False,No setup,Neutral,0,Not applicable,No directional setup; confirmation score not applicable.,Narrow CPR,Not applicable,Not applicable,Narrow CPR; Wide CPR rules not applied,0,0,0,0
2026-10-01,2026-10-01,CM,NSE,STK,760351,INE119201023,PARKHOSPS,EQ,,,,,PARK MEDI WORLD LIMITED,272.3,274.2,268.5,270.8,270.0,274.95,,270.79,,,436458,118242621.5,10112,F1,1,,,,,,Cash Only,Unclassified,False,271.1666666666667,271.35,270.98333333333335,271.35,270.98333333333335,0.36666666666667425,0.13540128015756064,Narrow,Bearish,Below CPR,False,True,0.15,60,146867989.97500002,Lower,True,Risk Off,True,7.635714285714292,282.11600000000004,279.4142,0.048019956345495184,0.805094571799664,False,False,No setup,Neutral,0,Not applicable,No directional setup; confirmation score not applicable.,Narrow CPR,Not applicable,Not applicable,Narrow CPR; Wide CPR rules not applied,0,0,0,0
2026-10-01,2026-10-01,CM,NSE,STK,13725,INE503A01015,DCBBANK,EQ,,,,,DCB BANK LIMITED,203.42,203.42,196.81,199.71,200.0,203.54,,199.7,,,842489,168321213.73,20106,F1,1,,,,,,Cash Only,Unclassified,False,199.98000000000002,200.115,199.84500000000003,200.115,199.84500000000003,0.2699999999999818,0.1351960342496529,Narrow,Bearish,Below CPR,False,True,0.1,60,205890934.035,Lower,True,Risk Off,True,6.6485714285714295,204.6018,193.7259,0.04061022776106301,0.817526106814332,False,True,No setup,Neutral,0,Not applicable,No directional setup; confirmation score not applicable.,Narrow CPR,Not applicable,Not applicable,Narrow CPR; Wide CPR rules not applied,0,0,0,0
2026-10-01,2026-10-01,CM,NSE,STK,30835,INE600A01035,PILITA,EQ,,,,,PIL ITALICA LIFESTYLE LTD,7.26,7.67,7.26,7.45,7.44,7.52,,7.45,,,19070,140931.85,172,F1,1,,,,,,Cash Only,Unclassified,False,7.46,7.465,7.455,7.465,7.455,0.009999999999999787,0.13422818791946023,Narrow,Bearish,Below CPR,False,True,0.11666666666666667,60,564927.995,Inside,True,Risk Off,True,0.41000000000000003,8.0276,7.9312000000000005,0.0243902439024385,0.24946869556358242,False,False,No setup,Neutral,0,Not applicable,No directional setup; confirmation score not applicable.,Narrow CPR,Not applicable,Not applicable,Narrow CPR; Wide CPR rules not applied,0,0,0,0
2026-10-01,2026-10-01,CM,NSE,STK,756038,INE299N01021,WAAREERTL,EQ,,,,,WAAREE RENEWABLE TECH LTD,819.95,822.85,798.0,808.8,809.95,819.95,,808.78,,,129374,104540623.4,13046,F1,1,,,,,,Cash Only,Unclassified,False,809.8833333333332,810.425,809.3416666666665,810.425,809.3416666666665,1.083333333333485,0.13394329047149914,Narrow,Bearish,Below CPR,False,True,0.25,60,92674397.05000001,Lower,True,Risk Off,True,23.23571428571429,869.4960000000001,926.238,0.04662362947023912,1.1280421208847777,False,False,No setup,Neutral,0,Not applicable,No directional setup; confirmation score not applicable.,Narrow CPR,Not applicable,Not applicable,Narrow CPR; Wide CPR rules not applied,0,0,-2,-2
2026-10-01,2026-10-01,CM,NSE,STK,765130,INE154B01023,MOHITE,EQ,,,,,MOHITE INDUSTRIES LTD.,2.53,2.59,2.4,2.49,2.53,2.52,,2.49,,,63921,157454.76,91,F1,1,,,,,,Cash Only,Unclassified,False,2.4933333333333336,2.495,2.491666666666667,2.495,2.491666666666667,0.0033333333333329662,0.133868808567589,Narrow,Bearish,Below CPR,False,True,0.09090909090909091,33,142098.35,Higher,True,Risk Off,True,0.2307142857142857,,,0.014447884416923074,1.1080688832769698,False,False,No setup,Neutral,0,Not applicable,No directional setup; confirmation score not applicable.,Narrow CPR,Not applicable,Not applicable,Narrow CPR; Wide CPR rules not applied,0,0,0,0
2026-10-01,2026-10-01,CM,NSE,STK,24742,INE0AG901020,CEIGALL,EQ,,,,,CEIGALL INDIA LIMITED,380.85,387.7,374.0,380.1,381.0,382.75,,380.11,,,170053,64710651.4,4650,F1,1,,,,,,Cash Only,Unclassified,False,380.6000000000001,380.85,380.35000000000014,380.85,380.35000000000014,0.4999999999998863,0.13154433043932814,Narrow,Bearish,Below CPR,False,True,0.15,60,111943182.80000001,Overlapping,True,Risk Off,True,13.617857142857142,348.88699999999994,354.295,0.03671649619721169,0.5780669245005601,True,True,No setup,Neutral,0,Not applicable,No directional setup; confirmation score not applicable.,Narrow CPR,Not applicable,Not applicable,Narrow CPR; Wide CPR rules not applied,0,0,0,0
2026-10-01,2026-10-01,CM,NSE,STK,760125,INE0HF201011,FABTECH,EQ,,,,,FABTECH TECHNOLOGIES LTD,145.16,145.16,139.42,142.01,142.02,145.04,,142.02,,,89956,12823905.55,1645,F1,1,,,,,,Cash Only,Unclassified,False,142.19666666666666,142.29,142.10333333333332,142.29,142.10333333333332,0.18666666666666742,0.13144614229044957,Narrow,Bearish,Below CPR,False,True,0.25,60,11809423.88,Lower,True,Risk Off,True,4.067857142857142,147.5828,151.1436,0.04588820602868032,1.0859044167021634,False,False,No setup,Neutral,0,Not applicable,No directional setup; confirmation score not applicable.,Narrow CPR,Not applicable,Not applicable,Narrow CPR; Wide CPR rules not applied,0,0,0,0
2026-10-01,2026-10-01,CM,NSE,STK,11423,INE365B01017,DATAMATICS,EQ,,,,,DATAMATICS GLOBAL SER LTD,805.55,806.0,777.7,790.3,790.5,805.55,,790.3,,,67919,53792156.15,4419,F1,1,,,,,,Cash Only,Unclassified,False,791.3333333333334,791.85,790.8166666666667,791.85,790.8166666666667,1.033333333333303,0.13075203509215527,Narrow,Bearish,Below CPR,False,True,0.16666666666666666,60,56930546.400000006,Lower,True,Risk Off,True,36.846428571428596,807.8029999999999,805.6005,0.028044328131561953,0.9448733509784124,False,False,No setup,Neutral,0,Not applicable,No directional setup; confirmation score not applicable.,Narrow CPR,Not applicable,Not applicable,Narrow CPR; Wide CPR rules not applied,0,0,0,0
2026-10-01,2026-10-01,CM,NSE,STK,3482,INE419D01026,CLSEL,EQ,,,,,CHAMAN LAL SETIA EXP LTD,282.15,290.0,275.0,281.95,284.85,284.15,,281.97,,,66745,18758613.8,2604,F1,1,,,,,,Cash Only,Unclassified,False,282.31666666666666,282.5,282.1333333333333,282.5,282.1333333333333,0.36666666666667425,0.13004669858722265,Narrow,Bearish,Below CPR,False,True,0.15,60,15500557.325,Lower,True,Risk Off,True,10.978571428571419,290.87199999999996,286.411,0.03339839514205233,1.2101896342620702,False,False,No setup,Neutral,0,Not applicable,No directional setup; confirmation score not applicable.,Narrow CPR,Not applicable,Not applicable,Narrow CPR; Wide CPR rules not applied,0,0,0,0
2026-10-01,2026-10-01,CM,NSE,STK,764578,INE058F01019,ALUFLUOR,EQ,,,,,ALUFLUORIDE LTD.,644.0,644.0,626.05,633.8,632.85,632.7,,633.19,,,28012,17711955.55,813,F1,1,,,,,,Cash Only,Unclassified,False,634.6166666666667,635.025,634.2083333333334,635.025,634.2083333333334,0.816666666666606,0.12885242452928464,Narrow,Bearish,Below CPR,False,True,0.06060606060606061,33,3133221.15,Higher,True,Risk Off,True,30.650000000000013,,,0.026644915715060544,5.652954165077049,False,False,No setup,Neutral,0,Not applicable,No directional setup; confirmation score not applicable.,Narrow CPR,Not applicable,Not applicable,Narrow CPR; Wide CPR rules not applied,0,0,0,0
2026-10-01,2026-10-01,CM,NSE,STK,764255,INE11XY01018,CMLL,EQ,,,,,CALIBER MINING AND LOG L,534.5,540.1,508.0,523.05,519.3,532.05,,523.02,,,267921,139742256.45,9445,F1,1,,,,,,Cash Only,Unclassified,False,523.7166666666666,524.05,523.3833333333332,524.05,523.3833333333332,0.6666666666667425,0.12745754070676657,Narrow,Bearish,Below CPR,False,True,0.061224489795918366,49,258662049.3,Lower,True,Risk Off,True,21.14285714285714,,,0.03153153153153512,0.5402503259684798,False,False,No setup,Neutral,0,Not applicable,No directional setup; confirmation score not applicable.,Narrow CPR,Not applicable,Not applicable,Narrow CPR; Wide CPR rules not applied,0,0,0,0
2026-10-01,2026-10-01,CM,NSE,STK,2475,INE213A01029,ONGC,EQ,,,,,OIL AND NATURAL GAS CORP.,224.75,224.99,220.6,222.37,222.37,225.8,,222.37,,,13099985,2917493310.38,124744,F1,1,,,,,,F&O + Cash,Oil Gas & Consumable Fuels,True,222.65333333333334,222.79500000000002,222.51166666666666,222.79500000000002,222.51166666666666,0.28333333333335986,0.1274152688462292,Narrow,Bearish,Below CPR,False,True,0.2833333333333333,60,2603731091.17,Lower,True,Risk Off,False,4.7292857142857185,236.6796,248.02050000000003,0.05991038614509945,1.1205048479368924,False,False,No setup,Neutral,0,Not applicable,No directional setup; confirmation score not applicable.,Narrow CPR,Not applicable,Not applicable,Narrow CPR; Wide CPR rules not applied,0,0,0,0
2026-10-01,2026-10-01,CM,NSE,STK,9354,INE586B01026,TAJGVK,EQ,,,,,TAJ GVK HOTELS & RESORTS,320.45,321.0,310.0,314.9,315.55,320.2,,314.83,,,45698,14374757.45,3024,F1,1,,,,,,Cash Only,Unclassified,False,315.3,315.5,315.1,315.5,315.1,0.39999999999997726,0.12702445220704264,Narrow,Bearish,Below CPR,False,True,0.13333333333333333,60,22140105.5,Lower,True,Risk Off,True,8.749999999999991,342.60699999999997,339.3639999999999,0.04571428571428316,0.6492632769974831,False,False,No setup,Neutral,0,Not applicable,No directional setup; confirmation score not applicable.,Narrow CPR,Not applicable,Not applicable,Narrow CPR; Wide CPR rules not applied,0,0,0,0
2026-10-01,2026-10-01,CM,NSE,STK,1964,INE849A01020,TRENT,EQ,,,,,TRENT LTD,2615.0,2624.0,2545.8,2580.0,2580.0,2621.6,,2587.93,,,896919,2315911783.3,53913,F1,1,,,,,,F&O + Cash,Consumer Services,True,2583.266666666667,2584.9,2581.6333333333337,2584.9,2581.6333333333337,3.266666666666424,0.12661498708009397,Narrow,Bearish,Below CPR,False,True,0.25,60,2071083705.85,Lower,True,Risk Off,True,62.657142857142844,2877.844,3125.087,0.052135582915332816,1.1182125458080023,False,False,No setup,Neutral,0,Not applicable,No directional setup; confirmation score not applicable.,Narrow CPR,Not applicable,Not applicable,Narrow CPR; Wide CPR rules not applied,0,0,0,0
2026-10-01,2026-10-01,CM,NSE,STK,15179,INE738I01010,ECLERX,EQ,,,,,ECLERX SERVICES LTD,1811.9,1829.8,1782.8,1802.9,1803.1,1819.9,,1802.9,,,106573,192216120.7,19758,F1,1,,,,,,Cash Only,Services,True,1805.1666666666667,1806.3,1804.0333333333335,1806.3,1804.0333333333335,2.266666666666424,0.12572337160499328,Narrow,Bearish,Below CPR,False,True,0.13333333333333333,60,364543749.75,Lower,True,Risk Off,True,68.11428571428573,1884.7020000000002,1703.019,0.03327740492169665,0.5272786073875074,False,True,No setup,Neutral,0,Not applicable,No directional setup; confirmation score not applicable.,Narrow CPR,Not applicable,Not applicable,Narrow CPR; Wide CPR rules not applied,0,0,0,0
2026-10-01,2026-10-01,CM,NSE,STK,4105,INE923A01015,SILINV,EQ,,,,,SIL INVESTMENTS LIMITED,430.0,439.7,411.0,424.55,424.0,431.45,,424.55,,,1793,760411.65,100,F1,1,,,,,,Cash Only,Unclassified,False,425.0833333333333,425.35,424.8166666666666,425.35,424.8166666666666,0.5333333333334167,0.12562320888786166,Narrow,Bearish,Below CPR,False,True,0.1,60,689275.0,Lower,True,Risk Off,True,21.332142857142852,447.666,436.915,0.02500139516714494,1.1032050342751443,False,False,No setup,Neutral,0,Not applicable,No directional setup; confirmation score not applicable.,Narrow CPR,Not applicable,Not applicable,Narrow CPR; Wide CPR rules not applied,0,0,0,0
2026-10-01,2026-10-01,CM,NSE,STK,19235,INE919H01018,IMFA,EQ,,,,,INDIAN METALS & FERRO,1190.9,1210.0,1148.0,1176.8,1189.0,1190.9,,1176.74,,,141199,165412773.6,11801,F1,1,,,,,,Cash Only,Unclassified,False,1178.2666666666667,1179.0,1177.5333333333333,1179.0,1177.5333333333333,1.466666666666697,0.12463176977113334,Narrow,Bearish,Below CPR,False,True,0.2,60,128922083.15,Lower,True,Risk Off,True,41.414285714285725,1342.9,1376.7279999999998,0.03541451075083434,1.2830445301410722,False,False,No setup,Neutral,0,Not applicable,No directional setup; confirmation score not applicable.,Narrow CPR,Not applicable,Not applicable,Narrow CPR; Wide CPR rules not applied,0,0,0,0
2026-10-01,2026-10-01,CM,NSE,STK,8546,INE427F01016,CHALET,EQ,,,,,CHALET HOTELS LIMITED,845.0,845.6,818.0,830.25,834.9,845.2,,830.25,,,142586,118627180.35,20356,F1,1,,,,,,Cash Only,Consumer Services,True,831.2833333333333,831.8,830.7666666666667,831.8,830.7666666666667,1.033333333333303,0.12446050386429426,Narrow,Bearish,Below CPR,False,True,0.16666666666666666,60,90581804.7,Lower,True,Risk Off,True,30.139285714285716,859.1519999999999,829.3565,0.034285262866847355,1.3096137877014498,False,True,No setup,Neutral,0,Not applicable,No directional setup; confirmation score not applicable.,Narrow CPR,Not applicable,Not applicable,Narrow CPR; Wide CPR rules not applied,0,0,0,0
2026-10-01,2026-10-01,CM,NSE,STK,25718,INE205C01021,POLYMED,EQ,,,,,POLY MEDICURE LIMITED,1662.1,1662.2,1620.1,1638.1,1642.0,1673.8,,1638.12,,,91694,149855371.4,12582,F1,1,,,,,,Cash Only,Healthcare,True,1640.1333333333332,1641.15,1639.1166666666663,1641.15,1639.1166666666663,2.0333333333337578,0.12412754614088016,Narrow,Bearish,Below CPR,False,True,0.18333333333333332,60,173434623.0,Lower,True,Risk Off,True,46.985714285714316,1723.364,1642.816,0.043275565014704455,0.8640453031111326,False,False,No setup,Neutral,0,Not applicable,No directional setup; confirmation score not applicable.,Narrow CPR,Not applicable,Not applicable,Narrow CPR; Wide CPR rules not applied,0,0,0,0
2026-10-01,2026-10-01,CM,NSE,STK,17477,INE663B01015,CONTROLPR,EQ,,,,,CONTROL PRINT LIMITED,608.0,638.75,599.55,618.0,617.5,607.35,,617.97,,,55775,34373723.6,4163,F1,1,,,,,,Cash Only,Unclassified,False,618.7666666666667,619.15,618.3833333333333,619.15,618.3833333333333,0.7666666666666515,0.12405609492987887,Narrow,Bearish,Below CPR,False,True,0.11666666666666667,60,12888633.25,Higher,True,Risk Off,True,18.992857142857158,587.1429999999999,609.5465,0.04036605240065105,2.6669797280483563,True,True,No setup,Neutral,0,Not applicable,No directional setup; confirmation score not applicable.,Narrow CPR,Not applicable,Not applicable,Narrow CPR; Wide CPR rules not applied,0,0,0,0
2026-10-01,2026-10-01,CM,NSE,STK,22,INE012A01025,ACC,EQ,,,,,ACC LIMITED,1201.1,1203.9,1166.1,1182.8,1181.0,1204.1,,1182.84,,,146983,174370315.9,16352,F1,1,,,,,,Cash Only,Construction Materials,True,1184.2666666666667,1185.0,1183.5333333333333,1185.0,1183.5333333333333,1.466666666666697,0.12399954909255131,Narrow,Bearish,Below CPR,False,True,0.2,60,166938528.4,Lower,True,Risk Off,True,27.078571428571472,1295.066,1327.075,0.05416336938362892,1.0445181083793476,False,False,No setup,Neutral,0,Not applicable,No directional setup; confirmation score not applicable.,Narrow CPR,Not applicable,Not applicable,Narrow CPR; Wide CPR rules not applied,0,0,0,0
2026-10-01,2026-10-01,CM,NSE,STK,9741,INE088F01024,PARADEEP,EQ,,,,,PARADEEP PHOSPHATES LTD,154.45,154.5,148.5,151.22,151.0,154.28,,151.22,,,1745429,264302407.94,25642,F1,1,,,,,,Cash Only,Chemicals,True,151.40666666666667,151.5,151.31333333333333,151.5,151.31333333333333,0.18666666666666742,0.12344046202001549,Narrow,Bearish,Below CPR,False,True,0.18333333333333332,60,406040713.17499995,Lower,True,Risk Off,True,4.6207142857142856,151.828,142.0865,0.04039779461019236,0.6509258785241272,False,True,No setup,Neutral,0,Not applicable,No directional setup; confirmation score not applicable.,Narrow CPR,Not applicable,Not applicable,Narrow CPR; Wide CPR rules not applied,0,0,-2,-2
2026-10-01,2026-10-01,CM,NSE,STK,5948,INE683A01023,SOUTHBANK,EQ,,,,,THE SOUTH INDIAN BANK LTD,47.89,48.25,46.8,47.44,47.5,48.24,,47.44,,,12229088,581812990.48,36709,F1,1,,,,,,Cash Only,Unclassified,False,47.49666666666667,47.525,47.46833333333334,47.525,47.46833333333334,0.05666666666665776,0.11944912872398347,Narrow,Bearish,Below CPR,False,True,0.16666666666666666,60,420701682.21000004,Lower,True,Risk Off,True,1.687142857142858,46.4912,45.331399999999995,0.03358735534856936,1.3829585549163046,True,True,No setup,Neutral,0,Not applicable,No directional setup; confirmation score not applicable.,Narrow CPR,Not applicable,Not applicable,Narrow CPR; Wide CPR rules not applied,0,0,0,0
2026-10-01,2026-10-01,CM,NSE,STK,694,INE059A01026,CIPLA,EQ,,,,,CIPLA LTD,1349.1,1359.4,1333.4,1344.0,1344.0,1346.0,,1344.02,,,921789,1239481979.5,64602,F1,1,,,,,,F&O + Cash,Healthcare,True,1345.6000000000001,1346.4,1344.8000000000002,1346.4,1344.8000000000002,1.599999999999909,0.11904761904761227,Narrow,Bearish,Below CPR,False,True,0.23333333333333334,60,1238073041.0,Lower,True,Risk Off,True,27.635714285714293,1415.194,1413.011,0.05789609718273125,1.0011380091911717,False,False,No setup,Neutral,0,Not applicable,No directional setup; confirmation score not applicable.,Narrow CPR,Not applicable,Not applicable,Narrow CPR; Wide CPR rules not applied,0,0,0,0
2026-10-01,2026-10-01,CM,NSE,STK,11840,INE410P01011,NH,EQ,,,,,NARAYANA HRUDAYALAYA LTD.,1774.9,1774.9,1714.1,1741.4,1744.0,1791.4,,1741.45,,,258740,449498331.4,32440,F1,1,,,,,,Cash Only,Healthcare,True,1743.4666666666665,1744.5,1742.433333333333,1744.5,1742.433333333333,2.066666666667061,0.11867845794573681,Narrow,Bearish,Below CPR,False,True,0.21666666666666667,60,395129761.70000005,Lower,True,Risk Off,True,58.15714285714292,1891.106,1912.594,0.035535904364208816,1.1375967466132784,False,False,No setup,Neutral,0,Not applicable,No directional setup; confirmation score not applicable.,Narrow CPR,Not applicable,Not applicable,Narrow CPR; Wide CPR rules not applied,0,0,0,0
2026-10-01,2026-10-01,CM,NSE,STK,1675,INE248A01017,ITI,EQ,,,,,ITI LTD,244.8,245.8,238.13,241.54,241.7,246.4,,241.52,,,157624,38158678.59,6364,F1,1,,,,,,Cash Only,Telecommunication,True,241.82333333333335,241.965,241.6816666666667,241.965,241.6816666666667,0.283333333333303,0.11730286218982489,Narrow,Bearish,Below CPR,False,True,0.15,60,46681813.599999994,Lower,True,Risk Off,True,7.590714285714283,269.8688,282.2904,0.03732630720491431,0.8174206537254158,False,False,No setup,Neutral,0,Not applicable,No directional setup; confirmation score not applicable.,Narrow CPR,Not applicable,Not applicable,Narrow CPR; Wide CPR rules not applied,0,0,0,0
2026-10-01,2026-10-01,CM,NSE,STK,1797,INE01BK01022,AWHCL,EQ,,,,,ANTONY WASTE HDG CELL LTD,364.55,365.05,347.0,355.4,352.5,364.55,,355.4,,,92442,32698551.6,4492,F1,1,,,,,,Cash Only,Unclassified,False,355.8166666666666,356.025,355.60833333333323,356.025,355.60833333333323,0.41666666666674246,0.11723879197150885,Narrow,Bearish,Below CPR,False,True,0.16666666666666666,60,29465927.125,Lower,True,Risk Off,True,18.41428571428571,389.3910000000001,425.6525,0.022627359710373916,1.1097072038930458,False,False,No setup,Neutral,0,Not applicable,No directional setup; confirmation score not applicable.,Narrow CPR,Not applicable,Not applicable,Narrow CPR; Wide CPR rules not applied,0,0,-2,-2
2026-10-01,2026-10-01,CM,NSE,STK,263,INE100A01010,ATUL,EQ,,,,,ATUL LTD,5910.0,5944.5,5798.0,5861.0,5869.5,5915.5,,5860.79,,,22403,131539854.0,7851,F1,1,,,,,,Cash Only,Chemicals,True,5867.833333333333,5871.25,5864.416666666666,5871.25,5864.416666666666,6.83333333333394,0.11658988795997167,Narrow,Bearish,Below CPR,False,True,0.13333333333333333,60,200119618.25,Lower,True,Risk Off,True,137.14285714285714,6446.95,6518.04,0.04982638888889331,0.6573061409485275,False,False,No setup,Neutral,0,Not applicable,No directional setup; confirmation score not applicable.,Narrow CPR,Not applicable,Not applicable,Narrow CPR; Wide CPR rules not applied,0,0,0,0
2026-10-01,2026-10-01,CM,NSE,STK,11782,INE128A01029,EVEREADY,EQ,,,,,EVEREADY INDS. IND.  LTD.,322.35,322.8,310.0,315.85,317.0,323.2,,315.86,,,60239,19066057.6,2904,F1,1,,,,,,Cash Only,Unclassified,False,316.21666666666664,316.4,316.0333333333333,316.4,316.0333333333333,0.36666666666667425,0.11608886074613717,Narrow,Bearish,Below CPR,False,True,0.11666666666666667,60,29551419.95,Lower,True,Risk Off,True,12.02857142857143,341.96100000000007,342.1585,0.03048297703879714,0.6451824525609641,False,False,No setup,Neutral,0,Not applicable,No directional setup; confirmation score not applicable.,Narrow CPR,Not applicable,Not applicable,Narrow CPR; Wide CPR rules not applied,0,0,0,0
2026-10-01,2026-10-01,CM,NSE,STK,17738,INE0JO301016,YATHARTH,EQ,,,,,YATHARTH HOSP & TRA C S L,1012.0,1059.0,1012.0,1033.7,1035.0,1032.5,,1033.74,,,508885,526899167.1,39561,F1,1,,,,,,Cash Only,Unclassified,False,1034.8999999999999,1035.5,1034.2999999999997,1035.5,1034.2999999999997,1.2000000000002728,0.11608783979880748,Narrow,Bearish,Below CPR,False,True,0.11666666666666667,60,243278672.175,Lower,True,Risk Off,True,50.82857142857141,947.3429999999998,890.6659999999999,0.023608768971337585,2.1658255628795136,True,True,No setup,Neutral,0,Not applicable,No directional setup; confirmation score not applicable.,Narrow CPR,Not applicable,Not applicable,Narrow CPR; Wide CPR rules not applied,0,0,0,0
2026-10-01,2026-10-01,CM,NSE,STK,3579,INE351A01035,UNICHEMLAB,EQ,,,,,UNICHEM LABORATORIES LTD,542.5,548.9,523.05,535.05,532.0,545.5,,535.08,,,102131,54820489.1,6545,F1,1,,,,,,Cash Only,Unclassified,False,535.6666666666666,535.9749999999999,535.3583333333333,535.9749999999999,535.3583333333333,0.6166666666665606,0.11525402610345961,Narrow,Bearish,Below CPR,False,True,0.15,60,51265678.575,Lower,True,Risk Off,True,32.59642857142858,535.768,492.17,0.018918227968295925,1.0693409435671357,False,True,No setup,Neutral,0,Not applicable,No directional setup; confirmation score not applicable.,Narrow CPR,Not applicable,Not applicable,Narrow CPR; Wide CPR rules not applied,0,0,0,0
2026-10-01,2026-10-01,CM,NSE,STK,14937,INE536H01010,CIEINDIA,EQ,,,,,CIE AUTOMOTIVE INDIA LTD,383.15,383.15,370.85,376.35,375.05,386.3,,376.38,,,259700,97656930.5,20192,F1,1,,,,,,Cash Only,Automobile and Auto Components,True,376.7833333333333,377.0,376.5666666666666,377.0,376.5666666666666,0.43333333333339397,0.11514104778355093,Narrow,Bearish,Below CPR,False,True,0.18333333333333332,60,101502859.8,Lower,True,Risk Off,True,11.653571428571427,397.15299999999996,428.403,0.03718459495352446,0.9621101384968072,False,False,No setup,Neutral,0,Not applicable,No directional setup; confirmation score not applicable.,Narrow CPR,Not applicable,Not applicable,Narrow CPR; Wide CPR rules not applied,0,0,0,0
2026-10-01,2026-10-01,CM,NSE,STK,15049,INE306C01019,ENERGYDEV,EQ,,,,,ENERGY DEVE. CO.LTD,14.99,14.99,14.1,14.52,14.5,14.39,,14.52,,,10986,158145.8,201,F1,1,,,,,,Cash Only,Unclassified,False,14.536666666666667,14.545,14.528333333333334,14.545,14.528333333333334,0.01666666666666572,0.11478420569329006,Narrow,Bearish,Below CPR,False,True,0.06666666666666667,60,337982.25,Overlapping,True,Risk Off,True,0.6821428571428575,15.827399999999997,16.316000000000003,0.024432809773122507,0.4679115545269019,False,False,No setup,Neutral,0,Not applicable,No directional setup; confirmation score not applicable.,Narrow CPR,Not applicable,Not applicable,Narrow CPR; Wide CPR rules not applied,0,0,0,0
2026-10-01,2026-10-01,CM,NSE,STK,10453,INE836B01017,SATIN,EQ,,,,,SATIN CREDIT NET LTD,230.01,231.62,224.1,227.47,227.73,232.2,,227.47,,,233798,53164748.68,4691,F1,1,,,,,,Cash Only,Unclassified,False,227.73000000000002,227.86,227.60000000000002,227.86,227.60000000000002,0.2599999999999909,0.11430078691695209,Narrow,Bearish,Below CPR,False,True,0.18333333333333332,60,67788675.63499999,Lower,True,Risk Off,True,7.95642857142857,229.17100000000002,233.7056,0.03267797827452979,0.7842718298002933,False,False,No setup,Neutral,0,Not applicable,No directional setup; confirmation score not applicable.,Narrow CPR,Not applicable,Not applicable,Narrow CPR; Wide CPR rules not applied,0,0,0,0
2026-10-01,2026-10-01,CM,NSE,STK,1196,INE531A01024,KANSAINER,EQ,,,,,KANSAI NEROLAC PAINTS LTD,178.0,178.0,173.13,175.27,174.26,177.99,,175.27,,,242728,42461324.7,8706,F1,1,,,,,,Cash Only,Unclassified,False,175.46666666666667,175.565,175.36833333333334,175.565,175.36833333333334,0.19666666666665833,0.1122078317262842,Narrow,Bearish,Below CPR,False,True,0.2,60,35664088.815,Lower,True,Risk Off,True,4.883571428571433,195.393,203.38029999999998,0.040271074057820884,1.1905904822147355,False,False,No setup,Neutral,0,Not applicable,No directional setup; confirmation score not applicable.,Narrow CPR,Not applicable,Not applicable,Narrow CPR; Wide CPR rules not applied,0,0,0,0
2026-10-01,2026-10-01,CM,NSE,STK,2277,INE883A01011,MRF,EQ,,,,,MRF LTD,125100.0,125100.0,122745.0,123715.0,123525.0,125280.0,,123574.85,,,3448,425924530.0,2584,F1,1,,,,,,Cash Only,Automobile and Auto Components,True,123853.33333333333,123922.5,123784.16666666666,123922.5,123784.16666666666,138.33333333334303,0.11181613655041267,Narrow,Bearish,Below CPR,False,True,0.31666666666666665,60,456934140.0,Lower,True,Risk Off,False,1858.5714285714287,130217.9,129467.8,0.0744299256981861,0.9321354933120121,False,False,No setup,Neutral,0,Not applicable,No directional setup; confirmation score not applicable.,Narrow CPR,Not applicable,Not applicable,Narrow CPR; Wide CPR rules not applied,0,0,0,0
2026-10-01,2026-10-01,CM,NSE,STK,21501,INE285J01028,SIS,EQ,,,,,SIS LIMITED,419.1,419.85,407.2,412.85,413.6,419.1,,412.86,,,85848,35405331.85,8828,F1,1,,,,,,Cash Only,Unclassified,False,413.3,413.525,413.07500000000005,413.525,413.07500000000005,0.4499999999999318,0.10899842557828068,Narrow,Bearish,Below CPR,False,True,0.16666666666666666,60,75615053.44999999,Lower,True,Risk Off,True,15.610714285714286,424.58299999999997,421.35650000000004,0.028826355525047104,0.4682312612978786,False,False,No setup,Neutral,0,Not applicable,No directional setup; confirmation score not applicable.,Narrow CPR,Not applicable,Not applicable,Narrow CPR; Wide CPR rules not applied,0,0,0,0
2026-10-01,2026-10-01,CM,NSE,STK,759747,INE719F01016,SHIVAUM,EQ,,,,,SHIV AUM STEELS LIMITED,559.5,559.5,551.5,554.6,551.5,557.15,,554.6,,,2431,1351299.8,135,F1,1,,,,,,Cash Only,Unclassified,False,555.1999999999999,555.5,554.8999999999999,555.5,554.8999999999999,0.6000000000001364,0.10818608005772384,Narrow,Bearish,Below CPR,False,True,0.1,60,1605955.625,Overlapping,True,Risk Off,True,15.13571428571428,456.426,413.972,0.03964134025484621,0.8414303477407727,True,True,No setup,Neutral,0,Not applicable,No directional setup; confirmation score not applicable.,Narrow CPR,Not applicable,Not applicable,Narrow CPR; Wide CPR rules not applied,0,0,0,0
2026-10-01,2026-10-01,CM,NSE,STK,758460,INE718I01012,JSWCEMENT,EQ,,,,,JSW CEMENT LIMITED,113.92,113.94,109.62,111.6,111.17,113.38,,111.59,,,1956465,217942803.99,32572,F1,1,,,,,,Cash Only,Construction Materials,True,111.71999999999998,111.78,111.65999999999997,111.78,111.65999999999997,0.12000000000003297,0.10752688172045967,Narrow,Bearish,Below CPR,False,True,0.25,60,163672766.685,Lower,True,Risk Off,True,2.6649999999999983,124.70039999999999,128.02700000000002,0.0450281425891306,1.3315764644551198,False,False,No setup,Neutral,0,Not applicable,No directional setup; confirmation score not applicable.,Narrow CPR,Not applicable,Not applicable,Narrow CPR; Wide CPR rules not applied,0,0,0,0
2026-10-01,2026-10-01,CM,NSE,STK,13121,INE202H01019,KERNEX,EQ,,,,,KERNEX MICROSYS(I) LTD,1684.0,1691.8,1600.5,1643.5,1639.3,1686.0,,1643.52,,,158148,259701326.7,15110,F1,1,,,,,,Cash Only,Unclassified,False,1645.2666666666667,1646.15,1644.3833333333332,1646.15,1644.3833333333332,1.7666666666668789,0.10749416894839543,Narrow,Bearish,Below CPR,False,True,0.05,60,345824652.55,Lower,True,Risk Off,True,74.02142857142859,1942.2879999999998,1921.1779999999999,0.023866962591273088,0.7509624452306848,False,False,No setup,Neutral,0,Not applicable,No directional setup; confirmation score not applicable.,Narrow CPR,Not applicable,Not applicable,Narrow CPR; Wide CPR rules not applied,0,0,-2,-2
2026-10-01,2026-10-01,CM,NSE,STK,15239,INE865C01022,BIRLAMONEY,EQ,,,,,ADITYA BIRLA MONEY LTD,114.78,115.9,110.1,112.82,111.73,114.78,,112.68,,,31523,3533308.85,1208,F1,1,,,,,,Cash Only,Unclassified,False,112.94,113.0,112.88,113.0,112.88,0.12000000000000455,0.10636411983691238,Narrow,Bearish,Below CPR,False,True,0.11666666666666667,60,4488055.48,Lower,True,Risk Off,True,4.17857142857143,126.4192,132.9556,0.028717948717949797,0.7872694234163076,False,False,No setup,Neutral,0,Not applicable,No directional setup; confirmation score not applicable.,Narrow CPR,Not applicable,Not applicable,Narrow CPR; Wide CPR rules not applied,0,0,0,0
2026-10-01,2026-10-01,CM,NSE,STK,2268,INE861B01023,MOTOGENFIN,EQ,,,,,MOTOR & GENERAL FINANCE L,25.95,25.98,24.26,25.08,24.26,25.5,,25.17,,,93418,2346699.01,369,F1,1,,,,,,Cash Only,Unclassified,False,25.106666666666666,25.12,25.09333333333333,25.12,25.09333333333333,0.026666666666670835,0.10632642211591242,Narrow,Bearish,Below CPR,False,True,0.06666666666666667,60,629196.4450000001,Lower,True,Risk Off,True,1.4871428571428573,25.4822,23.324699999999996,0.01793147614473543,3.7296762062919786,False,True,No setup,Neutral,0,Not applicable,No directional setup; confirmation score not applicable.,Narrow CPR,Not applicable,Not applicable,Narrow CPR; Wide CPR rules not applied,0,0,0,0
2026-10-01,2026-10-01,CM,NSE,STK,2289,INE461D01028,HLEGLAS,EQ,,,,,HLE GLASCOAT LIMITED,448.45,455.45,430.05,442.05,444.65,439.4,,442.03,,,219734,96806529.15,7690,F1,1,,,,,,Cash Only,Unclassified,False,442.51666666666665,442.75,442.2833333333333,442.75,442.2833333333333,0.466666666666697,0.10556875164951861,Narrow,Bearish,Below CPR,False,True,0.06666666666666667,60,88902602.85,Inside,True,Risk Off,True,31.510714285714283,383.519,378.198,0.014809777475538384,1.0889054543581342,True,True,No setup,Neutral,0,Not applicable,No directional setup; confirmation score not applicable.,Narrow CPR,Not applicable,Not applicable,Narrow CPR; Wide CPR rules not applied,0,0,0,0
2026-10-01,2026-10-01,CM,NSE,STK,17903,INE358A01014,ABBOTINDIA,EQ,,,,,ABBOTT INDIA LIMITED,27145.0,27330.0,26435.0,26840.0,26850.0,27125.0,,26839.73,,,6879,184706115.0,4820,F1,1,,,,,,Cash Only,Healthcare,True,26868.333333333332,26882.5,26854.166666666664,26882.5,26854.166666666664,28.33333333333576,0.10556383507204083,Narrow,Bearish,Below CPR,False,True,0.2,60,207897967.5,Lower,True,Risk Off,True,677.1428571428571,26862.7,26829.45,0.04184247538678277,0.8884459873327044,False,True,No setup,Neutral,0,Not applicable,No directional setup; confirmation score not applicable.,Narrow CPR,Not applicable,Not applicable,Narrow CPR; Wide CPR rules not applied,0,0,0,0
2026-10-01,2026-10-01,CM,NSE,STK,526,INE029A01011,BPCL,EQ,,,,,BHARAT PETROLEUM CORP  LT,302.0,305.05,297.1,300.6,300.6,303.2,,300.6,,,5618518,1693667158.55,46679,F1,1,,,,,,F&O + Cash,Oil Gas & Consumable Fuels,True,300.9166666666667,301.07500000000005,300.7583333333333,301.07500000000005,300.7583333333333,0.3166666666667197,0.1053448658239254,Narrow,Bearish,Below CPR,False,True,0.18333333333333332,60,1605679833.225,Lower,True,Risk Off,True,7.167857142857132,313.435,308.096,0.04417870785584537,1.0547975527277302,False,False,No setup,Neutral,0,Not applicable,No directional setup; confirmation score not applicable.,Narrow CPR,Not applicable,Not applicable,Narrow CPR; Wide CPR rules not applied,0,0,0,0
2026-10-01,2026-10-01,CM,NSE,STK,765220,INE222F01029,VTMLTD,EQ,,,,,V T M LTD.,39.26,39.85,36.57,38.15,38.99,38.88,,38.16,,,102484,3872338.55,3418,F1,1,,,,,,Cash Only,Unclassified,False,38.19,38.21,38.169999999999995,38.21,38.169999999999995,0.04000000000000625,0.10484927916122215,Narrow,Bearish,Below CPR,False,True,0.030303030303030304,33,2625053.48,Lower,True,Risk Off,True,4.767142857142858,,,0.008390770152833196,1.4751465368240801,False,False,No setup,Neutral,0,Not applicable,No directional setup; confirmation score not applicable.,Narrow CPR,Not applicable,Not applicable,Narrow CPR; Wide CPR rules not applied,0,0,0,0
2026-10-01,2026-10-01,CM,NSE,STK,3045,INE062A01020,SBIN,EQ,,,,,STATE BANK OF INDIA,953.1,965.4,945.8,954.1,954.1,959.5,,954.06,,,7390452,7067904719.9,135033,F1,1,,,,,,F&O + Cash,Financial Services,True,955.0999999999999,955.5999999999999,954.5999999999999,955.5999999999999,954.5999999999999,1.0,0.10481081647626034,Narrow,Bearish,Below CPR,False,True,0.2,60,8509608196.95,Lower,True,Risk Off,True,16.98571428571429,1024.1940000000002,1014.765,0.05887300252312866,0.8305793353016261,False,False,No setup,Neutral,0,Not applicable,No directional setup; confirmation score not applicable.,Narrow CPR,Not applicable,Not applicable,Narrow CPR; Wide CPR rules not applied,0,0,0,0
2026-10-01,2026-10-01,CM,NSE,STK,8119,INE425Y01011,RPSGVENT,EQ,,,,,RPSG VENTURES LIMITED,846.25,846.25,816.05,829.85,836.0,850.5,,829.84,,,19862,16566015.3,1078,F1,1,,,,,,Cash Only,Unclassified,False,830.7166666666667,831.15,830.2833333333334,831.15,830.2833333333334,0.8666666666665606,0.10443654475707183,Narrow,Bearish,Below CPR,False,True,0.18333333333333332,60,18441585.924999997,Lower,True,Risk Off,True,25.485714285714298,870.8470000000001,885.5695,0.03400597907323947,0.8982966740155783,False,False,No setup,Neutral,0,Not applicable,No directional setup; confirmation score not applicable.,Narrow CPR,Not applicable,Not applicable,Narrow CPR; Wide CPR rules not applied,0,0,0,0
2026-10-01,2026-10-01,CM,NSE,STK,17603,INE215D01010,MAHEPC,EQ,,,,,MAHINDRA EPC IRRIG LTD,97.07,97.9,95.0,96.3,95.8,96.74,,96.3,,,13455,1300088.05,314,F1,1,,,,,,Cash Only,Unclassified,False,96.39999999999999,96.45,96.34999999999998,96.45,96.34999999999998,0.10000000000002274,0.10384215991694988,Narrow,Bearish,Below CPR,False,True,0.21666666666666667,60,2038020.3900000001,Lower,True,Risk Off,True,3.208571428571431,104.17360000000001,110.1614,0.031166518254682044,0.6379170965998039,False,False,No setup,Neutral,0,Not applicable,No directional setup; confirmation score not applicable.,Narrow CPR,Not applicable,Not applicable,Narrow CPR; Wide CPR rules not applied,0,0,0,0
2026-10-01,2026-10-01,CM,NSE,STK,15409,INE317F01035,NESCO,EQ,,,,,NESCO LTD.,1032.3,1042.0,1017.6,1028.2,1025.0,1046.9,,1028.2,,,38262,39350377.2,6028,F1,1,,,,,,Cash Only,Unclassified,False,1029.2666666666667,1029.8,1028.7333333333333,1029.8,1028.7333333333333,1.066666666666606,0.10374116579134468,Narrow,Bearish,Below CPR,False,True,0.15,60,35869384.55,Lower,True,Risk Off,True,35.178571428571466,1056.882,1098.2959999999998,0.03032148900169029,1.0970463444988214,False,False,No setup,Neutral,0,Not applicable,No directional setup; confirmation score not applicable.,Narrow CPR,Not applicable,Not applicable,Narrow CPR; Wide CPR rules not applied,0,0,0,0
2026-10-01,2026-10-01,CM,NSE,STK,18883,INE002L01015,SJVN,EQ,,,,,SJVN LTD,59.25,59.27,56.73,57.91,57.9,59.32,,57.91,,,4376261,252886330.66,41218,F1,1,,,,,,Cash Only,Power,True,57.97,58.0,57.94,58.0,57.94,0.060000000000002274,0.103609048523575,Narrow,Bearish,Below CPR,False,True,0.2,60,110092255.845,Lower,True,Risk Off,True,1.4664285714285714,65.61359999999999,69.1072,0.04091573307355245,2.2970401389180473,False,False,No setup,Neutral,0,Not applicable,No directional setup; confirmation score not applicable.,Narrow CPR,Not applicable,Not applicable,Narrow CPR; Wide CPR rules not applied,0,0,0,0
2026-10-01,2026-10-01,CM,NSE,STK,762538,INE701G01012,AKCAPIT,EQ,,,,,A K CAPITAL SERVICES LTD.,1757.9,1757.9,1675.6,1714.1,1693.3,1706.3,,1709.55,,,660,1129452.4,131,F1,1,,,,,,Cash Only,Unclassified,False,1715.8666666666668,1716.75,1714.9833333333336,1716.75,1714.9833333333336,1.7666666666664241,0.10306672111699575,Narrow,Bearish,Below CPR,False,True,0.13333333333333333,60,2846013.0999999996,Inside,True,Risk Off,True,45.93571428571431,1731.022,1724.2620000000002,0.03845954491265732,0.39685425200607827,False,False,No setup,Neutral,0,Not applicable,No directional setup; confirmation score not applicable.,Narrow CPR,Not applicable,Not applicable,Narrow CPR; Wide CPR rules not applied,0,0,-2,-2
2026-10-01,2026-10-01,CM,NSE,STK,28714,INE454P01035,TRANSRAILL,EQ,,,,,TRANSRAIL LIGHTING LTD,479.0,488.4,462.85,474.9,470.2,476.4,,474.94,,,1761167,839822111.6,54520,F1,1,,,,,,Cash Only,Unclassified,False,475.3833333333334,475.625,475.14166666666677,475.625,475.14166666666677,0.4833333333332348,0.10177581245172347,Narrow,Bearish,Below CPR,False,True,0.1,60,149802543.60000002,Overlapping,True,Risk Off,True,23.66071428571428,458.0,479.9985,0.020427672955970682,5.606193936482664,True,False,No setup,Neutral,0,Not applicable,No directional setup; confirmation score not applicable.,Narrow CPR,Not applicable,Not applicable,Narrow CPR; Wide CPR rules not applied,0,0,0,0
2026-10-01,2026-10-01,CM,NSE,STK,3384,INE277A01016,SWARAJENG,EQ,,,,,SWARAJ ENGINES LTD,3536.5,3588.8,3507.3,3542.7,3545.0,3546.2,,3542.72,,,11335,40172253.7,3170,F1,1,,,,,,Cash Only,Unclassified,False,3546.2666666666664,3548.05,3544.4833333333327,3548.05,3544.4833333333327,3.5666666666675155,0.10067650850107306,Narrow,Bearish,Below CPR,False,True,0.3333333333333333,60,23619523.6,Overlapping,True,Risk Off,False,59.557142857142836,3579.112,3688.614,0.059886463580409256,1.7008071111137906,False,False,No setup,Neutral,0,Not applicable,No directional setup; confirmation score not applicable.,Narrow CPR,Not applicable,Not applicable,Narrow CPR; Wide CPR rules not applied,0,0,0,0
2026-10-01,2026-10-01,CM,NSE,STK,27176,INE0ONG01011,NTPCGREEN,EQ,,,,,NTPC GREEN ENERGY LIMITED,93.4,93.4,89.05,91.09,91.24,93.37,,91.09,,,2099127,190854349.15,29699,F1,1,,,,,,Cash Only,Power,True,91.17999999999999,91.225,91.13499999999999,91.225,91.13499999999999,0.09000000000000341,0.0988033812712739,Narrow,Bearish,Below CPR,False,True,0.26666666666666666,60,210467740.4,Lower,True,Risk Off,False,2.6678571428571445,91.06020000000001,94.858,0.0337349397590374,0.9068104631487743,True,False,No setup,Neutral,0,Not applicable,No directional setup; confirmation score not applicable.,Narrow CPR,Not applicable,Not applicable,Narrow CPR; Wide CPR rules not applied,0,0,0,0
2026-10-01,2026-10-01,CM,NSE,STK,14672,INE048G01026,NAVINFLUOR,EQ,,,,,NAVIN FLUORINE INT. LTD,8197.5,8262.0,8035.0,8136.5,8138.0,8245.0,,8136.29,,,94936,773480441.0,21363,F1,1,,,,,,Cash Only,Chemicals,True,8144.5,8148.5,8140.5,8148.5,8140.5,8.0,0.09832237448534381,Narrow,Bearish,Below CPR,False,True,0.11666666666666667,60,956825228.25,Lower,True,Risk Off,True,233.14285714285714,8244.7,7796.055,0.03431372549019608,0.808382156075325,False,True,No setup,Neutral,0,Not applicable,No directional setup; confirmation score not applicable.,Narrow CPR,Not applicable,Not applicable,Narrow CPR; Wide CPR rules not applied,0,0,0,0
2026-10-01,2026-10-01,CM,NSE,STK,15234,INE540G01014,AMBIKCO,EQ,,,,,AMBIKA COTTON MILL LTD.,1525.0,1525.0,1491.0,1505.8,1515.6,1520.6,,1505.8,,,7854,11822921.1,808,F1,1,,,,,,Cash Only,Unclassified,False,1507.2666666666667,1508.0,1506.5333333333333,1508.0,1506.5333333333333,1.466666666666697,0.09740115995927062,Narrow,Bearish,Below CPR,False,True,0.15,60,13685398.0,Lower,True,Risk Off,True,38.60714285714289,1641.07,1652.021,0.03798951588035845,0.8639077285147279,False,False,No setup,Neutral,0,Not applicable,No directional setup; confirmation score not applicable.,Narrow CPR,Not applicable,Not applicable,Narrow CPR; Wide CPR rules not applied,0,0,0,0
2026-10-01,2026-10-01,CM,NSE,STK,18049,INE110B01017,MINDTECK,EQ,,,,,MINDTECK (INDIA) LIMITED,154.54,154.74,147.56,150.93,149.14,153.15,,151.12,,,18244,2742726.94,863,F1,1,,,,,,Cash Only,Unclassified,False,151.07666666666668,151.15,151.00333333333336,151.15,151.00333333333336,0.14666666666664696,0.09717529097372753,Narrow,Bearish,Below CPR,False,True,0.1,60,5239748.789999999,Lower,True,Risk Off,True,5.925714285714284,173.15220000000002,190.05830000000003,0.024750883960138113,0.5234462662092624,False,False,No setup,Neutral,0,Not applicable,No directional setup; confirmation score not applicable.,Narrow CPR,Not applicable,Not applicable,Narrow CPR; Wide CPR rules not applied,0,0,0,0
2026-10-01,2026-10-01,CM,NSE,STK,13794,INE020D01022,BAIDFIN,EQ,,,,,BAID FINSERV LIMITED,10.38,10.5,10.15,10.31,10.17,10.38,,10.31,,,42200,434775.29,181,F1,1,,,,,,Cash Only,Unclassified,False,10.32,10.325,10.315000000000001,10.325,10.315000000000001,0.00999999999999801,0.09699321047524743,Narrow,Bearish,Below CPR,False,True,0.05,60,520387.32499999995,Lower,True,Risk Off,True,0.8028571428571428,10.243200000000002,10.2551,0.012455516014232398,0.8354840118367602,True,True,No setup,Neutral,0,Not applicable,No directional setup; confirmation score not applicable.,Narrow CPR,Not applicable,Not applicable,Narrow CPR; Wide CPR rules not applied,0,0,0,0
2026-10-01,2026-10-01,CM,NSE,STK,14101,INE034D01049,PTL,EQ,,,,,PTL ENTERPRISES LTD,37.99,38.24,37.61,37.87,37.78,37.87,,37.87,,,23708,896755.68,770,F1,1,,,,,,Cash Only,Unclassified,False,37.906666666666666,37.925,37.888333333333335,37.925,37.888333333333335,0.03666666666666174,0.09682246281135923,Narrow,Bearish,Below CPR,False,True,0.16666666666666666,60,1179597.46,Lower,True,Risk Off,True,0.7685714285714299,38.6974,39.6011,0.047707558859968725,0.7602217793856559,False,False,No setup,Neutral,0,Not applicable,No directional setup; confirmation score not applicable.,Narrow CPR,Not applicable,Not applicable,Narrow CPR; Wide CPR rules not applied,0,0,0,0
2026-10-01,2026-10-01,CM,NSE,STK,15362,INE951I01027,VGUARD,EQ,,,,,V-GUARD IND LTD.,297.05,299.8,290.15,294.55,294.35,296.45,,294.55,,,359135,105692426.0,17711,F1,1,,,,,,Cash Only,Unclassified,False,294.8333333333333,294.975,294.6916666666666,294.975,294.6916666666666,0.2833333333334167,0.09619193119450575,Narrow,Bearish,Below CPR,False,True,0.23333333333333334,60,123459784.1,Lower,True,Risk Off,True,9.3142857142857,321.813,314.1145,0.030419222903894476,0.856087889432815,False,False,No setup,Neutral,0,Not applicable,No directional setup; confirmation score not applicable.,Narrow CPR,Not applicable,Not applicable,Narrow CPR; Wide CPR rules not applied,0,0,0,0
2026-10-01,2026-10-01,CM,NSE,STK,2306,INE052T01021,BESTAGRO,EQ,,,,,BEST AGROLIFE LIMITED,17.86,17.86,17.13,17.47,17.41,17.53,,17.48,,,555610,9697511.67,1855,F1,1,,,,,,Cash Only,Unclassified,False,17.486666666666665,17.494999999999997,17.47833333333333,17.494999999999997,17.47833333333333,0.01666666666666572,0.0954016409082182,Narrow,Bearish,Below CPR,False,True,0.11666666666666667,60,10688322.245000001,Lower,True,Risk Off,True,0.8421428571428571,18.391,17.2627,0.01979078314956065,0.9072997096935862,False,True,No setup,Neutral,0,Not applicable,No directional setup; confirmation score not applicable.,Narrow CPR,Not applicable,Not applicable,Narrow CPR; Wide CPR rules not applied,0,0,0,0
2026-10-01,2026-10-01,CM,NSE,STK,8828,INE036B01030,GAEL,EQ,,,,,GUJARAT AMBUJA EXPORTS LT,160.04,162.6,153.23,157.69,157.32,160.21,,157.71,,,503840,78856678.61,14445,F1,1,,,,,,Cash Only,Unclassified,False,157.84,157.915,157.76500000000001,157.915,157.76500000000001,0.14999999999997726,0.09512334326842366,Narrow,Bearish,Below CPR,False,True,0.05,60,142112857.305,Lower,True,Risk Off,True,5.836428571428572,167.20159999999998,162.5668,0.025700648635414044,0.5548877146334427,False,False,No setup,Neutral,0,Not applicable,No directional setup; confirmation score not applicable.,Narrow CPR,Not applicable,Not applicable,Narrow CPR; Wide CPR rules not applied,0,0,0,0
2026-10-01,2026-10-01,CM,NSE,STK,15039,INE739E01017,CERA,EQ,,,,,CERA SANITARYWARE LTD,5113.5,5199.0,5008.5,5096.5,5086.0,5088.0,,5096.55,,,5282,26834411.5,2232,F1,1,,,,,,Cash Only,Unclassified,False,5101.333333333333,5103.75,5098.916666666666,5103.75,5098.916666666666,4.83333333333394,0.09483632558292827,Narrow,Bearish,Below CPR,False,True,0.2,60,33992846.75,Inside,True,Risk Off,True,129.28571428571428,5777.62,5905.745,0.03738489871087025,0.789413481529022,False,False,No setup,Neutral,0,Not applicable,No directional setup; confirmation score not applicable.,Narrow CPR,Not applicable,Not applicable,Narrow CPR; Wide CPR rules not applied,0,0,0,0
2026-10-01,2026-10-01,CM,NSE,STK,19599,INE696K01024,PRAKASHSTL,EQ,,,,,PRAKASH STEELAGE LTD,3.62,3.62,3.51,3.56,3.57,3.59,,3.56,,,120526,427667.5,372,F1,1,,,,,,Cash Only,Unclassified,False,3.563333333333333,3.565,3.561666666666666,3.565,3.561666666666666,0.0033333333333338544,0.09363295880151276,Narrow,Bearish,Below CPR,False,True,0.13333333333333333,60,351598.175,Lower,True,Risk Off,True,0.18857142857142856,3.8478,4.077100000000001,0.01767676767677044,1.216353014346562,False,False,No setup,Neutral,0,Not applicable,No directional setup; confirmation score not applicable.,Narrow CPR,Not applicable,Not applicable,Narrow CPR; Wide CPR rules not applied,0,0,0,0
2026-10-01,2026-10-01,CM,NSE,STK,166,INE435A01051,ANDHRAPAP,EQ,,,,,ANDHRA PAPER LIMITED,72.92,72.92,70.0,71.36,71.64,72.68,,71.36,,,222862,15848852.69,4957,F1,1,,,,,,Cash Only,Unclassified,False,71.42666666666668,71.46000000000001,71.39333333333335,71.46000000000001,71.39333333333335,0.06666666666666288,0.09342301943198274,Narrow,Bearish,Below CPR,False,True,0.08333333333333333,60,15822289.77,Lower,True,Risk Off,True,3.2842857142857147,65.1422,63.8275,0.02029868058576077,1.0016788290687462,True,True,No setup,Neutral,0,Not applicable,No directional setup; confirmation score not applicable.,Narrow CPR,Not applicable,Not applicable,Narrow CPR; Wide CPR rules not applied,0,0,0,0
2026-10-01,2026-10-01,CM,NSE,STK,8614,INE803D01021,INDOBORAX,EQ,,,,,INDO BORAX & CHEMICAL LTD,481.45,481.5,458.8,469.5,469.0,481.45,,469.57,,,90013,42255299.65,3886,F1,1,,,,,,Cash Only,Unclassified,False,469.93333333333334,470.15,469.7166666666667,470.15,469.7166666666667,0.4333333333332803,0.09229676961305223,Narrow,Bearish,Below CPR,False,True,0.05,60,83573850.025,Lower,True,Risk Off,True,25.04999999999999,457.605,414.1585,0.017298735861608003,0.505604320458611,True,True,No setup,Neutral,0,Not applicable,No directional setup; confirmation score not applicable.,Narrow CPR,Not applicable,Not applicable,Narrow CPR; Wide CPR rules not applied,0,0,0,0
2026-10-01,2026-10-01,CM,NSE,STK,15157,INE508K01013,RHL,EQ,,,,,ROBUST HOTELS LIMITED,165.0,165.99,160.3,162.92,162.0,165.18,,162.92,,,2514,406468.69,46,F1,1,,,,,,Cash Only,Unclassified,False,163.07000000000002,163.145,162.99500000000003,163.145,162.99500000000003,0.14999999999997726,0.09206972747359272,Narrow,Bearish,Below CPR,False,True,0.1,60,399012.91000000003,Lower,True,Risk Off,True,7.472857142857143,169.7534,174.83219999999997,0.020072643853944576,1.0186855608255883,False,False,No setup,Neutral,0,Not applicable,No directional setup; confirmation score not applicable.,Narrow CPR,Not applicable,Not applicable,Narrow CPR; Wide CPR rules not applied,0,0,0,0
2026-10-01,2026-10-01,CM,NSE,STK,628,INE486A01021,CESC,EQ,,,,,CESC LTD,133.65,133.85,129.75,131.62,131.49,133.85,,131.61,,,1826999,240233721.34,30947,F1,1,,,,,,Cash Only,Power,True,131.74,131.8,131.68,131.8,131.68,0.12000000000000455,0.09117155447500726,Narrow,Bearish,Below CPR,False,True,0.15,60,210270662.88,Lower,True,Risk Off,True,3.0535714285714306,152.7408,162.5169,0.03929824561403655,1.1424975697969797,False,False,No setup,Neutral,0,Not applicable,No directional setup; confirmation score not applicable.,Narrow CPR,Not applicable,Not applicable,Narrow CPR; Wide CPR rules not applied,0,-2,0,-2
2026-10-01,2026-10-01,CM,NSE,STK,4684,INE073K01018,SONACOMS,EQ,,,,,SONA BLW PRECISION FRGS L,828.0,828.55,783.65,805.0,805.0,830.0,,805.05,,,3497748,2801741636.7,88023,F1,1,,,,,,F&O + Cash,Automobile and Auto Components,True,805.7333333333332,806.0999999999999,805.3666666666666,806.0999999999999,805.3666666666666,0.7333333333333485,0.09109730848861472,Narrow,Bearish,Below CPR,False,True,0.18333333333333332,60,1603107835.1999998,Lower,True,Risk Off,True,25.50714285714285,794.638,709.7094999999999,0.02875011668066895,1.7476938077284498,True,True,No setup,Neutral,0,Not applicable,No directional setup; confirmation score not applicable.,Narrow CPR,Not applicable,Not applicable,Narrow CPR; Wide CPR rules not applied,0,0,0,0
2026-10-01,2026-10-01,CM,NSE,STK,17818,INE214T01019,LTM,EQ,,,,,LTM LIMITED,4001.7,4079.4,3945.5,4007.0,4007.0,4045.0,,4007.01,,,479221,1920027707.8,45567,F1,1,,,,,,F&O + Cash,Information Technology,True,4010.633333333333,4012.45,4008.8166666666666,4012.45,4008.8166666666666,3.633333333333212,0.09067465269112084,Narrow,Bearish,Below CPR,False,True,0.1,60,1521229409.3000002,Lower,True,Risk Off,True,149.84285714285713,4415.626,4186.626,0.02424762449550242,1.2621552647233585,False,False,No setup,Neutral,0,Not applicable,No directional setup; confirmation score not applicable.,Narrow CPR,Not applicable,Not applicable,Narrow CPR; Wide CPR rules not applied,0,0,0,0
2026-10-01,2026-10-01,CM,NSE,STK,1139,INE289B01019,GICHSGFIN,EQ,,,,,GIC HOUSING FINANCE LTD,134.0,134.42,131.7,132.88,132.98,133.87,,132.87,,,77191,10240254.38,1514,F1,1,,,,,,Cash Only,Unclassified,False,133.0,133.06,132.94,133.06,132.94,0.12000000000000455,0.09030704394943148,Narrow,Bearish,Below CPR,False,True,0.15,60,9896458.83,Lower,True,Risk Off,True,3.1285714285714294,141.6446,147.3263,0.03835616438356309,1.0347392492512395,False,False,No setup,Neutral,0,Not applicable,No directional setup; confirmation score not applicable.,Narrow CPR,Not applicable,Not applicable,Narrow CPR; Wide CPR rules not applied,0,0,0,0
2026-10-01,2026-10-01,CM,NSE,STK,765387,INE1B3O01011,SUNSHINE,EQ,,,,,SUNSHINE PICTURES LIMITED,452.95,459.7,447.5,453.0,453.55,453.65,,452.99,,,528270,240691335.75,6168,F1,1,,,,,,Cash Only,Unclassified,False,453.40000000000003,453.6,453.20000000000005,453.6,453.20000000000005,0.39999999999997726,0.08830022075054686,Narrow,Bearish,Below CPR,False,True,0.07407407407407407,27,1082209484.9,Lower,True,Risk Off,True,36.18928571428572,,,0.011052995164313987,0.2224073426710363,False,False,No setup,Neutral,0,Not applicable,No directional setup; confirmation score not applicable.,Narrow CPR,Not applicable,Not applicable,Narrow CPR; Wide CPR rules not applied,0,0,0,0
2026-10-01,2026-10-01,CM,NSE,STK,14198,INE325A01013,TIMKEN,EQ,,,,,TIMKEN INDIA LTD.,3112.6,3122.2,3083.1,3098.8,3097.0,3136.0,,3098.86,,,44275,137279754.2,10984,F1,1,,,,,,Cash Only,Capital Goods,True,3101.3666666666663,3102.6499999999996,3100.083333333333,3102.6499999999996,3100.083333333333,2.566666666666606,0.08282776128393592,Narrow,Bearish,Below CPR,False,True,0.13333333333333333,60,103695091.69999999,Lower,True,Risk Off,True,111.69285714285722,3184.5580000000004,3331.634,0.02297968493530246,1.3238789989902675,False,False,No setup,Neutral,0,Not applicable,No directional setup; confirmation score not applicable.,Narrow CPR,Not applicable,Not applicable,Narrow CPR; Wide CPR rules not applied,0,0,0,0
2026-10-01,2026-10-01,CM,NSE,STK,7936,INE871C01038,AVANTIFEED,EQ,,,,,AVANTI FEEDS LIMITED,713.25,724.85,700.0,711.55,713.0,717.8,,711.52,,,325188,231443374.4,22570,F1,1,,,,,,Cash Only,Unclassified,False,712.1333333333332,712.425,711.8416666666665,712.425,711.8416666666665,0.5833333333334849,0.08198065256601574,Narrow,Bearish,Below CPR,False,True,0.06666666666666667,60,248640575.3,Lower,True,Risk Off,True,24.35357142857144,838.189,959.5794999999999,0.023952681233813715,0.930835098498101,False,False,No setup,Neutral,0,Not applicable,No directional setup; confirmation score not applicable.,Narrow CPR,Not applicable,Not applicable,Narrow CPR; Wide CPR rules not applied,0,0,0,0
2026-10-01,2026-10-01,CM,NSE,STK,22347,INE155Z01011,MACPOWER,EQ,,,,,MACPOWER CNC MACHINES LTD,2135.0,2234.7,2060.1,2144.8,2130.5,2096.0,,2144.8,,,97223,209896297.8,13014,F1,1,,,,,,Cash Only,Unclassified,False,2146.5333333333333,2147.3999999999996,2145.666666666667,2147.3999999999996,2145.666666666667,1.7333333333326664,0.08081561606362674,Narrow,Bearish,Below CPR,False,True,0.08333333333333333,60,77668925.69999999,Higher,True,Risk Off,True,162.27142857142857,1817.154,1494.3615,0.010681691463446311,2.7024488353390477,True,True,No setup,Neutral,0,Not applicable,No directional setup; confirmation score not applicable.,Narrow CPR,Not applicable,Not applicable,Narrow CPR; Wide CPR rules not applied,0,0,0,0
2026-10-01,2026-10-01,CM,NSE,STK,19196,INE133E01013,TI,EQ,,,,,TILAKNAGAR INDUSTRIES LTD,537.0,551.4,535.0,542.55,544.0,540.65,,542.49,,,568428,308030075.25,27808,F1,1,,,,,,Cash Only,Unclassified,False,542.9833333333333,543.2,542.7666666666667,543.2,542.7666666666667,0.43333333333339397,0.07986975086782674,Narrow,Bearish,Below CPR,False,True,0.06666666666666667,60,365828954.525,Lower,True,Risk Off,True,22.675000000000004,533.7579999999999,486.22350000000006,0.019110621095188265,0.8420057281959892,True,True,No setup,Neutral,0,Not applicable,No directional setup; confirmation score not applicable.,Narrow CPR,Not applicable,Not applicable,Narrow CPR; Wide CPR rules not applied,0,0,0,0
2026-10-01,2026-10-01,CM,NSE,STK,757658,INE771F01041,FISCHER,EQ,,,,,FISCHER MEDICAL VENTURE L,34.39,34.39,32.61,33.46,33.58,33.55,,33.46,,,220491,7340252.02,1384,F1,1,,,,,,Cash Only,Unclassified,False,33.48666666666667,33.5,33.47333333333334,33.5,33.47333333333334,0.026666666666656624,0.07969715082682793,Narrow,Bearish,Below CPR,False,True,0.11666666666666667,60,42357200.935,Lower,True,Risk Off,True,2.0171428571428565,36.34,36.4204,0.013220018885736292,0.1732940765199314,False,False,No setup,Neutral,0,Not applicable,No directional setup; confirmation score not applicable.,Narrow CPR,Not applicable,Not applicable,Narrow CPR; Wide CPR rules not applied,0,0,0,0
2026-10-01,2026-10-01,CM,NSE,STK,13753,INE784W01015,MANOMAY,EQ,,,,,MANOMAY TEX INDIA LTD,245.0,245.43,235.3,240.08,237.14,240.66,,240.09,,,323589,78056130.36,9448,F1,1,,,,,,Cash Only,Unclassified,False,240.27,240.365,240.175,240.365,240.175,0.18999999999999773,0.079140286571142,Narrow,Bearish,Below CPR,False,True,0.06666666666666667,60,27697025.505000003,Overlapping,True,Risk Off,True,9.303571428571429,221.6054,201.72459999999998,0.02042226487523968,2.8182134701038177,True,True,No setup,Neutral,0,Not applicable,No directional setup; confirmation score not applicable.,Narrow CPR,Not applicable,Not applicable,Narrow CPR; Wide CPR rules not applied,0,0,0,0
2026-10-01,2026-10-01,CM,NSE,STK,9111,INE955V01021,ARVINDFASN,EQ,,,,,ARVIND FASHIONS LIMITED,385.0,386.95,373.35,379.7,382.3,387.45,,379.82,,,227031,86214595.7,18546,F1,1,,,,,,Cash Only,Unclassified,False,380.0,380.15,379.85,380.15,379.85,0.2999999999999545,0.07900974453514736,Narrow,Bearish,Below CPR,False,True,0.08333333333333333,60,84557537.575,Lower,True,Risk Off,True,14.249999999999996,440.69300000000004,451.5015,0.021052631578944183,1.0195968115028213,False,False,No setup,Neutral,0,Not applicable,No directional setup; confirmation score not applicable.,Narrow CPR,Not applicable,Not applicable,Narrow CPR; Wide CPR rules not applied,0,0,0,0
2026-10-01,2026-10-01,CM,NSE,STK,760657,INE0ALI01010,ADVAIT,EQ,,,,,ADVAIT ENRGY TRANSITION L,1900.0,1900.0,1830.4,1863.0,1858.3,1901.8,,1862.94,,,28363,52713356.1,5119,F1,1,,,,,,Cash Only,Unclassified,False,1864.4666666666665,1865.2,1863.733333333333,1865.2,1863.733333333333,1.4666666666671517,0.07872606906425934,Narrow,Bearish,Below CPR,False,True,0.06666666666666667,60,76481730.5,Lower,True,Risk Off,True,64.29285714285717,2113.848,2142.725,0.02281228011703157,0.6892280778087259,False,False,No setup,Neutral,0,Not applicable,No directional setup; confirmation score not applicable.,Narrow CPR,Not applicable,Not applicable,Narrow CPR; Wide CPR rules not applied,0,0,0,0
2026-10-01,2026-10-01,CM,NSE,STK,19691,INE863T01013,JITFINFRA,EQ,,,,,JITF INFRALOGISTICS LTD,280.45,288.0,263.55,275.45,271.0,278.8,,275.15,,,33140,9011766.6,1202,F1,1,,,,,,Cash Only,Unclassified,False,275.6666666666667,275.775,275.5583333333334,275.775,275.5583333333334,0.2166666666665833,0.07865916379255157,Narrow,Bearish,Below CPR,False,True,0.1,60,6805252.6,Lower,True,Risk Off,True,13.410714285714262,313.415,319.56800000000004,0.016156236129598784,1.3242368990094504,False,False,No setup,Neutral,0,Not applicable,No directional setup; confirmation score not applicable.,Narrow CPR,Not applicable,Not applicable,Narrow CPR; Wide CPR rules not applied,0,0,0,0
2026-10-01,2026-10-01,CM,NSE,STK,21840,INE393P01035,DIAMONDYD,EQ,,,,,PRATAAP SNACKS LIMITED,1100.0,1107.0,1041.5,1073.0,1075.0,1108.5,,1072.91,,,24504,26196736.6,1826,F1,1,,,,,,Cash Only,Unclassified,False,1073.8333333333333,1074.25,1073.4166666666665,1074.25,1073.4166666666665,0.8333333333334849,0.07766387076733317,Narrow,Bearish,Below CPR,False,True,0.21666666666666667,60,16840134.25,Lower,True,Risk Off,True,40.000000000000014,1139.066,1127.606,0.020833333333337114,1.5556132873465662,False,False,No setup,Neutral,0,Not applicable,No directional setup; confirmation score not applicable.,Narrow CPR,Not applicable,Not applicable,Narrow CPR; Wide CPR rules not applied,0,0,0,0
2026-10-01,2026-10-01,CM,NSE,STK,2183,INE202Z01029,TSFINV,EQ,,,,,TSF INVESTMENTS LIMITED,416.0,417.0,402.25,409.15,409.0,417.15,,409.15,,,111572,45756805.5,5129,F1,1,,,,,,Cash Only,Unclassified,False,409.4666666666667,409.625,409.3083333333334,409.625,409.3083333333334,0.31666666666660603,0.07739622795224393,Narrow,Bearish,Below CPR,False,True,0.1,60,27277418.775,Lower,True,Risk Off,True,15.089285714285706,429.94800000000004,426.21450000000004,0.020986193293881593,1.6774609752274847,False,False,No setup,Neutral,0,Not applicable,No directional setup; confirmation score not applicable.,Narrow CPR,Not applicable,Not applicable,Narrow CPR; Wide CPR rules not applied,0,0,0,0
2026-10-01,2026-10-01,CM,NSE,STK,714,INE597J01018,SHALBY,EQ,,,,,SHALBY LIMITED,137.53,138.0,129.41,133.55,133.55,138.65,,133.56,,,213871,28340691.93,6316,F1,1,,,,,,Cash Only,Unclassified,False,133.65333333333334,133.70499999999998,133.6016666666667,133.70499999999998,133.6016666666667,0.1033333333332962,0.07737426681639549,Narrow,Bearish,Below CPR,False,True,0.1,60,9916385.695,Lower,True,Risk Off,True,7.51571428571429,152.12099999999998,160.6844,0.013748970411196978,2.8579658760439126,False,False,No setup,Neutral,0,Not applicable,No directional setup; confirmation score not applicable.,Narrow CPR,Not applicable,Not applicable,Narrow CPR; Wide CPR rules not applied,0,0,0,0
2026-10-01,2026-10-01,CM,NSE,STK,18422,INE363A01022,ASIANHOTNR,EQ,,,,,ASIAN HOTELS (NORTH) LTD,357.0,357.0,340.0,348.1,352.95,354.8,,348.1,,,32017,11249760.1,996,F1,1,,,,,,Cash Only,Unclassified,False,348.3666666666666,348.5,348.23333333333323,348.5,348.23333333333323,0.2666666666667652,0.07660633917459499,Narrow,Bearish,Below CPR,False,True,0.1,60,5823624.875,Lower,True,Risk Off,True,23.878571428571416,339.673,321.8025,0.011167613919637196,1.931745320392052,True,True,No setup,Neutral,0,Not applicable,No directional setup; confirmation score not applicable.,Narrow CPR,Not applicable,Not applicable,Narrow CPR; Wide CPR rules not applied,0,0,0,0
2026-10-01,2026-10-01,CM,NSE,STK,29459,INE935B01025,MOSCHIP,EQ,,,,,MOSCHIP TECHNOLOGIES LTD,201.0,202.43,194.08,198.03,198.08,201.25,,198.03,,,1364614,270757643.54,24844,F1,1,,,,,,Cash Only,Unclassified,False,198.17999999999998,198.255,198.10499999999996,198.255,198.10499999999996,0.1500000000000341,0.07574609907591481,Narrow,Bearish,Below CPR,False,True,0.03333333333333333,60,286916273.36,Lower,True,Risk Off,True,6.639285714285715,208.915,213.2922,0.02259279182356619,0.9436817241811676,False,False,No setup,Neutral,0,Not applicable,No directional setup; confirmation score not applicable.,Narrow CPR,Not applicable,Not applicable,Narrow CPR; Wide CPR rules not applied,0,0,0,0
2026-10-01,2026-10-01,CM,NSE,STK,758680,INE0MHO01029,REGAAL,EQ,,,,,REGAAL RESOURCES LIMITED,87.12,88.19,83.98,85.99,85.2,88.08,,85.99,,,276524,23787361.08,3634,F1,1,,,,,,Cash Only,Unclassified,False,86.05333333333334,86.08500000000001,86.02166666666668,86.08500000000001,86.02166666666668,0.06333333333333258,0.07365197503585601,Narrow,Bearish,Below CPR,False,True,0.08333333333333333,60,30147218.015,Lower,True,Risk Off,True,5.458571428571431,88.4902,78.2383,0.011602547326179739,0.7890400058859295,False,True,No setup,Neutral,0,Not applicable,No directional setup; confirmation score not applicable.,Narrow CPR,Not applicable,Not applicable,Narrow CPR; Wide CPR rules not applied,0,0,0,0
2026-10-01,2026-10-01,CM,NSE,STK,761528,INE0ADB01012,INNOVISION,EQ,,,,,INNOVISION LIMITED,250.45,256.2,250.35,253.0,254.0,252.0,,253.0,,,21262,5387515.65,579,F1,1,,,,,,Cash Only,Unclassified,False,253.1833333333333,253.27499999999998,253.09166666666664,253.27499999999998,253.09166666666664,0.18333333333333712,0.07246376811594353,Narrow,Bearish,Below CPR,False,True,0.08333333333333333,60,3621323.125,Inside,True,Risk Off,True,5.249999999999998,267.764,281.43,0.03492063492063566,1.4877202238063194,False,False,No setup,Neutral,0,Not applicable,No directional setup; confirmation score not applicable.,Narrow CPR,Not applicable,Not applicable,Narrow CPR; Wide CPR rules not applied,0,0,0,0
2026-10-01,2026-10-01,CM,NSE,STK,24196,INE694D01016,VADILALIND,EQ,,,,,VADILAL INDUSTRIES LTD,7289.5,7289.5,7100.0,7187.0,7200.0,7253.0,,7187.1,,,6060,43461052.5,1622,F1,1,,,,,,Cash Only,Unclassified,False,7192.166666666667,7194.75,7189.583333333334,7194.75,7189.583333333334,5.16666666666606,0.0718890589490199,Narrow,Bearish,Below CPR,False,True,0.15,60,101985990.0,Lower,True,Risk Off,True,287.60714285714283,7349.33,6536.437,0.017964319715217895,0.42614728258263707,False,True,No setup,Neutral,0,Not applicable,No directional setup; confirmation score not applicable.,Narrow CPR,Not applicable,Not applicable,Narrow CPR; Wide CPR rules not applied,0,0,-2,-2
2026-10-01,2026-10-01,CM,NSE,STK,17851,INE250K01012,DLINKINDIA,EQ,,,,,D-LINK INDIA LTD,411.0,413.2,400.85,406.6,405.25,411.85,,406.55,,,61080,24812139.1,3265,F1,1,,,,,,Cash Only,Unclassified,False,406.8833333333334,407.025,406.7416666666668,407.025,406.7416666666668,0.28333333333318933,0.06968355468105984,Narrow,Bearish,Below CPR,False,True,0.05,60,34896961.55,Lower,True,Risk Off,True,11.314285714285704,435.26800000000003,462.8575,0.025042087542074837,0.7110114462099926,False,False,No setup,Neutral,0,Not applicable,No directional setup; confirmation score not applicable.,Narrow CPR,Not applicable,Not applicable,Narrow CPR; Wide CPR rules not applied,0,0,0,0
2026-10-01,2026-10-01,CM,NSE,STK,12173,INE254N01026,HNDFDS,EQ,,,,,HINDUSTAN FOODS LIMITED,567.3,583.1,567.3,574.6,574.25,574.75,,574.66,,,70210,40378349.55,5759,F1,1,,,,,,Cash Only,Unclassified,False,575.0,575.2,574.8,575.2,574.8,0.40000000000009095,0.06961364427429358,Narrow,Bearish,Below CPR,False,True,0.1,60,40640961.45,Lower,True,Risk Off,True,18.19285714285716,607.797,575.156,0.021986650961920956,0.9935382458822217,False,False,No setup,Neutral,0,Not applicable,No directional setup; confirmation score not applicable.,Narrow CPR,Not applicable,Not applicable,Narrow CPR; Wide CPR rules not applied,0,0,0,0
2026-10-01,2026-10-01,CM,NSE,STK,2854,INE00LO01017,CRAFTSMAN,EQ,,,,,CRAFTSMAN AUTOMATION LTD,10300.0,10453.0,10100.0,10266.0,10280.0,10417.0,,10259.86,,,35248,361530213.0,14083,F1,1,,,,,,Cash Only,Automobile and Auto Components,True,10273.0,10276.5,10269.5,10276.5,10269.5,7.0,0.06818624586012079,Narrow,Bearish,Below CPR,False,True,0.06666666666666667,60,416930128.75,Lower,True,Risk Off,True,415.7142857142857,10634.56,9853.29,0.01683848797250859,0.8671242207511011,False,True,No setup,Neutral,0,Not applicable,No directional setup; confirmation score not applicable.,Narrow CPR,Not applicable,Not applicable,Narrow CPR; Wide CPR rules not applied,0,0,0,0
2026-10-01,2026-10-01,CM,NSE,STK,761675,INE0H9F01037,SAIPARENT,EQ,,,,,SAI PARENTERALS LIMITED,529.35,533.35,515.0,523.65,522.8,529.3,,523.59,,,68291,35695954.2,4052,F1,1,,,,,,Cash Only,Unclassified,False,524.0,524.175,523.825,524.175,523.825,0.34999999999990905,0.06683853719085439,Narrow,Bearish,Below CPR,False,True,0.1,60,40198620.175,Inside,True,Risk Off,True,17.428571428571438,531.279,540.2489999999999,0.020081967213109526,0.8879895390588491,False,False,No setup,Neutral,0,Not applicable,No directional setup; confirmation score not applicable.,Narrow CPR,Not applicable,Not applicable,Narrow CPR; Wide CPR rules not applied,0,0,0,0
2026-10-01,2026-10-01,CM,NSE,STK,1327,INE236A01020,HCL-INSYS,EQ,,,,,HCL INFOSYSTEMS LTD,10.02,10.24,9.86,10.04,10.02,10.1,,10.05,,,313156,3145409.44,1018,F1,1,,,,,,Cash Only,Unclassified,False,10.046666666666667,10.05,10.043333333333333,10.05,10.043333333333333,0.006666666666667709,0.06640106241700905,Narrow,Bearish,Below CPR,False,True,0.1,60,1980056.59,Lower,True,Risk Off,True,0.4499999999999999,10.841,11.4848,0.014814814814817135,1.588545224356441,False,False,No setup,Neutral,0,Not applicable,No directional setup; confirmation score not applicable.,Narrow CPR,Not applicable,Not applicable,Narrow CPR; Wide CPR rules not applied,0,0,0,0
2026-10-01,2026-10-01,CM,NSE,STK,20776,INE458B01036,BHAGYANGR,EQ,,,,,BHAGYANAGAR INDIA LIMITED,412.7,415.0,391.1,402.65,402.5,411.15,,402.67,,,140359,56500948.05,6536,F1,1,,,,,,Cash Only,Unclassified,False,402.9166666666667,403.05,402.78333333333336,403.05,402.78333333333336,0.2666666666666515,0.06622790678421743,Narrow,Bearish,Below CPR,False,True,0.03333333333333333,60,54651915.43,Lower,True,Risk Off,True,25.76785714285713,353.30699999999996,,0.010348810348809766,1.0338328968976083,True,False,No setup,Neutral,0,Not applicable,No directional setup; confirmation score not applicable.,Narrow CPR,Not applicable,Not applicable,Narrow CPR; Wide CPR rules not applied,0,0,0,0
2026-10-01,2026-10-01,CM,NSE,STK,8510,INE079J01017,GATEWAY,EQ,,,,,GATEWAY DISTRIPARKS LTD,52.35,52.56,51.3,51.88,51.81,52.04,,51.88,,,749453,38785421.88,6142,F1,1,,,,,,Cash Only,Unclassified,False,51.913333333333334,51.93,51.89666666666667,51.93,51.89666666666667,0.03333333333333144,0.06425083526085473,Narrow,Bearish,Below CPR,False,True,0.15,60,38831956.215,Lower,True,Risk Off,True,1.0828571428571425,54.5692,56.3179,0.030782761653472313,0.9988016484479341,False,False,No setup,Neutral,0,Not applicable,No directional setup; confirmation score not applicable.,Narrow CPR,Not applicable,Not applicable,Narrow CPR; Wide CPR rules not applied,0,0,0,0
2026-10-01,2026-10-01,CM,NSE,STK,7091,INE955I01044,SEJALLTD,EQ,,,,,SEJAL GLASS LIMITED,673.95,673.95,640.3,656.5,654.95,674.0,,656.49,,,8644,5602856.2,485,F1,1,,,,,,Cash Only,Unclassified,False,656.9166666666666,657.125,656.7083333333333,657.125,656.7083333333333,0.41666666666674246,0.06346788525007502,Narrow,Bearish,Below CPR,False,True,0.11666666666666667,60,5410593.300000001,Lower,True,Risk Off,True,38.72500000000001,664.0,633.3729999999999,0.010759629868734471,1.0355345318599347,False,True,No setup,Neutral,0,Not applicable,No directional setup; confirmation score not applicable.,Narrow CPR,Not applicable,Not applicable,Narrow CPR; Wide CPR rules not applied,0,0,0,0
2026-10-01,2026-10-01,CM,NSE,STK,765010,INE290E01011,YOGI,EQ,,,,,YOGI LTD.,160.5,164.0,155.0,159.35,158.0,160.56,,159.83,,,2356,375719.67,240,F1,1,,,,,,Cash Only,Unclassified,False,159.45000000000002,159.5,159.40000000000003,159.5,159.40000000000003,0.0999999999999659,0.0627549419516573,Narrow,Bearish,Below CPR,False,True,0.1875,32,114346.575,Inside,True,Risk Off,True,6.795714285714283,,,0.014715156611304637,3.285797322744472,False,False,No setup,Neutral,0,Not applicable,No directional setup; confirmation score not applicable.,Narrow CPR,Not applicable,Not applicable,Narrow CPR; Wide CPR rules not applied,0,0,0,0
2026-10-01,2026-10-01,CM,NSE,STK,765085,INE227B01019,HINDALUMI,EQ,,,,,HIND ALUMINIUM INDS. LTD.,92.0,92.69,89.0,90.76,89.71,92.69,,90.75,,,2057,187648.57,95,F1,1,,,,,,Cash Only,Unclassified,False,90.81666666666666,90.845,90.78833333333333,90.845,90.78833333333333,0.05666666666667197,0.06243572792713968,Narrow,Bearish,Below CPR,False,True,0.06060606060606061,33,214451.25,Lower,True,Risk Off,True,4.568571428571429,,,0.01240358557431844,0.8750173757439045,False,False,No setup,Neutral,0,Not applicable,No directional setup; confirmation score not applicable.,Narrow CPR,Not applicable,Not applicable,Narrow CPR; Wide CPR rules not applied,0,0,0,0
2026-10-01,2026-10-01,CM,NSE,STK,25178,INE419M01035,TDPOWERSYS,EQ,,,,,TD POWER SYSTEMS LTD.,779.9,812.85,772.9,792.15,793.0,786.05,,792.16,,,5370306,4279310077.75,194048,F1,1,,,,,,Cash Only,Unclassified,False,792.6333333333333,792.875,792.3916666666667,792.875,792.3916666666667,0.4833333333333485,0.061015380083740266,Narrow,Bearish,Below CPR,False,True,0.11666666666666667,60,1306563235.6999998,Higher,True,Risk Off,True,44.653571428571425,987.6439999999999,1103.078,0.010824068890133376,3.275241458525604,False,False,No setup,Neutral,0,Not applicable,No directional setup; confirmation score not applicable.,Narrow CPR,Not applicable,Not applicable,Narrow CPR; Wide CPR rules not applied,0,0,0,0
2026-10-01,2026-10-01,CM,NSE,STK,762732,INE411F01010,KAMAHOLD,EQ,,,,,KAMA HOLDINGS LTD.,2252.0,2300.0,2230.0,2263.0,2291.0,2286.8,,2262.84,,,2071,4676039.0,366,F1,1,,,,,,Cash Only,Unclassified,False,2264.3333333333335,2265.0,2263.666666666667,2265.0,2263.666666666667,1.3333333333330302,0.058918839298852416,Narrow,Bearish,Below CPR,False,True,0.08333333333333333,60,7098206.6,Lower,True,Risk Off,True,57.75714285714288,2385.014,2494.341,0.023085167779696283,0.6587634403315339,False,False,No setup,Neutral,0,Not applicable,No directional setup; confirmation score not applicable.,Narrow CPR,Not applicable,Not applicable,Narrow CPR; Wide CPR rules not applied,0,0,0,0
2026-10-01,2026-10-01,CM,NSE,STK,11483,INE018A01030,LT,EQ,,,,,LARSEN & TOUBRO LTD.,3726.0,3737.3,3655.9,3693.4,3693.4,3760.0,,3689.66,,,2220932,8207801360.7,137192,F1,1,,,,,,F&O + Cash,Construction,True,3695.5333333333333,3696.6000000000004,3694.4666666666662,3696.6000000000004,3694.4666666666662,2.1333333333341216,0.05776069024026971,Narrow,Bearish,Below CPR,False,True,0.11666666666666667,60,5554861219.05,Lower,True,Risk Off,True,72.25000000000003,3952.9559999999997,3971.745,0.02952710495964181,1.477588914832279,False,False,No setup,Neutral,0,Not applicable,No directional setup; confirmation score not applicable.,Narrow CPR,Not applicable,Not applicable,Narrow CPR; Wide CPR rules not applied,0,0,0,0
2026-10-01,2026-10-01,CM,NSE,STK,764718,INE684B01029,ISTLTD,EQ,,,,,I S T LTD.,642.9,646.0,625.1,635.0,635.0,642.9,,635.0,,,857,548107.75,83,F1,1,,,,,,Cash Only,Unclassified,False,635.3666666666667,635.55,635.1833333333334,635.55,635.1833333333334,0.36666666666656056,0.057742782152214255,Narrow,Bearish,Below CPR,False,True,0.06060606060606061,33,388342.35,Lower,True,Risk Off,True,30.267857142857142,,,0.01211406096361498,1.4114034948802263,False,False,No setup,Neutral,0,Not applicable,No directional setup; confirmation score not applicable.,Narrow CPR,Not applicable,Not applicable,Narrow CPR; Wide CPR rules not applied,0,0,0,0
2026-10-01,2026-10-01,CM,NSE,STK,8954,INE517B01013,TTML,EQ,,,,,TATA TELESERV(MAHARASTRA),35.44,35.55,34.15,34.82,34.28,34.3,,34.82,,,8582189,298254291.38,32558,F1,1,,,,,,Cash Only,Telecommunication,True,34.839999999999996,34.849999999999994,34.83,34.849999999999994,34.83,0.01999999999999602,0.05743825387707071,Narrow,Bearish,Below CPR,False,True,0.1,60,50806306.43,Overlapping,True,Risk Off,True,1.4892857142857143,37.5656,40.0841,0.013429256594721549,5.87041870069672,False,False,No setup,Neutral,0,Not applicable,No directional setup; confirmation score not applicable.,Narrow CPR,Not applicable,Not applicable,Narrow CPR; Wide CPR rules not applied,0,0,0,0
2026-10-01,2026-10-01,CM,NSE,STK,31415,INE095N01031,NBCC,EQ,,,,,NBCC (INDIA) LIMITED,78.3,78.86,76.07,77.4,77.4,78.5,,77.49,,,6195124,478832705.28,36655,F1,1,,,,,,F&O + Cash,Construction,True,77.44333333333334,77.465,77.42166666666668,77.465,77.42166666666668,0.043333333333322344,0.05598621877690225,Narrow,Bearish,Below CPR,False,True,0.03333333333333333,60,478863189.01,Lower,True,Risk Off,True,2.2128571428571413,87.8344,94.4249,0.019582526361088225,0.9999363414630742,False,False,No setup,Neutral,0,Not applicable,No directional setup; confirmation score not applicable.,Narrow CPR,Not applicable,Not applicable,Narrow CPR; Wide CPR rules not applied,0,0,0,0
2026-10-01,2026-10-01,CM,NSE,STK,23127,INE0PB301013,SCILAL,EQ,,,,,SHIPPING CORP OF ILA LTD,36.89,37.06,36.3,36.65,36.62,36.86,,36.65,,,196994,7223799.5,1574,F1,1,,,,,,Cash Only,Unclassified,False,36.669999999999995,36.68,36.65999999999999,36.68,36.65999999999999,0.020000000000010232,0.054570259208759166,Narrow,Bearish,Below CPR,False,True,0.1,60,7582550.145,Lower,True,Risk Off,True,1.1921428571428585,39.605199999999996,42.170300000000005,0.016776512881973814,0.952687336299838,False,False,No setup,Neutral,0,Not applicable,No directional setup; confirmation score not applicable.,Narrow CPR,Not applicable,Not applicable,Narrow CPR; Wide CPR rules not applied,0,0,0,0
2026-10-01,2026-10-01,CM,NSE,STK,11184,INE092T01019,IDFCFIRSTB,EQ,,,,,IDFC FIRST BANK LIMITED,80.95,81.38,79.53,80.39,80.39,81.44,,80.39,,,24434109,1969728144.02,56136,F1,1,,,,,,F&O + Cash,Financial Services,True,80.43333333333334,80.455,80.41166666666668,80.455,80.41166666666668,0.043333333333322344,0.05390388522617533,Narrow,Bearish,Below CPR,False,True,0.06666666666666667,60,1190017243.985,Lower,True,Risk Off,True,2.133571428571428,84.865,80.1261,0.02031023323289297,1.6552097492503464,False,True,No setup,Neutral,0,Not applicable,No directional setup; confirmation score not applicable.,Narrow CPR,Not applicable,Not applicable,Narrow CPR; Wide CPR rules not applied,0,0,0,0
2026-10-01,2026-10-01,CM,NSE,STK,3345,INE387A01021,SUNDRMFAST,EQ,,,,,SUNDRAM FASTENERS LTD,1139.3,1142.9,1106.1,1123.6,1129.0,1139.3,,1123.54,,,145775,164183115.3,16842,F1,1,,,,,,Cash Only,Unclassified,False,1124.2,1124.5,1123.9,1124.5,1123.9,0.599999999999909,0.05339978640084631,Narrow,Bearish,Below CPR,False,True,0.08333333333333333,60,149497883.85,Lower,True,Risk Off,True,33.264285714285734,1154.948,1020.7475,0.018037363109295088,1.0982303633457084,False,True,No setup,Neutral,0,Not applicable,No directional setup; confirmation score not applicable.,Narrow CPR,Not applicable,Not applicable,Narrow CPR; Wide CPR rules not applied,0,0,0,0
2026-10-01,2026-10-01,CM,NSE,STK,757014,INE0AQ201015,THELEELA,EQ,,,,,LEELA PALACES HOTEL LTD,577.0,581.1,557.7,568.95,569.9,573.8,,568.93,,,222623,126221036.4,26242,F1,1,,,,,,Cash Only,Consumer Services,True,569.2500000000001,569.4000000000001,569.1000000000001,569.4000000000001,569.1000000000001,0.2999999999999545,0.05272871078301336,Narrow,Bearish,Below CPR,False,True,0.11666666666666667,60,188508900.325,Higher,True,Risk Off,True,23.378571428571433,528.3910000000001,489.87799999999993,0.012832263977999886,0.669576005071314,True,True,No setup,Neutral,0,Not applicable,No directional setup; confirmation score not applicable.,Narrow CPR,Not applicable,Not applicable,Narrow CPR; Wide CPR rules not applied,0,0,0,0
2026-10-01,2026-10-01,CM,NSE,STK,764357,INE459N01021,MANIPALHOS,EQ,,,,,MANIPAL HEALTH ENTERPRI L,701.6,710.1,683.0,696.0,692.05,708.3,,695.89,,,977241,680009434.6,45583,F1,1,,,,,,Cash Only,Unclassified,False,696.3666666666667,696.55,696.1833333333334,696.55,696.1833333333334,0.36666666666656056,0.0526819923371495,Narrow,Bearish,Below CPR,False,True,0.024390243902439025,41,1025183205.45,Lower,True,Risk Off,True,26.88928571428571,,,0.013636162394293662,0.6633052814218826,False,False,No setup,Neutral,0,Not applicable,No directional setup; confirmation score not applicable.,Narrow CPR,Not applicable,Not applicable,Narrow CPR; Wide CPR rules not applied,0,0,0,0
2026-10-01,2026-10-01,CM,NSE,STK,919,INE230A01023,EIHOTEL,EQ,,,,,EIH LIMITED,300.65,301.0,295.15,297.85,297.45,301.1,,297.85,,,167855,49951622.8,7981,F1,1,,,,,,Cash Only,Consumer Services,True,298.0,298.075,297.925,298.075,297.925,0.14999999999997726,0.050360919926129684,Narrow,Bearish,Below CPR,False,True,0.1,60,45565063.724999994,Lower,True,Risk Off,True,9.09642857142856,304.18100000000004,310.94100000000003,0.016489988221434503,1.0962702280298413,False,False,No setup,Neutral,0,Not applicable,No directional setup; confirmation score not applicable.,Narrow CPR,Not applicable,Not applicable,Narrow CPR; Wide CPR rules not applied,0,0,0,0
2026-10-01,2026-10-01,CM,NSE,STK,17520,INE399K01017,RTNPOWER,EQ,,,,,RATTANINDIA POWER LIMITED,6.82,6.83,6.66,6.74,6.78,6.89,,6.74,,,13429275,90705420.03,15270,F1,1,,,,,,Cash Only,Unclassified,False,6.743333333333333,6.745,6.741666666666666,6.745,6.741666666666666,0.0033333333333338544,0.04945598417409279,Narrow,Bearish,Below CPR,False,True,0.1,60,102618437.0,Lower,True,Risk Off,True,0.19357142857142864,7.7932,8.4986,0.017220172201724702,0.8839095846879835,False,False,No setup,Neutral,0,Not applicable,No directional setup; confirmation score not applicable.,Narrow CPR,Not applicable,Not applicable,Narrow CPR; Wide CPR rules not applied,0,0,0,0
2026-10-01,2026-10-01,CM,NSE,STK,583,INE477A01020,CANFINHOME,EQ,,,,,CAN FIN HOMES LTD,719.2,723.05,700.0,711.0,704.0,719.2,,710.97,,,417879,297834330.15,23302,F1,1,,,,,,Cash Only,Financial Services,True,711.35,711.525,711.1750000000001,711.525,711.1750000000001,0.34999999999990905,0.04922644163149213,Narrow,Bearish,Below CPR,False,True,0.1,60,172965410.675,Lower,True,Risk Off,True,18.97142857142857,795.9649999999998,829.2244999999999,0.018448795180718097,1.721930003158997,False,False,No setup,Neutral,0,Not applicable,No directional setup; confirmation score not applicable.,Narrow CPR,Not applicable,Not applicable,Narrow CPR; Wide CPR rules not applied,0,0,0,0
2026-10-01,2026-10-01,CM,NSE,STK,760346,INE428V01029,NEPHROPLUS,EQ,,,,,NEPHROCARE HEALTH SERV L,661.95,662.0,636.85,648.95,647.7,659.75,,648.7,,,238798,154480293.9,15086,F1,1,,,,,,Cash Only,Unclassified,False,649.2666666666667,649.425,649.1083333333333,649.425,649.1083333333333,0.31666666666660603,0.04879677427638586,Narrow,Bearish,Below CPR,False,True,0.03333333333333333,60,120011216.275,Lower,True,Risk Off,True,26.892857142857142,701.51,680.2375,0.011775121735278844,1.2872154678110732,False,False,No setup,Neutral,0,Not applicable,No directional setup; confirmation score not applicable.,Narrow CPR,Not applicable,Not applicable,Narrow CPR; Wide CPR rules not applied,0,0,0,0
2026-10-01,2026-10-01,CM,NSE,STK,25800,INE0JVO01026,GARUDA,EQ,,,,,GARUDA CONSTRUCT N ENG L,172.9,175.99,168.62,172.18,171.08,174.67,,172.2,,,334071,57322941.1,5976,F1,1,,,,,,Cash Only,Unclassified,False,172.26333333333332,172.305,172.22166666666664,172.305,172.22166666666664,0.08333333333337123,0.04839896232626973,Narrow,Bearish,Below CPR,False,True,0.11666666666666667,60,57394181.010000005,Lower,True,Risk Off,True,5.998571428571426,178.57440000000003,176.1489,0.013892196554741578,0.9987587607533316,False,False,No setup,Neutral,0,Not applicable,No directional setup; confirmation score not applicable.,Narrow CPR,Not applicable,Not applicable,Narrow CPR; Wide CPR rules not applied,0,0,0,0
2026-10-01,2026-10-01,CM,NSE,STK,13359,INE138Y01010,KFINTECH,EQ,,,,,KFIN TECHNOLOGIES LIMITED,841.75,849.5,815.7,832.0,832.0,840.0,,831.11,,,857914,712567546.8,51746,F1,1,,,,,,F&O + Cash,Financial Services,True,832.4,832.6,832.1999999999999,832.6,832.1999999999999,0.40000000000009095,0.04807692307693401,Narrow,Bearish,Below CPR,False,True,0.08333333333333333,60,579081757.775,Lower,True,Risk Off,True,25.59285714285715,924.29,892.793,0.015629360870782226,1.2305128545887736,False,False,No setup,Neutral,0,Not applicable,No directional setup; confirmation score not applicable.,Narrow CPR,Not applicable,Not applicable,Narrow CPR; Wide CPR rules not applied,0,0,0,0
2026-10-01,2026-10-01,CM,NSE,STK,20547,INF251K01SU9,BBNPPGOLD,EQ,,,,,BARODABNP - BBNPPGOLD,142.75,143.0,141.0,141.9,142.2,142.05,,141.9,,,10260,1456014.85,79,F1,1,,,,,,Cash Only,Unclassified,False,141.96666666666667,142.0,141.93333333333334,142.0,141.93333333333334,0.06666666666666288,0.04698144233027687,Narrow,Bearish,Below CPR,False,True,0.11666666666666667,60,644529.7,Lower,True,Risk Off,True,2.75,145.392,144.53549999999998,0.024242424242422865,2.2590345332418353,False,False,No setup,Neutral,0,Not applicable,No directional setup; confirmation score not applicable.,Narrow CPR,Not applicable,Not applicable,Narrow CPR; Wide CPR rules not applied,0,0,0,0
2026-10-01,2026-10-01,CM,NSE,STK,21401,INF277KA1976,TATAGOLD,EQ,,,,,TATAAML-TATAGOLD,14.26,14.35,14.23,14.28,14.28,14.3,,14.28,,,40228009,574804638.59,71080,F1,1,,,,,,Cash Only,Unclassified,False,14.286666666666667,14.29,14.283333333333335,14.29,14.283333333333335,0.006666666666664156,0.046685340802970286,Narrow,Bearish,Below CPR,False,True,0.2,60,605245434.37,Lower,True,Risk Off,True,0.18285714285714263,14.602,14.5078,0.036458333333319645,0.9497050385655766,False,False,No setup,Neutral,0,Not applicable,No directional setup; confirmation score not applicable.,Narrow CPR,Not applicable,Not applicable,Narrow CPR; Wide CPR rules not applied,0,0,0,0
2026-10-01,2026-10-01,CM,NSE,STK,1979,INE269B01029,LMW,EQ,,,,,LMW LIMITED,16862.0,16862.0,16257.0,16548.0,16401.0,16862.0,,16549.12,,,3047,50329217.0,1647,F1,1,,,,,,Cash Only,Unclassified,False,16555.666666666668,16559.5,16551.833333333336,16559.5,16551.833333333336,7.666666666664241,0.04632986866487939,Narrow,Bearish,Below CPR,False,True,0.06666666666666667,60,64059786.0,Lower,True,Risk Off,True,530.2857142857143,17769.14,16711.26,0.01445761494252416,0.7856600863449653,False,False,No setup,Neutral,0,Not applicable,No directional setup; confirmation score not applicable.,Narrow CPR,Not applicable,Not applicable,Narrow CPR; Wide CPR rules not applied,0,0,0,0
2026-10-01,2026-10-01,CM,NSE,STK,3063,INE205A01025,VEDL,EQ,,,,,VEDANTA LIMITED,256.35,257.2,247.25,252.05,252.05,259.0,,252.05,,,10131800,2548476930.9,102369,F1,1,,,,,,F&O + Cash,Metals & Mining,True,252.16666666666666,252.225,252.10833333333332,252.225,252.10833333333332,0.11666666666667425,0.046287112345437115,Narrow,Bearish,Below CPR,False,True,0.1,60,2513985134.1,Lower,True,Risk Off,True,7.3964285714285785,268.952,284.82849999999996,0.01577337840012977,1.0137199684803817,False,False,No setup,Neutral,0,Not applicable,No directional setup; confirmation score not applicable.,Narrow CPR,Not applicable,Not applicable,Narrow CPR; Wide CPR rules not applied,0,0,0,0
2026-10-01,2026-10-01,CM,NSE,STK,762603,INE525F01025,BLIL,EQ,,,,,BALMER LAWRIE INVSTS. L,65.89,65.89,64.22,65.01,65.03,65.23,,64.97,,,75567,4894381.16,1951,F1,1,,,,,,Cash Only,Unclassified,False,65.04,65.055,65.025,65.055,65.025,0.030000000000001137,0.046146746654362615,Narrow,Bearish,Below CPR,False,True,0.13333333333333333,60,3778038.6399999997,Lower,True,Risk Off,True,1.3600000000000005,69.9822,70.84,0.022058823529412592,1.2954820282092194,False,False,No setup,Neutral,0,Not applicable,No directional setup; confirmation score not applicable.,Narrow CPR,Not applicable,Not applicable,Narrow CPR; Wide CPR rules not applied,0,0,0,0
2026-10-01,2026-10-01,CM,NSE,STK,2912,INE046A01015,RIIL,EQ,,,,,RELIANCE INDUSTRIAL INFRA,677.05,677.05,657.55,666.85,665.05,677.35,,666.8,,,37803,25210206.4,2233,F1,1,,,,,,Cash Only,Unclassified,False,667.15,667.3,667.0,667.3,667.0,0.2999999999999545,0.04498762840218258,Narrow,Bearish,Below CPR,False,True,0.1,60,30568974.5,Lower,True,Risk Off,True,17.817857142857186,731.9209999999999,760.041,0.016837041491278223,0.8246991209992994,False,False,No setup,Neutral,0,Not applicable,No directional setup; confirmation score not applicable.,Narrow CPR,Not applicable,Not applicable,Narrow CPR; Wide CPR rules not applied,0,0,0,0
2026-10-01,2026-10-01,CM,NSE,STK,17752,INE790G01031,SHILPAMED,EQ,,,,,SHILPA MEDICARE LTD,1044.0,1095.0,1034.6,1064.1,1064.0,1047.2,,1064.08,,,1687680,1815623482.7,75167,F1,1,,,,,,Cash Only,Unclassified,False,1064.5666666666666,1064.8,1064.3333333333333,1064.8,1064.3333333333333,0.466666666666697,0.04385552736271939,Narrow,Bearish,Below CPR,False,True,0.06666666666666667,60,686559226.35,Higher,True,Risk Off,True,55.44999999999999,857.4780000000001,704.9564999999999,0.008415990381725826,2.6445256476306036,True,True,No setup,Neutral,0,Not applicable,No directional setup; confirmation score not applicable.,Narrow CPR,Not applicable,Not applicable,Narrow CPR; Wide CPR rules not applied,0,0,0,0
2026-10-01,2026-10-01,CM,NSE,STK,13528,INE776C01039,GMRAIRPORT,EQ,,,,,GMR AIRPORTS LIMITED,94.49,94.81,91.63,93.16,93.16,95.15,,93.16,,,15683898,1465371279.08,32981,F1,1,,,,,,F&O + Cash,Services,True,93.2,93.22,93.18,93.22,93.18,0.03999999999999204,0.04293688278230146,Narrow,Bearish,Below CPR,False,True,0.05,60,1097550325.3400002,Lower,True,Risk Off,True,2.732142857142858,100.22,102.62889999999999,0.014640522875814075,1.3351290098028588,False,False,No setup,Neutral,0,Not applicable,No directional setup; confirmation score not applicable.,Narrow CPR,Not applicable,Not applicable,Narrow CPR; Wide CPR rules not applied,0,0,0,0
2026-10-01,2026-10-01,CM,NSE,STK,559,INE594B01012,BSL,EQ,,,,,BSL LTD,121.5,121.5,115.05,118.2,118.0,118.28,,118.2,,,3194,377561.49,111,F1,1,,,,,,Cash Only,Unclassified,False,118.25,118.275,118.225,118.275,118.225,0.05000000000001137,0.042301184433173745,Narrow,Bearish,Below CPR,False,True,0.03333333333333333,60,303553.305,Lower,True,Risk Off,True,4.722142857142856,122.55799999999999,124.6824,0.010588413250645278,1.243806223753683,False,False,No setup,Neutral,0,Not applicable,No directional setup; confirmation score not applicable.,Narrow CPR,Not applicable,Not applicable,Narrow CPR; Wide CPR rules not applied,0,0,0,0
2026-10-01,2026-10-01,CM,NSE,STK,13751,INE663F01032,NAUKRI,EQ,,,,,INFO EDGE (I) LTD,1215.1,1221.2,1180.3,1200.0,1200.0,1219.5,,1200.0,,,2219568,2666564831.7,79723,F1,1,,,,,,F&O + Cash,Consumer Services,True,1200.5,1200.75,1200.25,1200.75,1200.25,0.5,0.04166666666666667,Narrow,Bearish,Below CPR,False,True,0.1,60,1672415881.55,Lower,True,Risk Off,True,39.82142857142857,1285.5230000000001,1158.3115,0.012556053811659194,1.594438836127662,False,True,No setup,Neutral,0,Not applicable,No directional setup; confirmation score not applicable.,Narrow CPR,Not applicable,Not applicable,Narrow CPR; Wide CPR rules not applied,0,0,0,0
2026-10-01,2026-10-01,CM,NSE,STK,759934,INE04VU01023,STYL,EQ,,,,,SESHAASAI TECHNOLOGIES L,369.0,375.0,357.45,366.0,365.0,369.95,,366.0,,,122778,44935335.8,4487,F1,1,,,,,,Cash Only,Unclassified,False,366.15000000000003,366.225,366.07500000000005,366.225,366.07500000000005,0.14999999999997726,0.040983606557370836,Narrow,Bearish,Below CPR,False,True,0.05,60,51215508.075,Lower,True,Risk Off,True,19.528571428571432,380.55799999999994,342.278,0.007681053401608198,0.8773775266311267,False,True,No setup,Neutral,0,Not applicable,No directional setup; confirmation score not applicable.,Narrow CPR,Not applicable,Not applicable,Narrow CPR; Wide CPR rules not applied,0,0,0,0
2026-10-01,2026-10-01,CM,NSE,STK,14466,INE884B01025,KIRLFER,EQ,,,,,KIRLOSKAR FERROUS IND LTD,472.0,472.0,460.25,465.85,469.7,470.0,,465.85,,,105289,48962172.9,5905,F1,1,,,,,,Cash Only,Unclassified,False,466.0333333333333,466.125,465.9416666666666,466.125,465.9416666666666,0.18333333333339397,0.03935458480914328,Narrow,Bearish,Below CPR,False,True,0.06666666666666667,60,34622674.75,Lower,True,Risk Off,True,12.939285714285704,459.34299999999996,455.0405,0.01416873677431696,1.4141649440299235,True,True,No setup,Neutral,0,Not applicable,No directional setup; confirmation score not applicable.,Narrow CPR,Not applicable,Not applicable,Narrow CPR; Wide CPR rules not applied,0,0,0,0
2026-10-01,2026-10-01,CM,NSE,STK,15313,INE821I01022,IRB,EQ,,,,,IRB INFRA DEV LTD.,17.2,17.2,16.82,17.0,16.98,17.49,,17.0,,,10838420,184262624.06,34465,F1,1,,,,,,Cash Only,Construction,True,17.006666666666664,17.009999999999998,17.00333333333333,17.009999999999998,17.00333333333333,0.006666666666667709,0.03921568627451593,Narrow,Bearish,Below CPR,False,True,0.03333333333333333,60,141118444.96,Lower,True,Risk Off,True,0.551428571428571,19.081999999999997,19.9995,0.012089810017273056,1.3057302616410575,False,False,No setup,Neutral,0,Not applicable,No directional setup; confirmation score not applicable.,Narrow CPR,Not applicable,Not applicable,Narrow CPR; Wide CPR rules not applied,0,0,0,0
2026-10-01,2026-10-01,CM,NSE,STK,22656,INE0KGZ01021,SIGNPOST,EQ,,,,,SIGNPOST INDIA LIMITED,262.25,265.0,254.1,259.4,261.7,262.0,,259.47,,,72245,18757147.75,1403,F1,1,,,,,,Cash Only,Unclassified,False,259.5,259.55,259.45,259.55,259.45,0.10000000000002274,0.0385505011565238,Narrow,Bearish,Below CPR,False,True,0.06666666666666667,60,19738375.325000003,Lower,True,Risk Off,True,11.239285714285723,270.27,277.1545,0.008897362567526643,0.9502883312915217,False,False,No setup,Neutral,0,Not applicable,No directional setup; confirmation score not applicable.,Narrow CPR,Not applicable,Not applicable,Narrow CPR; Wide CPR rules not applied,0,0,0,0
2026-10-01,2026-10-01,CM,NSE,STK,817,INE500A01029,DCW,EQ,,,,,DCW LTD,45.61,45.61,43.68,44.62,44.68,45.62,,44.62,,,1389318,61959279.49,6031,F1,1,,,,,,Cash Only,Unclassified,False,44.63666666666666,44.644999999999996,44.62833333333333,44.644999999999996,44.62833333333333,0.01666666666666572,0.03735245779172058,Narrow,Bearish,Below CPR,False,True,0.016666666666666666,60,43540470.72,Lower,True,Risk Off,True,1.903571428571429,46.1422,46.9239,0.008755472170105817,1.4230273229806736,False,False,No setup,Neutral,0,Not applicable,No directional setup; confirmation score not applicable.,Narrow CPR,Not applicable,Not applicable,Narrow CPR; Wide CPR rules not applied,0,0,0,0
2026-10-01,2026-10-01,CM,NSE,STK,2283,INE103A01014,MRPL,EQ,,,,,MRPL,167.27,168.2,161.5,164.76,163.93,169.29,,164.76,,,12948377,2123000998.19,75501,F1,1,,,,,,Cash Only,Oil Gas & Consumable Fuels,True,164.82,164.85,164.79,164.85,164.79,0.060000000000002274,0.03641660597232477,Narrow,Bearish,Below CPR,False,True,0.05,60,1373055992.4099998,Lower,True,Risk Off,True,7.694285714285714,170.85299999999998,163.27110000000002,0.007797994801337095,1.5461867614471354,False,True,No setup,Neutral,0,Not applicable,No directional setup; confirmation score not applicable.,Narrow CPR,Not applicable,Not applicable,Narrow CPR; Wide CPR rules not applied,0,0,0,0
2026-10-01,2026-10-01,CM,NSE,STK,255,INE368I01016,NIRAJ,EQ,,,,,NIRAJ CEMENT STRUC LTD,28.4,28.4,27.11,27.74,27.8,27.66,,27.74,,,2960,82172.09,55,F1,1,,,,,,Cash Only,Unclassified,False,27.75,27.755,27.745,27.755,27.745,0.00999999999999801,0.03604902667627257,Narrow,Bearish,Below CPR,False,True,0.03333333333333333,60,1334335.28,Lower,True,Risk Off,True,1.597857142857143,29.123800000000003,28.789700000000003,0.006258381761286192,0.06158279049625368,False,False,No setup,Neutral,0,Not applicable,No directional setup; confirmation score not applicable.,Narrow CPR,Not applicable,Not applicable,Narrow CPR; Wide CPR rules not applied,0,0,0,0
2026-10-01,2026-10-01,CM,NSE,STK,8687,INE374B01019,MUKTAARTS,EQ,,,,,MUKTA ARTS LIMITED,55.15,58.79,53.11,55.92,54.6,57.09,,55.92,,,1911,106736.6,85,F1,1,,,,,,Cash Only,Unclassified,False,55.94,55.95,55.92999999999999,55.95,55.92999999999999,0.020000000000010232,0.03576537911303689,Narrow,Bearish,Below CPR,False,True,0.016666666666666666,60,312870.52,Lower,True,Risk Off,True,3.5892857142857153,58.387,54.794500000000006,0.005572139303485436,0.3411526276109363,False,True,No setup,Neutral,0,Not applicable,No directional setup; confirmation score not applicable.,Narrow CPR,Not applicable,Not applicable,Narrow CPR; Wide CPR rules not applied,0,0,0,0
2026-10-01,2026-10-01,CM,NSE,STK,25328,INE901L01018,APLLTD,EQ,,,,,ALEMBIC PHARMA LTD,816.0,827.85,803.5,815.25,819.0,825.45,,815.24,,,327528,266970841.3,27711,F1,1,,,,,,Cash Only,Unclassified,False,815.5333333333333,815.675,815.3916666666667,815.675,815.3916666666667,0.283333333333303,0.034754165388936276,Narrow,Bearish,Below CPR,False,True,0.06666666666666667,60,93713452.5,Lower,True,Risk Off,True,28.56071428571428,823.83,800.9794999999999,0.009920386811720004,2.8487995498831933,False,True,No setup,Neutral,0,Not applicable,No directional setup; confirmation score not applicable.,Narrow CPR,Not applicable,Not applicable,Narrow CPR; Wide CPR rules not applied,0,0,0,0
2026-10-01,2026-10-01,CM,NSE,STK,6818,INE0I7C01011,LATENTVIEW,EQ,,,,,LATENT VIEW ANALYTICS LTD,236.2,239.2,230.0,234.48,235.98,236.0,,234.51,,,421557,98715417.19,11479,F1,1,,,,,,Cash Only,Information Technology,True,234.55999999999997,234.6,234.51999999999995,234.6,234.51999999999995,0.08000000000004093,0.03411804844764625,Narrow,Bearish,Below CPR,False,True,0.11666666666666667,60,122066128.025,Lower,True,Risk Off,True,6.928571428571431,274.6436,288.5338,0.011546391752583223,0.8087044193765398,False,False,No setup,Neutral,0,Not applicable,No directional setup; confirmation score not applicable.,Narrow CPR,Not applicable,Not applicable,Narrow CPR; Wide CPR rules not applied,0,0,0,0
2026-10-01,2026-10-01,CM,NSE,STK,3220,INE670K01029,LODHA,EQ,,,,,LODHA DEVELOPERS LIMITED,1116.0,1129.0,1083.3,1105.6,1105.6,1135.0,,1105.6,,,2249380,2485384011.4,57251,F1,1,,,,,,F&O + Cash,Realty,True,1105.9666666666667,1106.15,1105.7833333333333,1106.15,1105.7833333333333,0.36666666666678793,0.033164495899673296,Narrow,Bearish,Below CPR,False,True,0.03333333333333333,60,1807158176.9,Lower,True,Risk Off,True,42.10000000000002,1198.587,1087.5729999999999,0.008709422011087594,1.375299651778921,False,True,No setup,Neutral,0,Not applicable,No directional setup; confirmation score not applicable.,Narrow CPR,Not applicable,Not applicable,Narrow CPR; Wide CPR rules not applied,0,0,-2,-2
2026-10-01,2026-10-01,CM,NSE,STK,19223,INE586V01016,TCIEXP,EQ,,,,,TCI EXPRESS LIMITED,513.9,513.9,496.1,504.75,509.5,521.65,,504.79,,,93406,47159962.4,5272,F1,1,,,,,,Cash Only,Unclassified,False,504.9166666666667,505.0,504.83333333333337,505.0,504.83333333333337,0.16666666666662877,0.03301964668977291,Narrow,Bearish,Below CPR,False,True,0.03333333333333333,60,18942026.45,Lower,True,Risk Off,True,27.489285714285717,536.647,532.794,0.006062968256029109,2.489699954990824,False,False,No setup,Neutral,0,Not applicable,No directional setup; confirmation score not applicable.,Narrow CPR,Not applicable,Not applicable,Narrow CPR; Wide CPR rules not applied,0,0,0,0
2026-10-01,2026-10-01,CM,NSE,STK,1348,INE158A01026,HEROMOTOCO,EQ,,,,,HERO MOTOCORP LIMITED,5235.0,5290.0,5051.0,5168.0,5168.0,5241.0,,5168.01,,,862662,4459973225.5,77810,F1,1,,,,,,F&O + Cash,Automobile and Auto Components,True,5169.666666666667,5170.5,5168.833333333334,5170.5,5168.833333333334,1.6666666666660603,0.03224974200205225,Narrow,Bearish,Below CPR,False,True,0.016666666666666666,60,2901419285.65,Lower,True,Risk Off,True,123.21428571428571,5447.482,5191.162,0.013526570048304258,1.5371694975484522,False,False,No setup,Neutral,0,Not applicable,No directional setup; confirmation score not applicable.,Narrow CPR,Not applicable,Not applicable,Narrow CPR; Wide CPR rules not applied,0,0,0,0
2026-10-01,2026-10-01,CM,NSE,STK,6600,INE949P01018,GENUSPAPER,EQ,,,,,GENUS P&B LIMITED,10.7,10.77,10.3,10.53,10.55,10.64,,10.53,,,43515,458437.63,218,F1,1,,,,,,Cash Only,Unclassified,False,10.533333333333333,10.535,10.531666666666666,10.535,10.531666666666666,0.0033333333333338544,0.031655587211147716,Narrow,Bearish,Below CPR,False,True,0.016666666666666666,60,1005914.89,Lower,True,Risk Off,True,0.7000000000000002,11.808200000000001,11.9946,0.004761904761905505,0.4557419664003582,False,False,No setup,Neutral,0,Not applicable,No directional setup; confirmation score not applicable.,Narrow CPR,Not applicable,Not applicable,Narrow CPR; Wide CPR rules not applied,0,0,0,0
2026-10-01,2026-10-01,CM,NSE,STK,763839,INE17QZ01016,KNACK,EQ,,,,,KNACK PACKAGING LIMITED,181.58,183.5,178.01,180.67,180.3,180.0,,180.68,,,634416,114592321.54,8429,F1,1,,,,,,Cash Only,Unclassified,False,180.72666666666666,180.755,180.69833333333332,180.755,180.69833333333332,0.05666666666667197,0.031364734967992455,Narrow,Bearish,Below CPR,False,True,0.016666666666666666,60,161690471.305,Higher,True,Risk Off,True,6.427142857142861,192.67120000000003,,0.008816774097948513,0.7087141290091374,False,False,No setup,Neutral,0,Not applicable,No directional setup; confirmation score not applicable.,Narrow CPR,Not applicable,Not applicable,Narrow CPR; Wide CPR rules not applied,0,0,0,0
2026-10-01,2026-10-01,CM,NSE,STK,13859,INE411B01019,VENUSREM,EQ,,,,,VENUS REMEDIES LIMITED,1877.0,1880.0,1715.0,1796.7,1805.0,1796.1,,1795.15,,,116523,211967234.0,10270,F1,1,,,,,,Cash Only,Unclassified,False,1797.2333333333333,1797.5,1796.9666666666667,1797.5,1796.9666666666667,0.533333333333303,0.029684050388673847,Narrow,Bearish,Below CPR,False,True,0.1,60,58263226.75,Higher,True,Risk Off,True,113.01428571428569,1246.576,977.166,0.004719167404036306,3.6380963743996553,True,True,No setup,Neutral,0,Not applicable,No directional setup; confirmation score not applicable.,Narrow CPR,Not applicable,Not applicable,Narrow CPR; Wide CPR rules not applied,0,0,0,0
2026-10-01,2026-10-01,CM,NSE,STK,7420,INE859Q01017,MANAKALUCO,EQ,,,,,MANAK ALUMINIUM CO. LTD.,34.55,34.55,33.0,33.76,33.61,34.32,,33.75,,,43425,1453497.27,683,F1,1,,,,,,Cash Only,Unclassified,False,33.77,33.775,33.76500000000001,33.775,33.76500000000001,0.009999999999990905,0.02962085308054178,Narrow,Bearish,Below CPR,False,True,0.03333333333333333,60,1959947.295,Lower,True,Risk Off,True,1.4992857142857134,37.197199999999995,36.798700000000004,0.006669842782271213,0.7416001816518235,False,False,No setup,Neutral,0,Not applicable,No directional setup; confirmation score not applicable.,Narrow CPR,Not applicable,Not applicable,Narrow CPR; Wide CPR rules not applied,0,0,0,0
2026-10-01,2026-10-01,CM,NSE,STK,25907,INE377N01017,WAAREEENER,EQ,,,,,WAAREE ENERGIES LIMITED,2374.0,2380.9,2301.1,2340.0,2340.0,2374.4,,2340.03,,,841593,1970259094.5,57977,F1,1,,,,,,F&O + Cash,Capital Goods,True,2340.6666666666665,2341.0,2340.333333333333,2341.0,2340.333333333333,0.6666666666669698,0.028490028490041445,Narrow,Bearish,Below CPR,False,True,0.06666666666666667,60,1392040750.45,Lower,True,Risk Off,True,67.23571428571427,2608.9339999999997,2793.928,0.009915365274978839,1.415374581428799,False,False,No setup,Neutral,0,Not applicable,No directional setup; confirmation score not applicable.,Narrow CPR,Not applicable,Not applicable,Narrow CPR; Wide CPR rules not applied,0,-2,0,-2
2026-10-01,2026-10-01,CM,NSE,STK,2316,INE578A01017,HEIDELBERG,EQ,,,,,HEIDELBERGCEMENT (I) LTD,132.8,132.8,128.45,130.57,130.03,132.6,,130.58,,,133605,17385683.77,4041,F1,1,,,,,,Cash Only,Unclassified,False,130.60666666666665,130.625,130.5883333333333,130.625,130.5883333333333,0.03666666666669016,0.02808199943837801,Narrow,Bearish,Below CPR,False,True,0.06666666666666667,60,15377204.01,Lower,True,Risk Off,True,4.867142857142858,152.68380000000002,153.936,0.007533509441351074,1.1306141063546962,False,False,No setup,Neutral,0,Not applicable,No directional setup; confirmation score not applicable.,Narrow CPR,Not applicable,Not applicable,Narrow CPR; Wide CPR rules not applied,0,0,0,0
2026-10-01,2026-10-01,CM,NSE,STK,18026,INE423Y01016,SBFC,EQ,,,,,SBFC FINANCE LIMITED,84.68,85.4,83.05,84.19,84.32,85.48,,84.19,,,1235866,104426418.61,18877,F1,1,,,,,,Cash Only,Financial Services,True,84.21333333333332,84.225,84.20166666666665,84.225,84.20166666666665,0.023333333333340533,0.027715088886257913,Narrow,Bearish,Below CPR,False,True,0.05,60,79882659.99,Lower,True,Risk Off,True,2.536428571428572,93.5886,92.80599999999998,0.009199286585941071,1.3072476382618266,False,False,No setup,Neutral,0,Not applicable,No directional setup; confirmation score not applicable.,Narrow CPR,Not applicable,Not applicable,Narrow CPR; Wide CPR rules not applied,0,0,0,0
2026-10-01,2026-10-01,CM,NSE,STK,18131,INE616Z01012,YASHO,EQ,,,,,YASHO INDUSTRIES LIMITED,3945.0,4133.3,3942.0,4036.0,3995.0,4005.4,,4035.65,,,22593,91018510.4,5739,F1,1,,,,,,Cash Only,Unclassified,False,4037.1,4037.65,4036.5499999999997,4037.65,4036.5499999999997,1.1000000000003638,0.02725470763132715,Narrow,Bearish,Below CPR,False,True,0.03333333333333333,60,113349997.95,Overlapping,True,Risk Off,True,223.37857142857143,4040.08,3307.8790000000004,0.004924375659516225,0.8029864318140466,False,True,No setup,Neutral,0,Not applicable,No directional setup; confirmation score not applicable.,Narrow CPR,Not applicable,Not applicable,Narrow CPR; Wide CPR rules not applied,0,0,-2,-2
2026-10-01,2026-10-01,CM,NSE,STK,18252,INE212I01016,SPAL,EQ,,,,,S. P. APPARELS LIMITED,964.6,966.15,905.8,935.6,949.0,964.6,,935.82,,,57570,53338655.0,4090,F1,1,,,,,,Cash Only,Unclassified,False,935.8499999999999,935.9749999999999,935.7249999999999,935.9749999999999,935.7249999999999,0.25,0.026720820863616927,Narrow,Bearish,Below CPR,False,True,0.016666666666666666,60,64570976.4,Lower,True,Risk Off,True,34.66785714285715,993.191,962.073,0.007211290821056968,0.8260469017779946,False,False,No setup,Neutral,0,Not applicable,No directional setup; confirmation score not applicable.,Narrow CPR,Not applicable,Not applicable,Narrow CPR; Wide CPR rules not applied,0,0,0,0
2026-10-01,2026-10-01,CM,NSE,STK,275,INE406A01037,AUROPHARMA,EQ,,,,,AUROBINDO PHARMA LTD,1677.9,1700.7,1654.2,1676.8,1676.8,1672.0,,1676.8,,,1074057,1799514084.0,49693,F1,1,,,,,,F&O + Cash,Healthcare,True,1677.2333333333333,1677.45,1677.0166666666667,1677.45,1677.0166666666667,0.43333333333339397,0.025842875318069777,Narrow,Bearish,Below CPR,False,True,0.016666666666666666,60,1310995166.75,Inside,True,Risk Off,True,37.97857142857148,1643.7920000000001,1574.729,0.011409942950286831,1.372632126830074,True,True,No setup,Neutral,0,Not applicable,No directional setup; confirmation score not applicable.,Narrow CPR,Not applicable,Not applicable,Narrow CPR; Wide CPR rules not applied,0,0,0,0
2026-10-01,2026-10-01,CM,NSE,STK,13577,INE540H01012,VOLTAMP,EQ,,,,,VOLTAMP TRANSFORMERS LTD,10509.0,10575.0,10285.0,10426.0,10464.0,10500.0,,10425.36,,,16047,166704844.0,7055,F1,1,,,,,,Cash Only,Unclassified,False,10428.666666666666,10430.0,10427.333333333332,10430.0,10427.333333333332,2.6666666666678793,0.025577082933703043,Narrow,Bearish,Below CPR,False,True,0.06666666666666667,60,239642564.0,Lower,True,Risk Off,True,333.5,10433.54,10035.285,0.007996001999004135,0.6956395442338866,False,True,No setup,Neutral,0,Not applicable,No directional setup; confirmation score not applicable.,Narrow CPR,Not applicable,Not applicable,Narrow CPR; Wide CPR rules not applied,0,0,0,0
2026-10-01,2026-10-01,CM,NSE,STK,6908,INE270I01022,VISHNU,EQ,,,,,VISHNU CHEMICALS LIMITED,669.95,676.95,640.05,658.25,658.0,664.5,,658.26,,,95244,62539935.8,6717,F1,1,,,,,,Cash Only,Unclassified,False,658.4166666666666,658.5,658.3333333333333,658.5,658.3333333333333,0.16666666666674246,0.02531966071655791,Narrow,Bearish,Below CPR,False,True,0.06666666666666667,60,57972224.925,Lower,True,Risk Off,True,24.421428571428578,653.44,628.671,0.00682460758506696,1.078791367433445,True,True,No setup,Neutral,0,Not applicable,No directional setup; confirmation score not applicable.,Narrow CPR,Not applicable,Not applicable,Narrow CPR; Wide CPR rules not applied,0,0,0,0
2026-10-01,2026-10-01,CM,NSE,STK,25073,INE02ID01020,RAYMONDLSL,EQ,,,,,RAYMOND LIFESTYLE LIMITED,639.7,640.8,615.0,627.7,625.0,642.05,,627.74,,,198109,124105566.05,11288,F1,1,,,,,,Cash Only,Unclassified,False,627.8333333333334,627.9,627.7666666666668,627.9,627.7666666666668,0.13333333333321207,0.02124156975198535,Narrow,Bearish,Below CPR,False,True,0.03333333333333333,60,100873911.3,Lower,True,Risk Off,True,27.678571428571427,697.1190000000001,728.8625,0.004817204301070888,1.2303038957308678,False,False,No setup,Neutral,0,Not applicable,No directional setup; confirmation score not applicable.,Narrow CPR,Not applicable,Not applicable,Narrow CPR; Wide CPR rules not applied,0,0,0,0
2026-10-01,2026-10-01,CM,NSE,STK,13337,INE297H01019,GALLANTT,EQ,,,,,GALLANTT ISPAT LIMITED,536.9,538.45,522.15,530.15,531.35,537.5,,530.0,,,48279,25563443.8,3471,F1,1,,,,,,Cash Only,Capital Goods,True,530.25,530.3,530.2,530.3,530.2,0.09999999999990905,0.018862586060531747,Narrow,Bearish,Below CPR,False,True,0.03333333333333333,60,33747717.375,Lower,True,Risk Off,True,19.36428571428573,569.168,625.3425,0.005164146071555608,0.7574866031957813,False,False,No setup,Neutral,0,Not applicable,No directional setup; confirmation score not applicable.,Narrow CPR,Not applicable,Not applicable,Narrow CPR; Wide CPR rules not applied,0,0,0,0
2026-10-01,2026-10-01,CM,NSE,STK,20788,INE0FRK01020,MOTISONS,EQ,,,,,MOTISONS JEWELLERS LTD,18.0,18.3,17.47,17.88,17.86,18.0,,17.88,,,28260057,508258649.66,53956,F1,1,,,,,,Cash Only,Unclassified,False,17.88333333333333,17.884999999999998,17.88166666666666,17.884999999999998,17.88166666666666,0.003333333333337407,0.018642803877725992,Narrow,Bearish,Below CPR,False,True,0.03333333333333333,60,496251301.64,Lower,True,Risk Off,True,1.174285714285715,16.014,14.596000000000002,0.0028386050283895174,1.024196103829488,True,True,No setup,Neutral,0,Not applicable,No directional setup; confirmation score not applicable.,Narrow CPR,Not applicable,Not applicable,Narrow CPR; Wide CPR rules not applied,0,0,0,0
2026-10-01,2026-10-01,CM,NSE,STK,21614,INE674K01013,ABCAPITAL,EQ,,,,,ADITYA BIRLA CAPITAL LTD.,378.6,380.1,370.2,375.05,375.05,380.6,,375.05,,,5001023,1868806863.4,83789,F1,1,,,,,,F&O + Cash,Financial Services,True,375.1166666666666,375.15,375.08333333333326,375.15,375.08333333333326,0.06666666666671972,0.017775407723428803,Narrow,Bearish,Below CPR,False,True,0.016666666666666666,60,1042613131.575,Lower,True,Risk Off,True,10.28571428571429,400.74899999999997,387.56699999999995,0.006481481481486637,1.7924259793054103,False,False,No setup,Neutral,0,Not applicable,No directional setup; confirmation score not applicable.,Narrow CPR,Not applicable,Not applicable,Narrow CPR; Wide CPR rules not applied,0,0,0,0
2026-10-01,2026-10-01,CM,NSE,STK,13538,INE669C01036,TECHM,EQ,,,,,TECH MAHINDRA LIMITED,1540.0,1554.8,1512.0,1533.0,1533.0,1524.0,,1534.23,,,2663224,4079850567.8,99936,F1,1,,,,,,F&O + Cash,Information Technology,True,1533.2666666666667,1533.4,1533.1333333333332,1533.4,1533.1333333333332,0.2666666666668789,0.017395085888250415,Narrow,Bearish,Below CPR,False,True,0.05,60,3164972045.6,Inside,True,Risk Off,True,39.585714285714324,1590.2939999999999,1523.4819999999997,0.006736436906056118,1.2890636975678444,False,True,No setup,Neutral,0,Not applicable,No directional setup; confirmation score not applicable.,Narrow CPR,Not applicable,Not applicable,Narrow CPR; Wide CPR rules not applied,0,0,0,0
2026-10-01,2026-10-01,CM,NSE,STK,6961,INE071D01033,MENONBE,EQ,,,,,MENON BEARINGS LIMITED,295.65,295.95,281.0,288.4,284.0,296.2,,288.42,,,66161,19009403.25,1877,F1,1,,,,,,Cash Only,Unclassified,False,288.45,288.475,288.42499999999995,288.475,288.42499999999995,0.05000000000006821,0.01733703190016235,Narrow,Bearish,Below CPR,False,True,0.016666666666666666,60,16249864.45,Lower,True,Risk Off,True,21.726428571428567,158.0844,137.9847,0.0023013446428015753,1.1698191888609877,True,True,No setup,Neutral,0,Not applicable,No directional setup; confirmation score not applicable.,Narrow CPR,Not applicable,Not applicable,Narrow CPR; Wide CPR rules not applied,0,0,0,0
2026-10-01,2026-10-01,CM,NSE,STK,764778,INE898Q01015,MIIL,EQ,,,,,MEGHNA INFRACON INFRA L,683.0,693.45,661.0,677.05,684.0,682.05,,677.04,,,61981,41766682.75,1600,F1,1,,,,,,Cash Only,Unclassified,False,677.1666666666666,677.225,677.1083333333332,677.225,677.1083333333332,0.11666666666678793,0.01723161755657454,Narrow,Bearish,Below CPR,False,True,0.09090909090909091,33,55131920.5,Lower,True,Risk Off,True,28.982142857142858,,,0.004025467241737599,0.7575771417213736,False,False,No setup,Neutral,0,Not applicable,No directional setup; confirmation score not applicable.,Narrow CPR,Not applicable,Not applicable,Narrow CPR; Wide CPR rules not applied,0,0,0,0
2026-10-01,2026-10-01,CM,NSE,STK,29008,INE105A01035,TVSHLTD,EQ,,,,,TVS HOLDINGS LIMITED,12116.0,12117.0,11661.0,11886.0,11877.0,12107.0,,11885.99,,,21777,258353247.0,5801,F1,1,,,,,,Cash Only,Unclassified,False,11888.0,11889.0,11887.0,11889.0,11887.0,2.0,0.016826518593303048,Narrow,Bearish,Below CPR,False,True,0.05,60,68602142.0,Lower,True,Risk Off,True,411.0,13648.52,13677.87,0.004866180048661801,3.7659647274570522,False,False,No setup,Neutral,0,Not applicable,No directional setup; confirmation score not applicable.,Narrow CPR,Not applicable,Not applicable,Narrow CPR; Wide CPR rules not applied,0,0,0,0
2026-10-01,2026-10-01,CM,NSE,STK,765125,INE588G01021,MLKFOOD,EQ,,,,,MILKFOOD LTD.,85.8,85.8,82.5,84.13,84.99,83.36,,83.8,,,10413,874851.0,178,F1,1,,,,,,Cash Only,Unclassified,False,84.14333333333333,84.15,84.13666666666666,84.15,84.13666666666666,0.013333333333349628,0.01584848845043341,Narrow,Bearish,Below CPR,False,True,0.06060606060606061,33,397412.91,Higher,True,Risk Off,True,5.712142857142857,,,0.002334208661584279,2.2013653255501944,False,False,No setup,Neutral,0,Not applicable,No directional setup; confirmation score not applicable.,Narrow CPR,Not applicable,Not applicable,Narrow CPR; Wide CPR rules not applied,0,0,0,0
2026-10-01,2026-10-01,CM,NSE,STK,9539,INE732S01012,SAKAR,EQ,,,,,SAKAR HEALTHCARE LIMITED,1080.2,1108.0,1042.5,1075.0,1089.0,1093.05,,1075.0,,,97461,104572869.1,8407,F1,1,,,,,,Cash Only,Unclassified,False,1075.1666666666667,1075.25,1075.0833333333335,1075.25,1075.0833333333335,0.16666666666651508,0.015503875968978146,Narrow,Bearish,Below CPR,False,True,0.05,60,107379127.1,Lower,True,Risk Off,True,71.32500000000002,984.133,895.2545000000001,0.0023367215796216622,0.9738658892487868,True,True,No setup,Neutral,0,Not applicable,No directional setup; confirmation score not applicable.,Narrow CPR,Not applicable,Not applicable,Narrow CPR; Wide CPR rules not applied,0,0,0,0
2026-10-01,2026-10-01,CM,NSE,STK,24398,INE168P01015,EMCURE,EQ,,,,,EMCURE PHARMACEUTICALS L,1927.5,1974.0,1916.1,1944.6,1934.0,1943.0,,1944.58,,,69846,135462377.1,10433,F1,1,,,,,,Cash Only,Healthcare,True,1944.8999999999999,1945.05,1944.7499999999998,1945.05,1944.7499999999998,0.3000000000001819,0.015427337241601455,Narrow,Bearish,Below CPR,False,True,0.03333333333333333,60,230819949.15,Higher,True,Risk Off,True,63.02142857142859,1926.7240000000002,1847.1370000000002,0.004760285617139913,0.5868746509946104,True,True,No setup,Neutral,0,Not applicable,No directional setup; confirmation score not applicable.,Narrow CPR,Not applicable,Not applicable,Narrow CPR; Wide CPR rules not applied,0,0,0,0
2026-10-01,2026-10-01,CM,NSE,STK,395,INE258A01024,BEML,EQ,,,,,BEML LIMITED,1960.0,1995.5,1930.0,1962.3,1960.0,1992.4,,1962.23,,,198724,390161750.7,20932,F1,1,,,,,,Cash Only,Capital Goods,True,1962.6000000000001,1962.75,1962.4500000000003,1962.75,1962.4500000000003,0.29999999999972715,0.015288182235118339,Narrow,Bearish,Below CPR,False,True,0.03333333333333333,60,461408819.75,Lower,True,Risk Off,True,73.14999999999999,1931.5720000000001,1862.045,0.0041011619958951084,0.845587977515031,True,True,No setup,Neutral,0,Not applicable,No directional setup; confirmation score not applicable.,Narrow CPR,Not applicable,Not applicable,Narrow CPR; Wide CPR rules not applied,0,0,0,0
2026-10-01,2026-10-01,CM,NSE,STK,1530,INE323C01030,INDIANHUME,EQ,,,,,INDIAN HUME PIPE CO. LTD.,354.5,354.5,337.85,346.1,346.5,352.8,,346.1,,,33765,11625511.9,2445,F1,1,,,,,,Cash Only,Unclassified,False,346.15000000000003,346.175,346.12500000000006,346.175,346.12500000000006,0.049999999999954525,0.014446691707585821,Narrow,Bearish,Below CPR,False,True,0.016666666666666666,60,18249378.35,Lower,True,Risk Off,True,14.032142857142853,376.555,354.63449999999995,0.0035632476457081374,0.637036050052631,False,False,No setup,Neutral,0,Not applicable,No directional setup; confirmation score not applicable.,Narrow CPR,Not applicable,Not applicable,Narrow CPR; Wide CPR rules not applied,0,0,0,0
2026-10-01,2026-10-01,CM,NSE,STK,2988,INE583B01015,SANDESH,EQ,,,,,SANDESH LTD,1000.4,1000.4,980.1,990.05,989.65,999.3,,990.05,,,302,298046.3,53,F1,1,,,,,,Cash Only,Unclassified,False,990.1833333333334,990.25,990.1166666666668,990.25,990.1166666666668,0.13333333333321207,0.013467333299652752,Narrow,Bearish,Below CPR,False,True,0.05,60,626839.45,Lower,True,Risk Off,True,33.342857142857156,1033.335,1008.839,0.003998857469290849,0.47547470089829225,False,False,No setup,Neutral,0,Not applicable,No directional setup; confirmation score not applicable.,Narrow CPR,Not applicable,Not applicable,Narrow CPR; Wide CPR rules not applied,0,0,0,0
2026-10-01,2026-10-01,CM,NSE,STK,17963,INE239A01024,NESTLEIND,EQ,,,,,NESTLE INDIA LIMITED,1301.9,1320.9,1295.0,1307.7,1307.7,1310.0,,1307.69,,,1626876,2128006488.8,46131,F1,1,,,,,,F&O + Cash,Fast Moving Consumer Goods,True,1307.8666666666668,1307.95,1307.7833333333335,1307.95,1307.7833333333335,0.16666666666651508,0.012745023068480162,Narrow,Bearish,Below CPR,False,True,0.016666666666666666,60,2273104957.3500004,Lower,True,Risk Off,True,29.014285714285734,1439.55,1431.6190000000001,0.005744296733951771,0.9361672816379069,False,False,No setup,Neutral,0,Not applicable,No directional setup; confirmation score not applicable.,Narrow CPR,Not applicable,Not applicable,Narrow CPR; Wide CPR rules not applied,0,0,0,0
2026-10-01,2026-10-01,CM,NSE,STK,11549,INE435C01024,TEXINFRA,EQ,,,,,TEXMACO INFRA & HOLDG LTD,119.41,122.71,116.11,119.39,120.9,119.41,,119.4,,,344580,41025786.56,4384,F1,1,,,,,,Cash Only,Unclassified,False,119.40333333333332,119.41,119.39666666666665,119.41,119.39666666666665,0.013333333333349628,0.01116788117375796,Narrow,Bearish,Below CPR,False,True,0.05,60,11596964.719999999,Lower,True,Risk Off,True,5.21357142857143,113.71480000000001,109.28389999999999,0.0025574279581709104,3.537631401882889,True,True,No setup,Neutral,0,Not applicable,No directional setup; confirmation score not applicable.,Narrow CPR,Not applicable,Not applicable,Narrow CPR; Wide CPR rules not applied,0,0,0,0
2026-10-01,2026-10-01,CM,NSE,STK,24610,INE005B01027,AVANTEL,EQ,,,,,AVANTEL LIMITED,152.79,153.01,147.6,150.28,150.29,154.06,,150.27,,,1236855,185601757.33,18447,F1,1,,,,,,Cash Only,Unclassified,False,150.29666666666665,150.305,150.2883333333333,150.305,150.2883333333333,0.016666666666708352,0.011090409014312186,Narrow,Bearish,Below CPR,False,True,0.016666666666666666,60,124171561.27,Lower,True,Risk Off,True,6.977857142857145,157.1776,163.93529999999998,0.0023885078650211574,1.4947203323507026,False,False,No setup,Neutral,0,Not applicable,No directional setup; confirmation score not applicable.,Narrow CPR,Not applicable,Not applicable,Narrow CPR; Wide CPR rules not applied,0,0,0,0
2026-10-01,2026-10-01,CM,NSE,STK,9049,INE535D01037,ROTO,EQ,,,,,ROTO PUMPS LIMITED,64.0,64.57,60.77,62.66,62.98,64.58,,62.66,,,377971,23585064.82,3422,F1,1,,,,,,Cash Only,Unclassified,False,62.666666666666664,62.67,62.66333333333333,62.67,62.66333333333333,0.006666666666674814,0.01063942972657966,Narrow,Bearish,Below CPR,False,True,0.016666666666666666,60,21391116.634999998,Lower,True,Risk Off,True,2.5735714285714293,65.3022,64.6566,0.0025904338976810264,1.1025635184191498,False,False,No setup,Neutral,0,Not applicable,No directional setup; confirmation score not applicable.,Narrow CPR,Not applicable,Not applicable,Narrow CPR; Wide CPR rules not applied,0,0,0,0
2026-10-01,2026-10-01,CM,NSE,STK,11374,INE0LQS01015,TIPSFILMS,EQ,,,,,TIPS FILMS LIMITED,318.25,319.9,311.0,315.4,313.55,318.25,,315.41,,,2857,898901.0,213,F1,1,,,,,,Cash Only,Unclassified,False,315.43333333333334,315.45,315.4166666666667,315.45,315.4166666666667,0.03333333333330302,0.010568590150064368,Narrow,Bearish,Below CPR,False,True,0.016666666666666666,60,1555467.625,Lower,True,Risk Off,True,19.867857142857126,347.26,348.3535,0.0016777518125696302,0.5778975952649609,False,False,No setup,Neutral,0,Not applicable,No directional setup; confirmation score not applicable.,Narrow CPR,Not applicable,Not applicable,Narrow CPR; Wide CPR rules not applied,0,0,0,0
2026-10-01,2026-10-01,CM,NSE,STK,759205,INE1FF001016,JKIPL,EQ,,,,,JINKUSHAL INDUSTRIES LTD,96.0,98.8,94.25,96.51,96.5,97.7,,96.5,,,10633,1031944.16,264,F1,1,,,,,,Cash Only,Unclassified,False,96.52,96.525,96.51499999999999,96.525,96.51499999999999,0.010000000000019327,0.01036162055747521,Narrow,Bearish,Below CPR,False,True,0.06666666666666667,60,2991333.87,Lower,True,Risk Off,True,4.153571428571429,91.0614,78.5022,0.0024075666380098115,0.34497792785664544,True,True,No setup,Neutral,0,Not applicable,No directional setup; confirmation score not applicable.,Narrow CPR,Not applicable,Not applicable,Narrow CPR; Wide CPR rules not applied,0,0,-2,-2
2026-10-01,2026-10-01,CM,NSE,STK,21091,INE460H01021,STARCEMENT,EQ,,,,,STAR CEMENT LIMITED,179.43,181.33,175.5,178.39,177.2,181.96,,178.4,,,171575,30518520.64,5296,F1,1,,,,,,Cash Only,Unclassified,False,178.40666666666667,178.41500000000002,178.3983333333333,178.41500000000002,178.3983333333333,0.016666666666708352,0.009342825644211196,Narrow,Bearish,Below CPR,False,True,0.03333333333333333,60,33444508.990000002,Lower,True,Risk Off,True,5.282857142857141,193.96959999999999,202.45640000000003,0.003154858482070268,0.912512145091594,False,False,No setup,Neutral,0,Not applicable,No directional setup; confirmation score not applicable.,Narrow CPR,Not applicable,Not applicable,Narrow CPR; Wide CPR rules not applied,0,0,0,0
2026-10-01,2026-10-01,CM,NSE,STK,2421,INE310A01015,NILKAMAL,EQ,,,,,NILKAMAL LIMITED,1901.7,1904.0,1840.0,1871.8,1860.0,1901.7,,1871.86,,,24018,44728346.3,4019,F1,1,,,,,,Cash Only,Unclassified,False,1871.9333333333334,1872.0,1871.8666666666668,1872.0,1871.8666666666668,0.13333333333321207,0.007123268155423234,Narrow,Bearish,Below CPR,False,True,0.016666666666666666,60,69910244.45,Lower,True,Risk Off,True,73.13571428571433,1919.68,1611.5910000000001,0.0018230947032571226,0.6397967372577252,False,True,No setup,Neutral,0,Not applicable,No directional setup; confirmation score not applicable.,Narrow CPR,Not applicable,Not applicable,Narrow CPR; Wide CPR rules not applied,0,0,0,0
2026-10-01,2026-10-01,CM,NSE,STK,28046,INE0HLU01028,MOBIKWIK,EQ,,,,,ONE MOBIKWIK SYSTEMS LTD,196.0,201.5,191.0,196.23,196.0,196.32,,196.24,,,992146,194951142.03,15010,F1,1,,,,,,Cash Only,Unclassified,False,196.24333333333334,196.25,196.23666666666668,196.25,196.23666666666668,0.013333333333321207,0.006794747660052595,Narrow,Bearish,Below CPR,False,True,0.016666666666666666,60,158447950.79,Lower,True,Risk Off,True,11.620714285714287,199.92419999999998,200.3179,0.001147376400925053,1.2303796991882827,False,False,No setup,Neutral,0,Not applicable,No directional setup; confirmation score not applicable.,Narrow CPR,Not applicable,Not applicable,Narrow CPR; Wide CPR rules not applied,0,0,0,0
2026-10-01,2026-10-01,CM,NSE,STK,6445,INE285K01026,TECHNOE,EQ,,,,,TECHNO ELEC & ENG CO. LTD,1009.7,1019.8,977.6,998.6,1001.0,1008.75,,998.52,,,159231,159232589.4,21270,F1,1,,,,,,Cash Only,Construction,True,998.6666666666666,998.7,998.6333333333332,998.7,998.6333333333332,0.06666666666683341,0.0066760130850023434,Narrow,Bearish,Below CPR,False,True,0.016666666666666666,60,136291511.10000002,Lower,True,Risk Off,True,37.61071428571428,993.498,1043.7659999999998,0.0017725445510125683,1.1683236036848077,True,False,No setup,Neutral,0,Not applicable,No directional setup; confirmation score not applicable.,Narrow CPR,Not applicable,Not applicable,Narrow CPR; Wide CPR rules not applied,0,0,0,0
2026-10-01,2026-10-01,CM,NSE,STK,766295,INE0TWE01016,ARMEE,EQ,,,,,ARMEE INFOTECH LIMITED,280.0,288.25,258.5,273.35,273.5,300.0,,273.34,,,7738466,2129075603.85,123368,F1,1,,,,,,Cash Only,Unclassified,False,273.3666666666667,273.375,273.35833333333335,273.375,273.35833333333335,0.01666666666665151,0.006097189195775199,Narrow,Bearish,Below CPR,False,True,0.5,2,2835162373.375,Lower,False,Risk Off,False,,,,,0.7509536751207414,False,False,No setup,Neutral,0,Not applicable,No directional setup; confirmation score not applicable.,Narrow CPR,Not applicable,Not applicable,Narrow CPR; Wide CPR rules not applied,0,0,0,0
2026-10-01,2026-10-01,CM,NSE,STK,6066,INE399L01023,ATGL,EQ,,,,,ADANI TOTAL GAS LIMITED,590.1,594.15,572.05,583.05,583.0,593.9,,583.05,,,812043,473180387.65,34282,F1,1,,,,,,Cash Only,Oil Gas & Consumable Fuels,True,583.0833333333333,583.0999999999999,583.0666666666666,583.0999999999999,583.0666666666666,0.03333333333330302,0.005717062573244665,Narrow,Bearish,Below CPR,False,True,0.03333333333333333,60,453314767.525,Lower,True,Risk Off,True,21.75357142857144,632.8439999999999,668.68,0.0015323154380766442,1.0438230155912678,False,False,No setup,Neutral,0,Not applicable,No directional setup; confirmation score not applicable.,Narrow CPR,Not applicable,Not applicable,Narrow CPR; Wide CPR rules not applied,0,0,0,0
2026-10-01,2026-10-01,CM,NSE,STK,18151,INE395N01027,TVSSCS,EQ,,,,,TVS SUPPLY CHAIN SOL L,130.0,130.86,126.0,128.42,128.01,130.57,,128.42,,,767101,98104082.76,18621,F1,1,,,,,,Cash Only,Unclassified,False,128.42666666666665,128.43,128.4233333333333,128.43,128.4233333333333,0.006666666666717447,0.005191299382274916,Narrow,Bearish,Below CPR,False,True,0.03333333333333333,60,64115958.485,Lower,True,Risk Off,True,4.627142857142855,129.9432,129.68230000000003,0.0014407739014208755,1.5301039722107808,False,False,No setup,Neutral,0,Not applicable,No directional setup; confirmation score not applicable.,Narrow CPR,Not applicable,Not applicable,Narrow CPR; Wide CPR rules not applied,0,0,0,0
2026-10-01,2026-10-01,CM,NSE,STK,18391,INE976G01028,RBLBANK,EQ,,,,,RBL BANK LIMITED,405.05,417.8,405.05,411.4,411.4,403.35,,411.4,,,5387538,2220786661.3,81365,F1,1,,,,,,F&O + Cash,Financial Services,True,411.4166666666667,411.425,411.40833333333336,411.425,411.40833333333336,0.01666666666665151,0.004051207259759725,Narrow,Bearish,Below CPR,False,True,0.016666666666666666,60,1305663747.65,Higher,True,Risk Off,True,11.921428571428569,393.30199999999996,375.06299999999993,0.0013980427401624994,1.700887127560281,True,True,No setup,Neutral,0,Not applicable,No directional setup; confirmation score not applicable.,Narrow CPR,Not applicable,Not applicable,Narrow CPR; Wide CPR rules not applied,0,0,0,0
2026-10-01,2026-10-01,CM,NSE,STK,24735,INE912T01018,RPEL,EQ,,,,,RAGHAV PRODUCTIVITY ENH L,1845.0,1888.0,1750.0,1818.9,1803.0,1809.0,,1818.81,,,180052,329255590.2,24688,F1,1,,,,,,Cash Only,Unclassified,False,1818.9666666666665,1819.0,1818.933333333333,1819.0,1818.933333333333,0.06666666666706078,0.0036652189052207807,Narrow,Bearish,Below CPR,False,True,0.016666666666666666,60,98913995.65,Higher,True,Risk Off,True,106.74285714285715,1559.9400000000003,1340.3515000000002,0.0006245538900822075,3.328705791696526,True,True,No setup,Neutral,0,Not applicable,No directional setup; confirmation score not applicable.,Narrow CPR,Not applicable,Not applicable,Narrow CPR; Wide CPR rules not applied,0,0,0,0
2026-10-01,2026-10-01,CM,NSE,STK,762944,INE077P01034,THACKER,EQ,,,,,THACKER & CO. LTD.,970.0,970.0,900.1,935.0,945.0,954.3,,940.93,,,215,194540.35,53,F1,1,,,,,,Cash Only,Unclassified,False,935.0333333333333,935.05,935.0166666666667,935.05,935.0166666666667,0.03333333333330302,0.003565062388588558,Narrow,Bearish,Below CPR,False,True,0.10869565217391304,46,39992.0,Lower,True,Risk Off,True,57.27142857142858,,,0.0005820237798281893,4.864481646329266,False,False,No setup,Neutral,0,Not applicable,No directional setup; confirmation score not applicable.,Narrow CPR,Not applicable,Not applicable,Narrow CPR; Wide CPR rules not applied,0,0,0,0
2026-10-01,2026-10-01,CM,NSE,STK,20086,INE521J01018,CPCAP,EQ,,,,,CP CAPITAL LIMITED,139.4,144.29,137.42,140.85,140.8,141.59,,140.85,,,14506,2035335.23,513,F1,1,,,,,,Cash Only,Unclassified,False,140.85333333333332,140.855,140.85166666666666,140.855,140.85166666666666,0.0033333333333303017,0.0023665838362302463,Narrow,Bearish,Below CPR,False,True,0.016666666666666666,60,2291192.55,Lower,True,Risk Off,True,7.840714285714289,123.9184,107.0681,0.000425131335215671,0.8883300663665304,True,True,No setup,Neutral,0,Not applicable,No directional setup; confirmation score not applicable.,Narrow CPR,Not applicable,Not applicable,Narrow CPR; Wide CPR rules not applied,0,0,0,0
2026-10-01,2026-10-01,CM,NSE,STK,4410,INE048B01035,JAGSNPHARM,EQ,,,,,JAGSONPAL PHARMACEUTICALS,237.74,238.01,225.46,231.73,232.49,237.74,,231.72,,,144354,33304285.26,4526,F1,1,,,,,,Cash Only,Unclassified,False,231.73333333333335,231.735,231.73166666666668,231.735,231.73166666666668,0.0033333333333303017,0.0014384556739870978,Narrow,Bearish,Below CPR,False,True,0.016666666666666666,60,15554353.51,Lower,True,Risk Off,True,10.054285714285713,233.637,225.09529999999998,0.00033153357961511953,2.1411552231076945,False,True,No setup,Neutral,0,Not applicable,No directional setup; confirmation score not applicable.,Narrow CPR,Not applicable,Not applicable,Narrow CPR; Wide CPR rules not applied,0,0,0,0
2026-10-01,2026-10-01,CM,NSE,STK,18566,INE777K01022,RRKABEL,EQ,,,,,R R KABEL LIMITED,2524.0,2571.5,2465.0,2518.2,2525.0,2518.6,,2518.15,,,377828,954840669.1,45451,F1,1,,,,,,Cash Only,Capital Goods,True,2518.233333333333,2518.25,2518.2166666666662,2518.25,2518.2166666666662,0.033333333333757764,0.001323696820497092,Narrow,Bearish,Below CPR,False,True,0.016666666666666666,60,944214599.1500001,Higher,True,Risk Off,True,78.89285714285718,2628.116,2412.435,0.0004225139580557795,1.0112538716935384,False,True,No setup,Neutral,0,Not applicable,No directional setup; confirmation score not applicable.,Narrow CPR,Not applicable,Not applicable,Narrow CPR; Wide CPR rules not applied,0,0,0,0
