TradDt,BizDt,Sgmt,Src,FinInstrmTp,FinInstrmId,ISIN,SYMBOL,SERIES,XpryDt,FininstrmActlXpryDt,StrkPric,OptnTp,NAME,OPEN,HIGH,LOW,CLOSE,LAST,PREVCLOSE,UndrlygPric,SttlmPric,OpnIntrst,ChngInOpnIntrst,VOLUME,VALUE,TtlNbOfTxsExctd,SsnId,NewBrdLotQty,Rmks,Rsvd1,Rsvd2,Rsvd3,Rsvd4,Segment,Industry,Nifty500,Pivot,BC,TC,CPR_Top,CPR_Bottom,CPR_Width,CPR_Width_Pct,CPR_Class,Bias,Price_Position,Bullish_CPR,Bearish_CPR,Width_Rank_Pct,History_Days,Value_60d,Overlay,History_OK,Regime,Own_Narrow,ATR14,SMA50,SMA100,Width_ATR,Value_Ratio,Above_SMA50,Above_SMA100,Setup,Signal_Direction,Signal_Score,Signal_Grade,Signal_Explanation,Strategy_Type,Strategy_Setup,Strategy_Confirmation,Strategy_Explanation,Daily_Signal,Weekly_Signal,Monthly_Signal,Confluence_Score
2026-09-17,2026-09-17,CM,NSE,STK,757658,INE771F01041,FISCHER,EQ,,,,,FISCHER MEDICAL VENTURE L,32.6,34.0,32.6,33.3,33.3,33.5,,33.3,,,401729,13411553.99,1887,F1,1,,,,,,Cash Only,Unclassified,False,33.3,33.3,33.3,33.3,33.3,0.0,0.0,Narrow,Neutral,Inside CPR,False,False,0.016666666666666666,60,69273419.805,Lower,True,Risk On,False,1.5671428571428565,37.361,36.8469,0.0,0.19360317460510276,False,False,No setup,Neutral,0,Not applicable,No directional setup; confirmation score not applicable.,Narrow CPR,Not applicable,Not applicable,Narrow CPR; Wide CPR rules not applied,0,0,0,0
2026-09-17,2026-09-17,CM,NSE,STK,762854,INE641R01017,QUINT,EQ,,,,,QUINT DIGITAL LTD.,63.66,63.66,63.66,63.66,63.66,57.88,,63.66,,,216505,13782708.3,154,F1,1,,,,,,Cash Only,Unclassified,False,63.66,63.66,63.66,63.66,63.66,0.0,0.0,Narrow,Neutral,Inside CPR,False,False,0.041666666666666664,60,126038.90000000001,Higher,True,Risk On,False,3.30142857142857,40.1298,40.5562,0.0,109.35281329811669,True,True,No setup,Neutral,0,Not applicable,No directional setup; confirmation score not applicable.,Narrow CPR,Not applicable,Not applicable,Narrow CPR; Wide CPR rules not applied,0,0,0,0
2026-09-17,2026-09-17,CM,NSE,STK,9641,INE060B01014,KHANDSE,EQ,,,,,KHANDWALA SECURITIES LTD,17.89,17.9,17.26,17.58,17.59,17.5,,17.58,,,516,9123.65,18,F1,1,,,,,,Cash Only,Unclassified,False,17.58,17.58,17.58,17.58,17.58,0.0,0.0,Narrow,Neutral,Inside CPR,False,False,0.03333333333333333,60,25378.165,Higher,True,Risk On,False,1.31142857142857,17.415399999999998,17.5656,0.0,0.35950786827968056,True,True,No setup,Neutral,0,Not applicable,No directional setup; confirmation score not applicable.,Narrow CPR,Not applicable,Not applicable,Narrow CPR; Wide CPR rules not applied,0,0,0,0
2026-09-17,2026-09-17,CM,NSE,STK,764823,INE883C01025,PACIFICI,EQ,,,,,PACIFIC INDUSTRIES LTD.,148.5,148.5,148.5,148.5,148.5,136.1,,140.4,,,1,148.5,1,F1,1,,,,,,Cash Only,Unclassified,False,148.5,148.5,148.5,148.5,148.5,0.0,0.0,Narrow,Neutral,Inside CPR,False,False,0.06521739130434782,23,52735.43,Higher,True,Risk On,False,7.5214285714285705,,,0.0,0.0028159436644396374,False,False,No setup,Neutral,0,Not applicable,No directional setup; confirmation score not applicable.,Narrow CPR,Not applicable,Not applicable,Narrow CPR; Wide CPR rules not applied,0,0,0,0
2026-09-17,2026-09-17,CM,NSE,STK,765180,INE671C01016,SUNLOC,EQ,,,,,SUNIL HEALTHCARE LTD.,73.49,73.49,73.49,73.49,73.49,73.49,,73.49,,,20,1469.8,1,F1,1,,,,,,Cash Only,Unclassified,False,73.49,73.49,73.49,73.49,73.49,0.0,0.0,Narrow,Neutral,Inside CPR,False,False,0.09523809523809523,21,13605.98,Lower,True,Risk On,False,2.6707142857142836,,,0.0,0.10802602973104473,False,False,No setup,Neutral,0,Not applicable,No directional setup; confirmation score not applicable.,Narrow CPR,Not applicable,Not applicable,Narrow CPR; Wide CPR rules not applied,0,0,0,0
2026-09-17,2026-09-17,CM,NSE,STK,764603,INE032E01017,ARYAMAN,EQ,,,,,ARYAMAN FINANCIAL SERV L,610.0,610.0,610.0,610.0,610.0,610.0,,611.3,,,38,23180.0,2,F1,1,,,,,,Cash Only,Unclassified,False,610.0,610.0,610.0,610.0,610.0,0.0,0.0,Narrow,Neutral,Inside CPR,False,False,0.10869565217391304,23,70119.9,Lower,True,Risk On,False,21.364285714285725,,,0.0,0.3305766266067122,False,False,No setup,Neutral,0,Not applicable,No directional setup; confirmation score not applicable.,Narrow CPR,Not applicable,Not applicable,Narrow CPR; Wide CPR rules not applied,0,0,0,0
2026-09-17,2026-09-17,CM,NSE,STK,764875,INE327G01032,SAYAJIIND,EQ,,,,,SAYAJI INDUSTRIES LTD.,113.0,113.0,113.0,113.0,113.0,113.0,,113.85,,,3,339.0,2,F1,1,,,,,,Cash Only,Unclassified,False,113.0,113.0,113.0,113.0,113.0,0.0,0.0,Narrow,Neutral,Inside CPR,False,False,0.10869565217391304,23,37266.99,Higher,True,Risk On,False,3.5928571428571447,,,0.0,0.009096522150031436,False,False,No setup,Neutral,0,Not applicable,No directional setup; confirmation score not applicable.,Narrow CPR,Not applicable,Not applicable,Narrow CPR; Wide CPR rules not applied,0,0,0,0
2026-09-17,2026-09-17,CM,NSE,STK,759062,INE0KKN01029,RHETAN,EQ,,,,,RHETAN TMT LIMITED,20.59,20.59,20.59,20.59,20.59,21.67,,20.59,,,246581,5077102.79,834,F1,1,,,,,,Cash Only,Unclassified,False,20.59,20.59,20.59,20.59,20.59,0.0,0.0,Narrow,Neutral,Inside CPR,False,False,0.05,60,218786023.26,Lower,True,Risk On,False,1.507857142857143,25.9842,27.1265,0.0,0.023205791276559265,False,False,No setup,Neutral,0,Not applicable,No directional setup; confirmation score not applicable.,Narrow CPR,Not applicable,Not applicable,Narrow CPR; Wide CPR rules not applied,0,0,0,0
2026-09-17,2026-09-17,CM,NSE,STK,4157,INE681C01015,KEYFINSERV,EQ,,,,,KEYNOTE FIN SERV LTD.,246.25,246.25,246.25,246.25,246.25,246.25,,246.25,,,93,22901.25,4,F1,1,,,,,,Cash Only,Unclassified,False,246.25,246.25,246.25,246.25,246.25,0.0,0.0,Narrow,Neutral,Inside CPR,False,False,0.016666666666666666,60,275882.08499999996,Higher,True,Risk On,False,9.942857142857141,256.3016,261.50919999999996,0.0,0.08301100812689596,False,False,No setup,Neutral,0,Not applicable,No directional setup; confirmation score not applicable.,Narrow CPR,Not applicable,Not applicable,Narrow CPR; Wide CPR rules not applied,0,0,0,0
2026-09-17,2026-09-17,CM,NSE,STK,759381,INE296Q01012,MONEYBOXX,EQ,,,,,MONEYBOXX FINANCE LIMITED,51.9,51.9,51.9,51.9,51.9,49.43,,51.91,,,10440,541836.0,44,F1,1,,,,,,Cash Only,Unclassified,False,51.9,51.9,51.9,51.9,51.9,0.0,0.0,Narrow,Neutral,Inside CPR,False,False,0.025,60,841677.26,Higher,True,Risk On,False,5.038571428571428,56.92060000000001,63.6712,0.0,0.6437574421340551,False,False,No setup,Neutral,0,Not applicable,No directional setup; confirmation score not applicable.,Narrow CPR,Not applicable,Not applicable,Narrow CPR; Wide CPR rules not applied,0,0,-2,-2
2026-09-17,2026-09-17,CM,NSE,STK,18727,INE885F01015,MASKINVEST,EQ,,,,,MASK INVESTMENTS LIMITED,137.0,137.0,137.0,137.0,137.0,142.4,,137.0,,,39,5343.0,2,F1,1,,,,,,Cash Only,Unclassified,False,137.0,137.0,137.0,137.0,137.0,0.0,0.0,Narrow,Neutral,Inside CPR,False,False,0.06666666666666667,60,19894.495,Lower,True,Risk On,False,8.551428571428568,142.5522,146.6843,0.0,0.2685667567837233,False,False,No setup,Neutral,0,Not applicable,No directional setup; confirmation score not applicable.,Narrow CPR,Not applicable,Not applicable,Narrow CPR; Wide CPR rules not applied,0,0,0,0
2026-09-17,2026-09-17,CM,NSE,STK,3586,INE514Y01020,MOKSH,EQ,,,,,MOKSH ORNAMENTS LIMITED,10.0,10.0,9.9,9.95,9.93,9.93,,9.95,,,36960,368430.21,198,F1,1,,,,,,Cash Only,Unclassified,False,9.95,9.95,9.95,9.95,9.95,0.0,0.0,Narrow,Neutral,Inside CPR,False,False,0.025,60,826281.325,Lower,True,Risk On,False,0.5685714285714284,10.588000000000001,11.450999999999999,0.0,0.4458895522054792,False,False,No setup,Neutral,0,Not applicable,No directional setup; confirmation score not applicable.,Narrow CPR,Not applicable,Not applicable,Narrow CPR; Wide CPR rules not applied,0,0,0,0
2026-09-17,2026-09-17,CM,NSE,STK,762663,INE669R01026,ELITECON,EQ,,,,,ELITECON INTERNATIONAL L,7.75,7.75,7.75,7.75,7.75,8.15,,7.75,,,642833,4981955.75,2423,F1,1,,,,,,Cash Only,Unclassified,False,7.75,7.75,7.75,7.75,7.75,0.0,0.0,Narrow,Neutral,Inside CPR,False,False,0.06666666666666667,60,33056278.775,Lower,True,Risk On,False,0.5549999999999999,14.718000000000002,22.7552,0.0,0.1507113303318274,False,False,No setup,Neutral,0,Not applicable,No directional setup; confirmation score not applicable.,Narrow CPR,Not applicable,Not applicable,Narrow CPR; Wide CPR rules not applied,0,0,0,0
2026-09-17,2026-09-17,CM,NSE,STK,762670,INE507F01023,EMPOWER,EQ,,,,,EMPOWER INDIA LTD.,2.45,2.56,2.44,2.5,2.53,2.48,,2.5,,,57786293,145164151.22,13594,F1,1,,,,,,Cash Only,Unclassified,False,2.5,2.5,2.5,2.5,2.5,0.0,0.0,Narrow,Neutral,Inside CPR,False,False,0.1774193548387097,31,11039331.18,Higher,True,Risk On,False,0.11357142857142863,,,0.0,13.149723371194305,False,False,No setup,Neutral,0,Not applicable,No directional setup; confirmation score not applicable.,Narrow CPR,Not applicable,Not applicable,Narrow CPR; Wide CPR rules not applied,0,0,0,0
2026-09-17,2026-09-17,CM,NSE,STK,1808,INE217B01036,KAJARIACER,EQ,,,,,KAJARIA CERAMICS LTD,1215.0,1224.4,1210.0,1217.2,1215.0,1215.9,,1217.2,,,78492,95643389.1,6852,F1,1,,,,,,Cash Only,Consumer Durables,True,1217.2,1217.2,1217.2,1217.2,1217.2,0.0,0.0,Narrow,Neutral,Inside CPR,False,False,0.016666666666666666,60,249418704.0,Higher,True,Risk On,False,32.47857142857145,1222.344,1174.3225,0.0,0.38346518350925274,False,True,No setup,Neutral,0,Not applicable,No directional setup; confirmation score not applicable.,Narrow CPR,Not applicable,Not applicable,Narrow CPR; Wide CPR rules not applied,0,-2,0,-2
2026-09-17,2026-09-17,CM,NSE,STK,764808,INE173M01012,ONIXSOLAR,EQ,,,,,ONIX SOLAR ENERGY LTD.,376.2,376.2,376.2,376.2,376.2,395.95,,376.09,,,7550,2840310.0,83,F1,1,,,,,,Cash Only,Unclassified,False,376.2,376.2,376.2,376.2,376.2,0.0,0.0,Narrow,Neutral,Inside CPR,False,False,0.13043478260869565,23,111584030.0,Lower,True,Risk On,False,21.375,,,0.0,0.025454448992387173,False,False,No setup,Neutral,0,Not applicable,No directional setup; confirmation score not applicable.,Narrow CPR,Not applicable,Not applicable,Narrow CPR; Wide CPR rules not applied,0,0,0,0
2026-09-17,2026-09-17,CM,NSE,STK,3403,INE820Y01021,AJOONI,EQ,,,,,AJOONI BIOTECH LIMITED,3.32,3.34,3.2,3.27,3.28,3.3,,3.27,,,297590,978572.97,597,F1,1,,,,,,Cash Only,Unclassified,False,3.27,3.27,3.27,3.27,3.27,0.0,0.0,Narrow,Neutral,Inside CPR,False,False,0.03333333333333333,60,1038761.015,Inside,True,Risk On,False,0.14214285714285704,3.8072000000000004,3.9029999999999996,0.0,0.9420578514876206,False,False,No setup,Neutral,0,Not applicable,No directional setup; confirmation score not applicable.,Narrow CPR,Not applicable,Not applicable,Narrow CPR; Wide CPR rules not applied,0,0,0,0
2026-09-17,2026-09-17,CM,NSE,STK,764915,INE167H01014,SIMPLXREA,EQ,,,,,SIMPLEX REALTY LTD.,120.5,132.0,120.5,126.25,120.5,126.01,,126.25,,,6,757.5,5,F1,1,,,,,,Cash Only,Unclassified,False,126.25,126.25,126.25,126.25,126.25,0.0,0.0,Narrow,Neutral,Inside CPR,False,False,0.19047619047619047,21,1254.88,Higher,True,Risk On,False,7.724999999999997,,,0.0,0.6036433762590845,False,False,No setup,Neutral,0,Not applicable,No directional setup; confirmation score not applicable.,Narrow CPR,Not applicable,Not applicable,Narrow CPR; Wide CPR rules not applied,0,0,0,0
2026-09-17,2026-09-17,CM,NSE,STK,764573,INE782D01027,ALFREDHE,EQ,,,,,ALFRED HERBERT INDIA L,2820.0,2820.0,2820.0,2820.0,2820.0,2820.0,,2773.02,,,1,2820.0,1,F1,1,,,,,,Cash Only,Unclassified,False,2820.0,2820.0,2820.0,2820.0,2820.0,0.0,0.0,Narrow,Neutral,Inside CPR,False,False,0.047619047619047616,21,87054.5,Lower,True,Risk On,False,120.7642857142857,,,0.0,0.03239350062317284,False,False,No setup,Neutral,0,Not applicable,No directional setup; confirmation score not applicable.,Narrow CPR,Not applicable,Not applicable,Narrow CPR; Wide CPR rules not applied,0,0,0,0
2026-09-17,2026-09-17,CM,NSE,STK,9931,INE161L01027,VIKASLIFE,EQ,,,,,VIKAS LIFECARE LIMITED,1.2,1.24,1.2,1.22,1.23,1.19,,1.22,,,1172333,1433831.99,7692,F1,1,,,,,,Cash Only,Unclassified,False,1.22,1.22,1.22,1.22,1.22,0.0,0.0,Narrow,Neutral,Inside CPR,False,False,0.05,60,2354498.51,Higher,True,Risk On,False,0.045000000000000026,1.28,1.3622,0.0,0.6089755350917594,False,False,No setup,Neutral,0,Not applicable,No directional setup; confirmation score not applicable.,Narrow CPR,Not applicable,Not applicable,Narrow CPR; Wide CPR rules not applied,0,0,0,0
2026-09-17,2026-09-17,CM,NSE,STK,18268,INE024001021,AEROFLEX,EQ,,,,,AEROFLEX INDUSTRIES LTD,483.1,512.1,483.1,497.6,496.5,481.1,,497.58,,,2061953,1034679928.5,51760,F1,1,,,,,,Cash Only,Unclassified,False,497.6000000000001,497.6,497.60000000000014,497.60000000000014,497.6,1.1368683772161603e-13,2.2847033304183285e-14,Narrow,Bullish,Inside CPR,False,False,0.016666666666666666,60,586377030.425,Higher,True,Risk On,True,30.982142857142872,471.04400000000004,442.29280000000006,3.6694310734354434e-15,1.7645301142680756,True,True,Watch Long,Long,82,Strong confirmation,CPR width: Narrow (20/20); Price location: Inside CPR; watch state (10/20); Trend: aligned with SMA50/SMA100 (20/20); Participation: confirmed (1.76x) (20/20); Higher timeframe: slightly aligned (+1) (12/20),Narrow CPR,Not applicable,Not applicable,Narrow CPR; Wide CPR rules not applied,1,0,0,1
2026-09-17,2026-09-17,CM,NSE,STK,19111,INE365I01020,NBIFIN,EQ,,,,,N.B.I. IND. FIN. CO. LTD,1950.1,1970.1,1950.1,1960.1,1958.0,1993.6,,1960.1,,,5719,11171897.4,98,F1,1,,,,,,Cash Only,Unclassified,False,1960.0999999999997,1960.1,1960.0999999999995,1960.1,1960.0999999999995,4.547473508864641e-13,2.320021176911709e-14,Narrow,Bearish,Inside CPR,False,False,0.016666666666666666,60,811406.15,Lower,True,Risk On,True,66.02857142857144,2084.784,2005.9009999999998,6.887129935537102e-15,13.768563869031556,False,False,Watch Short,Short,82,Strong confirmation,CPR width: Narrow (20/20); Price location: Inside CPR; watch state (10/20); Trend: aligned with SMA50/SMA100 (20/20); Participation: confirmed (13.77x) (20/20); Higher timeframe: slightly aligned (-1) (12/20),Narrow CPR,Not applicable,Not applicable,Narrow CPR; Wide CPR rules not applied,-1,0,0,-1
2026-09-17,2026-09-17,CM,NSE,STK,21401,INF277KA1976,TATAGOLD,EQ,,,,,TATAAML-TATAGOLD,14.56,14.69,14.55,14.62,14.63,14.68,,14.62,,,37551457,549049778.8,54541,F1,1,,,,,,Cash Only,Unclassified,False,14.62,14.620000000000001,14.619999999999997,14.620000000000001,14.619999999999997,3.552713678800501e-15,2.4300367160058147e-14,Narrow,Bearish,Inside CPR,False,False,0.03333333333333333,60,645582441.5450001,Lower,True,Risk On,True,0.2957142857142854,14.4536,14.5024,1.2014007609470307e-14,0.8504719823017811,True,True,Watch Short,Short,54,Mixed,CPR width: Narrow (20/20); Price location: Inside CPR; watch state (10/20); Trend: opposes SMA direction (0/20); Participation: moderate (0.85x) (12/20); Higher timeframe: slightly aligned (-1) (12/20),Narrow CPR,Not applicable,Not applicable,Narrow CPR; Wide CPR rules not applied,-1,0,0,-1
2026-09-17,2026-09-17,CM,NSE,STK,31138,INE453B01029,COMPUSOFT,EQ,,,,,COMPUCOM SOFTWARE LTD,13.08,13.08,12.8,12.94,13.0,12.84,,12.94,,,21394,275642.02,89,F1,1,,,,,,Cash Only,Unclassified,False,12.94,12.940000000000001,12.939999999999998,12.940000000000001,12.939999999999998,3.552713678800501e-15,2.745528345286322e-14,Narrow,Bearish,Inside CPR,False,False,0.03333333333333333,60,286169.745,Inside,True,Risk On,True,0.4521428571428569,13.237,13.4346,7.857502607141713e-15,0.9632116071529505,False,False,Watch Short,Short,74,Confirmed,CPR width: Narrow (20/20); Price location: Inside CPR; watch state (10/20); Trend: aligned with SMA50/SMA100 (20/20); Participation: moderate (0.96x) (12/20); Higher timeframe: slightly aligned (-1) (12/20),Narrow CPR,Not applicable,Not applicable,Narrow CPR; Wide CPR rules not applied,-1,0,0,-1
2026-09-17,2026-09-17,CM,NSE,STK,765553,INE0DRI01029,ESDS,EQ,,,,,ESDS SOFTWARE SOLUTION L,1646.85,1646.85,1646.85,1646.85,1646.85,1733.5,,1639.38,,,59604,98158847.4,2358,F1,1,,,,,,Cash Only,Unclassified,False,1646.8499999999997,1646.85,1646.8499999999995,1646.85,1646.8499999999995,4.547473508864641e-13,2.7613161543945356e-14,Narrow,Bearish,Inside CPR,False,False,0.2222222222222222,9,11867622957.4,Lower,False,Risk On,False,,,,,0.00827114644207613,False,False,No setup,Neutral,0,Not applicable,No directional setup; confirmation score not applicable.,Narrow CPR,Not applicable,Not applicable,Narrow CPR; Wide CPR rules not applied,0,0,0,0
2026-09-17,2026-09-17,CM,NSE,STK,4176,INE058B01018,ZENITHEXPO,EQ,,,,,ZENITH EXPORTS LTD,196.95,196.95,196.95,196.95,196.95,195.0,,196.65,,,1,196.95,1,F1,1,,,,,,Cash Only,Unclassified,False,196.94999999999996,196.95,196.94999999999993,196.95,196.94999999999993,5.684341886080802e-14,2.8861852683832454e-14,Narrow,Bearish,Inside CPR,False,False,0.1,60,40335.884999999995,Inside,True,Risk On,True,7.104285714285717,205.132,206.40560000000002,8.00128558265948e-15,0.0048827489467505175,False,False,Watch Short,Short,66,Confirmed,CPR width: Narrow (20/20); Price location: Inside CPR; watch state (10/20); Trend: aligned with SMA50/SMA100 (20/20); Participation: light (0.00x) (4/20); Higher timeframe: slightly aligned (-1) (12/20),Narrow CPR,Not applicable,Not applicable,Narrow CPR; Wide CPR rules not applied,-1,0,0,-1
2026-09-17,2026-09-17,CM,NSE,STK,764860,INE137M01017,SAB,EQ,,,,,S A B INDUSTRIES LTD.,174.18,174.18,174.18,174.18,174.18,175.05,,174.18,,,1,174.18,1,F1,1,,,,,,Cash Only,Unclassified,False,174.17999999999998,174.18,174.17999999999995,174.18,174.17999999999995,5.684341886080802e-14,3.263487131749226e-14,Narrow,Bearish,Inside CPR,False,False,0.4117647058823529,17,11853.3,Lower,False,Risk On,False,6.212142857142857,,,9.15037212891011e-15,0.014694641998430819,False,False,No setup,Neutral,0,Not applicable,No directional setup; confirmation score not applicable.,Narrow CPR,Not applicable,Not applicable,Narrow CPR; Wide CPR rules not applied,0,0,0,0
2026-09-17,2026-09-17,CM,NSE,STK,762797,INE085D01033,METROGLOBL,EQ,,,,,METROGLOBAL LTD.,132.01,137.0,132.01,134.5,134.5,132.0,,134.5,,,299,40021.08,14,F1,1,,,,,,Cash Only,Unclassified,False,134.50333333333333,134.505,134.50166666666667,134.505,134.50166666666667,0.0033333333333303017,0.0024783147459704847,Narrow,Bearish,Below CPR,False,True,0.016666666666666666,60,204412.41,Higher,True,Risk On,True,6.969285714285718,135.857,132.6376,0.0004782890915919258,0.1957859603533856,False,True,No setup,Neutral,0,Not applicable,No directional setup; confirmation score not applicable.,Narrow CPR,Not applicable,Not applicable,Narrow CPR; Wide CPR rules not applied,0,0,0,0
2026-09-17,2026-09-17,CM,NSE,STK,3002,INE066O01014,WONDERLA,EQ,,,,,WONDERLA HOLIDAYS LTD.,511.4,521.95,511.4,516.65,520.0,517.6,,516.65,,,34157,17687997.05,1623,F1,1,,,,,,Cash Only,Unclassified,False,516.6666666666666,516.675,516.6583333333333,516.675,516.6583333333333,0.01666666666665151,0.003225910513239429,Narrow,Bearish,Below CPR,False,True,0.016666666666666666,60,27266106.15,Higher,True,Risk On,True,15.73571428571431,494.258,492.4985,0.0010591617491290093,0.6487173838718442,True,True,No setup,Neutral,0,Not applicable,No directional setup; confirmation score not applicable.,Narrow CPR,Not applicable,Not applicable,Narrow CPR; Wide CPR rules not applied,0,0,0,0
2026-09-17,2026-09-17,CM,NSE,STK,18417,INE0N2P01017,RISHABH,EQ,,,,,RISHABH INSTRUMENTS LTD,752.8,804.0,752.8,778.35,772.0,758.55,,778.47,,,225313,176229766.45,11267,F1,1,,,,,,Cash Only,Unclassified,False,778.3833333333333,778.4,778.3666666666667,778.4,778.3666666666667,0.03333333333330302,0.004282563542532667,Narrow,Bearish,Below CPR,False,True,0.03333333333333333,60,139957417.125,Higher,True,Risk On,True,44.28571428571428,685.9939999999999,612.4205000000001,0.0007526881720423263,1.25916703859006,True,True,No setup,Neutral,0,Not applicable,No directional setup; confirmation score not applicable.,Narrow CPR,Not applicable,Not applicable,Narrow CPR; Wide CPR rules not applied,0,0,0,0
2026-09-17,2026-09-17,CM,NSE,STK,20224,INE209L01016,JWL,EQ,,,,,JUPITER WAGONS LIMITED,228.67,233.76,228.67,231.23,231.95,228.67,,231.23,,,562055,129904199.66,13731,F1,1,,,,,,Cash Only,Capital Goods,True,231.22,231.21499999999997,231.22500000000002,231.22500000000002,231.21499999999997,0.010000000000047748,0.0043246983523105775,Narrow,Bullish,Above CPR,True,False,0.016666666666666666,60,165969026.89999998,Higher,True,Risk On,True,6.397857142857142,249.72460000000004,263.9995,0.001563023333712945,0.7827014599433071,False,False,No setup,Neutral,0,Not applicable,No directional setup; confirmation score not applicable.,Narrow CPR,Not applicable,Not applicable,Narrow CPR; Wide CPR rules not applied,0,0,0,0
2026-09-17,2026-09-17,CM,NSE,STK,19299,INE353K01014,ITDC,EQ,,,,,INDIA TOUR. DEV. CO. LTD.,657.9,670.9,654.6,662.7,660.0,656.75,,662.8,,,91658,60656711.1,6629,F1,1,,,,,,Cash Only,Unclassified,False,662.7333333333333,662.75,662.7166666666667,662.75,662.7166666666667,0.03333333333330302,0.005029928072023995,Narrow,Bearish,Below CPR,False,True,0.016666666666666666,60,81687621.94999999,Higher,True,Risk On,True,30.814285714285713,695.0110000000001,641.004,0.0010817493432226293,0.7425447044734298,False,True,No setup,Neutral,0,Not applicable,No directional setup; confirmation score not applicable.,Narrow CPR,Not applicable,Not applicable,Narrow CPR; Wide CPR rules not applied,0,0,0,0
2026-09-17,2026-09-17,CM,NSE,STK,28378,INE0Q9301021,IGIL,EQ,,,,,INTL GEMOLOGICAL INST LTD,316.85,317.95,311.8,314.9,316.0,314.4,,314.93,,,308581,96916889.35,13893,F1,1,,,,,,Cash Only,Services,True,314.8833333333333,314.875,314.89166666666665,314.89166666666665,314.875,0.01666666666665151,0.005292685508622264,Narrow,Bullish,Above CPR,True,False,0.016666666666666666,60,161419040.15,Higher,True,Risk On,True,9.22499999999999,340.05800000000005,347.8865,0.0018066847335123605,0.6004055609545141,False,False,No setup,Neutral,0,Not applicable,No directional setup; confirmation score not applicable.,Narrow CPR,Not applicable,Not applicable,Narrow CPR; Wide CPR rules not applied,0,0,0,0
2026-09-17,2026-09-17,CM,NSE,STK,19410,INE02A801020,ROSSARI,EQ,,,,,ROSSARI BIOTECH LIMITED,437.8,445.75,435.65,440.75,440.1,437.8,,440.76,,,49511,21850459.2,6201,F1,1,,,,,,Cash Only,Unclassified,False,440.7166666666667,440.7,440.7333333333334,440.7333333333334,440.7,0.033333333333416704,0.007562866326356598,Narrow,Bullish,Above CPR,True,False,0.03333333333333333,60,30965505.125,Higher,True,Risk On,True,12.774999999999993,495.88399999999996,506.76300000000003,0.0026092628832420136,0.7056387135231659,False,False,No setup,Neutral,0,Not applicable,No directional setup; confirmation score not applicable.,Narrow CPR,Not applicable,Not applicable,Narrow CPR; Wide CPR rules not applied,0,0,0,0
2026-09-17,2026-09-17,CM,NSE,STK,27176,INE0ONG01011,NTPCGREEN,EQ,,,,,NTPC GREEN ENERGY LIMITED,87.0,88.18,87.0,87.58,87.79,87.59,,87.57,,,969560,85070711.38,16648,F1,1,,,,,,Cash Only,Power,True,87.58666666666666,87.59,87.58333333333331,87.59,87.58333333333331,0.006666666666689025,0.00761208799576276,Narrow,Bearish,Below CPR,False,True,0.05,60,210467740.4,Higher,True,Risk On,True,1.288571428571428,91.17039999999999,96.7017,0.005173688100534722,0.4041983404122677,False,False,No setup,Neutral,0,Not applicable,No directional setup; confirmation score not applicable.,Narrow CPR,Not applicable,Not applicable,Narrow CPR; Wide CPR rules not applied,0,0,-2,-2
2026-09-17,2026-09-17,CM,NSE,STK,13796,INE201A01024,MANALIPETC,EQ,,,,,MANALI PETROCHEMICALS LT,82.38,83.43,81.15,82.3,81.16,82.37,,82.3,,,892492,73606165.33,8763,F1,1,,,,,,Cash Only,Unclassified,False,82.29333333333334,82.29,82.29666666666667,82.29666666666667,82.29,0.006666666666660603,0.00810044552449648,Narrow,Bullish,Above CPR,True,False,0.05,60,40745080.165,Lower,True,Risk On,True,5.814285714285716,71.8822,66.2578,0.0011466011466001035,1.8065043689183278,True,True,No setup,Neutral,0,Not applicable,No directional setup; confirmation score not applicable.,Narrow CPR,Not applicable,Not applicable,Narrow CPR; Wide CPR rules not applied,0,0,0,0
2026-09-17,2026-09-17,CM,NSE,STK,16705,INE020J01029,GOKUL,EQ,,,,,GOKUL REFOILS & SOLV LTD,40.35,40.35,39.12,39.74,40.15,39.39,,39.73,,,161645,6417235.89,718,F1,1,,,,,,Cash Only,Unclassified,False,39.73666666666667,39.735,39.738333333333344,39.738333333333344,39.735,0.0033333333333445125,0.008387854386875974,Narrow,Bullish,Above CPR,True,False,0.016666666666666666,60,6430371.24,Higher,True,Risk On,True,1.8950000000000011,40.711,40.877199999999995,0.0017590149516329872,0.9979572952307493,False,False,No setup,Neutral,0,Not applicable,No directional setup; confirmation score not applicable.,Narrow CPR,Not applicable,Not applicable,Narrow CPR; Wide CPR rules not applied,0,0,0,0
2026-09-17,2026-09-17,CM,NSE,STK,28687,INE0TO701015,MAMATA,EQ,,,,,MAMATA MACHINERY LIMITED,390.1,398.0,389.7,393.9,392.0,391.55,,393.92,,,24366,9585479.3,1311,F1,1,,,,,,Cash Only,Unclassified,False,393.8666666666666,393.85,393.8833333333332,393.8833333333332,393.85,0.03333333333318933,0.008462384699971903,Narrow,Bullish,Above CPR,True,False,0.016666666666666666,60,19946864.975,Inside,True,Risk On,True,13.853571428571431,403.87800000000004,399.9675,0.0024061184153887625,0.4805506685894634,False,False,No setup,Neutral,0,Not applicable,No directional setup; confirmation score not applicable.,Narrow CPR,Not applicable,Not applicable,Narrow CPR; Wide CPR rules not applied,0,0,0,0
2026-09-17,2026-09-17,CM,NSE,STK,10590,INE970D01010,LOYALTEX,EQ,,,,,LOYAL TEXTILE MILLS LTD,210.0,210.0,204.06,207.0,207.0,209.99,,207.0,,,123,25732.69,10,F1,1,,,,,,Cash Only,Unclassified,False,207.01999999999998,207.03,207.00999999999996,207.03,207.00999999999996,0.020000000000038654,0.009661835748810944,Narrow,Bearish,Below CPR,False,True,0.06666666666666667,60,104248.625,Inside,True,Risk On,True,14.176428571428573,211.2758,214.53160000000003,0.0014107925631105008,0.24683961059438433,False,False,No setup,Neutral,0,Not applicable,No directional setup; confirmation score not applicable.,Narrow CPR,Not applicable,Not applicable,Narrow CPR; Wide CPR rules not applied,0,0,0,0
2026-09-17,2026-09-17,CM,NSE,STK,762603,INE525F01025,BLIL,EQ,,,,,BALMER LAWRIE INVSTS. L,67.88,68.1,67.16,67.62,68.1,67.33,,67.63,,,64913,4386767.45,912,F1,1,,,,,,Cash Only,Unclassified,False,67.62666666666667,67.63,67.62333333333333,67.63,67.62333333333333,0.006666666666660603,0.009859016070187228,Narrow,Bearish,Below CPR,False,True,0.05,60,3778038.6399999997,Higher,True,Risk On,True,1.087142857142858,70.764,71.6384,0.006132282084970326,1.1611229709392281,False,False,No setup,Neutral,0,Not applicable,No directional setup; confirmation score not applicable.,Narrow CPR,Not applicable,Not applicable,Narrow CPR; Wide CPR rules not applied,0,0,0,0
2026-09-17,2026-09-17,CM,NSE,STK,13844,INE227C01017,MMFL,EQ,,,,,MM FORGINGS LTD,609.5,632.15,604.85,618.6,617.0,606.95,,618.58,,,70892,44053545.0,5279,F1,1,,,,,,Cash Only,Unclassified,False,618.5333333333333,618.5,618.5666666666666,618.5666666666666,618.5,0.06666666666660603,0.010777023386130947,Narrow,Bullish,Above CPR,True,False,0.016666666666666666,60,70953708.67500001,Higher,True,Risk On,True,28.439285714285706,595.6080000000001,530.534,0.0023441751433692947,0.6208772708666309,True,True,No setup,Neutral,0,Not applicable,No directional setup; confirmation score not applicable.,Narrow CPR,Not applicable,Not applicable,Narrow CPR; Wide CPR rules not applied,0,0,0,0
2026-09-17,2026-09-17,CM,NSE,STK,22,INE012A01025,ACC,EQ,,,,,ACC LIMITED,1226.8,1240.4,1225.0,1232.5,1237.6,1226.6,,1232.52,,,67608,83320859.1,8163,F1,1,,,,,,Cash Only,Construction Materials,True,1232.6333333333334,1232.7,1232.5666666666668,1232.7,1232.5666666666668,0.13333333333321207,0.010818120351579072,Narrow,Bearish,Below CPR,False,True,0.016666666666666666,60,169252031.0,Higher,True,Risk On,True,20.985714285714316,1324.44,1345.3339999999998,0.006353528477416495,0.49228868101440976,False,False,No setup,Neutral,0,Not applicable,No directional setup; confirmation score not applicable.,Narrow CPR,Not applicable,Not applicable,Narrow CPR; Wide CPR rules not applied,0,0,0,0
2026-09-17,2026-09-17,CM,NSE,STK,324,INE732I01021,ANGELONE,EQ,,,,,ANGEL ONE LIMITED,292.9,297.95,292.15,295.0,295.0,293.5,,295.0,,,1881558,555936211.65,22447,F1,1,,,,,,F&O + Cash,Financial Services,True,295.0333333333333,295.04999999999995,295.01666666666665,295.04999999999995,295.01666666666665,0.03333333333330302,0.011299435028238311,Narrow,Bearish,Below CPR,False,True,0.05,60,1515458561.975,Inside,True,Risk On,True,10.382142857142854,302.74300000000005,316.89869999999996,0.003210640981535895,0.3668435585104247,False,False,No setup,Neutral,0,Not applicable,No directional setup; confirmation score not applicable.,Narrow CPR,Not applicable,Not applicable,Narrow CPR; Wide CPR rules not applied,0,0,-2,-2
2026-09-17,2026-09-17,CM,NSE,STK,11162,INE0JUS01029,HARSHA,EQ,,,,,HARSHA ENGINEERS INT LTD,432.5,438.3,429.25,433.85,436.0,430.0,,433.86,,,45447,19714272.6,2465,F1,1,,,,,,Cash Only,Unclassified,False,433.8,433.775,433.82500000000005,433.82500000000005,433.775,0.05000000000006821,0.011524720525542978,Narrow,Bullish,Above CPR,True,False,0.016666666666666666,60,55484357.925,Higher,True,Risk On,True,15.692857142857134,427.12,418.2095,0.0031861629494809073,0.35531225983814074,True,True,No setup,Neutral,0,Not applicable,No directional setup; confirmation score not applicable.,Narrow CPR,Not applicable,Not applicable,Narrow CPR; Wide CPR rules not applied,0,0,0,0
2026-09-17,2026-09-17,CM,NSE,STK,4717,INE129A01019,GAIL,EQ,,,,,GAIL (INDIA) LTD,171.24,172.82,171.24,172.0,172.0,170.65,,172.0,,,2741053,472125088.33,23059,F1,1,,,,,,F&O + Cash,Oil Gas & Consumable Fuels,True,172.01999999999998,172.03,172.00999999999996,172.03,172.00999999999996,0.020000000000038654,0.01162790697676666,Narrow,Bearish,Below CPR,False,True,0.016666666666666666,60,1069232318.625,Higher,True,Risk On,True,3.3285714285714243,173.7574,170.7602,0.006008583690998745,0.4415551981604319,False,True,No setup,Neutral,0,Not applicable,No directional setup; confirmation score not applicable.,Narrow CPR,Not applicable,Not applicable,Narrow CPR; Wide CPR rules not applied,0,0,0,0
2026-09-17,2026-09-17,CM,NSE,STK,916,INE126A01031,EIDPARRY,EQ,,,,,EID PARRY INDIA LTD,702.2,706.8,699.15,703.1,705.0,703.05,,703.1,,,161641,113656696.1,15866,F1,1,,,,,,Cash Only,Fast Moving Consumer Goods,True,703.0166666666665,702.9749999999999,703.0583333333332,703.0583333333332,702.9749999999999,0.08333333333325754,0.01185227326600164,Narrow,Bullish,Above CPR,True,False,0.03333333333333333,60,241096046.175,Higher,True,Risk On,True,22.764285714285716,775.416,770.8954999999999,0.0036607049471779275,0.47141667357540185,False,False,No setup,Neutral,0,Not applicable,No directional setup; confirmation score not applicable.,Narrow CPR,Not applicable,Not applicable,Narrow CPR; Wide CPR rules not applied,0,0,0,0
2026-09-17,2026-09-17,CM,NSE,STK,17333,INE998I01010,MHRIL,EQ,,,,,MAHINDRA HOLIDAYS LTD,193.3,198.75,191.66,195.17,196.09,193.51,,195.18,,,138980,27257747.4,3170,F1,1,,,,,,Cash Only,Unclassified,False,195.1933333333333,195.20499999999998,195.18166666666662,195.20499999999998,195.18166666666662,0.023333333333368955,0.011955389318731852,Narrow,Bearish,Below CPR,False,True,0.016666666666666666,60,22187010.795,Higher,True,Risk On,True,5.636428571428575,217.6764,224.5814,0.004139737253417377,1.228545280472966,False,False,No setup,Neutral,0,Not applicable,No directional setup; confirmation score not applicable.,Narrow CPR,Not applicable,Not applicable,Narrow CPR; Wide CPR rules not applied,0,0,0,0
2026-09-17,2026-09-17,CM,NSE,STK,22846,INE486R01017,GPTHEALTH,EQ,,,,,GPT HEALTHCARE LIMITED,162.9,165.0,162.28,163.61,163.3,163.3,,163.52,,,67940,11124020.9,2006,F1,1,,,,,,Cash Only,Unclassified,False,163.63,163.64,163.62,163.64,163.62,0.01999999999998181,0.012224191675314352,Narrow,Bearish,Below CPR,False,True,0.03333333333333333,60,19132618.96,Higher,True,Risk On,True,4.8128571428571405,157.4554,151.4732,0.00415553576728622,0.5814165286653469,True,True,No setup,Neutral,0,Not applicable,No directional setup; confirmation score not applicable.,Narrow CPR,Not applicable,Not applicable,Narrow CPR; Wide CPR rules not applied,0,0,0,0
2026-09-17,2026-09-17,CM,NSE,STK,17053,INE0ECP01024,HMAAGRO,EQ,,,,,HMA AGRO INDUSTRIES LTD,23.04,23.57,22.6,23.08,23.01,23.04,,23.08,,,1986317,46136810.66,6493,F1,1,,,,,,Cash Only,Unclassified,False,23.083333333333332,23.085,23.081666666666663,23.085,23.081666666666663,0.003333333333337407,0.014442518775292061,Narrow,Bearish,Below CPR,False,True,0.03333333333333333,60,16332955.715,Lower,True,Risk On,True,1.096428571428571,21.5058,22.386999999999997,0.0030401737242165285,2.824768000664355,True,True,No setup,Neutral,0,Not applicable,No directional setup; confirmation score not applicable.,Narrow CPR,Not applicable,Not applicable,Narrow CPR; Wide CPR rules not applied,0,0,0,0
2026-09-17,2026-09-17,CM,NSE,STK,12219,INE263M01029,RUSTOMJEE,EQ,,,,,KEYSTONE REALTORS LIMITED,338.35,345.05,337.0,340.95,342.9,338.35,,340.95,,,13704,4682317.85,1249,F1,1,,,,,,Cash Only,Unclassified,False,341.0,341.025,340.975,341.025,340.975,0.049999999999954525,0.01466490687782799,Narrow,Bearish,Below CPR,False,True,0.016666666666666666,60,11172224.175,Higher,True,Risk On,True,10.503571428571417,384.95799999999997,393.50849999999997,0.004760285617132704,0.41910346379171176,False,False,No setup,Neutral,0,Not applicable,No directional setup; confirmation score not applicable.,Narrow CPR,Not applicable,Not applicable,Narrow CPR; Wide CPR rules not applied,0,0,0,0
2026-09-17,2026-09-17,CM,NSE,STK,4481,INE767A01016,AARTIDRUGS,EQ,,,,,AARTI DRUGS LTD.,419.2,437.7,419.2,428.35,430.7,424.3,,428.27,,,120340,51854809.25,5899,F1,1,,,,,,Cash Only,Unclassified,False,428.4166666666667,428.45,428.3833333333334,428.45,428.3833333333334,0.06666666666660603,0.015563596747194123,Narrow,Bearish,Below CPR,False,True,0.03333333333333333,60,61377323.8,Higher,True,Risk On,True,15.442857142857134,417.62800000000004,398.2845,0.004316990440945814,0.8448528876718473,True,True,No setup,Neutral,0,Not applicable,No directional setup; confirmation score not applicable.,Narrow CPR,Not applicable,Not applicable,Narrow CPR; Wide CPR rules not applied,0,0,0,0
2026-09-17,2026-09-17,CM,NSE,STK,765242,INE670O01013,ONEGLOBAL,EQ,,,,,ONE GLOBAL SERVICE PROV L,522.15,541.15,520.0,530.45,530.0,524.75,,530.5,,,5391,2860945.8,441,F1,1,,,,,,Cash Only,Unclassified,False,530.5333333333334,530.575,530.4916666666668,530.575,530.4916666666668,0.08333333333325754,0.01570993181888162,Narrow,Bearish,Below CPR,False,True,0.043478260869565216,23,7775123.6,Higher,True,Risk On,True,29.13571428571431,,,0.0028601781482363435,0.36796145594392865,False,False,No setup,Neutral,0,Not applicable,No directional setup; confirmation score not applicable.,Narrow CPR,Not applicable,Not applicable,Narrow CPR; Wide CPR rules not applied,0,0,0,0
2026-09-17,2026-09-17,CM,NSE,STK,1030,INE721Z01010,AARON,EQ,,,,,AARON INDUSTRIES LIMITED,125.34,126.98,121.8,124.42,124.02,124.71,,124.42,,,3825,475441.47,220,F1,1,,,,,,Cash Only,Unclassified,False,124.39999999999999,124.39,124.40999999999998,124.40999999999998,124.39,0.01999999999998181,0.016074586079393837,Narrow,Bullish,Above CPR,True,False,0.016666666666666666,60,1352178.765,Inside,True,Risk On,True,7.408571428571429,130.34019999999998,127.34359999999998,0.0026995757809462526,0.3516114010265499,False,False,No setup,Neutral,0,Not applicable,No directional setup; confirmation score not applicable.,Narrow CPR,Not applicable,Not applicable,Narrow CPR; Wide CPR rules not applied,0,0,0,0
2026-09-17,2026-09-17,CM,NSE,STK,11932,INE139R01012,FUSION,EQ,,,,,FUSION FINANCE LIMITED,182.73,188.9,180.09,184.45,184.39,182.73,,184.45,,,520634,95469800.67,10180,F1,1,,,,,,Cash Only,Unclassified,False,184.48000000000002,184.495,184.46500000000003,184.495,184.46500000000003,0.029999999999972715,0.01626457034425195,Narrow,Bearish,Below CPR,False,True,0.016666666666666666,60,136380937.21,Inside,True,Risk On,True,7.281428571428577,206.949,198.0443,0.004120070629778474,0.7000230576432772,False,False,No setup,Neutral,0,Not applicable,No directional setup; confirmation score not applicable.,Narrow CPR,Not applicable,Not applicable,Narrow CPR; Wide CPR rules not applied,0,0,0,0
2026-09-17,2026-09-17,CM,NSE,STK,1467,INE133A01011,JSWDULUX,EQ,,,,,JSW DULUX LIMITED,3061.0,3094.2,3052.3,3074.0,3094.0,3082.0,,3073.99,,,7492,23022501.6,2652,F1,1,,,,,,Cash Only,Consumer Durables,True,3073.5,3073.25,3073.75,3073.75,3073.25,0.5,0.016265452179570594,Narrow,Bullish,Above CPR,True,False,0.03333333333333333,60,51189158.8,Lower,True,Risk On,True,68.94285714285716,3063.9179999999997,3073.5170000000003,0.007252382925818481,0.44975346615776,True,True,No setup,Neutral,0,Not applicable,No directional setup; confirmation score not applicable.,Narrow CPR,Not applicable,Not applicable,Narrow CPR; Wide CPR rules not applied,0,0,0,0
2026-09-17,2026-09-17,CM,NSE,STK,5192,INE177F01017,KOVAI,EQ,,,,,KOVAI MEDICAL CENTER & HO,6118.5,6190.0,6031.0,6112.0,6145.5,6088.0,,6116.48,,,3567,21890370.0,1037,F1,1,,,,,,Cash Only,Unclassified,False,6111.0,6110.5,6111.5,6111.5,6110.5,1.0,0.016361256544502618,Narrow,Bullish,Above CPR,True,False,0.016666666666666666,60,24285729.0,Higher,True,Risk On,True,156.14285714285714,5984.65,5829.590999999999,0.006404391582799634,0.9013676303478475,True,True,No setup,Neutral,0,Not applicable,No directional setup; confirmation score not applicable.,Narrow CPR,Not applicable,Not applicable,Narrow CPR; Wide CPR rules not applied,0,0,0,0
2026-09-17,2026-09-17,CM,NSE,STK,756020,INE015C01016,TINNARUBR,EQ,,,,,TINNA RUBBER AND INFR LTD,1010.0,1010.0,992.0,1000.75,1007.0,1002.5,,1000.73,,,25275,25264320.6,2790,F1,1,,,,,,Cash Only,Unclassified,False,1000.9166666666666,1001.0,1000.8333333333333,1001.0,1000.8333333333333,0.16666666666674246,0.01665417603464826,Narrow,Bearish,Below CPR,False,True,0.016666666666666666,60,58482652.2,Higher,True,Risk On,True,46.63571428571431,1051.5610000000001,943.8205,0.0035737989482836473,0.43199683409706924,False,True,No setup,Neutral,0,Not applicable,No directional setup; confirmation score not applicable.,Narrow CPR,Not applicable,Not applicable,Narrow CPR; Wide CPR rules not applied,0,0,0,0
2026-09-17,2026-09-17,CM,NSE,STK,765040,INE373T01047,BLUECLOUDS,EQ,,,,,BLUE CLOUD SOFTECH SOLU L,19.59,19.71,19.44,19.57,19.55,19.59,,19.57,,,543486,10627708.2,1603,F1,1,,,,,,Cash Only,Unclassified,False,19.573333333333334,19.575000000000003,19.571666666666665,19.575000000000003,19.571666666666665,0.003333333333337407,0.017032873445771115,Narrow,Bearish,Below CPR,False,True,0.043478260869565216,23,25497218.66,Higher,True,Risk On,True,0.6071428571428569,,,0.005490196078438085,0.4168183338629296,False,False,No setup,Neutral,0,Not applicable,No directional setup; confirmation score not applicable.,Narrow CPR,Not applicable,Not applicable,Narrow CPR; Wide CPR rules not applied,0,0,0,0
2026-09-17,2026-09-17,CM,NSE,STK,5258,INE095A01012,INDUSINDBK,EQ,,,,,INDUSIND BANK LIMITED,946.0,970.7,945.2,958.2,958.2,946.5,,958.2,,,3973540,3820705836.0,65893,F1,1,,,,,,F&O + Cash,Financial Services,True,958.0333333333334,957.95,958.1166666666668,958.1166666666668,957.95,0.16666666666674246,0.0173937243442645,Narrow,Bullish,Above CPR,True,False,0.06666666666666667,60,1420260044.75,Higher,True,Risk On,True,22.55714285714287,1008.5590000000001,965.2425,0.007388642600805551,2.6901452660893073,False,False,No setup,Neutral,0,Not applicable,No directional setup; confirmation score not applicable.,Narrow CPR,Not applicable,Not applicable,Narrow CPR; Wide CPR rules not applied,0,0,0,0
2026-09-17,2026-09-17,CM,NSE,STK,2535,INE179A01014,PGHH,EQ,,,,,P&G HYGIENE & HEALTH CARE,7655.0,7715.0,7507.0,7613.0,7625.0,7611.0,,7613.23,,,7139,54642426.0,2213,F1,1,,,,,,Cash Only,Unclassified,False,7611.666666666667,7611.0,7612.333333333334,7612.333333333334,7611.0,1.3333333333339397,0.017513901659450146,Narrow,Bullish,Above CPR,True,False,0.05,60,89311972.25,Higher,True,Risk On,True,142.85714285714286,8336.32,8894.33,0.009333333333337577,0.6118152429446546,False,False,No setup,Neutral,0,Not applicable,No directional setup; confirmation score not applicable.,Narrow CPR,Not applicable,Not applicable,Narrow CPR; Wide CPR rules not applied,0,0,0,0
2026-09-17,2026-09-17,CM,NSE,STK,619,INE485A01015,CENTENKA,EQ,,,,,CENTURY ENKA LTD,561.5,571.45,557.05,564.4,566.0,561.45,,564.63,,,30676,17332394.8,2217,F1,1,,,,,,Cash Only,Unclassified,False,564.3000000000001,564.25,564.3500000000001,564.3500000000001,564.25,0.10000000000013642,0.017717930545736435,Narrow,Bullish,Above CPR,True,False,0.05,60,28326373.825000003,Higher,True,Risk On,True,23.710714285714314,573.556,529.739,0.004217502635944896,0.611881877542086,False,True,No setup,Neutral,0,Not applicable,No directional setup; confirmation score not applicable.,Narrow CPR,Not applicable,Not applicable,Narrow CPR; Wide CPR rules not applied,0,0,0,0
2026-09-17,2026-09-17,CM,NSE,STK,762588,INE469A01019,BIMETAL,EQ,,,,,BIMETAL BEARINGS LTD.,638.5,647.95,635.0,641.3,646.0,638.65,,641.3,,,171,109107.65,23,F1,1,,,,,,Cash Only,Unclassified,False,641.4166666666666,641.475,641.3583333333332,641.475,641.3583333333332,0.11666666666678793,0.01819221373254139,Narrow,Bearish,Below CPR,False,True,0.016666666666666666,60,286952.3,Higher,True,Risk On,True,29.914285714285718,647.203,631.0895,0.003900031836998641,0.3802292227662925,False,True,No setup,Neutral,0,Not applicable,No directional setup; confirmation score not applicable.,Narrow CPR,Not applicable,Not applicable,Narrow CPR; Wide CPR rules not applied,0,0,0,0
2026-09-17,2026-09-17,CM,NSE,STK,1403,INE345A01011,HINDOILEXP,EQ,,,,,HINDUSTAN OIL EXPLORATION,180.89,184.5,177.5,180.95,180.3,180.44,,180.96,,,701322,127109731.36,10666,F1,1,,,,,,Cash Only,Unclassified,False,180.98333333333335,181.0,180.9666666666667,181.0,180.9666666666667,0.03333333333330302,0.018421295017022946,Narrow,Bearish,Below CPR,False,True,0.016666666666666666,60,77555712.64,Higher,True,Risk On,True,9.63071428571429,164.62219999999996,164.31029999999998,0.003461148606884536,1.638947371291926,True,True,No setup,Neutral,0,Not applicable,No directional setup; confirmation score not applicable.,Narrow CPR,Not applicable,Not applicable,Narrow CPR; Wide CPR rules not applied,0,0,0,0
2026-09-17,2026-09-17,CM,NSE,STK,6045,INE818B01023,PASUPTAC,EQ,,,,,PASUPATI ACRYLON LIMITED,69.49,71.85,68.81,70.31,70.65,68.07,,70.32,,,215392,15195869.19,2676,F1,1,,,,,,Cash Only,Unclassified,False,70.32333333333334,70.33,70.31666666666668,70.33,70.31666666666668,0.013333333333321207,0.018963637225602625,Narrow,Bearish,Below CPR,False,True,0.016666666666666666,60,6134911.109999999,Higher,True,Risk On,True,5.765714285714286,55.5888,51.6362,0.002312520647503678,2.476950181923663,True,True,No setup,Neutral,0,Not applicable,No directional setup; confirmation score not applicable.,Narrow CPR,Not applicable,Not applicable,Narrow CPR; Wide CPR rules not applied,0,0,0,0
2026-09-17,2026-09-17,CM,NSE,STK,6973,INE505A01010,DMCC,EQ,,,,,DMCC SPECIALITY CHEMICALS,259.3,265.0,258.55,261.7,261.45,259.3,,261.7,,,58131,15229472.6,1441,F1,1,,,,,,Cash Only,Unclassified,False,261.75,261.775,261.725,261.775,261.725,0.049999999999954525,0.019105846388977655,Narrow,Bearish,Below CPR,False,True,0.03333333333333333,60,11478144.425,Inside,True,Risk On,True,12.614285714285709,280.47,275.6252,0.00396375990939617,1.3268235732275167,False,False,No setup,Neutral,0,Not applicable,No directional setup; confirmation score not applicable.,Narrow CPR,Not applicable,Not applicable,Narrow CPR; Wide CPR rules not applied,0,0,0,0
2026-09-17,2026-09-17,CM,NSE,STK,2496,INE592A01026,ORIENTPPR,EQ,,,,,ORIENT PAPER AND INDS LTD,16.8,17.71,16.8,17.25,17.2,16.79,,17.25,,,285003,4931121.93,1005,F1,1,,,,,,Cash Only,Unclassified,False,17.253333333333334,17.255000000000003,17.251666666666665,17.255000000000003,17.251666666666665,0.003333333333337407,0.019323671497608157,Narrow,Bearish,Below CPR,False,True,0.016666666666666666,60,3692050.69,Higher,True,Risk On,True,0.8035714285714288,17.406999999999996,17.5545,0.004148148148153216,1.3356051538934857,False,False,No setup,Neutral,0,Not applicable,No directional setup; confirmation score not applicable.,Narrow CPR,Not applicable,Not applicable,Narrow CPR; Wide CPR rules not applied,0,0,0,0
2026-09-17,2026-09-17,CM,NSE,STK,764995,INE380K01017,VIVOBIOT,EQ,,,,,VIVO BIO TECH LTD.,16.19,17.5,16.19,16.85,16.88,16.83,,16.85,,,26812,451233.09,202,F1,1,,,,,,Cash Only,Unclassified,False,16.846666666666668,16.845,16.848333333333336,16.848333333333336,16.845,0.003333333333337407,0.0197823936696582,Narrow,Bullish,Above CPR,True,False,0.043478260869565216,23,272421.65,Higher,True,Risk On,True,1.2185714285714282,,,0.0027354435326332775,1.6563774942263216,False,False,No setup,Neutral,0,Not applicable,No directional setup; confirmation score not applicable.,Narrow CPR,Not applicable,Not applicable,Narrow CPR; Wide CPR rules not applied,0,0,0,0
2026-09-17,2026-09-17,CM,NSE,STK,19525,INE886A01014,IITL,EQ,,,,,INDUSTRIAL INV TRUST LTD,148.8,150.14,146.01,148.03,149.94,147.77,,148.03,,,92382,13777694.53,565,F1,1,,,,,,Cash Only,Unclassified,False,148.05999999999997,148.075,148.04499999999996,148.075,148.04499999999996,0.03000000000002956,0.020266162264425833,Narrow,Bearish,Below CPR,False,True,0.016666666666666666,60,14042744.29,Higher,True,Risk On,True,8.925714285714289,142.489,145.24380000000002,0.003361075544177446,0.981125501217825,True,True,No setup,Neutral,0,Not applicable,No directional setup; confirmation score not applicable.,Narrow CPR,Not applicable,Not applicable,Narrow CPR; Wide CPR rules not applied,0,0,0,0
2026-09-17,2026-09-17,CM,NSE,STK,14672,INE048G01026,NAVINFLUOR,EQ,,,,,NAVIN FLUORINE INT. LTD,8120.0,8325.0,8120.0,8220.0,8222.0,8160.5,,8220.0,,,106635,877886601.5,23055,F1,1,,,,,,Cash Only,Chemicals,True,8221.666666666666,8222.5,8220.833333333332,8222.5,8220.833333333332,1.6666666666678793,0.020275750202772256,Narrow,Bearish,Below CPR,False,True,0.016666666666666666,60,954516158.5,Higher,True,Risk On,True,221.10714285714286,8103.45,7643.67,0.007537823722613571,0.9197189525629178,True,True,No setup,Neutral,0,Not applicable,No directional setup; confirmation score not applicable.,Narrow CPR,Not applicable,Not applicable,Narrow CPR; Wide CPR rules not applied,0,0,0,0
2026-09-17,2026-09-17,CM,NSE,STK,765502,INE103001017,ANNU,EQ,,,,,ANNU PROJECTS LIMITED,50.43,51.98,46.55,49.28,49.2,52.67,,49.28,,,2867305,141757022.02,18703,F1,1,,,,,,Cash Only,Unclassified,False,49.27,49.265,49.275000000000006,49.275000000000006,49.265,0.010000000000005116,0.020292207792218173,Narrow,Bullish,Above CPR,True,False,1.0,1,141757022.02,Unknown,False,Risk On,False,,,,,1.0,False,False,No setup,Neutral,0,Not applicable,No directional setup; confirmation score not applicable.,Narrow CPR,Not applicable,Not applicable,Narrow CPR; Wide CPR rules not applied,0,0,0,0
2026-09-17,2026-09-17,CM,NSE,STK,2029,INE053F01010,IRFC,EQ,,,,,INDIAN RAILWAY FIN CORP L,79.3,79.92,78.65,79.31,79.31,78.95,,79.31,,,6486276,513657838.81,38241,F1,1,,,,,,F&O + Cash,Financial Services,True,79.29333333333334,79.285,79.30166666666668,79.30166666666668,79.285,0.01666666666667993,0.02101458412139696,Narrow,Bullish,Above CPR,True,False,0.05,60,626124347.325,Higher,True,Risk On,True,1.470714285714287,86.16680000000001,92.0184,0.011332361988029083,0.8203767207017387,False,False,No setup,Neutral,0,Not applicable,No directional setup; confirmation score not applicable.,Narrow CPR,Not applicable,Not applicable,Narrow CPR; Wide CPR rules not applied,0,0,0,0
2026-09-17,2026-09-17,CM,NSE,STK,3321,INE937A01023,SPMLINFRA,EQ,,,,,SPML INFRA LIMITED,171.58,172.84,168.61,170.67,170.55,172.03,,170.69,,,63567,10838039.77,1498,F1,1,,,,,,Cash Only,Unclassified,False,170.70666666666668,170.72500000000002,170.68833333333333,170.72500000000002,170.68833333333333,0.03666666666669016,0.02148395539151003,Narrow,Bearish,Below CPR,False,True,0.03333333333333333,60,33854654.019999996,Inside,True,Risk On,True,6.3107142857142895,189.0668,195.4303,0.0058102244859497675,0.3201344123498445,False,False,No setup,Neutral,0,Not applicable,No directional setup; confirmation score not applicable.,Narrow CPR,Not applicable,Not applicable,Narrow CPR; Wide CPR rules not applied,0,0,0,0
2026-09-17,2026-09-17,CM,NSE,STK,6964,INE0BJS01011,GOCOLORS,EQ,,,,,GO FASHION INDIA LTD,304.0,312.4,304.0,308.1,311.0,303.6,,308.1,,,41874,12915710.75,1485,F1,1,,,,,,Cash Only,Unclassified,False,308.1666666666667,308.2,308.1333333333334,308.2,308.1333333333334,0.06666666666660603,0.021637996321520945,Narrow,Bearish,Below CPR,False,True,0.03333333333333333,60,58352382.45,Higher,True,Risk On,True,10.939285714285708,330.8,332.0304,0.006094243116764512,0.22133990434866982,False,False,No setup,Neutral,0,Not applicable,No directional setup; confirmation score not applicable.,Narrow CPR,Not applicable,Not applicable,Narrow CPR; Wide CPR rules not applied,0,0,0,0
2026-09-17,2026-09-17,CM,NSE,STK,16682,INE596F01018,PTCIL,EQ,,,,,PTC INDUSTRIES LIMITED,22360.0,23055.0,22300.0,22670.0,22610.0,22500.0,,22664.77,,,15271,346773920.0,5984,F1,1,,,,,,Cash Only,Capital Goods,True,22675.0,22677.5,22672.5,22677.5,22672.5,5.0,0.022055580061755623,Narrow,Bearish,Below CPR,False,True,0.05,60,295466833.0,Higher,True,Risk On,True,1028.0714285714287,19888.6,18582.03,0.004863475300493295,1.173647534239486,True,True,No setup,Neutral,0,Not applicable,No directional setup; confirmation score not applicable.,Narrow CPR,Not applicable,Not applicable,Narrow CPR; Wide CPR rules not applied,0,0,0,0
2026-09-17,2026-09-17,CM,NSE,STK,760125,INE0HF201011,FABTECH,EQ,,,,,FABTECH TECHNOLOGIES LTD,145.66,148.48,145.26,146.92,146.5,145.66,,146.77,,,62523,9198710.93,777,F1,1,,,,,,Cash Only,Unclassified,False,146.88666666666666,146.87,146.9033333333333,146.9033333333333,146.87,0.03333333333330302,0.022688084218147987,Narrow,Bullish,Above CPR,True,False,0.016666666666666666,60,13513672.01,Higher,True,Risk On,True,3.951428571428565,149.4106,153.1872,0.008435767654848934,0.6806966251062653,False,False,No setup,Neutral,0,Not applicable,No directional setup; confirmation score not applicable.,Narrow CPR,Not applicable,Not applicable,Narrow CPR; Wide CPR rules not applied,0,0,0,0
2026-09-17,2026-09-17,CM,NSE,STK,17598,INE073G01016,ASALCBR,EQ,,,,,ASSO ALCOHOLS & BREW LTD,650.0,664.45,649.0,656.95,660.9,649.55,,657.04,,,12411,8125660.1,1573,F1,1,,,,,,Cash Only,Unclassified,False,656.8000000000001,656.725,656.8750000000001,656.8750000000001,656.725,0.15000000000009095,0.022832787883414404,Narrow,Bullish,Above CPR,True,False,0.06666666666666667,60,20312118.6,Inside,True,Risk On,True,20.282142857142876,744.3809999999999,797.7964999999999,0.007395668251457198,0.40004000862814965,False,False,No setup,Neutral,0,Not applicable,No directional setup; confirmation score not applicable.,Narrow CPR,Not applicable,Not applicable,Narrow CPR; Wide CPR rules not applied,0,0,0,0
2026-09-17,2026-09-17,CM,NSE,STK,11351,INE347G01014,PETRONET,EQ,,,,,PETRONET LNG LIMITED,282.05,285.0,281.7,283.45,283.45,282.1,,283.45,,,982394,278155047.95,41546,F1,1,,,,,,F&O + Cash,Oil Gas & Consumable Fuels,True,283.3833333333334,283.35,283.41666666666674,283.41666666666674,283.35,0.06666666666671972,0.023519727171183533,Narrow,Bullish,Above CPR,True,False,0.03333333333333333,60,471327410.1,Higher,True,Risk On,True,6.074999999999997,283.157,279.8,0.010973936899871565,0.5901524969468351,True,True,No setup,Neutral,0,Not applicable,No directional setup; confirmation score not applicable.,Narrow CPR,Not applicable,Not applicable,Narrow CPR; Wide CPR rules not applied,0,0,0,0
2026-09-17,2026-09-17,CM,NSE,STK,11627,INE117Z01029,NARMADA,EQ,,,,,NARMADA AGROBASE LIMITED,13.74,14.0,13.71,13.86,13.8,13.77,,13.85,,,82610,1139815.56,350,F1,1,,,,,,Cash Only,Unclassified,False,13.856666666666667,13.855,13.858333333333334,13.858333333333334,13.855,0.0033333333333338544,0.02405002405002781,Narrow,Bullish,Above CPR,True,False,0.03333333333333333,60,17398249.765,Higher,True,Risk On,True,0.7471428571428568,21.1404,28.888700000000004,0.004461440407903822,0.06551323123852165,False,False,No setup,Neutral,0,Not applicable,No directional setup; confirmation score not applicable.,Narrow CPR,Not applicable,Not applicable,Narrow CPR; Wide CPR rules not applied,0,0,0,0
2026-09-17,2026-09-17,CM,NSE,STK,18086,INE917M01012,DBL,EQ,,,,,DILIP BUILDCON LIMITED,405.9,412.35,404.05,408.35,408.0,406.2,,408.35,,,98310,40136535.15,4067,F1,1,,,,,,Cash Only,Unclassified,False,408.25,408.20000000000005,408.29999999999995,408.29999999999995,408.20000000000005,0.09999999999990905,0.024488796375635863,Narrow,Bullish,Above CPR,True,False,0.03333333333333333,60,46490970.65,Higher,True,Risk On,True,12.378571428571425,416.30300000000005,430.8575,0.008078476630113832,0.8633189324473698,False,False,No setup,Neutral,0,Not applicable,No directional setup; confirmation score not applicable.,Narrow CPR,Not applicable,Not applicable,Narrow CPR; Wide CPR rules not applied,0,0,0,0
2026-09-17,2026-09-17,CM,NSE,STK,20560,INE325C01035,DOLLAR,EQ,,,,,DOLLAR INDUSTRIES LIMITED,267.05,271.7,262.1,267.0,267.9,266.8,,266.9,,,53788,14304862.3,1794,F1,1,,,,,,Cash Only,Unclassified,False,266.93333333333334,266.9,266.9666666666667,266.9666666666667,266.9,0.06666666666671972,0.024968789013752705,Narrow,Bullish,Above CPR,True,False,0.06666666666666667,60,27059551.4,Higher,True,Risk On,True,8.267857142857135,267.633,269.325,0.008063354931611895,0.5286437342786104,False,False,No setup,Neutral,0,Not applicable,No directional setup; confirmation score not applicable.,Narrow CPR,Not applicable,Not applicable,Narrow CPR; Wide CPR rules not applied,0,0,0,0
2026-09-17,2026-09-17,CM,NSE,STK,1660,INE154A01025,ITC,EQ,,,,,ITC LTD,264.8,268.5,264.1,266.2,266.2,264.15,,266.12,,,13365227,3556847137.8,102348,F1,1,,,,,,F&O + Cash,Fast Moving Consumer Goods,True,266.26666666666665,266.3,266.2333333333333,266.3,266.2333333333333,0.06666666666671972,0.02504382669673919,Narrow,Bearish,Below CPR,False,True,0.05,60,3541774236.675,Higher,True,Risk On,True,5.624999999999992,274.51,284.95399999999995,0.0118518518518613,1.0042557487060921,False,False,No setup,Neutral,0,Not applicable,No directional setup; confirmation score not applicable.,Narrow CPR,Not applicable,Not applicable,Narrow CPR; Wide CPR rules not applied,0,0,0,0
2026-09-17,2026-09-17,CM,NSE,STK,759867,INE0ILV01024,CAPILLARY,EQ,,,,,CAPILLARY TECHNO INDIA L,451.0,453.95,444.3,448.95,447.3,452.05,,448.89,,,121509,54567975.75,4694,F1,1,,,,,,Cash Only,Unclassified,False,449.06666666666666,449.125,449.0083333333333,449.125,449.0083333333333,0.11666666666667425,0.02598656123547706,Narrow,Bearish,Below CPR,False,True,0.05,60,70312326.275,Lower,True,Risk On,True,16.21071428571428,501.793,510.735,0.0071968862451352285,0.7760797948367979,False,False,No setup,Neutral,0,Not applicable,No directional setup; confirmation score not applicable.,Narrow CPR,Not applicable,Not applicable,Narrow CPR; Wide CPR rules not applied,0,0,0,0
2026-09-17,2026-09-17,CM,NSE,STK,761814,INE887D01024,TCC,EQ,,,,,TCC CONCEPT LIMITED,52.16,52.39,50.15,51.25,50.41,52.26,,51.26,,,658138,33781269.99,4240,F1,1,,,,,,Cash Only,Unclassified,False,51.26333333333333,51.269999999999996,51.25666666666666,51.269999999999996,51.25666666666666,0.013333333333335418,0.026016260162605696,Narrow,Bearish,Below CPR,False,True,0.06666666666666667,60,10636966.95,Lower,True,Risk On,True,20.925,230.1922,295.3961,0.0006371963361211668,3.1758366975089647,False,False,No setup,Neutral,0,Not applicable,No directional setup; confirmation score not applicable.,Narrow CPR,Not applicable,Not applicable,Narrow CPR; Wide CPR rules not applied,0,0,0,0
2026-09-17,2026-09-17,CM,NSE,STK,1675,INE248A01017,ITI,EQ,,,,,ITI LTD,255.0,257.3,253.5,255.3,255.1,255.5,,255.3,,,128700,32839335.35,5362,F1,1,,,,,,Cash Only,Telecommunication,True,255.36666666666667,255.4,255.33333333333334,255.4,255.33333333333334,0.06666666666666288,0.026113069591328978,Narrow,Bearish,Below CPR,False,True,0.05,60,58976338.25,Higher,True,Risk On,True,5.782142857142858,276.968,287.3333,0.011529750875025079,0.5568222158994417,False,False,No setup,Neutral,0,Not applicable,No directional setup; confirmation score not applicable.,Narrow CPR,Not applicable,Not applicable,Narrow CPR; Wide CPR rules not applied,0,0,0,0
2026-09-17,2026-09-17,CM,NSE,STK,14101,INE034D01049,PTL,EQ,,,,,PTL ENTERPRISES LTD,38.05,38.24,37.91,38.09,38.1,38.05,,38.09,,,19791,752972.72,679,F1,1,,,,,,Cash Only,Unclassified,False,38.080000000000005,38.075,38.08500000000001,38.08500000000001,38.075,0.010000000000005116,0.02625360987137074,Narrow,Bullish,Above CPR,True,False,0.06666666666666667,60,1200182.12,Lower,True,Risk On,True,0.750000000000001,39.046,39.8003,0.013333333333340136,0.6273820509840622,False,False,No setup,Neutral,0,Not applicable,No directional setup; confirmation score not applicable.,Narrow CPR,Not applicable,Not applicable,Narrow CPR; Wide CPR rules not applied,0,0,0,0
2026-09-17,2026-09-17,CM,NSE,STK,13035,INE429E01023,SAFARI,EQ,,,,,SAFARI IND (INDIA) LTD,1520.0,1525.5,1496.1,1511.4,1502.0,1520.5,,1511.41,,,30289,45710341.2,4498,F1,1,,,,,,Cash Only,Unclassified,False,1511.0,1510.8,1511.2,1511.2,1510.8,0.40000000000009095,0.02646552864894078,Narrow,Bullish,Above CPR,True,False,0.03333333333333333,60,38762481.25,Lower,True,Risk On,True,42.978571428571435,1542.1659999999997,1544.503,0.009306963603126595,1.179241878382076,False,False,No setup,Neutral,0,Not applicable,No directional setup; confirmation score not applicable.,Narrow CPR,Not applicable,Not applicable,Narrow CPR; Wide CPR rules not applied,0,0,-2,-2
2026-09-17,2026-09-17,CM,NSE,STK,29624,INE274Y01021,AJAXENGG,EQ,,,,,AJAX ENGINEERING LIMITED,560.1,573.55,560.1,566.6,564.65,566.55,,566.58,,,29873,16990968.5,4855,F1,1,,,,,,Cash Only,Unclassified,False,566.75,566.825,566.675,566.825,566.675,0.15000000000009095,0.026473702788579412,Narrow,Bearish,Below CPR,False,True,0.05,60,29204587.325,Lower,True,Risk On,True,19.467857142857138,578.148,565.455,0.007705008255370661,0.5817910833978888,False,True,No setup,Neutral,0,Not applicable,No directional setup; confirmation score not applicable.,Narrow CPR,Not applicable,Not applicable,Narrow CPR; Wide CPR rules not applied,0,0,0,0
2026-09-17,2026-09-17,CM,NSE,STK,20321,INE274V01019,SHANKARA,EQ,,,,,SHANKARA BLDG PRODUCT LTD,149.85,149.85,148.61,149.29,149.3,149.24,,149.27,,,129256,19303075.72,321,F1,1,,,,,,Cash Only,Unclassified,False,149.25,149.23000000000002,149.26999999999998,149.26999999999998,149.23000000000002,0.03999999999996362,0.026793489182104377,Narrow,Bullish,Above CPR,True,False,0.13333333333333333,60,10410514.935,Higher,True,Risk On,True,2.0264285714285717,141.86180000000002,124.3883,0.019739161085635906,1.8541902913085824,True,True,No setup,Neutral,0,Not applicable,No directional setup; confirmation score not applicable.,Narrow CPR,Not applicable,Not applicable,Narrow CPR; Wide CPR rules not applied,0,0,0,0
2026-09-17,2026-09-17,CM,NSE,STK,31507,INE147P01019,JPOLYINVST,EQ,,,,,JIND POL INV & FIN CO LTD,982.05,993.7,970.0,982.25,976.0,983.7,,982.24,,,2186,2152147.2,615,F1,1,,,,,,Cash Only,Unclassified,False,981.9833333333332,981.85,982.1166666666664,982.1166666666664,981.85,0.26666666666642413,0.027148553491109607,Narrow,Bullish,Above CPR,True,False,0.05,60,5279502.4,Higher,True,Risk On,True,32.73571428571428,1026.281,1049.8455,0.008146046985227882,0.407642053538985,False,False,No setup,Neutral,0,Not applicable,No directional setup; confirmation score not applicable.,Narrow CPR,Not applicable,Not applicable,Narrow CPR; Wide CPR rules not applied,0,0,0,0
2026-09-17,2026-09-17,CM,NSE,STK,10604,INE397D01024,BHARTIARTL,EQ,,,,,BHARTI AIRTEL LIMITED,1841.8,1845.9,1827.6,1836.0,1836.0,1835.0,,1833.4,,,4368285,8021221872.2,124838,F1,1,,,,,,F&O + Cash,Telecommunication,True,1836.5,1836.75,1836.25,1836.75,1836.25,0.5,0.027233115468409588,Narrow,Bearish,Below CPR,False,True,0.03333333333333333,60,10703956850.15,Higher,True,Risk On,True,31.55000000000002,1911.11,1881.825,0.01584786053882725,0.7493697876862793,False,False,No setup,Neutral,0,Not applicable,No directional setup; confirmation score not applicable.,Narrow CPR,Not applicable,Not applicable,Narrow CPR; Wide CPR rules not applied,0,0,0,0
2026-09-17,2026-09-17,CM,NSE,STK,759934,INE04VU01023,STYL,EQ,,,,,SESHAASAI TECHNOLOGIES L,361.9,373.0,358.4,365.85,366.0,361.2,,365.85,,,135224,49619460.05,3232,F1,1,,,,,,Cash Only,Unclassified,False,365.75,365.7,365.8,365.8,365.7,0.10000000000002274,0.02733360666940624,Narrow,Bullish,Above CPR,True,False,0.03333333333333333,60,52685195.425,Higher,True,Risk On,True,18.114285714285707,383.68300000000005,330.73769999999996,0.005520504731862456,0.9418103064766224,False,True,No setup,Neutral,0,Not applicable,No directional setup; confirmation score not applicable.,Narrow CPR,Not applicable,Not applicable,Narrow CPR; Wide CPR rules not applied,0,0,0,0
2026-09-17,2026-09-17,CM,NSE,STK,16959,INE773I01017,ALKALI,EQ,,,,,ALKALI METALS LTD,74.5,74.84,71.2,73.05,73.0,72.23,,72.9,,,6095,445667.37,203,F1,1,,,,,,Cash Only,Unclassified,False,73.03000000000002,73.02000000000001,73.04000000000002,73.04000000000002,73.02000000000001,0.020000000000010232,0.02737850787133502,Narrow,Bullish,Above CPR,True,False,0.03333333333333333,60,591718.435,Inside,True,Risk On,True,9.540000000000001,68.3622,67.2984,0.002096436058701282,0.7531747257460383,True,True,No setup,Neutral,0,Not applicable,No directional setup; confirmation score not applicable.,Narrow CPR,Not applicable,Not applicable,Narrow CPR; Wide CPR rules not applied,0,0,0,0
2026-09-17,2026-09-17,CM,NSE,STK,762772,INE270B01035,MAFATIND,EQ,,,,,MAFATLAL INDUSTRIES LTD.,121.61,121.85,120.05,120.9,121.0,120.41,,120.9,,,14704,1774949.6,350,F1,1,,,,,,Cash Only,Unclassified,False,120.93333333333332,120.94999999999999,120.91666666666666,120.94999999999999,120.91666666666666,0.03333333333333144,0.02757099531292923,Narrow,Bearish,Below CPR,False,True,0.03333333333333333,60,4505094.449999999,Inside,True,Risk On,True,3.5557142857142847,127.6968,131.03279999999998,0.009374581491897153,0.39398721152228017,False,False,No setup,Neutral,0,Not applicable,No directional setup; confirmation score not applicable.,Narrow CPR,Not applicable,Not applicable,Narrow CPR; Wide CPR rules not applied,0,0,0,0
2026-09-17,2026-09-17,CM,NSE,STK,3138,INE634A01018,HONDAPOWER,EQ,,,,,HONDA I POWER PRODUCT LTD,1939.9,1959.9,1910.0,1934.1,1945.0,1922.9,,1934.1,,,1924,3713148.6,418,F1,1,,,,,,Cash Only,Unclassified,False,1934.6666666666667,1934.95,1934.3833333333334,1934.95,1934.3833333333334,0.566666666666606,0.029298726367127142,Narrow,Bearish,Below CPR,False,True,0.06666666666666667,60,6374842.949999999,Higher,True,Risk On,True,48.27857142857143,2067.66,2148.907,0.011737436504412611,0.5824690316488503,False,False,No setup,Neutral,0,Not applicable,No directional setup; confirmation score not applicable.,Narrow CPR,Not applicable,Not applicable,Narrow CPR; Wide CPR rules not applied,0,0,0,0
2026-09-17,2026-09-17,CM,NSE,STK,22477,INE02H701025,NOVAAGRI,EQ,,,,,NOVA AGRITECH LIMITED,22.3,22.89,22.11,22.49,22.63,22.32,,22.52,,,34060,766135.92,384,F1,1,,,,,,Cash Only,Unclassified,False,22.496666666666666,22.5,22.493333333333332,22.5,22.493333333333332,0.006666666666667709,0.029642804209282836,Narrow,Bearish,Below CPR,False,True,0.016666666666666666,60,3056004.545,Higher,True,Risk On,True,1.434285714285714,27.83,28.6594,0.004648074369190635,0.25069855385309975,False,False,No setup,Neutral,0,Not applicable,No directional setup; confirmation score not applicable.,Narrow CPR,Not applicable,Not applicable,Narrow CPR; Wide CPR rules not applied,0,0,0,0
2026-09-17,2026-09-17,CM,NSE,STK,7227,INE0BV301023,MAPMYINDIA,EQ,,,,,C.E. INFO SYSTEMS LIMITED,884.9,897.8,881.0,889.8,886.9,883.1,,889.79,,,70478,62665247.3,5725,F1,1,,,,,,Cash Only,Information Technology,True,889.5333333333333,889.4,889.6666666666666,889.6666666666666,889.4,0.2666666666666515,0.02996928148647466,Narrow,Bullish,Above CPR,True,False,0.016666666666666666,60,236662605.89999998,Higher,True,Risk On,True,32.24285714285713,1038.8110000000001,969.7485,0.00827056564761436,0.264787278335297,False,False,No setup,Neutral,0,Not applicable,No directional setup; confirmation score not applicable.,Narrow CPR,Not applicable,Not applicable,Narrow CPR; Wide CPR rules not applied,0,0,0,0
2026-09-17,2026-09-17,CM,NSE,STK,760351,INE119201023,PARKHOSPS,EQ,,,,,PARK MEDI WORLD LIMITED,277.1,279.55,276.0,277.9,278.8,276.4,,277.91,,,143934,40024029.2,4985,F1,1,,,,,,Cash Only,Unclassified,False,277.81666666666666,277.775,277.85833333333335,277.85833333333335,277.775,0.08333333333337123,0.029986805805459246,Narrow,Bullish,Above CPR,True,False,0.08333333333333333,60,152842014.9,Higher,True,Risk On,True,8.62857142857143,282.77,275.5188,0.009657836644596001,0.2618653596407149,False,True,No setup,Neutral,0,Not applicable,No directional setup; confirmation score not applicable.,Narrow CPR,Not applicable,Not applicable,Narrow CPR; Wide CPR rules not applied,0,0,0,0
2026-09-17,2026-09-17,CM,NSE,STK,1270,INE079A01024,AMBUJACEM,EQ,,,,,AMBUJA CEMENTS LTD,381.05,386.3,380.55,383.25,383.25,381.05,,383.26,,,1224906,468643571.3,21416,F1,1,,,,,,F&O + Cash,Construction Materials,True,383.3666666666666,383.425,383.3083333333332,383.425,383.3083333333332,0.11666666666678793,0.030441400304445643,Narrow,Bearish,Below CPR,False,True,0.05,60,867771493.8499999,Higher,True,Risk On,True,6.471428571428573,418.545,425.8875,0.018027961736589743,0.5400541209538835,False,False,No setup,Neutral,0,Not applicable,No directional setup; confirmation score not applicable.,Narrow CPR,Not applicable,Not applicable,Narrow CPR; Wide CPR rules not applied,0,0,0,0
2026-09-17,2026-09-17,CM,NSE,STK,764960,INE440G01017,TRITONV,EQ,,,,,TRITON VALVES LTD.,1061.2,1091.8,1061.2,1076.0,1082.8,1061.6,,1076.38,,,2078,2239751.3,380,F1,1,,,,,,Cash Only,Unclassified,False,1076.3333333333333,1076.5,1076.1666666666665,1076.5,1076.1666666666665,0.3333333333334849,0.030978934324673323,Narrow,Bearish,Below CPR,False,True,0.043478260869565216,23,2632040.0,Higher,True,Risk On,True,42.82857142857142,,,0.007782966422062691,0.8509564064375921,False,False,No setup,Neutral,0,Not applicable,No directional setup; confirmation score not applicable.,Narrow CPR,Not applicable,Not applicable,Narrow CPR; Wide CPR rules not applied,0,0,0,0
2026-09-17,2026-09-17,CM,NSE,STK,13631,INE01IU01018,SKYGOLD,EQ,,,,,SKY GOLD AND DIAMONDS LTD,789.0,803.0,782.85,793.3,791.0,792.6,,793.32,,,443143,352941625.65,29009,F1,1,,,,,,Cash Only,Unclassified,False,793.0499999999998,792.925,793.1749999999997,793.1749999999997,792.925,0.24999999999977263,0.0315139291566586,Narrow,Bullish,Above CPR,True,False,0.016666666666666666,60,670877992.375,Lower,True,Risk On,True,38.64642857142859,734.835,618.195,0.006468903058861132,0.5260891393985637,True,True,No setup,Neutral,0,Not applicable,No directional setup; confirmation score not applicable.,Narrow CPR,Not applicable,Not applicable,Narrow CPR; Wide CPR rules not applied,0,0,0,0
2026-09-17,2026-09-17,CM,NSE,STK,7358,INE0IX101010,DATAPATTNS,EQ,,,,,DATA PATTERNS INDIA LTD,4325.0,4509.7,4316.7,4411.1,4410.9,4321.7,,4411.03,,,763376,3378687110.4,78236,F1,1,,,,,,Cash Only,Capital Goods,True,4412.5,4413.2,4411.8,4413.2,4411.8,1.3999999999996362,0.031738115209349965,Narrow,Bearish,Below CPR,False,True,0.016666666666666666,60,3097214564.95,Higher,True,Risk On,True,187.70000000000002,4502.394,4381.294,0.007458710708575579,1.0908792528084164,False,True,No setup,Neutral,0,Not applicable,No directional setup; confirmation score not applicable.,Narrow CPR,Not applicable,Not applicable,Narrow CPR; Wide CPR rules not applied,0,0,0,0
2026-09-17,2026-09-17,CM,NSE,STK,16669,INE917I01010,BAJAJ-AUTO,EQ,,,,,BAJAJ AUTO LIMITED,11568.0,11576.0,11435.0,11500.0,11500.0,11593.0,,11500.02,,,129351,1488616833.0,22698,F1,1,,,,,,F&O + Cash,Automobile and Auto Components,True,11503.666666666666,11505.5,11501.833333333332,11505.5,11501.833333333332,3.6666666666678793,0.03188405797102504,Narrow,Bearish,Below CPR,False,True,0.06666666666666667,60,2969224147.25,Inside,True,Risk On,True,236.78571428571428,11430.33,10799.155,0.015485168426350018,0.5013487561653804,True,True,No setup,Neutral,0,Not applicable,No directional setup; confirmation score not applicable.,Narrow CPR,Not applicable,Not applicable,Narrow CPR; Wide CPR rules not applied,0,0,0,0
2026-09-17,2026-09-17,CM,NSE,STK,14592,INE061F01013,FORTIS,EQ,,,,,FORTIS HEALTHCARE LTD,877.0,897.0,874.35,886.1,886.1,870.3,,886.1,,,1175220,1045288189.35,32142,F1,1,,,,,,F&O + Cash,Healthcare,True,885.8166666666666,885.675,885.9583333333333,885.9583333333333,885.675,0.283333333333303,0.03197532257457432,Narrow,Bullish,Above CPR,True,False,0.11666666666666667,60,1015083445.35,Higher,True,Risk On,True,18.725000000000005,928.138,944.4395,0.01513128615932192,1.0297559221740489,False,False,No setup,Neutral,0,Not applicable,No directional setup; confirmation score not applicable.,Narrow CPR,Not applicable,Not applicable,Narrow CPR; Wide CPR rules not applied,0,0,0,0
2026-09-17,2026-09-17,CM,NSE,STK,18921,INE200M01039,VBL,EQ,,,,,VARUN BEVERAGES LIMITED,411.0,419.5,411.0,415.45,415.45,410.4,,415.45,,,3472718,1446768374.7,43537,F1,1,,,,,,F&O + Cash,Fast Moving Consumer Goods,True,415.31666666666666,415.25,415.3833333333333,415.3833333333333,415.25,0.13333333333332575,0.03209371364383819,Narrow,Bullish,Above CPR,True,False,0.06666666666666667,60,2146394381.8,Higher,True,Risk On,True,9.635714285714284,437.006,476.7725,0.01383741042747636,0.674045919504652,False,False,No setup,Neutral,0,Not applicable,No directional setup; confirmation score not applicable.,Narrow CPR,Not applicable,Not applicable,Narrow CPR; Wide CPR rules not applied,0,0,0,0
2026-09-17,2026-09-17,CM,NSE,STK,760392,INE027T01023,RUDRA,EQ,,,,,RUDRA GLOBAL INFRA PROD L,19.9,20.8,19.9,20.36,20.25,20.08,,20.36,,,19030,386910.27,111,F1,1,,,,,,Cash Only,Unclassified,False,20.353333333333335,20.35,20.35666666666667,20.35666666666667,20.35,0.006666666666667709,0.032743942370666544,Narrow,Bullish,Above CPR,True,False,0.03333333333333333,60,1199768.0550000002,Higher,True,Risk On,True,0.8857142857142856,20.177599999999998,19.133200000000002,0.007526881720431285,0.3224875578138309,True,True,No setup,Neutral,0,Not applicable,No directional setup; confirmation score not applicable.,Narrow CPR,Not applicable,Not applicable,Narrow CPR; Wide CPR rules not applied,0,0,0,0
2026-09-17,2026-09-17,CM,NSE,STK,14894,INE483A01010,CENTRALBK,EQ,,,,,CENTRAL BANK OF INDIA,30.37,30.65,30.12,30.4,30.43,30.39,,30.4,,,4138533,125677084.12,12332,F1,1,,,,,,Cash Only,Financial Services,True,30.389999999999997,30.384999999999998,30.394999999999996,30.394999999999996,30.384999999999998,0.00999999999999801,0.03289473684209872,Narrow,Bullish,Above CPR,True,False,0.13333333333333333,60,193623994.4,Lower,True,Risk On,True,0.4828571428571422,31.188399999999998,32.0931,0.02071005917159354,0.6490780469096654,False,False,No setup,Neutral,0,Not applicable,No directional setup; confirmation score not applicable.,Narrow CPR,Not applicable,Not applicable,Narrow CPR; Wide CPR rules not applied,0,0,0,0
2026-09-17,2026-09-17,CM,NSE,STK,23066,INE0L9R01028,GOPAL,EQ,,,,,GOPAL SNACKS LIMITED,254.95,255.55,249.2,252.25,251.0,254.4,,252.25,,,108409,27284756.5,5597,F1,1,,,,,,Cash Only,Unclassified,False,252.33333333333334,252.375,252.29166666666669,252.375,252.29166666666669,0.08333333333331439,0.03303600925007508,Narrow,Bearish,Below CPR,False,True,0.05,60,31049779.9,Lower,True,Risk On,True,6.507142857142853,268.919,279.24100000000004,0.01280643980972999,0.8787423481865004,False,False,No setup,Neutral,0,Not applicable,No directional setup; confirmation score not applicable.,Narrow CPR,Not applicable,Not applicable,Narrow CPR; Wide CPR rules not applied,0,0,0,0
2026-09-17,2026-09-17,CM,NSE,STK,10397,INE175A01038,JISLJALEQS,EQ,,,,,JAIN IRRIGATION SYSTEMS,29.07,31.37,29.0,30.2,30.3,29.07,,30.2,,,13543422,411062037.32,32760,F1,1,,,,,,Cash Only,Unclassified,False,30.19,30.185000000000002,30.195,30.195,30.185000000000002,0.00999999999999801,0.033112582781450364,Narrow,Bullish,Above CPR,True,False,0.1,60,47683744.195,Higher,True,Risk On,True,1.3978571428571431,29.6712,31.0173,0.007153806847213701,8.620590607125665,True,False,No setup,Neutral,0,Not applicable,No directional setup; confirmation score not applicable.,Narrow CPR,Not applicable,Not applicable,Narrow CPR; Wide CPR rules not applied,0,0,0,0
2026-09-17,2026-09-17,CM,NSE,STK,20261,INE202E01016,IREDA,EQ,,,,,INDIAN RENEWABLE ENERGY,108.38,109.74,108.13,108.99,108.99,108.4,,108.99,,,2634033,287398372.75,19493,F1,1,,,,,,F&O + Cash,Financial Services,True,108.95333333333333,108.935,108.97166666666666,108.97166666666666,108.935,0.03666666666666174,0.03364223017401756,Narrow,Bullish,Above CPR,True,False,0.1,60,436041730.925,Higher,True,Risk On,True,2.0607142857142855,117.62720000000002,122.91640000000001,0.017793183131135683,0.6591074944600499,False,False,No setup,Neutral,0,Not applicable,No directional setup; confirmation score not applicable.,Narrow CPR,Not applicable,Not applicable,Narrow CPR; Wide CPR rules not applied,0,0,-2,-2
2026-09-17,2026-09-17,CM,NSE,STK,11821,INE191B01025,WELCORP,EQ,,,,,WELSPUN CORP LIMITED,2420.0,2508.0,2415.1,2460.3,2463.0,2424.5,,2460.31,,,1698993,4201322046.2,94338,F1,1,,,,,,Cash Only,Capital Goods,True,2461.1333333333337,2461.55,2460.716666666667,2461.55,2460.716666666667,0.8333333333330302,0.033871208118238835,Narrow,Bearish,Below CPR,False,True,0.016666666666666666,60,1989864848.1,Higher,True,Risk On,True,138.10000000000005,2023.4720000000002,1696.651,0.006034274680181245,2.1113605028057987,True,True,No setup,Neutral,0,Not applicable,No directional setup; confirmation score not applicable.,Narrow CPR,Not applicable,Not applicable,Narrow CPR; Wide CPR rules not applied,0,0,0,0
2026-09-17,2026-09-17,CM,NSE,STK,15409,INE317F01035,NESCO,EQ,,,,,NESCO LTD.,1077.0,1088.9,1073.0,1081.5,1076.8,1075.6,,1081.49,,,18899,20410496.5,1971,F1,1,,,,,,Cash Only,Unclassified,False,1081.1333333333334,1080.95,1081.3166666666668,1081.3166666666668,1080.95,0.36666666666678793,0.033903529049171335,Narrow,Bullish,Above CPR,True,False,0.05,60,39139033.45,Higher,True,Risk On,True,35.71428571428571,1060.1660000000002,1117.664,0.010266666666670064,0.5214869837313266,True,False,No setup,Neutral,0,Not applicable,No directional setup; confirmation score not applicable.,Narrow CPR,Not applicable,Not applicable,Narrow CPR; Wide CPR rules not applied,0,0,-2,-2
2026-09-17,2026-09-17,CM,NSE,STK,762824,INE265B01019,NITTAGELA,EQ,,,,,NITTA GELATIN INDIA LTD.,1756.9,1794.8,1735.6,1766.1,1765.0,1756.9,,1765.71,,,9697,17160533.1,1090,F1,1,,,,,,Cash Only,Unclassified,False,1765.5,1765.1999999999998,1765.8000000000002,1765.8000000000002,1765.1999999999998,0.6000000000003638,0.03397316120267051,Narrow,Bullish,Above CPR,True,False,0.03333333333333333,60,11295487.5,Higher,True,Risk On,True,78.75714285714287,1725.55,1597.9825,0.007618356611649821,1.5192379346176959,True,True,No setup,Neutral,0,Not applicable,No directional setup; confirmation score not applicable.,Narrow CPR,Not applicable,Not applicable,Narrow CPR; Wide CPR rules not applied,0,0,0,0
2026-09-17,2026-09-17,CM,NSE,STK,2643,INE182A01018,PFIZER,EQ,,,,,PFIZER LTD,4000.0,4040.0,3985.5,4014.8,4010.3,4014.4,,4014.82,,,20865,83682918.6,5115,F1,1,,,,,,Cash Only,Healthcare,True,4013.433333333333,4012.75,4014.116666666666,4014.116666666666,4012.75,1.3666666666658784,0.03404071601738264,Narrow,Bullish,Above CPR,True,False,0.08333333333333333,60,127655028.1,Lower,True,Risk On,True,99.63571428571429,4671.188,4640.357,0.013716634406281668,0.6555395415717276,False,False,No setup,Neutral,0,Not applicable,No directional setup; confirmation score not applicable.,Narrow CPR,Not applicable,Not applicable,Narrow CPR; Wide CPR rules not applied,0,0,0,0
2026-09-17,2026-09-17,CM,NSE,STK,764783,INE829S01016,MSL,EQ,,,,,MANGALAM SEEDS LTD.,136.0,136.3,136.0,136.22,136.2,136.0,,136.22,,,530,72102.7,7,F1,1,,,,,,Cash Only,Unclassified,False,136.17333333333332,136.15,136.19666666666663,136.19666666666663,136.15,0.046666666666624224,0.034258307639571446,Narrow,Bullish,Above CPR,True,False,0.13043478260869565,23,44707.58,Higher,True,Risk On,True,7.716428571428573,,,0.006047702798599824,1.6127623101049082,False,False,No setup,Neutral,0,Not applicable,No directional setup; confirmation score not applicable.,Narrow CPR,Not applicable,Not applicable,Narrow CPR; Wide CPR rules not applied,0,0,0,0
2026-09-17,2026-09-17,CM,NSE,STK,762944,INE077P01034,THACKER,EQ,,,,,THACKER & CO. LTD.,949.0,950.0,949.0,949.0,949.0,952.0,,949.0,,,6,5696.0,4,F1,1,,,,,,Cash Only,Unclassified,False,949.3333333333334,949.5,949.1666666666667,949.5,949.1666666666667,0.33333333333325754,0.03512469265893125,Narrow,Bearish,Below CPR,False,True,0.13513513513513514,37,42744.5,Lower,True,Risk On,True,122.13571428571429,,,0.002729204436906021,0.1332569102457626,False,False,No setup,Neutral,0,Not applicable,No directional setup; confirmation score not applicable.,Narrow CPR,Not applicable,Not applicable,Narrow CPR; Wide CPR rules not applied,0,0,0,0
2026-09-17,2026-09-17,CM,NSE,STK,1627,INE473A01011,LINDEINDIA,EQ,,,,,LINDE INDIA LIMITED,6100.0,6148.0,6047.5,6094.5,6100.0,6089.5,,6094.48,,,29616,180403061.5,4248,F1,1,,,,,,Cash Only,Chemicals,True,6096.666666666667,6097.75,6095.583333333334,6097.75,6095.583333333334,2.1666666666660603,0.03555118002569629,Narrow,Bearish,Below CPR,False,True,0.06666666666666667,60,122982597.75,Higher,True,Risk On,True,125.28571428571429,6696.71,6958.26,0.017293804637015305,1.4668990962991755,False,False,No setup,Neutral,0,Not applicable,No directional setup; confirmation score not applicable.,Narrow CPR,Not applicable,Not applicable,Narrow CPR; Wide CPR rules not applied,0,0,0,0
2026-09-17,2026-09-17,CM,NSE,STK,18679,INE495S01016,HPL,EQ,,,,,HPL ELECTRIC & POWER LTD,279.0,282.5,278.0,280.4,280.95,278.0,,280.41,,,55484,15531257.6,3380,F1,1,,,,,,Cash Only,Unclassified,False,280.3,280.25,280.35,280.35,280.25,0.10000000000002274,0.03566333808845319,Narrow,Bullish,Above CPR,True,False,0.1,60,27309633.1,Higher,True,Risk On,True,8.742857142857142,322.10200000000003,342.3185,0.011437908496734627,0.5687098593792532,False,False,No setup,Neutral,0,Not applicable,No directional setup; confirmation score not applicable.,Narrow CPR,Not applicable,Not applicable,Narrow CPR; Wide CPR rules not applied,0,0,0,0
2026-09-17,2026-09-17,CM,NSE,STK,10588,INE712K01011,SHREEPUSHK,EQ,,,,,SHRE PUSH CHEM & FERT LTD,506.65,522.85,502.7,512.5,507.55,506.95,,512.52,,,69346,35583103.95,5065,F1,1,,,,,,Cash Only,Unclassified,False,512.6833333333333,512.775,512.5916666666666,512.775,512.5916666666666,0.18333333333339397,0.03577235772358907,Narrow,Bearish,Below CPR,False,True,0.03333333333333333,60,21650074.875,Higher,True,Risk On,True,29.53214285714285,428.93300000000005,404.8065,0.006207925182410245,1.643555699250209,True,True,No setup,Neutral,0,Not applicable,No directional setup; confirmation score not applicable.,Narrow CPR,Not applicable,Not applicable,Narrow CPR; Wide CPR rules not applied,0,0,0,0
2026-09-17,2026-09-17,CM,NSE,STK,3787,INE075A01022,WIPRO,EQ,,,,,WIPRO LTD,165.75,167.6,165.02,166.4,166.4,166.89,,166.4,,,9129514,1518812800.5,75807,F1,1,,,,,,F&O + Cash,Information Technology,True,166.34,166.31,166.37,166.37,166.31,0.060000000000002274,0.03605769230769367,Narrow,Bullish,Above CPR,True,False,0.05,60,1836554189.145,Lower,True,Risk On,True,4.274285714285709,178.4198,184.05270000000002,0.014037433155080764,0.826990463704791,False,False,No setup,Neutral,0,Not applicable,No directional setup; confirmation score not applicable.,Narrow CPR,Not applicable,Not applicable,Narrow CPR; Wide CPR rules not applied,0,0,0,0
2026-09-17,2026-09-17,CM,NSE,STK,4487,INE150B01039,ALKYLAMINE,EQ,,,,,ALKYL AMINES CHEM. LTD,1823.4,1873.8,1815.8,1843.8,1849.0,1823.1,,1843.79,,,26620,49298448.9,6011,F1,1,,,,,,Cash Only,Unclassified,False,1844.4666666666665,1844.8,1844.133333333333,1844.8,1844.133333333333,0.6666666666669698,0.03615721155586126,Narrow,Bearish,Below CPR,False,True,0.06666666666666667,60,127832720.2,Higher,True,Risk On,True,72.12857142857142,1914.614,1824.635,0.00924275434079776,0.38564812532245557,False,True,No setup,Neutral,0,Not applicable,No directional setup; confirmation score not applicable.,Narrow CPR,Not applicable,Not applicable,Narrow CPR; Wide CPR rules not applied,0,0,0,0
2026-09-17,2026-09-17,CM,NSE,STK,18659,INE182D01020,MARATHON,EQ,,,,,MARATHON NXTGEN REALT LTD,415.05,417.45,410.4,414.15,415.3,415.05,,414.16,,,36537,15136503.15,1914,F1,1,,,,,,Cash Only,Unclassified,False,414.0,413.92499999999995,414.07500000000005,414.07500000000005,413.92499999999995,0.15000000000009095,0.036218761318384876,Narrow,Bullish,Above CPR,True,False,0.03333333333333333,60,30822048.9,Higher,True,Risk On,True,18.90714285714285,399.505,422.547,0.007933509633552225,0.4910933468151107,True,False,No setup,Neutral,0,Not applicable,No directional setup; confirmation score not applicable.,Narrow CPR,Not applicable,Not applicable,Narrow CPR; Wide CPR rules not applied,0,0,0,0
2026-09-17,2026-09-17,CM,NSE,STK,762690,INE207H01018,GNRL,EQ,,,,,GUJARAT NATURAL RES L,100.0,102.09,99.9,101.05,101.0,99.87,,101.07,,,77728,7854053.26,1244,F1,1,,,,,,Cash Only,Unclassified,False,101.01333333333334,100.995,101.03166666666667,101.03166666666667,100.995,0.03666666666666174,0.03628566716146635,Narrow,Bullish,Above CPR,True,False,0.03333333333333333,60,9247453.370000001,Higher,True,Risk On,True,4.689285714285716,100.156,98.48460000000001,0.007819243462806767,0.8493206665393543,True,True,No setup,Neutral,0,Not applicable,No directional setup; confirmation score not applicable.,Narrow CPR,Not applicable,Not applicable,Narrow CPR; Wide CPR rules not applied,0,0,0,0
2026-09-17,2026-09-17,CM,NSE,STK,17105,INE258G01013,SUMICHEM,EQ,,,,,SUMITOMO CHEM INDIA LTD,454.05,458.9,451.5,455.45,457.0,454.05,,455.46,,,171579,78147226.0,9383,F1,1,,,,,,Cash Only,Chemicals,True,455.2833333333333,455.2,455.3666666666666,455.3666666666666,455.2,0.16666666666662877,0.03659384491527693,Narrow,Bullish,Above CPR,True,False,0.03333333333333333,60,179572420.47500002,Higher,True,Risk On,True,14.035714285714294,519.7180000000001,490.911,0.01187446988973436,0.4351850122267501,False,False,No setup,Neutral,0,Not applicable,No directional setup; confirmation score not applicable.,Narrow CPR,Not applicable,Not applicable,Narrow CPR; Wide CPR rules not applied,0,0,0,0
2026-09-17,2026-09-17,CM,NSE,STK,17547,INE098F01031,AMRUTANJAN,EQ,,,,,AMRUTAJAN HEALTH LTD,490.4,493.4,488.05,491.0,490.95,490.4,,490.94,,,12042,5906339.7,761,F1,1,,,,,,Cash Only,Unclassified,False,490.81666666666666,490.725,490.9083333333333,490.9083333333333,490.725,0.18333333333328028,0.037338764426329996,Narrow,Bullish,Above CPR,True,False,0.05,60,26639534.1,Higher,True,Risk On,True,13.807142857142859,514.716,534.3,0.013278151405410882,0.22171332568462598,False,False,No setup,Neutral,0,Not applicable,No directional setup; confirmation score not applicable.,Narrow CPR,Not applicable,Not applicable,Narrow CPR; Wide CPR rules not applied,0,0,0,0
2026-09-17,2026-09-17,CM,NSE,STK,758853,INE618R01015,SGFIN,EQ,,,,,SG FINSERVE LIMITED,618.25,630.5,610.0,619.9,622.0,618.2,,619.87,,,161589,99835852.65,6716,F1,1,,,,,,Cash Only,Unclassified,False,620.1333333333333,620.25,620.0166666666667,620.25,620.0166666666667,0.2333333333333485,0.037640479647257384,Narrow,Bearish,Below CPR,False,True,0.05,60,175514096.175,Higher,True,Risk On,True,21.775000000000002,669.232,629.4895,0.010715652506697978,0.5688195696285077,False,False,No setup,Neutral,0,Not applicable,No directional setup; confirmation score not applicable.,Narrow CPR,Not applicable,Not applicable,Narrow CPR; Wide CPR rules not applied,0,0,0,0
2026-09-17,2026-09-17,CM,NSE,STK,14111,INE870H01013,NETWORK18,EQ,,,,,NETWORK18 MEDIA & INV LTD,26.04,26.99,25.9,26.46,26.3,26.12,,26.46,,,4048889,107530141.05,8978,F1,1,,,,,,Cash Only,Unclassified,False,26.45,26.445,26.455,26.455,26.445,0.00999999999999801,0.03779289493574456,Narrow,Bullish,Above CPR,True,False,0.05,60,92648961.58,Higher,True,Risk On,True,0.9478571428571428,28.9892,30.7789,0.010550113036923298,1.1606189558546804,False,False,No setup,Neutral,0,Not applicable,No directional setup; confirmation score not applicable.,Narrow CPR,Not applicable,Not applicable,Narrow CPR; Wide CPR rules not applied,0,0,0,0
2026-09-17,2026-09-17,CM,NSE,STK,22347,INE155Z01011,MACPOWER,EQ,,,,,MACPOWER CNC MACHINES LTD,1889.6,2010.0,1831.0,1921.6,1911.0,1889.6,,1921.6,,,94021,182890294.5,8497,F1,1,,,,,,Cash Only,Unclassified,False,1920.8666666666668,1920.5,1921.2333333333336,1921.2333333333336,1920.5,0.7333333333335759,0.03816264224258826,Narrow,Bullish,Above CPR,True,False,0.03333333333333333,60,57530141.900000006,Higher,True,Risk On,True,118.77857142857145,1666.9319999999998,1403.4485,0.006173953134085068,3.1790343020169045,True,True,No setup,Neutral,0,Not applicable,No directional setup; confirmation score not applicable.,Narrow CPR,Not applicable,Not applicable,Narrow CPR; Wide CPR rules not applied,0,0,0,0
2026-09-17,2026-09-17,CM,NSE,STK,19731,INE517F01014,GPPL,EQ,,,,,GUJARAT PIPAVAV PORT LTD,162.0,163.5,161.49,162.59,162.78,162.24,,162.6,,,1050527,170890196.34,26396,F1,1,,,,,,Cash Only,Unclassified,False,162.52666666666667,162.495,162.55833333333334,162.55833333333334,162.495,0.06333333333333258,0.038952785124135914,Narrow,Bullish,Above CPR,True,False,0.016666666666666666,60,182345986.53,Higher,True,Risk On,True,4.134285714285714,156.8808,155.9412,0.015319050909928404,0.9371755287407147,True,True,No setup,Neutral,0,Not applicable,No directional setup; confirmation score not applicable.,Narrow CPR,Not applicable,Not applicable,Narrow CPR; Wide CPR rules not applied,0,0,0,0
2026-09-17,2026-09-17,CM,NSE,STK,764523,INE00GO01025,LEAPIND,EQ,,,,,LEAP INDIA LIMITED,134.25,139.0,133.78,136.31,136.1,134.71,,136.3,,,2323727,318583987.97,25340,F1,1,,,,,,Cash Only,Unclassified,False,136.36333333333332,136.39,136.33666666666664,136.39,136.33666666666664,0.05333333333334167,0.03912650086812535,Narrow,Bearish,Below CPR,False,True,0.041666666666666664,24,754520633.81,Higher,True,Risk On,True,7.432857142857143,,,0.00717534755589836,0.4222336324472532,False,False,No setup,Neutral,0,Not applicable,No directional setup; confirmation score not applicable.,Narrow CPR,Not applicable,Not applicable,Narrow CPR; Wide CPR rules not applied,0,0,0,0
2026-09-17,2026-09-17,CM,NSE,STK,29098,INE0HR601026,DDEVPLSTIK,EQ,,,,,DDEV PLASTIKS IND LTD,253.5,258.4,252.2,255.15,255.95,252.2,,255.15,,,43806,11179689.0,2292,F1,1,,,,,,Cash Only,Unclassified,False,255.25,255.29999999999998,255.20000000000002,255.29999999999998,255.20000000000002,0.0999999999999659,0.03919263178521101,Narrow,Bearish,Below CPR,False,True,0.03333333333333333,60,27859330.549999997,Higher,True,Risk On,True,7.371428571428565,277.592,265.9583,0.013565891472863603,0.40129065484669374,False,False,No setup,Neutral,0,Not applicable,No directional setup; confirmation score not applicable.,Narrow CPR,Not applicable,Not applicable,Narrow CPR; Wide CPR rules not applied,0,0,0,0
2026-09-17,2026-09-17,CM,NSE,STK,764471,INE0MGM01017,ANNAPURNA,EQ,,,,,ANNAPURNA SWADISHT LTD,134.46,138.0,134.0,136.08,135.05,134.56,,136.08,,,17463,2383800.44,465,F1,1,,,,,,Cash Only,Unclassified,False,136.02666666666667,136.0,136.05333333333334,136.05333333333334,136.0,0.05333333333334167,0.0391926317852305,Narrow,Bullish,Above CPR,True,False,0.07692307692307693,26,7017440.875,Higher,True,Risk On,True,6.3542857142857105,,,0.008393285371703954,0.3396965478529949,False,False,No setup,Neutral,0,Not applicable,No directional setup; confirmation score not applicable.,Narrow CPR,Not applicable,Not applicable,Narrow CPR; Wide CPR rules not applied,0,0,0,0
2026-09-17,2026-09-17,CM,NSE,STK,3417,INE671A01010,HONAUT,EQ,,,,,HONEYWELL AUTOMATION IND,33730.0,34140.0,33730.0,33915.0,33965.0,33895.0,,33907.3,,,1049,35601515.0,821,F1,1,,,,,,Cash Only,Capital Goods,True,33928.333333333336,33935.0,33921.66666666667,33935.0,33921.66666666667,13.333333333328483,0.03931397120250179,Narrow,Bearish,Below CPR,False,True,0.08333333333333333,60,112976372.5,Higher,True,Risk On,True,833.5714285714286,37000.0,35740.0,0.015995429877172132,0.31512354496954664,False,False,No setup,Neutral,0,Not applicable,No directional setup; confirmation score not applicable.,Narrow CPR,Not applicable,Not applicable,Narrow CPR; Wide CPR rules not applied,0,0,0,0
2026-09-17,2026-09-17,CM,NSE,STK,29284,INE665J01013,VMART,EQ,,,,,VMART RETAIL LTD,784.95,804.6,776.45,790.05,782.5,786.4,,790.05,,,107687,85102868.55,10533,F1,1,,,,,,Cash Only,Unclassified,False,790.3666666666668,790.5250000000001,790.2083333333335,790.5250000000001,790.2083333333335,0.31666666666660603,0.04008185135961092,Narrow,Bearish,Below CPR,False,True,0.05,60,73735333.25,Higher,True,Risk On,True,25.874999999999993,796.5939999999999,747.1805,0.012238325281801203,1.1541667311851471,False,True,No setup,Neutral,0,Not applicable,No directional setup; confirmation score not applicable.,Narrow CPR,Not applicable,Not applicable,Narrow CPR; Wide CPR rules not applied,0,-2,0,-2
2026-09-17,2026-09-17,CM,NSE,STK,1663,INE209A01019,SUNDROP,EQ,,,,,SUNDROP BRANDS LIMITED,657.4,662.0,652.0,657.4,656.85,653.15,,657.4,,,6188,4065066.9,320,F1,1,,,,,,Cash Only,Unclassified,False,657.1333333333333,657.0,657.2666666666667,657.2666666666667,657.0,0.2666666666666515,0.040563837339009964,Narrow,Bullish,Above CPR,True,False,0.08333333333333333,60,9456359.225000001,Higher,True,Risk On,True,15.492857142857142,658.801,659.961,0.01721223297986686,0.4298765310494007,False,False,No setup,Neutral,0,Not applicable,No directional setup; confirmation score not applicable.,Narrow CPR,Not applicable,Not applicable,Narrow CPR; Wide CPR rules not applied,0,0,0,0
2026-09-17,2026-09-17,CM,NSE,STK,3637,INE700A01033,JUBLPHARMA,EQ,,,,,JUBILANT PHARMOVA LTD,1002.0,1025.9,997.05,1012.1,1014.95,1002.5,,1012.1,,,87805,89247488.05,11460,F1,1,,,,,,Cash Only,Healthcare,True,1011.6833333333334,1011.475,1011.8916666666668,1011.8916666666668,1011.475,0.41666666666674246,0.04116852748411644,Narrow,Bullish,Above CPR,True,False,0.11666666666666667,60,133583798.9,Higher,True,Risk On,True,32.13571428571431,946.3389999999999,961.413,0.012965844261690132,0.6681011378992905,True,True,No setup,Neutral,0,Not applicable,No directional setup; confirmation score not applicable.,Narrow CPR,Not applicable,Not applicable,Narrow CPR; Wide CPR rules not applied,0,0,0,0
2026-09-17,2026-09-17,CM,NSE,STK,17801,INE093R01011,LLOYDSENGG,EQ,,,,,LLOYDS ENGG WORK LIMITED,79.3,81.2,79.3,80.2,80.23,80.02,,80.2,,,2627679,211374620.63,16073,F1,1,,,,,,Cash Only,Unclassified,False,80.23333333333333,80.25,80.21666666666667,80.25,80.21666666666667,0.03333333333333144,0.04156275976724618,Narrow,Bearish,Below CPR,False,True,0.016666666666666666,60,668545775.325,Higher,True,Risk On,True,2.8764285714285713,88.221,80.8601,0.011588444665176065,0.31617075214818985,False,False,No setup,Neutral,0,Not applicable,No directional setup; confirmation score not applicable.,Narrow CPR,Not applicable,Not applicable,Narrow CPR; Wide CPR rules not applied,0,0,0,0
2026-09-17,2026-09-17,CM,NSE,STK,11239,INE023A01030,NSIL,EQ,,,,,NALWA SONS INVESTMENT LTD,5409.5,5469.5,5409.5,5436.0,5410.0,5397.5,,5436.1,,,869,4711859.0,203,F1,1,,,,,,Cash Only,Unclassified,False,5438.333333333333,5439.5,5437.166666666666,5439.5,5437.166666666666,2.3333333333339397,0.04292371842041832,Narrow,Bearish,Below CPR,False,True,0.15,60,9635649.0,Higher,True,Risk On,True,125.03571428571429,5568.7,5584.2390000000005,0.018661334856712456,0.4890027646295543,False,False,No setup,Neutral,0,Not applicable,No directional setup; confirmation score not applicable.,Narrow CPR,Not applicable,Not applicable,Narrow CPR; Wide CPR rules not applied,0,0,0,0
2026-09-17,2026-09-17,CM,NSE,STK,11915,INE528G01035,YESBANK,EQ,,,,,YES BANK LIMITED,23.32,23.38,22.91,23.13,23.13,23.4,,23.13,,,69914036,1618171403.16,83724,F1,1,,,,,,F&O + Cash,Financial Services,True,23.14,23.145,23.135,23.145,23.135,0.00999999999999801,0.0432338953739646,Narrow,Bearish,Below CPR,False,True,0.08333333333333333,60,1270477825.2350001,Lower,True,Risk On,True,0.5921428571428563,22.877,22.895799999999998,0.016887816646558786,1.2736715045464782,True,True,No setup,Neutral,0,Not applicable,No directional setup; confirmation score not applicable.,Narrow CPR,Not applicable,Not applicable,Narrow CPR; Wide CPR rules not applied,0,0,0,0
2026-09-17,2026-09-17,CM,NSE,STK,9685,INE064C01022,TRIDENT,EQ,,,,,TRIDENT LIMITED,23.15,23.19,23.0,23.08,23.13,23.17,,23.08,,,1827421,42206060.86,14569,F1,1,,,,,,Cash Only,Textiles,True,23.09,23.095,23.085,23.095,23.085,0.00999999999999801,0.04332755632581461,Narrow,Bearish,Below CPR,False,True,0.06666666666666667,60,77765266.255,Lower,True,Risk On,True,0.3650000000000002,24.5854,24.9318,0.027397260273967137,0.5427366598553415,False,False,No setup,Neutral,0,Not applicable,No directional setup; confirmation score not applicable.,Narrow CPR,Not applicable,Not applicable,Narrow CPR; Wide CPR rules not applied,0,0,0,0
2026-09-17,2026-09-17,CM,NSE,STK,3021,INE035D01020,SOTL,EQ,,,,,SAVITA OIL TECHNOLO. LTD,685.0,700.35,681.55,691.4,689.0,694.4,,691.4,,,138210,95446872.3,6996,F1,1,,,,,,Cash Only,Unclassified,False,691.1,690.95,691.25,691.25,690.95,0.2999999999999545,0.04339022273647014,Narrow,Bullish,Above CPR,True,False,0.03333333333333333,60,165241353.475,Inside,True,Risk On,True,44.492857142857154,667.65,575.8820000000001,0.006742655321880498,0.577620978603522,True,True,No setup,Neutral,0,Not applicable,No directional setup; confirmation score not applicable.,Narrow CPR,Not applicable,Not applicable,Narrow CPR; Wide CPR rules not applied,0,0,0,0
2026-09-17,2026-09-17,CM,NSE,STK,29733,INE047O01014,NIBL,EQ,,,,,NRB INDUS. BEARINGS LTD.,30.88,31.0,30.26,30.65,30.43,30.88,,30.65,,,22575,690073.48,163,F1,1,,,,,,Cash Only,Unclassified,False,30.636666666666667,30.630000000000003,30.64333333333333,30.64333333333333,30.630000000000003,0.013333333333328312,0.04350190320824898,Narrow,Bullish,Above CPR,True,False,0.016666666666666666,60,632605.775,Lower,True,Risk On,True,1.9178571428571427,32.8544,31.824,0.006952203600245676,1.0908428396816325,False,False,No setup,Neutral,0,Not applicable,No directional setup; confirmation score not applicable.,Narrow CPR,Not applicable,Not applicable,Narrow CPR; Wide CPR rules not applied,0,0,0,0
2026-09-17,2026-09-17,CM,NSE,STK,5606,INE575C01027,INTLCONV,EQ,,,,,INTL CONVEYORS LIMITED,75.4,77.7,75.18,76.49,77.7,75.39,,76.46,,,18930,1446964.66,977,F1,1,,,,,,Cash Only,Unclassified,False,76.45666666666666,76.44,76.47333333333333,76.47333333333333,76.44,0.03333333333333144,0.04357868130910111,Narrow,Bullish,Above CPR,True,False,0.06666666666666667,60,2937501.41,Higher,True,Risk On,True,3.3057142857142847,76.9006,78.5662,0.010083549409391535,0.4925834776024839,False,False,No setup,Neutral,0,Not applicable,No directional setup; confirmation score not applicable.,Narrow CPR,Not applicable,Not applicable,Narrow CPR; Wide CPR rules not applied,0,0,0,0
2026-09-17,2026-09-17,CM,NSE,STK,20372,INE00Y201027,FLAIR,EQ,,,,,FLAIR WRITING INDUST LTD,233.05,242.18,232.4,237.13,236.22,231.89,,237.12,,,73615,17397372.5,1798,F1,1,,,,,,Cash Only,Unclassified,False,237.23666666666668,237.29000000000002,237.18333333333334,237.29000000000002,237.18333333333334,0.10666666666668334,0.044982358481290154,Narrow,Bearish,Below CPR,False,True,0.11666666666666667,60,23355517.715,Higher,True,Risk On,True,7.259285714285716,250.18600000000004,273.031,0.01469382400210141,0.7448934642466348,False,False,No setup,Neutral,0,Not applicable,No directional setup; confirmation score not applicable.,Narrow CPR,Not applicable,Not applicable,Narrow CPR; Wide CPR rules not applied,0,0,0,0
2026-09-17,2026-09-17,CM,NSE,STK,7627,INE879A01019,SHREERAMA,EQ,,,,,SHREE RAMA MULTI TECH LTD,44.41,44.75,43.91,44.36,44.74,43.98,,44.41,,,14020,622478.61,250,F1,1,,,,,,Cash Only,Unclassified,False,44.339999999999996,44.33,44.349999999999994,44.349999999999994,44.33,0.01999999999999602,0.04508566275923359,Narrow,Bullish,Above CPR,True,False,0.05,60,2356962.135,Higher,True,Risk On,True,2.838571428571428,42.1062,43.22690000000001,0.007045797684950788,0.2641020832521775,True,True,No setup,Neutral,0,Not applicable,No directional setup; confirmation score not applicable.,Narrow CPR,Not applicable,Not applicable,Narrow CPR; Wide CPR rules not applied,0,0,0,0
2026-09-17,2026-09-17,CM,NSE,STK,10791,INE096B01018,NUCLEUS,EQ,,,,,NUCLEUS SOFTWARE EXPORTS,688.0,697.95,685.8,691.4,689.4,692.45,,691.4,,,14834,10221027.45,1169,F1,1,,,,,,Cash Only,Unclassified,False,691.7166666666667,691.875,691.5583333333334,691.875,691.5583333333334,0.31666666666660603,0.045800790666272205,Narrow,Bearish,Below CPR,False,True,0.13333333333333333,60,15564255.25,Lower,True,Risk On,True,13.967857142857165,725.441,748.9845,0.02267109861075161,0.6566987810097755,False,False,No setup,Neutral,0,Not applicable,No directional setup; confirmation score not applicable.,Narrow CPR,Not applicable,Not applicable,Narrow CPR; Wide CPR rules not applied,0,0,0,0
2026-09-17,2026-09-17,CM,NSE,STK,757845,INE06ST01018,INDIQUBE,EQ,,,,,INDIQUBE SPACES LIMITED,200.17,208.0,197.18,202.45,200.0,200.15,,202.44,,,77034,15556354.29,1879,F1,1,,,,,,Cash Only,Unclassified,False,202.54333333333332,202.59,202.49666666666664,202.59,202.49666666666664,0.09333333333336213,0.04610191816910948,Narrow,Bearish,Below CPR,False,True,0.08333333333333333,60,7864639.475,Higher,True,Risk On,True,8.47642857142857,184.79559999999998,175.38850000000002,0.0110109266593669,1.9780123856217833,True,True,No setup,Neutral,0,Not applicable,No directional setup; confirmation score not applicable.,Narrow CPR,Not applicable,Not applicable,Narrow CPR; Wide CPR rules not applied,0,0,0,0
2026-09-17,2026-09-17,CM,NSE,STK,8696,INE366I01010,VRLLOG,EQ,,,,,VRL LOGISTICS LIMITED,286.05,290.8,284.6,287.9,287.65,286.05,,287.91,,,75100,21604282.25,2546,F1,1,,,,,,Cash Only,Unclassified,False,287.7666666666667,287.70000000000005,287.83333333333337,287.83333333333337,287.70000000000005,0.13333333333332575,0.04631237698274601,Narrow,Bullish,Above CPR,True,False,0.1,60,39093380.0,Higher,True,Risk On,True,6.892857142857131,274.93600000000004,258.8175,0.019343696027632785,0.5526327539342978,True,True,No setup,Neutral,0,Not applicable,No directional setup; confirmation score not applicable.,Narrow CPR,Not applicable,Not applicable,Narrow CPR; Wide CPR rules not applied,0,0,0,0
2026-09-17,2026-09-17,CM,NSE,STK,350,INE459A01010,BANARISUG,EQ,,,,,BANNARI AMMAN SUGARS LTD,3282.6,3345.0,3256.0,3302.8,3317.8,3267.2,,3302.8,,,1049,3467713.5,281,F1,1,,,,,,Cash Only,Unclassified,False,3301.2666666666664,3300.5,3302.033333333333,3302.033333333333,3300.5,1.5333333333328483,0.04642525533888967,Narrow,Bullish,Above CPR,True,False,0.05,60,2129402.55,Overlapping,True,Risk On,True,150.77142857142863,3597.7239999999997,3588.762,0.010169919777648223,1.6284912873801154,False,False,No setup,Neutral,0,Not applicable,No directional setup; confirmation score not applicable.,Narrow CPR,Not applicable,Not applicable,Narrow CPR; Wide CPR rules not applied,0,0,0,0
2026-09-17,2026-09-17,CM,NSE,STK,338,INE164A01016,BALMLAWRIE,EQ,,,,,BALMER LAWRIE & CO LTD,161.02,163.69,161.02,162.47,163.51,162.1,,162.48,,,73935,12024440.1,1874,F1,1,,,,,,Cash Only,Unclassified,False,162.39333333333335,162.35500000000002,162.43166666666667,162.43166666666667,162.35500000000002,0.07666666666665378,0.04718819884695869,Narrow,Bullish,Above CPR,True,False,0.16666666666666666,60,17462993.415,Higher,True,Risk On,True,3.3799999999999994,175.0746,179.2272,0.022682445759365028,0.6885669492191124,False,False,No setup,Neutral,0,Not applicable,No directional setup; confirmation score not applicable.,Narrow CPR,Not applicable,Not applicable,Narrow CPR; Wide CPR rules not applied,0,0,0,0
2026-09-17,2026-09-17,CM,NSE,STK,764733,INE577D01013,JYOTIRES,EQ,,,,,JYOTI RESINS & ADHESIVE L,832.0,845.95,831.05,837.9,843.8,839.45,,838.59,,,2099,1760928.5,376,F1,1,,,,,,Cash Only,Unclassified,False,838.3000000000001,838.5,838.1000000000001,838.5,838.1000000000001,0.3999999999998636,0.04773839360303898,Narrow,Bearish,Below CPR,False,True,0.08695652173913043,23,6082496.0,Inside,True,Risk On,True,24.710714285714296,,,0.016187310304951835,0.289507547559423,False,False,No setup,Neutral,0,Not applicable,No directional setup; confirmation score not applicable.,Narrow CPR,Not applicable,Not applicable,Narrow CPR; Wide CPR rules not applied,0,0,0,0
2026-09-17,2026-09-17,CM,NSE,STK,14942,INE245I01016,NAGREEKCAP,EQ,,,,,NAGREEKA CAP & INFR.LTD,28.15,29.0,26.8,27.92,28.25,27.79,,27.89,,,66117,1863776.79,386,F1,1,,,,,,Cash Only,Unclassified,False,27.906666666666666,27.9,27.913333333333334,27.913333333333334,27.9,0.013333333333335418,0.047755491881573846,Narrow,Bullish,Above CPR,True,False,0.03333333333333333,60,116096.15,Higher,True,Risk On,True,1.7742857142857136,24.7242,25.0193,0.007514761137950721,16.053734684569644,True,True,No setup,Neutral,0,Not applicable,No directional setup; confirmation score not applicable.,Narrow CPR,Not applicable,Not applicable,Narrow CPR; Wide CPR rules not applied,0,0,0,0
2026-09-17,2026-09-17,CM,NSE,STK,7835,INE02WG01024,WEL,EQ,,,,,WONDER ELECTRICALS LTD,69.42,70.28,68.76,69.47,69.73,69.42,,69.48,,,397990,27625807.05,2611,F1,1,,,,,,Cash Only,Unclassified,False,69.50333333333334,69.52000000000001,69.48666666666668,69.52000000000001,69.48666666666668,0.03333333333333144,0.04798234249795802,Narrow,Bearish,Below CPR,False,True,0.1,60,50357725.67,Inside,True,Risk On,True,6.3685714285714266,108.7266,103.81639999999999,0.005234036189621358,0.5485912376391878,False,False,No setup,Neutral,0,Not applicable,No directional setup; confirmation score not applicable.,Narrow CPR,Not applicable,Not applicable,Narrow CPR; Wide CPR rules not applied,0,0,0,0
2026-09-17,2026-09-17,CM,NSE,STK,10794,INE476A01022,CANBK,EQ,,,,,CANARA BANK,123.15,125.14,122.48,123.9,123.9,123.2,,123.9,,,11099833,1372112571.74,55544,F1,1,,,,,,F&O + Cash,Financial Services,True,123.83999999999999,123.81,123.86999999999998,123.86999999999998,123.81,0.05999999999997385,0.04842615012104427,Narrow,Bullish,Above CPR,True,False,0.08333333333333333,60,1981808149.565,Higher,True,Risk On,True,2.2478571428571406,127.18019999999999,129.2138,0.026692087702562275,0.6923538850322993,False,False,No setup,Neutral,0,Not applicable,No directional setup; confirmation score not applicable.,Narrow CPR,Not applicable,Not applicable,Narrow CPR; Wide CPR rules not applied,0,0,0,0
2026-09-17,2026-09-17,CM,NSE,STK,13430,INE164B01030,KELLTONTEC,EQ,,,,,KELLTON TECH SOL LTD,13.53,13.75,13.37,13.57,13.66,13.5,,13.57,,,1690878,22893685.13,3700,F1,1,,,,,,Cash Only,Unclassified,False,13.563333333333333,13.559999999999999,13.566666666666666,13.566666666666666,13.559999999999999,0.006666666666667709,0.04912797838369719,Narrow,Bullish,Above CPR,True,False,0.06666666666666667,60,20235332.755000003,Inside,True,Risk On,True,0.662142857142857,14.122199999999998,14.8731,0.010068320747933974,1.1313718142017277,False,False,No setup,Neutral,0,Not applicable,No directional setup; confirmation score not applicable.,Narrow CPR,Not applicable,Not applicable,Narrow CPR; Wide CPR rules not applied,0,0,0,0
2026-09-17,2026-09-17,CM,NSE,STK,11532,INE481G01011,ULTRACEMCO,EQ,,,,,ULTRATECH CEMENT LIMITED,10740.0,10841.0,10703.0,10764.0,10764.0,10700.0,,10767.6,,,180788,1949049017.0,29640,F1,1,,,,,,F&O + Cash,Construction Materials,True,10769.333333333334,10772.0,10766.666666666668,10772.0,10766.666666666668,5.333333333332121,0.049547875634820895,Narrow,Bearish,Below CPR,False,True,0.1,60,2643160427.5,Higher,True,Risk On,True,202.42857142857142,11606.82,11540.8,0.02634674194306623,0.7373933858579608,False,False,No setup,Neutral,0,Not applicable,No directional setup; confirmation score not applicable.,Narrow CPR,Not applicable,Not applicable,Narrow CPR; Wide CPR rules not applied,0,0,0,0
2026-09-17,2026-09-17,CM,NSE,STK,17881,INE950I01011,DBCORP,EQ,,,,,D.B.CORP LTD,187.8,189.89,185.47,187.82,189.0,186.49,,187.82,,,49962,9367657.17,1966,F1,1,,,,,,Cash Only,Unclassified,False,187.7266666666667,187.68,187.77333333333337,187.77333333333337,187.68,0.09333333333336213,0.04969296844498037,Narrow,Bullish,Above CPR,True,False,0.08333333333333333,60,17987710.875,Higher,True,Risk On,True,4.687857142857142,204.6394,206.06,0.01990959418965519,0.5207809506778055,False,False,No setup,Neutral,0,Not applicable,No directional setup; confirmation score not applicable.,Narrow CPR,Not applicable,Not applicable,Narrow CPR; Wide CPR rules not applied,0,0,0,0
2026-09-17,2026-09-17,CM,NSE,STK,29171,INE0WO601020,LAXMIDENTL,EQ,,,,,LAXMI DENTAL LIMITED,195.66,201.1,195.66,198.23,198.0,195.43,,198.22,,,28958,5749351.15,951,F1,1,,,,,,Cash Only,Unclassified,False,198.33,198.38,198.28000000000003,198.38,198.28000000000003,0.0999999999999659,0.050446451092148466,Narrow,Bearish,Below CPR,False,True,0.08333333333333333,60,18641544.885,Higher,True,Risk On,True,6.209285714285711,207.865,213.8908,0.016104911998153955,0.30841602375059807,False,False,No setup,Neutral,0,Not applicable,No directional setup; confirmation score not applicable.,Narrow CPR,Not applicable,Not applicable,Narrow CPR; Wide CPR rules not applied,0,0,0,0
2026-09-17,2026-09-17,CM,NSE,STK,10753,INE692A01016,UNIONBANK,EQ,,,,,UNION BANK OF INDIA,177.0,180.62,175.83,178.09,178.09,178.2,,178.09,,,5299874,942576227.84,30885,F1,1,,,,,,F&O + Cash,Financial Services,True,178.18000000000004,178.22500000000002,178.13500000000005,178.22500000000002,178.13500000000005,0.08999999999997499,0.05053624571844292,Narrow,Bearish,Below CPR,False,True,0.08333333333333333,60,2059615367.5,Higher,True,Risk On,True,4.547857142857138,178.71779999999998,172.9827,0.01978953981466391,0.45764672506989346,False,True,No setup,Neutral,0,Not applicable,No directional setup; confirmation score not applicable.,Narrow CPR,Not applicable,Not applicable,Narrow CPR; Wide CPR rules not applied,0,0,0,0
2026-09-17,2026-09-17,CM,NSE,STK,4907,INE510A01028,ENGINERSIN,EQ,,,,,ENGINEERS INDIA LTD,261.0,267.95,259.95,263.75,264.5,260.65,,263.75,,,1556919,412167739.5,36828,F1,1,,,,,,Cash Only,Construction,True,263.8833333333333,263.95,263.81666666666666,263.95,263.81666666666666,0.13333333333332575,0.05055292259083441,Narrow,Bearish,Below CPR,False,True,0.08333333333333333,60,485751242.395,Higher,True,Risk On,True,10.922857142857145,245.40540000000001,243.98550000000003,0.012206818379980122,0.8485160788633376,True,True,No setup,Neutral,0,Not applicable,No directional setup; confirmation score not applicable.,Narrow CPR,Not applicable,Not applicable,Narrow CPR; Wide CPR rules not applied,0,0,0,0
2026-09-17,2026-09-17,CM,NSE,STK,742,INE757A01017,COSMOFIRST,EQ,,,,,COSMO FIRST LIMITED,873.95,888.0,870.45,879.9,883.0,878.05,,879.17,,,36388,32057883.25,1903,F1,1,,,,,,Cash Only,Unclassified,False,879.4499999999999,879.225,879.6749999999998,879.6749999999998,879.225,0.4499999999998181,0.051142175247166514,Narrow,Bullish,Above CPR,True,False,0.11666666666666667,60,72653389.7,Higher,True,Risk On,True,29.485714285714266,897.092,830.8005,0.015261627906970585,0.4412441509250049,False,True,No setup,Neutral,0,Not applicable,No directional setup; confirmation score not applicable.,Narrow CPR,Not applicable,Not applicable,Narrow CPR; Wide CPR rules not applied,0,0,0,0
2026-09-17,2026-09-17,CM,NSE,STK,24966,INE713C01016,SURAJLTD,EQ,,,,,SURAJ LIMITED,201.49,202.0,201.49,201.9,201.9,197.32,,202.45,,,151,30476.4,3,F1,1,,,,,,Cash Only,Unclassified,False,201.79666666666665,201.745,201.8483333333333,201.8483333333333,201.745,0.1033333333332962,0.051180452369141254,Narrow,Bullish,Above CPR,True,False,0.11666666666666667,60,175816.24,Higher,True,Risk On,True,7.723571428571432,214.94439999999997,223.6807,0.013378957427782725,0.1733423488069134,False,False,No setup,Neutral,0,Not applicable,No directional setup; confirmation score not applicable.,Narrow CPR,Not applicable,Not applicable,Narrow CPR; Wide CPR rules not applied,0,0,0,0
2026-09-17,2026-09-17,CM,NSE,STK,11262,INE203G01027,IGL,EQ,,,,,INDRAPRASTHA GAS LTD,148.66,149.67,147.9,148.67,148.49,148.77,,148.67,,,876042,130267733.98,28827,F1,1,,,,,,Cash Only,Oil Gas & Consumable Fuels,True,148.74666666666667,148.785,148.70833333333334,148.785,148.70833333333334,0.07666666666665378,0.051568350485406464,Narrow,Bearish,Below CPR,False,True,0.1,60,169624875.485,Lower,True,Risk On,True,3.2257142857142833,151.62640000000002,156.964,0.023767345733683654,0.7679754140277593,False,False,No setup,Neutral,0,Not applicable,No directional setup; confirmation score not applicable.,Narrow CPR,Not applicable,Not applicable,Narrow CPR; Wide CPR rules not applied,0,0,0,0
2026-09-17,2026-09-17,CM,NSE,STK,5701,INE491A01021,CUB,EQ,,,,,CITY UNION BANK LTD,227.0,237.0,227.0,231.82,232.5,227.24,,231.82,,,2026127,472432263.02,36296,F1,1,,,,,,Cash Only,Financial Services,True,231.93999999999997,232.0,231.87999999999994,232.0,231.87999999999994,0.12000000000006139,0.0517642998878705,Narrow,Bearish,Below CPR,False,True,0.016666666666666666,60,588729019.21,Higher,True,Risk On,True,9.360714285714286,222.18380000000002,230.46859999999998,0.012819534528812357,0.8024613151462185,True,True,No setup,Neutral,0,Not applicable,No directional setup; confirmation score not applicable.,Narrow CPR,Not applicable,Not applicable,Narrow CPR; Wide CPR rules not applied,0,0,0,0
2026-09-17,2026-09-17,CM,NSE,STK,25222,INE0UOS01011,SANOFICONR,EQ,,,,,SANOFI CONS HEALTHC IND L,4018.0,4046.8,3926.0,3989.5,4024.0,3990.4,,3990.03,,,4821,19291025.2,940,F1,1,,,,,,Cash Only,Unclassified,False,3987.433333333333,3986.4,3988.466666666666,3988.466666666666,3986.4,2.0666666666656965,0.051802648619268,Narrow,Bullish,Above CPR,True,False,0.08333333333333333,60,15806268.75,Lower,True,Risk On,True,116.32142857142851,4378.6140000000005,4536.786,0.017766861119631418,1.2204667341240796,False,False,No setup,Neutral,0,Not applicable,No directional setup; confirmation score not applicable.,Narrow CPR,Not applicable,Not applicable,Narrow CPR; Wide CPR rules not applied,0,0,0,0
2026-09-17,2026-09-17,CM,NSE,STK,7,INE769A01020,AARTIIND,EQ,,,,,AARTI INDUSTRIES LTD,469.9,482.95,469.5,476.6,475.9,472.85,,476.6,,,315130,150762696.8,16139,F1,1,,,,,,Cash Only,Chemicals,True,476.3500000000001,476.225,476.47500000000014,476.47500000000014,476.225,0.2500000000001137,0.052454888795659606,Narrow,Bullish,Above CPR,True,False,0.1,60,365512460.15,Higher,True,Risk On,True,15.871428571428567,502.78799999999995,488.93449999999996,0.01575157515752292,0.41246937720845306,False,False,No setup,Neutral,0,Not applicable,No directional setup; confirmation score not applicable.,Narrow CPR,Not applicable,Not applicable,Narrow CPR; Wide CPR rules not applied,0,0,0,0
2026-09-17,2026-09-17,CM,NSE,STK,20314,INE740D01017,NRAIL,EQ,,,,,N R AGARWAL INDS LTD,615.0,641.0,615.0,628.5,632.0,621.4,,628.5,,,11537,7257972.7,729,F1,1,,,,,,Cash Only,Unclassified,False,628.1666666666666,628.0,628.3333333333333,628.3333333333333,628.0,0.33333333333325754,0.05303632988595984,Narrow,Bullish,Above CPR,True,False,0.03333333333333333,60,3403989.8499999996,Inside,True,Risk On,True,43.0892857142857,508.32,484.17,0.007735875120871292,2.1321957525813424,True,True,No setup,Neutral,0,Not applicable,No directional setup; confirmation score not applicable.,Narrow CPR,Not applicable,Not applicable,Narrow CPR; Wide CPR rules not applied,0,0,0,0
2026-09-17,2026-09-17,CM,NSE,STK,18520,INE509F01029,CUPID,EQ,,,,,CUPID LIMITED,279.0,281.6,276.25,279.15,279.2,280.0,,279.15,,,5922526,1651043770.8,51662,F1,1,,,,,,Cash Only,Unclassified,False,279.0,278.925,279.075,279.075,278.925,0.14999999999997726,0.05373455131648837,Narrow,Bullish,Above CPR,True,False,0.06666666666666667,60,5579968147.75,Lower,True,Risk On,True,9.305714285714297,256.0168,201.99630000000002,0.01611912803192876,0.29588766944229733,True,True,No setup,Neutral,0,Not applicable,No directional setup; confirmation score not applicable.,Narrow CPR,Not applicable,Not applicable,Narrow CPR; Wide CPR rules not applied,0,0,0,0
2026-09-17,2026-09-17,CM,NSE,STK,25574,INE908D01010,SHAKTIPUMP,EQ,,,,,SHAKTI PUMPS (I) LTD,466.8,468.95,458.5,464.1,464.2,463.9,,463.92,,,505053,233724309.75,22070,F1,1,,,,,,Cash Only,Unclassified,False,463.8500000000001,463.725,463.97500000000014,463.97500000000014,463.725,0.2500000000001137,0.05386770092654895,Narrow,Bullish,Above CPR,True,False,0.1,60,204799084.65,Lower,True,Risk On,True,15.296428571428569,511.19800000000004,527.613,0.016343684333418596,1.1412370819402489,False,False,No setup,Neutral,0,Not applicable,No directional setup; confirmation score not applicable.,Narrow CPR,Not applicable,Not applicable,Narrow CPR; Wide CPR rules not applied,0,0,-2,-2
2026-09-17,2026-09-17,CM,NSE,STK,12024,INE128X01021,ACI,EQ,,,,,ARCHEAN CHEMICAL IND LTD,461.95,469.2,456.35,462.4,458.2,461.45,,462.39,,,272058,126238058.9,16003,F1,1,,,,,,Cash Only,Unclassified,False,462.6499999999999,462.775,462.52499999999986,462.775,462.52499999999986,0.2500000000001137,0.05406574394466127,Narrow,Bearish,Below CPR,False,True,0.05,60,105636002.075,Higher,True,Risk On,True,17.63571428571429,516.4159999999999,533.2545,0.014175779667888177,1.1950287441811065,False,False,No setup,Neutral,0,Not applicable,No directional setup; confirmation score not applicable.,Narrow CPR,Not applicable,Not applicable,Narrow CPR; Wide CPR rules not applied,0,0,0,0
2026-09-17,2026-09-17,CM,NSE,STK,758460,INE718I01012,JSWCEMENT,EQ,,,,,JSW CEMENT LIMITED,116.5,117.24,115.85,116.64,116.5,116.52,,116.64,,,915141,106658517.75,32728,F1,1,,,,,,Cash Only,Construction Materials,True,116.57666666666665,116.54499999999999,116.60833333333332,116.60833333333332,116.54499999999999,0.06333333333333258,0.05429812528577896,Narrow,Bullish,Above CPR,True,False,0.16666666666666666,60,163672766.685,Higher,True,Risk On,True,2.1757142857142853,129.4832,128.9544,0.02910921427008064,0.651657083278075,False,False,No setup,Neutral,0,Not applicable,No directional setup; confirmation score not applicable.,Narrow CPR,Not applicable,Not applicable,Narrow CPR; Wide CPR rules not applied,0,0,0,0
2026-09-17,2026-09-17,CM,NSE,STK,857,INE041A01016,DHAMPURSUG,EQ,,,,,DHAMPUR SUGAR MILLS LTD.,152.51,154.0,149.69,151.72,151.22,152.74,,151.72,,,487682,73966944.9,5347,F1,1,,,,,,Cash Only,Unclassified,False,151.8033333333333,151.845,151.76166666666663,151.845,151.76166666666663,0.08333333333337123,0.05492574039900555,Narrow,Bearish,Below CPR,False,True,0.08333333333333333,60,74003015.605,Lower,True,Risk On,True,8.105714285714289,158.1522,151.3194,0.01028081306544939,0.9995125779036826,False,True,No setup,Neutral,0,Not applicable,No directional setup; confirmation score not applicable.,Narrow CPR,Not applicable,Not applicable,Narrow CPR; Wide CPR rules not applied,0,0,0,0
2026-09-17,2026-09-17,CM,NSE,STK,28879,INE0V7W01012,CARRARO,EQ,,,,,CARRARO INDIA LIMITED,509.7,524.0,506.95,515.05,523.0,508.85,,515.03,,,357858,184208527.65,4193,F1,1,,,,,,Cash Only,Unclassified,False,515.3333333333334,515.475,515.1916666666667,515.475,515.1916666666667,0.283333333333303,0.05501084037147909,Narrow,Bearish,Below CPR,False,True,0.08333333333333333,60,57320125.525000006,Higher,True,Risk On,True,18.603571428571446,537.088,545.614,0.015230050553527505,3.2136797671466715,False,False,No setup,Neutral,0,Not applicable,No directional setup; confirmation score not applicable.,Narrow CPR,Not applicable,Not applicable,Narrow CPR; Wide CPR rules not applied,0,0,0,0
2026-09-17,2026-09-17,CM,NSE,STK,759130,INE08PH01015,ABCOTS,EQ,,,,,A B COTSPIN INDIA LIMITED,207.8,215.0,207.01,210.83,212.0,204.63,,210.87,,,17379,3676087.25,342,F1,1,,,,,,Cash Only,Unclassified,False,210.9466666666667,211.005,210.88833333333338,211.005,210.88833333333338,0.1166666666666174,0.055336843270225956,Narrow,Bearish,Below CPR,False,True,0.06666666666666667,60,1792443.105,Higher,True,Risk On,True,10.875,205.08180000000002,213.0507,0.010727969348654474,2.050880856271307,True,False,No setup,Neutral,0,Not applicable,No directional setup; confirmation score not applicable.,Narrow CPR,Not applicable,Not applicable,Narrow CPR; Wide CPR rules not applied,0,0,0,0
2026-09-17,2026-09-17,CM,NSE,STK,13305,INE348B01021,CENTURYPLY,EQ,,,,,CENTURY PLYBOARDS (I) LTD,724.75,724.75,714.35,718.95,717.8,719.9,,718.93,,,9957,7156609.05,1183,F1,1,,,,,,Cash Only,Unclassified,False,719.35,719.55,719.1500000000001,719.55,719.1500000000001,0.3999999999998636,0.05563669239861792,Narrow,Bearish,Below CPR,False,True,0.05,60,28069451.65,Higher,True,Risk On,True,16.450000000000006,764.8790000000001,766.0155,0.0243161094224841,0.2549607715617772,False,False,No setup,Neutral,0,Not applicable,No directional setup; confirmation score not applicable.,Narrow CPR,Not applicable,Not applicable,Narrow CPR; Wide CPR rules not applied,0,0,0,0
2026-09-17,2026-09-17,CM,NSE,STK,9553,INE00F201020,PRUDENT,EQ,,,,,PRUDENT CORP ADV SER LTD,3326.1,3349.4,3296.6,3320.2,3325.8,3326.1,,3317.69,,,8056,26776021.7,2588,F1,1,,,,,,Cash Only,Unclassified,False,3322.066666666667,3323.0,3321.133333333334,3323.0,3321.133333333334,1.8666666666658784,0.056221512760251745,Narrow,Bearish,Below CPR,False,True,0.08333333333333333,60,69863119.6,Higher,True,Risk On,True,192.41428571428582,3224.4,3032.933,0.009701289380548773,0.38326404336516345,True,True,No setup,Neutral,0,Not applicable,No directional setup; confirmation score not applicable.,Narrow CPR,Not applicable,Not applicable,Narrow CPR; Wide CPR rules not applied,0,0,0,0
2026-09-17,2026-09-17,CM,NSE,STK,11787,INE705X01026,GOYALALUM,EQ,,,,,GOYAL ALUMINIUMS LIMITED,5.9,5.99,5.82,5.9,5.91,5.9,,5.9,,,22014,129685.77,222,F1,1,,,,,,Cash Only,Unclassified,False,5.903333333333333,5.905,5.901666666666666,5.905,5.901666666666666,0.0033333333333338544,0.056497175141251764,Narrow,Bearish,Below CPR,False,True,0.11666666666666667,60,347244.82,Lower,True,Risk On,True,0.20642857142857146,6.397199999999999,6.6436,0.016147635524800676,0.3734707115285406,False,False,No setup,Neutral,0,Not applicable,No directional setup; confirmation score not applicable.,Narrow CPR,Not applicable,Not applicable,Narrow CPR; Wide CPR rules not applied,0,0,0,0
2026-09-17,2026-09-17,CM,NSE,STK,21247,INE0PSC01024,DIGIDRIVE,EQ,,,,,DIGIDRIVE DISTRIBUTORS L,17.31,17.73,17.26,17.48,17.5,17.22,,17.48,,,9383,164626.19,93,F1,1,,,,,,Cash Only,Unclassified,False,17.49,17.495,17.484999999999996,17.495,17.484999999999996,0.010000000000005116,0.05720823798629929,Narrow,Bearish,Below CPR,False,True,0.13333333333333333,60,247919.94,Inside,True,Risk On,True,0.7414285714285717,17.8424,18.990099999999998,0.013487475915228475,0.6640296460220182,False,False,No setup,Neutral,0,Not applicable,No directional setup; confirmation score not applicable.,Narrow CPR,Not applicable,Not applicable,Narrow CPR; Wide CPR rules not applied,0,0,0,0
2026-09-17,2026-09-17,CM,NSE,STK,10893,INE0I3401014,DBOL,EQ,,,,,DHAMPUR BIO ORGANICS LTD,113.48,118.0,113.42,115.81,115.75,113.41,,115.78,,,88246,10151315.66,1685,F1,1,,,,,,Cash Only,Unclassified,False,115.74333333333334,115.71000000000001,115.77666666666667,115.77666666666667,115.71000000000001,0.06666666666666288,0.05756555277321723,Narrow,Bullish,Above CPR,True,False,0.03333333333333333,60,25952636.84,Higher,True,Risk On,True,5.430000000000001,116.8658,107.88599999999998,0.012277470841006053,0.39114775591334483,False,True,No setup,Neutral,0,Not applicable,No directional setup; confirmation score not applicable.,Narrow CPR,Not applicable,Not applicable,Narrow CPR; Wide CPR rules not applied,0,0,0,0
2026-09-17,2026-09-17,CM,NSE,STK,2792,INE07O001026,EASEMYTRIP,EQ,,,,,EASY TRIP PLANNERS LTD,5.78,5.86,5.71,5.79,5.79,5.78,,5.79,,,10391902,60033329.79,5795,F1,1,,,,,,Cash Only,Unclassified,False,5.786666666666666,5.785,5.788333333333332,5.788333333333332,5.785,0.003333333333332078,0.05757052389174574,Narrow,Bullish,Above CPR,True,False,0.13333333333333333,60,98459651.97999999,Lower,True,Risk On,True,0.15857142857142856,6.3792,7.0197,0.021021021021013105,0.6097251877570572,False,False,No setup,Neutral,0,Not applicable,No directional setup; confirmation score not applicable.,Narrow CPR,Not applicable,Not applicable,Narrow CPR; Wide CPR rules not applied,0,0,0,0
2026-09-17,2026-09-17,CM,NSE,STK,2313,INE692B01014,MURUDCERA,EQ,,,,,MURUDESHWAR CERAMICS LTD,28.61,29.0,28.35,28.65,28.82,28.6,,28.65,,,9301,266714.59,106,F1,1,,,,,,Cash Only,Unclassified,False,28.666666666666668,28.675,28.658333333333335,28.675,28.658333333333335,0.01666666666666572,0.058173356602672664,Narrow,Bearish,Below CPR,False,True,0.08333333333333333,60,456362.165,Lower,True,Risk On,True,1.3864285714285718,30.516399999999997,31.5464,0.012021294865189078,0.5844362448407616,False,False,No setup,Neutral,0,Not applicable,No directional setup; confirmation score not applicable.,Narrow CPR,Not applicable,Not applicable,Narrow CPR; Wide CPR rules not applied,0,0,0,0
2026-09-17,2026-09-17,CM,NSE,STK,12124,INE966A01022,DOLATALGO,EQ,,,,,DOLAT ALGOTECH LIMITED,67.47,68.5,67.1,67.86,68.05,67.47,,67.85,,,122905,8323275.83,844,F1,1,,,,,,Cash Only,Unclassified,False,67.82,67.8,67.83999999999999,67.83999999999999,67.8,0.03999999999999204,0.0589448865310817,Narrow,Bullish,Above CPR,True,False,0.08333333333333333,60,7449672.84,Higher,True,Risk On,True,1.9464285714285734,70.4632,72.9281,0.02055045871559222,1.1172672959957797,False,False,No setup,Neutral,0,Not applicable,No directional setup; confirmation score not applicable.,Narrow CPR,Not applicable,Not applicable,Narrow CPR; Wide CPR rules not applied,0,0,0,0
2026-09-17,2026-09-17,CM,NSE,STK,136,INE715B01021,ANDHRSUGAR,EQ,,,,,ANDHRA SUGARS LTD,94.05,94.83,92.52,93.59,93.33,93.39,,93.59,,,163448,15276876.4,3911,F1,1,,,,,,Cash Only,Unclassified,False,93.64666666666666,93.675,93.61833333333333,93.675,93.61833333333333,0.05666666666667197,0.060547779321158214,Narrow,Bearish,Below CPR,False,True,0.13333333333333333,60,39914288.25,Higher,True,Risk On,True,3.6492857142857145,92.58940000000001,90.1967,0.015528152932734539,0.3827420472667454,True,True,No setup,Neutral,0,Not applicable,No directional setup; confirmation score not applicable.,Narrow CPR,Not applicable,Not applicable,Narrow CPR; Wide CPR rules not applied,0,0,0,0
2026-09-17,2026-09-17,CM,NSE,STK,21428,INF277KA1984,TATSILV,EQ,,,,,TATAAML-TATSILV,21.99,22.1,21.84,21.99,22.01,22.2,,21.99,,,33319083,731932374.37,38711,F1,1,,,,,,Cash Only,Unclassified,False,21.976666666666663,21.97,21.983333333333327,21.983333333333327,21.97,0.013333333333328312,0.06063362134301188,Narrow,Bullish,Above CPR,True,False,0.1,60,924977807.265,Lower,True,Risk On,True,0.664285714285714,22.02,22.926,0.02007168458780607,0.7912972274807305,False,False,No setup,Neutral,0,Not applicable,No directional setup; confirmation score not applicable.,Narrow CPR,Not applicable,Not applicable,Narrow CPR; Wide CPR rules not applied,0,0,0,0
2026-09-17,2026-09-17,CM,NSE,STK,17094,INE299U01018,CROMPTON,EQ,,,,,CROMPT GREA CON ELEC LTD,223.1,227.05,222.74,225.1,225.1,223.4,,225.1,,,1444471,325409692.29,22426,F1,1,,,,,,F&O + Cash,Consumer Durables,True,224.96333333333334,224.895,225.03166666666667,225.03166666666667,224.895,0.13666666666665606,0.06071375684880322,Narrow,Bullish,Above CPR,True,False,0.08333333333333333,60,648556819.03,Inside,True,Risk On,True,5.937857142857142,247.1342,261.7614,0.023016159429004993,0.5017443078876143,False,False,No setup,Neutral,0,Not applicable,No directional setup; confirmation score not applicable.,Narrow CPR,Not applicable,Not applicable,Narrow CPR; Wide CPR rules not applied,0,0,0,0
2026-09-17,2026-09-17,CM,NSE,STK,11301,INE150G01020,LUXIND,EQ,,,,,LUX INDUSTRIES LIMITED,1040.0,1050.8,1036.1,1042.5,1045.4,1032.4,,1042.39,,,29567,30836734.8,1753,F1,1,,,,,,Cash Only,Unclassified,False,1043.1333333333332,1043.4499999999998,1042.8166666666666,1043.4499999999998,1042.8166666666666,0.6333333333332121,0.060751398880883656,Narrow,Bearish,Below CPR,False,True,0.1,60,25687374.4,Inside,True,Risk On,True,34.95000000000003,1212.5819999999999,1281.5105,0.01812112541725927,1.2004626989047196,False,False,No setup,Neutral,0,Not applicable,No directional setup; confirmation score not applicable.,Narrow CPR,Not applicable,Not applicable,Narrow CPR; Wide CPR rules not applied,0,0,-2,-2
2026-09-17,2026-09-17,CM,NSE,STK,1497,INE644Y01017,SHIVAMILLS,EQ,,,,,SHIVA MILLS LIMITED,61.49,61.49,59.02,60.2,60.2,59.86,,60.2,,,1076,64732.53,15,F1,1,,,,,,Cash Only,Unclassified,False,60.23666666666667,60.255,60.21833333333334,60.255,60.21833333333334,0.03666666666666174,0.06090808416388993,Narrow,Bearish,Below CPR,False,True,0.05,60,152833.27,Higher,True,Risk On,True,2.976428571428572,61.5192,57.5409,0.012319014478840035,0.4235499901297669,False,True,No setup,Neutral,0,Not applicable,No directional setup; confirmation score not applicable.,Narrow CPR,Not applicable,Not applicable,Narrow CPR; Wide CPR rules not applied,0,0,0,0
2026-09-17,2026-09-17,CM,NSE,STK,15332,INE584A01023,NMDC,EQ,,,,,NMDC LTD.,80.41,81.35,80.4,80.8,80.8,80.32,,80.81,,,4385275,355051941.72,34453,F1,1,,,,,,F&O + Cash,Metals & Mining,True,80.85000000000001,80.875,80.82500000000002,80.875,80.82500000000002,0.04999999999998295,0.061881188118790786,Narrow,Bearish,Below CPR,False,True,0.11666666666666667,60,1345887809.2150002,Higher,True,Risk On,True,1.9350000000000023,84.56200000000001,86.7492,0.025839793281644905,0.2638050061000901,False,False,No setup,Neutral,0,Not applicable,No directional setup; confirmation score not applicable.,Narrow CPR,Not applicable,Not applicable,Narrow CPR; Wide CPR rules not applied,0,0,0,0
2026-09-17,2026-09-17,CM,NSE,STK,13332,INE343H01029,SOLARINDS,EQ,,,,,SOLAR INDUSTRIES (I) LTD,18900.0,19075.0,18590.0,18815.0,18815.0,18900.0,,18815.87,,,214606,4047928165.0,43370,F1,1,,,,,,F&O + Cash,Chemicals,True,18826.666666666668,18832.5,18820.833333333336,18832.5,18820.833333333336,11.666666666664241,0.06200726370802148,Narrow,Bearish,Below CPR,False,True,0.05,60,1883575031.5,Lower,True,Risk On,True,779.0,19494.6,18481.1,0.014976465554126113,2.149066587369445,False,True,No setup,Neutral,0,Not applicable,No directional setup; confirmation score not applicable.,Narrow CPR,Not applicable,Not applicable,Narrow CPR; Wide CPR rules not applied,0,0,0,0
2026-09-17,2026-09-17,CM,NSE,STK,11027,INE344S01016,INFOBEAN,EQ,,,,,INFOBEANS TECHNO. LTD.,151.28,151.95,149.15,150.41,149.62,150.98,,150.41,,,155586,23400933.86,2455,F1,1,,,,,,Cash Only,Unclassified,False,150.50333333333333,150.55,150.45666666666665,150.55,150.45666666666665,0.09333333333336213,0.062052611750124415,Narrow,Bearish,Below CPR,False,True,0.13333333333333333,60,37600248.760000005,Lower,True,Risk On,True,7.812857142857142,161.42600000000002,162.7393,0.011946120558301975,0.6223611447191925,False,False,No setup,Neutral,0,Not applicable,No directional setup; confirmation score not applicable.,Narrow CPR,Not applicable,Not applicable,Narrow CPR; Wide CPR rules not applied,0,0,0,0
2026-09-17,2026-09-17,CM,NSE,STK,4235,INE274C01019,WENDT,EQ,,,,,WENDT (INDIA) LIMITED,8665.0,8904.0,8609.5,8765.0,8777.0,8663.5,,8764.83,,,10651,93553905.5,3053,F1,1,,,,,,Cash Only,Unclassified,False,8759.5,8756.75,8762.25,8762.25,8756.75,5.5,0.06274957216200798,Narrow,Bullish,Above CPR,True,False,0.08333333333333333,60,42369177.25,Higher,True,Risk On,True,336.5,8102.04,7688.025,0.01634472511144131,2.2080651920140837,True,True,No setup,Neutral,0,Not applicable,No directional setup; confirmation score not applicable.,Narrow CPR,Not applicable,Not applicable,Narrow CPR; Wide CPR rules not applied,0,0,0,0
2026-09-17,2026-09-17,CM,NSE,STK,21840,INE393P01035,DIAMONDYD,EQ,,,,,PRATAAP SNACKS LIMITED,1096.6,1106.3,1096.6,1100.4,1100.0,1102.2,,1100.19,,,5714,6292084.4,471,F1,1,,,,,,Cash Only,Unclassified,False,1101.1,1101.4499999999998,1100.75,1101.4499999999998,1100.75,0.6999999999998181,0.06361323155214631,Narrow,Bearish,Below CPR,False,True,0.18333333333333332,60,18462254.35,Lower,True,Risk On,True,31.828571428571454,1158.28,1119.7365,0.021992818671448488,0.34080802272123395,False,False,No setup,Neutral,0,Not applicable,No directional setup; confirmation score not applicable.,Narrow CPR,Not applicable,Not applicable,Narrow CPR; Wide CPR rules not applied,0,0,0,0
2026-09-17,2026-09-17,CM,NSE,STK,764563,INE757C01021,ADDIND,EQ,,,,,ADDI INDUSTRIES LTD.,79.0,84.0,73.05,78.45,83.4,79.0,,78.45,,,31,2467.9,12,F1,1,,,,,,Cash Only,Unclassified,False,78.5,78.525,78.475,78.525,78.475,0.05000000000001137,0.0637348629700591,Narrow,Bearish,Below CPR,False,True,0.09090909090909091,22,42379.625,Inside,True,Risk On,True,7.467857142857143,,,0.006695361071259293,0.05823317219064586,False,False,No setup,Neutral,0,Not applicable,No directional setup; confirmation score not applicable.,Narrow CPR,Not applicable,Not applicable,Narrow CPR; Wide CPR rules not applied,0,0,0,0
2026-09-17,2026-09-17,CM,NSE,STK,25,INE423A01024,ADANIENT,EQ,,,,,ADANI ENTERPRISES LIMITED,2930.1,2945.0,2907.0,2923.2,2923.2,2920.0,,2923.22,,,588066,1722411174.8,28736,F1,1,,,,,,F&O + Cash,Metals & Mining,True,2925.066666666667,2926.0,2924.133333333334,2926.0,2924.133333333334,1.8666666666658784,0.06385696040865758,Narrow,Bearish,Below CPR,False,True,0.11666666666666667,60,3863838476.95,Lower,True,Risk On,True,96.59999999999998,3037.36,2934.8830000000003,0.019323671497576387,0.4457772200041914,False,False,No setup,Neutral,0,Not applicable,No directional setup; confirmation score not applicable.,Narrow CPR,Not applicable,Not applicable,Narrow CPR; Wide CPR rules not applied,0,0,0,0
2026-09-17,2026-09-17,CM,NSE,STK,13976,INE483C01032,TANLA,EQ,,,,,TANLA PLATFORMS LIMITED,489.55,499.8,489.55,495.15,495.95,487.55,,495.16,,,235269,116521188.05,10413,F1,1,,,,,,Cash Only,Unclassified,False,494.8333333333333,494.675,494.9916666666666,494.9916666666666,494.675,0.31666666666660603,0.06395368406878846,Narrow,Bullish,Above CPR,True,False,0.03333333333333333,60,283255564.35,Higher,True,Risk On,True,16.342857142857156,562.7729999999999,545.29,0.01937645687645315,0.41136416266838993,False,False,No setup,Neutral,0,Not applicable,No directional setup; confirmation score not applicable.,Narrow CPR,Not applicable,Not applicable,Narrow CPR; Wide CPR rules not applied,0,0,0,0
2026-09-17,2026-09-17,CM,NSE,STK,18593,INE0OV601013,EMSLIMITED,EQ,,,,,EMS LIMITED,361.3,367.5,360.8,364.5,366.0,362.25,,364.52,,,103263,37575448.25,3368,F1,1,,,,,,Cash Only,Unclassified,False,364.26666666666665,364.15,364.3833333333333,364.3833333333333,364.15,0.2333333333333485,0.06401463191587063,Narrow,Bullish,Above CPR,True,False,0.05,60,102572839.05,Inside,True,Risk On,True,14.03928571428572,396.288,372.9715,0.016620028830663332,0.3663294162276578,False,False,No setup,Neutral,0,Not applicable,No directional setup; confirmation score not applicable.,Narrow CPR,Not applicable,Not applicable,Narrow CPR; Wide CPR rules not applied,0,0,0,0
2026-09-17,2026-09-17,CM,NSE,STK,3496,INE338A01024,TIRUMALCHM,EQ,,,,,THIRUMALAI CHEMICALS LTD,154.5,157.0,153.82,155.56,155.84,154.19,,155.57,,,193996,30096377.96,3727,F1,1,,,,,,Cash Only,Unclassified,False,155.46,155.41,155.51000000000002,155.51000000000002,155.41,0.10000000000002274,0.06428387760351166,Narrow,Bullish,Above CPR,True,False,0.03333333333333333,60,75552376.03,Higher,True,Risk On,True,5.467142857142856,162.6336,176.26469999999998,0.01829108962634333,0.3983511775731509,False,False,No setup,Neutral,0,Not applicable,No directional setup; confirmation score not applicable.,Narrow CPR,Not applicable,Not applicable,Narrow CPR; Wide CPR rules not applied,0,0,0,0
2026-09-17,2026-09-17,CM,NSE,STK,24538,INE683C01011,MAITHANALL,EQ,,,,,MAITHAN ALLOYS LTD,1026.95,1047.0,1009.9,1027.45,1026.0,994.45,,1027.45,,,163731,168184134.4,10367,F1,1,,,,,,Cash Only,Unclassified,False,1028.1166666666668,1028.45,1027.7833333333335,1028.45,1027.7833333333335,0.6666666666665151,0.06488555809689182,Narrow,Bearish,Below CPR,False,True,0.016666666666666666,60,34573949.125,Higher,True,Risk On,True,49.310714285714305,999.318,1004.815,0.01351971222326531,4.864475671897953,True,True,No setup,Neutral,0,Not applicable,No directional setup; confirmation score not applicable.,Narrow CPR,Not applicable,Not applicable,Narrow CPR; Wide CPR rules not applied,0,0,-2,-2
2026-09-17,2026-09-17,CM,NSE,STK,28714,INE454P01035,TRANSRAILL,EQ,,,,,TRANSRAIL LIGHTING LTD,406.85,413.55,406.05,410.2,410.8,406.85,,410.22,,,275501,112717351.75,11122,F1,1,,,,,,Cash Only,Unclassified,False,409.93333333333334,409.8,410.06666666666666,410.06666666666666,409.8,0.2666666666666515,0.06500893872907156,Narrow,Bullish,Above CPR,True,False,0.08333333333333333,60,150580708.7,Higher,True,Risk On,True,11.932142857142853,466.38599999999997,493.2215,0.022348598224083343,0.7485510775126271,False,False,No setup,Neutral,0,Not applicable,No directional setup; confirmation score not applicable.,Narrow CPR,Not applicable,Not applicable,Narrow CPR; Wide CPR rules not applied,0,0,0,0
2026-09-17,2026-09-17,CM,NSE,STK,1482,INE076C01018,IFBAGRO,EQ,,,,,IFB AGRO INDUSTRIES LTD,861.8,873.6,855.0,865.15,865.0,861.4,,865.02,,,1829,1573417.9,157,F1,1,,,,,,Cash Only,Unclassified,False,864.5833333333334,864.3,864.8666666666668,864.8666666666668,864.3,0.5666666666668334,0.06549923905297733,Narrow,Bullish,Above CPR,True,False,0.06666666666666667,60,10233705.475,Higher,True,Risk On,True,29.41785714285715,936.0319999999999,932.6010000000001,0.019262676540817446,0.15374860101687654,False,False,No setup,Neutral,0,Not applicable,No directional setup; confirmation score not applicable.,Narrow CPR,Not applicable,Not applicable,Narrow CPR; Wide CPR rules not applied,0,-2,0,-2
2026-09-17,2026-09-17,CM,NSE,STK,8825,INE959A01019,PRIVISCL,EQ,,,,,PRIVI SPECIALITY CHE LTD,3465.0,3520.7,3454.0,3490.8,3496.0,3480.7,,3490.77,,,35255,123029507.2,7120,F1,1,,,,,,Cash Only,Unclassified,False,3488.5,3487.35,3489.65,3489.65,3487.35,2.300000000000182,0.06588747565028594,Narrow,Bullish,Above CPR,True,False,0.15,60,195252462.8,Higher,True,Risk On,True,106.29285714285713,3547.118,3463.794,0.02163833075734329,0.6301047650601004,False,True,No setup,Neutral,0,Not applicable,No directional setup; confirmation score not applicable.,Narrow CPR,Not applicable,Not applicable,Narrow CPR; Wide CPR rules not applied,0,0,0,0
2026-09-17,2026-09-17,CM,NSE,STK,1327,INE236A01020,HCL-INSYS,EQ,,,,,HCL INFOSYSTEMS LTD,10.0,10.2,9.98,10.08,10.05,10.0,,10.08,,,122940,1238554.1,447,F1,1,,,,,,Cash Only,Unclassified,False,10.086666666666666,10.09,10.083333333333332,10.09,10.083333333333332,0.006666666666667709,0.06613756613757647,Narrow,Bearish,Below CPR,False,True,0.08333333333333333,60,1972119.895,Higher,True,Risk On,True,0.3992857142857144,11.121400000000001,11.667,0.016696481812763488,0.6280318469177049,False,False,No setup,Neutral,0,Not applicable,No directional setup; confirmation score not applicable.,Narrow CPR,Not applicable,Not applicable,Narrow CPR; Wide CPR rules not applied,0,0,-2,-2
2026-09-17,2026-09-17,CM,NSE,STK,15360,INE049I01012,NAHARCAP,EQ,,,,,NAHAR CAP & FIN.,250.05,253.0,247.5,250.0,250.0,250.05,,250.0,,,283,70959.25,27,F1,1,,,,,,Cash Only,Unclassified,False,250.16666666666666,250.25,250.08333333333331,250.25,250.08333333333331,0.16666666666668561,0.06666666666667424,Narrow,Bearish,Below CPR,False,True,0.1,60,414321.19,Higher,True,Risk On,True,7.6671428571428555,255.2,254.55870000000002,0.021737780262097998,0.17126628256691384,False,False,No setup,Neutral,0,Not applicable,No directional setup; confirmation score not applicable.,Narrow CPR,Not applicable,Not applicable,Narrow CPR; Wide CPR rules not applied,0,0,0,0
2026-09-17,2026-09-17,CM,NSE,STK,14346,INE998H01012,ORIENTALTL,EQ,,,,,ORIENTAL TRIMEX LTD,4.91,5.07,4.9,4.98,4.98,5.0,,4.98,,,41875,207752.86,251,F1,1,,,,,,Cash Only,Unclassified,False,4.983333333333333,4.985,4.9816666666666665,4.985,4.9816666666666665,0.0033333333333338544,0.06693440428381234,Narrow,Bearish,Below CPR,False,True,0.13333333333333333,60,366567.45,Lower,True,Risk On,True,0.267142857142857,5.187200000000001,5.7904,0.012477718360073258,0.5667520670479607,False,False,No setup,Neutral,0,Not applicable,No directional setup; confirmation score not applicable.,Narrow CPR,Not applicable,Not applicable,Narrow CPR; Wide CPR rules not applied,0,0,0,0
2026-09-17,2026-09-17,CM,NSE,STK,1190,INE529A01010,FMGOETZE,EQ,,,,,FEDERAL-MOGUL GOETZE (IND,441.0,453.1,441.0,447.5,448.5,446.8,,447.49,,,134140,60215714.05,3825,F1,1,,,,,,Cash Only,Unclassified,False,447.2,447.05,447.34999999999997,447.34999999999997,447.05,0.2999999999999545,0.06703910614524124,Narrow,Bullish,Above CPR,True,False,0.1,60,21662707.975,Higher,True,Risk On,True,33.407142857142865,491.841,470.175,0.008980115458625962,2.7796946771148074,False,False,No setup,Neutral,0,Not applicable,No directional setup; confirmation score not applicable.,Narrow CPR,Not applicable,Not applicable,Narrow CPR; Wide CPR rules not applied,0,0,0,0
2026-09-17,2026-09-17,CM,NSE,STK,1127,INE539A01019,GHCL,EQ,,,,,GHCL LIMITED,419.0,422.5,416.85,420.1,422.0,418.85,,420.11,,,41977,17621670.35,2844,F1,1,,,,,,Cash Only,Unclassified,False,419.81666666666666,419.675,419.9583333333333,419.9583333333333,419.675,0.283333333333303,0.06744425930333325,Narrow,Bullish,Above CPR,True,False,0.2,60,49911960.35,Overlapping,True,Risk On,True,7.539285714285711,434.94800000000004,446.6975,0.037580925311854516,0.35305506388510344,False,False,No setup,Neutral,0,Not applicable,No directional setup; confirmation score not applicable.,Narrow CPR,Not applicable,Not applicable,Narrow CPR; Wide CPR rules not applied,0,0,0,0
2026-09-17,2026-09-17,CM,NSE,STK,17875,INE484J01027,GODREJPROP,EQ,,,,,GODREJ PROPERTIES LTD,1664.0,1695.3,1657.7,1678.2,1678.2,1665.3,,1678.23,,,570025,959044583.9,31390,F1,1,,,,,,F&O + Cash,Realty,True,1677.0666666666666,1676.5,1677.6333333333332,1677.6333333333332,1676.5,1.133333333333212,0.06753267389662806,Narrow,Bullish,Above CPR,True,False,0.1,60,1314955038.65,Higher,True,Risk On,True,69.65,2017.9360000000001,1906.6760000000002,0.016271835367311013,0.7293364074901025,False,False,No setup,Neutral,0,Not applicable,No directional setup; confirmation score not applicable.,Narrow CPR,Not applicable,Not applicable,Narrow CPR; Wide CPR rules not applied,0,0,0,0
2026-09-17,2026-09-17,CM,NSE,STK,761675,INE0H9F01037,SAIPARENT,EQ,,,,,SAI PARENTERALS LIMITED,516.0,516.0,505.55,510.25,508.3,516.45,,510.25,,,23068,11770824.85,2023,F1,1,,,,,,Cash Only,Unclassified,False,510.59999999999997,510.775,510.42499999999995,510.775,510.42499999999995,0.35000000000002274,0.06859382655561445,Narrow,Bearish,Below CPR,False,True,0.1,60,50553622.35,Inside,True,Risk On,True,13.439285714285717,543.5260000000001,538.0665,0.026043050757376122,0.2328384060890149,False,False,No setup,Neutral,0,Not applicable,No directional setup; confirmation score not applicable.,Narrow CPR,Not applicable,Not applicable,Narrow CPR; Wide CPR rules not applied,0,0,0,0
2026-09-17,2026-09-17,CM,NSE,STK,17939,INE531E01026,HINDCOPPER,EQ,,,,,HINDUSTAN COPPER LTD,485.0,489.3,480.7,485.5,486.2,481.6,,485.5,,,4690266,2275491171.2,58982,F1,1,,,,,,Cash Only,Metals & Mining,True,485.1666666666667,485.0,485.33333333333337,485.33333333333337,485.0,0.33333333333337123,0.06865774116032362,Narrow,Bullish,Above CPR,True,False,0.1,60,3016523195.15,Inside,True,Risk On,True,15.94999999999998,516.352,524.6195,0.020898641588299162,0.7543423418253704,False,False,No setup,Neutral,0,Not applicable,No directional setup; confirmation score not applicable.,Narrow CPR,Not applicable,Not applicable,Narrow CPR; Wide CPR rules not applied,0,0,0,0
2026-09-17,2026-09-17,CM,NSE,STK,2972,INE142Z01019,ORIENTELEC,EQ,,,,,ORIENT ELECTRIC LIMITED,170.0,170.0,167.31,168.83,169.36,168.4,,168.83,,,53644,9069619.38,1737,F1,1,,,,,,Cash Only,Unclassified,False,168.71333333333334,168.655,168.77166666666668,168.77166666666668,168.655,0.11666666666667425,0.06910304250824749,Narrow,Bullish,Above CPR,True,False,0.1,60,29771441.16,Overlapping,True,Risk On,True,4.565000000000002,178.23460000000003,180.4465,0.025556772544726,0.3046415970008756,False,False,No setup,Neutral,0,Not applicable,No directional setup; confirmation score not applicable.,Narrow CPR,Not applicable,Not applicable,Narrow CPR; Wide CPR rules not applied,0,0,0,0
2026-09-17,2026-09-17,CM,NSE,STK,2606,INE970X01018,LEMONTREE,EQ,,,,,LEMON TREE HOTELS LTD,103.2,105.14,103.2,104.06,104.0,103.26,,104.06,,,1684840,175451795.6,25335,F1,1,,,,,,Cash Only,Consumer Services,True,104.13333333333333,104.17,104.09666666666665,104.17,104.09666666666665,0.0733333333333519,0.07047216349543715,Narrow,Bearish,Below CPR,False,True,0.11666666666666667,60,283928885.03499997,Higher,True,Risk On,True,2.2471428571428556,109.43700000000001,112.05850000000001,0.03263403263404092,0.6179427485103252,False,False,No setup,Neutral,0,Not applicable,No directional setup; confirmation score not applicable.,Narrow CPR,Not applicable,Not applicable,Narrow CPR; Wide CPR rules not applied,0,0,0,0
2026-09-17,2026-09-17,CM,NSE,STK,404,INE463A01038,BERGEPAINT,EQ,,,,,BERGER PAINTS (I) LTD,449.4,452.35,443.9,448.6,448.4,448.15,,448.6,,,443456,198939902.75,27470,F1,1,,,,,,Cash Only,Consumer Durables,True,448.2833333333333,448.125,448.4416666666666,448.4416666666666,448.125,0.31666666666660603,0.07058998365283237,Narrow,Bullish,Above CPR,True,False,0.06666666666666667,60,143853907.05,Higher,True,Risk On,True,11.521428571428576,505.398,506.1655,0.027485017565607457,1.3829301325882897,False,False,No setup,Neutral,0,Not applicable,No directional setup; confirmation score not applicable.,Narrow CPR,Not applicable,Not applicable,Narrow CPR; Wide CPR rules not applied,0,0,0,0
2026-09-17,2026-09-17,CM,NSE,STK,715,INE492A01029,SUDARCOLOR,EQ,,,,,SUDARSHAN COLORNT IND LTD,370.5,386.0,370.0,377.6,378.0,370.5,,377.6,,,10787,4068630.8,267,F1,1,,,,,,Cash Only,Unclassified,False,377.8666666666666,378.0,377.73333333333323,378.0,377.73333333333323,0.2666666666667652,0.07062146892657976,Narrow,Bearish,Below CPR,False,True,0.11666666666666667,60,2438781.925,Higher,True,Risk On,True,12.678571428571425,383.129,371.83,0.021032863849773036,1.6683044753991279,False,True,No setup,Neutral,0,Not applicable,No directional setup; confirmation score not applicable.,Narrow CPR,Not applicable,Not applicable,Narrow CPR; Wide CPR rules not applied,0,0,0,0
2026-09-17,2026-09-17,CM,NSE,STK,11630,INE733E01010,NTPC,EQ,,,,,NTPC LTD,327.8,331.3,327.2,329.6,329.6,327.0,,329.57,,,5589949,1842110336.75,77440,F1,1,,,,,,F&O + Cash,Power,True,329.3666666666667,329.25,329.48333333333335,329.48333333333335,329.25,0.2333333333333485,0.07079288025890426,Narrow,Bullish,Above CPR,True,False,0.26666666666666666,60,2821911113.0,Higher,True,Risk On,False,4.93214285714285,339.735,357.68949999999995,0.047308713492641326,0.6527882215225537,False,False,No setup,Neutral,0,Not applicable,No directional setup; confirmation score not applicable.,Narrow CPR,Not applicable,Not applicable,Narrow CPR; Wide CPR rules not applied,0,0,0,0
2026-09-17,2026-09-17,CM,NSE,STK,24403,INE365D01021,ASHIANA,EQ,,,,,ASHIANA HOUSING LTD,348.35,357.0,346.65,351.45,350.3,348.35,,351.45,,,30671,10794930.55,933,F1,1,,,,,,Cash Only,Unclassified,False,351.7,351.825,351.575,351.825,351.575,0.25,0.07113387395077536,Narrow,Bearish,Below CPR,False,True,0.06666666666666667,60,14271064.7,Higher,True,Risk On,True,9.246428571428567,370.79400000000004,369.2095,0.02703746620316726,0.7564208261209832,False,False,No setup,Neutral,0,Not applicable,No directional setup; confirmation score not applicable.,Narrow CPR,Not applicable,Not applicable,Narrow CPR; Wide CPR rules not applied,0,0,0,0
2026-09-17,2026-09-17,CM,NSE,STK,28314,INE489G01022,ANUHPHR,EQ,,,,,ANUH PHARMA LIMITED,89.67,97.89,89.67,93.68,94.1,89.22,,93.67,,,322234,30699958.26,5888,F1,1,,,,,,Cash Only,Unclassified,False,93.74666666666667,93.78,93.71333333333334,93.78,93.71333333333334,0.06666666666666288,0.07116424708226182,Narrow,Bearish,Below CPR,False,True,0.1,60,3943637.6799999997,Higher,True,Risk On,True,5.634285714285713,81.3096,80.18390000000001,0.011832319134549702,7.784680224477418,True,True,No setup,Neutral,0,Not applicable,No directional setup; confirmation score not applicable.,Narrow CPR,Not applicable,Not applicable,Narrow CPR; Wide CPR rules not applied,0,0,0,0
2026-09-17,2026-09-17,CM,NSE,STK,765025,INE822B01017,ASIANTNE,EQ,,,,,ASIAN TEA & EXPORTS LTD.,9.7,9.7,9.0,9.34,9.49,9.19,,9.33,,,11943,112859.49,87,F1,1,,,,,,Cash Only,Unclassified,False,9.346666666666666,9.35,9.343333333333332,9.35,9.343333333333332,0.006666666666667709,0.07137758743755576,Narrow,Bearish,Below CPR,False,True,0.08695652173913043,23,68787.78,Higher,True,Risk On,True,0.9028571428571428,,,0.007383966244726893,1.640690977379994,False,False,No setup,Neutral,0,Not applicable,No directional setup; confirmation score not applicable.,Narrow CPR,Not applicable,Not applicable,Narrow CPR; Wide CPR rules not applied,0,0,0,0
2026-09-17,2026-09-17,CM,NSE,STK,2912,INE046A01015,RIIL,EQ,,,,,RELIANCE INDUSTRIAL INFRA,694.95,706.45,692.55,700.25,699.0,693.65,,700.0,,,29678,20787769.15,1960,F1,1,,,,,,Cash Only,Unclassified,False,699.75,699.5,700.0,700.0,699.5,0.5,0.07140307033202428,Narrow,Bullish,Above CPR,True,False,0.13333333333333333,60,33634705.25,Higher,True,Risk On,True,17.242857142857158,749.1310000000001,770.327,0.028997514498757225,0.6180452302313545,False,False,No setup,Neutral,0,Not applicable,No directional setup; confirmation score not applicable.,Narrow CPR,Not applicable,Not applicable,Narrow CPR; Wide CPR rules not applied,0,0,0,0
2026-09-17,2026-09-17,CM,NSE,STK,8479,INE494B01023,TVSMOTOR,EQ,,,,,TVS MOTOR COMPANY  LTD,4050.0,4162.2,4050.0,4101.7,4101.7,4033.0,,4101.7,,,1025877,4228953288.7,97222,F1,1,,,,,,F&O + Cash,Automobile and Auto Components,True,4104.633333333334,4106.1,4103.166666666668,4106.1,4103.166666666668,2.9333333333324845,0.07151506286009422,Narrow,Bearish,Below CPR,False,True,0.08333333333333333,60,3189362290.35,Higher,True,Risk On,True,122.54999999999998,4131.12,3800.3740000000003,0.02393580851352497,1.3259557565772546,False,True,No setup,Neutral,0,Not applicable,No directional setup; confirmation score not applicable.,Narrow CPR,Not applicable,Not applicable,Narrow CPR; Wide CPR rules not applied,0,0,0,0
2026-09-17,2026-09-17,CM,NSE,STK,11452,INE421D01022,CCL,EQ,,,,,CCL PRODUCTS (I) LTD,1060.0,1070.3,1052.0,1062.3,1070.2,1065.5,,1062.3,,,112984,120059084.3,15648,F1,1,,,,,,Cash Only,Fast Moving Consumer Goods,True,1061.5333333333335,1061.15,1061.916666666667,1061.916666666667,1061.15,0.7666666666668789,0.07217044777058071,Narrow,Bullish,Above CPR,True,False,0.1,60,161580184.05,Lower,True,Risk On,True,33.335714285714324,1139.308,1134.25,0.02299835726020204,0.7430309911198544,False,False,No setup,Neutral,0,Not applicable,No directional setup; confirmation score not applicable.,Narrow CPR,Not applicable,Not applicable,Narrow CPR; Wide CPR rules not applied,0,0,0,0
2026-09-17,2026-09-17,CM,NSE,STK,2306,INE052T01021,BESTAGRO,EQ,,,,,BEST AGROLIFE LIMITED,18.13,18.75,18.13,18.42,18.45,18.44,,18.43,,,276646,5126458.04,1327,F1,1,,,,,,Cash Only,Unclassified,False,18.433333333333334,18.439999999999998,18.42666666666667,18.439999999999998,18.42666666666667,0.013333333333328312,0.07238508867170636,Narrow,Bearish,Below CPR,False,True,0.06666666666666667,60,9900361.59,Higher,True,Risk On,True,1.0792857142857142,17.858,17.2972,0.012353849547756214,0.5178051320042746,True,True,No setup,Neutral,0,Not applicable,No directional setup; confirmation score not applicable.,Narrow CPR,Not applicable,Not applicable,Narrow CPR; Wide CPR rules not applied,0,0,0,0
2026-09-17,2026-09-17,CM,NSE,STK,27969,INE01EA01019,VMM,EQ,,,,,VISHAL MEGA MART LIMITED,101.51,102.11,100.59,101.24,101.24,100.97,,101.24,,,4261275,430836513.09,28228,F1,1,,,,,,F&O + Cash,Consumer Services,True,101.31333333333333,101.35,101.27666666666667,101.35,101.27666666666667,0.07333333333332348,0.07243513762675176,Narrow,Bearish,Below CPR,False,True,0.08333333333333333,60,1009496699.8399999,Higher,True,Risk On,True,2.8049999999999997,108.375,114.30150000000002,0.026143790849669692,0.4267834784980331,False,False,No setup,Neutral,0,Not applicable,No directional setup; confirmation score not applicable.,Narrow CPR,Not applicable,Not applicable,Narrow CPR; Wide CPR rules not applied,0,0,0,0
2026-09-17,2026-09-17,CM,NSE,STK,8954,INE517B01013,TTML,EQ,,,,,TATA TELESERV(MAHARASTRA),35.0,38.25,34.95,36.64,36.6,35.22,,36.64,,,3196332,117134562.03,14042,F1,1,,,,,,Cash Only,Telecommunication,True,36.61333333333334,36.6,36.62666666666667,36.62666666666667,36.6,0.026666666666670835,0.07278020378458197,Narrow,Bullish,Above CPR,True,False,0.08333333333333333,60,53033707.58,Higher,True,Risk On,True,1.3928571428571435,38.6424,40.929899999999996,0.01914529914530213,2.2086813721877827,False,False,No setup,Neutral,0,Not applicable,No directional setup; confirmation score not applicable.,Narrow CPR,Not applicable,Not applicable,Narrow CPR; Wide CPR rules not applied,0,0,0,0
2026-09-17,2026-09-17,CM,NSE,STK,764668,INE0CPR01018,EKI,EQ,,,,,EKI ENERGY SERVICES LTD,67.55,69.4,67.17,68.36,68.49,67.57,,68.21,,,22081,1502641.41,379,F1,1,,,,,,Cash Only,Unclassified,False,68.31,68.285,68.33500000000001,68.33500000000001,68.285,0.05000000000001137,0.07314218841429398,Narrow,Bullish,Above CPR,True,False,0.043478260869565216,23,932427.95,Inside,True,Risk On,True,3.8550000000000018,,,0.012970168612194901,1.6115362157472863,False,False,No setup,Neutral,0,Not applicable,No directional setup; confirmation score not applicable.,Narrow CPR,Not applicable,Not applicable,Narrow CPR; Wide CPR rules not applied,0,0,0,0
2026-09-17,2026-09-17,CM,NSE,STK,8962,INE626Z01029,HARDWYN,EQ,,,,,HARDWYN INDIA LIMITED,9.09,9.12,9.0,9.07,9.05,9.04,,9.07,,,367587,3330054.84,432,F1,1,,,,,,Cash Only,Unclassified,False,9.063333333333333,9.059999999999999,9.066666666666666,9.066666666666666,9.059999999999999,0.006666666666667709,0.07350238882764838,Narrow,Bullish,Above CPR,True,False,0.15,60,27832774.18,Higher,True,Risk On,True,0.3471428571428568,12.0604,18.4554,0.019204389574762965,0.1196450924533747,False,False,No setup,Neutral,0,Not applicable,No directional setup; confirmation score not applicable.,Narrow CPR,Not applicable,Not applicable,Narrow CPR; Wide CPR rules not applied,0,0,0,0
2026-09-17,2026-09-17,CM,NSE,STK,2397,INE278H01035,SANDHAR,EQ,,,,,SANDHAR TECHNOLOGIES LTD,585.0,596.2,579.0,588.25,585.15,583.25,,588.26,,,115625,67915344.75,6548,F1,1,,,,,,Cash Only,Unclassified,False,587.8166666666667,587.6,588.0333333333334,588.0333333333334,587.6,0.43333333333339397,0.07366482504605082,Narrow,Bullish,Above CPR,True,False,0.03333333333333333,60,108396649.6,Overlapping,True,Risk On,True,20.685714285714294,630.539,631.066,0.020948434622470695,0.6265446856578859,False,False,No setup,Neutral,0,Not applicable,No directional setup; confirmation score not applicable.,Narrow CPR,Not applicable,Not applicable,Narrow CPR; Wide CPR rules not applied,0,0,0,0
2026-09-17,2026-09-17,CM,NSE,STK,23056,INE0MB501011,JGCHEM,EQ,,,,,J.G.CHEMICALS LIMITED,583.0,598.4,579.2,588.15,587.5,582.9,,588.2,,,246274,145257738.05,9881,F1,1,,,,,,Cash Only,Unclassified,False,588.5833333333334,588.8,588.3666666666668,588.8,588.3666666666668,0.4333333333331666,0.07367734988237128,Narrow,Bearish,Below CPR,False,True,0.08333333333333333,60,129361655.35,Higher,True,Risk On,True,36.617857142857126,555.2819999999999,486.6515,0.011833934783310905,1.122880946884853,True,True,No setup,Neutral,0,Not applicable,No directional setup; confirmation score not applicable.,Narrow CPR,Not applicable,Not applicable,Narrow CPR; Wide CPR rules not applied,0,0,0,0
2026-09-17,2026-09-17,CM,NSE,STK,3363,INE195A01028,SUPREMEIND,EQ,,,,,SUPREME INDUSTRIES LTD,3300.0,3381.4,3300.0,3344.4,3344.4,3300.0,,3344.33,,,84838,284046854.8,12549,F1,1,,,,,,F&O + Cash,Capital Goods,True,3341.933333333333,3340.7,3343.166666666666,3343.166666666666,3340.7,2.4666666666662422,0.07375513295856483,Narrow,Bullish,Above CPR,True,False,0.1,60,588426627.2,Higher,True,Risk On,True,94.55000000000005,3481.994,3492.586,0.026088489335444113,0.4827226397819952,False,False,No setup,Neutral,0,Not applicable,No directional setup; confirmation score not applicable.,Narrow CPR,Not applicable,Not applicable,Narrow CPR; Wide CPR rules not applied,0,0,0,0
2026-09-17,2026-09-17,CM,NSE,STK,245,INE0CHO01012,ADL,EQ,,,,,ARCHIDPLY DECOR LIMITED,71.91,73.5,70.4,72.03,72.03,71.91,,72.03,,,233,16623.32,26,F1,1,,,,,,Cash Only,Unclassified,False,71.97666666666667,71.95,72.00333333333334,72.00333333333334,71.95,0.05333333333334167,0.07404322273128094,Narrow,Bullish,Above CPR,True,False,0.06666666666666667,60,56531.815,Lower,True,Risk On,True,4.845714285714287,71.9366,72.2835,0.011006289308177819,0.29405247293050824,True,False,No setup,Neutral,0,Not applicable,No directional setup; confirmation score not applicable.,Narrow CPR,Not applicable,Not applicable,Narrow CPR; Wide CPR rules not applied,0,0,0,0
2026-09-17,2026-09-17,CM,NSE,STK,3048,INE109A01011,SCI,EQ,,,,,SHIPPING CORP OF INDIA LT,267.65,272.25,267.15,270.0,270.0,266.9,,269.99,,,1114004,300156847.45,24717,F1,1,,,,,,Cash Only,Services,True,269.8,269.7,269.90000000000003,269.90000000000003,269.7,0.20000000000004547,0.07407407407409092,Narrow,Bullish,Above CPR,True,False,0.08333333333333333,60,576125596.375,Higher,True,Risk On,True,9.08571428571428,287.403,298.7429,0.02201257861635722,0.5209920360049894,False,False,No setup,Neutral,0,Not applicable,No directional setup; confirmation score not applicable.,Narrow CPR,Not applicable,Not applicable,Narrow CPR; Wide CPR rules not applied,0,0,0,0
2026-09-17,2026-09-17,CM,NSE,STK,3579,INE351A01035,UNICHEMLAB,EQ,,,,,UNICHEM LABORATORIES LTD,524.0,554.5,521.2,538.45,542.0,524.25,,538.4,,,82024,44516677.65,5061,F1,1,,,,,,Cash Only,Unclassified,False,538.0500000000001,537.85,538.2500000000001,538.2500000000001,537.85,0.40000000000009095,0.07428730615657739,Narrow,Bullish,Above CPR,True,False,0.08333333333333333,60,47938484.7,Higher,True,Risk On,True,28.53928571428574,545.404,475.455,0.014015767738709219,0.9286208758701127,False,True,No setup,Neutral,0,Not applicable,No directional setup; confirmation score not applicable.,Narrow CPR,Not applicable,Not applicable,Narrow CPR; Wide CPR rules not applied,0,0,0,0
2026-09-17,2026-09-17,CM,NSE,STK,29135,INE121J01017,INDUSTOWER,EQ,,,,,INDUS TOWERS LIMITED,377.1,384.75,377.1,381.35,381.35,375.6,,381.35,,,3756136,1430224092.7,45600,F1,1,,,,,,F&O + Cash,Telecommunication,True,381.06666666666666,380.925,381.2083333333333,381.2083333333333,380.925,0.283333333333303,0.0742974520344311,Narrow,Bullish,Above CPR,True,False,0.06666666666666667,60,1679911089.25,Higher,True,Risk On,True,9.296428571428574,385.42800000000005,399.2364999999999,0.030477653988983795,0.8513689217555714,False,False,No setup,Neutral,0,Not applicable,No directional setup; confirmation score not applicable.,Narrow CPR,Not applicable,Not applicable,Narrow CPR; Wide CPR rules not applied,0,0,0,0
2026-09-17,2026-09-17,CM,NSE,STK,11423,INE365B01017,DATAMATICS,EQ,,,,,DATAMATICS GLOBAL SER LTD,757.6,764.7,750.3,758.35,760.0,755.55,,758.34,,,46308,35107147.95,2804,F1,1,,,,,,Cash Only,Unclassified,False,757.7833333333333,757.5,758.0666666666666,758.0666666666666,757.5,0.566666666666606,0.07472363244763051,Narrow,Bullish,Above CPR,True,False,0.1,60,57197297.775000006,Higher,True,Risk On,True,29.803571428571438,821.431,802.2684999999999,0.019013381266225243,0.6137903242929906,False,False,No setup,Neutral,0,Not applicable,No directional setup; confirmation score not applicable.,Narrow CPR,Not applicable,Not applicable,Narrow CPR; Wide CPR rules not applied,0,0,0,0
2026-09-17,2026-09-17,CM,NSE,STK,750518,INE694L01019,VEDPOWER,EQ,,,,,VEDANTA POWER LIMITED,30.95,31.33,30.76,31.01,31.1,31.0,,31.01,,,7700949,239049322.43,31085,F1,1,,,,,,Cash Only,Unclassified,False,31.033333333333335,31.045,31.02166666666667,31.045,31.02166666666667,0.023333333333333428,0.07524454477050443,Narrow,Bearish,Below CPR,False,True,0.14035087719298245,57,694608961.7,Lower,True,Risk On,True,0.9349999999999989,36.0428,,0.02495543672014273,0.34414949361572567,False,False,No setup,Neutral,0,Not applicable,No directional setup; confirmation score not applicable.,Narrow CPR,Not applicable,Not applicable,Narrow CPR; Wide CPR rules not applied,0,0,0,0
2026-09-17,2026-09-17,CM,NSE,STK,757850,INE0S4R01014,CRIZAC,EQ,,,,,CRIZAC LIMITED,175.3,178.0,174.72,176.56,176.78,176.02,,176.55,,,120353,21242151.31,3827,F1,1,,,,,,Cash Only,Unclassified,False,176.42666666666665,176.36,176.49333333333328,176.49333333333328,176.36,0.1333333333332689,0.0755172934601659,Narrow,Bullish,Above CPR,True,False,0.1,60,48255617.120000005,Higher,True,Risk On,True,8.150714285714287,181.70759999999999,196.05440000000002,0.016358484503249185,0.440200593791515,False,False,No setup,Neutral,0,Not applicable,No directional setup; confirmation score not applicable.,Narrow CPR,Not applicable,Not applicable,Narrow CPR; Wide CPR rules not applied,0,0,0,0
2026-09-17,2026-09-17,CM,NSE,STK,17140,INE349Y01013,IDEAFORGE,EQ,,,,,IDEAFORGE TECHNO LTD,709.0,732.0,705.55,717.95,712.6,702.35,,717.96,,,163153,117662923.75,10693,F1,1,,,,,,Cash Only,Unclassified,False,718.5,718.775,718.225,718.775,718.225,0.5499999999999545,0.07660700605891141,Narrow,Bearish,Below CPR,False,True,0.03333333333333333,60,349698600.20000005,Higher,True,Risk On,True,29.339285714285698,722.752,571.7355,0.018746195982956463,0.3364695302832384,False,True,No setup,Neutral,0,Not applicable,No directional setup; confirmation score not applicable.,Narrow CPR,Not applicable,Not applicable,Narrow CPR; Wide CPR rules not applied,0,0,0,0
2026-09-17,2026-09-17,CM,NSE,STK,17534,INE002S01010,MGL,EQ,,,,,MAHANAGAR GAS LTD.,1073.8,1079.9,1065.0,1071.2,1067.1,1080.1,,1071.2,,,66861,71722680.3,9451,F1,1,,,,,,Cash Only,Oil Gas & Consumable Fuels,True,1072.0333333333335,1072.45,1071.616666666667,1072.45,1071.616666666667,0.8333333333330302,0.07779437391085045,Narrow,Bearish,Below CPR,False,True,0.1,60,171563678.0,Inside,True,Risk On,True,23.54285714285712,1103.714,1112.4655,0.035396440129437,0.4180528252606009,False,False,No setup,Neutral,0,Not applicable,No directional setup; confirmation score not applicable.,Narrow CPR,Not applicable,Not applicable,Narrow CPR; Wide CPR rules not applied,0,0,0,0
2026-09-17,2026-09-17,CM,NSE,STK,10457,INE034S01021,ARVSMART,EQ,,,,,ARVIND SMARTSPACES LTD,550.0,560.15,548.05,553.45,556.0,549.2,,553.46,,,32980,18304239.0,1666,F1,1,,,,,,Cash Only,Unclassified,False,553.8833333333333,554.0999999999999,553.6666666666667,554.0999999999999,553.6666666666667,0.4333333333331666,0.07829674466223986,Narrow,Bearish,Below CPR,False,True,0.06666666666666667,60,25383520.725,Inside,True,Risk On,True,20.260714285714283,624.619,614.2825,0.02138786062635055,0.7211071780902449,False,False,No setup,Neutral,0,Not applicable,No directional setup; confirmation score not applicable.,Narrow CPR,Not applicable,Not applicable,Narrow CPR; Wide CPR rules not applied,0,0,0,0
2026-09-17,2026-09-17,CM,NSE,STK,20302,INE811K01011,PRESTIGE,EQ,,,,,PRESTIGE ESTATE LTD,1424.0,1456.7,1420.1,1440.1,1440.1,1424.0,,1440.1,,,598440,859042121.2,22950,F1,1,,,,,,F&O + Cash,Realty,True,1438.9666666666665,1438.4,1439.5333333333328,1439.5333333333328,1438.4,1.1333333333327573,0.07869823854820897,Narrow,Bullish,Above CPR,True,False,0.1,60,1018391320.05,Higher,True,Risk On,True,56.89285714285716,1606.746,1529.958,0.01992048545719849,0.84352851824957,False,False,No setup,Neutral,0,Not applicable,No directional setup; confirmation score not applicable.,Narrow CPR,Not applicable,Not applicable,Narrow CPR; Wide CPR rules not applied,0,0,0,0
2026-09-17,2026-09-17,CM,NSE,STK,3405,INE092A01019,TATACHEM,EQ,,,,,TATA CHEMICALS LTD,728.0,832.0,724.75,779.3,774.65,731.8,,779.36,,,14321725,11189953958.2,313160,F1,1,,,,,,Cash Only,Chemicals,True,778.6833333333334,778.375,778.9916666666668,778.9916666666668,778.375,0.6166666666667879,0.07913084391977261,Narrow,Bullish,Above CPR,True,False,0.13333333333333333,60,264530968.6,Higher,True,Risk On,True,35.614285714285714,667.073,706.036,0.017315149084105558,42.301111349728,True,True,No setup,Neutral,0,Not applicable,No directional setup; confirmation score not applicable.,Narrow CPR,Not applicable,Not applicable,Narrow CPR; Wide CPR rules not applied,0,0,0,0
2026-09-17,2026-09-17,CM,NSE,STK,24225,INE131B01039,RELAXO,EQ,,,,,RELAXO FOOT LTD.,311.95,317.35,310.8,313.7,314.2,311.4,,313.73,,,99274,31160114.85,5639,F1,1,,,,,,Cash Only,Unclassified,False,313.95000000000005,314.07500000000005,313.82500000000005,314.07500000000005,313.82500000000005,0.25,0.07969397513547975,Narrow,Bearish,Below CPR,False,True,0.08333333333333333,60,98052809.475,Higher,True,Risk On,True,10.907142857142853,380.916,357.9697,0.022920759659463007,0.3177891078984813,False,False,No setup,Neutral,0,Not applicable,No directional setup; confirmation score not applicable.,Narrow CPR,Not applicable,Not applicable,Narrow CPR; Wide CPR rules not applied,0,0,0,0
2026-09-17,2026-09-17,CM,NSE,STK,12978,INF277K010X4,NPBET,EQ,,,,,TATAAML - NPBET,284.26,284.26,282.0,282.79,282.0,282.63,,282.79,,,386,109392.99,19,F1,1,,,,,,Cash Only,Unclassified,False,283.01666666666665,283.13,282.9033333333333,283.13,282.9033333333333,0.2266666666666879,0.08015370651956855,Narrow,Bearish,Below CPR,False,True,0.23333333333333334,60,170010.195,Higher,True,Risk On,True,6.287142857142852,286.1562,282.4094,0.03605241233053434,0.6434495884202709,False,True,No setup,Neutral,0,Not applicable,No directional setup; confirmation score not applicable.,Narrow CPR,Not applicable,Not applicable,Narrow CPR; Wide CPR rules not applied,0,0,0,0
2026-09-17,2026-09-17,CM,NSE,STK,11840,INE410P01011,NH,EQ,,,,,NARAYANA HRUDAYALAYA LTD.,1860.9,1884.4,1848.3,1868.6,1848.3,1851.6,,1868.67,,,127928,239429270.3,19756,F1,1,,,,,,Cash Only,Healthcare,True,1867.0999999999997,1866.35,1867.8499999999995,1867.8499999999995,1866.35,1.4999999999995453,0.08027400192655172,Narrow,Bullish,Above CPR,True,False,0.15,60,424879305.0,Higher,True,Risk On,True,46.22142857142858,1924.0839999999998,1907.9520000000002,0.032452480296698547,0.5635230228499832,False,False,No setup,Neutral,0,Not applicable,No directional setup; confirmation score not applicable.,Narrow CPR,Not applicable,Not applicable,Narrow CPR; Wide CPR rules not applied,0,0,0,0
2026-09-17,2026-09-17,CM,NSE,STK,21623,INE346W01013,APEX,EQ,,,,,APEX FROZEN FOODS LIMITED,350.3,354.75,348.0,350.95,350.05,347.95,,350.96,,,49573,17428474.35,2502,F1,1,,,,,,Cash Only,Unclassified,False,351.23333333333335,351.375,351.0916666666667,351.375,351.0916666666667,0.283333333333303,0.08073324785106226,Narrow,Bearish,Below CPR,False,True,0.05,60,38095117.525,Inside,True,Risk On,True,13.167857142857144,384.4789999999999,409.4045,0.021517041858780808,0.4574988996572206,False,False,No setup,Neutral,0,Not applicable,No directional setup; confirmation score not applicable.,Narrow CPR,Not applicable,Not applicable,Narrow CPR; Wide CPR rules not applied,0,0,0,0
2026-09-17,2026-09-17,CM,NSE,STK,757767,INE12NJ01018,SAMBHV,EQ,,,,,SAMBHV STEEL TUBES LTD,128.11,131.0,127.5,129.09,128.6,128.4,,129.09,,,899777,116473983.76,8994,F1,1,,,,,,Cash Only,Unclassified,False,129.1966666666667,129.25,129.14333333333337,129.25,129.14333333333337,0.1066666666666265,0.08262968988041405,Narrow,Bearish,Below CPR,False,True,0.06666666666666667,60,160417755.825,Higher,True,Risk On,True,5.29571428571429,123.3356,117.61840000000001,0.02014207355452886,0.7260666574033219,True,True,No setup,Neutral,0,Not applicable,No directional setup; confirmation score not applicable.,Narrow CPR,Not applicable,Not applicable,Narrow CPR; Wide CPR rules not applied,0,0,0,0
2026-09-17,2026-09-17,CM,NSE,STK,3546,INE690A01028,TTKPRESTIG,EQ,,,,,TTK PRESTIGE LTD,544.75,548.0,540.55,543.6,544.7,541.1,,543.6,,,17137,9325158.3,2449,F1,1,,,,,,Cash Only,Unclassified,False,544.0500000000001,544.275,543.8250000000002,544.275,543.8250000000002,0.4499999999998181,0.08278145695360892,Narrow,Bearish,Below CPR,False,True,0.11666666666666667,60,41359068.775,Inside,True,Risk On,True,16.114285714285725,610.618,579.5775,0.027925531914882312,0.22546828485743636,False,False,No setup,Neutral,0,Not applicable,No directional setup; confirmation score not applicable.,Narrow CPR,Not applicable,Not applicable,Narrow CPR; Wide CPR rules not applied,0,0,0,0
2026-09-17,2026-09-17,CM,NSE,STK,10407,INE013801027,KSHITIJPOL,EQ,,,,,KSHITIJ POLYLINE LIMITED,4.01,4.02,4.01,4.01,4.02,3.83,,4.01,,,9656251,38802844.14,3644,F1,1,,,,,,Cash Only,Unclassified,False,4.013333333333333,4.015,4.011666666666666,4.015,4.011666666666666,0.0033333333333338544,0.0831255195345101,Narrow,Bearish,Below CPR,False,True,0.11666666666666667,60,1132284.54,Higher,True,Risk On,True,0.20714285714285707,2.7963999999999998,2.6653000000000002,0.016091954022991028,34.26951686543384,True,True,No setup,Neutral,0,Not applicable,No directional setup; confirmation score not applicable.,Narrow CPR,Not applicable,Not applicable,Narrow CPR; Wide CPR rules not applied,0,0,0,0
2026-09-17,2026-09-17,CM,NSE,STK,757754,INE546C01010,PICCADIL,EQ,,,,,PICCADILY AGRO INDUSTRI L,592.0,610.3,589.3,600.55,597.1,593.05,,600.54,,,143208,86019312.5,8452,F1,1,,,,,,Cash Only,Unclassified,False,600.05,599.8,600.3,600.3,599.8,0.5,0.08325701440346349,Narrow,Bullish,Above CPR,True,False,0.03333333333333333,60,128176586.725,Higher,True,Risk On,True,19.03571428571427,689.4220000000001,642.4665,0.026266416510318972,0.6711000401699924,False,False,No setup,Neutral,0,Not applicable,No directional setup; confirmation score not applicable.,Narrow CPR,Not applicable,Not applicable,Narrow CPR; Wide CPR rules not applied,0,0,0,0
2026-09-17,2026-09-17,CM,NSE,STK,1100,INE276A01018,GARFIBRES,EQ,,,,,GARWARE TECH FIBRES LTD,799.9,807.0,790.4,799.7,799.0,800.6,,799.71,,,18980,15197479.7,1784,F1,1,,,,,,Cash Only,Unclassified,False,799.0333333333334,798.7,799.3666666666668,799.3666666666668,798.7,0.6666666666667425,0.083364595056489,Narrow,Bullish,Above CPR,True,False,0.13333333333333333,60,34270993.075,Higher,True,Risk On,True,29.089285714285715,778.0830000000001,726.2080000000001,0.022917945569881876,0.4434502282073131,True,True,No setup,Neutral,0,Not applicable,No directional setup; confirmation score not applicable.,Narrow CPR,Not applicable,Not applicable,Narrow CPR; Wide CPR rules not applied,0,-2,0,-2
2026-09-17,2026-09-17,CM,NSE,STK,1964,INE849A01020,TRENT,EQ,,,,,TRENT LTD,2760.0,2811.0,2760.0,2789.0,2789.0,2769.7,,2789.64,,,459529,1281459420.0,34614,F1,1,,,,,,F&O + Cash,Consumer Services,True,2786.6666666666665,2785.5,2787.833333333333,2787.833333333333,2785.5,2.33333333333303,0.08366200549777807,Narrow,Bullish,Above CPR,True,False,0.18333333333333332,60,2254054902.25,Higher,True,Risk On,True,58.207142857142834,2914.3639999999996,3276.692,0.04008671820672774,0.5685129580121788,False,False,No setup,Neutral,0,Not applicable,No directional setup; confirmation score not applicable.,Narrow CPR,Not applicable,Not applicable,Narrow CPR; Wide CPR rules not applied,0,0,0,0
2026-09-17,2026-09-17,CM,NSE,STK,9117,INE716B01029,TIPSMUSIC,EQ,,,,,TIPS MUSIC LIMITED,651.6,663.5,651.35,656.6,656.6,654.55,,656.57,,,218134,143552606.0,9554,F1,1,,,,,,Cash Only,Unclassified,False,657.15,657.425,656.875,657.425,656.875,0.5499999999999545,0.08376484922326446,Narrow,Bearish,Below CPR,False,True,0.13333333333333333,60,142182499.075,Higher,True,Risk On,True,17.971428571428564,666.781,660.5205000000001,0.030604133545307496,1.0096362557551988,False,False,No setup,Neutral,0,Not applicable,No directional setup; confirmation score not applicable.,Narrow CPR,Not applicable,Not applicable,Narrow CPR; Wide CPR rules not applied,0,0,0,0
2026-09-17,2026-09-17,CM,NSE,STK,18431,INE412U01025,BIGBLOC,EQ,,,,,BIGBLOC CONSTRUCTION LTD,40.48,40.5,38.5,39.45,39.88,39.51,,39.45,,,27779,1101089.52,466,F1,1,,,,,,Cash Only,Unclassified,False,39.483333333333334,39.5,39.46666666666667,39.5,39.46666666666667,0.03333333333333144,0.08449514152935726,Narrow,Bearish,Below CPR,False,True,0.03333333333333333,60,1923273.96,Higher,True,Risk On,True,1.5928571428571427,44.437799999999996,47.916,0.02092675635276413,0.5725078916994228,False,False,No setup,Neutral,0,Not applicable,No directional setup; confirmation score not applicable.,Narrow CPR,Not applicable,Not applicable,Narrow CPR; Wide CPR rules not applied,0,-2,0,-2
2026-09-17,2026-09-17,CM,NSE,STK,513,INE032A01023,BOMDYEING,EQ,,,,,BOMBAY DYEING & MFG. CO L,107.1,108.0,106.82,107.55,107.9,107.16,,107.56,,,290843,31253916.64,3708,F1,1,,,,,,Cash Only,Unclassified,False,107.45666666666666,107.41,107.50333333333333,107.50333333333333,107.41,0.09333333333333371,0.0867813420114679,Narrow,Bullish,Above CPR,True,False,0.11666666666666667,60,49229259.765,Higher,True,Risk On,True,3.3249999999999997,117.39659999999999,121.9857,0.028070175438596606,0.6348646473498321,False,False,No setup,Neutral,0,Not applicable,No directional setup; confirmation score not applicable.,Narrow CPR,Not applicable,Not applicable,Narrow CPR; Wide CPR rules not applied,0,0,0,0
2026-09-17,2026-09-17,CM,NSE,STK,958,INE042A01014,ESCORTS,EQ,,,,,ESCORTS KUBOTA LIMITED,2815.6,2843.6,2809.0,2830.0,2830.9,2815.6,,2829.95,,,51122,144772917.4,13091,F1,1,,,,,,Cash Only,Capital Goods,True,2827.5333333333333,2826.3,2828.7666666666664,2828.7666666666664,2826.3,2.4666666666662422,0.08716136631329478,Narrow,Bullish,Above CPR,True,False,0.18333333333333332,60,199810291.2,Overlapping,True,Risk On,True,63.892857142857146,3005.2339999999995,2978.3289999999997,0.038606297745475006,0.7245518563159975,False,False,No setup,Neutral,0,Not applicable,No directional setup; confirmation score not applicable.,Narrow CPR,Not applicable,Not applicable,Narrow CPR; Wide CPR rules not applied,0,0,0,0
2026-09-17,2026-09-17,CM,NSE,STK,471,INE143A01010,OSWALGREEN,EQ,,,,,OSWAL GREENTECH LIMITED,18.7,19.5,18.63,19.04,19.04,19.29,,19.05,,,132784,2537201.44,1407,F1,1,,,,,,Cash Only,Unclassified,False,19.056666666666665,19.064999999999998,19.048333333333332,19.064999999999998,19.048333333333332,0.01666666666666572,0.08753501400559727,Narrow,Bearish,Below CPR,False,True,0.13333333333333333,60,2223555.38,Lower,True,Risk On,True,0.7692857142857145,20.9938,22.8365,0.021665119158154132,1.141056104480744,False,False,No setup,Neutral,0,Not applicable,No directional setup; confirmation score not applicable.,Narrow CPR,Not applicable,Not applicable,Narrow CPR; Wide CPR rules not applied,0,0,0,0
2026-09-17,2026-09-17,CM,NSE,STK,17187,INE055S01018,CYIENTDLM,EQ,,,,,CYIENT DLM LIMITED,858.05,933.8,855.55,893.5,889.4,867.4,,893.5,,,1059462,961910702.25,60616,F1,1,,,,,,Cash Only,Unclassified,False,894.2833333333333,894.675,893.8916666666667,894.675,893.8916666666667,0.783333333333303,0.08767021078156721,Narrow,Bearish,Below CPR,False,True,0.06666666666666667,60,422220453.0,Higher,True,Risk On,True,53.72142857142858,728.4490000000001,585.9364999999999,0.014581394318130887,2.278219104298105,True,True,No setup,Neutral,0,Not applicable,No directional setup; confirmation score not applicable.,Narrow CPR,Not applicable,Not applicable,Narrow CPR; Wide CPR rules not applied,0,0,0,0
2026-09-17,2026-09-17,CM,NSE,STK,759434,INE085001019,WEWORK,EQ,,,,,WEWORK INDIA MANAGEMENT L,675.95,692.85,671.05,682.85,680.4,676.1,,682.85,,,148050,101165866.2,13576,F1,1,,,,,,Cash Only,Unclassified,False,682.25,681.95,682.55,682.55,681.95,0.599999999999909,0.08786702789776804,Narrow,Bullish,Above CPR,True,False,0.11666666666666667,60,203164074.275,Higher,True,Risk On,True,23.86428571428573,701.37,652.1555000000001,0.02514217300209135,0.4979515525124945,False,True,No setup,Neutral,0,Not applicable,No directional setup; confirmation score not applicable.,Narrow CPR,Not applicable,Not applicable,Narrow CPR; Wide CPR rules not applied,0,0,0,0
2026-09-17,2026-09-17,CM,NSE,STK,24265,INE778B01029,ESTER,EQ,,,,,ESTER INDUSTRIES LTD,85.4,88.35,85.4,86.76,87.0,86.24,,86.76,,,26887,2340156.15,797,F1,1,,,,,,Cash Only,Unclassified,False,86.83666666666666,86.875,86.79833333333332,86.875,86.79833333333332,0.0766666666666822,0.08836637467344652,Narrow,Bearish,Below CPR,False,True,0.08333333333333333,60,5018583.625,Higher,True,Risk On,True,2.983571428571427,91.75319999999999,92.3389,0.02569627324236417,0.46629812808987514,False,False,No setup,Neutral,0,Not applicable,No directional setup; confirmation score not applicable.,Narrow CPR,Not applicable,Not applicable,Narrow CPR; Wide CPR rules not applied,0,0,0,0
2026-09-17,2026-09-17,CM,NSE,STK,11445,INE417C01014,PILANIINVS,EQ,,,,,PILANI INV & IND COR LTD,4089.3,4098.0,4055.5,4082.2,4056.9,4052.2,,4082.36,,,1593,6494078.7,393,F1,1,,,,,,Cash Only,Unclassified,False,4078.566666666667,4076.75,4080.383333333334,4080.383333333334,4076.75,3.6333333333341216,0.0890042950696713,Narrow,Bullish,Above CPR,True,False,0.2,60,5252246.85,Higher,True,Risk On,True,106.9714285714284,4334.969999999999,4404.49,0.03396545584046326,1.2364382112009835,False,False,No setup,Neutral,0,Not applicable,No directional setup; confirmation score not applicable.,Narrow CPR,Not applicable,Not applicable,Narrow CPR; Wide CPR rules not applied,0,0,0,0
2026-09-17,2026-09-17,CM,NSE,STK,762792,INE689O01013,MERCANTILE,EQ,,,,,MERCANTILE VENTURES LTD.,22.98,22.98,22.02,22.47,22.87,22.13,,22.47,,,155,3513.09,26,F1,1,,,,,,Cash Only,Unclassified,False,22.49,22.5,22.479999999999997,22.5,22.479999999999997,0.020000000000003126,0.08900756564309358,Narrow,Bearish,Below CPR,False,True,0.06666666666666667,60,78381.495,Higher,True,Risk On,True,2.5799999999999996,24.4126,24.866099999999996,0.007751937984497337,0.04482040052948723,False,False,No setup,Neutral,0,Not applicable,No directional setup; confirmation score not applicable.,Narrow CPR,Not applicable,Not applicable,Narrow CPR; Wide CPR rules not applied,0,0,0,0
2026-09-17,2026-09-17,CM,NSE,STK,278,INE449A01011,AUTOAXLES,EQ,,,,,AUTOMOTIVE AXLES LIMITED,1663.1,1694.4,1659.9,1679.4,1686.0,1659.0,,1679.41,,,5723,9605556.6,491,F1,1,,,,,,Cash Only,Unclassified,False,1677.9000000000003,1677.15,1678.6500000000005,1678.6500000000005,1677.15,1.5000000000004547,0.08931761343339614,Narrow,Bullish,Above CPR,True,False,0.18333333333333332,60,10616053.350000001,Higher,True,Risk On,True,43.35000000000006,1768.724,1767.1870000000001,0.03460207612457792,0.9048142735642901,False,False,No setup,Neutral,0,Not applicable,No directional setup; confirmation score not applicable.,Narrow CPR,Not applicable,Not applicable,Narrow CPR; Wide CPR rules not applied,0,0,0,0
2026-09-17,2026-09-17,CM,NSE,STK,13941,INE505C01016,PRAENG,EQ,,,,,PRAJAY ENG. SYN. LTD.,21.62,22.98,21.62,22.27,22.5,22.1,,22.27,,,35511,793941.8,292,F1,1,,,,,,Cash Only,Unclassified,False,22.290000000000003,22.3,22.280000000000005,22.3,22.280000000000005,0.01999999999999602,0.08980691513244735,Narrow,Bearish,Below CPR,False,True,0.05,60,773047.05,Higher,True,Risk On,True,1.797857142857143,20.8312,21.142,0.011124354390144786,1.0270290792779042,True,True,No setup,Neutral,0,Not applicable,No directional setup; confirmation score not applicable.,Narrow CPR,Not applicable,Not applicable,Narrow CPR; Wide CPR rules not applied,0,0,0,0
2026-09-17,2026-09-17,CM,NSE,STK,14043,INE453D01025,SARLAPOLY,EQ,,,,,SARLA PERF. FIBERS LTD,95.62,97.1,95.62,96.49,96.3,95.22,,96.32,,,19034,1832390.95,340,F1,1,,,,,,Cash Only,Unclassified,False,96.40333333333332,96.36,96.44666666666664,96.44666666666664,96.36,0.08666666666664469,0.08981932497320416,Narrow,Bullish,Above CPR,True,False,0.08333333333333333,60,5225734.4399999995,Higher,True,Risk On,True,3.6685714285714277,100.5918,98.9287,0.023624091381094742,0.3506475445774853,False,False,No setup,Neutral,0,Not applicable,No directional setup; confirmation score not applicable.,Narrow CPR,Not applicable,Not applicable,Narrow CPR; Wide CPR rules not applied,0,0,0,0
2026-09-17,2026-09-17,CM,NSE,STK,764970,INE726E01014,UPHOT,EQ,,,,,U P HOTELS LTD.,1476.0,1480.0,1476.0,1480.0,1480.0,1475.0,,1480.0,,,53,78324.0,5,F1,1,,,,,,Cash Only,Unclassified,False,1478.6666666666667,1478.0,1479.3333333333335,1479.3333333333335,1478.0,1.333333333333485,0.09009009009010034,Narrow,Bullish,Above CPR,True,False,0.4117647058823529,17,42948.5,Lower,False,Risk On,False,54.31428571428574,,,0.024548483254430275,1.8236725380397454,False,False,No setup,Neutral,0,Not applicable,No directional setup; confirmation score not applicable.,Narrow CPR,Not applicable,Not applicable,Narrow CPR; Wide CPR rules not applied,0,0,0,0
2026-09-17,2026-09-17,CM,NSE,STK,14003,INE966H01019,ZEEMEDIA,EQ,,,,,ZEE MEDIA CORPORATION LTD,7.35,7.5,7.32,7.4,7.36,7.37,,7.4,,,805569,5973134.09,1084,F1,1,,,,,,Cash Only,Unclassified,False,7.406666666666666,7.41,7.403333333333332,7.41,7.403333333333332,0.006666666666667709,0.09009009009010416,Narrow,Bearish,Below CPR,False,True,0.08333333333333333,60,12448912.129999999,Higher,True,Risk On,True,0.4299999999999998,8.1026,8.350900000000001,0.015503875968994678,0.47981173195091065,False,False,No setup,Neutral,0,Not applicable,No directional setup; confirmation score not applicable.,Narrow CPR,Not applicable,Not applicable,Narrow CPR; Wide CPR rules not applied,0,0,0,0
2026-09-17,2026-09-17,CM,NSE,STK,20854,INE330T01021,HAPPYFORGE,EQ,,,,,HAPPY FORGINGS LIMITED,2115.0,2177.9,2102.7,2143.2,2152.0,2155.9,,2143.25,,,56176,120392810.1,8560,F1,1,,,,,,Cash Only,Unclassified,False,2141.266666666667,2140.3,2142.2333333333336,2142.2333333333336,2140.3,1.933333333333394,0.0902077889759889,Narrow,Bullish,Above CPR,True,False,0.08333333333333333,60,131730030.3,Inside,True,Risk On,True,106.29285714285717,1959.606,1688.533,0.01818874179602682,0.9139359478307203,True,True,No setup,Neutral,0,Not applicable,No directional setup; confirmation score not applicable.,Narrow CPR,Not applicable,Not applicable,Narrow CPR; Wide CPR rules not applied,0,0,0,0
2026-09-17,2026-09-17,CM,NSE,STK,30893,INE00WV01027,CMRGREEN,EQ,,,,,CMR GREEN TECHNOLOGIES L,212.0,215.19,211.91,213.26,213.7,211.91,,213.3,,,158680,33899027.15,6750,F1,1,,,,,,Cash Only,Unclassified,False,213.45333333333335,213.55,213.35666666666668,213.55,213.35666666666668,0.19333333333332803,0.09065616305604803,Narrow,Bearish,Below CPR,False,True,0.15,60,168513909.60000002,Higher,True,Risk On,True,7.522857142857147,220.19580000000002,,0.025699455627293876,0.20116456398445576,False,False,No setup,Neutral,0,Not applicable,No directional setup; confirmation score not applicable.,Narrow CPR,Not applicable,Not applicable,Narrow CPR; Wide CPR rules not applied,0,0,0,0
2026-09-17,2026-09-17,CM,NSE,STK,20878,INE220Q01020,MUFTI,EQ,,,,,CREDO BRANDS MARKETING L,72.12,75.84,70.7,73.37,75.6,72.34,,73.35,,,225246,16209635.37,1997,F1,1,,,,,,Cash Only,Unclassified,False,73.30333333333334,73.27000000000001,73.33666666666667,73.33666666666667,73.27000000000001,0.06666666666666288,0.09086365907954597,Narrow,Bullish,Above CPR,True,False,0.16666666666666666,60,6338612.52,Higher,True,Risk On,True,2.795000000000001,79.7136,82.26129999999999,0.023852116875371327,2.557284471775852,False,False,No setup,Neutral,0,Not applicable,No directional setup; confirmation score not applicable.,Narrow CPR,Not applicable,Not applicable,Narrow CPR; Wide CPR rules not applied,0,0,0,0
2026-09-17,2026-09-17,CM,NSE,STK,12686,INE900L01028,MBAPL,EQ,,,,,MADHYA BHARAT AGRO P. LTD,159.82,168.49,158.86,163.9,164.6,159.82,,163.9,,,1856013,305613949.57,14494,F1,1,,,,,,Cash Only,Unclassified,False,163.75,163.675,163.825,163.825,163.675,0.14999999999997726,0.09151921903598369,Narrow,Bullish,Above CPR,True,False,0.08333333333333333,60,162432502.01999998,Higher,True,Risk On,True,6.3535714285714295,156.6386,336.58829999999995,0.023608768971328627,1.8814827437206525,True,False,No setup,Neutral,0,Not applicable,No directional setup; confirmation score not applicable.,Narrow CPR,Not applicable,Not applicable,Narrow CPR; Wide CPR rules not applied,0,0,0,0
2026-09-17,2026-09-17,CM,NSE,STK,3715,INE709A01018,VLSFINANCE,EQ,,,,,VLS FINANCE LTD,242.0,242.0,238.0,239.67,239.51,241.88,,239.67,,,5553,1332865.34,138,F1,1,,,,,,Cash Only,Unclassified,False,239.89,240.0,239.77999999999997,240.0,239.77999999999997,0.22000000000002728,0.09179288187926202,Narrow,Bearish,Below CPR,False,True,0.2,60,2878682.755,Inside,True,Risk On,True,5.731428571428572,252.00799999999998,245.38890000000004,0.038384845463613926,0.4630122363031977,False,False,No setup,Neutral,0,Not applicable,No directional setup; confirmation score not applicable.,Narrow CPR,Not applicable,Not applicable,Narrow CPR; Wide CPR rules not applied,0,0,0,0
2026-09-17,2026-09-17,CM,NSE,STK,11403,INE511C01022,POONAWALLA,EQ,,,,,POONAWALLA FINCORP LTD,430.0,435.5,428.9,432.8,432.5,432.45,,432.91,,,567959,245661092.45,25986,F1,1,,,,,,Cash Only,Financial Services,True,432.40000000000003,432.2,432.6000000000001,432.6000000000001,432.2,0.40000000000009095,0.0924214417745127,Narrow,Bullish,Above CPR,True,False,0.08333333333333333,60,478422562.07500005,Higher,True,Risk On,True,11.228571428571419,471.528,444.783,0.03562340966921933,0.513481411462967,False,False,No setup,Neutral,0,Not applicable,No directional setup; confirmation score not applicable.,Narrow CPR,Not applicable,Not applicable,Narrow CPR; Wide CPR rules not applied,0,0,0,0
2026-09-17,2026-09-17,CM,NSE,STK,21406,INE349W01017,AVADHSUGAR,EQ,,,,,AVADH SUG & ENERGY LTD,729.0,729.0,715.0,721.0,725.8,726.2,,720.92,,,55363,39978832.5,3208,F1,1,,,,,,Cash Only,Unclassified,False,721.6666666666666,722.0,721.3333333333333,722.0,721.3333333333333,0.6666666666667425,0.09246417013408356,Narrow,Bearish,Below CPR,False,True,0.06666666666666667,60,81439761.4,Lower,True,Risk On,True,39.58214285714286,656.375,515.1815,0.016842611807875833,0.49090065850806874,True,True,No setup,Neutral,0,Not applicable,No directional setup; confirmation score not applicable.,Narrow CPR,Not applicable,Not applicable,Narrow CPR; Wide CPR rules not applied,0,0,0,0
2026-09-17,2026-09-17,CM,NSE,STK,761037,INE016Q01014,CEINSYS,EQ,,,,,CEINSYS TECH LIMITED,672.0,695.7,671.0,684.3,682.0,673.05,,684.31,,,95879,65685424.35,6334,F1,1,,,,,,Cash Only,Unclassified,False,683.6666666666666,683.35,683.9833333333332,683.9833333333332,683.35,0.6333333333332121,0.09255199961028965,Narrow,Bullish,Above CPR,True,False,0.1,60,36712051.225,Higher,True,Risk On,True,28.214285714285722,795.26,877.796,0.02244725738396194,1.7892060551841311,False,False,No setup,Neutral,0,Not applicable,No directional setup; confirmation score not applicable.,Narrow CPR,Not applicable,Not applicable,Narrow CPR; Wide CPR rules not applied,0,0,0,0
2026-09-17,2026-09-17,CM,NSE,STK,27061,INE622W01025,ACMESOLAR,EQ,,,,,ACME SOLAR HOLDINGS LTD,413.05,420.35,403.4,411.3,412.4,418.0,,411.29,,,1167673,478037199.2,34551,F1,1,,,,,,Cash Only,Power,True,411.68333333333334,411.875,411.4916666666667,411.875,411.4916666666667,0.38333333333332575,0.0932004214279907,Narrow,Bearish,Below CPR,False,True,0.11666666666666667,60,567379979.625,Lower,True,Risk On,True,16.92499999999999,385.439,355.42650000000003,0.02264894140817288,0.8425344854711836,True,True,No setup,Neutral,0,Not applicable,No directional setup; confirmation score not applicable.,Narrow CPR,Not applicable,Not applicable,Narrow CPR; Wide CPR rules not applied,0,-2,0,-2
2026-09-17,2026-09-17,CM,NSE,STK,17833,INE758C01029,AHLUCONT,EQ,,,,,AHLUWALIA CONT IND LTD,575.0,577.7,559.1,567.6,565.0,569.3,,567.6,,,95504,54019890.85,7836,F1,1,,,,,,Cash Only,Unclassified,False,568.1333333333333,568.4000000000001,567.8666666666666,568.4000000000001,567.8666666666666,0.5333333333335304,0.09396288466059378,Narrow,Bearish,Below CPR,False,True,0.13333333333333333,60,30984252.65,Lower,True,Risk On,True,21.350000000000005,741.258,783.4644999999999,0.024980483996886665,1.7434627667225662,False,False,No setup,Neutral,0,Not applicable,No directional setup; confirmation score not applicable.,Narrow CPR,Not applicable,Not applicable,Narrow CPR; Wide CPR rules not applied,0,0,0,0
2026-09-17,2026-09-17,CM,NSE,STK,17358,INE735W01017,UTKARSHBNK,EQ,,,,,UTKARSH SMALL FIN BANK L,13.75,14.39,13.75,14.05,14.08,13.82,,14.05,,,7888005,110895373.56,7874,F1,1,,,,,,Cash Only,Unclassified,False,14.063333333333333,14.07,14.056666666666665,14.07,14.056666666666665,0.013333333333335418,0.09489916963228054,Narrow,Bearish,Below CPR,False,True,0.13333333333333333,60,71657427.935,Inside,True,Risk On,True,0.7521428571428572,14.5672,14.2394,0.01772712883824272,1.547576807537559,False,False,No setup,Neutral,0,Not applicable,No directional setup; confirmation score not applicable.,Narrow CPR,Not applicable,Not applicable,Narrow CPR; Wide CPR rules not applied,0,0,0,0
2026-09-17,2026-09-17,CM,NSE,STK,7053,INE793A01012,ACCELYA,EQ,,,,,ACCELYA SOLN INDIA LTD,1125.5,1125.7,1115.1,1122.0,1120.0,1116.1,,1122.15,,,4835,5426494.8,405,F1,1,,,,,,Cash Only,Unclassified,False,1120.9333333333334,1120.4,1121.4666666666667,1121.4666666666667,1120.4,1.066666666666606,0.09506833036244261,Narrow,Bullish,Above CPR,True,False,0.25,60,5975271.1,Higher,True,Risk On,True,16.557142857142903,1134.228,1132.24,0.06442335346562746,0.9081587611982994,False,False,No setup,Neutral,0,Not applicable,No directional setup; confirmation score not applicable.,Narrow CPR,Not applicable,Not applicable,Narrow CPR; Wide CPR rules not applied,0,0,0,0
2026-09-17,2026-09-17,CM,NSE,STK,13260,INE389H01022,KEC,EQ,,,,,KEC INTL. LIMITED,397.55,405.3,397.45,401.95,401.95,397.55,,401.92,,,453424,182480887.65,16135,F1,1,,,,,,Cash Only,Construction,True,401.56666666666666,401.375,401.7583333333333,401.7583333333333,401.375,0.38333333333332575,0.09536841232325556,Narrow,Bullish,Above CPR,True,False,0.16666666666666666,60,346116558.8,Inside,True,Risk On,True,12.725000000000003,448.76,486.63849999999996,0.03012442698100791,0.527223800798981,False,False,No setup,Neutral,0,Not applicable,No directional setup; confirmation score not applicable.,Narrow CPR,Not applicable,Not applicable,Narrow CPR; Wide CPR rules not applied,0,0,0,0
2026-09-17,2026-09-17,CM,NSE,STK,34,INE045A01017,ADOR,EQ,,,,,ADOR WELDING LTD,1546.5,1589.0,1535.1,1564.3,1570.1,1536.2,,1564.54,,,26842,41972787.7,3304,F1,1,,,,,,Cash Only,Unclassified,False,1562.8,1562.05,1563.55,1563.55,1562.05,1.5,0.0958895352553858,Narrow,Bullish,Above CPR,True,False,0.13333333333333333,60,54862065.85,Higher,True,Risk On,True,68.16428571428578,1527.8480000000002,1335.31,0.022005658597925158,0.7650602843640457,True,True,No setup,Neutral,0,Not applicable,No directional setup; confirmation score not applicable.,Narrow CPR,Not applicable,Not applicable,Narrow CPR; Wide CPR rules not applied,0,0,0,0
2026-09-17,2026-09-17,CM,NSE,STK,8124,INE031B01049,AJANTPHARM,EQ,,,,,AJANTA PHARMA LIMITED,3492.3,3530.1,3481.0,3500.5,3509.5,3508.9,,3500.51,,,97948,343453724.3,17382,F1,1,,,,,,Cash Only,Healthcare,True,3503.866666666667,3505.55,3502.1833333333334,3505.55,3502.1833333333334,3.366666666666788,0.09617673665667155,Narrow,Bearish,Below CPR,False,True,0.1,60,288522129.0,Overlapping,True,Risk On,True,93.89999999999996,3508.252,3303.525,0.03585374511892214,1.1903895395836346,False,True,No setup,Neutral,0,Not applicable,No directional setup; confirmation score not applicable.,Narrow CPR,Not applicable,Not applicable,Narrow CPR; Wide CPR rules not applied,0,0,0,0
2026-09-17,2026-09-17,CM,NSE,STK,5748,INE136B01020,CYIENT,EQ,,,,,CYIENT LIMITED,1059.6,1084.0,1047.1,1064.0,1070.9,1054.5,,1064.04,,,332526,356053927.8,27660,F1,1,,,,,,Cash Only,Information Technology,True,1065.0333333333333,1065.55,1064.5166666666667,1065.55,1064.5166666666667,1.033333333333303,0.09711779448621269,Narrow,Bearish,Below CPR,False,True,0.16666666666666666,60,339450383.1,Higher,True,Risk On,True,47.439285714285724,935.345,909.8265000000001,0.021782227910360972,1.0489130238957742,True,True,No setup,Neutral,0,Not applicable,No directional setup; confirmation score not applicable.,Narrow CPR,Not applicable,Not applicable,Narrow CPR; Wide CPR rules not applied,0,0,0,0
2026-09-17,2026-09-17,CM,NSE,STK,10768,INE959C01023,OAL,EQ,,,,,ORIENTAL AROMATICS LTD,508.85,519.0,506.5,513.5,519.0,508.85,,513.55,,,10254,5244948.6,681,F1,1,,,,,,Cash Only,Unclassified,False,513.0,512.75,513.25,513.25,512.75,0.5,0.09737098344693282,Narrow,Bullish,Above CPR,True,False,0.11666666666666667,60,9145571.0,Higher,True,Risk On,True,40.25714285714287,403.756,361.01529999999997,0.012420156139105746,0.5734960233756864,True,True,No setup,Neutral,0,Not applicable,No directional setup; confirmation score not applicable.,Narrow CPR,Not applicable,Not applicable,Narrow CPR; Wide CPR rules not applied,0,0,0,0
2026-09-17,2026-09-17,CM,NSE,STK,12749,INE0B1K01014,DJML,EQ,,,,,DJ MEDIAPRINT & LOG LTD,78.11,79.8,76.53,78.28,77.6,78.14,,78.28,,,63008,4946229.33,810,F1,1,,,,,,Cash Only,Unclassified,False,78.20333333333333,78.16499999999999,78.24166666666667,78.24166666666667,78.16499999999999,0.0766666666666822,0.09793902231308406,Narrow,Bullish,Above CPR,True,False,0.06666666666666667,60,37202369.545,Higher,True,Risk On,True,4.964285714285716,97.37639999999999,98.5818,0.015443645083935977,0.1329546851583483,False,False,No setup,Neutral,0,Not applicable,No directional setup; confirmation score not applicable.,Narrow CPR,Not applicable,Not applicable,Narrow CPR; Wide CPR rules not applied,0,0,0,0
2026-09-17,2026-09-17,CM,NSE,STK,14466,INE884B01025,KIRLFER,EQ,,,,,KIRLOSKAR FERROUS IND LTD,474.0,477.0,470.3,474.35,475.45,470.9,,474.35,,,68163,32349104.4,4418,F1,1,,,,,,Cash Only,Unclassified,False,473.8833333333334,473.65,474.1166666666668,474.1166666666668,473.65,0.46666666666681067,0.09838023962618545,Narrow,Bullish,Above CPR,True,False,0.16666666666666666,60,33029675.125,Higher,True,Risk On,True,12.017857142857126,457.727,451.69449999999995,0.038831104507193806,0.979395173509143,True,True,No setup,Neutral,0,Not applicable,No directional setup; confirmation score not applicable.,Narrow CPR,Not applicable,Not applicable,Narrow CPR; Wide CPR rules not applied,0,0,0,0
2026-09-17,2026-09-17,CM,NSE,STK,757645,INE0LEZ01016,ATHERENERG,EQ,,,,,ATHER ENERGY LIMITED,1550.0,1567.4,1528.0,1550.0,1550.0,1567.5,,1550.0,,,2513489,3894798876.6,73736,F1,1,,,,,,F&O + Cash,Automobile and Auto Components,True,1548.4666666666665,1547.7,1549.233333333333,1549.233333333333,1547.7,1.5333333333328483,0.0989247311827644,Narrow,Bullish,Above CPR,True,False,0.06666666666666667,60,4939687541.25,Overlapping,True,Risk On,True,73.07142857142858,1435.454,1212.0890000000002,0.02098403388725305,0.788470696592767,True,True,No setup,Neutral,0,Not applicable,No directional setup; confirmation score not applicable.,Narrow CPR,Not applicable,Not applicable,Narrow CPR; Wide CPR rules not applied,0,0,0,0
2026-09-17,2026-09-17,CM,NSE,STK,13072,INE489L01022,IIFLCAPS,EQ,,,,,IIFL CAPITAL SERVICES LTD,335.05,337.85,335.05,336.95,337.0,335.6,,336.94,,,138772,46739818.8,7317,F1,1,,,,,,Cash Only,Unclassified,False,336.61666666666673,336.45000000000005,336.7833333333334,336.7833333333334,336.45000000000005,0.33333333333337123,0.09892664589208228,Narrow,Bullish,Above CPR,True,False,0.26666666666666666,60,86611143.0,Overlapping,True,Risk On,False,4.049999999999991,336.83600000000007,338.21060000000006,0.08230452674898074,0.5396513333163147,True,False,No setup,Neutral,0,Not applicable,No directional setup; confirmation score not applicable.,Narrow CPR,Not applicable,Not applicable,Narrow CPR; Wide CPR rules not applied,0,0,0,0
2026-09-17,2026-09-17,CM,NSE,STK,759093,INE1B3L01017,SHRINGARMS,EQ,,,,,SHRINGAR HOU OF MANGALS L,209.49,213.5,209.35,211.74,211.3,209.49,,211.75,,,131415,27851720.68,1232,F1,1,,,,,,Cash Only,Unclassified,False,211.53,211.425,211.635,211.635,211.425,0.20999999999997954,0.09917823746102745,Narrow,Bullish,Above CPR,True,False,0.13333333333333333,60,101164463.54499999,Higher,True,Risk On,True,5.891428571428577,223.22039999999998,217.69530000000003,0.03564500484965702,0.27531130699478273,False,False,No setup,Neutral,0,Not applicable,No directional setup; confirmation score not applicable.,Narrow CPR,Not applicable,Not applicable,Narrow CPR; Wide CPR rules not applied,0,0,0,0
2026-09-17,2026-09-17,CM,NSE,STK,7936,INE871C01038,AVANTIFEED,EQ,,,,,AVANTI FEEDS LIMITED,770.35,779.4,760.0,770.85,772.2,770.35,,770.85,,,197289,151999435.8,16858,F1,1,,,,,,Cash Only,Unclassified,False,770.0833333333334,769.7,770.4666666666667,770.4666666666667,769.7,0.7666666666666515,0.09945730903115411,Narrow,Bullish,Above CPR,True,False,0.11666666666666667,60,316653285.575,Lower,True,Risk On,True,27.057142857142853,884.682,1023.7429999999999,0.02833509327701458,0.4800185020155069,False,False,No setup,Neutral,0,Not applicable,No directional setup; confirmation score not applicable.,Narrow CPR,Not applicable,Not applicable,Narrow CPR; Wide CPR rules not applied,0,0,0,0
2026-09-17,2026-09-17,CM,NSE,STK,18154,INE982F01036,HATHWAY,EQ,,,,,HATHWAY CABLE & DATACOM,9.9,10.11,9.9,10.02,10.06,10.0,,10.02,,,1428469,14310973.46,1869,F1,1,,,,,,Cash Only,Unclassified,False,10.01,10.004999999999999,10.015,10.015,10.004999999999999,0.010000000000001563,0.0998003992016124,Narrow,Bullish,Above CPR,True,False,0.23333333333333334,60,14283211.525,Higher,True,Risk On,True,0.23928571428571427,10.668000000000001,10.8,0.04179104477612594,1.00194367596891,False,False,No setup,Neutral,0,Not applicable,No directional setup; confirmation score not applicable.,Narrow CPR,Not applicable,Not applicable,Narrow CPR; Wide CPR rules not applied,0,0,-2,-2
2026-09-17,2026-09-17,CM,NSE,STK,4067,INE196A01026,MARICO,EQ,,,,,MARICO LIMITED,810.15,826.3,810.15,817.0,817.0,810.15,,817.0,,,1761636,1444574596.1,36197,F1,1,,,,,,F&O + Cash,Fast Moving Consumer Goods,True,817.8166666666666,818.2249999999999,817.4083333333333,818.2249999999999,817.4083333333333,0.816666666666606,0.09995920032638997,Narrow,Bearish,Below CPR,False,True,0.15,60,1308117622.05,Higher,True,Risk On,True,17.310714285714273,845.2719999999999,833.2125,0.04717694794030325,1.1043155231225714,False,False,No setup,Neutral,0,Not applicable,No directional setup; confirmation score not applicable.,Narrow CPR,Not applicable,Not applicable,Narrow CPR; Wide CPR rules not applied,0,0,0,0
2026-09-17,2026-09-17,CM,NSE,STK,16395,INE511Y01018,MMP,EQ,,,,,MMP INDUSTRIES LIMITED,458.85,473.95,458.85,465.7,465.0,456.35,,465.7,,,59161,27671921.1,2752,F1,1,,,,,,Cash Only,Unclassified,False,466.1666666666667,466.4,465.9333333333334,466.4,465.9333333333334,0.4666666666665833,0.10020757282941449,Narrow,Bearish,Below CPR,False,True,0.06666666666666667,60,17184802.75,Higher,True,Risk On,True,30.68928571428571,353.32,313.2723,0.015206175569259088,1.6102553810226308,True,True,No setup,Neutral,0,Not applicable,No directional setup; confirmation score not applicable.,Narrow CPR,Not applicable,Not applicable,Narrow CPR; Wide CPR rules not applied,0,0,0,0
2026-09-17,2026-09-17,CM,NSE,STK,6164,INE414D01027,BHAGCHEM,EQ,,,,,BHAGIRADHA CHEM & INDS L,245.7,249.5,245.65,247.95,248.0,244.25,,247.95,,,21308,5285273.7,422,F1,1,,,,,,Cash Only,Unclassified,False,247.69999999999996,247.575,247.82499999999993,247.82499999999993,247.575,0.24999999999994316,0.10082677959263689,Narrow,Bullish,Above CPR,True,False,0.1,60,18239315.299999997,Higher,True,Risk On,True,8.135714285714275,275.425,268.5258,0.030728709394198497,0.2897736901340809,False,False,No setup,Neutral,0,Not applicable,No directional setup; confirmation score not applicable.,Narrow CPR,Not applicable,Not applicable,Narrow CPR; Wide CPR rules not applied,0,-2,0,-2
2026-09-17,2026-09-17,CM,NSE,STK,3694,INE707A01012,VINDHYATEL,EQ,,,,,VINDHYA TELELINKS LTD,2581.1,2698.0,2575.0,2632.5,2613.5,2586.5,,2632.73,,,49951,132139637.6,6830,F1,1,,,,,,Cash Only,Unclassified,False,2635.1666666666665,2636.5,2633.833333333333,2636.5,2633.833333333333,2.66666666666697,0.10129787907566838,Narrow,Bearish,Below CPR,False,True,0.05,60,108358747.45,Higher,True,Risk On,True,151.81428571428575,2321.534,2107.6105000000002,0.0175653210376106,1.2194644245124115,True,True,No setup,Neutral,0,Not applicable,No directional setup; confirmation score not applicable.,Narrow CPR,Not applicable,Not applicable,Narrow CPR; Wide CPR rules not applied,0,0,0,0
2026-09-17,2026-09-17,CM,NSE,STK,4394,INE771A01026,MIRZAINT,EQ,,,,,MIRZA INTERNATIONAL LIMIT,29.22,29.79,29.2,29.54,29.3,29.02,,29.54,,,41813,1230964.59,395,F1,1,,,,,,Cash Only,Unclassified,False,29.51,29.494999999999997,29.525000000000006,29.525000000000006,29.494999999999997,0.030000000000008242,0.1015572105619778,Narrow,Bullish,Above CPR,True,False,0.11666666666666667,60,5148408.645,Higher,True,Risk On,True,1.2007142857142852,33.3318,32.7179,0.024985127900066365,0.23909613142217856,False,False,No setup,Neutral,0,Not applicable,No directional setup; confirmation score not applicable.,Narrow CPR,Not applicable,Not applicable,Narrow CPR; Wide CPR rules not applied,0,0,-2,-2
2026-09-17,2026-09-17,CM,NSE,STK,11287,INE628A01036,UPL,EQ,,,,,UPL LIMITED,551.0,558.0,549.8,554.75,554.75,550.6,,554.75,,,1804536,999408535.85,34448,F1,1,,,,,,F&O + Cash,Chemicals,True,554.1833333333333,553.9,554.4666666666666,554.4666666666666,553.9,0.566666666666606,0.10214811476640037,Narrow,Bullish,Above CPR,True,False,0.15,60,990391150.45,Inside,True,Risk On,True,10.803571428571436,583.5189999999999,603.87,0.05245179063360317,1.00910487275245,False,False,No setup,Neutral,0,Not applicable,No directional setup; confirmation score not applicable.,Narrow CPR,Not applicable,Not applicable,Narrow CPR; Wide CPR rules not applied,0,0,0,0
2026-09-17,2026-09-17,CM,NSE,STK,7553,INE349A01021,NRBBEARING,EQ,,,,,NRB BEARING LIMITED,475.0,479.9,465.95,472.2,471.85,471.3,,472.19,,,190344,89908565.15,7486,F1,1,,,,,,Cash Only,Unclassified,False,472.68333333333334,472.92499999999995,472.4416666666667,472.92499999999995,472.4416666666667,0.4833333333332348,0.10235775801212088,Narrow,Bearish,Below CPR,False,True,0.11666666666666667,60,151350516.60000002,Higher,True,Risk On,True,21.28214285714285,451.35,414.90619999999996,0.022710745650831646,0.5940420103594148,True,True,No setup,Neutral,0,Not applicable,No directional setup; confirmation score not applicable.,Narrow CPR,Not applicable,Not applicable,Narrow CPR; Wide CPR rules not applied,0,0,0,0
2026-09-17,2026-09-17,CM,NSE,STK,21501,INE285J01028,SIS,EQ,,,,,SIS LIMITED,415.9,425.9,415.0,419.8,420.0,415.9,,419.79,,,370623,156698026.8,11266,F1,1,,,,,,Cash Only,Unclassified,False,420.23333333333335,420.45,420.0166666666667,420.45,420.0166666666667,0.4333333333332803,0.10322375734475471,Narrow,Bearish,Below CPR,False,True,0.21666666666666667,60,73673328.475,Higher,True,Risk On,True,11.017857142857142,428.45799999999997,417.4745,0.03933009184224262,2.1269301936476683,False,True,No setup,Neutral,0,Not applicable,No directional setup; confirmation score not applicable.,Narrow CPR,Not applicable,Not applicable,Narrow CPR; Wide CPR rules not applied,0,0,0,0
2026-09-17,2026-09-17,CM,NSE,STK,7902,INE850E01012,LFIC,EQ,,,,,LAKSHMI FIN IND CORP LTD,130.46,141.24,130.0,135.41,137.97,131.3,,135.41,,,6724,907902.25,204,F1,1,,,,,,Cash Only,Unclassified,False,135.54999999999998,135.62,135.47999999999996,135.62,135.47999999999996,0.1400000000000432,0.1033897053393717,Narrow,Bearish,Below CPR,False,True,0.13333333333333333,60,129777.285,Higher,True,Risk On,True,9.477857142857143,140.0552,142.2474,0.014771271384434431,6.99584869570973,False,False,No setup,Neutral,0,Not applicable,No directional setup; confirmation score not applicable.,Narrow CPR,Not applicable,Not applicable,Narrow CPR; Wide CPR rules not applied,0,0,0,0
2026-09-17,2026-09-17,CM,NSE,STK,759205,INE1FF001016,JKIPL,EQ,,,,,JINKUSHAL INDUSTRIES LTD,97.95,97.95,94.75,96.2,94.75,96.72,,96.2,,,2986,285957.08,99,F1,1,,,,,,Cash Only,Unclassified,False,96.3,96.35,96.25,96.35,96.25,0.09999999999999432,0.10395010395009803,Narrow,Bearish,Below CPR,False,True,0.11666666666666667,60,3602044.6950000003,Lower,True,Risk On,True,4.550714285714286,81.6438,77.4888,0.02197457228064543,0.0793874324760426,True,True,No setup,Neutral,0,Not applicable,No directional setup; confirmation score not applicable.,Narrow CPR,Not applicable,Not applicable,Narrow CPR; Wide CPR rules not applied,0,0,0,0
2026-09-17,2026-09-17,CM,NSE,STK,18423,INE05CZ01011,RATNAVEER,EQ,,,,,RATNAVEER PRECISION ENG L,287.75,322.0,284.75,303.85,302.9,286.75,,303.86,,,21339407,6490556268.25,205763,F1,1,,,,,,Cash Only,Unclassified,False,303.53333333333336,303.375,303.6916666666667,303.6916666666667,303.375,0.3166666666667197,0.10421809006638792,Narrow,Bullish,Above CPR,True,False,0.06666666666666667,60,961403550.39,Higher,True,Risk On,True,19.48214285714286,234.463,204.5932,0.016254201038805042,6.751125753193922,True,True,No setup,Neutral,0,Not applicable,No directional setup; confirmation score not applicable.,Narrow CPR,Not applicable,Not applicable,Narrow CPR; Wide CPR rules not applied,0,0,0,0
2026-09-17,2026-09-17,CM,NSE,STK,1811,INE437B01014,KAKATCEM,EQ,,,,,KAKATIYA CEM SUGAR &IND L,108.44,109.7,107.1,108.23,109.2,108.44,,108.22,,,804,86645.25,53,F1,1,,,,,,Cash Only,Unclassified,False,108.34333333333335,108.4,108.28666666666669,108.4,108.28666666666669,0.11333333333331552,0.10471526686992101,Narrow,Bearish,Below CPR,False,True,0.05,60,462442.19999999995,Overlapping,True,Risk On,True,4.06857142857143,112.1154,112.51899999999999,0.027855805243441303,0.1873644965792482,False,False,No setup,Neutral,0,Not applicable,No directional setup; confirmation score not applicable.,Narrow CPR,Not applicable,Not applicable,Narrow CPR; Wide CPR rules not applied,0,0,0,0
2026-09-17,2026-09-17,CM,NSE,STK,5352,INE0GFE01026,EXXARO,EQ,,,,,EXXARO TILES LIMITED,6.2,6.34,6.2,6.26,6.3,6.25,,6.26,,,640912,4011694.59,318,F1,1,,,,,,Cash Only,Unclassified,False,6.266666666666666,6.27,6.263333333333332,6.27,6.263333333333332,0.006666666666667709,0.10649627263047458,Narrow,Bearish,Below CPR,False,True,0.18333333333333332,60,1204161.5950000002,Lower,True,Risk On,True,0.4428571428571428,6.3526,6.5387,0.01505376344086257,3.3315251098005656,False,False,No setup,Neutral,0,Not applicable,No directional setup; confirmation score not applicable.,Narrow CPR,Not applicable,Not applicable,Narrow CPR; Wide CPR rules not applied,0,0,0,0
2026-09-17,2026-09-17,CM,NSE,STK,9668,INE475B01022,HIKAL,EQ,,,,,HIKAL LIMITED,222.23,231.35,219.95,225.29,225.0,224.38,,225.29,,,647006,146307172.81,15200,F1,1,,,,,,Cash Only,Unclassified,False,225.52999999999997,225.64999999999998,225.40999999999997,225.64999999999998,225.40999999999997,0.2400000000000091,0.10652936215544814,Narrow,Bearish,Below CPR,False,True,0.08333333333333333,60,64520687.365,Higher,True,Risk On,True,16.17928571428572,222.235,212.3755,0.014833782172973055,2.2676009631194045,True,True,No setup,Neutral,0,Not applicable,No directional setup; confirmation score not applicable.,Narrow CPR,Not applicable,Not applicable,Narrow CPR; Wide CPR rules not applied,0,0,0,0
2026-09-17,2026-09-17,CM,NSE,STK,2168,INE00KV01022,RAJMET,EQ,,,,,RAJNANDINI METAL LIMITED,3.11,3.15,3.1,3.12,3.14,3.13,,3.12,,,122407,381997.02,467,F1,1,,,,,,Cash Only,Unclassified,False,3.1233333333333335,3.125,3.121666666666667,3.125,3.121666666666667,0.0033333333333329662,0.10683760683759508,Narrow,Bearish,Below CPR,False,True,0.1,60,750332.22,Lower,True,Risk On,True,0.11142857142857143,3.2965999999999998,3.5120999999999998,0.02991452991452662,0.5091038473597735,False,False,No setup,Neutral,0,Not applicable,No directional setup; confirmation score not applicable.,Narrow CPR,Not applicable,Not applicable,Narrow CPR; Wide CPR rules not applied,0,0,0,0
2026-09-17,2026-09-17,CM,NSE,STK,385,INE766P01016,MAHLOG,EQ,,,,,MAHINDRA LOGISTIC LIMITED,385.1,392.8,385.05,389.55,390.9,386.8,,389.57,,,34419,13397799.55,2280,F1,1,,,,,,Cash Only,Unclassified,False,389.1333333333334,388.925,389.34166666666675,389.34166666666675,388.925,0.41666666666674246,0.10696102340309137,Narrow,Bullish,Above CPR,True,False,0.13333333333333333,60,56930320.775,Higher,True,Risk On,True,10.410714285714286,400.615,384.61949999999996,0.04002287021155673,0.23533680062950604,False,True,No setup,Neutral,0,Not applicable,No directional setup; confirmation score not applicable.,Narrow CPR,Not applicable,Not applicable,Narrow CPR; Wide CPR rules not applied,0,0,0,0
2026-09-17,2026-09-17,CM,NSE,STK,19020,INE880J01026,JSWINFRA,EQ,,,,,JSW INFRASTRUCTURE LTD,325.55,329.45,322.8,326.65,326.5,325.55,,326.58,,,1990569,650695475.95,58494,F1,1,,,,,,Cash Only,Services,True,326.3,326.125,326.475,326.475,326.125,0.35000000000002274,0.1071483238940832,Narrow,Bullish,Above CPR,True,False,0.13333333333333333,60,910052437.725,Higher,True,Risk On,True,9.625,334.153,311.68919999999997,0.03636363636363873,0.7150087719963093,False,True,No setup,Neutral,0,Not applicable,No directional setup; confirmation score not applicable.,Narrow CPR,Not applicable,Not applicable,Narrow CPR; Wide CPR rules not applied,0,0,0,0
2026-09-17,2026-09-17,CM,NSE,STK,3563,INE364U01010,ADANIGREEN,EQ,,,,,ADANI GREEN ENERGY LTD,1268.5,1291.0,1261.5,1274.2,1274.2,1270.2,,1274.2,,,717317,910858389.3,21922,F1,1,,,,,,F&O + Cash,Power,True,1275.5666666666666,1276.25,1274.8833333333332,1276.25,1274.8833333333332,1.366666666666788,0.10725684089364212,Narrow,Bearish,Below CPR,False,True,0.11666666666666667,60,2637719073.75,Higher,True,Risk On,True,40.54285714285714,1368.0479999999998,1400.5810000000001,0.03370918487197856,0.34532046963024315,False,False,No setup,Neutral,0,Not applicable,No directional setup; confirmation score not applicable.,Narrow CPR,Not applicable,Not applicable,Narrow CPR; Wide CPR rules not applied,0,0,0,0
2026-09-17,2026-09-17,CM,NSE,STK,759769,INE28GN01010,ADVENTHTL,EQ,,,,,ADVENT HOTELS INTERNATI L,124.75,129.74,124.75,127.04,127.01,124.71,,127.04,,,108071,13743822.01,1543,F1,1,,,,,,Cash Only,Unclassified,False,127.17666666666668,127.245,127.10833333333335,127.245,127.10833333333335,0.13666666666665606,0.10757766582702775,Narrow,Bearish,Below CPR,False,True,0.15,60,14767496.41,Higher,True,Risk On,True,5.001428571428568,140.904,142.7431,0.027325526040176892,0.9306805722798885,False,False,No setup,Neutral,0,Not applicable,No directional setup; confirmation score not applicable.,Narrow CPR,Not applicable,Not applicable,Narrow CPR; Wide CPR rules not applied,0,0,-2,-2
2026-09-17,2026-09-17,CM,NSE,STK,757772,INE756I01012,HDBFS,EQ,,,,,HDB FINANCIAL SERVICES L,674.0,688.7,672.0,681.45,682.0,678.0,,681.46,,,387681,264673027.45,20726,F1,1,,,,,,Cash Only,Financial Services,True,680.7166666666667,680.35,681.0833333333334,681.0833333333334,680.35,0.7333333333333485,0.10761366693570304,Narrow,Bullish,Above CPR,True,False,0.18333333333333332,60,299573098.375,Higher,True,Risk On,True,14.07500000000002,693.8950000000001,689.773,0.05210183540556643,0.8835006510453994,False,False,No setup,Neutral,0,Not applicable,No directional setup; confirmation score not applicable.,Narrow CPR,Not applicable,Not applicable,Narrow CPR; Wide CPR rules not applied,0,0,0,0
2026-09-17,2026-09-17,CM,NSE,STK,1530,INE323C01030,INDIANHUME,EQ,,,,,INDIAN HUME PIPE CO. LTD.,349.85,361.0,349.85,354.85,354.0,349.0,,354.86,,,39998,14251932.8,1574,F1,1,,,,,,Cash Only,Unclassified,False,355.23333333333335,355.425,355.0416666666667,355.425,355.0416666666667,0.38333333333332575,0.10802686581184325,Narrow,Bearish,Below CPR,False,True,0.11666666666666667,60,18249378.35,Higher,True,Risk On,True,15.34642857142857,383.60900000000004,352.1505,0.024978667287254182,0.7809544263188559,False,True,No setup,Neutral,0,Not applicable,No directional setup; confirmation score not applicable.,Narrow CPR,Not applicable,Not applicable,Narrow CPR; Wide CPR rules not applied,0,0,0,0
2026-09-17,2026-09-17,CM,NSE,STK,13751,INE663F01032,NAUKRI,EQ,,,,,INFO EDGE (I) LTD,1247.0,1283.1,1242.8,1265.0,1265.0,1256.0,,1265.0,,,970996,1234293564.2,38658,F1,1,,,,,,F&O + Cash,Consumer Services,True,1263.6333333333332,1262.9499999999998,1264.3166666666666,1264.3166666666666,1262.9499999999998,1.366666666666788,0.10803689064559588,Narrow,Bullish,Above CPR,True,False,0.16666666666666666,60,1609500860.3,Higher,True,Risk On,True,39.17857142857143,1273.679,1130.9875,0.03488301428137654,0.7668797169638891,False,True,No setup,Neutral,0,Not applicable,No directional setup; confirmation score not applicable.,Narrow CPR,Not applicable,Not applicable,Narrow CPR; Wide CPR rules not applied,0,0,0,0
2026-09-17,2026-09-17,CM,NSE,STK,762859,INE296E01026,RAJPALAYAM,EQ,,,,,RAJAPALAYAM MILLS LTD.,774.0,780.0,765.0,771.25,777.7,760.0,,771.25,,,747,576644.55,31,F1,1,,,,,,Cash Only,Unclassified,False,772.0833333333334,772.5,771.6666666666667,772.5,771.6666666666667,0.8333333333332575,0.10804970286330731,Narrow,Bearish,Below CPR,False,True,0.11666666666666667,60,929072.55,Higher,True,Risk On,True,23.81071428571428,812.2409999999999,814.9934999999999,0.03499825008749245,0.6206668682655623,False,False,No setup,Neutral,0,Not applicable,No directional setup; confirmation score not applicable.,Narrow CPR,Not applicable,Not applicable,Narrow CPR; Wide CPR rules not applied,0,0,0,0
2026-09-17,2026-09-17,CM,NSE,STK,762563,INE704G01024,BAJAJST,EQ,,,,,BAJAJ STEEL INDS. LTD.,359.55,359.55,346.2,353.45,352.95,351.65,,353.23,,,2569,907209.0,365,F1,1,,,,,,Cash Only,Unclassified,False,353.06666666666666,352.875,353.2583333333333,353.2583333333333,352.875,0.38333333333332575,0.10845475550525555,Narrow,Bullish,Above CPR,True,False,0.1,60,3919854.2750000004,Overlapping,True,Risk On,True,13.439285714285704,375.82399999999996,391.17199999999997,0.02852334130569527,0.23143947105023435,False,False,No setup,Neutral,0,Not applicable,No directional setup; confirmation score not applicable.,Narrow CPR,Not applicable,Not applicable,Narrow CPR; Wide CPR rules not applied,0,0,0,0
2026-09-17,2026-09-17,CM,NSE,STK,3718,INE226A01021,VOLTAS,EQ,,,,,VOLTAS LTD,1131.1,1141.2,1125.1,1135.0,1135.0,1131.0,,1135.01,,,379667,431029214.3,20675,F1,1,,,,,,F&O + Cash,Consumer Durables,True,1133.7666666666667,1133.15,1134.3833333333332,1134.3833333333332,1133.15,1.2333333333331211,0.10866372980908558,Narrow,Bullish,Above CPR,True,False,0.1,60,863609522.8499999,Lower,True,Risk On,True,26.100000000000023,1259.7140000000002,1286.0539999999999,0.04725415070241839,0.4991019701560949,False,False,No setup,Neutral,0,Not applicable,No directional setup; confirmation score not applicable.,Narrow CPR,Not applicable,Not applicable,Narrow CPR; Wide CPR rules not applied,0,0,0,0
2026-09-17,2026-09-17,CM,NSE,STK,9039,INE527H01019,UFO,EQ,,,,,UFO MOVIEZ INDIA LTD.,60.1,62.28,60.1,61.29,60.82,61.32,,61.29,,,13342,815228.51,526,F1,1,,,,,,Cash Only,Unclassified,False,61.22333333333333,61.19,61.25666666666666,61.25666666666666,61.19,0.06666666666666288,0.10877250231140949,Narrow,Bullish,Above CPR,True,False,0.18333333333333332,60,2180179.915,Overlapping,True,Risk On,True,2.3171428571428576,66.45,69.8682,0.028771064529385947,0.3739271719691996,False,False,No setup,Neutral,0,Not applicable,No directional setup; confirmation score not applicable.,Narrow CPR,Not applicable,Not applicable,Narrow CPR; Wide CPR rules not applied,0,0,0,0
2026-09-17,2026-09-17,CM,NSE,STK,7965,INE389C01015,MALLCOM,EQ,,,,,MALLCOM (INDIA) LIMITED,945.0,958.0,945.0,949.95,945.5,924.3,,949.95,,,550,523772.85,101,F1,1,,,,,,Cash Only,Unclassified,False,950.9833333333332,951.5,950.4666666666665,951.5,950.4666666666665,1.0333333333335304,0.1087776549643171,Narrow,Bearish,Below CPR,False,True,0.15,60,2266330.925,Higher,True,Risk On,True,40.6857142857143,999.8140000000001,1016.0265,0.025397940074911203,0.2311104897445637,False,False,No setup,Neutral,0,Not applicable,No directional setup; confirmation score not applicable.,Narrow CPR,Not applicable,Not applicable,Narrow CPR; Wide CPR rules not applied,0,0,0,0
2026-09-17,2026-09-17,CM,NSE,STK,22663,INE953L01027,JSFB,EQ,,,,,JANA SMALL FIN BANK LTD,510.1,534.75,503.75,520.1,516.7,506.6,,520.11,,,1866297,976719593.9,35753,F1,1,,,,,,Cash Only,Unclassified,False,519.5333333333333,519.25,519.8166666666666,519.8166666666666,519.25,0.566666666666606,0.10895340639619419,Narrow,Bullish,Above CPR,True,False,0.05,60,297174595.75,Higher,True,Risk On,True,21.796428571428574,538.724,503.64,0.02599814298978366,3.2866860353085885,False,True,No setup,Neutral,0,Not applicable,No directional setup; confirmation score not applicable.,Narrow CPR,Not applicable,Not applicable,Narrow CPR; Wide CPR rules not applied,0,0,0,0
2026-09-17,2026-09-17,CM,NSE,STK,13880,INE213C01025,BANCOINDIA,EQ,,,,,BANCO PRODUCTS (I) LTD,591.0,597.1,587.05,593.05,596.0,593.15,,593.03,,,68674,40645406.85,7115,F1,1,,,,,,Cash Only,Unclassified,False,592.4,592.075,592.7249999999999,592.7249999999999,592.075,0.6499999999998636,0.10960290026133777,Narrow,Bullish,Above CPR,True,False,0.15,60,69406570.82499999,Higher,True,Risk On,True,15.782142857142876,634.596,639.27,0.0411857886399551,0.5856132404593555,False,False,No setup,Neutral,0,Not applicable,No directional setup; confirmation score not applicable.,Narrow CPR,Not applicable,Not applicable,Narrow CPR; Wide CPR rules not applied,0,0,0,0
2026-09-17,2026-09-17,CM,NSE,STK,419,INE922A01025,BEPL,EQ,,,,,BHANSALI ENG. POLYMERS LT,125.0,129.9,124.62,127.47,127.25,124.92,,127.47,,,1163018,148939453.8,10982,F1,1,,,,,,Cash Only,Unclassified,False,127.33,127.26,127.39999999999999,127.39999999999999,127.26,0.13999999999998636,0.10982976386599698,Narrow,Bullish,Above CPR,True,False,0.16666666666666666,60,154444061.965,Higher,True,Risk On,True,5.666428571428568,121.10459999999999,109.37530000000001,0.024706920458840414,0.9643585639035611,True,True,No setup,Neutral,0,Not applicable,No directional setup; confirmation score not applicable.,Narrow CPR,Not applicable,Not applicable,Narrow CPR; Wide CPR rules not applied,0,0,0,0
2026-09-17,2026-09-17,CM,NSE,STK,2885,INE002A01018,RELIANCE,EQ,,,,,RELIANCE INDUSTRIES LTD,1244.8,1253.4,1238.5,1243.9,1243.9,1240.0,,1242.89,,,7752895,9647521841.3,158694,F1,1,,,,,,F&O + Cash,Oil Gas & Consumable Fuels,True,1245.2666666666667,1245.95,1244.5833333333333,1245.95,1244.5833333333333,1.366666666666788,0.10986949647614662,Narrow,Bearish,Below CPR,False,True,0.18333333333333332,60,13263822969.400002,Inside,True,Risk On,True,21.928571428571445,1297.47,1318.266,0.062323561346368135,0.7273560468619864,False,False,No setup,Neutral,0,Not applicable,No directional setup; confirmation score not applicable.,Narrow CPR,Not applicable,Not applicable,Narrow CPR; Wide CPR rules not applied,0,0,0,0
2026-09-17,2026-09-17,CM,NSE,STK,2513,INE412G01024,BCLIND,EQ,,,,,BCL INDUSTRIES LIMITED,32.98,33.52,32.71,33.17,32.79,32.98,,33.17,,,411663,13634799.06,3494,F1,1,,,,,,Cash Only,Unclassified,False,33.13333333333333,33.115,33.151666666666664,33.151666666666664,33.115,0.03666666666666174,0.11054165410510021,Narrow,Bullish,Above CPR,True,False,0.05,60,20501878.04,Higher,True,Risk On,True,1.1342857142857155,36.0128,35.5321,0.032325776658265984,0.6650512227903196,False,False,No setup,Neutral,0,Not applicable,No directional setup; confirmation score not applicable.,Narrow CPR,Not applicable,Not applicable,Narrow CPR; Wide CPR rules not applied,0,0,0,0
2026-09-17,2026-09-17,CM,NSE,STK,21119,INE029L01018,KICL,EQ,,,,,KALYANI INVEST CO LTD,4815.0,4853.0,4775.0,4822.0,4800.0,4779.5,,4821.76,,,537,2591350.0,157,F1,1,,,,,,Cash Only,Unclassified,False,4816.666666666667,4814.0,4819.333333333334,4819.333333333334,4814.0,5.33333333333394,0.11060417530763043,Narrow,Bullish,Above CPR,True,False,0.16666666666666666,60,6005057.0,Inside,True,Risk On,True,139.53571428571428,5324.74,5198.7,0.03822199471035329,0.4315279605172774,False,False,No setup,Neutral,0,Not applicable,No directional setup; confirmation score not applicable.,Narrow CPR,Not applicable,Not applicable,Narrow CPR; Wide CPR rules not applied,0,0,0,0
2026-09-17,2026-09-17,CM,NSE,STK,17987,INE391D01019,TRF,EQ,,,,,TRF LIMITED,215.34,226.71,213.0,219.49,221.75,213.97,,219.5,,,19157,4223674.64,537,F1,1,,,,,,Cash Only,Unclassified,False,219.73333333333335,219.85500000000002,219.61166666666668,219.85500000000002,219.61166666666668,0.2433333333333394,0.11086306133916779,Narrow,Bearish,Below CPR,False,True,0.13333333333333333,60,3145190.4699999997,Higher,True,Risk On,True,8.502857142857147,231.56939999999997,236.96329999999998,0.028617831541219337,1.3428994778812235,False,False,No setup,Neutral,0,Not applicable,No directional setup; confirmation score not applicable.,Narrow CPR,Not applicable,Not applicable,Narrow CPR; Wide CPR rules not applied,0,0,-2,-2
2026-09-17,2026-09-17,CM,NSE,STK,4127,INE699B01027,SAMBHAAV,EQ,,,,,SAMBHAAV MEDIA LTD,5.9,6.14,5.88,6.0,5.92,5.89,,6.0,,,13902,84112.49,81,F1,1,,,,,,Cash Only,Unclassified,False,6.006666666666667,6.01,6.003333333333334,6.01,6.003333333333334,0.0066666666666659324,0.11111111111109888,Narrow,Bearish,Below CPR,False,True,0.05,60,146912.44,Higher,True,Risk On,True,0.4264285714285713,6.215800000000001,6.334799999999999,0.015633724176436027,0.5725348377577828,False,False,No setup,Neutral,0,Not applicable,No directional setup; confirmation score not applicable.,Narrow CPR,Not applicable,Not applicable,Narrow CPR; Wide CPR rules not applied,0,0,0,0
2026-09-17,2026-09-17,CM,NSE,STK,15420,INE666E01020,ACL,EQ,,,,,ANDHRA CEMENTS LIMITED,43.4,43.4,40.7,41.98,41.99,42.7,,41.98,,,19853,826217.67,259,F1,1,,,,,,Cash Only,Unclassified,False,42.026666666666664,42.05,42.00333333333333,42.05,42.00333333333333,0.046666666666666856,0.11116404637128838,Narrow,Bearish,Below CPR,False,True,0.2,60,539827.475,Lower,True,Risk On,True,1.3442857142857143,46.214800000000004,50.2692,0.03471484236627715,1.530521709736986,False,False,No setup,Neutral,0,Not applicable,No directional setup; confirmation score not applicable.,Narrow CPR,Not applicable,Not applicable,Narrow CPR; Wide CPR rules not applied,0,0,0,0
2026-09-17,2026-09-17,CM,NSE,STK,14838,INE583C01021,DECCANCE,EQ,,,,,DECCAN CEMENTS LIMITED,574.2,575.25,565.05,569.2,570.0,570.0,,569.2,,,6438,3662505.45,426,F1,1,,,,,,Cash Only,Unclassified,False,569.8333333333334,570.15,569.5166666666668,570.15,569.5166666666668,0.6333333333332121,0.11126727570857556,Narrow,Bearish,Below CPR,False,True,0.18333333333333332,60,8432427.125,Higher,True,Risk On,True,18.739285714285725,564.187,584.878,0.033797090400857495,0.4343358555855886,True,False,No setup,Neutral,0,Not applicable,No directional setup; confirmation score not applicable.,Narrow CPR,Not applicable,Not applicable,Narrow CPR; Wide CPR rules not applied,0,0,0,0
2026-09-17,2026-09-17,CM,NSE,STK,19556,INE474E01029,BHANDARI,EQ,,,,,BHANDARI HOSIERY EXP LTD,2.97,3.0,2.97,2.98,2.97,2.98,,2.98,,,147723,440423.25,183,F1,1,,,,,,Cash Only,Unclassified,False,2.983333333333334,2.9850000000000003,2.9816666666666674,2.9850000000000003,2.9816666666666674,0.0033333333333329662,0.11185682326620693,Narrow,Bearish,Below CPR,False,True,0.11666666666666667,60,1147699.895,Overlapping,True,Risk On,True,0.08499999999999994,3.1518,3.2502999999999997,0.039215686274505515,0.3837442626933411,False,False,No setup,Neutral,0,Not applicable,No directional setup; confirmation score not applicable.,Narrow CPR,Not applicable,Not applicable,Narrow CPR; Wide CPR rules not applied,0,0,0,0
2026-09-17,2026-09-17,CM,NSE,STK,30089,INE876N01018,ORIENTCEM,EQ,,,,,ORIENT CEMENT LTD.,121.1,123.0,120.77,122.09,122.1,121.64,,122.09,,,753064,91899402.91,3942,F1,1,,,,,,Cash Only,Unclassified,False,121.95333333333333,121.88499999999999,122.02166666666668,122.02166666666668,121.88499999999999,0.13666666666668448,0.11193927976630721,Narrow,Bullish,Above CPR,True,False,0.2833333333333333,60,32627132.55,Higher,True,Risk On,False,2.866428571428574,132.7634,135.1661,0.04767837860288016,2.816655823773885,False,False,No setup,Neutral,0,Not applicable,No directional setup; confirmation score not applicable.,Narrow CPR,Not applicable,Not applicable,Narrow CPR; Wide CPR rules not applied,0,-2,0,-2
2026-09-17,2026-09-17,CM,NSE,STK,1363,INE038A01020,HINDALCO,EQ,,,,,HINDALCO  INDUSTRIES  LTD,972.0,987.2,970.5,980.5,980.5,972.7,,980.51,,,2724042,2670897983.9,60975,F1,1,,,,,,F&O + Cash,Metals & Mining,True,979.4,978.85,979.9499999999999,979.9499999999999,978.85,1.099999999999909,0.11218765935746142,Narrow,Bullish,Above CPR,True,False,0.21666666666666667,60,4058381882.75,Higher,True,Risk On,True,21.642857142857167,1001.898,1022.7005,0.050825082508246563,0.6581189402733517,False,False,No setup,Neutral,0,Not applicable,No directional setup; confirmation score not applicable.,Narrow CPR,Not applicable,Not applicable,Narrow CPR; Wide CPR rules not applied,0,0,0,0
2026-09-17,2026-09-17,CM,NSE,STK,17351,INE498E01010,SALONA,EQ,,,,,SALONA COTSPIN LTD.,269.95,269.95,263.05,266.05,268.65,264.0,,266.06,,,180,48257.2,9,F1,1,,,,,,Cash Only,Unclassified,False,266.34999999999997,266.5,266.19999999999993,266.5,266.19999999999993,0.3000000000000682,0.11276075925580462,Narrow,Bearish,Below CPR,False,True,0.16666666666666666,60,89439.83499999999,Higher,True,Risk On,True,12.728571428571424,257.613,264.92,0.023569023569028937,0.5395492959037771,True,True,No setup,Neutral,0,Not applicable,No directional setup; confirmation score not applicable.,Narrow CPR,Not applicable,Not applicable,Narrow CPR; Wide CPR rules not applied,0,0,0,0
2026-09-17,2026-09-17,CM,NSE,STK,25235,INE547B01028,XTGLOBAL,EQ,,,,,XTGLOBAL INFOTECH LIMITED,29.49,30.5,28.5,29.45,28.96,29.05,,29.45,,,31522,927261.1,302,F1,1,,,,,,Cash Only,Unclassified,False,29.483333333333334,29.5,29.46666666666667,29.5,29.46666666666667,0.03333333333333144,0.11318619128465683,Narrow,Bearish,Below CPR,False,True,0.1,60,1850653.755,Higher,True,Risk On,True,2.2842857142857143,30.1734,30.2933,0.014592453616843032,0.5010451563371994,False,False,No setup,Neutral,0,Not applicable,No directional setup; confirmation score not applicable.,Narrow CPR,Not applicable,Not applicable,Narrow CPR; Wide CPR rules not applied,0,0,0,0
2026-09-17,2026-09-17,CM,NSE,STK,20182,INE442H01029,ASHOKA,EQ,,,,,ASHOKA BUILDCON LTD,108.5,109.87,108.1,108.8,109.0,108.76,,108.8,,,515340,56157975.58,8390,F1,1,,,,,,Cash Only,Unclassified,False,108.92333333333333,108.985,108.86166666666666,108.985,108.86166666666666,0.12333333333333485,0.1133578431372563,Narrow,Bearish,Below CPR,False,True,0.23333333333333334,60,77200377.925,Lower,True,Risk On,True,3.818571428571428,118.40980000000002,123.6942,0.03229829155755122,0.7274313557707884,False,False,No setup,Neutral,0,Not applicable,No directional setup; confirmation score not applicable.,Narrow CPR,Not applicable,Not applicable,Narrow CPR; Wide CPR rules not applied,0,0,0,0
2026-09-17,2026-09-17,CM,NSE,STK,1041,INE183A01024,FINPIPE,EQ,,,,,FINOLEX INDUSTRIES LTD,150.83,157.5,150.83,154.43,155.69,151.05,,154.39,,,318438,48787612.83,9584,F1,1,,,,,,Cash Only,Unclassified,False,154.25333333333336,154.16500000000002,154.3416666666667,154.3416666666667,154.16500000000002,0.17666666666667652,0.11439918841331122,Narrow,Bullish,Above CPR,True,False,0.16666666666666666,60,67710440.705,Higher,True,Risk On,True,3.9464285714285694,161.58800000000002,167.81579999999997,0.044766214177981406,0.7205330865081393,False,False,No setup,Neutral,0,Not applicable,No directional setup; confirmation score not applicable.,Narrow CPR,Not applicable,Not applicable,Narrow CPR; Wide CPR rules not applied,0,0,0,0
2026-09-17,2026-09-17,CM,NSE,STK,16658,INE0A0S01028,SIGMA,EQ,,,,,SIGMA SOLVE LIMITED,46.48,46.94,45.7,46.24,46.38,45.6,,46.13,,,78093,3610170.05,1010,F1,1,,,,,,Cash Only,Unclassified,False,46.29333333333333,46.32,46.26666666666666,46.32,46.26666666666666,0.05333333333334167,0.11534025374857627,Narrow,Bearish,Below CPR,False,True,0.1,60,3497517.525,Higher,True,Risk On,True,2.2492857142857132,44.5318,42.6524,0.023711231078653024,1.0322092810671477,True,True,No setup,Neutral,0,Not applicable,No directional setup; confirmation score not applicable.,Narrow CPR,Not applicable,Not applicable,Narrow CPR; Wide CPR rules not applied,0,0,0,0
2026-09-17,2026-09-17,CM,NSE,STK,4471,INE579B01039,ELPROINTL,EQ,,,,,ELPRO INTERNATIONAL LTD,174.11,174.11,173.01,173.26,174.0,173.51,,173.26,,,1210,210013.76,50,F1,1,,,,,,Cash Only,Unclassified,False,173.46,173.56,173.36,173.56,173.36,0.19999999999998863,0.11543345261456114,Narrow,Bearish,Below CPR,False,True,0.35,60,5371841.0600000005,Lower,True,Risk On,False,2.3785714285714312,175.2186,167.6187,0.0840840840840792,0.039095304133961103,False,True,No setup,Neutral,0,Not applicable,No directional setup; confirmation score not applicable.,Narrow CPR,Not applicable,Not applicable,Narrow CPR; Wide CPR rules not applied,0,0,0,0
2026-09-17,2026-09-17,CM,NSE,STK,759244,INE0YD401026,JAINREC,EQ,,,,,JAIN RESOURCE RECYCLING L,275.05,277.25,271.8,274.05,274.0,274.8,,274.05,,,478999,131477707.85,12456,F1,1,,,,,,Cash Only,Metals & Mining,True,274.3666666666666,274.525,274.20833333333326,274.525,274.20833333333326,0.3166666666667197,0.1155506902633533,Narrow,Bearish,Below CPR,False,True,0.1,60,348953354.65,Lower,True,Risk On,True,10.696428571428571,309.097,356.77099999999996,0.029604897050644917,0.3767773144977272,False,False,No setup,Neutral,0,Not applicable,No directional setup; confirmation score not applicable.,Narrow CPR,Not applicable,Not applicable,Narrow CPR; Wide CPR rules not applied,0,0,0,0
2026-09-17,2026-09-17,CM,NSE,STK,11309,INE618N01022,BALAXI,EQ,,,,,BALAXI PHARMA LTD,23.6,23.6,22.4,23.04,22.99,23.33,,23.04,,,24054,553229.56,175,F1,1,,,,,,Cash Only,Unclassified,False,23.013333333333332,23.0,23.026666666666664,23.026666666666664,23.0,0.02666666666666373,0.115740740740728,Narrow,Bullish,Above CPR,True,False,0.15,60,1163626.2,Lower,True,Risk On,True,1.727857142857143,23.6652,22.3373,0.015433374672728078,0.475435805759616,False,True,No setup,Neutral,0,Not applicable,No directional setup; confirmation score not applicable.,Narrow CPR,Not applicable,Not applicable,Narrow CPR; Wide CPR rules not applied,0,0,0,0
2026-09-17,2026-09-17,CM,NSE,STK,14479,INE753U01022,DIVGIITTS,EQ,,,,,DIVGI TORQTRANSFER SYST L,1116.0,1133.9,1106.6,1122.2,1125.0,1119.7,,1122.09,,,57718,64725874.2,5660,F1,1,,,,,,Cash Only,Unclassified,False,1120.8999999999999,1120.25,1121.5499999999997,1121.5499999999997,1120.25,1.2999999999997272,0.11584387809657165,Narrow,Bullish,Above CPR,True,False,0.06666666666666667,60,89568671.65,Higher,True,Risk On,True,75.10714285714288,1092.964,945.5595,0.01730860675225504,0.7226396574566147,True,True,No setup,Neutral,0,Not applicable,No directional setup; confirmation score not applicable.,Narrow CPR,Not applicable,Not applicable,Narrow CPR; Wide CPR rules not applied,0,0,0,0
2026-09-17,2026-09-17,CM,NSE,STK,5948,INE683A01023,SOUTHBANK,EQ,,,,,THE SOUTH INDIAN BANK LTD,45.2,46.4,45.2,45.88,45.95,45.19,,45.88,,,9755681,447776110.59,39201,F1,1,,,,,,Cash Only,Unclassified,False,45.82666666666666,45.8,45.853333333333325,45.853333333333325,45.8,0.05333333333332746,0.1162452775355873,Narrow,Bullish,Above CPR,True,False,0.13333333333333333,60,428495402.82500005,Higher,True,Risk On,True,1.2521428571428572,46.119800000000005,44.623999999999995,0.042593648982691634,1.044996300165382,False,True,No setup,Neutral,0,Not applicable,No directional setup; confirmation score not applicable.,Narrow CPR,Not applicable,Not applicable,Narrow CPR; Wide CPR rules not applied,0,0,-2,-2
2026-09-17,2026-09-17,CM,NSE,STK,17957,INE123F01029,MMTC,EQ,,,,,MMTC LIMITED,60.0,60.74,59.75,60.14,60.12,59.8,,60.14,,,541027,32544455.93,5896,F1,1,,,,,,Cash Only,Services,True,60.21,60.245000000000005,60.175,60.245000000000005,60.175,0.07000000000000739,0.11639507815099333,Narrow,Bearish,Below CPR,False,True,0.08333333333333333,60,82127547.66499999,Overlapping,True,Risk On,True,1.5471428571428574,63.1702,65.07390000000001,0.04524469067405833,0.39626723134056707,False,False,No setup,Neutral,0,Not applicable,No directional setup; confirmation score not applicable.,Narrow CPR,Not applicable,Not applicable,Narrow CPR; Wide CPR rules not applied,0,0,0,0
2026-09-17,2026-09-17,CM,NSE,STK,2085,INE288A01013,MAHSCOOTER,EQ,,,,,MAHARASHTRA SCOOTERS LTD,13123.0,13247.0,13101.0,13151.0,13190.0,13123.0,,13152.21,,,1641,21584982.0,670,F1,1,,,,,,Cash Only,Unclassified,False,13166.333333333334,13174.0,13158.666666666668,13174.0,13158.666666666668,15.33333333333212,0.11659442881402267,Narrow,Bearish,Below CPR,False,True,0.18333333333333332,60,36523670.0,Higher,True,Risk On,True,296.35714285714283,13265.62,12861.22,0.05173937494978301,0.5909861194124248,False,True,No setup,Neutral,0,Not applicable,No directional setup; confirmation score not applicable.,Narrow CPR,Not applicable,Not applicable,Narrow CPR; Wide CPR rules not applied,0,0,0,0
2026-09-17,2026-09-17,CM,NSE,STK,3186,INE640A01023,SKFINDIA,EQ,,,,,SKF INDIA LTD,1549.7,1560.0,1527.4,1541.0,1543.4,1546.3,,1541.0,,,44468,68499664.3,5413,F1,1,,,,,,Cash Only,Unclassified,False,1542.8,1543.7,1541.8999999999999,1543.7,1541.8999999999999,1.800000000000182,0.11680726800779896,Narrow,Bearish,Below CPR,False,True,0.16666666666666666,60,58763734.05,Higher,True,Risk On,True,33.80714285714287,1536.6860000000001,1598.016,0.05324318613987436,1.1656792306921142,True,False,No setup,Neutral,0,Not applicable,No directional setup; confirmation score not applicable.,Narrow CPR,Not applicable,Not applicable,Narrow CPR; Wide CPR rules not applied,0,0,0,0
2026-09-17,2026-09-17,CM,NSE,STK,3126,INE231C01019,SHREYANIND,EQ,,,,,SHREYANS INDUSTRIES LTD,126.25,129.75,125.82,128.01,128.0,127.48,,127.99,,,5027,643233.89,151,F1,1,,,,,,Cash Only,Unclassified,False,127.86,127.785,127.935,127.935,127.785,0.15000000000000568,0.1171783454417668,Narrow,Bullish,Above CPR,True,False,0.16666666666666666,60,717119.135,Higher,True,Risk On,True,4.853571428571427,133.9502,141.6996,0.030905077262694338,0.8969693578180702,False,False,No setup,Neutral,0,Not applicable,No directional setup; confirmation score not applicable.,Narrow CPR,Not applicable,Not applicable,Narrow CPR; Wide CPR rules not applied,0,0,0,0
2026-09-17,2026-09-17,CM,NSE,STK,7862,INE878A01011,GVPIL,EQ,,,,,GE POWER INDIA LIMITED,616.1,632.0,615.6,624.9,621.5,616.1,,624.99,,,136464,85323904.6,5253,F1,1,,,,,,Cash Only,Unclassified,False,624.1666666666666,623.8,624.5333333333333,624.5333333333333,623.8,0.7333333333333485,0.11735210967088311,Narrow,Bullish,Above CPR,True,False,0.08333333333333333,60,163446146.3,Higher,True,Risk On,True,25.225000000000016,723.2669999999999,735.602,0.029071688140073264,0.5220306904231977,False,False,No setup,Neutral,0,Not applicable,No directional setup; confirmation score not applicable.,Narrow CPR,Not applicable,Not applicable,Narrow CPR; Wide CPR rules not applied,0,0,0,0
2026-09-17,2026-09-17,CM,NSE,STK,6792,INE04AK01028,SBC,EQ,,,,,SBC EXPORTS LIMITED,47.65,48.68,47.65,48.25,48.49,47.63,,48.25,,,7597720,366862993.73,5630,F1,1,,,,,,Cash Only,Unclassified,False,48.19333333333333,48.165,48.22166666666666,48.22166666666666,48.165,0.05666666666665776,0.11744386873918708,Narrow,Bullish,Above CPR,True,False,0.26666666666666666,60,342556692.235,Higher,True,Risk On,False,1.4692857142857132,42.4266,40.0056,0.03856749311294162,1.070955558732233,True,True,No setup,Neutral,0,Not applicable,No directional setup; confirmation score not applicable.,Narrow CPR,Not applicable,Not applicable,Narrow CPR; Wide CPR rules not applied,0,0,0,0
2026-09-17,2026-09-17,CM,NSE,STK,6994,INE836A01035,BSOFT,EQ,,,,,BIRLASOFT LIMITED,282.4,286.95,281.65,283.8,283.6,281.25,,283.8,,,1029959,292998919.45,31309,F1,1,,,,,,Cash Only,Information Technology,True,284.13333333333327,284.29999999999995,283.9666666666666,284.29999999999995,283.9666666666666,0.33333333333337123,0.1174536058257122,Narrow,Bearish,Below CPR,False,True,0.13333333333333333,60,374449118.8,Higher,True,Risk On,True,9.810714285714287,297.082,310.59,0.03397645916758061,0.7824799278176322,False,False,No setup,Neutral,0,Not applicable,No directional setup; confirmation score not applicable.,Narrow CPR,Not applicable,Not applicable,Narrow CPR; Wide CPR rules not applied,0,0,0,0
2026-09-17,2026-09-17,CM,NSE,STK,11483,INE018A01030,LT,EQ,,,,,LARSEN & TOUBRO LTD.,3811.0,3875.0,3811.0,3836.2,3836.2,3807.7,,3833.42,,,1319415,5082322792.5,76817,F1,1,,,,,,F&O + Cash,Construction,True,3840.7333333333336,3843.0,3838.466666666667,3843.0,3838.466666666667,4.533333333332848,0.11817249708912071,Narrow,Bearish,Below CPR,False,True,0.21666666666666667,60,5678295397.25,Higher,True,Risk On,True,63.235714285714366,3956.88,3991.8779999999997,0.07168944613877759,0.8950437476291512,False,False,No setup,Neutral,0,Not applicable,No directional setup; confirmation score not applicable.,Narrow CPR,Not applicable,Not applicable,Narrow CPR; Wide CPR rules not applied,0,0,0,0
2026-09-17,2026-09-17,CM,NSE,STK,11571,INE0DK501011,PPLPHARMA,EQ,,,,,PIRAMAL PHARMA LIMITED,203.2,206.78,201.91,204.71,204.15,202.37,,204.71,,,2475167,506027044.95,39658,F1,1,,,,,,Cash Only,Healthcare,True,204.46666666666667,204.345,204.58833333333334,204.58833333333334,204.345,0.2433333333333394,0.1188673407910407,Narrow,Bullish,Above CPR,True,False,0.11666666666666667,60,884653685.33,Higher,True,Risk On,True,7.394999999999998,201.3684,185.5621,0.0329051160694171,0.5720058067256432,True,True,No setup,Neutral,0,Not applicable,No directional setup; confirmation score not applicable.,Narrow CPR,Not applicable,Not applicable,Narrow CPR; Wide CPR rules not applied,0,0,0,0
2026-09-17,2026-09-17,CM,NSE,STK,21339,INE503B01021,STEELXIND,EQ,,,,,STEEL EXCHANGE INDIA LTD,10.92,11.52,10.92,11.2,11.22,11.07,,11.2,,,5627901,63500189.51,5104,F1,1,,,,,,Cash Only,Unclassified,False,11.213333333333333,11.219999999999999,11.206666666666667,11.219999999999999,11.206666666666667,0.013333333333331865,0.11904761904760594,Narrow,Bearish,Below CPR,False,True,0.18333333333333332,60,17934501.98,Inside,True,Risk On,True,0.6521428571428572,11.2978,11.4049,0.020445418035777225,3.540672028741776,False,False,No setup,Neutral,0,Not applicable,No directional setup; confirmation score not applicable.,Narrow CPR,Not applicable,Not applicable,Narrow CPR; Wide CPR rules not applied,0,0,-2,-2
2026-09-17,2026-09-17,CM,NSE,STK,9576,INE263W01010,MAHESHWARI,EQ,,,,,MAHESHWARI LOGISTICS LTD.,71.47,71.47,68.28,70.0,70.0,71.48,,70.0,,,10004,698791.44,93,F1,1,,,,,,Cash Only,Unclassified,False,69.91666666666667,69.875,69.95833333333334,69.95833333333334,69.875,0.08333333333334281,0.11904761904763259,Narrow,Bullish,Above CPR,True,False,0.2,60,719970.14,Lower,True,Risk On,True,3.477142857142858,52.947199999999995,48.1609,0.023966036702276067,0.9705839189386382,True,True,No setup,Neutral,0,Not applicable,No directional setup; confirmation score not applicable.,Narrow CPR,Not applicable,Not applicable,Narrow CPR; Wide CPR rules not applied,0,0,0,0
2026-09-17,2026-09-17,CM,NSE,STK,23489,INE343G01021,BHARTIHEXA,EQ,,,,,BHARTI HEXACOM LIMITED,1490.0,1491.9,1465.0,1481.1,1470.0,1479.3,,1481.1,,,82494,121793013.3,12947,F1,1,,,,,,Cash Only,Telecommunication,True,1479.3333333333333,1478.45,1480.2166666666665,1480.2166666666665,1478.45,1.7666666666664241,0.11928071478404052,Narrow,Bullish,Above CPR,True,False,0.13333333333333333,60,164842006.64999998,Lower,True,Risk On,True,36.75714285714287,1575.2419999999997,1537.292,0.048063220624426604,0.7388469466923953,False,False,No setup,Neutral,0,Not applicable,No directional setup; confirmation score not applicable.,Narrow CPR,Not applicable,Not applicable,Narrow CPR; Wide CPR rules not applied,0,0,0,0
2026-09-17,2026-09-17,CM,NSE,STK,19531,INE933K01021,BAJAJCON,EQ,,,,,BAJAJ CONSUMER CARE LTD,495.6,511.1,495.6,502.45,502.0,498.05,,502.45,,,304161,153471802.6,15306,F1,1,,,,,,Cash Only,Unclassified,False,503.05,503.35,502.75,503.35,502.75,0.6000000000000227,0.11941486715096482,Narrow,Bearish,Below CPR,False,True,0.13333333333333333,60,387478050.6,Higher,True,Risk On,True,20.617857142857133,524.292,541.4325,0.02910098735492923,0.39607870010276136,False,False,No setup,Neutral,0,Not applicable,No directional setup; confirmation score not applicable.,Narrow CPR,Not applicable,Not applicable,Narrow CPR; Wide CPR rules not applied,0,0,0,0
2026-09-17,2026-09-17,CM,NSE,STK,14260,INE940H01022,PGIL,EQ,,,,,PEARL GLOBAL IND LIMITED,1180.0,1180.1,1102.0,1143.1,1152.0,1179.9,,1143.06,,,340483,385806376.5,32938,F1,1,,,,,,Cash Only,Unclassified,False,1141.7333333333333,1141.05,1142.4166666666667,1142.4166666666667,1141.05,1.366666666666788,0.11955792727379828,Narrow,Bullish,Above CPR,True,False,0.15,60,156637731.60000002,Lower,True,Risk On,True,182.31428571428575,2138.282,1922.85,0.00749621271483115,2.4630487977521245,False,False,No setup,Neutral,0,Not applicable,No directional setup; confirmation score not applicable.,Narrow CPR,Not applicable,Not applicable,Narrow CPR; Wide CPR rules not applied,0,0,0,0
2026-09-17,2026-09-17,CM,NSE,STK,762737,INE081G01019,KANCHI,EQ,,,,,KANCHI KARPOORAM LTD.,388.5,393.4,386.0,389.0,389.0,388.5,,389.0,,,74,28761.9,10,F1,1,,,,,,Cash Only,Unclassified,False,389.4666666666667,389.7,389.2333333333334,389.7,389.2333333333334,0.4666666666665833,0.11996572407881319,Narrow,Bearish,Below CPR,False,True,0.14285714285714285,35,909510.55,Higher,True,Risk On,True,17.65357142857143,,,0.026434688785483173,0.03162349243777326,False,False,No setup,Neutral,0,Not applicable,No directional setup; confirmation score not applicable.,Narrow CPR,Not applicable,Not applicable,Narrow CPR; Wide CPR rules not applied,0,0,0,0
2026-09-17,2026-09-17,CM,NSE,STK,18644,INE591D01014,DIAMINESQ,EQ,,,,,DIAMINES & CHEMICALS LTD,253.0,258.0,253.0,255.04,258.0,256.19,,255.06,,,1691,431167.23,73,F1,1,,,,,,Cash Only,Unclassified,False,255.34666666666666,255.5,255.19333333333333,255.5,255.19333333333333,0.30666666666667197,0.12024257632789837,Narrow,Bearish,Below CPR,False,True,0.11666666666666667,60,1309105.0750000002,Inside,True,Risk On,True,7.767142857142858,249.21400000000003,252.5605,0.03948255778309184,0.3293602921828104,True,True,No setup,Neutral,0,Not applicable,No directional setup; confirmation score not applicable.,Narrow CPR,Not applicable,Not applicable,Narrow CPR; Wide CPR rules not applied,0,0,0,0
2026-09-17,2026-09-17,CM,NSE,STK,14019,INE484C01030,VEEDOL,EQ,,,,,VEEDOL CORPORATION LTD,1372.0,1405.0,1370.6,1385.3,1383.0,1375.3,,1385.5,,,12037,16788473.6,1266,F1,1,,,,,,Cash Only,Unclassified,False,1386.9666666666665,1387.8,1386.133333333333,1387.8,1386.133333333333,1.6666666666669698,0.12031088332252725,Narrow,Bearish,Below CPR,False,True,0.26666666666666666,60,12197868.3,Higher,True,Risk On,False,30.22857142857145,1452.192,1450.0,0.05513547574040067,1.3763448815068777,False,False,No setup,Neutral,0,Not applicable,No directional setup; confirmation score not applicable.,Narrow CPR,Not applicable,Not applicable,Narrow CPR; Wide CPR rules not applied,0,0,0,0
2026-09-17,2026-09-17,CM,NSE,STK,9480,INE0J1Y01017,LICI,EQ,,,,,LIFE INSURA CORP OF INDIA,395.5,406.0,392.55,400.0,400.0,395.5,,399.99,,,7410477,2968623276.5,87120,F1,1,,,,,,F&O + Cash,Financial Services,True,399.51666666666665,399.275,399.7583333333333,399.7583333333333,399.275,0.4833333333333485,0.12083333333333711,Narrow,Bullish,Above CPR,True,False,0.23333333333333334,60,2162474831.675,Higher,True,Risk On,True,8.357142857142849,416.5110000000001,503.0215,0.057834757834759706,1.3727897467368797,False,False,No setup,Neutral,0,Not applicable,No directional setup; confirmation score not applicable.,Narrow CPR,Not applicable,Not applicable,Narrow CPR; Wide CPR rules not applied,0,0,0,0
2026-09-17,2026-09-17,CM,NSE,STK,772,INE016A01026,DABUR,EQ,,,,,DABUR INDIA LTD,382.4,386.4,381.3,384.55,384.55,382.0,,384.55,,,1528427,586629015.7,20773,F1,1,,,,,,F&O + Cash,Fast Moving Consumer Goods,True,384.0833333333333,383.85,384.3166666666666,384.3166666666666,383.85,0.4666666666665833,0.12135396350710786,Narrow,Bullish,Above CPR,True,False,0.23333333333333334,60,709039160.0,Inside,True,Risk On,True,6.678571428571416,406.61400000000003,424.4325,0.06987522281638693,0.8273577099747214,False,False,No setup,Neutral,0,Not applicable,No directional setup; confirmation score not applicable.,Narrow CPR,Not applicable,Not applicable,Narrow CPR; Wide CPR rules not applied,0,0,0,0
2026-09-17,2026-09-17,CM,NSE,STK,2868,INE106T01025,HITECH,EQ,,,,,HI-TECH PIPES LIMITED,73.36,74.2,73.01,73.74,73.75,73.36,,73.75,,,205046,15109097.23,2755,F1,1,,,,,,Cash Only,Unclassified,False,73.64999999999999,73.605,73.69499999999998,73.69499999999998,73.605,0.08999999999997499,0.12205044751827365,Narrow,Bullish,Above CPR,True,False,0.08333333333333333,60,38992171.1,Higher,True,Risk On,True,2.7192857142857148,81.5892,85.3194,0.03309692671393879,0.3874905347345483,False,False,No setup,Neutral,0,Not applicable,No directional setup; confirmation score not applicable.,Narrow CPR,Not applicable,Not applicable,Narrow CPR; Wide CPR rules not applied,0,0,0,0
2026-09-17,2026-09-17,CM,NSE,STK,16045,INE689W01016,PRINCEPIPE,EQ,,,,,PRINCE PIPES FITTINGS LTD,256.5,261.0,255.45,258.7,259.0,257.3,,258.67,,,70149,18128416.1,2422,F1,1,,,,,,Cash Only,Unclassified,False,258.3833333333334,258.225,258.54166666666674,258.54166666666674,258.225,0.3166666666667197,0.12240690632652482,Narrow,Bullish,Above CPR,True,False,0.11666666666666667,60,40465794.05,Higher,True,Risk On,True,9.067857142857141,274.88300000000004,272.3952,0.03492188525666858,0.44799358385505356,False,False,No setup,Neutral,0,Not applicable,No directional setup; confirmation score not applicable.,Narrow CPR,Not applicable,Not applicable,Narrow CPR; Wide CPR rules not applied,0,0,0,0
2026-09-17,2026-09-17,CM,NSE,STK,2319,INE868B01028,NCC,EQ,,,,,NCC LIMITED,135.05,137.1,133.6,135.6,135.85,135.01,,135.6,,,2571140,347039960.48,37837,F1,1,,,,,,Cash Only,Construction,True,135.4333333333333,135.35,135.51666666666662,135.51666666666662,135.35,0.16666666666662877,0.1229105211405817,Narrow,Bullish,Above CPR,True,False,0.15,60,225740276.745,Inside,True,Risk On,True,4.716428571428572,143.078,148.7105,0.03533747286586101,1.5373417871371806,False,False,No setup,Neutral,0,Not applicable,No directional setup; confirmation score not applicable.,Narrow CPR,Not applicable,Not applicable,Narrow CPR; Wide CPR rules not applied,0,0,0,0
2026-09-17,2026-09-17,CM,NSE,STK,31163,INE743M01012,RHIM,EQ,,,,,RHI MAGNESITA INDIA LTD,363.6,369.65,363.6,365.95,366.6,363.6,,365.95,,,66638,24419269.2,3253,F1,1,,,,,,Cash Only,Capital Goods,True,366.40000000000003,366.625,366.17500000000007,366.625,366.17500000000007,0.4499999999999318,0.12296761852710256,Narrow,Bearish,Below CPR,False,True,0.15,60,125663164.94999999,Higher,True,Risk On,True,8.496428571428563,388.86799999999994,388.787,0.05296343001260236,0.19432320688179516,False,False,No setup,Neutral,0,Not applicable,No directional setup; confirmation score not applicable.,Narrow CPR,Not applicable,Not applicable,Narrow CPR; Wide CPR rules not applied,0,0,0,0
2026-09-17,2026-09-17,CM,NSE,STK,937,INE285A01027,ELGIEQUIP,EQ,,,,,ELGI EQUIPMENTS LTD,590.1,603.8,585.0,593.3,594.0,592.5,,593.31,,,381647,227600887.85,28112,F1,1,,,,,,Cash Only,Capital Goods,True,594.0333333333333,594.4,593.6666666666666,594.4,593.6666666666666,0.7333333333333485,0.12360244957582142,Narrow,Bearish,Below CPR,False,True,0.08333333333333333,60,209324843.925,Lower,True,Risk On,True,20.392857142857142,600.11,588.9515,0.03596030356100483,1.0873094831091725,False,True,No setup,Neutral,0,Not applicable,No directional setup; confirmation score not applicable.,Narrow CPR,Not applicable,Not applicable,Narrow CPR; Wide CPR rules not applied,0,0,0,0
2026-09-17,2026-09-17,CM,NSE,STK,5279,INE645S01024,ROLEXRINGS,EQ,,,,,ROLEX RINGS LIMITED,168.72,171.01,168.0,169.82,170.0,168.53,,169.82,,,620493,105255137.05,8001,F1,1,,,,,,Cash Only,Unclassified,False,169.60999999999999,169.505,169.71499999999997,169.71499999999997,169.505,0.20999999999997954,0.12366034624895746,Narrow,Bullish,Above CPR,True,False,0.11666666666666667,60,219071280.185,Higher,True,Risk On,True,6.550714285714286,162.3416,153.09310000000002,0.03205757278377182,0.4804606836693279,True,True,No setup,Neutral,0,Not applicable,No directional setup; confirmation score not applicable.,Narrow CPR,Not applicable,Not applicable,Narrow CPR; Wide CPR rules not applied,0,0,0,0
2026-09-17,2026-09-17,CM,NSE,STK,762432,INE25E901019,OMPOWER,EQ,,,,,OM POWER TRANSMISSION LTD,165.92,170.0,164.02,166.7,165.55,164.82,,166.71,,,136884,22750016.53,1629,F1,1,,,,,,Cash Only,Unclassified,False,166.90666666666667,167.01,166.80333333333334,167.01,166.80333333333334,0.20666666666664923,0.12397520495899775,Narrow,Bearish,Below CPR,False,True,0.11666666666666667,60,16893851.95,Higher,True,Risk On,True,6.805714285714286,169.30540000000002,,0.030366638678978684,1.346644720063384,False,False,No setup,Neutral,0,Not applicable,No directional setup; confirmation score not applicable.,Narrow CPR,Not applicable,Not applicable,Narrow CPR; Wide CPR rules not applied,0,0,0,0
2026-09-17,2026-09-17,CM,NSE,STK,18359,INE149K01016,SANDUMA,EQ,,,,,SANDUR MANG & IRON ORES L,180.6,183.78,180.6,182.53,183.2,180.6,,182.53,,,389388,71091170.78,8446,F1,1,,,,,,Cash Only,Unclassified,False,182.3033333333333,182.19,182.41666666666663,182.41666666666663,182.19,0.22666666666663104,0.1241805000091114,Narrow,Bullish,Above CPR,True,False,0.16666666666666666,60,116029766.75,Higher,True,Risk On,True,5.585714285714291,200.6064,209.38639999999998,0.04057971014492112,0.6126976962142346,False,False,No setup,Neutral,0,Not applicable,No directional setup; confirmation score not applicable.,Narrow CPR,Not applicable,Not applicable,Narrow CPR; Wide CPR rules not applied,0,0,0,0
2026-09-17,2026-09-17,CM,NSE,STK,11432,INE798K01010,KRITINUT,EQ,,,,,KRITI NUTRIENTS LIMITED,79.9,81.5,79.1,80.45,80.84,80.3,,80.45,,,3370,271932.84,74,F1,1,,,,,,Cash Only,Unclassified,False,80.35000000000001,80.3,80.40000000000002,80.40000000000002,80.3,0.10000000000002274,0.12430080795527998,Narrow,Bullish,Above CPR,True,False,0.08333333333333333,60,1330265.74,Higher,True,Risk On,True,3.6149999999999998,81.87020000000001,75.0534,0.027662517289079598,0.2044199379290938,False,True,No setup,Neutral,0,Not applicable,No directional setup; confirmation score not applicable.,Narrow CPR,Not applicable,Not applicable,Narrow CPR; Wide CPR rules not applied,0,0,0,0
2026-09-17,2026-09-17,CM,NSE,STK,11723,INE019A01038,JSWSTEEL,EQ,,,,,JSW STEEL LIMITED,1248.9,1260.0,1242.1,1253.4,1253.4,1248.9,,1253.4,,,1351578,1690252268.8,27394,F1,1,,,,,,F&O + Cash,Metals & Mining,True,1251.8333333333333,1251.05,1252.6166666666666,1252.6166666666666,1251.05,1.566666666666606,0.12499335141747295,Narrow,Bullish,Above CPR,True,False,0.25,60,1872805481.35,Higher,True,Risk On,True,26.085714285714307,1280.276,1275.844,0.06005841548009985,0.9025241999941138,False,False,No setup,Neutral,0,Not applicable,No directional setup; confirmation score not applicable.,Narrow CPR,Not applicable,Not applicable,Narrow CPR; Wide CPR rules not applied,0,0,0,0
2026-09-17,2026-09-17,CM,NSE,STK,23650,INE414G01012,MUTHOOTFIN,EQ,,,,,MUTHOOT FINANCE LIMITED,2761.0,2790.0,2740.0,2770.2,2770.2,2771.4,,2770.2,,,829940,2298811274.2,74703,F1,1,,,,,,F&O + Cash,Financial Services,True,2766.7333333333336,2765.0,2768.466666666667,2768.466666666667,2765.0,3.4666666666671517,0.12514138570020764,Narrow,Bullish,Above CPR,True,False,0.11666666666666667,60,2531357513.6499996,Inside,True,Risk On,True,74.86428571428567,2959.5460000000003,3098.1969999999997,0.04630601405718934,0.908133782685367,False,False,No setup,Neutral,0,Not applicable,No directional setup; confirmation score not applicable.,Narrow CPR,Not applicable,Not applicable,Narrow CPR; Wide CPR rules not applied,0,0,0,0
2026-09-17,2026-09-17,CM,NSE,STK,1576,INE322A01010,GILLETTE,EQ,,,,,GILLETTE INDIA LTD,7275.5,7348.5,7238.0,7307.0,7337.0,7275.5,,7307.0,,,26121,190659196.0,4029,F1,1,,,,,,Cash Only,Fast Moving Consumer Goods,True,7297.833333333333,7293.25,7302.416666666666,7302.416666666666,7293.25,9.16666666666606,0.12545048127365624,Narrow,Bullish,Above CPR,True,False,0.18333333333333332,60,107877476.25,Higher,True,Risk On,True,122.5,7594.75,7707.395,0.07482993197278416,1.7673679680655303,False,False,No setup,Neutral,0,Not applicable,No directional setup; confirmation score not applicable.,Narrow CPR,Not applicable,Not applicable,Narrow CPR; Wide CPR rules not applied,0,0,0,0
2026-09-17,2026-09-17,CM,NSE,STK,13192,INE265F01028,ENIL,EQ,,,,,ENTERTAIN NET. IND. LTD.,101.0,101.97,100.11,100.85,100.51,100.34,,100.85,,,4332,437534.87,142,F1,1,,,,,,Cash Only,Unclassified,False,100.97666666666665,101.03999999999999,100.9133333333333,101.03999999999999,100.9133333333333,0.12666666666669357,0.1255990745331617,Narrow,Bearish,Below CPR,False,True,0.06666666666666667,60,1888158.58,Overlapping,True,Risk On,True,3.519285714285714,103.91040000000001,107.9482,0.03599215208714654,0.23172570070888854,False,False,No setup,Neutral,0,Not applicable,No directional setup; confirmation score not applicable.,Narrow CPR,Not applicable,Not applicable,Narrow CPR; Wide CPR rules not applied,0,0,0,0
2026-09-17,2026-09-17,CM,NSE,STK,16921,INE144J01027,20MICRONS,EQ,,,,,20 MICRONS LTD,203.96,208.97,203.23,205.71,205.0,203.23,,205.72,,,56895,11751998.69,2138,F1,1,,,,,,Cash Only,Unclassified,False,205.97,206.1,205.84,206.1,205.84,0.2599999999999909,0.12639152204559373,Narrow,Bearish,Below CPR,False,True,0.2,60,31071195.854999997,Higher,True,Risk On,True,9.136428571428576,204.32319999999999,195.2092,0.0284575091861455,0.3782280780193679,True,True,No setup,Neutral,0,Not applicable,No directional setup; confirmation score not applicable.,Narrow CPR,Not applicable,Not applicable,Narrow CPR; Wide CPR rules not applied,0,0,0,0
2026-09-17,2026-09-17,CM,NSE,STK,15271,INE792I01017,CORDSCABLE,EQ,,,,,CORDS CABLE INDUS LTD.,351.7,369.0,340.25,355.3,355.2,348.25,,355.06,,,101846,36456679.75,3593,F1,1,,,,,,Cash Only,Unclassified,False,354.84999999999997,354.625,355.07499999999993,355.07499999999993,354.625,0.4499999999999318,0.12665353222626846,Narrow,Bullish,Above CPR,True,False,0.11666666666666667,60,9888235.175,Higher,True,Risk On,True,38.165,228.71539999999996,194.6776,0.011790907899906507,3.6868742606538984,True,True,No setup,Neutral,0,Not applicable,No directional setup; confirmation score not applicable.,Narrow CPR,Not applicable,Not applicable,Narrow CPR; Wide CPR rules not applied,0,0,0,0
2026-09-17,2026-09-17,CM,NSE,STK,15259,INE614G01033,RPOWER,EQ,,,,,RELIANCE POWER LTD.,20.88,21.4,20.78,21.05,21.03,20.78,,21.05,,,14286289,301427257.07,26810,F1,1,,,,,,Cash Only,Power,True,21.076666666666668,21.09,21.063333333333336,21.09,21.063333333333336,0.02666666666666373,0.12668250197940015,Narrow,Bearish,Below CPR,False,True,0.13333333333333333,60,410942637.17999995,Higher,True,Risk On,True,0.6121428571428561,23.14,25.0887,0.04356281602488831,0.733502026313151,False,False,No setup,Neutral,0,Not applicable,No directional setup; confirmation score not applicable.,Narrow CPR,Not applicable,Not applicable,Narrow CPR; Wide CPR rules not applied,0,0,0,0
2026-09-17,2026-09-17,CM,NSE,STK,1008,INE188A01015,FACT,EQ,,,,,FACT LTD,748.0,775.0,747.5,759.8,759.8,749.0,,759.85,,,147229,112153966.4,9331,F1,1,,,,,,Cash Only,Chemicals,True,760.7666666666668,761.25,760.2833333333335,761.25,760.2833333333335,0.9666666666664696,0.12722646310429978,Narrow,Bearish,Below CPR,False,True,0.23333333333333334,60,87365394.725,Higher,True,Risk On,True,20.535714285714302,816.5980000000001,853.6389999999999,0.04707246376810631,1.2837344437466,False,False,No setup,Neutral,0,Not applicable,No directional setup; confirmation score not applicable.,Narrow CPR,Not applicable,Not applicable,Narrow CPR; Wide CPR rules not applied,0,0,0,0
2026-09-17,2026-09-17,CM,NSE,STK,764678,INE130L01014,ENKEIWHEL,EQ,,,,,ENKEI WHEELS (INDIA) LTD.,399.9,401.8,384.9,392.6,399.0,390.2,,392.46,,,1848,720406.25,180,F1,1,,,,,,Cash Only,Unclassified,False,393.1000000000001,393.35,392.85000000000014,393.35,392.85000000000014,0.4999999999998863,0.12735608762095932,Narrow,Bearish,Below CPR,False,True,0.08695652173913043,23,1048419.8,Overlapping,True,Risk On,True,18.075,,,0.027662517289067018,0.6871352963765087,False,False,No setup,Neutral,0,Not applicable,No directional setup; confirmation score not applicable.,Narrow CPR,Not applicable,Not applicable,Narrow CPR; Wide CPR rules not applied,0,0,0,0
2026-09-17,2026-09-17,CM,NSE,STK,20092,INE488B01017,TASTYBITE,EQ,,,,,TASTY BITE EATABLES LTD,9900.0,10058.0,9868.0,9944.0,10000.0,9936.0,,9939.25,,,2447,24454260.0,636,F1,1,,,,,,Cash Only,Unclassified,False,9956.666666666666,9963.0,9950.333333333332,9963.0,9950.333333333332,12.66666666666788,0.127379994636644,Narrow,Bearish,Below CPR,False,True,0.11666666666666667,60,31800549.25,Overlapping,True,Risk On,True,334.2142857142857,9563.73,8731.5,0.03789983614732855,0.7689886048115977,True,True,No setup,Neutral,0,Not applicable,No directional setup; confirmation score not applicable.,Narrow CPR,Not applicable,Not applicable,Narrow CPR; Wide CPR rules not applied,0,0,0,0
2026-09-17,2026-09-17,CM,NSE,STK,756802,INE0BYP01024,OSWALPUMPS,EQ,,,,,OSWAL PUMPS LIMITED,269.85,278.2,269.45,273.3,274.8,269.85,,273.3,,,309066,84765290.6,7034,F1,1,,,,,,Cash Only,Unclassified,False,273.65000000000003,273.825,273.4750000000001,273.825,273.4750000000001,0.34999999999990905,0.12806439809729567,Narrow,Bearish,Below CPR,False,True,0.18333333333333332,60,163020741.5,Higher,True,Risk On,True,9.617857142857146,322.98400000000004,361.95550000000003,0.036390642406228926,0.5199662927554528,False,False,No setup,Neutral,0,Not applicable,No directional setup; confirmation score not applicable.,Narrow CPR,Not applicable,Not applicable,Narrow CPR; Wide CPR rules not applied,0,0,0,0
2026-09-17,2026-09-17,CM,NSE,STK,758448,INE0GV601021,ALLTIME,EQ,,,,,ALL TIME PLASTICS LIMITED,206.5,211.5,205.32,208.01,211.48,206.42,,208.02,,,32467,6775344.18,1041,F1,1,,,,,,Cash Only,Unclassified,False,208.27666666666664,208.41,208.1433333333333,208.41,208.1433333333333,0.26666666666670835,0.12819896479337933,Narrow,Bearish,Below CPR,False,True,0.13333333333333333,60,12776385.095,Higher,True,Risk On,True,9.699999999999998,218.4048,229.24800000000002,0.02749140893471221,0.5303021261195008,False,False,No setup,Neutral,0,Not applicable,No directional setup; confirmation score not applicable.,Narrow CPR,Not applicable,Not applicable,Narrow CPR; Wide CPR rules not applied,0,0,0,0
2026-09-17,2026-09-17,CM,NSE,STK,11956,INE474Q01031,MEDANTA,EQ,,,,,GLOBAL HEALTH LIMITED,1409.5,1438.3,1404.2,1424.0,1425.0,1404.6,,1423.96,,,152324,216669196.3,15540,F1,1,,,,,,Cash Only,Healthcare,True,1422.1666666666667,1421.25,1423.0833333333335,1423.0833333333335,1421.25,1.833333333333485,0.12874531835207056,Narrow,Bullish,Above CPR,True,False,0.23333333333333334,60,303114013.5,Higher,True,Risk On,True,49.17142857142859,1411.856,1325.0665000000001,0.037284524501262024,0.7148108851786887,True,True,No setup,Neutral,0,Not applicable,No directional setup; confirmation score not applicable.,Narrow CPR,Not applicable,Not applicable,Narrow CPR; Wide CPR rules not applied,0,0,0,0
2026-09-17,2026-09-17,CM,NSE,STK,13839,INE668D01028,DONEAR,EQ,,,,,DONEAR IND. LIMITED,82.31,83.74,82.2,82.81,82.9,82.06,,82.77,,,4764,393769.54,111,F1,1,,,,,,Cash Only,Unclassified,False,82.91666666666667,82.97,82.86333333333334,82.97,82.86333333333334,0.10666666666665492,0.12880892001769703,Narrow,Bearish,Below CPR,False,True,0.2,60,1046538.685,Higher,True,Risk On,True,3.3214285714285685,85.36660000000002,87.8734,0.03211469534049828,0.37625894354779627,False,False,No setup,Neutral,0,Not applicable,No directional setup; confirmation score not applicable.,Narrow CPR,Not applicable,Not applicable,Narrow CPR; Wide CPR rules not applied,0,0,0,0
2026-09-17,2026-09-17,CM,NSE,STK,9288,INE00Z501029,KRITIKA,EQ,,,,,KRITIKA WIRES LIMITED,5.11,5.25,5.11,5.17,5.18,5.17,,5.17,,,70621,364722.54,335,F1,1,,,,,,Cash Only,Unclassified,False,5.176666666666667,5.18,5.173333333333334,5.18,5.173333333333334,0.0066666666666659324,0.12894906511926368,Narrow,Bearish,Below CPR,False,True,0.18333333333333332,60,593297.665,Overlapping,True,Risk On,True,0.21785714285714278,5.5444,5.800700000000001,0.030601092896171505,0.6147378651827324,False,False,No setup,Neutral,0,Not applicable,No directional setup; confirmation score not applicable.,Narrow CPR,Not applicable,Not applicable,Narrow CPR; Wide CPR rules not applied,0,0,0,0
2026-09-17,2026-09-17,CM,NSE,STK,1038,INE235A01022,FINCABLES,EQ,,,,,FINOLEX CABLES LTD,1362.5,1428.5,1357.7,1395.8,1389.0,1362.6,,1395.76,,,1123026,1573638279.1,59066,F1,1,,,,,,Cash Only,Capital Goods,True,1394.0,1393.1,1394.9,1394.9,1393.1,1.800000000000182,0.12895830348188725,Narrow,Bullish,Above CPR,True,False,0.18333333333333332,60,451205005.15,Higher,True,Risk On,True,75.9857142857143,1165.3490000000002,1118.766,0.023688663282574303,3.487634802669919,True,True,No setup,Neutral,0,Not applicable,No directional setup; confirmation score not applicable.,Narrow CPR,Not applicable,Not applicable,Narrow CPR; Wide CPR rules not applied,0,0,0,0
2026-09-17,2026-09-17,CM,NSE,STK,7030,INE276G01015,ASIANENE,EQ,,,,,ASIAN ENERGY SERVICES LTD,493.1,496.25,478.05,486.2,489.0,494.1,,486.2,,,272757,132794753.15,12200,F1,1,,,,,,Cash Only,Unclassified,False,486.8333333333333,487.15,486.51666666666665,487.15,486.51666666666665,0.6333333333333258,0.13026189496777577,Narrow,Bearish,Below CPR,False,True,0.08333333333333333,60,132316710.975,Inside,True,Risk On,True,33.160714285714285,430.33,386.1763,0.019098905043977515,1.0036128631937529,True,True,No setup,Neutral,0,Not applicable,No directional setup; confirmation score not applicable.,Narrow CPR,Not applicable,Not applicable,Narrow CPR; Wide CPR rules not applied,0,0,0,0
2026-09-17,2026-09-17,CM,NSE,STK,6066,INE399L01023,ATGL,EQ,,,,,ADANI TOTAL GAS LIMITED,589.7,589.7,582.0,587.0,589.0,586.5,,586.99,,,373871,219080919.25,17049,F1,1,,,,,,Cash Only,Oil Gas & Consumable Fuels,True,586.2333333333333,585.85,586.6166666666667,586.6166666666667,585.85,0.7666666666666515,0.13060760931288784,Narrow,Bullish,Above CPR,True,False,0.16666666666666666,60,492730640.175,Lower,True,Risk On,True,15.032142857142876,651.989,671.538,0.0510018214936237,0.44462613319965333,False,False,No setup,Neutral,0,Not applicable,No directional setup; confirmation score not applicable.,Narrow CPR,Not applicable,Not applicable,Narrow CPR; Wide CPR rules not applied,0,0,0,0
2026-09-17,2026-09-17,CM,NSE,STK,14947,INE338I01027,MOTILALOFS,EQ,,,,,MOTILAL OSWAL FIN LTD,976.5,1004.8,976.5,988.7,988.7,976.5,,988.69,,,819010,813906676.3,29067,F1,1,,,,,,F&O + Cash,Financial Services,True,990.0,990.65,989.35,990.65,989.35,1.2999999999999545,0.13148578942044647,Narrow,Bearish,Below CPR,False,True,0.13333333333333333,60,691321857.675,Higher,True,Risk On,True,30.01428571428571,954.415,918.2275,0.043312708234172693,1.1773194601965395,True,True,No setup,Neutral,0,Not applicable,No directional setup; confirmation score not applicable.,Narrow CPR,Not applicable,Not applicable,Narrow CPR; Wide CPR rules not applied,0,0,0,0
2026-09-17,2026-09-17,CM,NSE,STK,764945,INE692C01020,TANAA,EQ,,,,,TANEJA AEROSPACE & AVIA L,263.2,269.95,263.2,266.05,266.5,263.2,,266.05,,,4382,1168131.25,398,F1,1,,,,,,Cash Only,Unclassified,False,266.40000000000003,266.575,266.2250000000001,266.575,266.2250000000001,0.34999999999990905,0.13155421913170795,Narrow,Bearish,Below CPR,False,True,0.08695652173913043,23,2588214.75,Higher,True,Risk On,True,13.039285714285707,,,0.02684196110653919,0.4513270199082205,False,False,No setup,Neutral,0,Not applicable,No directional setup; confirmation score not applicable.,Narrow CPR,Not applicable,Not applicable,Narrow CPR; Wide CPR rules not applied,0,0,0,0
2026-09-17,2026-09-17,CM,NSE,STK,8828,INE036B01030,GAEL,EQ,,,,,GUJARAT AMBUJA EXPORTS LT,157.16,161.7,156.49,159.41,159.7,157.16,,159.41,,,360816,57699117.23,10550,F1,1,,,,,,Cash Only,Unclassified,False,159.20000000000002,159.095,159.30500000000004,159.30500000000004,159.095,0.21000000000003638,0.13173577567281625,Narrow,Bullish,Above CPR,True,False,0.08333333333333333,60,145083489.54,Higher,True,Risk On,True,5.726428571428569,164.8386,162.2722,0.0366720718473308,0.3976959570860898,False,False,No setup,Neutral,0,Not applicable,No directional setup; confirmation score not applicable.,Narrow CPR,Not applicable,Not applicable,Narrow CPR; Wide CPR rules not applied,0,0,0,0
2026-09-17,2026-09-17,CM,NSE,STK,759747,INE719F01016,SHIVAUM,EQ,,,,,SHIV AUM STEELS LIMITED,468.15,469.95,468.0,468.05,468.05,469.0,,468.05,,,439,205513.4,14,F1,1,,,,,,Cash Only,Unclassified,False,468.6666666666667,468.975,468.35833333333335,468.975,468.35833333333335,0.6166666666666742,0.13175230566535076,Narrow,Bearish,Below CPR,False,True,0.08333333333333333,60,1022678.875,Lower,True,Risk On,True,18.642857142857135,435.43600000000004,390.4965,0.03307790549169901,0.20095594523745294,True,True,No setup,Neutral,0,Not applicable,No directional setup; confirmation score not applicable.,Narrow CPR,Not applicable,Not applicable,Narrow CPR; Wide CPR rules not applied,0,0,0,0
2026-09-17,2026-09-17,CM,NSE,STK,9362,INE278Y01022,CAMPUS,EQ,,,,,CAMPUS ACTIVEWEAR LIMITED,211.47,213.12,210.0,211.98,211.75,211.47,,211.98,,,269576,56965193.55,13727,F1,1,,,,,,Cash Only,Unclassified,False,211.70000000000002,211.56,211.84000000000003,211.84000000000003,211.56,0.28000000000002956,0.13208793282386525,Narrow,Bullish,Above CPR,True,False,0.26666666666666666,60,91051096.315,Higher,True,Risk On,False,4.516428571428577,221.97639999999998,231.32730000000004,0.06199588802784136,0.6256398424124785,False,False,No setup,Neutral,0,Not applicable,No directional setup; confirmation score not applicable.,Narrow CPR,Not applicable,Not applicable,Narrow CPR; Wide CPR rules not applied,0,0,0,0
2026-09-17,2026-09-17,CM,NSE,STK,1181,INE260B01028,GODFRYPHLP,EQ,,,,,GODFREY PHILLIPS INDIA LT,1941.4,1948.8,1929.5,1943.0,1943.0,1934.0,,1942.96,,,99720,193476657.1,8179,F1,1,,,,,,F&O + Cash,Fast Moving Consumer Goods,True,1940.4333333333334,1939.15,1941.7166666666667,1941.7166666666667,1939.15,2.566666666666606,0.13209813003945478,Narrow,Bullish,Above CPR,True,False,0.18333333333333332,60,397503418.8,Higher,True,Risk On,True,41.65714285714286,2109.692,2185.351,0.06161408321902003,0.4867295423120522,False,False,No setup,Neutral,0,Not applicable,No directional setup; confirmation score not applicable.,Narrow CPR,Not applicable,Not applicable,Narrow CPR; Wide CPR rules not applied,0,0,0,0
2026-09-17,2026-09-17,CM,NSE,STK,368,INE373A01013,BASF,EQ,,,,,BASF INDIA LTD,3579.0,3630.5,3558.4,3601.6,3630.0,3558.4,,3601.5,,,16853,60577603.2,3672,F1,1,,,,,,Cash Only,Unclassified,False,3596.8333333333335,3594.45,3599.216666666667,3599.216666666667,3594.45,4.766666666667334,0.13234858581373093,Narrow,Bullish,Above CPR,True,False,0.1,60,63505701.65,Higher,True,Risk On,True,90.30714285714294,3804.5380000000005,3694.397,0.05278283107912886,0.9538923533805252,False,False,No setup,Neutral,0,Not applicable,No directional setup; confirmation score not applicable.,Narrow CPR,Not applicable,Not applicable,Narrow CPR; Wide CPR rules not applied,0,0,0,0
2026-09-17,2026-09-17,CM,NSE,STK,22566,INE0NLT01010,BLSE,EQ,,,,,BLS E-SERVICES LIMITED,314.0,319.45,310.8,314.5,314.7,313.55,,314.5,,,116886,36935674.8,3694,F1,1,,,,,,Cash Only,Unclassified,False,314.9166666666667,315.125,314.70833333333337,315.125,314.70833333333337,0.41666666666662877,0.1324854266030616,Narrow,Bearish,Below CPR,False,True,0.1,60,127721787.975,Higher,True,Risk On,True,10.328571428571422,302.69259999999997,260.9653,0.0403411710465616,0.28918851971622656,True,True,No setup,Neutral,0,Not applicable,No directional setup; confirmation score not applicable.,Narrow CPR,Not applicable,Not applicable,Narrow CPR; Wide CPR rules not applied,0,0,0,0
2026-09-17,2026-09-17,CM,NSE,STK,764838,INE418E01018,PERMAGN,EQ,,,,,PERMANENT MAGNETS LTD.,830.5,842.65,818.05,828.7,830.3,834.8,,828.16,,,2968,2457354.5,331,F1,1,,,,,,Cash Only,Unclassified,False,829.7999999999998,830.3499999999999,829.2499999999998,830.3499999999999,829.2499999999998,1.1000000000001364,0.13273802341017693,Narrow,Bearish,Below CPR,False,True,0.21739130434782608,23,2794952.85,Lower,True,Risk On,True,32.70357142857143,,,0.03363547013214352,0.8792114328511839,False,False,No setup,Neutral,0,Not applicable,No directional setup; confirmation score not applicable.,Narrow CPR,Not applicable,Not applicable,Narrow CPR; Wide CPR rules not applied,0,0,0,0
2026-09-17,2026-09-17,CM,NSE,STK,1338,INE480C01038,SDBL,EQ,,,,,SOM DIST & BREW LTD,67.3,68.84,67.03,67.8,67.7,67.29,,67.81,,,226418,15353345.74,2889,F1,1,,,,,,Cash Only,Unclassified,False,67.89,67.935,67.845,67.935,67.845,0.09000000000000341,0.13274336283186344,Narrow,Bearish,Below CPR,False,True,0.15,60,33455393.869999997,Higher,True,Risk On,True,2.4392857142857145,71.6198,75.7383,0.03689604685212438,0.45891989195104343,False,False,No setup,Neutral,0,Not applicable,No directional setup; confirmation score not applicable.,Narrow CPR,Not applicable,Not applicable,Narrow CPR; Wide CPR rules not applied,0,0,0,0
2026-09-17,2026-09-17,CM,NSE,STK,5428,INE948A01012,TRIGYN,EQ,,,,,TRIGYN TECHNOLOGIES LTD,54.19,56.39,54.19,55.18,55.64,53.95,,55.18,,,14714,814677.12,367,F1,1,,,,,,Cash Only,Unclassified,False,55.25333333333333,55.29,55.21666666666666,55.29,55.21666666666666,0.07333333333333769,0.13289839313761814,Narrow,Bearish,Below CPR,False,True,0.2,60,1784529.5899999999,Higher,True,Risk On,True,3.575,55.845,56.08070000000001,0.02051282051282173,0.4565220574459626,False,False,No setup,Neutral,0,Not applicable,No directional setup; confirmation score not applicable.,Narrow CPR,Not applicable,Not applicable,Narrow CPR; Wide CPR rules not applied,0,0,0,0
2026-09-17,2026-09-17,CM,NSE,STK,758680,INE0MHO01029,REGAAL,EQ,,,,,REGAAL RESOURCES LIMITED,80.99,81.47,79.01,80.08,79.1,80.59,,80.08,,,176752,14150596.25,1292,F1,1,,,,,,Cash Only,Unclassified,False,80.18666666666667,80.24000000000001,80.13333333333333,80.24000000000001,80.13333333333333,0.10666666666668334,0.133200133200154,Narrow,Bearish,Below CPR,False,True,0.15,60,32982889.71,Overlapping,True,Risk On,True,3.72357142857143,85.5828,75.783,0.028646332885738847,0.4290283954625636,False,True,No setup,Neutral,0,Not applicable,No directional setup; confirmation score not applicable.,Narrow CPR,Not applicable,Not applicable,Narrow CPR; Wide CPR rules not applied,0,0,0,0
2026-09-17,2026-09-17,CM,NSE,STK,12018,INE040H01021,SUZLON,EQ,,,,,SUZLON ENERGY LIMITED,42.01,42.9,42.01,42.54,42.54,42.15,,42.54,,,31153614,1326555963.24,72763,F1,1,,,,,,F&O + Cash,Capital Goods,True,42.48333333333333,42.455,42.511666666666656,42.511666666666656,42.455,0.05666666666665776,0.13320796113459746,Narrow,Bullish,Above CPR,True,False,0.2,60,2395765567.3149996,Higher,True,Risk On,True,1.1649999999999996,48.20139999999999,51.8605,0.04864091559369767,0.5537085854050018,False,False,No setup,Neutral,0,Not applicable,No directional setup; confirmation score not applicable.,Narrow CPR,Not applicable,Not applicable,Narrow CPR; Wide CPR rules not applied,0,0,0,0
2026-09-17,2026-09-17,CM,NSE,STK,762163,INE0LZF01039,CORDELIA,EQ,,,,,WATERWAYS LEISURE TOUR L,108.19,111.88,107.04,109.68,109.22,108.19,,109.68,,,1309194,143680324.03,15398,F1,1,,,,,,Cash Only,Unclassified,False,109.53333333333335,109.46000000000001,109.60666666666668,109.60666666666668,109.46000000000001,0.14666666666667538,0.13372234378799724,Narrow,Bullish,Above CPR,True,False,0.10714285714285714,56,265916222.95999998,Inside,True,Risk On,True,5.314999999999997,594.5514,,0.027594857322046185,0.5403217691295686,False,False,No setup,Neutral,0,Not applicable,No directional setup; confirmation score not applicable.,Narrow CPR,Not applicable,Not applicable,Narrow CPR; Wide CPR rules not applied,0,0,0,0
2026-09-17,2026-09-17,CM,NSE,STK,14766,INE945H01021,V2RETAIL,EQ,,,,,V2 RETAIL LIMITED,209.0,212.9,208.75,210.4,210.01,209.18,,210.4,,,465833,98274219.86,14739,F1,1,,,,,,Cash Only,Unclassified,False,210.6833333333333,210.825,210.54166666666663,210.825,210.54166666666663,0.28333333333335986,0.1346641318124334,Narrow,Bearish,Below CPR,False,True,0.21666666666666667,60,195273379.485,Higher,True,Risk On,True,5.805714285714283,219.7008,223.45,0.048802493438324795,0.5032648081329947,False,False,No setup,Neutral,0,Not applicable,No directional setup; confirmation score not applicable.,Narrow CPR,Not applicable,Not applicable,Narrow CPR; Wide CPR rules not applied,0,0,0,0
2026-09-17,2026-09-17,CM,NSE,STK,312,INE974X01010,TIINDIA,EQ,,,,,TUBE INVEST OF INDIA LTD,2566.0,2626.6,2560.4,2598.8,2598.8,2566.6,,2598.81,,,199703,519107926.2,18607,F1,1,,,,,,F&O + Cash,Automobile and Auto Components,True,2595.266666666667,2593.5,2597.0333333333338,2597.0333333333338,2593.5,3.5333333333337578,0.13596018675287663,Narrow,Bullish,Above CPR,True,False,0.15,60,617988385.6500001,Higher,True,Risk On,True,68.9142857142857,2797.982,2922.902,0.05127142067441192,0.8399962495314574,False,False,No setup,Neutral,0,Not applicable,No directional setup; confirmation score not applicable.,Narrow CPR,Not applicable,Not applicable,Narrow CPR; Wide CPR rules not applied,0,0,0,0
2026-09-17,2026-09-17,CM,NSE,STK,16913,INE025R01021,ARTEMISMED,EQ,,,,,ARTEMIS MED SERVICE LTD,324.9,338.8,324.25,330.85,331.9,325.25,,330.86,,,283121,94376576.8,13763,F1,1,,,,,,Cash Only,Unclassified,False,331.3,331.525,331.07500000000005,331.525,331.07500000000005,0.4499999999999318,0.13601329907811144,Narrow,Bearish,Below CPR,False,True,0.15,60,64143351.05,Higher,True,Risk On,True,14.75357142857143,308.18600000000004,286.8528,0.030501089324614112,1.4713384201962427,True,True,No setup,Neutral,0,Not applicable,No directional setup; confirmation score not applicable.,Narrow CPR,Not applicable,Not applicable,Narrow CPR; Wide CPR rules not applied,0,0,0,0
2026-09-17,2026-09-17,CM,NSE,STK,19184,INE916U01025,SFL,EQ,,,,,SHEELA FOAM LIMITED,663.8,679.45,663.8,673.0,675.3,663.05,,672.96,,,68845,46258588.1,8144,F1,1,,,,,,Cash Only,Unclassified,False,672.0833333333334,671.625,672.5416666666667,672.5416666666667,671.625,0.9166666666667425,0.1362060425953555,Narrow,Bullish,Above CPR,True,False,0.23333333333333334,60,112705758.67500001,Higher,True,Risk On,True,22.692857142857154,708.6579999999999,675.405,0.04039450215087941,0.4104367748713883,False,False,No setup,Neutral,0,Not applicable,No directional setup; confirmation score not applicable.,Narrow CPR,Not applicable,Not applicable,Narrow CPR; Wide CPR rules not applied,0,0,0,0
2026-09-17,2026-09-17,CM,NSE,STK,4911,INE414A01015,MADRASFERT,EQ,,,,,MADRAS FERTILISERS LTD,61.2,61.75,60.32,61.16,61.4,60.27,,61.15,,,39547,2418535.47,795,F1,1,,,,,,Cash Only,Unclassified,False,61.07666666666666,61.035,61.118333333333325,61.118333333333325,61.035,0.0833333333333286,0.13625463265750262,Narrow,Bullish,Above CPR,True,False,0.13333333333333333,60,3181773.385,Higher,True,Risk On,True,1.822142857142857,65.962,67.30930000000001,0.04573369920292436,0.7601218494698045,False,False,No setup,Neutral,0,Not applicable,No directional setup; confirmation score not applicable.,Narrow CPR,Not applicable,Not applicable,Narrow CPR; Wide CPR rules not applied,0,0,0,0
2026-09-17,2026-09-17,CM,NSE,STK,762573,INE213D01015,BEEKAY,EQ,,,,,BEEKAY STEEL INDS. LTD.,426.0,435.8,419.05,426.55,425.0,431.8,,426.55,,,1515,643408.2,92,F1,1,,,,,,Cash Only,Unclassified,False,427.1333333333334,427.425,426.84166666666675,427.425,426.84166666666675,0.5833333333332575,0.13675614425817784,Narrow,Bearish,Below CPR,False,True,0.16666666666666666,60,805120.8,Lower,True,Risk On,True,20.79999999999999,414.035,412.19300000000004,0.028044871794868163,0.7991449233456643,True,True,No setup,Neutral,0,Not applicable,No directional setup; confirmation score not applicable.,Narrow CPR,Not applicable,Not applicable,Narrow CPR; Wide CPR rules not applied,0,0,0,0
2026-09-17,2026-09-17,CM,NSE,STK,18321,INE337A01034,LGBBROSLTD,EQ,,,,,LG BALAKRISHNAN & BROS,1702.1,1745.9,1698.2,1718.5,1716.2,1706.7,,1718.51,,,30530,52618533.4,4205,F1,1,,,,,,Cash Only,Unclassified,False,1720.8666666666668,1722.0500000000002,1719.6833333333334,1722.0500000000002,1719.6833333333334,2.366666666666788,0.1377170012607965,Narrow,Bearish,Below CPR,False,True,0.16666666666666666,60,35232776.35,Higher,True,Risk On,True,41.450000000000045,1612.642,1601.04,0.057096903900284324,1.4934540746176534,True,True,No setup,Neutral,0,Not applicable,No directional setup; confirmation score not applicable.,Narrow CPR,Not applicable,Not applicable,Narrow CPR; Wide CPR rules not applied,0,0,0,0
2026-09-17,2026-09-17,CM,NSE,STK,764880,INE068B01017,SEKURITIND,EQ,,,,,SAINT GOBAIN SEKUR IND L,107.0,109.99,107.0,108.72,109.0,107.25,,108.74,,,14502,1569397.83,276,F1,1,,,,,,Cash Only,Unclassified,False,108.57000000000001,108.495,108.64500000000001,108.64500000000001,108.495,0.15000000000000568,0.13796909492274254,Narrow,Bullish,Above CPR,True,False,0.21739130434782608,23,2421680.76,Higher,True,Risk On,True,3.5242857142857136,,,0.042561815970816375,0.6480614026103094,False,False,No setup,Neutral,0,Not applicable,No directional setup; confirmation score not applicable.,Narrow CPR,Not applicable,Not applicable,Narrow CPR; Wide CPR rules not applied,0,0,0,0
2026-09-17,2026-09-17,CM,NSE,STK,764753,INE953E01022,KSE,EQ,,,,,KSE LTD.,176.25,180.55,174.85,177.33,178.22,176.35,,177.03,,,17970,3197518.07,519,F1,1,,,,,,Cash Only,Unclassified,False,177.57666666666668,177.7,177.45333333333338,177.7,177.45333333333338,0.24666666666661285,0.1391003590292747,Narrow,Bearish,Below CPR,False,True,0.30434782608695654,23,3297309.85,Higher,True,Risk On,False,5.76857142857143,,,0.042760442463256304,0.9697353950524242,False,False,No setup,Neutral,0,Not applicable,No directional setup; confirmation score not applicable.,Narrow CPR,Not applicable,Not applicable,Narrow CPR; Wide CPR rules not applied,0,0,0,0
2026-09-17,2026-09-17,CM,NSE,STK,527,INE094J01016,UTIAMC,EQ,,,,,UTI ASSET MNGMT CO LTD,894.45,902.65,890.1,898.25,900.0,895.2,,898.19,,,36712,32935601.65,6347,F1,1,,,,,,Cash Only,Financial Services,True,897.0,896.375,897.625,897.625,896.375,1.25,0.13915947676036738,Narrow,Bullish,Above CPR,True,False,0.38333333333333336,60,124645557.825,Overlapping,True,Risk On,False,16.410714285714302,910.903,930.2695,0.0761697497279651,0.2642340587559563,False,False,No setup,Neutral,0,Not applicable,No directional setup; confirmation score not applicable.,Narrow CPR,Not applicable,Not applicable,Narrow CPR; Wide CPR rules not applied,0,0,0,0
2026-09-17,2026-09-17,CM,NSE,STK,20086,INE521J01018,CPCAP,EQ,,,,,CP CAPITAL LIMITED,140.77,142.0,139.51,141.05,141.25,140.77,,141.05,,,12304,1732470.75,446,F1,1,,,,,,Cash Only,Unclassified,False,140.85333333333332,140.755,140.95166666666665,140.95166666666665,140.755,0.19666666666665833,0.13943046201110126,Narrow,Bullish,Above CPR,True,False,0.1,60,2277234.145,Overlapping,True,Risk On,True,7.2914285714285745,111.86840000000001,102.44059999999999,0.026972309299894352,0.7607784881514676,True,True,No setup,Neutral,0,Not applicable,No directional setup; confirmation score not applicable.,Narrow CPR,Not applicable,Not applicable,Narrow CPR; Wide CPR rules not applied,0,0,0,0
2026-09-17,2026-09-17,CM,NSE,STK,29598,INE612J01015,REPCOHOME,EQ,,,,,REPCO HOME FINANCE LTD,344.0,350.9,343.15,346.3,345.05,346.7,,346.19,,,73126,25362487.9,3665,F1,1,,,,,,Cash Only,Unclassified,False,346.7833333333333,347.025,346.54166666666663,347.025,346.54166666666663,0.4833333333333485,0.13957069977861636,Narrow,Bearish,Below CPR,False,True,0.2,60,33927794.825,Overlapping,True,Risk On,True,9.310714285714283,375.284,385.6885,0.05191152026595229,0.7475430699466332,False,False,No setup,Neutral,0,Not applicable,No directional setup; confirmation score not applicable.,Narrow CPR,Not applicable,Not applicable,Narrow CPR; Wide CPR rules not applied,0,0,0,0
2026-09-17,2026-09-17,CM,NSE,STK,5097,INE758T01015,ETERNAL,EQ,,,,,ETERNAL LIMITED,318.3,327.8,318.25,322.35,322.35,317.0,,322.59,,,27543143,8942617735.35,143707,F1,1,,,,,,F&O + Cash,Consumer Services,True,322.8,323.025,322.57500000000005,323.025,322.57500000000005,0.4499999999999318,0.13959981386689366,Narrow,Bearish,Below CPR,False,True,0.16666666666666666,60,8491675378.525,Higher,True,Risk On,True,7.903571428571427,311.283,282.905,0.056936285585169874,1.0531040503462261,True,True,No setup,Neutral,0,Not applicable,No directional setup; confirmation score not applicable.,Narrow CPR,Not applicable,Not applicable,Narrow CPR; Wide CPR rules not applied,0,0,0,0
2026-09-17,2026-09-17,CM,NSE,STK,29452,INE943P01029,AGARWALEYE,EQ,,,,,DR AGARWALS HEALTH CARE L,502.1,504.8,493.4,500.15,503.1,505.0,,500.15,,,157311,78476284.1,11590,F1,1,,,,,,Cash Only,Unclassified,False,499.45,499.1,499.79999999999995,499.79999999999995,499.1,0.6999999999999318,0.1399580125962075,Narrow,Bullish,Above CPR,True,False,0.21666666666666667,60,74886656.8,Inside,True,Risk On,True,15.635714285714297,502.135,481.8305,0.04476930105070369,1.047934137447033,False,True,No setup,Neutral,0,Not applicable,No directional setup; confirmation score not applicable.,Narrow CPR,Not applicable,Not applicable,Narrow CPR; Wide CPR rules not applied,0,0,0,0
2026-09-17,2026-09-17,CM,NSE,STK,9539,INE732S01012,SAKAR,EQ,,,,,SAKAR HEALTHCARE LIMITED,1100.0,1163.85,1100.0,1129.55,1127.0,1105.4,,1129.55,,,72715,82673386.8,5977,F1,1,,,,,,Cash Only,Unclassified,False,1131.1333333333332,1131.925,1130.3416666666665,1131.925,1130.3416666666665,1.583333333333485,0.1401738155312722,Narrow,Bearish,Below CPR,False,True,0.1,60,94492000.275,Higher,True,Risk On,True,73.8357142857143,931.452,842.345,0.02144400374061022,0.8749247191232664,True,True,No setup,Neutral,0,Not applicable,No directional setup; confirmation score not applicable.,Narrow CPR,Not applicable,Not applicable,Narrow CPR; Wide CPR rules not applied,0,0,0,0
2026-09-17,2026-09-17,CM,NSE,STK,7109,INE412C01023,JMA,EQ,,,,,JULLUNDUR MOT AGENCY LTD,90.0,91.65,89.31,90.29,89.52,90.3,,90.29,,,9935,897776.44,235,F1,1,,,,,,Cash Only,Unclassified,False,90.41666666666667,90.48,90.35333333333334,90.48,90.35333333333334,0.12666666666666515,0.1402886993760828,Narrow,Bearish,Below CPR,False,True,0.13333333333333333,60,736384.915,Lower,True,Risk On,True,5.490714285714288,89.71600000000001,89.6393,0.023069251116603504,1.219167342666165,True,True,No setup,Neutral,0,Not applicable,No directional setup; confirmation score not applicable.,Narrow CPR,Not applicable,Not applicable,Narrow CPR; Wide CPR rules not applied,0,0,0,0
2026-09-17,2026-09-17,CM,NSE,STK,3834,INE838B01021,BHARATRAS,EQ,,,,,BHARAT RASAYAN LTD,1159.9,1169.9,1153.2,1164.0,1162.0,1157.4,,1163.03,,,5205,6047396.0,1049,F1,1,,,,,,Cash Only,Unclassified,False,1162.3666666666668,1161.5500000000002,1163.1833333333334,1163.1833333333334,1161.5500000000002,1.633333333333212,0.14032073310422785,Narrow,Bullish,Above CPR,True,False,0.15,60,11477273.2,Higher,True,Risk On,True,38.607142857142925,1279.248,1340.154,0.04230650632130421,0.526901808000876,False,False,No setup,Neutral,0,Not applicable,No directional setup; confirmation score not applicable.,Narrow CPR,Not applicable,Not applicable,Narrow CPR; Wide CPR rules not applied,0,0,0,0
2026-09-17,2026-09-17,CM,NSE,STK,764357,INE459N01021,MANIPALHOS,EQ,,,,,MANIPAL HEALTH ENTERPRI L,714.4,734.45,711.7,721.55,723.0,714.6,,721.55,,,615733,445943720.2,20598,F1,1,,,,,,Cash Only,Unclassified,False,722.5666666666666,723.075,722.0583333333332,723.075,722.0583333333332,1.0166666666668789,0.14090037650431417,Narrow,Bearish,Below CPR,False,True,0.12903225806451613,31,1213312960.9,Higher,True,Risk On,True,27.675000000000004,,,0.036735922914792364,0.36754220433713325,False,False,No setup,Neutral,0,Not applicable,No directional setup; confirmation score not applicable.,Narrow CPR,Not applicable,Not applicable,Narrow CPR; Wide CPR rules not applied,0,0,0,0
2026-09-17,2026-09-17,CM,NSE,STK,21238,INE949L01017,AUBANK,EQ,,,,,AU SMALL FINANCE BANK LTD,1026.2,1048.0,1026.2,1039.3,1039.3,1033.2,,1039.3,,,770876,800718049.2,29615,F1,1,,,,,,F&O + Cash,Financial Services,True,1037.8333333333333,1037.1,1038.5666666666666,1038.5666666666666,1037.1,1.466666666666697,0.14112062606241674,Narrow,Bullish,Above CPR,True,False,0.21666666666666667,60,1326559274.3000002,Higher,True,Risk On,True,21.44285714285712,1059.278,1034.9834999999998,0.06839884521430306,0.6036051797402898,False,True,No setup,Neutral,0,Not applicable,No directional setup; confirmation score not applicable.,Narrow CPR,Not applicable,Not applicable,Narrow CPR; Wide CPR rules not applied,0,0,0,0
2026-09-17,2026-09-17,CM,NSE,STK,2431,INE0DD101019,RAILTEL,EQ,,,,,RAILTEL CORP OF IND LTD,254.75,265.65,253.95,259.25,259.75,252.35,,259.25,,,1505311,390325421.5,36276,F1,1,,,,,,Cash Only,Telecommunication,True,259.6166666666666,259.79999999999995,259.4333333333333,259.79999999999995,259.4333333333333,0.36666666666667425,0.14143362262938255,Narrow,Bearish,Below CPR,False,True,0.13333333333333333,60,123272722.525,Higher,True,Risk On,True,6.660714285714279,283.48,301.5674,0.055049151027704496,3.166356786034648,False,False,No setup,Neutral,0,Not applicable,No directional setup; confirmation score not applicable.,Narrow CPR,Not applicable,Not applicable,Narrow CPR; Wide CPR rules not applied,0,0,0,0
2026-09-17,2026-09-17,CM,NSE,STK,18060,INE338H01029,CONCORDBIO,EQ,,,,,CONCORD BIOTECH LIMITED,1446.0,1473.8,1442.2,1461.1,1458.5,1453.8,,1461.12,,,84587,123558554.1,11331,F1,1,,,,,,Cash Only,Healthcare,True,1459.0333333333335,1458.0,1460.066666666667,1460.066666666667,1458.0,2.066666666667061,0.1414459425547232,Narrow,Bullish,Above CPR,True,False,0.2,60,150567565.35,Higher,True,Risk On,True,49.74285714285713,1418.1340000000002,1316.72,0.04154700363776401,0.8206186625438451,True,True,No setup,Neutral,0,Not applicable,No directional setup; confirmation score not applicable.,Narrow CPR,Not applicable,Not applicable,Narrow CPR; Wide CPR rules not applied,0,0,0,0
2026-09-17,2026-09-17,CM,NSE,STK,17520,INE399K01017,RTNPOWER,EQ,,,,,RATTANINDIA POWER LIMITED,7.06,7.09,7.0,7.06,7.08,7.03,,7.06,,,10973501,77230452.18,8783,F1,1,,,,,,Cash Only,Unclassified,False,7.05,7.045,7.055,7.055,7.045,0.009999999999999787,0.141643059490082,Narrow,Bullish,Above CPR,True,False,0.21666666666666667,60,101915874.94999999,Overlapping,True,Risk On,True,0.25571428571428567,8.164000000000001,8.812,0.03910614525139582,0.7577862842063549,False,False,No setup,Neutral,0,Not applicable,No directional setup; confirmation score not applicable.,Narrow CPR,Not applicable,Not applicable,Narrow CPR; Wide CPR rules not applied,0,0,0,0
2026-09-17,2026-09-17,CM,NSE,STK,762685,INE572D01014,FRONTSP,EQ,,,,,FRONTIER SPRINGS LTD.,1195.0,1211.9,1177.8,1197.4,1180.0,1185.8,,1197.85,,,7310,8759115.9,1225,F1,1,,,,,,Cash Only,Unclassified,False,1195.7,1194.85,1196.5500000000002,1196.5500000000002,1194.85,1.7000000000002728,0.14197427760149262,Narrow,Bullish,Above CPR,True,False,0.1,60,18039654.0,Inside,True,Risk On,True,36.6642857142857,1332.2020000000002,1426.1905,0.0463666471848896,0.48554788800273,False,False,No setup,Neutral,0,Not applicable,No directional setup; confirmation score not applicable.,Narrow CPR,Not applicable,Not applicable,Narrow CPR; Wide CPR rules not applied,0,0,0,0
2026-09-17,2026-09-17,CM,NSE,STK,760961,INE212S01015,FRACTAL,EQ,,,,,FRACTAL ANALYTICS LIMITED,742.0,761.8,736.5,750.75,750.65,738.6,,750.79,,,219334,164611082.15,13354,F1,1,,,,,,Cash Only,Unclassified,False,749.6833333333334,749.15,750.2166666666668,750.2166666666668,749.15,1.0666666666668334,0.14208014208016428,Narrow,Bullish,Above CPR,True,False,0.18333333333333332,60,254628542.22500002,Higher,True,Risk On,True,22.089285714285705,820.211,889.0929999999998,0.04828887092428674,0.6464753743299643,False,False,No setup,Neutral,0,Not applicable,No directional setup; confirmation score not applicable.,Narrow CPR,Not applicable,Not applicable,Narrow CPR; Wide CPR rules not applied,0,0,0,0
2026-09-17,2026-09-17,CM,NSE,STK,9046,INE740V01019,AGROPHOS,EQ,,,,,AGRO PHOS INDIA LIMITED,23.1,23.88,22.9,23.44,23.5,23.18,,23.44,,,9662,226100.34,142,F1,1,,,,,,Cash Only,Unclassified,False,23.406666666666666,23.39,23.423333333333332,23.423333333333332,23.39,0.03333333333333144,0.14220705346984402,Narrow,Bullish,Above CPR,True,False,0.08333333333333333,60,428448.405,Inside,True,Risk On,True,1.7464285714285714,27.2344,29.1342,0.019086571233809413,0.5277189443615736,False,False,No setup,Neutral,0,Not applicable,No directional setup; confirmation score not applicable.,Narrow CPR,Not applicable,Not applicable,Narrow CPR; Wide CPR rules not applied,0,-2,0,-2
2026-09-17,2026-09-17,CM,NSE,STK,12009,INE547E01014,IMPAL,EQ,,,,,IND MOTOR PART & ACC LTD,1065.0,1095.9,1064.1,1077.7,1081.5,1065.0,,1077.81,,,1046,1124806.0,151,F1,1,,,,,,Cash Only,Unclassified,False,1079.2333333333333,1080.0,1078.4666666666667,1080.0,1078.4666666666667,1.533333333333303,0.14227830874392716,Narrow,Bearish,Below CPR,False,True,0.11666666666666667,60,2500683.75,Higher,True,Risk On,True,46.442857142857164,1102.376,1085.5485,0.033015482415666306,0.44979937986960566,False,False,No setup,Neutral,0,Not applicable,No directional setup; confirmation score not applicable.,Narrow CPR,Not applicable,Not applicable,Narrow CPR; Wide CPR rules not applied,0,0,0,0
2026-09-17,2026-09-17,CM,NSE,STK,11435,INE572J01011,SPANDANA,EQ,,,,,SPANDANA SPHOORTY FIN LTD,225.8,231.2,223.81,227.02,227.95,225.8,,227.04,,,55272,12586737.5,2294,F1,1,,,,,,Cash Only,Unclassified,False,227.34333333333333,227.505,227.18166666666667,227.505,227.18166666666667,0.3233333333333235,0.14242504331482841,Narrow,Bearish,Below CPR,False,True,0.18333333333333332,60,48714910.35,Higher,True,Risk On,True,5.910714285714282,257.6712,257.9452,0.05470292044310008,0.25837546265750233,False,False,No setup,Neutral,0,Not applicable,No directional setup; confirmation score not applicable.,Narrow CPR,Not applicable,Not applicable,Narrow CPR; Wide CPR rules not applied,0,0,0,0
2026-09-17,2026-09-17,CM,NSE,STK,11905,INE955D01029,GENUSPOWER,EQ,,,,,GENUS POWER INFRASTRU LTD,301.25,305.7,299.3,303.15,303.85,301.55,,303.15,,,895382,270894806.7,18349,F1,1,,,,,,Cash Only,Unclassified,False,302.71666666666664,302.5,302.9333333333333,302.9333333333333,302.5,0.4333333333332803,0.14294353730274792,Narrow,Bullish,Above CPR,True,False,0.15,60,540789428.225,Higher,True,Risk On,True,13.364285714285703,319.832,318.3288,0.03242472830927808,0.5009247454950098,False,False,No setup,Neutral,0,Not applicable,No directional setup; confirmation score not applicable.,Narrow CPR,Not applicable,Not applicable,Narrow CPR; Wide CPR rules not applied,0,0,0,0
2026-09-17,2026-09-17,CM,NSE,STK,2124,INE759A01021,MASTEK,EQ,,,,,MASTEK LTD,1630.3,1650.0,1617.2,1630.1,1635.8,1633.1,,1630.54,,,54148,88210423.8,9642,F1,1,,,,,,Cash Only,Unclassified,False,1632.4333333333332,1633.6,1631.2666666666664,1633.6,1631.2666666666664,2.333333333333485,0.14314050262765995,Narrow,Bearish,Below CPR,False,True,0.08333333333333333,60,154557678.14999998,Lower,True,Risk On,True,89.03571428571433,1746.9180000000001,1688.6270000000002,0.026206712127291434,0.5707281893455386,False,False,No setup,Neutral,0,Not applicable,No directional setup; confirmation score not applicable.,Narrow CPR,Not applicable,Not applicable,Narrow CPR; Wide CPR rules not applied,0,0,0,0
2026-09-17,2026-09-17,CM,NSE,STK,25737,INE01NE01012,SRD,EQ,,,,,SHANKAR LAL RAMPAL LTD,40.19,40.25,39.0,39.54,39.99,40.09,,39.58,,,7101,280716.6,137,F1,1,,,,,,Cash Only,Unclassified,False,39.596666666666664,39.625,39.56833333333333,39.625,39.56833333333333,0.05666666666667197,0.14331478671388967,Narrow,Bearish,Below CPR,False,True,0.11666666666666667,60,778178.6799999999,Inside,True,Risk On,True,1.3864285714285711,39.058,40.1568,0.04087240254164903,0.3607354033395004,True,False,No setup,Neutral,0,Not applicable,No directional setup; confirmation score not applicable.,Narrow CPR,Not applicable,Not applicable,Narrow CPR; Wide CPR rules not applied,0,0,0,0
2026-09-17,2026-09-17,CM,NSE,STK,759569,INE16NZ01023,ORKLAINDIA,EQ,,,,,ORKLA INDIA LIMITED,580.0,583.0,576.0,578.25,576.3,579.8,,578.28,,,38840,22547994.0,3778,F1,1,,,,,,Cash Only,Unclassified,False,579.0833333333334,579.5,578.6666666666667,579.5,578.6666666666667,0.8333333333332575,0.14411298457989752,Narrow,Bearish,Below CPR,False,True,0.21666666666666667,60,39299104.575,Lower,True,Risk On,True,15.478571428571447,573.9680000000001,599.4905,0.05383787109674938,0.5737533779419451,True,False,No setup,Neutral,0,Not applicable,No directional setup; confirmation score not applicable.,Narrow CPR,Not applicable,Not applicable,Narrow CPR; Wide CPR rules not applied,0,0,0,0
2026-09-17,2026-09-17,CM,NSE,STK,762742,INE555P01013,KIRANVYPAR,EQ,,,,,KIRAN VYAPAR LTD.,207.96,213.1,200.0,207.0,207.0,200.09,,207.0,,,12978,2717010.0,220,F1,1,,,,,,Cash Only,Unclassified,False,206.70000000000002,206.55,206.85000000000002,206.85000000000002,206.55,0.30000000000001137,0.14492753623188956,Narrow,Bullish,Above CPR,True,False,0.15,60,344869.58999999997,Higher,True,Risk On,True,9.588571428571429,199.2848,192.6746,0.03128724672228962,7.878369327953793,True,True,No setup,Neutral,0,Not applicable,No directional setup; confirmation score not applicable.,Narrow CPR,Not applicable,Not applicable,Narrow CPR; Wide CPR rules not applied,0,0,0,0
2026-09-17,2026-09-17,CM,NSE,STK,6445,INE285K01026,TECHNOE,EQ,,,,,TECHNO ELEC & ENG CO. LTD,975.0,998.7,975.0,984.7,987.0,971.05,,984.91,,,124912,123297896.0,10631,F1,1,,,,,,Cash Only,Construction,True,986.1333333333333,986.85,985.4166666666666,986.85,985.4166666666666,1.433333333333394,0.14556040756914734,Narrow,Bearish,Below CPR,False,True,0.2833333333333333,60,142179889.9,Higher,True,Risk On,False,29.875000000000025,999.414,1070.8895,0.04797768479777047,0.8671964515285505,False,False,No setup,Neutral,0,Not applicable,No directional setup; confirmation score not applicable.,Narrow CPR,Not applicable,Not applicable,Narrow CPR; Wide CPR rules not applied,0,0,0,0
2026-09-17,2026-09-17,CM,NSE,STK,3908,INE309M01020,PREMIERPOL,EQ,,,,,PREMIER POLYFILM LTD,82.2,84.02,81.0,82.33,81.8,82.62,,82.33,,,121432,10036751.02,2408,F1,1,,,,,,Cash Only,Unclassified,False,82.44999999999999,82.50999999999999,82.38999999999999,82.50999999999999,82.38999999999999,0.12000000000000455,0.14575488886190277,Narrow,Bearish,Below CPR,False,True,0.1,60,22273686.04,Overlapping,True,Risk On,True,5.2,79.90580000000001,67.4683,0.02307692307692395,0.45061024035157854,True,True,No setup,Neutral,0,Not applicable,No directional setup; confirmation score not applicable.,Narrow CPR,Not applicable,Not applicable,Narrow CPR; Wide CPR rules not applied,0,0,0,0
2026-09-17,2026-09-17,CM,NSE,STK,17022,INE636A01039,MAWANASUG,EQ,,,,,MAWANA SUGARS LIMITED,126.0,128.0,123.63,125.54,126.0,125.16,,125.54,,,80447,10074511.4,1955,F1,1,,,,,,Cash Only,Unclassified,False,125.72333333333334,125.815,125.63166666666669,125.815,125.63166666666669,0.1833333333333087,0.1460357920450125,Narrow,Bearish,Below CPR,False,True,0.08333333333333333,60,30856774.215,Overlapping,True,Risk On,True,7.462857142857144,121.6384,101.02870000000001,0.024566105155688373,0.3264926958924504,True,True,No setup,Neutral,0,Not applicable,No directional setup; confirmation score not applicable.,Narrow CPR,Not applicable,Not applicable,Narrow CPR; Wide CPR rules not applied,0,0,0,0
2026-09-17,2026-09-17,CM,NSE,STK,15362,INE951I01027,VGUARD,EQ,,,,,V-GUARD IND LTD.,327.15,331.9,326.95,330.15,330.0,327.15,,330.16,,,263157,86826138.2,10590,F1,1,,,,,,Cash Only,Unclassified,False,329.66666666666663,329.42499999999995,329.9083333333333,329.9083333333333,329.42499999999995,0.4833333333333485,0.14639810187289068,Narrow,Bullish,Above CPR,True,False,0.35,60,119296967.575,Higher,True,Risk On,False,9.146428571428556,320.089,316.39,0.05284394116881601,0.727815131976543,True,True,No setup,Neutral,0,Not applicable,No directional setup; confirmation score not applicable.,Narrow CPR,Not applicable,Not applicable,Narrow CPR; Wide CPR rules not applied,0,0,0,0
2026-09-17,2026-09-17,CM,NSE,STK,14304,INE684F01012,FSL,EQ,,,,,FIRSTSOURCE SOLU. LTD.,276.4,276.4,271.0,273.1,273.0,277.75,,273.1,,,1215172,332422677.95,27683,F1,1,,,,,,Cash Only,Services,True,273.5,273.7,273.3,273.7,273.3,0.39999999999997726,0.14646649578907991,Narrow,Bearish,Below CPR,False,True,0.08333333333333333,60,294188808.33500004,Lower,True,Risk On,True,10.467857142857147,272.7742,259.2386,0.03821221426134207,1.1299637121867059,True,True,No setup,Neutral,0,Not applicable,No directional setup; confirmation score not applicable.,Narrow CPR,Not applicable,Not applicable,Narrow CPR; Wide CPR rules not applied,0,0,0,0
2026-09-17,2026-09-17,CM,NSE,STK,2963,INE114A01011,SAIL,EQ,,,,,STEEL AUTHORITY OF INDIA,173.0,176.25,173.0,175.01,175.01,173.55,,175.01,,,11246822,1966439181.48,45335,F1,1,,,,,,F&O + Cash,Metals & Mining,True,174.75333333333333,174.625,174.88166666666666,174.88166666666666,174.625,0.2566666666666606,0.14665828619316645,Narrow,Bullish,Above CPR,True,False,0.18333333333333332,60,2402880363.3149996,Higher,True,Risk On,True,6.163571428571426,175.445,180.5692,0.04164252327422935,0.81836749407162,False,False,No setup,Neutral,0,Not applicable,No directional setup; confirmation score not applicable.,Narrow CPR,Not applicable,Not applicable,Narrow CPR; Wide CPR rules not applied,0,0,0,0
2026-09-17,2026-09-17,CM,NSE,STK,12716,INE985S01024,TEAMLEASE,EQ,,,,,TEAMLEASE SERVICES LTD.,1231.1,1245.8,1213.0,1226.7,1216.0,1228.0,,1226.72,,,9021,11101387.3,2575,F1,1,,,,,,Cash Only,Unclassified,False,1228.5,1229.4,1227.6,1229.4,1227.6,1.800000000000182,0.14673514306677932,Narrow,Bearish,Below CPR,False,True,0.36666666666666664,60,30345667.049999997,Higher,True,Risk On,False,38.11428571428574,1282.974,1332.072,0.04722638680660144,0.3658310519820984,False,False,No setup,Neutral,0,Not applicable,No directional setup; confirmation score not applicable.,Narrow CPR,Not applicable,Not applicable,Narrow CPR; Wide CPR rules not applied,0,0,0,0
2026-09-17,2026-09-17,CM,NSE,STK,1076,INE520A01027,ZENSARTECH,EQ,,,,,ZENSAR TECHNOLOGIES  LTD,450.0,450.15,431.6,441.85,440.05,450.15,,441.85,,,2456285,1075520774.05,45546,F1,1,,,,,,Cash Only,Information Technology,True,441.2,440.875,441.525,441.525,440.875,0.6499999999999773,0.1471087473124312,Narrow,Bullish,Above CPR,True,False,0.11666666666666667,60,510811622.32500005,Lower,True,Risk On,True,17.59999999999999,487.167,485.05800000000005,0.03693181818181691,2.1055135142671206,False,False,No setup,Neutral,0,Not applicable,No directional setup; confirmation score not applicable.,Narrow CPR,Not applicable,Not applicable,Narrow CPR; Wide CPR rules not applied,0,0,0,0
2026-09-17,2026-09-17,CM,NSE,STK,13162,INE185H01016,CELEBRITY,EQ,,,,,CELEBRITY FASHIONS LTD,6.9,6.9,6.65,6.79,6.8,6.73,,6.79,,,9287,62932.81,63,F1,1,,,,,,Cash Only,Unclassified,False,6.78,6.775,6.785,6.785,6.775,0.009999999999999787,0.1472754050073606,Narrow,Bullish,Above CPR,True,False,0.15,60,112310.115,Inside,True,Risk On,True,0.2935714285714286,6.943,7.3443,0.034063260340631875,0.5603485491934541,False,False,No setup,Neutral,0,Not applicable,No directional setup; confirmation score not applicable.,Narrow CPR,Not applicable,Not applicable,Narrow CPR; Wide CPR rules not applied,0,0,0,0
2026-09-17,2026-09-17,CM,NSE,STK,17999,INE458F01011,UNITEDTEA,EQ,,,,,UNITED NILGIRI TEA LTD,432.2,433.7,426.3,429.05,426.3,431.2,,429.05,,,544,234828.0,40,F1,1,,,,,,Cash Only,Unclassified,False,429.68333333333334,430.0,429.3666666666667,430.0,429.3666666666667,0.6333333333333258,0.1476129433243971,Narrow,Bearish,Below CPR,False,True,0.2833333333333333,60,765654.1000000001,Overlapping,True,Risk On,False,11.267857142857139,459.133,486.3495,0.056207078711040026,0.3067024652516064,False,False,No setup,Neutral,0,Not applicable,No directional setup; confirmation score not applicable.,Narrow CPR,Not applicable,Not applicable,Narrow CPR; Wide CPR rules not applied,0,0,0,0
2026-09-17,2026-09-17,CM,NSE,STK,17641,INE805D01034,SUNTECK,EQ,,,,,SUNTECK REALTY LIMITED,280.65,284.8,278.95,281.25,280.55,281.15,,281.23,,,54136,15229036.05,2398,F1,1,,,,,,Cash Only,Unclassified,False,281.6666666666667,281.875,281.45833333333337,281.875,281.45833333333337,0.41666666666662877,0.14814814814813468,Narrow,Bearish,Below CPR,False,True,0.23333333333333334,60,51908592.175,Higher,True,Risk On,True,7.564285714285709,302.318,307.2805,0.05508341202391697,0.29338179696066863,False,False,No setup,Neutral,0,Not applicable,No directional setup; confirmation score not applicable.,Narrow CPR,Not applicable,Not applicable,Narrow CPR; Wide CPR rules not applied,0,0,-2,-2
2026-09-17,2026-09-17,CM,NSE,STK,2664,INE318A01026,PIDILITIND,EQ,,,,,PIDILITE INDUSTRIES LTD,1543.0,1561.1,1535.0,1551.5,1551.5,1543.8,,1551.5,,,354203,549458060.6,28581,F1,1,,,,,,F&O + Cash,Chemicals,True,1549.2,1548.05,1550.3500000000001,1550.3500000000001,1548.05,2.300000000000182,0.14824363519176165,Narrow,Bullish,Above CPR,True,False,0.23333333333333334,60,1178532045.4,Higher,True,Risk On,True,34.70000000000001,1620.684,1559.8139999999999,0.06628242074928477,0.46622241859661184,False,False,No setup,Neutral,0,Not applicable,No directional setup; confirmation score not applicable.,Narrow CPR,Not applicable,Not applicable,Narrow CPR; Wide CPR rules not applied,0,0,0,0
2026-09-17,2026-09-17,CM,NSE,STK,11971,INE025B01025,GOLDIAM,EQ,,,,,GOLDIAM INTERNATIONAL LTD,321.2,329.0,320.75,325.6,325.0,321.8,,325.61,,,297405,96604004.55,7878,F1,1,,,,,,Cash Only,Unclassified,False,325.1166666666667,324.875,325.35833333333335,325.35833333333335,324.875,0.4833333333333485,0.1484438984439031,Narrow,Bullish,Above CPR,True,False,0.18333333333333332,60,247898468.3,Higher,True,Risk On,True,11.46428571428571,355.285,390.496,0.042159916926273404,0.3896918170268501,False,False,No setup,Neutral,0,Not applicable,No directional setup; confirmation score not applicable.,Narrow CPR,Not applicable,Not applicable,Narrow CPR; Wide CPR rules not applied,0,0,0,0
2026-09-17,2026-09-17,CM,NSE,STK,5204,INE131A01031,GMDCLTD,EQ,,,,,GUJARAT MINERAL DEV CORP,543.35,552.5,543.35,549.15,549.0,543.35,,549.11,,,687557,377713872.05,17434,F1,1,,,,,,Cash Only,Metals & Mining,True,548.3333333333334,547.925,548.7416666666668,548.7416666666668,547.925,0.8166666666668334,0.14871468026346782,Narrow,Bullish,Above CPR,True,False,0.15,60,488056684.55,Higher,True,Risk On,True,14.767857142857151,572.678,608.9305,0.05530028214430791,0.7739139407510857,False,False,No setup,Neutral,0,Not applicable,No directional setup; confirmation score not applicable.,Narrow CPR,Not applicable,Not applicable,Narrow CPR; Wide CPR rules not applied,0,0,0,0
2026-09-17,2026-09-17,CM,NSE,STK,3411,INE670A01012,TATAELXSI,EQ,,,,,TATA ELXSI LIMITED,3373.0,3405.0,3343.5,3381.8,3381.8,3373.0,,3381.82,,,123676,417903483.3,15420,F1,1,,,,,,F&O + Cash,Information Technology,True,3376.7666666666664,3374.25,3379.283333333333,3379.283333333333,3374.25,5.033333333332848,0.1488359256411629,Narrow,Bullish,Above CPR,True,False,0.13333333333333333,60,846108290.5,Lower,True,Risk On,True,88.60000000000007,3611.106,3861.8810000000003,0.05680963130172511,0.49391252631863913,False,False,No setup,Neutral,0,Not applicable,No directional setup; confirmation score not applicable.,Narrow CPR,Not applicable,Not applicable,Narrow CPR; Wide CPR rules not applied,0,0,0,0
2026-09-17,2026-09-17,CM,NSE,STK,235,INE087Z01024,AAKASH,EQ,,,,,AAKASH EXPLORATION SER L,8.71,9.09,8.71,8.92,8.91,8.82,,8.92,,,45636,403338.19,217,F1,1,,,,,,Cash Only,Unclassified,False,8.906666666666666,8.9,8.913333333333332,8.913333333333332,8.9,0.013333333333331865,0.1494768310911644,Narrow,Bullish,Above CPR,True,False,0.2,60,795987.52,Higher,True,Risk On,True,0.4607142857142859,8.8836,8.7705,0.028940568475448996,0.5067142133082689,True,True,No setup,Neutral,0,Not applicable,No directional setup; confirmation score not applicable.,Narrow CPR,Not applicable,Not applicable,Narrow CPR; Wide CPR rules not applied,0,0,0,0
2026-09-17,2026-09-17,CM,NSE,STK,14068,INE229C01021,SAGCEM,EQ,,,,,SAGAR CEMENTS LIMITED,148.02,152.49,147.0,149.41,151.5,147.99,,149.07,,,29756,4422280.21,1128,F1,1,,,,,,Cash Only,Unclassified,False,149.63333333333333,149.745,149.52166666666665,149.745,149.52166666666665,0.2233333333333576,0.1494768310911971,Narrow,Bearish,Below CPR,False,True,0.16666666666666666,60,6029162.825,Higher,True,Risk On,True,5.533571428571428,167.92919999999998,173.3026,0.0403597091347232,0.7334816355701921,False,False,No setup,Neutral,0,Not applicable,No directional setup; confirmation score not applicable.,Narrow CPR,Not applicable,Not applicable,Narrow CPR; Wide CPR rules not applied,0,0,0,0
2026-09-17,2026-09-17,CM,NSE,STK,9819,INE176B01034,HAVELLS,EQ,,,,,HAVELLS INDIA LIMITED,1089.9,1095.6,1083.5,1092.0,1092.0,1089.9,,1092.0,,,579925,631464574.2,38942,F1,1,,,,,,F&O + Cash,Consumer Durables,True,1090.3666666666666,1089.55,1091.1833333333332,1091.1833333333332,1089.55,1.633333333333212,0.14957264957263847,Narrow,Bullish,Above CPR,True,False,0.31666666666666665,60,1129366409.25,Lower,True,Risk On,False,29.164285714285693,1220.2859999999998,1208.31,0.05600457180177562,0.5591317122840131,False,False,No setup,Neutral,0,Not applicable,No directional setup; confirmation score not applicable.,Narrow CPR,Not applicable,Not applicable,Narrow CPR; Wide CPR rules not applied,0,0,0,0
2026-09-17,2026-09-17,CM,NSE,STK,9219,INE413G01022,TPLPLASTEH,EQ,,,,,TPL PLASTECH LIMITED,65.47,66.46,62.81,64.49,64.11,64.63,,64.48,,,131082,8537719.84,1143,F1,1,,,,,,Cash Only,Unclassified,False,64.58666666666666,64.63499999999999,64.53833333333333,64.63499999999999,64.53833333333333,0.09666666666666401,0.1498940404196992,Narrow,Bearish,Below CPR,False,True,0.15,60,9824739.555,Lower,True,Risk On,True,3.1985714285714275,76.3284,72.4466,0.03022182521959126,0.8690021544291207,False,False,No setup,Neutral,0,Not applicable,No directional setup; confirmation score not applicable.,Narrow CPR,Not applicable,Not applicable,Narrow CPR; Wide CPR rules not applied,0,0,0,0
2026-09-17,2026-09-17,CM,NSE,STK,20063,INE019J01013,HEALTHX,EQ,,,,,HEALTH X PLATFORM LIMITED,298.1,303.65,295.0,300.0,300.0,298.1,,300.0,,,1388,415267.3,47,F1,1,,,,,,Cash Only,Unclassified,False,299.55,299.325,299.77500000000003,299.77500000000003,299.325,0.4500000000000455,0.15000000000001515,Narrow,Bullish,Above CPR,True,False,0.11666666666666667,60,1321914.975,Inside,True,Risk On,True,12.549999999999992,306.942,,0.03585657370518293,0.314140703338352,False,False,No setup,Neutral,0,Not applicable,No directional setup; confirmation score not applicable.,Narrow CPR,Not applicable,Not applicable,Narrow CPR; Wide CPR rules not applied,0,0,0,0
2026-09-17,2026-09-17,CM,NSE,STK,703,INE303A01010,DICIND,EQ,,,,,DIC INDIA LIMITED,616.4,637.65,616.4,628.45,627.35,610.3,,628.45,,,11357,7140933.55,658,F1,1,,,,,,Cash Only,Unclassified,False,627.5,627.025,627.975,627.975,627.025,0.9500000000000455,0.15116556607527176,Narrow,Bullish,Above CPR,True,False,0.23333333333333334,60,1473312.775,Higher,True,Risk On,True,30.31785714285717,554.6709999999999,535.3745,0.031334668394394215,4.846855108549507,True,True,No setup,Neutral,0,Not applicable,No directional setup; confirmation score not applicable.,Narrow CPR,Not applicable,Not applicable,Narrow CPR; Wide CPR rules not applied,0,0,0,0
2026-09-17,2026-09-17,CM,NSE,STK,29251,INE379A01028,ITCHOTELS,EQ,,,,,ITC HOTELS LIMITED,153.39,154.95,153.01,154.33,154.45,153.39,,154.33,,,866754,133709590.82,21150,F1,1,,,,,,Cash Only,Consumer Services,True,154.09666666666666,153.98,154.21333333333334,154.21333333333334,153.98,0.2333333333333485,0.15119117043565636,Narrow,Bullish,Above CPR,True,False,0.26666666666666666,60,322647924.71500003,Higher,True,Risk On,False,3.213571428571427,165.28239999999997,163.7223,0.07260872786545633,0.4144132987624444,False,False,No setup,Neutral,0,Not applicable,No directional setup; confirmation score not applicable.,Narrow CPR,Not applicable,Not applicable,Narrow CPR; Wide CPR rules not applied,0,0,0,0
2026-09-17,2026-09-17,CM,NSE,STK,21113,INE878K01010,BFINVEST,EQ,,,,,BF INVESTMENT LIMITED,435.9,440.0,435.9,438.95,440.0,432.05,,438.95,,,6998,3068303.9,664,F1,1,,,,,,Cash Only,Unclassified,False,438.2833333333333,437.95,438.6166666666666,438.6166666666666,437.95,0.6666666666666288,0.15187758666513926,Narrow,Bullish,Above CPR,True,False,0.23333333333333334,60,13569818.7,Higher,True,Risk On,True,15.260714285714275,460.25899999999996,445.61400000000003,0.04368515484826964,0.22611237245196208,False,False,No setup,Neutral,0,Not applicable,No directional setup; confirmation score not applicable.,Narrow CPR,Not applicable,Not applicable,Narrow CPR; Wide CPR rules not applied,0,0,0,0
2026-09-17,2026-09-17,CM,NSE,STK,9253,INE937C01029,NILAINFRA,EQ,,,,,NILA INFRASTRUCTURES LTD,6.5,6.65,6.5,6.56,6.55,6.57,,6.56,,,55420,364647.44,329,F1,1,,,,,,Cash Only,Unclassified,False,6.57,6.575,6.565,6.575,6.565,0.009999999999999787,0.15243902439024065,Narrow,Bearish,Below CPR,False,True,0.13333333333333333,60,1101644.4,Outside,True,Risk On,True,0.302142857142857,7.087600000000001,7.5555,0.0330969267139473,0.33100285355238046,False,False,No setup,Neutral,0,Not applicable,No directional setup; confirmation score not applicable.,Narrow CPR,Not applicable,Not applicable,Narrow CPR; Wide CPR rules not applied,0,0,0,0
2026-09-17,2026-09-17,CM,NSE,STK,15414,INE615H01020,TITAGARH,EQ,,,,,TITAGARH RAIL SYSTEMS LTD,813.15,845.0,813.1,827.15,828.9,813.15,,827.16,,,585375,488551533.35,31547,F1,1,,,,,,Cash Only,Capital Goods,True,828.4166666666666,829.05,827.7833333333333,829.05,827.7833333333333,1.2666666666666515,0.15313627113179612,Narrow,Bearish,Below CPR,False,True,0.18333333333333332,60,328337304.85,Higher,True,Risk On,True,32.10714285714284,841.702,838.4205000000001,0.03945124212087459,1.487956214945461,False,False,No setup,Neutral,0,Not applicable,No directional setup; confirmation score not applicable.,Narrow CPR,Not applicable,Not applicable,Narrow CPR; Wide CPR rules not applied,0,0,0,0
2026-09-17,2026-09-17,CM,NSE,STK,14712,INE170I01016,HGS,EQ,,,,,HINDUJA GLOBAL SOLS. LTD.,382.5,392.0,382.5,386.35,384.0,386.05,,386.37,,,20717,7994429.8,690,F1,1,,,,,,Cash Only,Unclassified,False,386.95,387.25,386.65,387.25,386.65,0.6000000000000227,0.15529959880937563,Narrow,Bearish,Below CPR,False,True,0.16666666666666666,60,6455469.6,Higher,True,Risk On,True,11.27499999999999,410.925,413.119,0.053215077605323576,1.2383963205403368,False,False,No setup,Neutral,0,Not applicable,No directional setup; confirmation score not applicable.,Narrow CPR,Not applicable,Not applicable,Narrow CPR; Wide CPR rules not applied,0,0,0,0
2026-09-17,2026-09-17,CM,NSE,STK,20906,INE619I01012,A2ZINFRA,EQ,,,,,A2Z INFRA ENGINEERING LTD,14.65,15.3,14.65,15.01,15.14,14.7,,15.01,,,128009,1906478.85,355,F1,1,,,,,,Cash Only,Unclassified,False,14.986666666666666,14.975000000000001,14.998333333333331,14.998333333333331,14.975000000000001,0.023333333333329875,0.15545192094157145,Narrow,Bullish,Above CPR,True,False,0.1,60,3763032.145,Inside,True,Risk On,True,0.7578571428571429,14.9134,14.8153,0.030788564247560626,0.5066336870210286,True,True,No setup,Neutral,0,Not applicable,No directional setup; confirmation score not applicable.,Narrow CPR,Not applicable,Not applicable,Narrow CPR; Wide CPR rules not applied,0,0,0,0
2026-09-17,2026-09-17,CM,NSE,STK,10447,INE854D01024,UNITDSPR,EQ,,,,,UNITED SPIRITS LIMITED,1380.1,1395.4,1378.1,1390.0,1390.0,1389.5,,1390.0,,,263642,365654084.6,10611,F1,1,,,,,,F&O + Cash,Fast Moving Consumer Goods,True,1387.8333333333333,1386.75,1388.9166666666665,1388.9166666666665,1386.75,2.166666666666515,0.15587529976018094,Narrow,Bullish,Above CPR,True,False,0.2,60,865542112.7,Overlapping,True,Risk On,True,30.957142857142895,1470.616,1390.766,0.06998923242577566,0.4224567230580692,False,False,No setup,Neutral,0,Not applicable,No directional setup; confirmation score not applicable.,Narrow CPR,Not applicable,Not applicable,Narrow CPR; Wide CPR rules not applied,0,0,0,0
2026-09-17,2026-09-17,CM,NSE,STK,27047,INE677D01037,MASTERTR,EQ,,,,,MASTER TRUST LIMITED,85.29,90.5,84.85,87.47,87.03,85.38,,87.46,,,446576,39266843.3,3866,F1,1,,,,,,Cash Only,Unclassified,False,87.60666666666667,87.675,87.53833333333334,87.675,87.53833333333334,0.13666666666665606,0.15624404557751922,Narrow,Bearish,Below CPR,False,True,0.25,60,19376555.835,Higher,True,Risk On,True,5.31,84.5724,83.2933,0.025737602008786453,2.0265130518743706,True,True,No setup,Neutral,0,Not applicable,No directional setup; confirmation score not applicable.,Narrow CPR,Not applicable,Not applicable,Narrow CPR; Wide CPR rules not applied,0,0,0,0
2026-09-17,2026-09-17,CM,NSE,STK,9590,INE455K01017,POLYCAB,EQ,,,,,POLYCAB INDIA LIMITED,8130.0,8266.0,8112.5,8208.5,8208.5,8121.5,,8208.84,,,261101,2141983240.5,37043,F1,1,,,,,,F&O + Cash,Capital Goods,True,8195.666666666666,8189.25,8202.083333333332,8202.083333333332,8189.25,12.83333333333212,0.1563420032080419,Narrow,Bullish,Above CPR,True,False,0.2,60,2787818316.25,Higher,True,Risk On,True,238.82142857142858,8960.57,9139.495,0.05373610488011057,0.7683367413200953,False,False,No setup,Neutral,0,Not applicable,No directional setup; confirmation score not applicable.,Narrow CPR,Not applicable,Not applicable,Narrow CPR; Wide CPR rules not applied,0,0,0,0
2026-09-17,2026-09-17,CM,NSE,STK,6543,INE137I01015,GRPLTD,EQ,,,,,GRP LIMITED,1979.3,1988.9,1964.2,1971.9,1971.0,1979.3,,1971.48,,,439,866391.2,113,F1,1,,,,,,Cash Only,Unclassified,False,1975.0,1976.5500000000002,1973.4499999999998,1976.5500000000002,1973.4499999999998,3.100000000000364,0.1572087834068849,Narrow,Bearish,Below CPR,False,True,0.13333333333333333,60,2869161.5,Lower,True,Risk On,True,73.9571428571429,1980.236,1892.599,0.041916167664675555,0.3019666895711517,False,True,No setup,Neutral,0,Not applicable,No directional setup; confirmation score not applicable.,Narrow CPR,Not applicable,Not applicable,Narrow CPR; Wide CPR rules not applied,0,0,0,0
2026-09-17,2026-09-17,CM,NSE,STK,5245,INE198H01019,AAREYDRUGS,EQ,,,,,AAREY DRUGS & PHARM LTD,102.49,102.96,100.0,101.72,102.96,99.94,,101.71,,,178022,18050814.69,1550,F1,1,,,,,,Cash Only,Unclassified,False,101.55999999999999,101.47999999999999,101.63999999999999,101.63999999999999,101.47999999999999,0.1599999999999966,0.15729453401493965,Narrow,Bullish,Above CPR,True,False,0.1,60,10151525.485,Higher,True,Risk On,True,4.441428571428574,80.3348,74.4122,0.036024445159214394,1.7781381445253794,True,True,No setup,Neutral,0,Not applicable,No directional setup; confirmation score not applicable.,Narrow CPR,Not applicable,Not applicable,Narrow CPR; Wide CPR rules not applied,0,0,0,0
2026-09-17,2026-09-17,CM,NSE,STK,1594,INE009A01021,INFY,EQ,,,,,INFOSYS LIMITED,1054.9,1063.6,1048.6,1058.6,1058.6,1060.0,,1057.97,,,5469865,5773984143.0,91857,F1,1,,,,,,F&O + Cash,Information Technology,True,1056.9333333333332,1056.1,1057.7666666666664,1057.7666666666664,1056.1,1.666666666666515,0.1574406448768671,Narrow,Bullish,Above CPR,True,False,0.18333333333333332,60,9963345080.65,Lower,True,Risk On,True,31.27142857142857,1113.8139999999999,1123.585,0.053296786965123834,0.579522649899356,False,False,No setup,Neutral,0,Not applicable,No directional setup; confirmation score not applicable.,Narrow CPR,Not applicable,Not applicable,Narrow CPR; Wide CPR rules not applied,0,0,0,0
2026-09-17,2026-09-17,CM,NSE,STK,14813,INE102I01027,ADSL,EQ,,,,,ALLIED DIGITAL SERV. LTD,95.26,98.26,95.26,96.99,96.65,95.26,,97.0,,,110089,10676567.2,2303,F1,1,,,,,,Cash Only,Unclassified,False,96.83666666666666,96.76,96.91333333333331,96.91333333333331,96.76,0.15333333333330756,0.15809189950851385,Narrow,Bullish,Above CPR,True,False,0.15,60,11425308.515,Higher,True,Risk On,True,3.406428571428568,111.1858,117.18679999999999,0.0450129307332,0.9344664247782021,False,False,No setup,Neutral,0,Not applicable,No directional setup; confirmation score not applicable.,Narrow CPR,Not applicable,Not applicable,Narrow CPR; Wide CPR rules not applied,0,0,0,0
2026-09-17,2026-09-17,CM,NSE,STK,13376,INE786F01031,UTTAMSUGAR,EQ,,,,,UTTAM SUGAR MILLS LTD.,251.8,255.6,250.4,252.4,250.65,250.7,,252.35,,,106696,26940556.05,3928,F1,1,,,,,,Cash Only,Unclassified,False,252.79999999999998,253.0,252.59999999999997,253.0,252.59999999999997,0.4000000000000341,0.1584786053882861,Narrow,Bearish,Below CPR,False,True,0.1,60,34820872.905,Higher,True,Risk On,True,15.08071428571428,264.62039999999996,253.0535,0.02652394259461223,0.7736898533101263,False,False,No setup,Neutral,0,Not applicable,No directional setup; confirmation score not applicable.,Narrow CPR,Not applicable,Not applicable,Narrow CPR; Wide CPR rules not applied,0,0,0,0
2026-09-17,2026-09-17,CM,NSE,STK,1628,INE495P01020,BECTORFOOD,EQ,,,,,MRS BECTORS FOOD SPE LTD,220.16,224.14,218.53,220.81,220.75,220.16,,220.82,,,795197,175571332.76,23248,F1,1,,,,,,Cash Only,Unclassified,False,221.16,221.33499999999998,220.985,221.33499999999998,220.985,0.3499999999999659,0.15850731398032966,Narrow,Bearish,Below CPR,False,True,0.08333333333333333,60,370116179.72,Higher,True,Risk On,True,10.299999999999997,221.9052,202.6484,0.03398058252426854,0.4743681643229514,False,True,No setup,Neutral,0,Not applicable,No directional setup; confirmation score not applicable.,Narrow CPR,Not applicable,Not applicable,Narrow CPR; Wide CPR rules not applied,0,0,0,0
2026-09-17,2026-09-17,CM,NSE,STK,764698,INE074C01013,HINDADH,EQ,,,,,HINDUSTAN ADHESIVES LTD.,384.95,384.95,370.45,376.8,375.6,378.45,,376.95,,,1555,586370.75,126,F1,1,,,,,,Cash Only,Unclassified,False,377.40000000000003,377.7,377.1000000000001,377.7,377.1000000000001,0.599999999999909,0.15923566878978476,Narrow,Bearish,Below CPR,False,True,0.13043478260869565,23,955853.55,Higher,True,Risk On,True,16.753571428571416,,,0.03581325943295133,0.6134525001241037,False,False,No setup,Neutral,0,Not applicable,No directional setup; confirmation score not applicable.,Narrow CPR,Not applicable,Not applicable,Narrow CPR; Wide CPR rules not applied,0,0,0,0
2026-09-17,2026-09-17,CM,NSE,STK,22428,INE0CG601016,MAXIND,EQ,,,,,MAX INDIA LIMITED,140.33,141.99,139.06,140.19,141.5,139.64,,140.2,,,37038,5193588.73,845,F1,1,,,,,,Cash Only,Unclassified,False,140.41333333333333,140.525,140.30166666666665,140.525,140.30166666666665,0.2233333333333576,0.15930760634378885,Narrow,Bearish,Below CPR,False,True,0.25,60,9192573.215,Higher,True,Risk On,True,5.527142857142857,159.0232,160.11270000000002,0.04040665115878789,0.5649765967080198,False,False,No setup,Neutral,0,Not applicable,No directional setup; confirmation score not applicable.,Narrow CPR,Not applicable,Not applicable,Narrow CPR; Wide CPR rules not applied,0,0,0,0
2026-09-17,2026-09-17,CM,NSE,STK,3396,INE123C01018,TAINWALCHM,EQ,,,,,TAINWALA CHEMICAL AND PLA,205.37,213.7,205.37,210.04,210.0,209.09,,210.04,,,5026,1060071.97,68,F1,1,,,,,,Cash Only,Unclassified,False,209.70333333333335,209.535,209.8716666666667,209.8716666666667,209.535,0.33666666666670153,0.16028692947376763,Narrow,Bullish,Above CPR,True,False,0.16666666666666666,60,793495.345,Higher,True,Risk On,True,7.20357142857143,209.3134,205.1997,0.04673607668154507,1.3359523489076046,True,True,No setup,Neutral,0,Not applicable,No directional setup; confirmation score not applicable.,Narrow CPR,Not applicable,Not applicable,Narrow CPR; Wide CPR rules not applied,0,0,0,0
2026-09-17,2026-09-17,CM,NSE,STK,759251,INE0MLS01022,EPACKPEB,EQ,,,,,EPACK PREFAB TECHN LTD,222.0,225.45,220.14,222.26,222.09,221.47,,222.26,,,315272,70331614.94,6896,F1,1,,,,,,Cash Only,Unclassified,False,222.61666666666665,222.795,222.4383333333333,222.795,222.4383333333333,0.35666666666668334,0.1604727196376691,Narrow,Bearish,Below CPR,False,True,0.13333333333333333,60,189798408.79500002,Higher,True,Risk On,True,11.153571428571428,242.1396,229.8534,0.031977799124774685,0.3705595604648335,False,False,No setup,Neutral,0,Not applicable,No directional setup; confirmation score not applicable.,Narrow CPR,Not applicable,Not applicable,Narrow CPR; Wide CPR rules not applied,0,0,0,0
2026-09-17,2026-09-17,CM,NSE,STK,764618,INE664D01019,BENARAS,EQ,,,,,BENARES HOTELS LTD.,10896.0,11097.0,10555.0,10800.0,10830.0,10789.0,,10851.6,,,60,649108.0,22,F1,1,,,,,,Cash Only,Unclassified,False,10817.333333333334,10826.0,10808.666666666668,10826.0,10808.666666666668,17.33333333333212,0.1604938271604826,Narrow,Bearish,Below CPR,False,True,0.391304347826087,23,878124.0,Lower,True,Risk On,False,430.5,,,0.04026325977545208,0.7391985642118881,False,False,No setup,Neutral,0,Not applicable,No directional setup; confirmation score not applicable.,Narrow CPR,Not applicable,Not applicable,Narrow CPR; Wide CPR rules not applied,0,0,0,0
2026-09-17,2026-09-17,CM,NSE,STK,759342,INE0S3G01027,PACEDIGITK,EQ,,,,,PACE DIGITEK LIMITED,152.0,155.36,152.0,153.31,153.95,152.5,,153.32,,,495495,76041679.15,6319,F1,1,,,,,,Cash Only,Unclassified,False,153.55666666666667,153.68,153.43333333333334,153.68,153.43333333333334,0.2466666666666697,0.1608940490944294,Narrow,Bearish,Below CPR,False,True,0.2,60,158946011.0,Higher,True,Risk On,True,5.530714285714287,184.28220000000002,187.122,0.044599423134875055,0.4784120008522894,False,False,No setup,Neutral,0,Not applicable,No directional setup; confirmation score not applicable.,Narrow CPR,Not applicable,Not applicable,Narrow CPR; Wide CPR rules not applied,0,0,0,0
2026-09-17,2026-09-17,CM,NSE,STK,827,INE501A01019,DEEPAKFERT,EQ,,,,,DEEPAK FERTILIZERS & PETR,1312.0,1343.8,1311.8,1324.6,1329.0,1315.0,,1324.61,,,146116,194299278.2,14798,F1,1,,,,,,Cash Only,Chemicals,True,1326.7333333333333,1327.8,1325.6666666666667,1327.8,1325.6666666666667,2.133333333333212,0.16105490965825248,Narrow,Bearish,Below CPR,False,True,0.13333333333333333,60,318626916.0,Higher,True,Risk On,True,39.971428571428596,1488.0280000000002,1461.81,0.053371455801760094,0.6098018354482017,False,False,No setup,Neutral,0,Not applicable,No directional setup; confirmation score not applicable.,Narrow CPR,Not applicable,Not applicable,Narrow CPR; Wide CPR rules not applied,0,0,0,0
2026-09-17,2026-09-17,CM,NSE,STK,3965,INE474C01023,REMSONSIND,EQ,,,,,REMSONS INDUSTRIES LTD,93.45,96.66,93.0,95.06,96.0,92.34,,95.06,,,38817,3671049.61,841,F1,1,,,,,,Cash Only,Unclassified,False,94.90666666666668,94.83,94.98333333333336,94.98333333333336,94.83,0.1533333333333644,0.16130163405571682,Narrow,Bullish,Above CPR,True,False,0.11666666666666667,60,7316753.79,Higher,True,Risk On,True,6.594285714285715,86.2342,90.098,0.023252455228196505,0.5017320133167963,True,True,No setup,Neutral,0,Not applicable,No directional setup; confirmation score not applicable.,Narrow CPR,Not applicable,Not applicable,Narrow CPR; Wide CPR rules not applied,0,0,0,0
2026-09-17,2026-09-17,CM,NSE,STK,11813,INE498B01024,SHOPERSTOP,EQ,,,,,SHOPPERS STOP LIMITED,390.65,438.6,390.0,413.3,408.3,395.3,,413.33,,,835711,353146491.85,31739,F1,1,,,,,,Cash Only,Unclassified,False,413.9666666666667,414.3,413.6333333333334,414.3,413.6333333333334,0.6666666666666288,0.1613033309137742,Narrow,Bearish,Below CPR,False,True,0.08333333333333333,60,16503089.975000001,Higher,True,Risk On,True,21.228571428571424,395.24699999999996,369.99449999999996,0.031404217137728146,21.398810306734692,True,True,No setup,Neutral,0,Not applicable,No directional setup; confirmation score not applicable.,Narrow CPR,Not applicable,Not applicable,Narrow CPR; Wide CPR rules not applied,0,0,0,0
2026-09-17,2026-09-17,CM,NSE,STK,8944,INE01EG01016,RITCO,EQ,,,,,RITCO LOGISTICS LIMITED,296.5,302.55,294.6,299.3,300.0,294.75,,299.3,,,34285,10273778.35,791,F1,1,,,,,,Cash Only,Unclassified,False,298.81666666666666,298.57500000000005,299.0583333333333,299.0583333333333,298.57500000000005,0.4833333333332348,0.16148791624899259,Narrow,Bullish,Above CPR,True,False,0.15,60,25227529.025,Higher,True,Risk On,True,13.09285714285714,297.69800000000004,276.01709999999997,0.036915802873242164,0.40724473410847656,True,True,No setup,Neutral,0,Not applicable,No directional setup; confirmation score not applicable.,Narrow CPR,Not applicable,Not applicable,Narrow CPR; Wide CPR rules not applied,0,0,0,0
2026-09-17,2026-09-17,CM,NSE,STK,13451,INE703B01027,RATNAMANI,EQ,,,,,RATNAMANI MET & TUB LTD.,2701.0,2735.6,2656.5,2702.6,2727.0,2695.0,,2702.47,,,39882,107200070.5,12476,F1,1,,,,,,Cash Only,Unclassified,False,2698.2333333333336,2696.05,2700.416666666667,2700.416666666667,2696.05,4.366666666666788,0.16157280643331562,Narrow,Bullish,Above CPR,True,False,0.15,60,102374396.19999999,Higher,True,Risk On,True,123.45000000000002,2521.794,2578.965,0.03537194545700111,1.0471375117131094,True,True,No setup,Neutral,0,Not applicable,No directional setup; confirmation score not applicable.,Narrow CPR,Not applicable,Not applicable,Narrow CPR; Wide CPR rules not applied,0,0,0,0
2026-09-17,2026-09-17,CM,NSE,STK,21794,INE179G01029,DAVANGERE,EQ,,,,,DAVANGERE SUGAR COMPANY L,2.0,2.13,2.0,2.06,2.08,2.14,,2.06,,,6845783,14164149.58,2388,F1,1,,,,,,Cash Only,Unclassified,False,2.063333333333333,2.065,2.061666666666666,2.065,2.061666666666666,0.0033333333333338544,0.1618122977346531,Narrow,Bearish,Below CPR,False,True,0.18333333333333332,60,22708865.32,Lower,True,Risk On,True,0.15857142857142859,2.8491999999999997,3.2869,0.021021021021024305,0.6237277547956324,False,False,No setup,Neutral,0,Not applicable,No directional setup; confirmation score not applicable.,Narrow CPR,Not applicable,Not applicable,Narrow CPR; Wide CPR rules not applied,0,0,0,0
2026-09-17,2026-09-17,CM,NSE,STK,19943,INE288B01029,DEEPAKNTR,EQ,,,,,DEEPAK NITRITE LTD,1595.0,1611.9,1589.9,1604.8,1604.0,1590.5,,1604.84,,,90904,145614544.5,7990,F1,1,,,,,,Cash Only,Chemicals,True,1602.2,1600.9,1603.5,1603.5,1600.9,2.599999999999909,0.16201395812561747,Narrow,Bullish,Above CPR,True,False,0.21666666666666667,60,396037994.0,Higher,True,Risk On,True,48.50714285714287,1701.9259999999997,1700.897,0.05360035340892169,0.3676782195296141,False,False,No setup,Neutral,0,Not applicable,No directional setup; confirmation score not applicable.,Narrow CPR,Not applicable,Not applicable,Narrow CPR; Wide CPR rules not applied,0,0,0,0
2026-09-17,2026-09-17,CM,NSE,STK,21683,INE727S01012,BRNL,EQ,,,,,BHARAT ROAD NETWORK LTD,16.0,16.9,16.0,16.41,16.32,16.24,,16.41,,,13206,216211.12,189,F1,1,,,,,,Cash Only,Unclassified,False,16.436666666666667,16.45,16.423333333333336,16.45,16.423333333333336,0.02666666666666373,0.16250253910215556,Narrow,Bearish,Below CPR,False,True,0.18333333333333332,60,439726.18000000005,Inside,True,Risk On,True,0.536428571428571,17.398,18.5442,0.049711495783394476,0.49169489976694125,False,False,No setup,Neutral,0,Not applicable,No directional setup; confirmation score not applicable.,Narrow CPR,Not applicable,Not applicable,Narrow CPR; Wide CPR rules not applied,0,0,0,0
2026-09-17,2026-09-17,CM,NSE,STK,4469,INE822G01016,ELECTHERM,EQ,,,,,ELECTROTHERM (I) LTD.,949.85,949.85,920.0,932.65,921.0,941.15,,932.64,,,7800,7289315.0,429,F1,1,,,,,,Cash Only,Unclassified,False,934.1666666666666,934.925,933.4083333333333,934.925,933.4083333333333,1.5166666666666515,0.16261906038349344,Narrow,Bearish,Below CPR,False,True,0.11666666666666667,60,12539126.925,Lower,True,Risk On,True,30.389285714285695,1015.66,981.505,0.04990794061190066,0.5813255614684671,False,False,No setup,Neutral,0,Not applicable,No directional setup; confirmation score not applicable.,Narrow CPR,Not applicable,Not applicable,Narrow CPR; Wide CPR rules not applied,0,-2,-2,-4
2026-09-17,2026-09-17,CM,NSE,STK,2783,INE0BY001018,JUBLINGREA,EQ,,,,,JUBILANT INGREVIA LIMITED,624.9,638.5,624.9,633.25,638.5,631.95,,633.41,,,115209,72789184.85,9207,F1,1,,,,,,Cash Only,Chemicals,True,632.2166666666667,631.7,632.7333333333333,632.7333333333333,631.7,1.033333333333303,0.16317936570600916,Narrow,Bullish,Above CPR,True,False,0.18333333333333332,60,206135872.375,Outside,True,Risk On,True,18.60357142857144,714.092,695.9225,0.055544890254045826,0.3531126533744828,False,False,No setup,Neutral,0,Not applicable,No directional setup; confirmation score not applicable.,Narrow CPR,Not applicable,Not applicable,Narrow CPR; Wide CPR rules not applied,0,0,0,0
2026-09-17,2026-09-17,CM,NSE,STK,4843,INE734N01019,SNOWMAN,EQ,,,,,SNOWMAN LOGISTICS LTD.,34.75,35.27,34.0,34.72,34.5,34.54,,34.7,,,98327,3407034.81,1090,F1,1,,,,,,Cash Only,Unclassified,False,34.663333333333334,34.635000000000005,34.69166666666666,34.69166666666666,34.635000000000005,0.05666666666665776,0.16321044546848434,Narrow,Bullish,Above CPR,True,False,0.25,60,4509558.2,Lower,True,Risk On,True,1.1557142857142868,37.242,37.8946,0.0490317264111995,0.7555141011374462,False,False,No setup,Neutral,0,Not applicable,No directional setup; confirmation score not applicable.,Narrow CPR,Not applicable,Not applicable,Narrow CPR; Wide CPR rules not applied,0,0,0,0
2026-09-17,2026-09-17,CM,NSE,STK,759453,INE078V01014,VIKRAMSOLR,EQ,,,,,VIKRAM SOLAR LIMITED,163.86,164.74,162.8,163.37,163.52,163.88,,163.37,,,640352,104693978.74,10248,F1,1,,,,,,Cash Only,Unclassified,False,163.63666666666668,163.77,163.50333333333336,163.77,163.50333333333336,0.2666666666666515,0.1632286629532053,Narrow,Bearish,Below CPR,False,True,0.13333333333333333,60,358726875.4,Lower,True,Risk On,True,4.379285714285721,175.4512,191.7751,0.060892730930241654,0.29184871811809615,False,False,No setup,Neutral,0,Not applicable,No directional setup; confirmation score not applicable.,Narrow CPR,Not applicable,Not applicable,Narrow CPR; Wide CPR rules not applied,0,0,-2,-2
2026-09-17,2026-09-17,CM,NSE,STK,13409,INE177H01039,GPIL,EQ,,,,,GODAWARI POW & ISP LTD,236.4,241.0,234.61,238.39,238.0,236.49,,238.39,,,1030313,245059787.15,17685,F1,1,,,,,,Cash Only,Capital Goods,True,238.0,237.805,238.195,238.195,237.805,0.38999999999998636,0.16359746633666947,Narrow,Bullish,Above CPR,True,False,0.21666666666666667,60,310508885.37,Higher,True,Risk On,True,7.414285714285713,244.31,262.7705,0.05260115606936233,0.7892198861169099,False,False,No setup,Neutral,0,Not applicable,No directional setup; confirmation score not applicable.,Narrow CPR,Not applicable,Not applicable,Narrow CPR; Wide CPR rules not applied,0,0,0,0
2026-09-17,2026-09-17,CM,NSE,STK,11427,INE155G01029,NDTV,EQ,,,,,NDTV LTD,69.74,71.99,69.74,71.04,71.0,69.74,,71.03,,,52161,3699451.84,738,F1,1,,,,,,Cash Only,Unclassified,False,70.92333333333333,70.865,70.98166666666667,70.98166666666667,70.865,0.11666666666667425,0.16422672672673738,Narrow,Bullish,Above CPR,True,False,0.3333333333333333,60,7243582.895,Higher,True,Risk On,False,2.6600000000000006,75.8912,77.9879,0.04385964912280986,0.5107212678622904,False,False,No setup,Neutral,0,Not applicable,No directional setup; confirmation score not applicable.,Narrow CPR,Not applicable,Not applicable,Narrow CPR; Wide CPR rules not applied,0,0,0,0
2026-09-17,2026-09-17,CM,NSE,STK,14334,INE019C01026,HSCL,EQ,,,,,HIMADRI SPECIALITY CHEM L,655.0,661.8,648.15,653.35,653.0,652.8,,653.36,,,1154408,754893930.05,22422,F1,1,,,,,,Cash Only,Chemicals,True,654.4333333333333,654.9749999999999,653.8916666666667,654.9749999999999,653.8916666666667,1.0833333333332575,0.1658120966301764,Narrow,Bearish,Below CPR,False,True,0.16666666666666666,60,4055658067.1,Higher,True,Risk On,True,18.47142857142855,715.1629999999999,674.7280000000001,0.058649136375350436,0.1861335244639564,False,False,No setup,Neutral,0,Not applicable,No directional setup; confirmation score not applicable.,Narrow CPR,Not applicable,Not applicable,Narrow CPR; Wide CPR rules not applied,0,0,0,0
2026-09-17,2026-09-17,CM,NSE,STK,13288,INE00ZE01026,AFSL,EQ,,,,,ABANS FINANCIAL SRVCS LTD,201.95,202.0,201.0,201.0,201.0,201.02,,201.0,,,858,172765.99,30,F1,1,,,,,,Cash Only,Unclassified,False,201.33333333333334,201.5,201.16666666666669,201.5,201.16666666666669,0.3333333333333144,0.16583747927030568,Narrow,Bearish,Below CPR,False,True,0.48333333333333334,60,1265916.225,Overlapping,True,Risk On,False,6.167142857142859,203.0208,202.2639,0.05404988031811906,0.13647505781830072,False,False,No setup,Neutral,0,Not applicable,No directional setup; confirmation score not applicable.,Narrow CPR,Not applicable,Not applicable,Narrow CPR; Wide CPR rules not applied,0,0,0,0
2026-09-17,2026-09-17,CM,NSE,STK,16783,INE200A01026,GVT&D,EQ,,,,,GE VERNOVA T&D INDIA LTD,4300.0,4394.3,4266.0,4341.0,4341.0,4267.0,,4341.25,,,504355,2187810585.4,35657,F1,1,,,,,,F&O + Cash,Capital Goods,True,4333.766666666666,4330.15,4337.383333333333,4337.383333333333,4330.15,7.233333333333576,0.16662827305536917,Narrow,Bullish,Above CPR,True,False,0.15,60,3723420495.0,Higher,True,Risk On,True,172.72857142857143,4361.674,4568.442,0.04187687811871229,0.5875808516222931,False,False,No setup,Neutral,0,Not applicable,No directional setup; confirmation score not applicable.,Narrow CPR,Not applicable,Not applicable,Narrow CPR; Wide CPR rules not applied,0,0,0,0
2026-09-17,2026-09-17,CM,NSE,STK,739,INE169A01031,COROMANDEL,EQ,,,,,COROMANDEL INTERNTL. LTD,1936.0,1947.3,1922.0,1929.8,1922.0,1937.8,,1929.82,,,120177,231850564.8,13436,F1,1,,,,,,Cash Only,Chemicals,True,1933.0333333333335,1934.65,1931.416666666667,1934.65,1931.416666666667,3.233333333333121,0.1675475869692777,Narrow,Bearish,Below CPR,False,True,0.3,60,238084669.35,Overlapping,True,Risk On,False,37.59285714285712,2011.634,1967.165,0.08600924694406939,0.973815598597676,False,False,No setup,Neutral,0,Not applicable,No directional setup; confirmation score not applicable.,Narrow CPR,Not applicable,Not applicable,Narrow CPR; Wide CPR rules not applied,0,0,0,0
2026-09-17,2026-09-17,CM,NSE,STK,764408,INE05C901015,JNPR,EQ,,,,,JUNIPER GREEN ENERGY LTD,262.0,264.0,251.7,257.2,257.0,261.8,,257.21,,,770412,198001642.4,37196,F1,1,,,,,,Cash Only,Unclassified,False,257.6333333333334,257.85,257.41666666666674,257.85,257.41666666666674,0.4333333333332803,0.16848107827888037,Narrow,Bearish,Below CPR,False,True,0.1,30,289033578.515,Lower,True,Risk On,True,11.01285714285714,,,0.03934794828554888,0.6850471956140706,False,False,No setup,Neutral,0,Not applicable,No directional setup; confirmation score not applicable.,Narrow CPR,Not applicable,Not applicable,Narrow CPR; Wide CPR rules not applied,0,0,0,0
2026-09-17,2026-09-17,CM,NSE,STK,13643,INE205B01031,ELECON,EQ,,,,,ELECON ENG. CO. LTD,407.35,420.0,407.1,414.6,416.35,407.35,,414.54,,,137261,56665664.8,6083,F1,1,,,,,,Cash Only,Capital Goods,True,413.90000000000003,413.55,414.25000000000006,414.25000000000006,413.55,0.7000000000000455,0.16883743367101914,Narrow,Bullish,Above CPR,True,False,0.15,60,151829189.45,Higher,True,Risk On,True,13.200000000000001,437.62299999999993,480.15450000000004,0.05303030303030647,0.37321983345410004,False,False,No setup,Neutral,0,Not applicable,No directional setup; confirmation score not applicable.,Narrow CPR,Not applicable,Not applicable,Narrow CPR; Wide CPR rules not applied,0,0,0,0
2026-09-17,2026-09-17,CM,NSE,STK,761330,INE757T01025,AEPL,EQ,,,,,ARTEMIS ELECTRICALS & P L,16.0,16.49,15.15,15.78,15.69,15.87,,15.78,,,34015,541263.33,173,F1,1,,,,,,Cash Only,Unclassified,False,15.806666666666667,15.82,15.793333333333333,15.82,15.793333333333333,0.026666666666667282,0.168990283058728,Narrow,Bearish,Below CPR,False,True,0.08333333333333333,60,299872.5,Lower,True,Risk On,True,1.467142857142857,15.629199999999999,16.1225,0.018175916910094545,1.80497821574169,True,False,No setup,Neutral,0,Not applicable,No directional setup; confirmation score not applicable.,Narrow CPR,Not applicable,Not applicable,Narrow CPR; Wide CPR rules not applied,0,0,0,0
2026-09-17,2026-09-17,CM,NSE,STK,13656,INE062D01024,ALICON,EQ,,,,,ALICON CASTALLOY LIMITED,682.3,706.4,680.35,695.15,693.0,688.35,,695.15,,,16078,11157946.3,1653,F1,1,,,,,,Cash Only,Unclassified,False,693.9666666666667,693.375,694.5583333333334,694.5583333333334,693.375,1.183333333333394,0.17022704931790175,Narrow,Bullish,Above CPR,True,False,0.15,60,12741729.875,Higher,True,Risk On,True,31.496428571428574,690.556,679.9029999999999,0.03757039724836719,0.8757010554659872,True,True,No setup,Neutral,0,Not applicable,No directional setup; confirmation score not applicable.,Narrow CPR,Not applicable,Not applicable,Narrow CPR; Wide CPR rules not applied,0,0,0,0
2026-09-17,2026-09-17,CM,NSE,STK,24851,INE442P01014,SUYOG,EQ,,,,,SUYOG TELEMATICS LIMITED,664.75,671.9,660.0,664.25,664.65,657.35,,664.21,,,5676,3766224.5,545,F1,1,,,,,,Cash Only,Unclassified,False,665.3833333333333,665.95,664.8166666666666,665.95,664.8166666666666,1.1333333333334394,0.17061849203363785,Narrow,Bearish,Below CPR,False,True,0.21666666666666667,60,18924741.6,Higher,True,Risk On,True,29.40357142857143,797.581,791.289,0.03854407061014977,0.1990106168741559,False,False,No setup,Neutral,0,Not applicable,No directional setup; confirmation score not applicable.,Narrow CPR,Not applicable,Not applicable,Narrow CPR; Wide CPR rules not applied,0,0,0,0
2026-09-17,2026-09-17,CM,NSE,STK,14552,INE211B01039,PHOENIXLTD,EQ,,,,,THE PHOENIX MILLS LTD,1878.0,1889.8,1864.2,1872.2,1872.2,1855.0,,1872.2,,,157063,294625828.6,13631,F1,1,,,,,,F&O + Cash,Realty,True,1875.3999999999999,1877.0,1873.7999999999997,1877.0,1873.7999999999997,3.200000000000273,0.1709219100523594,Narrow,Bearish,Below CPR,False,True,0.16666666666666666,60,933911242.0,Higher,True,Risk On,True,43.90000000000003,1957.3859999999997,1891.5839999999998,0.07289293849658932,0.3154751922345957,False,False,No setup,Neutral,0,Not applicable,No directional setup; confirmation score not applicable.,Narrow CPR,Not applicable,Not applicable,Narrow CPR; Wide CPR rules not applied,0,0,-2,-2
2026-09-17,2026-09-17,CM,NSE,STK,13826,INE671H01015,SOBHA,EQ,,,,,SOBHA LIMITED,1178.3,1200.7,1172.0,1189.4,1186.3,1181.8,,1189.4,,,46940,55785165.9,9632,F1,1,,,,,,Cash Only,Realty,True,1187.3666666666666,1186.35,1188.3833333333332,1188.3833333333332,1186.35,2.033333333333303,0.1709545429067852,Narrow,Bullish,Above CPR,True,False,0.3,60,127482074.8,Higher,True,Risk On,False,33.30714285714287,1333.954,1366.299,0.061047966259202724,0.43759223394754476,False,False,No setup,Neutral,0,Not applicable,No directional setup; confirmation score not applicable.,Narrow CPR,Not applicable,Not applicable,Narrow CPR; Wide CPR rules not applied,0,0,0,0
2026-09-17,2026-09-17,CM,NSE,STK,5475,INE382Z01011,GRSE,EQ,,,,,GARDEN REACH SHIP&ENG LTD,2319.8,2371.9,2319.7,2339.8,2334.5,2314.6,,2339.77,,,269660,632334770.6,25674,F1,1,,,,,,Cash Only,Capital Goods,True,2343.8,2345.8,2341.8,2345.8,2341.8,4.0,0.1709547824600393,Narrow,Bearish,Below CPR,False,True,0.15,60,903508585.65,Higher,True,Risk On,True,63.300000000000054,2568.124,2658.115,0.06319115323854654,0.6998658127250525,False,False,No setup,Neutral,0,Not applicable,No directional setup; confirmation score not applicable.,Narrow CPR,Not applicable,Not applicable,Narrow CPR; Wide CPR rules not applied,0,0,-2,-2
2026-09-17,2026-09-17,CM,NSE,STK,2939,INE301D01026,RUBYMILLS,EQ,,,,,THE RUBY MILLS LTD,461.0,466.4,446.45,457.6,454.6,462.1,,457.6,,,25178,11498991.4,1080,F1,1,,,,,,Cash Only,Unclassified,False,456.8166666666666,456.42499999999995,457.20833333333326,457.20833333333326,456.42499999999995,0.783333333333303,0.17118298368297705,Narrow,Bullish,Above CPR,True,False,0.15,60,3691267.205,Higher,True,Risk On,True,42.68642857142857,272.978,236.65959999999998,0.018350875431579528,3.115188026600746,True,True,No setup,Neutral,0,Not applicable,No directional setup; confirmation score not applicable.,Narrow CPR,Not applicable,Not applicable,Narrow CPR; Wide CPR rules not applied,0,0,0,0
2026-09-17,2026-09-17,CM,NSE,STK,761192,INE0J5601015,KRISHNADEF,EQ,,,,,KRISHNA DEF AND ALD IND L,1001.1,1030.0,995.8,1010.3,1002.3,1002.4,,1010.3,,,54695,55127705.7,5015,F1,1,,,,,,Cash Only,Unclassified,False,1012.0333333333333,1012.9,1011.1666666666666,1012.9,1011.1666666666666,1.7333333333333485,0.17156620145831422,Narrow,Bearish,Below CPR,False,True,0.18333333333333332,60,110981100.85,Higher,True,Risk On,True,42.75714285714286,1144.816,1165.3135,0.04053903552734193,0.4967305719422408,False,False,No setup,Neutral,0,Not applicable,No directional setup; confirmation score not applicable.,Narrow CPR,Not applicable,Not applicable,Narrow CPR; Wide CPR rules not applied,0,0,0,0
2026-09-17,2026-09-17,CM,NSE,STK,30835,INE600A01035,PILITA,EQ,,,,,PIL ITALICA LIFESTYLE LTD,7.89,7.89,7.65,7.75,7.75,7.79,,7.74,,,7198,55707.55,107,F1,1,,,,,,Cash Only,Unclassified,False,7.763333333333333,7.77,7.756666666666666,7.77,7.756666666666666,0.013333333333333641,0.17204301075269213,Narrow,Bearish,Below CPR,False,True,0.15,60,636508.9950000001,Lower,True,Risk On,True,0.4021428571428571,8.1164,8.0687,0.03315571343990604,0.08752044423189966,False,False,No setup,Neutral,0,Not applicable,No directional setup; confirmation score not applicable.,Narrow CPR,Not applicable,Not applicable,Narrow CPR; Wide CPR rules not applied,0,0,0,0
2026-09-17,2026-09-17,CM,NSE,STK,757955,INE124Y01028,PASHUPATI,EQ,,,,,PASHUPATI COTSPIN LIMITED,80.95,82.7,80.46,81.37,81.55,79.74,,81.37,,,43534,3541269.74,1392,F1,1,,,,,,Cash Only,Unclassified,False,81.51,81.58,81.44000000000001,81.58,81.44000000000001,0.13999999999998636,0.17205358240135965,Narrow,Bearish,Below CPR,False,True,0.2,60,2693052.4349999996,Higher,True,Risk On,True,3.95357142857143,84.775,87.1427,0.03541102077687097,1.3149650166391955,False,False,No setup,Neutral,0,Not applicable,No directional setup; confirmation score not applicable.,Narrow CPR,Not applicable,Not applicable,Narrow CPR; Wide CPR rules not applied,0,0,0,0
2026-09-17,2026-09-17,CM,NSE,STK,22233,INE320L01011,DHUNINV,EQ,,,,,DHUNSERI INVESTMENTS LTD,977.2,993.6,975.0,981.75,985.95,977.2,,981.75,,,177,173849.9,35,F1,1,,,,,,Cash Only,Unclassified,False,983.4499999999999,984.3,982.5999999999999,984.3,982.5999999999999,1.7000000000000455,0.1731601731601778,Narrow,Bearish,Below CPR,False,True,0.2,60,600289.225,Higher,True,Risk On,True,35.13571428571428,962.966,913.013,0.048383817849157636,0.289610229135797,True,True,No setup,Neutral,0,Not applicable,No directional setup; confirmation score not applicable.,Narrow CPR,Not applicable,Not applicable,Narrow CPR; Wide CPR rules not applied,0,0,0,0
2026-09-17,2026-09-17,CM,NSE,STK,8998,INE398B01018,UMIYA-MRO,EQ,,,,,UMIYA BUILDCON LIMITED,97.97,98.37,97.02,97.95,97.07,98.45,,98.08,,,3995,388946.57,86,F1,1,,,,,,Cash Only,Unclassified,False,97.77999999999999,97.695,97.86499999999998,97.86499999999998,97.695,0.1699999999999875,0.17355793772331546,Narrow,Bullish,Above CPR,True,False,0.25,60,1001520.935,Overlapping,True,Risk On,True,6.092142857142858,92.00480000000002,89.60949999999998,0.027904795403913996,0.3883559059102444,True,True,No setup,Neutral,0,Not applicable,No directional setup; confirmation score not applicable.,Narrow CPR,Not applicable,Not applicable,Narrow CPR; Wide CPR rules not applied,0,0,0,0
2026-09-17,2026-09-17,CM,NSE,STK,759169,INE0JYY01029,MWL,EQ,,,,,MANGALAM WORLDWIDE LTD,39.88,40.74,39.41,40.18,40.04,39.74,,40.18,,,370691,14892612.63,2277,F1,1,,,,,,Cash Only,Unclassified,False,40.11000000000001,40.075,40.14500000000001,40.14500000000001,40.075,0.07000000000000739,0.17421602787458285,Narrow,Bullish,Above CPR,True,False,0.2,60,14111876.875,Higher,True,Risk On,True,2.862142857142857,45.6082,205.9291,0.024457199900177275,1.055324728377068,False,False,No setup,Neutral,0,Not applicable,No directional setup; confirmation score not applicable.,Narrow CPR,Not applicable,Not applicable,Narrow CPR; Wide CPR rules not applied,0,0,0,0
2026-09-17,2026-09-17,CM,NSE,STK,2316,INE578A01017,HEIDELBERG,EQ,,,,,HEIDELBERGCEMENT (I) LTD,141.0,142.0,140.4,141.57,141.26,141.2,,141.58,,,69366,9808016.91,1453,F1,1,,,,,,Cash Only,Unclassified,False,141.32333333333332,141.2,141.44666666666666,141.44666666666666,141.2,0.2466666666666697,0.17423653787290366,Narrow,Bullish,Above CPR,True,False,0.36666666666666664,60,13548024.530000001,Lower,True,Risk On,False,3.7199999999999966,157.038,156.30540000000002,0.06630824372759944,0.7239444310335921,False,False,No setup,Neutral,0,Not applicable,No directional setup; confirmation score not applicable.,Narrow CPR,Not applicable,Not applicable,Narrow CPR; Wide CPR rules not applied,0,0,0,0
2026-09-17,2026-09-17,CM,NSE,STK,3339,INE660A01013,SUNDARMFIN,EQ,,,,,SUNDARAM FINANCE LTD,4672.4,4725.0,4625.0,4662.8,4725.0,4672.4,,4662.76,,,30137,139972232.5,8599,F1,1,,,,,,Cash Only,Financial Services,True,4670.933333333333,4675.0,4666.866666666667,4675.0,4666.866666666667,8.133333333333212,0.17443024220067796,Narrow,Bearish,Below CPR,False,True,0.2833333333333333,60,203349595.05,Overlapping,True,Risk On,False,98.62142857142837,4564.47,4519.113,0.08247024456193612,0.6883329788071786,True,True,No setup,Neutral,0,Not applicable,No directional setup; confirmation score not applicable.,Narrow CPR,Not applicable,Not applicable,Narrow CPR; Wide CPR rules not applied,0,0,0,0
2026-09-17,2026-09-17,CM,NSE,STK,762954,INE064A01026,TIMEX,EQ,,,,,TIMEX GROUP INDIA LTD.,605.0,620.4,605.0,611.1,615.0,605.45,,611.12,,,151529,92956820.05,9634,F1,1,,,,,,Cash Only,Unclassified,False,612.1666666666666,612.7,611.6333333333332,612.7,611.6333333333332,1.0666666666668334,0.17454862815690286,Narrow,Bearish,Below CPR,False,True,0.16666666666666666,60,178845922.875,Higher,True,Risk On,True,30.65714285714287,583.495,506.81949999999995,0.03479341410376436,0.5197592349643324,True,True,No setup,Neutral,0,Not applicable,No directional setup; confirmation score not applicable.,Narrow CPR,Not applicable,Not applicable,Narrow CPR; Wide CPR rules not applied,0,-2,0,-2
2026-09-17,2026-09-17,CM,NSE,STK,14745,INE199C01026,ADVANIHOTR,EQ,,,,,ADVANI HOT.& RES.(I) LTD,47.21,47.99,47.0,47.62,47.6,47.18,,47.62,,,21911,1043895.85,337,F1,1,,,,,,Cash Only,Unclassified,False,47.53666666666667,47.495000000000005,47.57833333333333,47.57833333333333,47.495000000000005,0.0833333333333286,0.17499650006998865,Narrow,Bullish,Above CPR,True,False,0.26666666666666666,60,1209756.5699999998,Inside,True,Risk On,False,1.4200000000000002,50.516999999999996,51.8951,0.05868544600938633,0.8628974422515433,False,False,No setup,Neutral,0,Not applicable,No directional setup; confirmation score not applicable.,Narrow CPR,Not applicable,Not applicable,Narrow CPR; Wide CPR rules not applied,0,0,0,0
2026-09-17,2026-09-17,CM,NSE,STK,13689,INE035801013,AERONEU,EQ,,,,,AEROFLEX NEU LIMITED,69.0,69.0,64.57,66.61,67.42,64.95,,66.63,,,11693,773819.22,245,F1,1,,,,,,Cash Only,Unclassified,False,66.72666666666667,66.785,66.66833333333335,66.785,66.66833333333335,0.11666666666664582,0.17514887654503203,Narrow,Bearish,Below CPR,False,True,0.11666666666666667,60,4172896.84,Inside,True,Risk On,True,5.1521428571428585,82.3852,85.7396,0.022644299644156953,0.18543933619025196,False,False,No setup,Neutral,0,Not applicable,No directional setup; confirmation score not applicable.,Narrow CPR,Not applicable,Not applicable,Narrow CPR; Wide CPR rules not applied,0,0,0,0
2026-09-17,2026-09-17,CM,NSE,STK,19073,INE754X01016,AARVI,EQ,,,,,AARVI ENCON LIMITED,141.49,142.9,138.0,140.82,141.4,140.07,,140.82,,,6902,963245.08,168,F1,1,,,,,,Cash Only,Unclassified,False,140.57333333333332,140.45,140.69666666666666,140.69666666666666,140.45,0.2466666666666697,0.17516451261658125,Narrow,Bullish,Above CPR,True,False,0.2,60,3599542.9050000003,Overlapping,True,Risk On,True,5.077142857142858,150.4664,142.2027,0.04858375539298502,0.26760205543375787,False,False,No setup,Neutral,0,Not applicable,No directional setup; confirmation score not applicable.,Narrow CPR,Not applicable,Not applicable,Narrow CPR; Wide CPR rules not applied,0,-2,0,-2
2026-09-17,2026-09-17,CM,NSE,STK,764121,INE302D01024,RIR,EQ,,,,,RIR POWER ELECTRONICS L,194.74,207.71,186.51,197.63,199.0,179.77,,197.66,,,36391145,7291168473.24,313049,F1,1,,,,,,Cash Only,Unclassified,False,197.28333333333333,197.11,197.45666666666665,197.45666666666665,197.11,0.3466666666666356,0.17541196511998966,Narrow,Bullish,Above CPR,True,False,0.2,45,16959596.48,Higher,True,Risk On,True,13.236428571428567,,,0.026190347705644056,429.914030197492,False,False,No setup,Neutral,0,Not applicable,No directional setup; confirmation score not applicable.,Narrow CPR,Not applicable,Not applicable,Narrow CPR; Wide CPR rules not applied,0,0,0,0
2026-09-17,2026-09-17,CM,NSE,STK,19585,INE118H01025,BSE,EQ,,,,,BSE LIMITED,3255.0,3303.0,3232.2,3259.0,3259.0,3240.0,,3259.0,,,2770028,9055427346.4,116540,F1,1,,,,,,F&O + Cash,Financial Services,True,3264.7333333333336,3267.6,3261.8666666666672,3267.6,3261.8666666666672,5.733333333332666,0.17592308479081517,Narrow,Bearish,Below CPR,False,True,0.23333333333333334,60,11785490141.2,Inside,True,Risk On,True,120.03571428571429,3471.072,3710.9939999999997,0.04776356243181037,0.7683539027998351,False,False,No setup,Neutral,0,Not applicable,No directional setup; confirmation score not applicable.,Narrow CPR,Not applicable,Not applicable,Narrow CPR; Wide CPR rules not applied,0,0,0,0
2026-09-17,2026-09-17,CM,NSE,STK,2056,INE481N01025,HOMEFIRST,EQ,,,,,HOME FIRST FIN CO IND LTD,1166.0,1177.0,1163.4,1173.3,1175.0,1175.9,,1173.37,,,175024,204817176.1,8180,F1,1,,,,,,Cash Only,Financial Services,True,1171.2333333333333,1170.2,1172.2666666666667,1172.2666666666667,1170.2,2.066666666666606,0.17614136765248498,Narrow,Bullish,Above CPR,True,False,0.31666666666666665,60,175508707.25,Overlapping,True,Risk On,False,36.128571428571426,1198.604,1162.828,0.057203110583891825,1.1669915373956468,False,True,No setup,Neutral,0,Not applicable,No directional setup; confirmation score not applicable.,Narrow CPR,Not applicable,Not applicable,Narrow CPR; Wide CPR rules not applied,0,0,0,0
2026-09-17,2026-09-17,CM,NSE,STK,15119,INE532F01054,EDELWEISS,EQ,,,,,EDELWEISS FIN SERV LTD,127.05,129.9,126.1,128.34,129.0,126.74,,128.34,,,5586474,715635955.41,83130,F1,1,,,,,,Cash Only,Unclassified,False,128.11333333333334,128.0,128.2266666666667,128.2266666666667,128.0,0.2266666666666879,0.17661420185966017,Narrow,Bullish,Above CPR,True,False,0.18333333333333332,60,402179112.525,Higher,True,Risk On,True,6.665000000000004,123.3192,120.249,0.03400850212553455,1.7793961275537777,True,True,No setup,Neutral,0,Not applicable,No directional setup; confirmation score not applicable.,Narrow CPR,Not applicable,Not applicable,Narrow CPR; Wide CPR rules not applied,0,0,0,0
2026-09-17,2026-09-17,CM,NSE,STK,27008,INE750M01017,HEXATRADEX,EQ,,,,,HEXA TRADEX LIMITED,158.5,158.5,155.55,156.61,155.55,156.37,,156.61,,,263,41426.29,44,F1,1,,,,,,Cash Only,Unclassified,False,156.88666666666668,157.025,156.74833333333336,157.025,156.74833333333336,0.2766666666666424,0.17665964284952582,Narrow,Bearish,Below CPR,False,True,0.3,60,307710.11,Higher,True,Risk On,False,3.894285714285713,158.4676,160.8842,0.0710442651014856,0.13462765328055032,False,False,No setup,Neutral,0,Not applicable,No directional setup; confirmation score not applicable.,Narrow CPR,Not applicable,Not applicable,Narrow CPR; Wide CPR rules not applied,0,0,0,0
2026-09-17,2026-09-17,CM,NSE,STK,758551,INE1SY401010,RAYMONDREL,EQ,,,,,RAYMOND REALTY LIMITED,566.45,604.0,562.0,584.55,584.0,565.35,,584.51,,,653981,383336228.45,23982,F1,1,,,,,,Cash Only,Unclassified,False,583.5166666666667,583.0,584.0333333333333,584.0333333333333,583.0,1.033333333333303,0.17677415675875513,Narrow,Bullish,Above CPR,True,False,0.13333333333333333,60,245469236.725,Higher,True,Risk On,True,30.53928571428573,617.9680000000001,601.7895,0.033836198495301686,1.561646720234246,False,False,No setup,Neutral,0,Not applicable,No directional setup; confirmation score not applicable.,Narrow CPR,Not applicable,Not applicable,Narrow CPR; Wide CPR rules not applied,0,0,0,0
2026-09-17,2026-09-17,CM,NSE,STK,371,INE176A01028,BATAINDIA,EQ,,,,,BATA INDIA LTD,630.65,639.25,630.65,636.65,638.0,630.65,,636.85,,,74321,47257879.6,5383,F1,1,,,,,,Cash Only,Consumer Durables,True,635.5166666666668,634.95,636.0833333333335,636.0833333333335,634.95,1.1333333333334394,0.178015131286176,Narrow,Bullish,Above CPR,True,False,0.3,60,116669405.30000001,Higher,True,Risk On,False,11.19642857142858,692.0060000000001,694.2875,0.1012227538543422,0.40505803109634947,False,False,No setup,Neutral,0,Not applicable,No directional setup; confirmation score not applicable.,Narrow CPR,Not applicable,Not applicable,Narrow CPR; Wide CPR rules not applied,0,0,0,0
2026-09-17,2026-09-17,CM,NSE,STK,11809,INE530B01024,IIFL,EQ,,,,,IIFL FINANCE LIMITED,585.0,604.9,585.0,596.55,594.7,585.7,,596.55,,,2722029,1621703786.7,58170,F1,1,,,,,,Cash Only,Financial Services,True,595.4833333333333,594.95,596.0166666666667,596.0166666666667,594.95,1.066666666666606,0.17880591177044775,Narrow,Bullish,Above CPR,True,False,0.21666666666666667,60,1208705281.1,Higher,True,Risk On,True,28.178571428571438,608.652,548.4575,0.03785382340515204,1.3416866891026942,False,True,No setup,Neutral,0,Not applicable,No directional setup; confirmation score not applicable.,Narrow CPR,Not applicable,Not applicable,Narrow CPR; Wide CPR rules not applied,0,0,0,0
2026-09-17,2026-09-17,CM,NSE,STK,762643,INE131C01011,DISAQ,EQ,,,,,DISA INDIA LTD.,11840.0,11988.0,11794.0,11923.0,11957.0,11747.0,,11923.0,,,108,1281339.0,61,F1,1,,,,,,Cash Only,Unclassified,False,11901.666666666666,11891.0,11912.333333333332,11912.333333333332,11891.0,21.33333333333212,0.17892588554333744,Narrow,Bullish,Above CPR,True,False,0.23333333333333334,60,4933883.0,Higher,True,Risk On,True,385.57142857142856,11946.88,11924.426,0.055329134247248925,0.25970194266868507,False,False,No setup,Neutral,0,Not applicable,No directional setup; confirmation score not applicable.,Narrow CPR,Not applicable,Not applicable,Narrow CPR; Wide CPR rules not applied,0,0,0,0
2026-09-17,2026-09-17,CM,NSE,STK,5578,INE00FF01025,ACUTAAS,EQ,,,,,ACUTAAS CHEMICALS LIMITED,3343.0,3366.0,3282.0,3315.1,3320.0,3344.7,,3315.11,,,182520,606472225.0,26822,F1,1,,,,,,Cash Only,Healthcare,True,3321.0333333333333,3324.0,3318.0666666666666,3324.0,3318.0666666666666,5.933333333333394,0.17897901521321813,Narrow,Bearish,Below CPR,False,True,0.16666666666666666,60,922795992.25,Overlapping,True,Risk On,True,123.24285714285712,3311.098,3182.0060000000003,0.04814342567907009,0.6572115939962785,True,True,No setup,Neutral,0,Not applicable,No directional setup; confirmation score not applicable.,Narrow CPR,Not applicable,Not applicable,Narrow CPR; Wide CPR rules not applied,0,0,0,0
2026-09-17,2026-09-17,CM,NSE,STK,1145,INE162A01010,GIPCL,EQ,,,,,GUJ IND POW CO. LTD,185.05,188.9,184.34,186.12,186.4,185.14,,186.11,,,364892,68054278.37,5375,F1,1,,,,,,Cash Only,Unclassified,False,186.45333333333335,186.62,186.2866666666667,186.62,186.2866666666667,0.3333333333333144,0.17909592377676464,Narrow,Bearish,Below CPR,False,True,0.21666666666666667,60,64913392.58,Overlapping,True,Risk On,True,7.052857142857145,176.68559999999997,167.4776,0.04726217000877456,1.0483857901299665,True,True,No setup,Neutral,0,Not applicable,No directional setup; confirmation score not applicable.,Narrow CPR,Not applicable,Not applicable,Narrow CPR; Wide CPR rules not applied,0,0,0,0
2026-09-17,2026-09-17,CM,NSE,STK,2829,INE930P01018,ANURAS,EQ,,,,,ANUPAM RASAYAN INDIA LTD,1180.0,1193.0,1176.0,1181.3,1183.0,1178.3,,1181.29,,,277685,328807281.0,10228,F1,1,,,,,,Cash Only,Chemicals,True,1183.4333333333334,1184.5,1182.3666666666668,1184.5,1182.3666666666668,2.133333333333212,0.1805920031603498,Narrow,Bearish,Below CPR,False,True,0.6333333333333333,60,301398932.25,Higher,True,Risk On,False,27.635714285714293,1233.612,1275.136,0.07719479624364167,1.0909371129664975,False,False,No setup,Neutral,0,Not applicable,No directional setup; confirmation score not applicable.,Narrow CPR,Not applicable,Not applicable,Narrow CPR; Wide CPR rules not applied,0,0,0,0
2026-09-17,2026-09-17,CM,NSE,STK,25503,INE250Z01010,INDOUS,EQ,,,,,INDO US BIOTECH LTD,78.92,81.56,77.55,79.34,79.6,77.16,,79.34,,,5325,423186.07,228,F1,1,,,,,,Cash Only,Unclassified,False,79.48333333333333,79.555,79.41166666666666,79.555,79.41166666666666,0.14333333333334508,0.18065708763970895,Narrow,Bearish,Below CPR,False,True,0.1,60,1182649.76,Higher,True,Risk On,True,4.872142857142857,82.7536,90.04939999999999,0.02941895127791865,0.3578287370556774,False,False,No setup,Neutral,0,Not applicable,No directional setup; confirmation score not applicable.,Narrow CPR,Not applicable,Not applicable,Narrow CPR; Wide CPR rules not applied,0,0,0,0
2026-09-17,2026-09-17,CM,NSE,STK,1196,INE531A01024,KANSAINER,EQ,,,,,KANSAI NEROLAC PAINTS LTD,184.65,186.4,183.0,184.2,185.0,184.81,,184.2,,,135649,25044429.64,4044,F1,1,,,,,,Cash Only,Unclassified,False,184.5333333333333,184.7,184.36666666666662,184.7,184.36666666666662,0.33333333333337123,0.18096272167935465,Narrow,Bearish,Below CPR,False,True,0.31666666666666665,60,37099526.885,Overlapping,True,Risk On,False,4.364999999999999,199.55599999999998,205.7325,0.07636502481864176,0.6750606205203633,False,False,No setup,Neutral,0,Not applicable,No directional setup; confirmation score not applicable.,Narrow CPR,Not applicable,Not applicable,Narrow CPR; Wide CPR rules not applied,0,0,0,0
2026-09-17,2026-09-17,CM,NSE,STK,27839,INE570L01029,SAILIFE,EQ,,,,,SAI LIFE SCIENCES LIMITED,1537.9,1569.6,1530.2,1545.7,1543.3,1539.1,,1545.73,,,443745,686782434.3,40339,F1,1,,,,,,Cash Only,Healthcare,True,1548.5,1549.9,1547.1,1549.9,1547.1,2.800000000000182,0.18114770007117692,Narrow,Bearish,Below CPR,False,True,0.15,60,565987333.0,Higher,True,Risk On,True,61.85714285714281,1415.6660000000002,1287.451,0.04526558891455263,1.2134236832823253,True,True,No setup,Neutral,0,Not applicable,No directional setup; confirmation score not applicable.,Narrow CPR,Not applicable,Not applicable,Narrow CPR; Wide CPR rules not applied,0,0,0,0
2026-09-17,2026-09-17,CM,NSE,STK,6663,INE0D0K01022,SIGACHI,EQ,,,,,SIGACHI INDUSTRIES LTD,27.58,31.24,27.58,29.33,29.34,31.16,,29.33,,,12942255,382793606.11,39825,F1,1,,,,,,Cash Only,Unclassified,False,29.38333333333333,29.409999999999997,29.356666666666662,29.409999999999997,29.356666666666662,0.053333333333334565,0.1818388453233364,Narrow,Bearish,Below CPR,False,True,0.11666666666666667,60,67793992.38,Lower,True,Risk On,True,2.5014285714285713,25.953199999999995,24.78,0.021321149819151456,5.646423712065208,True,True,No setup,Neutral,0,Not applicable,No directional setup; confirmation score not applicable.,Narrow CPR,Not applicable,Not applicable,Narrow CPR; Wide CPR rules not applied,0,0,0,0
2026-09-17,2026-09-17,CM,NSE,STK,12153,INE01EE01011,BBTCL,EQ,,,,,B&B TRIPLEWALL CONT LTD,229.9,237.0,223.0,230.63,230.0,224.0,,230.63,,,11723,2731432.76,408,F1,1,,,,,,Cash Only,Unclassified,False,230.21,230.0,230.42000000000002,230.42000000000002,230.0,0.4200000000000159,0.18210987295669076,Narrow,Bullish,Above CPR,True,False,0.25,60,1307829.645,Higher,True,Risk On,True,9.663571428571432,226.2278,217.1818,0.04346219232759421,2.088523356572178,True,True,No setup,Neutral,0,Not applicable,No directional setup; confirmation score not applicable.,Narrow CPR,Not applicable,Not applicable,Narrow CPR; Wide CPR rules not applied,0,0,0,0
2026-09-17,2026-09-17,CM,NSE,STK,2294,INE153A01019,MTNL,EQ,,,,,MAHANAGAR TELEPHONE NIGAM,23.9,24.1,23.31,23.77,23.76,23.84,,23.77,,,714491,17055567.02,2494,F1,1,,,,,,Cash Only,Unclassified,False,23.726666666666663,23.705,23.748333333333328,23.748333333333328,23.705,0.04333333333332945,0.1823026223530898,Narrow,Bullish,Above CPR,True,False,0.16666666666666666,60,18239924.93,Overlapping,True,Risk On,True,0.7785714285714287,26.947799999999997,28.647,0.055657492354735064,0.9350678297994508,False,False,No setup,Neutral,0,Not applicable,No directional setup; confirmation score not applicable.,Narrow CPR,Not applicable,Not applicable,Narrow CPR; Wide CPR rules not applied,0,0,-2,-2
2026-09-17,2026-09-17,CM,NSE,STK,6198,INE045J01034,FCL,EQ,,,,,FINEOTEX CHEMICAL LIMITED,52.52,54.07,52.2,52.99,53.25,53.07,,52.99,,,15008357,799268154.69,49330,F1,1,,,,,,Cash Only,Unclassified,False,53.08666666666667,53.135000000000005,53.03833333333334,53.135000000000005,53.03833333333334,0.09666666666666401,0.1824243567968749,Narrow,Bearish,Below CPR,False,True,0.1,60,535337503.09000003,Higher,True,Risk On,True,3.4007142857142867,44.8548,40.111,0.02842540082615618,1.4930173023122357,True,True,No setup,Neutral,0,Not applicable,No directional setup; confirmation score not applicable.,Narrow CPR,Not applicable,Not applicable,Narrow CPR; Wide CPR rules not applied,0,0,0,0
2026-09-17,2026-09-17,CM,NSE,STK,14977,INE752E01010,POWERGRID,EQ,,,,,POWER GRID CORP. LTD.,263.5,265.7,263.25,263.75,263.75,262.8,,263.71,,,6533662,1728583901.75,65126,F1,1,,,,,,F&O + Cash,Power,True,264.23333333333335,264.475,263.9916666666667,264.475,263.9916666666667,0.4833333333333485,0.1832543443917909,Narrow,Bearish,Below CPR,False,True,0.36666666666666664,60,2199344638.5249996,Inside,True,Risk On,False,4.300000000000007,274.281,285.0715,0.11240310077519715,0.7859540844445746,False,False,No setup,Neutral,0,Not applicable,No directional setup; confirmation score not applicable.,Narrow CPR,Not applicable,Not applicable,Narrow CPR; Wide CPR rules not applied,0,0,0,0
2026-09-17,2026-09-17,CM,NSE,STK,760007,INE606N01019,EXCELSOFT,EQ,,,,,EXCELSOFT TECHNOLOGIES L,79.21,81.03,79.01,79.8,79.7,80.17,,79.79,,,566163,45288883.16,5838,F1,1,,,,,,Cash Only,Unclassified,False,79.94666666666667,80.02000000000001,79.87333333333333,80.02000000000001,79.87333333333333,0.14666666666667538,0.18379281537177367,Narrow,Bearish,Below CPR,False,True,0.21666666666666667,60,29234696.45,Higher,True,Risk On,True,3.914999999999999,75.6,80.2969,0.0374627501064305,1.549148397605476,True,False,No setup,Neutral,0,Not applicable,No directional setup; confirmation score not applicable.,Narrow CPR,Not applicable,Not applicable,Narrow CPR; Wide CPR rules not applied,0,0,0,0
2026-09-17,2026-09-17,CM,NSE,STK,13381,INE401H01017,KKCL,EQ,,,,,KEWAL KIRAN CLOTHING LTD,485.55,496.45,485.55,489.65,490.8,485.55,,489.65,,,23705,11626540.35,1203,F1,1,,,,,,Cash Only,Unclassified,False,490.55,491.0,490.1,491.0,490.1,0.8999999999999773,0.18380475850096545,Narrow,Bearish,Below CPR,False,True,0.13333333333333333,60,16677040.575,Inside,True,Risk On,True,16.26785714285714,508.50899999999996,487.62799999999993,0.05532381997804472,0.6971584855066529,False,True,No setup,Neutral,0,Not applicable,No directional setup; confirmation score not applicable.,Narrow CPR,Not applicable,Not applicable,Narrow CPR; Wide CPR rules not applied,0,0,0,0
2026-09-17,2026-09-17,CM,NSE,STK,20322,INE007N01010,FEDFINA,EQ,,,,,FEDBANK FINANCIAL SER L,150.99,153.5,150.2,152.27,153.39,150.76,,152.26,,,479562,72831985.75,7110,F1,1,,,,,,Cash Only,Unclassified,False,151.99,151.85,152.13000000000002,152.13000000000002,151.85,0.28000000000002956,0.18388389045775894,Narrow,Bullish,Above CPR,True,False,0.23333333333333334,60,129592254.06,Overlapping,True,Risk On,True,5.5971428571428605,155.2378,154.4899,0.05002552322614103,0.562008788860787,False,False,No setup,Neutral,0,Not applicable,No directional setup; confirmation score not applicable.,Narrow CPR,Not applicable,Not applicable,Narrow CPR; Wide CPR rules not applied,0,0,0,0
2026-09-17,2026-09-17,CM,NSE,STK,11909,INE409B01013,SWELECTES,EQ,,,,,SWELECT ENERGY SYS LTD,543.45,559.0,543.45,552.75,554.0,543.45,,552.78,,,8351,4599086.05,1033,F1,1,,,,,,Cash Only,Unclassified,False,551.7333333333333,551.225,552.2416666666667,552.2416666666667,551.225,1.0166666666666515,0.1839288406452558,Narrow,Bullish,Above CPR,True,False,0.15,60,10921790.024999999,Higher,True,Risk On,True,23.04642857142856,611.36,627.0285,0.0441138488558287,0.4210926999578533,False,False,No setup,Neutral,0,Not applicable,No directional setup; confirmation score not applicable.,Narrow CPR,Not applicable,Not applicable,Narrow CPR; Wide CPR rules not applied,0,0,0,0
2026-09-17,2026-09-17,CM,NSE,STK,18220,INE134B01017,KECL,EQ,,,,,KIRLOSKAR ELECTRIC CO LTD,118.11,122.22,115.96,119.42,118.1,120.02,,119.42,,,84728,10093584.04,2046,F1,1,,,,,,Cash Only,Unclassified,False,119.2,119.09,119.31,119.31,119.09,0.21999999999999886,0.18422374811589254,Narrow,Bullish,Above CPR,True,False,0.15,60,27991695.845,Inside,True,Risk On,True,6.3378571428571435,129.0642,107.67609999999999,0.03471204778541625,0.36059208759239786,False,True,No setup,Neutral,0,Not applicable,No directional setup; confirmation score not applicable.,Narrow CPR,Not applicable,Not applicable,Narrow CPR; Wide CPR rules not applied,0,0,0,0
2026-09-17,2026-09-17,CM,NSE,STK,4749,INE111A01025,CONCOR,EQ,,,,,CONTAINER CORP OF IND LTD,487.0,494.0,485.0,488.15,488.15,488.8,,488.15,,,791185,387038620.2,16441,F1,1,,,,,,F&O + Cash,Services,True,489.05,489.5,488.6,489.5,488.6,0.8999999999999773,0.1843695585373302,Narrow,Bearish,Below CPR,False,True,0.31666666666666665,60,571272798.425,Higher,True,Risk On,False,11.714285714285714,504.6,494.9105,0.076829268292681,0.67750227433735,False,False,No setup,Neutral,0,Not applicable,No directional setup; confirmation score not applicable.,Narrow CPR,Not applicable,Not applicable,Narrow CPR; Wide CPR rules not applied,0,-2,0,-2
2026-09-17,2026-09-17,CM,NSE,STK,10099,INE102D01028,GODREJCP,EQ,,,,,GODREJ CONSUMER PRODUCTS,866.45,876.0,865.15,873.0,873.0,863.0,,873.01,,,884594,771971557.8,15194,F1,1,,,,,,F&O + Cash,Fast Moving Consumer Goods,True,871.3833333333333,870.575,872.1916666666666,872.1916666666666,870.575,1.6166666666665606,0.18518518518517302,Narrow,Bullish,Above CPR,True,False,0.3,60,829687173.8,Higher,True,Risk On,False,17.753571428571426,980.1859999999999,1008.359,0.09106148997518347,0.930436894985781,False,False,No setup,Neutral,0,Not applicable,No directional setup; confirmation score not applicable.,Narrow CPR,Not applicable,Not applicable,Narrow CPR; Wide CPR rules not applied,0,0,0,0
2026-09-17,2026-09-17,CM,NSE,STK,10577,INE001B01026,KRBL,EQ,,,,,KRBL LIMITED,395.0,400.1,392.9,395.4,396.8,394.85,,395.42,,,248080,98229330.65,8426,F1,1,,,,,,Cash Only,Unclassified,False,396.1333333333334,396.5,395.76666666666677,396.5,395.76666666666677,0.7333333333332348,0.18546619457087377,Narrow,Bearish,Below CPR,False,True,0.21666666666666667,60,128272509.75,Higher,True,Risk On,True,14.753571428571421,387.84299999999996,375.6725,0.049705478899372026,0.7657863001312329,True,True,No setup,Neutral,0,Not applicable,No directional setup; confirmation score not applicable.,Narrow CPR,Not applicable,Not applicable,Narrow CPR; Wide CPR rules not applied,0,0,0,0
2026-09-17,2026-09-17,CM,NSE,STK,760346,INE428V01029,NEPHROPLUS,EQ,,,,,NEPHROCARE HEALTH SERV L,735.2,743.75,730.55,735.1,733.7,735.2,,735.11,,,40733,30032636.75,5641,F1,1,,,,,,Cash Only,Unclassified,False,736.4666666666667,737.15,735.7833333333334,737.15,735.7833333333334,1.3666666666665606,0.18591574842423622,Narrow,Bearish,Below CPR,False,True,0.1,60,103064959.775,Higher,True,Risk On,True,29.014285714285727,688.852,664.0195,0.04710323321844372,0.29139522118442507,True,True,No setup,Neutral,0,Not applicable,No directional setup; confirmation score not applicable.,Narrow CPR,Not applicable,Not applicable,Narrow CPR; Wide CPR rules not applied,0,0,0,0
2026-09-17,2026-09-17,CM,NSE,STK,100,INE885A01032,ARE&M,EQ,,,,,AMARA RAJA ENERGY MOB LTD,793.0,800.6,785.55,795.3,795.0,791.55,,795.26,,,610101,483284509.2,35638,F1,1,,,,,,Cash Only,Automobile and Auto Components,True,793.8166666666666,793.075,794.5583333333332,794.5583333333332,793.075,1.4833333333331211,0.18651242717630093,Narrow,Bullish,Above CPR,True,False,0.25,60,468523577.95000005,Overlapping,True,Risk On,True,20.43214285714288,894.39,873.0609999999999,0.07259803064731227,1.0315052047424926,False,False,No setup,Neutral,0,Not applicable,No directional setup; confirmation score not applicable.,Narrow CPR,Not applicable,Not applicable,Narrow CPR; Wide CPR rules not applied,0,0,0,0
2026-09-17,2026-09-17,CM,NSE,STK,760726,INE05XR01022,BHARATCOAL,EQ,,,,,BHARAT COKING COAL LTD,32.19,32.5,31.96,32.14,32.16,32.23,,32.14,,,2923304,94088479.29,12915,F1,1,,,,,,Cash Only,Unclassified,False,32.2,32.230000000000004,32.17,32.230000000000004,32.17,0.060000000000002274,0.18668326073429456,Narrow,Bearish,Below CPR,False,True,0.25,60,187018499.94,Outside,True,Risk On,True,0.8100000000000005,34.4596,36.0065,0.07407407407407683,0.5030971765904755,False,False,No setup,Neutral,0,Not applicable,No directional setup; confirmation score not applicable.,Narrow CPR,Not applicable,Not applicable,Narrow CPR; Wide CPR rules not applied,0,0,-2,-2
2026-09-17,2026-09-17,CM,NSE,STK,14889,INE022I01019,ASIANTILES,EQ,,,,,ASIAN GRANITO IND. LTD.,49.5,50.3,49.36,49.97,49.92,49.93,,49.97,,,1588966,79297052.58,5152,F1,1,,,,,,Cash Only,Unclassified,False,49.876666666666665,49.83,49.92333333333333,49.92333333333333,49.83,0.09333333333333371,0.18677873390701163,Narrow,Bullish,Above CPR,True,False,0.11666666666666667,60,176312914.175,Higher,True,Risk On,True,1.7199999999999993,50.31139999999999,55.077799999999996,0.05426356589147311,0.44975181172091244,False,False,No setup,Neutral,0,Not applicable,No directional setup; confirmation score not applicable.,Narrow CPR,Not applicable,Not applicable,Narrow CPR; Wide CPR rules not applied,0,0,-2,-2
2026-09-17,2026-09-17,CM,NSE,STK,1232,INE047A01021,GRASIM,EQ,,,,,GRASIM INDUSTRIES LTD,3190.0,3205.0,3159.0,3173.1,3173.1,3187.0,,3173.1,,,738188,2349269926.2,29919,F1,1,,,,,,F&O + Cash,Construction Materials,True,3179.0333333333333,3182.0,3176.0666666666666,3182.0,3176.0666666666666,5.933333333333394,0.18698853907325308,Narrow,Bearish,Below CPR,False,True,0.3333333333333333,60,2412833077.75,Overlapping,True,Risk On,False,61.82142857142857,3226.586,3139.919,0.09597535143462452,0.9736562167784629,False,True,No setup,Neutral,0,Not applicable,No directional setup; confirmation score not applicable.,Narrow CPR,Not applicable,Not applicable,Narrow CPR; Wide CPR rules not applied,0,0,0,0
2026-09-17,2026-09-17,CM,NSE,STK,393,INE581X01021,GLOBE,EQ,,,,,GLOBE ENTERPRISE (I) LTD,1.78,1.82,1.75,1.78,1.78,1.77,,1.78,,,461056,827798.63,274,F1,1,,,,,,Cash Only,Unclassified,False,1.7833333333333334,1.7850000000000001,1.7816666666666667,1.7850000000000001,1.7816666666666667,0.0033333333333334103,0.18726591760300057,Narrow,Bearish,Below CPR,False,True,0.2833333333333333,60,595896.355,Higher,True,Risk On,False,0.0714285714285714,2.0172,2.1824,0.046666666666667765,1.3891654531097106,False,False,No setup,Neutral,0,Not applicable,No directional setup; confirmation score not applicable.,Narrow CPR,Not applicable,Not applicable,Narrow CPR; Wide CPR rules not applied,0,0,0,0
2026-09-17,2026-09-17,CM,NSE,STK,9652,INE750D01016,RELCHEMQ,EQ,,,,,RELIANCE CHEMOTEX IND LTD,120.0,122.42,116.67,119.21,119.0,116.66,,119.28,,,7300,874893.04,340,F1,1,,,,,,Cash Only,Unclassified,False,119.43333333333334,119.545,119.32166666666667,119.545,119.32166666666667,0.22333333333332916,0.18734446215361897,Narrow,Bearish,Below CPR,False,True,0.18333333333333332,60,350388.58499999996,Inside,True,Risk On,True,7.03357142857143,121.38480000000001,123.97319999999999,0.03175247960461671,2.4969222099515602,False,False,No setup,Neutral,0,Not applicable,No directional setup; confirmation score not applicable.,Narrow CPR,Not applicable,Not applicable,Narrow CPR; Wide CPR rules not applied,0,0,0,0
2026-09-17,2026-09-17,CM,NSE,STK,14501,INE050E01027,BALAMINES,EQ,,,,,BALAJI AMINES LIMITED,2149.8,2184.0,2125.9,2148.9,2143.0,2149.8,,2148.84,,,86181,185934071.4,11052,F1,1,,,,,,Cash Only,Unclassified,False,2152.933333333333,2154.95,2150.916666666666,2154.95,2150.916666666666,4.033333333333758,0.18769292816481722,Narrow,Bearish,Below CPR,False,True,0.13333333333333333,60,414471125.55,Higher,True,Risk On,True,115.39285714285711,2250.964,2055.0625,0.03495305890849435,0.44860560829965396,False,True,No setup,Neutral,0,Not applicable,No directional setup; confirmation score not applicable.,Narrow CPR,Not applicable,Not applicable,Narrow CPR; Wide CPR rules not applied,0,0,0,0
2026-09-17,2026-09-17,CM,NSE,STK,2107,INE00IN01015,STOVEKRAFT,EQ,,,,,STOVE KRAFT LIMITED,818.8,843.8,818.8,833.65,831.2,828.55,,833.59,,,64463,53824699.95,6229,F1,1,,,,,,Cash Only,Unclassified,False,832.0833333333334,831.3,832.8666666666668,832.8666666666668,831.3,1.5666666666668334,0.187928587136908,Narrow,Bullish,Above CPR,True,False,0.2833333333333333,60,90062423.65,Higher,True,Risk On,False,30.932142857142853,796.4020000000002,715.966,0.050648500942929615,0.5976377024803728,True,True,No setup,Neutral,0,Not applicable,No directional setup; confirmation score not applicable.,Narrow CPR,Not applicable,Not applicable,Narrow CPR; Wide CPR rules not applied,0,0,0,0
2026-09-17,2026-09-17,CM,NSE,STK,6579,INE02NC01014,FINOPB,EQ,,,,,FINO PAYMENTS BANK LTD,136.05,138.37,135.26,136.43,135.87,136.05,,136.43,,,87730,11986561.32,1475,F1,1,,,,,,Cash Only,Unclassified,False,136.68666666666667,136.815,136.55833333333334,136.815,136.55833333333334,0.2566666666666606,0.1881306652984392,Narrow,Bearish,Below CPR,False,True,0.15,60,49968814.135000005,Lower,True,Risk On,True,5.3100000000000005,152.6084,143.1869,0.04833647206528448,0.2398808442324864,False,False,No setup,Neutral,0,Not applicable,No directional setup; confirmation score not applicable.,Narrow CPR,Not applicable,Not applicable,Narrow CPR; Wide CPR rules not applied,0,0,0,0
2026-09-17,2026-09-17,CM,NSE,STK,19795,INE0LMW01024,CELLO,EQ,,,,,CELLO WORLD LIMITED,324.0,330.35,323.0,327.6,327.0,323.4,,327.59,,,146537,48033459.8,8059,F1,1,,,,,,Cash Only,Unclassified,False,326.98333333333335,326.675,327.2916666666667,327.2916666666667,326.675,0.6166666666666742,0.18823768823769052,Narrow,Bullish,Above CPR,True,False,0.21666666666666667,60,77496894.44999999,Higher,True,Risk On,True,7.992857142857133,354.588,372.1125,0.07715221924337311,0.6198114149076074,False,False,No setup,Neutral,0,Not applicable,No directional setup; confirmation score not applicable.,Narrow CPR,Not applicable,Not applicable,Narrow CPR; Wide CPR rules not applied,0,0,0,0
2026-09-17,2026-09-17,CM,NSE,STK,759605,INE956O01016,LENSKART,EQ,,,,,LENSKART SOLUTIONS LTD,678.0,691.6,672.15,679.95,677.55,675.85,,679.94,,,5163552,3536392712.35,161068,F1,1,,,,,,Cash Only,Consumer Services,True,681.2333333333333,681.875,680.5916666666667,681.875,680.5916666666667,1.283333333333303,0.18873936809078654,Narrow,Bearish,Below CPR,False,True,0.25,60,3069588041.95,Higher,True,Risk On,True,18.907142857142844,608.952,558.4680000000001,0.06787558242034852,1.1520740451228288,True,True,No setup,Neutral,0,Not applicable,No directional setup; confirmation score not applicable.,Narrow CPR,Not applicable,Not applicable,Narrow CPR; Wide CPR rules not applied,0,0,0,0
2026-09-17,2026-09-17,CM,NSE,STK,13218,INE142Q01026,SULA,EQ,,,,,SULA VINEYARDS LIMITED,136.52,137.57,135.0,135.9,135.0,136.52,,135.9,,,211637,28788375.0,4146,F1,1,,,,,,Cash Only,Unclassified,False,136.15666666666667,136.285,136.02833333333334,136.285,136.02833333333334,0.2566666666666606,0.18886436104978704,Narrow,Bearish,Below CPR,False,True,0.43333333333333335,60,34133253.225,Lower,True,Risk On,False,4.350714285714288,150.22979999999998,155.3469,0.058994144366003066,0.8434114032504442,False,False,No setup,Neutral,0,Not applicable,No directional setup; confirmation score not applicable.,Narrow CPR,Not applicable,Not applicable,Narrow CPR; Wide CPR rules not applied,0,0,0,0
2026-09-17,2026-09-17,CM,NSE,STK,28960,INE0U3I01011,UNIMECH,EQ,,,,,UNIMECH AEROSPACE N MFG L,1550.0,1602.0,1530.3,1570.6,1568.0,1515.8,,1570.47,,,261719,412669837.0,25620,F1,1,,,,,,Cash Only,Unclassified,False,1567.6333333333332,1566.15,1569.1166666666663,1569.1166666666663,1566.15,2.9666666666662422,0.18888747400141617,Narrow,Bullish,Above CPR,True,False,0.15,60,202464382.65,Higher,True,Risk On,True,75.55714285714289,1392.7020000000002,1227.021,0.0392638810108975,2.038234239517486,True,True,No setup,Neutral,0,Not applicable,No directional setup; confirmation score not applicable.,Narrow CPR,Not applicable,Not applicable,Narrow CPR; Wide CPR rules not applied,0,0,0,0
2026-09-17,2026-09-17,CM,NSE,STK,760896,INE0OU201013,DCMSIL,EQ,,,,,DCM SHRIRAM INTERNATNL L,69.28,71.48,68.7,70.29,70.57,69.28,,70.29,,,59054,4106685.48,595,F1,1,,,,,,Cash Only,Unclassified,False,70.15666666666668,70.09,70.22333333333336,70.22333333333336,70.09,0.13333333333335418,0.1896903305354306,Narrow,Bullish,Above CPR,True,False,0.11428571428571428,35,8319564.91,Higher,True,Risk On,True,3.901428571428574,,,0.03417551568412591,0.4936178182904519,False,False,No setup,Neutral,0,Not applicable,No directional setup; confirmation score not applicable.,Narrow CPR,Not applicable,Not applicable,Narrow CPR; Wide CPR rules not applied,0,0,0,0
2026-09-17,2026-09-17,CM,NSE,STK,762653,INE280B01018,ELANTAS,EQ,,,,,ELANTAS BECK INDIA LTD.,13450.0,14000.0,13450.0,13686.0,13600.0,13436.0,,13686.76,,,2711,37394503.0,1098,F1,1,,,,,,Cash Only,Unclassified,False,13712.0,13725.0,13699.0,13725.0,13699.0,26.0,0.18997515709484145,Narrow,Bearish,Below CPR,False,True,0.23333333333333334,60,15180605.5,Higher,True,Risk On,True,806.7857142857143,11179.82,10459.641,0.032226648959716685,2.4633077382848794,True,True,No setup,Neutral,0,Not applicable,No directional setup; confirmation score not applicable.,Narrow CPR,Not applicable,Not applicable,Narrow CPR; Wide CPR rules not applied,0,0,0,0
2026-09-17,2026-09-17,CM,NSE,STK,2112,INE882A01013,MARALOVER,EQ,,,,,MARAL OVERSEAS LTD,58.12,61.4,58.12,59.59,59.78,59.42,,59.59,,,7533,451513.1,180,F1,1,,,,,,Cash Only,Unclassified,False,59.70333333333334,59.76,59.64666666666668,59.76,59.64666666666668,0.11333333333331552,0.19018851037643147,Narrow,Bearish,Below CPR,False,True,0.16666666666666666,60,633789.51,Inside,True,Risk On,True,4.0649999999999995,51.5354,46.6992,0.02788027880278365,0.7124022926791578,True,True,No setup,Neutral,0,Not applicable,No directional setup; confirmation score not applicable.,Narrow CPR,Not applicable,Not applicable,Narrow CPR; Wide CPR rules not applied,0,0,0,0
2026-09-17,2026-09-17,CM,NSE,STK,762899,INE402H01015,SHBAJRG,EQ,,,,,SHRI BAJRANG ALLIANCE L,152.0,155.01,148.28,152.08,153.99,151.35,,152.08,,,5324,816543.82,172,F1,1,,,,,,Cash Only,Unclassified,False,151.79,151.64499999999998,151.935,151.935,151.64499999999998,0.29000000000002046,0.190689110994227,Narrow,Bullish,Above CPR,True,False,0.11666666666666667,60,629116.6799999999,Inside,True,Risk On,True,6.714285714285713,174.4684,177.77480000000003,0.043191489361705186,1.2979211105958914,False,False,No setup,Neutral,0,Not applicable,No directional setup; confirmation score not applicable.,Narrow CPR,Not applicable,Not applicable,Narrow CPR; Wide CPR rules not applied,0,0,0,0
2026-09-17,2026-09-17,CM,NSE,STK,15303,INE863I01016,BANG,EQ,,,,,BANG OVERSEAS LTD.,32.6,33.97,32.6,33.19,33.25,32.45,,33.19,,,21817,723096.26,253,F1,1,,,,,,Cash Only,Unclassified,False,33.25333333333333,33.285,33.221666666666664,33.285,33.221666666666664,0.06333333333333258,0.19082052827156548,Narrow,Bearish,Below CPR,False,True,0.13333333333333333,60,924786.185,Higher,True,Risk On,True,2.071428571428571,30.9634,33.233200000000004,0.0305747126436778,0.7819064252133048,True,False,No setup,Neutral,0,Not applicable,No directional setup; confirmation score not applicable.,Narrow CPR,Not applicable,Not applicable,Narrow CPR; Wide CPR rules not applied,0,0,0,0
2026-09-17,2026-09-17,CM,NSE,STK,1633,INE571A01038,IPCALAB,EQ,,,,,IPCA LABORATORIES LTD,1940.0,2014.0,1937.9,1970.3,1977.8,1950.7,,1970.29,,,555590,1096201017.6,66874,F1,1,,,,,,Cash Only,Healthcare,True,1974.0666666666666,1975.95,1972.1833333333332,1975.95,1972.1833333333332,3.766666666666879,0.19117224111388514,Narrow,Bearish,Below CPR,False,True,0.25,60,404066723.95,Higher,True,Risk On,True,48.67142857142859,1856.026,1729.303,0.07738968789747033,2.712920794080648,True,True,No setup,Neutral,0,Not applicable,No directional setup; confirmation score not applicable.,Narrow CPR,Not applicable,Not applicable,Narrow CPR; Wide CPR rules not applied,0,0,0,0
2026-09-17,2026-09-17,CM,NSE,STK,17279,INE153T01027,BLS,EQ,,,,,BLS INTL SERVS LTD,227.87,230.2,226.59,227.74,228.02,226.74,,227.76,,,413806,94492379.61,10039,F1,1,,,,,,Cash Only,Consumer Services,True,228.17666666666665,228.39499999999998,227.95833333333331,228.39499999999998,227.95833333333331,0.4366666666666674,0.19173911770732738,Narrow,Bearish,Below CPR,False,True,0.26666666666666666,60,264722281.85500002,Higher,True,Risk On,False,6.262857142857142,244.43760000000003,254.75779999999997,0.0697232360097325,0.35694909755181703,False,False,No setup,Neutral,0,Not applicable,No directional setup; confirmation score not applicable.,Narrow CPR,Not applicable,Not applicable,Narrow CPR; Wide CPR rules not applied,0,0,0,0
2026-09-17,2026-09-17,CM,NSE,STK,20825,INE031A01017,HUDCO,EQ,,,,,HSG & URBAN DEV CORPN LTD,169.73,173.03,167.05,169.55,169.65,169.73,,169.55,,,2067656,350442747.81,25876,F1,1,,,,,,Cash Only,Financial Services,True,169.8766666666667,170.04000000000002,169.71333333333337,170.04000000000002,169.71333333333337,0.3266666666666538,0.19266686326549912,Narrow,Bearish,Below CPR,False,True,0.38333333333333336,60,338353264.78499997,Higher,True,Risk On,False,4.730000000000004,191.012,200.9557,0.06906272022550815,1.0357303572426944,False,False,No setup,Neutral,0,Not applicable,No directional setup; confirmation score not applicable.,Narrow CPR,Not applicable,Not applicable,Narrow CPR; Wide CPR rules not applied,0,0,0,0
2026-09-17,2026-09-17,CM,NSE,STK,765150,INE914G01029,POLYSPIN,EQ,,,,,POLYSPIN EXPORTS LTD.,29.55,29.55,29.38,29.38,29.38,28.95,,29.38,,,55,1616.58,2,F1,1,,,,,,Cash Only,Unclassified,False,29.436666666666667,29.465,29.408333333333335,29.465,29.408333333333335,0.05666666666666487,0.19287497163602746,Narrow,Bearish,Below CPR,False,True,0.18181818181818182,22,19156.644999999997,Higher,True,Risk On,True,1.4892857142857143,,,0.038049560351717415,0.08438742796559628,False,False,No setup,Neutral,0,Not applicable,No directional setup; confirmation score not applicable.,Narrow CPR,Not applicable,Not applicable,Narrow CPR; Wide CPR rules not applied,0,0,0,0
2026-09-17,2026-09-17,CM,NSE,STK,4568,INE446A01025,ATLASCYCLE,EQ,,,,,ATLAS CYCLE (HARYANA) LTD,92.35,92.9,86.1,89.76,89.02,92.35,,89.61,,,14880,1350635.16,349,F1,1,,,,,,Cash Only,Unclassified,False,89.58666666666666,89.5,89.67333333333332,89.67333333333332,89.5,0.1733333333333178,0.1931075460487052,Narrow,Bullish,Above CPR,True,False,0.26666666666666666,60,345080.175,Lower,True,Risk On,False,6.435714285714285,97.35719999999999,98.5046,0.02693303736588734,3.913974947995781,False,False,No setup,Neutral,0,Not applicable,No directional setup; confirmation score not applicable.,Narrow CPR,Not applicable,Not applicable,Narrow CPR; Wide CPR rules not applied,0,0,0,0
2026-09-17,2026-09-17,CM,NSE,STK,764532,INE1D0W01018,TECHNOCRAF,EQ,,,,,TECHNOCRAFT VENTURES LTD,433.7,450.0,430.85,439.15,439.8,439.4,,439.14,,,1068609,472418900.9,22699,F1,1,,,,,,Cash Only,Unclassified,False,440.0,440.425,439.575,440.425,439.575,0.8500000000000227,0.19355573266538148,Narrow,Bearish,Below CPR,False,True,0.2916666666666667,24,641788199.54,Higher,True,Risk On,False,22.408571428571424,,,0.03793191380849267,0.7360978298426256,False,False,No setup,Neutral,0,Not applicable,No directional setup; confirmation score not applicable.,Narrow CPR,Not applicable,Not applicable,Narrow CPR; Wide CPR rules not applied,0,0,0,0
2026-09-17,2026-09-17,CM,NSE,STK,2176,INE00Y801016,AKG,EQ,,,,,AKG EXIM LIMITED,10.74,10.92,9.66,10.32,10.3,10.55,,10.32,,,26194,267144.01,195,F1,1,,,,,,Cash Only,Unclassified,False,10.299999999999999,10.29,10.309999999999999,10.309999999999999,10.29,0.019999999999999574,0.19379844961239895,Narrow,Bullish,Above CPR,True,False,0.11666666666666667,60,189141.305,Lower,True,Risk On,True,0.5992857142857142,9.613,10.3706,0.033373063170440295,1.4124043925783425,True,False,No setup,Neutral,0,Not applicable,No directional setup; confirmation score not applicable.,Narrow CPR,Not applicable,Not applicable,Narrow CPR; Wide CPR rules not applied,0,0,0,0
2026-09-17,2026-09-17,CM,NSE,STK,11580,INE274F01020,WESTLIFE,EQ,,,,,WESTLIFE FOODWORLD LTD,544.15,557.2,544.1,549.05,545.2,550.45,,549.03,,,40486,22266819.45,3202,F1,1,,,,,,Cash Only,Unclassified,False,550.1166666666667,550.6500000000001,549.5833333333333,550.6500000000001,549.5833333333333,1.0666666666668334,0.19427495977904263,Narrow,Bearish,Below CPR,False,True,0.16666666666666666,60,39039166.35,Overlapping,True,Risk On,True,21.207142857142856,538.276,505.18550000000005,0.050297518805441796,0.5703712843243129,True,True,No setup,Neutral,0,Not applicable,No directional setup; confirmation score not applicable.,Narrow CPR,Not applicable,Not applicable,Narrow CPR; Wide CPR rules not applied,0,0,0,0
2026-09-17,2026-09-17,CM,NSE,STK,760740,INE121R01077,AMAGI,EQ,,,,,AMAGI MEDIA LABS LIMITED,569.1,579.9,565.45,574.35,575.0,569.3,,574.35,,,368321,211493833.15,11037,F1,1,,,,,,Cash Only,Unclassified,False,573.2333333333332,572.675,573.7916666666665,573.7916666666665,572.675,1.1166666666665606,0.19442268071151048,Narrow,Bullish,Above CPR,True,False,0.13333333333333333,60,224578807.95,Higher,True,Risk On,True,19.832142857142863,601.2860000000001,524.8620000000001,0.056305900714323225,0.9417354873354159,False,True,No setup,Neutral,0,Not applicable,No directional setup; confirmation score not applicable.,Narrow CPR,Not applicable,Not applicable,Narrow CPR; Wide CPR rules not applied,0,0,0,0
2026-09-17,2026-09-17,CM,NSE,STK,3275,INE869Y01028,TEMBO,EQ,,,,,TEMBO GLOBAL IND LTD,56.4,57.3,55.51,56.57,56.5,56.48,,56.57,,,727896,41080042.34,3967,F1,1,,,,,,Cash Only,Unclassified,False,56.46,56.405,56.515,56.515,56.405,0.10999999999999943,0.1944493547816854,Narrow,Bullish,Above CPR,True,False,0.16666666666666666,60,72681776.44,Higher,True,Risk On,True,2.119285714285714,245.9906,414.0058,0.051904280417930306,0.5652041591734106,False,False,No setup,Neutral,0,Not applicable,No directional setup; confirmation score not applicable.,Narrow CPR,Not applicable,Not applicable,Narrow CPR; Wide CPR rules not applied,0,0,0,0
2026-09-17,2026-09-17,CM,NSE,STK,7145,INE463V01026,ANANDRATHI,EQ,,,,,ANAND RATHI WEALTH LTD,2200.0,2229.5,2198.2,2207.4,2202.2,2206.2,,2207.3,,,140743,311672809.2,24694,F1,1,,,,,,Cash Only,Financial Services,True,2211.7000000000003,2213.85,2209.5500000000006,2213.85,2209.5500000000006,4.299999999999272,0.19479931140705228,Narrow,Bearish,Below CPR,False,True,0.35,60,458410263.9,Higher,True,Risk On,False,44.94999999999998,2138.12,2431.155,0.09566184649609064,0.6798992818101253,True,False,No setup,Neutral,0,Not applicable,No directional setup; confirmation score not applicable.,Narrow CPR,Not applicable,Not applicable,Narrow CPR; Wide CPR rules not applied,0,0,0,0
2026-09-17,2026-09-17,CM,NSE,STK,11987,INE483B01026,ICIL,EQ,,,,,INDO COUNT INDUSTRIES LTD,431.95,440.3,428.15,435.5,434.0,431.95,,435.52,,,467590,202525488.05,15235,F1,1,,,,,,Cash Only,Unclassified,False,434.65000000000003,434.225,435.07500000000005,435.07500000000005,434.225,0.8500000000000227,0.19517795637199142,Narrow,Bullish,Above CPR,True,False,0.15,60,192250453.85000002,Higher,True,Risk On,True,24.56071428571429,420.434,380.4128,0.03460811400319999,1.0534460855318286,True,True,No setup,Neutral,0,Not applicable,No directional setup; confirmation score not applicable.,Narrow CPR,Not applicable,Not applicable,Narrow CPR; Wide CPR rules not applied,0,0,0,0
2026-09-17,2026-09-17,CM,NSE,STK,19,INE189B01011,STYRENIX,EQ,,,,,STYRENIX PERFORMANCE LTD,2059.7,2088.9,2055.0,2065.9,2086.9,2059.7,,2065.95,,,17937,37174323.0,2642,F1,1,,,,,,Cash Only,Unclassified,False,2069.933333333333,2071.95,2067.916666666666,2071.95,2067.916666666666,4.033333333333758,0.19523371573327641,Narrow,Bearish,Below CPR,False,True,0.21666666666666667,60,77515013.6,Higher,True,Risk On,True,60.800000000000054,2222.292,2242.762,0.06633771929825254,0.47957577859471606,False,False,No setup,Neutral,0,Not applicable,No directional setup; confirmation score not applicable.,Narrow CPR,Not applicable,Not applicable,Narrow CPR; Wide CPR rules not applied,0,0,0,0
2026-09-17,2026-09-17,CM,NSE,STK,18029,INE912H01013,MBLINFRA,EQ,,,,,MBL INFRASTRUCTURE LTD,22.25,22.85,21.4,22.19,22.19,22.14,,22.19,,,36249,793865.77,191,F1,1,,,,,,Cash Only,Unclassified,False,22.146666666666665,22.125,22.16833333333333,22.16833333333333,22.125,0.04333333333332945,0.1952831605828276,Narrow,Bullish,Above CPR,True,False,0.11666666666666667,60,1576672.7850000001,Lower,True,Risk On,True,1.3207142857142855,25.0418,25.055100000000003,0.032810528213445773,0.5035069911478176,False,False,No setup,Neutral,0,Not applicable,No directional setup; confirmation score not applicable.,Narrow CPR,Not applicable,Not applicable,Narrow CPR; Wide CPR rules not applied,0,0,0,0
2026-09-17,2026-09-17,CM,NSE,STK,157,INE437A01024,APOLLOHOSP,EQ,,,,,APOLLO HOSPITALS ENTER. L,8707.0,8799.0,8686.5,8768.5,8768.5,8696.5,,8768.45,,,191301,1676064147.0,29442,F1,1,,,,,,F&O + Cash,Healthcare,True,8751.333333333334,8742.75,8759.916666666668,8759.916666666668,8742.75,17.16666666666788,0.19577654863052835,Narrow,Bullish,Above CPR,True,False,0.4,60,2433645598.5,Higher,True,Risk On,False,140.03571428571428,8831.42,8556.54,0.12258777522741664,0.6887051048160249,False,True,No setup,Neutral,0,Not applicable,No directional setup; confirmation score not applicable.,Narrow CPR,Not applicable,Not applicable,Narrow CPR; Wide CPR rules not applied,0,0,0,0
2026-09-17,2026-09-17,CM,NSE,STK,4594,INE720A01015,KOTHARIPET,EQ,,,,,KOTHARI PETROCHEM LTD,134.39,134.46,131.6,132.64,132.79,133.03,,132.64,,,49247,6536849.41,858,F1,1,,,,,,Cash Only,Unclassified,False,132.9,133.03,132.77,133.03,132.77,0.2599999999999909,0.19601930036187495,Narrow,Bearish,Below CPR,False,True,0.15,60,7535722.395,Overlapping,True,Risk On,True,6.462857142857142,136.1792,131.9743,0.04022988505746986,0.8674482773326737,False,True,No setup,Neutral,0,Not applicable,No directional setup; confirmation score not applicable.,Narrow CPR,Not applicable,Not applicable,Narrow CPR; Wide CPR rules not applied,0,0,0,0
2026-09-17,2026-09-17,CM,NSE,STK,1139,INE289B01019,GICHSGFIN,EQ,,,,,GIC HOUSING FINANCE LTD,135.0,137.74,135.0,135.97,136.0,134.92,,135.89,,,44942,6123110.73,1072,F1,1,,,,,,Cash Only,Unclassified,False,136.23666666666668,136.37,136.10333333333335,136.37,136.10333333333335,0.2666666666666515,0.19612169351081232,Narrow,Bearish,Below CPR,False,True,0.45,60,10477181.165,Higher,True,Risk On,False,3.7542857142857122,144.3174,149.01069999999999,0.07102993404362867,0.5844234850548182,False,False,No setup,Neutral,0,Not applicable,No directional setup; confirmation score not applicable.,Narrow CPR,Not applicable,Not applicable,Narrow CPR; Wide CPR rules not applied,0,0,0,0
2026-09-17,2026-09-17,CM,NSE,STK,1624,INE242A01010,IOC,EQ,,,,,INDIAN OIL CORP LTD,134.9,135.33,134.0,134.27,134.27,134.75,,134.27,,,5640680,758457328.96,55608,F1,1,,,,,,F&O + Cash,Oil Gas & Consumable Fuels,True,134.53333333333333,134.66500000000002,134.40166666666664,134.66500000000002,134.40166666666664,0.26333333333337805,0.19612224125521563,Narrow,Bearish,Below CPR,False,True,0.35,60,1258995056.9850001,Higher,True,Risk On,False,2.6021428571428578,138.9272,140.0182,0.10119864580475685,0.602430744070059,False,False,No setup,Neutral,0,Not applicable,No directional setup; confirmation score not applicable.,Narrow CPR,Not applicable,Not applicable,Narrow CPR; Wide CPR rules not applied,0,0,0,0
2026-09-17,2026-09-17,CM,NSE,STK,764553,INE01NH01023,DHOOTTRANS,EQ,,,,,DHOOT TRANSMISSION LTD,1575.1,1633.3,1517.0,1579.8,1567.0,1590.9,,1579.58,,,3305916,5221785442.0,167197,F1,1,,,,,,Cash Only,Unclassified,False,1576.7,1575.15,1578.25,1578.25,1575.15,3.099999999999909,0.19622737055322884,Narrow,Bullish,Above CPR,True,False,0.2608695652173913,23,5743272027.3,Higher,True,Risk On,False,114.25714285714287,,,0.027131782945735636,0.90920043786518,False,False,No setup,Neutral,0,Not applicable,No directional setup; confirmation score not applicable.,Narrow CPR,Not applicable,Not applicable,Narrow CPR; Wide CPR rules not applied,0,0,0,0
2026-09-17,2026-09-17,CM,NSE,STK,757801,INE05J901018,IGCL,EQ,,,,,INDOGULF CROPSCIENCES LTD,66.0,67.0,65.05,66.22,66.05,65.27,,66.22,,,69026,4551731.71,1755,F1,1,,,,,,Cash Only,Unclassified,False,66.09,66.025,66.155,66.155,66.025,0.12999999999999545,0.1963153125943755,Narrow,Bullish,Above CPR,True,False,0.25,60,7926969.225,Higher,True,Risk On,True,2.651428571428572,72.4006,67.4884,0.04903017241379137,0.5742083236105916,False,False,No setup,Neutral,0,Not applicable,No directional setup; confirmation score not applicable.,Narrow CPR,Not applicable,Not applicable,Narrow CPR; Wide CPR rules not applied,0,0,0,0
2026-09-17,2026-09-17,CM,NSE,STK,761528,INE0ADB01012,INNOVISION,EQ,,,,,INNOVISION LIMITED,252.5,257.9,252.5,254.45,256.4,255.45,,254.46,,,10819,2755602.8,659,F1,1,,,,,,Cash Only,Unclassified,False,254.94999999999996,255.2,254.69999999999993,255.2,254.69999999999993,0.5000000000000568,0.19650225977600977,Narrow,Bearish,Below CPR,False,True,0.21666666666666667,60,4157565.175,Lower,True,Risk On,True,13.81785714285714,274.899,288.594,0.03618506073921322,0.662792447986098,False,False,No setup,Neutral,0,Not applicable,No directional setup; confirmation score not applicable.,Narrow CPR,Not applicable,Not applicable,Narrow CPR; Wide CPR rules not applied,0,0,0,0
2026-09-17,2026-09-17,CM,NSE,STK,14480,INE314T01033,GOKULAGRO,EQ,,,,,GOKUL AGRO RESOURCES LTD,216.05,221.71,215.92,218.17,218.87,218.43,,218.17,,,140349,30741451.07,6072,F1,1,,,,,,Cash Only,Unclassified,False,218.6,218.815,218.385,218.815,218.385,0.4300000000000068,0.19709400925883802,Narrow,Bearish,Below CPR,False,True,0.18333333333333332,60,69218442.345,Higher,True,Risk On,True,6.705714285714289,227.3252,227.0759,0.06412441414571893,0.4441222603186853,False,False,No setup,Neutral,0,Not applicable,No directional setup; confirmation score not applicable.,Narrow CPR,Not applicable,Not applicable,Narrow CPR; Wide CPR rules not applied,0,0,0,0
2026-09-17,2026-09-17,CM,NSE,STK,757965,INE0NAZ01010,SMARTWORKS,EQ,,,,,SMARTWORKS COWORKING SP L,516.0,525.0,511.7,519.9,520.0,520.2,,519.9,,,49448,25712134.9,2645,F1,1,,,,,,Cash Only,Unclassified,False,518.8666666666667,518.35,519.3833333333333,519.3833333333333,518.35,1.033333333333303,0.19875617105853108,Narrow,Bullish,Above CPR,True,False,0.23333333333333334,60,35349971.675,Higher,True,Risk On,True,15.932142857142846,501.70300000000003,478.505,0.06485840245086864,0.7273594201543303,True,True,No setup,Neutral,0,Not applicable,No directional setup; confirmation score not applicable.,Narrow CPR,Not applicable,Not applicable,Narrow CPR; Wide CPR rules not applied,0,0,0,0
2026-09-17,2026-09-17,CM,NSE,STK,21427,INE924D01017,THEINVEST,EQ,,,,,THE INVEST TRUST OF IND L,96.98,98.0,93.61,95.52,96.0,95.13,,95.59,,,2553,243827.94,137,F1,1,,,,,,Cash Only,Unclassified,False,95.71,95.805,95.61499999999998,95.805,95.61499999999998,0.19000000000002615,0.1989112227805969,Narrow,Bearish,Below CPR,False,True,0.25,60,422355.13,Higher,True,Risk On,True,4.108571428571431,97.1902,99.65610000000001,0.04624478442281579,0.5773055011785935,False,False,No setup,Neutral,0,Not applicable,No directional setup; confirmation score not applicable.,Narrow CPR,Not applicable,Not applicable,Narrow CPR; Wide CPR rules not applied,0,0,0,0
2026-09-17,2026-09-17,CM,NSE,STK,10321,INE431F01018,PKTEA,EQ,,,,,THE P K TEA PROD CO LTD,931.95,936.95,900.05,921.25,926.0,936.95,,921.25,,,2604,2399821.55,291,F1,1,,,,,,Cash Only,Unclassified,False,919.4166666666666,918.5,920.3333333333333,920.3333333333333,918.5,1.8333333333332575,0.1990049751243699,Narrow,Bullish,Above CPR,True,False,0.23333333333333334,60,96675.925,Lower,True,Risk On,True,97.26785714285714,770.7819999999999,785.4735,0.018848295697936925,24.823362693452374,True,True,No setup,Neutral,0,Not applicable,No directional setup; confirmation score not applicable.,Narrow CPR,Not applicable,Not applicable,Narrow CPR; Wide CPR rules not applied,0,0,0,0
2026-09-17,2026-09-17,CM,NSE,STK,2181,INE323A01026,BOSCHLTD,EQ,,,,,BOSCH LIMITED,47740.0,48160.0,47595.0,47735.0,47735.0,47555.0,,47735.0,,,17379,832677560.0,10505,F1,1,,,,,,F&O + Cash,Automobile and Auto Components,True,47830.0,47877.5,47782.5,47877.5,47782.5,95.0,0.19901539750707026,Narrow,Bearish,Below CPR,False,True,0.31666666666666665,60,1382768310.0,Higher,True,Risk On,False,1221.7857142857142,45057.9,41594.95,0.07775504238526747,0.6021815469577836,True,True,No setup,Neutral,0,Not applicable,No directional setup; confirmation score not applicable.,Narrow CPR,Not applicable,Not applicable,Narrow CPR; Wide CPR rules not applied,0,0,0,0
2026-09-17,2026-09-17,CM,NSE,STK,764905,INE311M01018,SHRADDHA,EQ,,,,,SHRADDHA PRIME PROJECTS L,154.45,154.45,146.11,150.73,149.01,152.97,,150.72,,,5141,775885.52,80,F1,1,,,,,,Cash Only,Unclassified,False,150.42999999999998,150.28,150.57999999999996,150.57999999999996,150.28,0.2999999999999545,0.19903138061431336,Narrow,Bullish,Above CPR,True,False,0.13043478260869565,23,728182.32,Overlapping,True,Risk On,True,9.66642857142857,,,0.031035247173571003,1.065509967338949,False,False,No setup,Neutral,0,Not applicable,No directional setup; confirmation score not applicable.,Narrow CPR,Not applicable,Not applicable,Narrow CPR; Wide CPR rules not applied,0,0,0,0
2026-09-17,2026-09-17,CM,NSE,STK,10568,INE809A01032,RAMAPHO,EQ,,,,,RAMA PHOSPHATES LIMITED,117.89,119.0,115.5,116.9,116.61,115.18,,117.27,,,14613,1704328.74,441,F1,1,,,,,,Cash Only,Unclassified,False,117.13333333333333,117.25,117.01666666666665,117.25,117.01666666666665,0.2333333333333485,0.19960079840320658,Narrow,Bearish,Below CPR,False,True,0.2,60,2828420.105,Higher,True,Risk On,True,3.6378571428571425,123.9068,125.8178,0.06414032331959316,0.6025727002106711,False,False,No setup,Neutral,0,Not applicable,No directional setup; confirmation score not applicable.,Narrow CPR,Not applicable,Not applicable,Narrow CPR; Wide CPR rules not applied,0,0,0,0
2026-09-17,2026-09-17,CM,NSE,STK,759448,INE1B6101010,SHREEJISPG,EQ,,,,,SHREEJI SHIPPING GLOBAL L,688.35,697.55,680.3,691.0,689.2,690.2,,691.0,,,1140193,784690320.15,7754,F1,1,,,,,,Cash Only,Unclassified,False,689.6166666666667,688.925,690.3083333333334,690.3083333333334,688.925,1.3833333333334394,0.20019295706706794,Narrow,Bullish,Above CPR,True,False,0.21666666666666667,60,500515677.5,Higher,True,Risk On,True,26.542857142857144,640.1709999999999,549.439,0.05211697165411235,1.5677637193492304,True,True,No setup,Neutral,0,Not applicable,No directional setup; confirmation score not applicable.,Narrow CPR,Not applicable,Not applicable,Narrow CPR; Wide CPR rules not applied,0,0,0,0
2026-09-17,2026-09-17,CM,NSE,STK,14657,INE070I01018,INSECTICID,EQ,,,,,INSECTICIDES (I) LTD,595.2,603.0,591.1,598.85,595.9,595.2,,598.71,,,6994,4183766.85,763,F1,1,,,,,,Cash Only,Unclassified,False,597.65,597.05,598.25,598.25,597.05,1.2000000000000455,0.20038406946648502,Narrow,Bullish,Above CPR,True,False,0.2833333333333333,60,12520361.625,Higher,True,Risk On,False,24.082142857142863,623.455,664.4425,0.04982945276583311,0.3341570295897903,False,False,No setup,Neutral,0,Not applicable,No directional setup; confirmation score not applicable.,Narrow CPR,Not applicable,Not applicable,Narrow CPR; Wide CPR rules not applied,0,0,0,0
2026-09-17,2026-09-17,CM,NSE,STK,8075,INE00R701025,DALBHARAT,EQ,,,,,DALMIA BHARAT LIMITED,1680.1,1700.0,1676.4,1693.3,1682.0,1693.6,,1693.27,,,43925,74288169.4,13208,F1,1,,,,,,Cash Only,Construction Materials,True,1689.8999999999999,1688.2,1691.5999999999997,1691.5999999999997,1688.2,3.399999999999636,0.2007913541604935,Narrow,Bullish,Above CPR,True,False,0.23333333333333334,60,358950044.5,Lower,True,Risk On,True,52.61428571428571,1809.61,1788.0,0.06462123269073433,0.2069596327909078,False,False,No setup,Neutral,0,Not applicable,No directional setup; confirmation score not applicable.,Narrow CPR,Not applicable,Not applicable,Narrow CPR; Wide CPR rules not applied,0,0,0,0
2026-09-17,2026-09-17,CM,NSE,STK,760116,INE0TQE01026,GLOTTIS,EQ,,,,,GLOTTIS LIMITED,57.15,58.5,57.15,58.0,58.0,58.01,,58.0,,,24712,1431574.4,428,F1,1,,,,,,Cash Only,Unclassified,False,57.88333333333333,57.825,57.94166666666666,57.94166666666666,57.825,0.11666666666666003,0.20114942528734486,Narrow,Bullish,Above CPR,True,False,0.1,60,8210487.13,Lower,True,Risk On,True,2.0057142857142867,59.8786,53.69570000000001,0.0581671415004715,0.1743592526647076,False,True,No setup,Neutral,0,Not applicable,No directional setup; confirmation score not applicable.,Narrow CPR,Not applicable,Not applicable,Narrow CPR; Wide CPR rules not applied,0,0,0,0
2026-09-17,2026-09-17,CM,NSE,STK,764985,INE362D01010,VIJSOLX,EQ,,,,,VIJAY SOLVEX LTD.,640.0,658.85,613.0,637.85,633.0,640.0,,637.85,,,139,87776.85,34,F1,1,,,,,,Cash Only,Unclassified,False,636.5666666666666,635.925,637.2083333333333,637.2083333333333,635.925,1.283333333333303,0.20119672859344723,Narrow,Bullish,Above CPR,True,False,0.21739130434782608,23,175683.15,Inside,True,Risk On,True,29.446428571428573,,,0.04358196887002121,0.49963158105942435,False,False,No setup,Neutral,0,Not applicable,No directional setup; confirmation score not applicable.,Narrow CPR,Not applicable,Not applicable,Narrow CPR; Wide CPR rules not applied,0,0,0,0
2026-09-17,2026-09-17,CM,NSE,STK,13730,INE020G01017,INSPIRISYS,EQ,,,,,INSPIRISYS SOLUTIONS LTD,83.99,86.39,83.0,84.44,85.28,83.31,,84.61,,,2811,236852.34,80,F1,1,,,,,,Cash Only,Unclassified,False,84.61,84.695,84.525,84.695,84.525,0.1699999999999875,0.20132638559922728,Narrow,Bearish,Below CPR,False,True,0.13333333333333333,60,555967.545,Higher,True,Risk On,True,7.516428571428571,92.917,92.67379999999999,0.02261712439418251,0.42601828493424015,False,False,No setup,Neutral,0,Not applicable,No directional setup; confirmation score not applicable.,Narrow CPR,Not applicable,Not applicable,Narrow CPR; Wide CPR rules not applied,0,0,0,0
2026-09-17,2026-09-17,CM,NSE,STK,2814,INE006Z01016,ARVEE,EQ,,,,,ARVEE LABORATORIES I LTD,166.2,179.0,166.2,172.08,171.0,168.27,,172.08,,,3058,532466.08,123,F1,1,,,,,,Cash Only,Unclassified,False,172.42666666666665,172.6,172.2533333333333,172.6,172.2533333333333,0.34666666666669244,0.2014566868123503,Narrow,Bearish,Below CPR,False,True,0.2,60,177270.45,Higher,True,Risk On,True,13.825714285714287,165.8668,165.1725,0.025074051112490666,3.0036933961638836,True,True,No setup,Neutral,0,Not applicable,No directional setup; confirmation score not applicable.,Narrow CPR,Not applicable,Not applicable,Narrow CPR; Wide CPR rules not applied,0,0,0,0
2026-09-17,2026-09-17,CM,NSE,STK,761153,INE00XB01019,SEDEMAC,EQ,,,,,SEDEMAC MECHATRONICS LTD,3158.8,3214.4,3025.6,3110.6,3102.5,3122.4,,3110.3,,,285470,900340071.3,34660,F1,1,,,,,,Cash Only,Unclassified,False,3116.866666666667,3120.0,3113.7333333333336,3120.0,3113.7333333333336,6.266666666666424,0.20146166870270765,Narrow,Bearish,Below CPR,False,True,0.16666666666666666,60,299501292.75,Higher,True,Risk On,True,130.72142857142862,2903.374,2628.0009999999997,0.04793909258145998,3.0061308351397757,True,True,No setup,Neutral,0,Not applicable,No directional setup; confirmation score not applicable.,Narrow CPR,Not applicable,Not applicable,Narrow CPR; Wide CPR rules not applied,0,0,0,0
2026-09-17,2026-09-17,CM,NSE,STK,3375,INE335A01020,SURYAROSNI,EQ,,,,,SURYA ROSHNI LTD,209.0,213.0,208.21,209.97,210.9,209.2,,209.97,,,354392,74546412.53,5969,F1,1,,,,,,Cash Only,Unclassified,False,210.39333333333335,210.60500000000002,210.18166666666667,210.60500000000002,210.18166666666667,0.4233333333333462,0.20161610388786314,Narrow,Bearish,Below CPR,False,True,0.2833333333333333,60,98131474.65,Higher,True,Risk On,False,5.337857142857142,230.313,241.4806,0.0793077300504061,0.7596585376494186,False,False,No setup,Neutral,0,Not applicable,No directional setup; confirmation score not applicable.,Narrow CPR,Not applicable,Not applicable,Narrow CPR; Wide CPR rules not applied,0,0,0,0
2026-09-17,2026-09-17,CM,NSE,STK,17603,INE215D01010,MAHEPC,EQ,,,,,MAHINDRA EPC IRRIG LTD,103.49,103.49,101.11,101.99,102.35,101.18,,102.01,,,2687,274177.72,103,F1,1,,,,,,Cash Only,Unclassified,False,102.19666666666666,102.3,102.09333333333332,102.3,102.09333333333332,0.20666666666667766,0.20263424518744744,Narrow,Bearish,Below CPR,False,True,0.26666666666666666,60,2540331.6950000003,Overlapping,True,Risk On,False,2.982142857142857,107.66799999999999,112.18220000000001,0.0693013972055925,0.1079298898406257,False,False,No setup,Neutral,0,Not applicable,No directional setup; confirmation score not applicable.,Narrow CPR,Not applicable,Not applicable,Narrow CPR; Wide CPR rules not applied,0,0,0,0
2026-09-17,2026-09-17,CM,NSE,STK,10417,INE600Y01019,DYCL,EQ,,,,,DYNAMIC CABLES LIMITED,434.0,448.0,434.0,442.35,441.1,433.0,,442.35,,,333427,147909275.55,13613,F1,1,,,,,,Cash Only,Unclassified,False,441.45,441.0,441.9,441.9,441.0,0.8999999999999773,0.20345879959307722,Narrow,Bullish,Above CPR,True,False,0.18333333333333332,60,179691738.875,Higher,True,Risk On,True,32.021428571428565,434.00199999999995,389.5874,0.02810617889805863,0.8231278548252627,True,True,No setup,Neutral,0,Not applicable,No directional setup; confirmation score not applicable.,Narrow CPR,Not applicable,Not applicable,Narrow CPR; Wide CPR rules not applied,0,0,0,0
2026-09-17,2026-09-17,CM,NSE,STK,3906,INE475E01026,CAPLIPOINT,EQ,,,,,CAPLIN POINT LAB LTD.,2586.6,2629.8,2579.3,2596.6,2600.0,2583.0,,2596.55,,,68353,177847989.3,10520,F1,1,,,,,,Cash Only,Healthcare,True,2601.9,2604.55,2599.25,2604.55,2599.25,5.300000000000182,0.2041130709389271,Narrow,Bearish,Below CPR,False,True,0.21666666666666667,60,247627723.45,Higher,True,Risk On,True,117.00714285714295,2599.888,2377.199,0.04529637995238538,0.7182071006516779,False,True,No setup,Neutral,0,Not applicable,No directional setup; confirmation score not applicable.,Narrow CPR,Not applicable,Not applicable,Narrow CPR; Wide CPR rules not applied,0,0,0,0
2026-09-17,2026-09-17,CM,NSE,STK,757938,INE344T01014,BELLACASA,EQ,,,,,BELLA CASA FASH AND RET L,258.93,258.93,250.0,255.25,255.0,250.48,,255.25,,,12720,3251562.55,665,F1,1,,,,,,Cash Only,Unclassified,False,254.7266666666667,254.465,254.98833333333337,254.98833333333337,254.465,0.523333333333369,0.20502775057134925,Narrow,Bullish,Above CPR,True,False,0.18333333333333332,60,2259091.495,Higher,True,Risk On,True,12.830000000000004,241.5146,245.0121,0.04078981553650575,1.4393230894793836,True,True,No setup,Neutral,0,Not applicable,No directional setup; confirmation score not applicable.,Narrow CPR,Not applicable,Not applicable,Narrow CPR; Wide CPR rules not applied,0,0,0,0
2026-09-17,2026-09-17,CM,NSE,STK,5049,INE227W01023,CLEAN,EQ,,,,,CLEAN SCIENCE & TECH LTD,821.8,834.8,816.4,828.15,828.0,820.0,,828.06,,,138156,114230034.0,8910,F1,1,,,,,,Cash Only,Chemicals,True,826.4499999999999,825.5999999999999,827.3,827.3,825.5999999999999,1.7000000000000455,0.20527682183179927,Narrow,Bullish,Above CPR,True,False,0.2833333333333333,60,203083260.4,Higher,True,Risk On,False,25.43928571428572,795.8059999999999,792.6795000000001,0.06682577565632636,0.5624788265414317,True,True,No setup,Neutral,0,Not applicable,No directional setup; confirmation score not applicable.,Narrow CPR,Not applicable,Not applicable,Narrow CPR; Wide CPR rules not applied,0,0,0,0
2026-09-17,2026-09-17,CM,NSE,STK,11667,INE366A01041,DWARKESH,EQ,,,,,DWARIKESH SUGAR IND LTD,41.0,41.27,40.04,40.53,40.59,41.04,,40.53,,,1708233,69450551.35,6044,F1,1,,,,,,Cash Only,Unclassified,False,40.61333333333334,40.655,40.57166666666667,40.655,40.57166666666667,0.0833333333333286,0.20560901389915764,Narrow,Bearish,Below CPR,False,True,0.2,60,70517193.00999999,Lower,True,Risk On,True,2.477857142857143,44.86679999999999,44.716499999999996,0.033631209762657835,0.9848740198741499,False,False,No setup,Neutral,0,Not applicable,No directional setup; confirmation score not applicable.,Narrow CPR,Not applicable,Not applicable,Narrow CPR; Wide CPR rules not applied,0,0,0,0
2026-09-17,2026-09-17,CM,NSE,STK,13510,INE737W01013,AKASH,EQ,,,,,AKASH INFRA-PROJECTS LTD,24.0,24.67,24.0,24.26,24.26,24.18,,24.26,,,417,10169.75,20,F1,1,,,,,,Cash Only,Unclassified,False,24.310000000000002,24.335,24.285000000000004,24.335,24.285000000000004,0.04999999999999716,0.20610057708160412,Narrow,Bearish,Below CPR,False,True,0.21666666666666667,60,129609.535,Overlapping,True,Risk On,True,0.9521428571428573,25.867399999999996,26.418100000000003,0.05251312828206752,0.0784645203765294,False,False,No setup,Neutral,0,Not applicable,No directional setup; confirmation score not applicable.,Narrow CPR,Not applicable,Not applicable,Narrow CPR; Wide CPR rules not applied,0,0,0,0
2026-09-17,2026-09-17,CM,NSE,STK,14278,INE607D01018,ORIENTBELL,EQ,,,,,ORIENT BELL LIMITED,380.0,392.1,380.0,387.25,391.0,384.2,,387.25,,,15649,6070357.35,849,F1,1,,,,,,Cash Only,Unclassified,False,386.45,386.05,386.84999999999997,386.84999999999997,386.05,0.7999999999999545,0.20658489347965256,Narrow,Bullish,Above CPR,True,False,0.16666666666666666,60,4412333.550000001,Overlapping,True,Risk On,True,20.95714285714286,352.14799999999997,339.32199999999995,0.03817314246761882,1.3757702769320326,True,True,No setup,Neutral,0,Not applicable,No directional setup; confirmation score not applicable.,Narrow CPR,Not applicable,Not applicable,Narrow CPR; Wide CPR rules not applied,0,0,0,0
2026-09-17,2026-09-17,CM,NSE,STK,5938,INE950M01013,MONTECARLO,EQ,,,,,MONTE CARLO FASHIONS LTD.,551.3,557.95,548.0,554.7,554.2,549.95,,554.63,,,60859,33675438.85,2318,F1,1,,,,,,Cash Only,Unclassified,False,553.5500000000001,552.975,554.1250000000001,554.1250000000001,552.975,1.150000000000091,0.20731927167840108,Narrow,Bullish,Above CPR,True,False,0.25,60,23407252.7,Inside,True,Risk On,True,16.214285714285722,536.707,546.935,0.07092511013216417,1.4386754089257132,True,True,No setup,Neutral,0,Not applicable,No directional setup; confirmation score not applicable.,Narrow CPR,Not applicable,Not applicable,Narrow CPR; Wide CPR rules not applied,0,0,0,0
2026-09-17,2026-09-17,CM,NSE,STK,20831,INE046W01019,MUTHOOTMF,EQ,,,,,MUTHOOT MICROFIN LIMITED,188.5,190.59,186.66,188.04,188.25,187.41,,188.05,,,75707,14274735.53,2104,F1,1,,,,,,Cash Only,Unclassified,False,188.42999999999998,188.625,188.23499999999996,188.625,188.23499999999996,0.3900000000000432,0.2074026802808143,Narrow,Bearish,Below CPR,False,True,0.08333333333333333,60,86586930.285,Inside,True,Risk On,True,7.305714285714292,220.71599999999998,207.4885,0.05338287055143332,0.16486016403416603,False,False,No setup,Neutral,0,Not applicable,No directional setup; confirmation score not applicable.,Narrow CPR,Not applicable,Not applicable,Narrow CPR; Wide CPR rules not applied,0,0,0,0
2026-09-17,2026-09-17,CM,NSE,STK,4306,INE721A01047,SHRIRAMFIN,EQ,,,,,SHRIRAM FINANCE LIMITED,979.0,1005.5,978.3,995.0,995.0,979.0,,995.0,,,4285999,4258544917.9,71134,F1,1,,,,,,F&O + Cash,Financial Services,True,992.9333333333334,991.9,993.9666666666668,993.9666666666668,991.9,2.0666666666668334,0.20770519262983247,Narrow,Bullish,Above CPR,True,False,0.23333333333333334,60,4276370117.35,Higher,True,Risk On,True,30.214285714285747,1067.688,1019.054,0.06840031520883129,0.9958316986226988,False,False,No setup,Neutral,0,Not applicable,No directional setup; confirmation score not applicable.,Narrow CPR,Not applicable,Not applicable,Narrow CPR; Wide CPR rules not applied,0,0,0,0
2026-09-17,2026-09-17,CM,NSE,STK,17400,INE848E01016,NHPC,EQ,,,,,NHPC LTD,75.61,75.88,74.99,75.2,75.2,75.41,,75.2,,,11626579,875915496.34,62477,F1,1,,,,,,F&O + Cash,Power,True,75.35666666666667,75.435,75.27833333333334,75.435,75.27833333333334,0.1566666666666663,0.20833333333333282,Narrow,Bearish,Below CPR,False,True,0.4,60,725364318.865,Lower,True,Risk On,False,1.4749999999999974,77.5636,77.9988,0.10621468926553665,1.2075524995640428,False,False,No setup,Neutral,0,Not applicable,No directional setup; confirmation score not applicable.,Narrow CPR,Not applicable,Not applicable,Narrow CPR; Wide CPR rules not applied,0,0,0,0
2026-09-17,2026-09-17,CM,NSE,STK,19372,INE970N01027,SPCENET,EQ,,,,,SPACENET ENTERS IND LTD,3.25,3.3,3.1,3.19,3.2,3.24,,3.19,,,912892,2911931.72,544,F1,1,,,,,,Cash Only,Unclassified,False,3.1966666666666668,3.2,3.1933333333333334,3.2,3.1933333333333334,0.006666666666666821,0.20898641588297245,Narrow,Bearish,Below CPR,False,True,0.15,60,2207512.4050000003,Lower,True,Risk On,True,0.18071428571428563,3.5004000000000004,3.6078,0.03689064558629863,1.3191009542707417,False,False,No setup,Neutral,0,Not applicable,No directional setup; confirmation score not applicable.,Narrow CPR,Not applicable,Not applicable,Narrow CPR; Wide CPR rules not applied,0,0,0,0
2026-09-17,2026-09-17,CM,NSE,STK,14602,INE855C01023,WEBELSOLAR,EQ,,,,,WEBSOL ENERGY SYSTEM LTD,72.12,72.91,71.02,71.74,71.49,72.11,,71.74,,,1568698,112497044.5,12450,F1,1,,,,,,Cash Only,Unclassified,False,71.89,71.965,71.815,71.965,71.815,0.15000000000000568,0.2090883746863754,Narrow,Bearish,Below CPR,False,True,0.16666666666666666,60,145179055.515,Lower,True,Risk On,True,3.230000000000001,87.9808,97.72409999999999,0.04643962848297389,0.7748848075979992,False,False,No setup,Neutral,0,Not applicable,No directional setup; confirmation score not applicable.,Narrow CPR,Not applicable,Not applicable,Narrow CPR; Wide CPR rules not applied,0,0,0,0
2026-09-17,2026-09-17,CM,NSE,STK,23127,INE0PB301013,SCILAL,EQ,,,,,SHIPPING CORP OF ILA LTD,37.5,38.64,37.5,38.19,38.38,37.91,,38.19,,,207970,7946045.31,850,F1,1,,,,,,Cash Only,Unclassified,False,38.11,38.07,38.15,38.15,38.07,0.0799999999999983,0.20947892118355146,Narrow,Bullish,Above CPR,True,False,0.3333333333333333,60,7687032.154999999,Higher,True,Risk On,False,1.0057142857142856,40.6014,43.17269999999999,0.07954545454545286,1.0336948187255242,False,False,No setup,Neutral,0,Not applicable,No directional setup; confirmation score not applicable.,Narrow CPR,Not applicable,Not applicable,Narrow CPR; Wide CPR rules not applied,0,0,0,0
2026-09-17,2026-09-17,CM,NSE,STK,20329,INE180C01042,CGCL,EQ,,,,,CAPRI GLOBAL CAPITAL LTD,256.95,266.4,256.65,262.35,262.2,256.65,,262.34,,,2591024,679522501.0,41101,F1,1,,,,,,Cash Only,Financial Services,True,261.8,261.525,262.07500000000005,262.07500000000005,261.525,0.5500000000000682,0.20964360587004696,Narrow,Bullish,Above CPR,True,False,0.18333333333333332,60,787352810.9300001,Higher,True,Risk On,True,12.32357142857143,245.94339999999997,224.8334,0.04462991943430681,0.8630470248748667,True,True,No setup,Neutral,0,Not applicable,No directional setup; confirmation score not applicable.,Narrow CPR,Not applicable,Not applicable,Narrow CPR; Wide CPR rules not applied,0,0,0,0
2026-09-17,2026-09-17,CM,NSE,STK,12384,INE518E01015,ZIMLAB,EQ,,,,,ZIM LABORATORIES LIMITED,136.78,142.0,132.97,137.92,136.0,136.78,,137.92,,,230315,31468942.6,2904,F1,1,,,,,,Cash Only,Unclassified,False,137.63,137.485,137.77499999999998,137.77499999999998,137.485,0.2899999999999636,0.21026682134568128,Narrow,Bullish,Above CPR,True,False,0.2,60,8257098.62,Higher,True,Risk On,True,8.936428571428571,104.207,87.0393,0.03245144273039318,3.8111380338581933,True,True,No setup,Neutral,0,Not applicable,No directional setup; confirmation score not applicable.,Narrow CPR,Not applicable,Not applicable,Narrow CPR; Wide CPR rules not applied,0,0,0,0
2026-09-17,2026-09-17,CM,NSE,STK,9408,INE961O01016,RAINBOW,EQ,,,,,RAINBOW CHILDRENS MED LTD,1455.0,1505.0,1451.1,1473.4,1475.1,1457.2,,1473.38,,,108213,160739580.0,17070,F1,1,,,,,,Cash Only,Healthcare,True,1476.5,1478.05,1474.95,1478.05,1474.95,3.099999999999909,0.21039771956019468,Narrow,Bearish,Below CPR,False,True,0.26666666666666666,60,112163486.6,Higher,True,Risk On,False,36.021428571428615,1478.9419999999998,1419.207,0.08605988498909116,1.4330829476907507,False,True,No setup,Neutral,0,Not applicable,No directional setup; confirmation score not applicable.,Narrow CPR,Not applicable,Not applicable,Narrow CPR; Wide CPR rules not applied,0,0,0,0
2026-09-17,2026-09-17,CM,NSE,STK,19025,INE250A01039,KIRLOSIND,EQ,,,,,KIRLOSKAR INDUSTRIES LTD,3807.3,3833.1,3752.0,3780.6,3806.0,3770.2,,3780.81,,,6731,25508140.9,1148,F1,1,,,,,,Cash Only,Unclassified,False,3788.566666666667,3792.55,3784.583333333334,3792.55,3784.583333333334,7.966666666666242,0.21072492902360057,Narrow,Bearish,Below CPR,False,True,0.2833333333333333,60,25776574.6,Higher,True,Risk On,False,128.1428571428571,3797.934,3614.9369999999994,0.062170196952802355,0.9895861376398708,False,True,No setup,Neutral,0,Not applicable,No directional setup; confirmation score not applicable.,Narrow CPR,Not applicable,Not applicable,Narrow CPR; Wide CPR rules not applied,0,0,-2,-2
2026-09-17,2026-09-17,CM,NSE,STK,1756,INE197D01010,JINDALPOLY,EQ,,,,,JINDAL POLY FILMS LIMITED,731.15,739.5,717.1,726.0,724.0,742.4,,726.01,,,30797,22378434.85,1853,F1,1,,,,,,Cash Only,Unclassified,False,727.5333333333333,728.3,726.7666666666667,728.3,726.7666666666667,1.533333333333303,0.21120293847566154,Narrow,Bearish,Below CPR,False,True,0.23333333333333334,60,9735703.75,Lower,True,Risk On,True,35.16428571428572,658.987,671.074,0.04360484799241568,2.298594475001358,True,True,No setup,Neutral,0,Not applicable,No directional setup; confirmation score not applicable.,Narrow CPR,Not applicable,Not applicable,Narrow CPR; Wide CPR rules not applied,0,0,0,0
2026-09-17,2026-09-17,CM,NSE,STK,30244,INE415D01024,BHARATSE,EQ,,,,,BHARAT SEATS LIMITED,202.95,214.16,202.95,209.22,209.0,205.26,,209.21,,,129883,27264891.27,3393,F1,1,,,,,,Cash Only,Unclassified,False,208.77666666666667,208.555,208.99833333333333,208.99833333333333,208.555,0.44333333333332803,0.21189816142497278,Narrow,Bullish,Above CPR,True,False,0.16666666666666666,60,54420005.815,Higher,True,Risk On,True,9.575714285714286,225.80880000000002,209.118,0.046297677656770043,0.5010086063328731,False,True,No setup,Neutral,0,Not applicable,No directional setup; confirmation score not applicable.,Narrow CPR,Not applicable,Not applicable,Narrow CPR; Wide CPR rules not applied,0,0,0,0
2026-09-17,2026-09-17,CM,NSE,STK,936,INE266Y01019,DPABHUSHAN,EQ,,,,,D. P. ABHUSHAN LIMITED,1320.1,1345.4,1320.1,1337.0,1330.1,1321.6,,1336.98,,,6301,8404513.2,832,F1,1,,,,,,Cash Only,Unclassified,False,1334.1666666666667,1332.75,1335.5833333333335,1335.5833333333335,1332.75,2.833333333333485,0.21191722762404522,Narrow,Bullish,Above CPR,True,False,0.2,60,41896473.099999994,Higher,True,Risk On,True,51.88571428571429,1393.74,1178.2735,0.054607195301030816,0.20060192608432237,False,True,No setup,Neutral,0,Not applicable,No directional setup; confirmation score not applicable.,Narrow CPR,Not applicable,Not applicable,Narrow CPR; Wide CPR rules not applied,0,0,0,0
2026-09-17,2026-09-17,CM,NSE,STK,305,INE118A01012,BAJAJHLDNG,EQ,,,,,BAJAJ HOLDINGS & INVS LTD,10928.0,11066.0,10884.0,11010.0,11010.0,10930.0,,11010.0,,,29620,325984521.0,6132,F1,1,,,,,,F&O + Cash,Financial Services,True,10986.666666666666,10975.0,10998.333333333332,10998.333333333332,10975.0,23.33333333333212,0.21192854980319817,Narrow,Bullish,Above CPR,True,False,0.38333333333333336,60,458776622.5,Inside,True,Risk On,False,219.92857142857142,11080.38,10756.325,0.10609505250621945,0.7105517260744907,False,True,No setup,Neutral,0,Not applicable,No directional setup; confirmation score not applicable.,Narrow CPR,Not applicable,Not applicable,Narrow CPR; Wide CPR rules not applied,0,0,0,0
2026-09-17,2026-09-17,CM,NSE,STK,3088,INE896L01010,INDOSTAR,EQ,,,,,INDOSTAR CAPITAL FIN LTD,228.76,235.44,225.0,229.49,227.0,226.17,,229.49,,,86324,19772758.92,1984,F1,1,,,,,,Cash Only,Unclassified,False,229.9766666666667,230.22,229.73333333333338,230.22,229.73333333333338,0.48666666666662195,0.21206443272762296,Narrow,Bearish,Below CPR,False,True,0.25,60,25156505.625,Higher,True,Risk On,True,9.512857142857142,253.705,241.56349999999998,0.051158832657551494,0.7859898832829252,False,False,No setup,Neutral,0,Not applicable,No directional setup; confirmation score not applicable.,Narrow CPR,Not applicable,Not applicable,Narrow CPR; Wide CPR rules not applied,0,0,0,0
2026-09-17,2026-09-17,CM,NSE,STK,7508,INE251B01027,ZENTEC,EQ,,,,,ZEN TECHNOLOGIES LIMITED,1663.0,1695.8,1656.9,1681.7,1681.6,1662.8,,1681.72,,,212129,355562798.6,20338,F1,1,,,,,,Cash Only,Capital Goods,True,1678.1333333333332,1676.35,1679.9166666666665,1679.9166666666665,1676.35,3.566666666666606,0.21208697548115632,Narrow,Bullish,Above CPR,True,False,0.26666666666666666,60,709466941.75,Higher,True,Risk On,False,62.65000000000004,1783.468,1749.193,0.056930034583664864,0.5011689448460479,False,False,No setup,Neutral,0,Not applicable,No directional setup; confirmation score not applicable.,Narrow CPR,Not applicable,Not applicable,Narrow CPR; Wide CPR rules not applied,0,0,0,0
2026-09-17,2026-09-17,CM,NSE,STK,1814,INE220B01022,KPIL,EQ,,,,,KALPATARU PROJECT INT LTD,1403.5,1417.5,1390.1,1399.3,1400.0,1390.9,,1399.31,,,231336,324312154.6,26198,F1,1,,,,,,Cash Only,Construction,True,1402.3,1403.8,1400.8,1403.8,1400.8,3.0,0.21439291074108482,Narrow,Bearish,Below CPR,False,True,0.23333333333333334,60,185065788.0,Higher,True,Risk On,True,39.250000000000064,1355.178,1330.525,0.07643312101910815,1.7524154956182394,True,True,No setup,Neutral,0,Not applicable,No directional setup; confirmation score not applicable.,Narrow CPR,Not applicable,Not applicable,Narrow CPR; Wide CPR rules not applied,0,0,0,0
2026-09-17,2026-09-17,CM,NSE,STK,21508,INE704P01025,COCHINSHIP,EQ,,,,,COCHIN SHIPYARD LIMITED,1312.0,1349.9,1310.1,1334.3,1334.3,1319.0,,1334.29,,,778679,1030187153.9,27015,F1,1,,,,,,F&O + Cash,Capital Goods,True,1331.4333333333334,1330.0,1332.8666666666668,1332.8666666666668,1330.0,2.866666666666788,0.21484423792751164,Narrow,Bullish,Above CPR,True,False,0.25,60,1302092511.8,Higher,True,Risk On,True,47.57142857142862,1452.078,1494.53,0.06026026026026275,0.7911781571310009,False,False,No setup,Neutral,0,Not applicable,No directional setup; confirmation score not applicable.,Narrow CPR,Not applicable,Not applicable,Narrow CPR; Wide CPR rules not applied,0,0,0,0
2026-09-17,2026-09-17,CM,NSE,STK,29423,INE954E01012,MOHITIND,EQ,,,,,MOHIT INDUSTRIES LTD,23.3,23.99,22.56,23.2,23.25,23.23,,23.2,,,14489,337245.81,138,F1,1,,,,,,Cash Only,Unclassified,False,23.25,23.275,23.225,23.275,23.225,0.04999999999999716,0.21551724137929812,Narrow,Bearish,Below CPR,False,True,0.11666666666666667,60,217480.24,Outside,True,Risk On,True,1.556428571428571,23.7594,23.6243,0.03212482790270585,1.550696329928641,False,False,No setup,Neutral,0,Not applicable,No directional setup; confirmation score not applicable.,Narrow CPR,Not applicable,Not applicable,Narrow CPR; Wide CPR rules not applied,0,0,0,0
2026-09-17,2026-09-17,CM,NSE,STK,5313,INE583D01011,UGROCAP,EQ,,,,,UGRO CAPITAL LIMITED,83.0,85.0,82.52,83.49,83.29,83.5,,83.49,,,166882,13969447.53,2135,F1,1,,,,,,Cash Only,Unclassified,False,83.67,83.75999999999999,83.58000000000001,83.75999999999999,83.58000000000001,0.1799999999999784,0.2155946819978182,Narrow,Bearish,Below CPR,False,True,0.2833333333333333,60,15705639.505,Higher,True,Risk On,False,2.346428571428572,91.34380000000002,95.27950000000001,0.07671232876711406,0.8894542323827519,False,False,No setup,Neutral,0,Not applicable,No directional setup; confirmation score not applicable.,Narrow CPR,Not applicable,Not applicable,Narrow CPR; Wide CPR rules not applied,0,0,0,0
2026-09-17,2026-09-17,CM,NSE,STK,21334,INE980O01024,JYOTICNC,EQ,,,,,JYOTI CNC AUTOMATION LTD,963.05,1007.1,960.95,980.85,980.0,967.7,,980.82,,,491500,486269196.55,27540,F1,1,,,,,,Cash Only,Capital Goods,True,982.9666666666667,984.0250000000001,981.9083333333333,984.0250000000001,981.9083333333333,2.116666666666788,0.21579922176344882,Narrow,Bearish,Below CPR,False,True,0.18333333333333332,60,728997334.8,Higher,True,Risk On,True,43.00714285714286,890.4029999999999,799.1514999999999,0.049216630681506446,0.6670383735811706,True,True,No setup,Neutral,0,Not applicable,No directional setup; confirmation score not applicable.,Narrow CPR,Not applicable,Not applicable,Narrow CPR; Wide CPR rules not applied,0,0,0,0
2026-09-17,2026-09-17,CM,NSE,STK,24398,INE168P01015,EMCURE,EQ,,,,,EMCURE PHARMACEUTICALS L,1913.2,1940.4,1891.6,1909.8,1908.3,1931.9,,1909.81,,,136884,262770693.3,15427,F1,1,,,,,,Cash Only,Healthcare,True,1913.9333333333334,1916.0,1911.8666666666668,1916.0,1911.8666666666668,4.133333333333212,0.2164275491325381,Narrow,Bearish,Below CPR,False,True,0.4,60,238793844.85000002,Lower,True,Risk On,False,54.01428571428572,1899.352,1818.517,0.07652296570571934,1.1004081510771822,True,True,No setup,Neutral,0,Not applicable,No directional setup; confirmation score not applicable.,Narrow CPR,Not applicable,Not applicable,Narrow CPR; Wide CPR rules not applied,0,0,0,0
2026-09-17,2026-09-17,CM,NSE,STK,3435,INE676A01027,BBOX,EQ,,,,,BLACK BOX LIMITED,765.6,774.45,753.35,766.4,762.3,763.25,,766.34,,,299744,229014049.45,21864,F1,1,,,,,,Cash Only,Unclassified,False,764.7333333333335,763.9000000000001,765.5666666666668,765.5666666666668,763.9000000000001,1.6666666666667425,0.2174669450243662,Narrow,Bullish,Above CPR,True,False,0.1,60,229721785.225,Higher,True,Risk On,True,37.57500000000001,778.1010000000001,848.7325,0.04435573297848947,0.9969191612614937,False,False,No setup,Neutral,0,Not applicable,No directional setup; confirmation score not applicable.,Narrow CPR,Not applicable,Not applicable,Narrow CPR; Wide CPR rules not applied,0,0,0,0
2026-09-17,2026-09-17,CM,NSE,STK,759847,INE024F01011,SHILCTECH,EQ,,,,,SHILCHAR TECHNOLOGIES LTD,4017.0,4163.0,4017.0,4103.4,4127.0,4016.5,,4103.61,,,11854,48752529.1,2976,F1,1,,,,,,Cash Only,Unclassified,False,4094.4666666666667,4090.0,4098.933333333333,4098.933333333333,4090.0,8.933333333333394,0.21770564247534713,Narrow,Bullish,Above CPR,True,False,0.2,60,77342935.6,Higher,True,Risk On,True,126.67857142857149,4232.352,4278.0689999999995,0.07051968799924864,0.6303423670409531,False,False,No setup,Neutral,0,Not applicable,No directional setup; confirmation score not applicable.,Narrow CPR,Not applicable,Not applicable,Narrow CPR; Wide CPR rules not applied,0,0,0,0
2026-09-17,2026-09-17,CM,NSE,STK,760213,INE324D01010,LGEINDIA,EQ,,,,,LG ELECTRONICS INDIA LTD,1624.0,1677.1,1617.9,1652.9,1652.0,1628.2,,1652.95,,,398578,661084283.8,35145,F1,1,,,,,,Cash Only,Consumer Durables,True,1649.3,1647.5,1651.1,1651.1,1647.5,3.599999999999909,0.21779901990440492,Narrow,Bullish,Above CPR,True,False,0.2833333333333333,60,604190921.1,Higher,True,Risk On,False,37.88571428571426,1603.624,1576.8670000000002,0.0950226244343868,1.0941645442080112,True,True,No setup,Neutral,0,Not applicable,No directional setup; confirmation score not applicable.,Narrow CPR,Not applicable,Not applicable,Narrow CPR; Wide CPR rules not applied,0,0,0,0
2026-09-17,2026-09-17,CM,NSE,STK,10238,INE552D01024,CONFIPET,EQ,,,,,CONFIDENCE PETRO IND LTD.,86.5,88.59,85.5,86.76,86.55,86.58,,86.76,,,1445669,125581394.16,13543,F1,1,,,,,,Cash Only,Unclassified,False,86.95,87.045,86.855,87.045,86.855,0.18999999999999773,0.21899492853849437,Narrow,Bearish,Below CPR,False,True,0.11666666666666667,60,234218884.72,Higher,True,Risk On,True,4.585714285714289,78.774,72.5378,0.04143302180685306,0.5361710876137418,True,True,No setup,Neutral,0,Not applicable,No directional setup; confirmation score not applicable.,Narrow CPR,Not applicable,Not applicable,Narrow CPR; Wide CPR rules not applied,0,0,0,0
2026-09-17,2026-09-17,CM,NSE,STK,14490,INE732C01016,NCLIND,EQ,,,,,NCL INDUSTRIES LIMITED,173.5,174.89,172.21,172.98,174.89,172.42,,172.98,,,27273,4722164.73,1628,F1,1,,,,,,Cash Only,Unclassified,False,173.36,173.55,173.17000000000002,173.55,173.17000000000002,0.37999999999999545,0.21967857555786535,Narrow,Bearish,Below CPR,False,True,0.4166666666666667,60,6682045.455,Higher,True,Risk On,False,4.552142857142859,178.7954,179.79080000000002,0.08347716930801717,0.7066944937446554,False,False,No setup,Neutral,0,Not applicable,No directional setup; confirmation score not applicable.,Narrow CPR,Not applicable,Not applicable,Narrow CPR; Wide CPR rules not applied,0,0,-2,-2
2026-09-17,2026-09-17,CM,NSE,STK,19686,INE0KBH01020,BLUEJET,EQ,,,,,BLUE JET HEALTHCARE LTD,563.25,576.9,563.25,568.2,565.0,565.05,,568.29,,,546795,311524627.8,18852,F1,1,,,,,,Cash Only,Healthcare,True,569.45,570.075,568.825,570.075,568.825,1.25,0.2199929602252728,Narrow,Bearish,Below CPR,False,True,0.23333333333333334,60,286783404.25,Higher,True,Risk On,True,16.289285714285704,586.716,535.906,0.07673755755316822,1.0862714619582106,False,True,No setup,Neutral,0,Not applicable,No directional setup; confirmation score not applicable.,Narrow CPR,Not applicable,Not applicable,Narrow CPR; Wide CPR rules not applied,0,-2,0,-2
2026-09-17,2026-09-17,CM,NSE,STK,10181,INE875R01011,BALKRISHNA,EQ,,,,,BALKRISHNA PAPER MILLS L,17.0,17.0,16.43,16.66,16.52,16.53,,16.66,,,5403,91347.94,43,F1,1,,,,,,Cash Only,Unclassified,False,16.69666666666667,16.715,16.678333333333338,16.715,16.678333333333338,0.03666666666666174,0.22008803521405607,Narrow,Bearish,Below CPR,False,True,0.1,60,157661.125,Higher,True,Risk On,True,0.8742857142857138,17.3804,17.9433,0.04193899782134515,0.5793941911806096,False,False,No setup,Neutral,0,Not applicable,No directional setup; confirmation score not applicable.,Narrow CPR,Not applicable,Not applicable,Narrow CPR; Wide CPR rules not applied,0,0,-2,-2
2026-09-17,2026-09-17,CM,NSE,STK,1134,INE713T01028,APOLLO,EQ,,,,,APOLLO MICRO SYSTEMS LTD,371.0,383.0,371.0,378.25,378.5,370.35,,378.25,,,5478975,2072260486.1,59354,F1,1,,,,,,Cash Only,Unclassified,False,377.4166666666667,377.0,377.83333333333337,377.83333333333337,377.0,0.8333333333333712,0.22031284423882913,Narrow,Bullish,Above CPR,True,False,0.2,60,2211514603.625,Higher,True,Risk On,True,15.58571428571428,393.3,385.3171,0.05346776657501009,0.9370322414797795,False,False,No setup,Neutral,0,Not applicable,No directional setup; confirmation score not applicable.,Narrow CPR,Not applicable,Not applicable,Narrow CPR; Wide CPR rules not applied,0,0,-2,-2
2026-09-17,2026-09-17,CM,NSE,STK,2705,INE074A01025,PRAJIND,EQ,,,,,PRAJ INDUSTRIES LTD,314.0,319.95,312.15,317.1,317.15,314.0,,317.1,,,400316,126295198.95,12347,F1,1,,,,,,Cash Only,Unclassified,False,316.4,316.04999999999995,316.75,316.75,316.04999999999995,0.7000000000000455,0.220750551876394,Narrow,Bullish,Above CPR,True,False,0.3,60,172999167.125,Higher,True,Risk On,False,9.52857142857143,333.356,350.57099999999997,0.07346326836582186,0.7300335663393444,False,False,No setup,Neutral,0,Not applicable,No directional setup; confirmation score not applicable.,Narrow CPR,Not applicable,Not applicable,Narrow CPR; Wide CPR rules not applied,0,0,0,0
2026-09-17,2026-09-17,CM,NSE,STK,8727,INE151G01028,SHAILY,EQ,,,,,SHAILY ENG PLASTICS LTD,3080.0,3155.0,3080.0,3107.2,3100.0,3097.3,,3107.27,,,78725,244997239.0,18134,F1,1,,,,,,Cash Only,Unclassified,False,3114.066666666667,3117.5,3110.633333333334,3117.5,3110.633333333334,6.866666666665878,0.22099210435974123,Narrow,Bearish,Below CPR,False,True,0.23333333333333334,60,475101323.4,Higher,True,Risk On,True,116.5857142857143,3146.93,2977.979,0.058898010864674846,0.5156736614554335,False,True,No setup,Neutral,0,Not applicable,No directional setup; confirmation score not applicable.,Narrow CPR,Not applicable,Not applicable,Narrow CPR; Wide CPR rules not applied,0,0,0,0
2026-09-17,2026-09-17,CM,NSE,STK,11082,INE908V01012,LIBAS,EQ,,,,,LIBAS CONSU PRODUCTS LTD,11.47,12.6,11.32,12.0,12.07,11.47,,12.0,,,205702,2470485.27,361,F1,1,,,,,,Cash Only,Unclassified,False,11.973333333333334,11.96,11.986666666666668,11.986666666666668,11.96,0.026666666666667282,0.22222222222222734,Narrow,Bullish,Above CPR,True,False,0.15,60,255584.2,Higher,True,Risk On,True,0.7857142857142861,10.2948,11.1649,0.033939393939394706,9.666032837710626,True,True,No setup,Neutral,0,Not applicable,No directional setup; confirmation score not applicable.,Narrow CPR,Not applicable,Not applicable,Narrow CPR; Wide CPR rules not applied,0,0,0,0
2026-09-17,2026-09-17,CM,NSE,STK,5449,INE488A01050,CHEMPLASTS,EQ,,,,,CHEMPLAST SANMAR LIMITED,166.12,169.47,165.01,167.8,167.99,166.12,,167.81,,,164603,27560353.75,4728,F1,1,,,,,,Cash Only,Unclassified,False,167.42666666666668,167.24,167.61333333333334,167.61333333333334,167.24,0.37333333333333485,0.2224870878029409,Narrow,Bullish,Above CPR,True,False,0.2833333333333333,60,44166483.64,Higher,True,Risk On,False,9.104999999999999,185.82119999999998,201.97079999999997,0.04100311184330971,0.6240105953338693,False,False,No setup,Neutral,0,Not applicable,No directional setup; confirmation score not applicable.,Narrow CPR,Not applicable,Not applicable,Narrow CPR; Wide CPR rules not applied,0,0,0,0
2026-09-17,2026-09-17,CM,NSE,STK,3149,INE666D01022,BORORENEW,EQ,,,,,BOROSIL RENEWABLES LTD,440.45,456.4,439.3,449.35,449.7,446.0,,449.36,,,947704,426305825.0,41373,F1,1,,,,,,Cash Only,Unclassified,False,448.3500000000001,447.85,448.85000000000014,448.85000000000014,447.85,1.0000000000001137,0.22254367419608626,Narrow,Bullish,Above CPR,True,False,0.2833333333333333,60,253852503.8,Overlapping,True,Risk On,False,16.446428571428573,551.499,550.103,0.060803474484263154,1.6793445745796893,False,False,No setup,Neutral,0,Not applicable,No directional setup; confirmation score not applicable.,Narrow CPR,Not applicable,Not applicable,Narrow CPR; Wide CPR rules not applied,0,0,0,0
2026-09-17,2026-09-17,CM,NSE,STK,685,INE121A01024,CHOLAFIN,EQ,,,,,CHOLAMANDALAM IN & FIN CO,1765.5,1793.2,1747.6,1764.5,1764.5,1765.6,,1764.5,,,1802374,3175352076.0,67838,F1,1,,,,,,F&O + Cash,Financial Services,True,1768.4333333333334,1770.4,1766.4666666666667,1770.4,1766.4666666666667,3.933333333333394,0.22291489562671543,Narrow,Bearish,Below CPR,False,True,0.36666666666666664,60,2248772702.3,Overlapping,True,Risk On,False,47.87142857142864,1833.9479999999999,1727.67,0.08216452800159271,1.4120378074459516,False,True,No setup,Neutral,0,Not applicable,No directional setup; confirmation score not applicable.,Narrow CPR,Not applicable,Not applicable,Narrow CPR; Wide CPR rules not applied,0,0,0,0
2026-09-17,2026-09-17,CM,NSE,STK,13637,INE780C01023,JMFINANCIL,EQ,,,,,JM FINANCIAL LIMITED,121.45,123.2,121.0,122.51,122.6,120.46,,122.51,,,1550618,189429068.05,20708,F1,1,,,,,,Cash Only,Financial Services,True,122.23666666666666,122.1,122.37333333333333,122.37333333333333,122.1,0.27333333333334053,0.22311103855468167,Narrow,Bullish,Above CPR,True,False,0.26666666666666666,60,268028577.845,Higher,True,Risk On,False,3.9607142857142867,126.29379999999999,128.0468,0.06901112113014908,0.7067495174322277,False,False,No setup,Neutral,0,Not applicable,No directional setup; confirmation score not applicable.,Narrow CPR,Not applicable,Not applicable,Narrow CPR; Wide CPR rules not applied,0,0,0,0
2026-09-17,2026-09-17,CM,NSE,STK,3273,INE647A01010,SRF,EQ,,,,,SRF LTD,2505.0,2554.0,2501.0,2536.0,2536.0,2480.1,,2536.0,,,796952,2023612842.9,70800,F1,1,,,,,,F&O + Cash,Chemicals,True,2530.3333333333335,2527.5,2533.166666666667,2533.166666666667,2527.5,5.66666666666697,0.22344900105153667,Narrow,Bullish,Above CPR,True,False,0.5166666666666667,60,701294262.5,Higher,True,Risk On,False,48.542857142857166,2633.8140000000003,2665.5519999999997,0.11673533451050257,2.8855402804610857,False,False,No setup,Neutral,0,Not applicable,No directional setup; confirmation score not applicable.,Narrow CPR,Not applicable,Not applicable,Narrow CPR; Wide CPR rules not applied,0,0,-2,-2
2026-09-17,2026-09-17,CM,NSE,STK,765185,INE967A01012,SWARNSAR,EQ,,,,,SWARNSARITA JEWELS IND L,38.5,39.68,37.5,38.72,38.98,37.32,,38.72,,,5937,229317.21,58,F1,1,,,,,,Cash Only,Unclassified,False,38.63333333333333,38.59,38.67666666666666,38.67666666666666,38.59,0.0866666666666589,0.2238292011019083,Narrow,Bullish,Above CPR,True,False,0.2608695652173913,23,213112.08,Higher,True,Risk On,False,2.950714285714286,,,0.02937141934963022,1.0760404102855174,False,False,No setup,Neutral,0,Not applicable,No directional setup; confirmation score not applicable.,Narrow CPR,Not applicable,Not applicable,Narrow CPR; Wide CPR rules not applied,0,0,0,0
2026-09-17,2026-09-17,CM,NSE,STK,79,INE426A01027,ALEMBICLTD,EQ,,,,,ALEMBIC LIMITED,99.0,105.75,99.0,102.72,102.1,98.95,,102.72,,,1416945,146556509.76,14314,F1,1,,,,,,Cash Only,Unclassified,False,102.49000000000001,102.375,102.60500000000002,102.60500000000002,102.375,0.2300000000000182,0.22390965732089,Narrow,Bullish,Above CPR,True,False,0.36666666666666664,60,25367558.79,Higher,True,Risk On,False,5.575714285714286,93.6644,91.7756,0.04125032026646496,5.777320197549841,True,True,No setup,Neutral,0,Not applicable,No directional setup; confirmation score not applicable.,Narrow CPR,Not applicable,Not applicable,Narrow CPR; Wide CPR rules not applied,0,0,0,0
2026-09-17,2026-09-17,CM,NSE,STK,14952,INE227G01018,INDOWIND,EQ,,,,,INDOWIND ENERGY LTD,9.09,9.09,8.83,8.93,8.83,8.95,,8.93,,,60616,545677.47,325,F1,1,,,,,,Cash Only,Unclassified,False,8.950000000000001,8.96,8.940000000000001,8.96,8.940000000000001,0.019999999999999574,0.22396416573347788,Narrow,Bearish,Below CPR,False,True,0.25,60,2748914.38,Higher,True,Risk On,True,0.2999999999999998,9.419599999999999,9.921700000000001,0.06666666666666529,0.19850653551457648,False,False,No setup,Neutral,0,Not applicable,No directional setup; confirmation score not applicable.,Narrow CPR,Not applicable,Not applicable,Narrow CPR; Wide CPR rules not applied,0,0,0,0
2026-09-17,2026-09-17,CM,NSE,STK,2433,INE910A01012,NIRLON,EQ,,,,,NIRLON LTD,596.3,611.95,594.2,601.05,605.0,593.6,,601.05,,,1233,741426.3,182,F1,1,,,,,,Cash Only,Unclassified,False,602.4,603.075,601.7249999999999,603.075,601.7249999999999,1.3500000000001364,0.22460693785876992,Narrow,Bearish,Below CPR,False,True,0.5,60,2754104.35,Higher,True,Risk On,False,14.285714285714294,625.246,615.7183,0.0945000000000095,0.2692077734817855,False,False,No setup,Neutral,0,Not applicable,No directional setup; confirmation score not applicable.,Narrow CPR,Not applicable,Not applicable,Narrow CPR; Wide CPR rules not applied,0,0,0,0
2026-09-17,2026-09-17,CM,NSE,STK,15039,INE739E01017,CERA,EQ,,,,,CERA SANITARYWARE LTD,5625.0,5646.0,5576.0,5592.0,5613.5,5646.0,,5591.97,,,3685,20651312.0,1031,F1,1,,,,,,Cash Only,Unclassified,False,5604.666666666667,5611.0,5598.333333333334,5611.0,5598.333333333334,12.66666666666606,0.22651406771577362,Narrow,Bearish,Below CPR,False,True,0.43333333333333335,60,40979912.0,Overlapping,True,Risk On,False,109.78571428571429,5939.42,5914.86,0.11537627412708187,0.5039374413493128,False,False,No setup,Neutral,0,Not applicable,No directional setup; confirmation score not applicable.,Narrow CPR,Not applicable,Not applicable,Narrow CPR; Wide CPR rules not applied,0,0,0,0
2026-09-17,2026-09-17,CM,NSE,STK,199,INE348L01012,MASFIN,EQ,,,,,MAS FINANCIAL SERV LTD,288.05,292.9,282.85,286.9,286.8,288.05,,286.9,,,421158,120688988.85,4418,F1,1,,,,,,Cash Only,Unclassified,False,287.55,287.875,287.225,287.875,287.225,0.6499999999999773,0.22655977692575022,Narrow,Bearish,Below CPR,False,True,0.25,60,39353351.6,Lower,True,Risk On,True,9.324999999999989,305.862,311.4,0.0697050938337778,3.0668033075485237,False,False,No setup,Neutral,0,Not applicable,No directional setup; confirmation score not applicable.,Narrow CPR,Not applicable,Not applicable,Narrow CPR; Wide CPR rules not applied,0,0,0,0
2026-09-17,2026-09-17,CM,NSE,STK,13001,INE00OQ01016,DHARMAJ,EQ,,,,,DHARMAJ CROP GUARD LTD,269.9,275.0,269.05,271.1,273.0,269.4,,271.07,,,39925,10789694.3,731,F1,1,,,,,,Cash Only,Unclassified,False,271.71666666666664,272.025,271.4083333333333,272.025,271.4083333333333,0.6166666666666742,0.22746833886634976,Narrow,Bearish,Below CPR,False,True,0.55,60,7686487.775,Higher,True,Risk On,False,4.785714285714286,267.028,268.10310000000004,0.12885572139303642,1.4037223002023185,True,True,No setup,Neutral,0,Not applicable,No directional setup; confirmation score not applicable.,Narrow CPR,Not applicable,Not applicable,Narrow CPR; Wide CPR rules not applied,0,0,0,0
2026-09-17,2026-09-17,CM,NSE,STK,184,INE822C01015,TCPLPACK,EQ,,,,,TCPL PACKAGING LIMITED,3817.0,3936.2,3817.0,3863.4,3851.0,3863.0,,3863.55,,,7005,27185952.9,1882,F1,1,,,,,,Cash Only,Unclassified,False,3872.2000000000003,3876.6,3867.8000000000006,3876.6,3867.8000000000006,8.799999999999272,0.2277786405756399,Narrow,Bearish,Below CPR,False,True,0.16666666666666666,60,19145963.55,Higher,True,Risk On,True,166.37857142857146,3608.8680000000004,3164.817,0.05289142660884806,1.4199312993051216,True,True,No setup,Neutral,0,Not applicable,No directional setup; confirmation score not applicable.,Narrow CPR,Not applicable,Not applicable,Narrow CPR; Wide CPR rules not applied,0,0,0,0
2026-09-17,2026-09-17,CM,NSE,STK,759265,INE976I01016,TATACAP,EQ,,,,,TATA CAPITAL LIMITED,342.5,348.0,341.65,343.65,343.95,343.5,,343.66,,,1147908,394990333.8,67788,F1,1,,,,,,Cash Only,Financial Services,True,344.43333333333334,344.825,344.0416666666667,344.825,344.0416666666667,0.783333333333303,0.22794509918035882,Narrow,Bearish,Below CPR,False,True,0.4166666666666667,60,398865758.275,Lower,True,Risk On,False,7.792857142857149,361.745,344.7535,0.1005194011610104,0.9902838877627393,False,False,No setup,Neutral,0,Not applicable,No directional setup; confirmation score not applicable.,Narrow CPR,Not applicable,Not applicable,Narrow CPR; Wide CPR rules not applied,0,0,0,0
2026-09-17,2026-09-17,CM,NSE,STK,19631,INE726V01018,PRICOLLTD,EQ,,,,,PRICOL LIMITED,744.9,758.9,740.95,752.5,752.05,744.8,,752.5,,,167280,125914540.85,14862,F1,1,,,,,,Cash Only,Unclassified,False,750.7833333333333,749.925,751.6416666666667,751.6416666666667,749.925,1.716666666666697,0.22812846068660425,Narrow,Bullish,Above CPR,True,False,0.2833333333333333,60,288245735.2,Higher,True,Risk On,False,26.28928571428573,724.3309999999999,651.8235,0.06529909885432345,0.4368305423933988,True,True,No setup,Neutral,0,Not applicable,No directional setup; confirmation score not applicable.,Narrow CPR,Not applicable,Not applicable,Narrow CPR; Wide CPR rules not applied,0,0,0,0
2026-09-17,2026-09-17,CM,NSE,STK,21690,INE935N01020,DIXON,EQ,,,,,DIXON TECHNO (INDIA) LTD,13200.0,13495.0,13176.0,13290.0,13290.0,13181.0,,13289.8,,,267254,3567563164.0,37290,F1,1,,,,,,F&O + Cash,Consumer Durables,True,13320.333333333334,13335.5,13305.166666666668,13335.5,13305.166666666668,30.33333333333212,0.22824178580385346,Narrow,Bearish,Below CPR,False,True,0.2,60,5730308771.5,Higher,True,Risk On,True,379.7857142857143,14097.04,12876.605,0.07986960065199356,0.622577823684383,False,True,No setup,Neutral,0,Not applicable,No directional setup; confirmation score not applicable.,Narrow CPR,Not applicable,Not applicable,Narrow CPR; Wide CPR rules not applied,0,0,0,0
2026-09-17,2026-09-17,CM,NSE,STK,628,INE486A01021,CESC,EQ,,,,,CESC LTD,141.65,143.21,140.88,141.56,141.99,141.67,,141.56,,,1220274,172902307.7,21397,F1,1,,,,,,Cash Only,Power,True,141.88333333333335,142.04500000000002,141.7216666666667,142.04500000000002,141.7216666666667,0.3233333333333235,0.22840727135725025,Narrow,Bearish,Below CPR,False,True,0.3,60,203284915.255,Outside,True,Risk On,False,4.072857142857141,157.7868,167.4357,0.07938734946802053,0.8505417506415164,False,False,No setup,Neutral,0,Not applicable,No directional setup; confirmation score not applicable.,Narrow CPR,Not applicable,Not applicable,Narrow CPR; Wide CPR rules not applied,0,0,0,0
2026-09-17,2026-09-17,CM,NSE,STK,765931,INE1M2N01020,DEEPA,EQ,,,,,DEEPA JEWELLERS LIMITED,173.5,175.39,170.1,173.34,173.95,171.82,,173.33,,,1418179,244754174.97,21497,F1,1,,,,,,Cash Only,Unclassified,False,172.94333333333336,172.745,173.1416666666667,173.1416666666667,172.745,0.3966666666667038,0.22883735240954414,Narrow,Bullish,Above CPR,True,False,0.14285714285714285,7,664510774.22,Higher,False,Risk On,False,,,,,0.3683223575378314,False,False,No setup,Neutral,0,Not applicable,No directional setup; confirmation score not applicable.,Narrow CPR,Not applicable,Not applicable,Narrow CPR; Wide CPR rules not applied,0,0,0,0
2026-09-17,2026-09-17,CM,NSE,STK,3252,INE147A01011,SPIC,EQ,,,,,SPIC LTD,66.77,68.2,66.1,66.92,67.36,66.83,,66.93,,,294399,19850163.51,2722,F1,1,,,,,,Cash Only,Unclassified,False,67.07333333333334,67.15,66.99666666666667,67.15,66.99666666666667,0.15333333333333599,0.22912930862722053,Narrow,Bearish,Below CPR,False,True,0.4166666666666667,60,19874292.01,Higher,True,Risk On,False,1.9485714285714297,67.87899999999999,68.6703,0.07869012707722517,0.998785944174119,False,False,No setup,Neutral,0,Not applicable,No directional setup; confirmation score not applicable.,Narrow CPR,Not applicable,Not applicable,Narrow CPR; Wide CPR rules not applied,0,0,0,0
2026-09-17,2026-09-17,CM,NSE,STK,7177,INE0CLI01024,RATEGAIN,EQ,,,,,RATEGAIN TRAVEL TECHN LTD,853.95,871.0,853.95,865.45,868.5,860.95,,865.43,,,103532,89141339.25,9794,F1,1,,,,,,Cash Only,Unclassified,False,863.4666666666667,862.475,864.4583333333334,864.4583333333334,862.475,1.9833333333333485,0.22916787027943247,Narrow,Bullish,Above CPR,True,False,0.26666666666666666,60,324811152.625,Higher,True,Risk On,False,31.175000000000004,919.922,837.0325,0.06361935311414108,0.27444051267819364,False,True,No setup,Neutral,0,Not applicable,No directional setup; confirmation score not applicable.,Narrow CPR,Not applicable,Not applicable,Narrow CPR; Wide CPR rules not applied,0,0,0,0
2026-09-17,2026-09-17,CM,NSE,STK,5385,INE216P01012,AAVAS,EQ,,,,,AAVAS FINANCIERS LIMITED,1272.5,1302.2,1272.5,1291.8,1296.3,1282.5,,1291.76,,,36253,46788301.8,6103,F1,1,,,,,,Cash Only,Financial Services,True,1288.8333333333333,1287.35,1290.3166666666666,1290.3166666666666,1287.35,2.966666666666697,0.229653713165095,Narrow,Bullish,Above CPR,True,False,0.35,60,94909864.85,Higher,True,Risk On,False,37.04285714285715,1371.6660000000002,1387.21,0.08008741483481248,0.49297617138056643,False,False,No setup,Neutral,0,Not applicable,No directional setup; confirmation score not applicable.,Narrow CPR,Not applicable,Not applicable,Narrow CPR; Wide CPR rules not applied,0,0,0,0
2026-09-17,2026-09-17,CM,NSE,STK,2866,INE027A01015,RCF,EQ,,,,,RASHTRIYA CHEMICALS & FER,108.84,110.45,108.47,109.84,110.2,108.77,,109.84,,,1203731,131858816.76,11278,F1,1,,,,,,Cash Only,Unclassified,False,109.58666666666666,109.46000000000001,109.71333333333331,109.71333333333331,109.46000000000001,0.2533333333333019,0.23063850449135276,Narrow,Bullish,Above CPR,True,False,0.4,60,100792386.66499999,Higher,True,Risk On,False,2.9221428571428567,122.0996,125.68180000000001,0.08669436975473543,1.30822199099476,False,False,No setup,Neutral,0,Not applicable,No directional setup; confirmation score not applicable.,Narrow CPR,Not applicable,Not applicable,Narrow CPR; Wide CPR rules not applied,0,0,0,0
2026-09-17,2026-09-17,CM,NSE,STK,16123,INE316L01019,BHARATWIRE,EQ,,,,,BHARAT WIRE ROPES LTD.,165.69,176.5,165.69,171.69,171.69,167.69,,171.69,,,195420,33655556.3,3467,F1,1,,,,,,Cash Only,Unclassified,False,171.29333333333332,171.095,171.49166666666665,171.49166666666665,171.095,0.39666666666664696,0.2310365581377174,Narrow,Bullish,Above CPR,True,False,0.2833333333333333,60,25409577.955,Higher,True,Risk On,False,7.1642857142857155,191.30759999999998,205.4407,0.055367231638415317,1.324522444237504,False,False,No setup,Neutral,0,Not applicable,No directional setup; confirmation score not applicable.,Narrow CPR,Not applicable,Not applicable,Narrow CPR; Wide CPR rules not applied,0,0,0,0
2026-09-17,2026-09-17,CM,NSE,STK,11265,INE236G01019,TVSELECT,EQ,,,,,TVS ELECTRONICS LTD,403.15,411.55,393.15,403.75,405.0,401.5,,404.06,,,23074,9354739.8,1240,F1,1,,,,,,Cash Only,Unclassified,False,402.81666666666666,402.35,403.2833333333333,403.2833333333333,402.35,0.9333333333332803,0.2311661506707815,Narrow,Bullish,Above CPR,True,False,0.2833333333333333,60,16151227.9,Higher,True,Risk On,False,14.860714285714279,462.775,471.51300000000003,0.06280541536489272,0.5791968175992366,False,False,No setup,Neutral,0,Not applicable,No directional setup; confirmation score not applicable.,Narrow CPR,Not applicable,Not applicable,Narrow CPR; Wide CPR rules not applied,0,0,0,0
2026-09-17,2026-09-17,CM,NSE,STK,759084,INE0CAZ01013,URBANCO,EQ,,,,,URBAN COMPANY LIMITED,164.56,166.29,160.46,162.81,162.5,164.56,,162.81,,,2958947,484512488.55,27167,F1,1,,,,,,Cash Only,Consumer Services,True,163.18666666666667,163.375,162.99833333333333,163.375,162.99833333333333,0.37666666666666515,0.23135352046352503,Narrow,Bearish,Below CPR,False,True,0.23333333333333334,60,529005470.38,Overlapping,True,Risk On,True,8.036428571428571,148.9636,139.5182,0.04686990786004189,0.9158931536227037,True,True,No setup,Neutral,0,Not applicable,No directional setup; confirmation score not applicable.,Narrow CPR,Not applicable,Not applicable,Narrow CPR; Wide CPR rules not applied,0,0,0,0
2026-09-17,2026-09-17,CM,NSE,STK,22377,INE027H01010,MAXHEALTH,EQ,,,,,MAX HEALTHCARE INS LTD,1022.1,1045.7,1021.1,1037.0,1037.0,1025.0,,1036.99,,,1117711,1158522916.3,25298,F1,1,,,,,,F&O + Cash,Healthcare,True,1034.6000000000001,1033.4,1035.8000000000002,1035.8000000000002,1033.4,2.400000000000091,0.2314368370299027,Narrow,Bullish,Above CPR,True,False,0.3333333333333333,60,1831036041.0500002,Higher,True,Risk On,False,22.985714285714273,1049.944,1045.3615,0.10441267868241545,0.632714425236354,False,False,No setup,Neutral,0,Not applicable,No directional setup; confirmation score not applicable.,Narrow CPR,Not applicable,Not applicable,Narrow CPR; Wide CPR rules not applied,0,0,0,0
2026-09-17,2026-09-17,CM,NSE,STK,1997,INE115A01026,LICHSGFIN,EQ,,,,,LIC HOUSING FINANCE LTD,542.05,554.55,541.05,545.9,545.9,543.0,,545.91,,,3377564,1851920866.2,35657,F1,1,,,,,,F&O + Cash,Financial Services,True,547.1666666666666,547.8,546.5333333333333,547.8,546.5333333333333,1.2666666666666515,0.2320327288270107,Narrow,Bearish,Below CPR,False,True,0.21666666666666667,60,914720131.025,Higher,True,Risk On,True,17.935714285714287,531.337,541.74,0.0706225939200841,2.0245764834374085,True,True,No setup,Neutral,0,Not applicable,No directional setup; confirmation score not applicable.,Narrow CPR,Not applicable,Not applicable,Narrow CPR; Wide CPR rules not applied,0,0,0,0
2026-09-17,2026-09-17,CM,NSE,STK,1922,INE237A01036,KOTAKBANK,EQ,,,,,KOTAK MAHINDRA BANK LTD,415.0,417.6,412.5,416.5,416.5,415.0,,416.65,,,11475105,4762206596.75,201735,F1,1,,,,,,F&O + Cash,Financial Services,True,415.5333333333333,415.05,416.0166666666666,416.0166666666666,415.05,0.9666666666665833,0.23209283713483392,Narrow,Bullish,Above CPR,True,False,0.36666666666666664,60,4769257773.575,Higher,True,Risk On,False,6.5821428571428635,398.91,393.23,0.14686200036171626,0.9985215358112811,True,True,No setup,Neutral,0,Not applicable,No directional setup; confirmation score not applicable.,Narrow CPR,Not applicable,Not applicable,Narrow CPR; Wide CPR rules not applied,0,0,0,0
2026-09-17,2026-09-17,CM,NSE,STK,22649,INE988S01028,PARKHOTELS,EQ,,,,,PARKHOTELS,106.54,107.8,105.85,107.2,107.8,105.85,,107.18,,,48133,5156202.88,1063,F1,1,,,,,,Cash Only,Unclassified,False,106.94999999999999,106.82499999999999,107.07499999999999,107.07499999999999,106.82499999999999,0.25,0.23320895522388058,Narrow,Bullish,Above CPR,True,False,0.3333333333333333,60,14757142.13,Higher,True,Risk On,False,3.028571428571429,118.76559999999999,119.9738,0.08254716981132075,0.34940389098224395,False,False,No setup,Neutral,0,Not applicable,No directional setup; confirmation score not applicable.,Narrow CPR,Not applicable,Not applicable,Narrow CPR; Wide CPR rules not applied,0,-2,0,-2
2026-09-17,2026-09-17,CM,NSE,STK,14403,INE952H01027,RAJTV,EQ,,,,,RAJ TV NETWORK LTD,8.76,8.76,8.3,8.56,8.4,8.58,,8.56,,,32088,278733.9,156,F1,1,,,,,,Cash Only,Unclassified,False,8.540000000000001,8.530000000000001,8.55,8.55,8.530000000000001,0.019999999999999574,0.23364485981307911,Narrow,Bullish,Above CPR,True,False,0.15,60,361333.32999999996,Overlapping,True,Risk On,True,0.5599999999999998,10.3978,13.680600000000002,0.03571428571428496,0.7714037894040942,False,False,No setup,Neutral,0,Not applicable,No directional setup; confirmation score not applicable.,Narrow CPR,Not applicable,Not applicable,Narrow CPR; Wide CPR rules not applied,0,-2,0,-2
2026-09-17,2026-09-17,CM,NSE,STK,764773,INE987A01010,MAKERSL,EQ,,,,,MAKERS LABORATORIES LTD.,184.0,187.98,180.98,185.13,185.9,177.92,,185.0,,,1424,265438.39,61,F1,1,,,,,,Cash Only,Unclassified,False,184.69666666666663,184.48,184.91333333333327,184.91333333333327,184.48,0.4333333333332803,0.23406975278630168,Narrow,Bullish,Above CPR,True,False,0.17391304347826086,23,904795.24,Higher,True,Risk On,True,12.535714285714283,,,0.03456790123456368,0.29336846422843693,False,False,No setup,Neutral,0,Not applicable,No directional setup; confirmation score not applicable.,Narrow CPR,Not applicable,Not applicable,Narrow CPR; Wide CPR rules not applied,0,0,0,0
2026-09-17,2026-09-17,CM,NSE,STK,12847,INE506W01020,KRISHANA,EQ,,,,,KRISHANA PHOSCHEM LIMITED,184.13,184.38,180.98,182.04,182.0,183.67,,182.04,,,423003,77185075.35,5829,F1,1,,,,,,Cash Only,Unclassified,False,182.46666666666667,182.68,182.25333333333333,182.68,182.25333333333333,0.4266666666666765,0.23438072218560563,Narrow,Bearish,Below CPR,False,True,0.2,60,147274066.14,Higher,True,Risk On,True,6.360000000000001,175.38819999999998,404.11010000000005,0.06708595387840824,0.5240914260941719,True,False,No setup,Neutral,0,Not applicable,No directional setup; confirmation score not applicable.,Narrow CPR,Not applicable,Not applicable,Narrow CPR; Wide CPR rules not applied,0,0,0,0
2026-09-17,2026-09-17,CM,NSE,STK,18365,INE262H01021,PERSISTENT,EQ,,,,,PERSISTENT SYSTEMS LTD,5410.0,5502.0,5405.5,5473.0,5473.0,5440.0,,5473.05,,,233465,1274662547.5,23920,F1,1,,,,,,F&O + Cash,Information Technology,True,5460.166666666667,5453.75,5466.583333333334,5466.583333333334,5453.75,12.83333333333394,0.2344844387599843,Narrow,Bullish,Above CPR,True,False,0.26666666666666666,60,2768513450.85,Overlapping,True,Risk On,False,177.21428571428572,5444.8859999999995,5174.616,0.07241703614134427,0.4604140706300878,True,True,No setup,Neutral,0,Not applicable,No directional setup; confirmation score not applicable.,Narrow CPR,Not applicable,Not applicable,Narrow CPR; Wide CPR rules not applied,0,0,0,0
2026-09-17,2026-09-17,CM,NSE,STK,11999,INE512B01022,FCSSOFT,EQ,,,,,FCS SOFTWARE SOLN. LTD.,1.42,1.43,1.4,1.42,1.42,1.41,,1.42,,,847857,1200620.08,794,F1,1,,,,,,Cash Only,Unclassified,False,1.4166666666666667,1.415,1.4183333333333334,1.4183333333333334,1.415,0.0033333333333334103,0.2347417840375641,Narrow,Bullish,Above CPR,True,False,0.13333333333333333,60,2756469.715,Overlapping,True,Risk On,True,0.04357142857142861,1.4862,1.5385,0.07650273224043887,0.4355644008952952,False,False,No setup,Neutral,0,Not applicable,No directional setup; confirmation score not applicable.,Narrow CPR,Not applicable,Not applicable,Narrow CPR; Wide CPR rules not applied,0,0,0,0
2026-09-17,2026-09-17,CM,NSE,STK,2816,INE613A01020,RALLIS,EQ,,,,,RALLIS INDIA LTD,203.09,206.24,200.6,204.14,204.5,202.65,,204.14,,,588516,119700390.15,15131,F1,1,,,,,,Cash Only,Unclassified,False,203.66,203.42000000000002,203.89999999999998,203.89999999999998,203.42000000000002,0.47999999999996135,0.23513275203289968,Narrow,Bullish,Above CPR,True,False,0.4666666666666667,60,133343827.135,Higher,True,Risk On,False,4.661428571428567,215.6006,229.2677,0.10297272448666052,0.8976822753768189,False,False,No setup,Neutral,0,Not applicable,No directional setup; confirmation score not applicable.,Narrow CPR,Not applicable,Not applicable,Narrow CPR; Wide CPR rules not applied,0,0,-2,-2
2026-09-17,2026-09-17,CM,NSE,STK,29472,INE004A01022,PROTEAN,EQ,,,,,PROTEAN EGOV TECHNO LTD,485.35,496.0,485.35,488.95,490.0,485.35,,488.89,,,84841,41691611.9,3904,F1,1,,,,,,Cash Only,Unclassified,False,490.09999999999997,490.675,489.5249999999999,490.675,489.5249999999999,1.150000000000091,0.2351978729931672,Narrow,Bearish,Below CPR,False,True,0.18333333333333332,60,113089461.925,Inside,True,Risk On,True,15.907142857142853,558.398,573.316,0.07229456668164022,0.36866044979194906,False,False,No setup,Neutral,0,Not applicable,No directional setup; confirmation score not applicable.,Narrow CPR,Not applicable,Not applicable,Narrow CPR; Wide CPR rules not applied,0,0,0,0
2026-09-17,2026-09-17,CM,NSE,STK,3103,INE070A01015,SHREECEM,EQ,,,,,SHREE CEMENT LIMITED,21760.0,22080.0,21685.0,21960.0,21960.0,21795.0,,21960.0,,,15117,331027765.0,7605,F1,1,,,,,,F&O + Cash,Construction Materials,True,21908.333333333332,21882.5,21934.166666666664,21934.166666666664,21882.5,51.66666666666424,0.23527625986641273,Narrow,Bullish,Above CPR,True,False,0.4666666666666667,60,414054412.5,Inside,True,Risk On,False,513.5714285714286,25127.7,25073.25,0.1006026889197913,0.799478896991588,False,False,No setup,Neutral,0,Not applicable,No directional setup; confirmation score not applicable.,Narrow CPR,Not applicable,Not applicable,Narrow CPR; Wide CPR rules not applied,0,0,0,0
2026-09-17,2026-09-17,CM,NSE,STK,13275,INE332H01014,INDOTECH,EQ,,,,,INDO TECH TRANSFORM LTD.,3355.0,3470.7,3328.0,3411.4,3415.0,3373.3,,3411.29,,,8711,29821996.9,2417,F1,1,,,,,,Cash Only,Unclassified,False,3403.366666666667,3399.35,3407.3833333333337,3407.3833333333337,3399.35,8.033333333333758,0.2354849426433065,Narrow,Bullish,Above CPR,True,False,0.11666666666666667,60,101363233.85,Higher,True,Risk On,True,144.5714285714286,3080.972,2218.857,0.05556653491436392,0.2942092094667321,True,True,No setup,Neutral,0,Not applicable,No directional setup; confirmation score not applicable.,Narrow CPR,Not applicable,Not applicable,Narrow CPR; Wide CPR rules not applied,0,0,0,0
2026-09-17,2026-09-17,CM,NSE,STK,22670,INE0J1F01024,RPTECH,EQ,,,,,RASHI PERIPHERALS LIMITED,792.0,817.4,790.5,806.8,809.5,794.45,,806.8,,,154700,125139842.55,15066,F1,1,,,,,,Cash Only,Unclassified,False,804.9,803.95,805.8499999999999,805.8499999999999,803.95,1.8999999999998636,0.23549826474961125,Narrow,Bullish,Above CPR,True,False,0.18333333333333332,60,319711142.475,Higher,True,Risk On,True,38.42499999999999,816.949,707.0915,0.04944697462589106,0.3914153306676991,False,True,No setup,Neutral,0,Not applicable,No directional setup; confirmation score not applicable.,Narrow CPR,Not applicable,Not applicable,Narrow CPR; Wide CPR rules not applied,0,0,0,0
2026-09-17,2026-09-17,CM,NSE,STK,20551,INE321T01012,DOMS,EQ,,,,,DOMS INDUSTRIES LIMITED,2088.2,2140.0,2088.2,2121.6,2110.0,2085.2,,2122.24,,,36511,76959304.2,5664,F1,1,,,,,,Cash Only,Fast Moving Consumer Goods,True,2116.6,2114.1,2119.1,2119.1,2114.1,5.0,0.23567119155354452,Narrow,Bullish,Above CPR,True,False,0.48333333333333334,60,72926013.5,Higher,True,Risk On,False,43.7785714285715,2231.926,2245.3089999999997,0.11421112742698626,1.05530661154267,False,False,No setup,Neutral,0,Not applicable,No directional setup; confirmation score not applicable.,Narrow CPR,Not applicable,Not applicable,Narrow CPR; Wide CPR rules not applied,0,0,-2,-2
2026-09-17,2026-09-17,CM,NSE,STK,4684,INE073K01018,SONACOMS,EQ,,,,,SONA BLW PRECISION FRGS L,762.0,791.25,759.05,777.9,777.9,768.0,,777.91,,,3093640,2416027251.85,63901,F1,1,,,,,,F&O + Cash,Automobile and Auto Components,True,776.0666666666666,775.15,776.9833333333332,776.9833333333332,775.15,1.8333333333332575,0.23567725071773463,Narrow,Bullish,Above CPR,True,False,0.3333333333333333,60,1499964854.65,Inside,True,Risk On,False,22.464285714285715,769.91,687.0814999999999,0.08161102278749,1.6107225741724147,True,True,No setup,Neutral,0,Not applicable,No directional setup; confirmation score not applicable.,Narrow CPR,Not applicable,Not applicable,Narrow CPR; Wide CPR rules not applied,0,0,0,0
2026-09-17,2026-09-17,CM,NSE,STK,2031,INE101A01026,M&M,EQ,,,,,MAHINDRA & MAHINDRA LTD,3047.0,3127.8,3047.0,3076.5,3076.5,3070.0,,3077.12,,,1875308,5817485603.5,114634,F1,1,,,,,,F&O + Cash,Automobile and Auto Components,True,3083.7666666666664,3087.4,3080.1333333333328,3087.4,3080.1333333333328,7.266666666667334,0.23619914404899509,Narrow,Bearish,Below CPR,False,True,0.35,60,6697739987.9,Higher,True,Risk On,False,70.8357142857143,3271.38,3191.078,0.10258478706599036,0.8685744167450141,False,False,No setup,Neutral,0,Not applicable,No directional setup; confirmation score not applicable.,Narrow CPR,Not applicable,Not applicable,Narrow CPR; Wide CPR rules not applied,0,0,0,0
2026-09-17,2026-09-17,CM,NSE,STK,10932,INE874F01027,RADAAN,EQ,,,,,RADAAN MEDIAWORKS (I) LTD,2.84,2.9,2.72,2.8,2.8,2.84,,2.8,,,27820,78147.59,76,F1,1,,,,,,Cash Only,Unclassified,False,2.8066666666666666,2.81,2.8033333333333332,2.81,2.8033333333333332,0.006666666666666821,0.23809523809524363,Narrow,Bearish,Below CPR,False,True,0.21666666666666667,60,50059.615000000005,Lower,True,Risk On,True,0.19785714285714287,2.9930000000000003,3.0457,0.03369434416365902,1.5610905117828011,False,False,No setup,Neutral,0,Not applicable,No directional setup; confirmation score not applicable.,Narrow CPR,Not applicable,Not applicable,Narrow CPR; Wide CPR rules not applied,0,0,0,0
2026-09-17,2026-09-17,CM,NSE,STK,765000,INE285C01015,VOITHPAPR,EQ,,,,,VOITH PAPER FABRICS IND L,1450.0,1481.5,1445.0,1468.5,1460.2,1452.1,,1467.89,,,134,196017.9,21,F1,1,,,,,,Cash Only,Unclassified,False,1465.0,1463.25,1466.75,1466.75,1463.25,3.5,0.2383384405856316,Narrow,Bullish,Above CPR,True,False,0.30434782608695654,23,529074.2,Inside,True,Risk On,False,44.307142857142885,,,0.07899403514428498,0.37049226743621216,False,False,No setup,Neutral,0,Not applicable,No directional setup; confirmation score not applicable.,Narrow CPR,Not applicable,Not applicable,Narrow CPR; Wide CPR rules not applied,0,0,0,0
2026-09-17,2026-09-17,CM,NSE,STK,3237,INE643A01035,JTEKTINDIA,EQ,,,,,JTEKT INDIA LIMITED,117.29,119.6,117.29,118.87,119.5,117.12,,118.87,,,84316,10013759.76,1547,F1,1,,,,,,Cash Only,Unclassified,False,118.58666666666666,118.445,118.72833333333332,118.72833333333332,118.445,0.28333333333333144,0.23835562659487797,Narrow,Bullish,Above CPR,True,False,0.3333333333333333,60,19483339.415,Higher,True,Risk On,False,3.068571428571428,131.481,132.487,0.09233395406579704,0.5139652677964703,False,False,No setup,Neutral,0,Not applicable,No directional setup; confirmation score not applicable.,Narrow CPR,Not applicable,Not applicable,Narrow CPR; Wide CPR rules not applied,0,0,0,0
2026-09-17,2026-09-17,CM,NSE,STK,757014,INE0AQ201015,THELEELA,EQ,,,,,LEELA PALACES HOTEL LTD,520.2,536.0,520.2,530.0,530.15,524.2,,529.3,,,76806,40696551.6,8961,F1,1,,,,,,Cash Only,Consumer Services,True,528.7333333333333,528.1,529.3666666666667,529.3666666666667,528.1,1.2666666666666515,0.23899371069182104,Narrow,Bullish,Above CPR,True,False,0.35,60,188508900.325,Higher,True,Risk On,False,18.664285714285718,517.607,477.59899999999993,0.06786579920908196,0.21588663203613648,True,True,No setup,Neutral,0,Not applicable,No directional setup; confirmation score not applicable.,Narrow CPR,Not applicable,Not applicable,Narrow CPR; Wide CPR rules not applied,0,0,0,0
2026-09-17,2026-09-17,CM,NSE,STK,3345,INE387A01021,SUNDRMFAST,EQ,,,,,SUNDRAM FASTENERS LTD,1207.7,1236.9,1207.7,1226.7,1225.0,1219.9,,1226.67,,,81682,100151538.2,8272,F1,1,,,,,,Cash Only,Unclassified,False,1223.7666666666667,1222.3000000000002,1225.2333333333331,1225.2333333333331,1222.3000000000002,2.933333333332939,0.23912393684950997,Narrow,Bullish,Above CPR,True,False,0.36666666666666664,60,120703025.07499999,Higher,True,Risk On,False,43.73928571428571,1111.56,988.0390000000001,0.0670640428948496,0.8297351134138509,True,True,No setup,Neutral,0,Not applicable,No directional setup; confirmation score not applicable.,Narrow CPR,Not applicable,Not applicable,Narrow CPR; Wide CPR rules not applied,0,0,0,0
2026-09-17,2026-09-17,CM,NSE,STK,15555,INE075I01017,HCG,EQ,,,,,HEALTHCARE GLOB. ENT. LTD,678.3,697.95,671.4,687.15,695.0,674.15,,687.16,,,514056,353158986.75,6834,F1,1,,,,,,Cash Only,Unclassified,False,685.5,684.675,686.325,686.325,684.675,1.650000000000091,0.24012224405153038,Narrow,Bullish,Above CPR,True,False,0.3333333333333333,60,89380183.85,Higher,True,Risk On,False,27.750000000000007,691.5160000000001,658.2985000000001,0.059459459459462724,3.951200048353895,False,True,No setup,Neutral,0,Not applicable,No directional setup; confirmation score not applicable.,Narrow CPR,Not applicable,Not applicable,Narrow CPR; Wide CPR rules not applied,0,0,0,0
2026-09-17,2026-09-17,CM,NSE,STK,910,INE066A01021,EICHERMOT,EQ,,,,,EICHER MOTORS LTD,7495.0,7552.5,7489.0,7493.5,7493.5,7500.0,,7493.57,,,255852,1926872034.0,22632,F1,1,,,,,,F&O + Cash,Automobile and Auto Components,True,7511.666666666667,7520.75,7502.583333333334,7520.75,7502.583333333334,18.16666666666606,0.242432330241757,Narrow,Bearish,Below CPR,False,True,0.5,60,3336021024.75,Higher,True,Risk On,False,147.5,7787.86,7522.245,0.12316384180790549,0.5775958903449654,False,False,No setup,Neutral,0,Not applicable,No directional setup; confirmation score not applicable.,Narrow CPR,Not applicable,Not applicable,Narrow CPR; Wide CPR rules not applied,0,0,0,0
2026-09-17,2026-09-17,CM,NSE,STK,9599,INE148O01028,DELHIVERY,EQ,,,,,DELHIVERY LIMITED,422.6,429.95,418.85,425.95,425.95,421.8,,425.95,,,2714899,1152689341.15,28689,F1,1,,,,,,F&O + Cash,Services,True,424.9166666666667,424.4,425.4333333333334,425.4333333333334,424.4,1.0333333333334167,0.24259498376180696,Narrow,Bullish,Above CPR,True,False,0.43333333333333335,60,1335458752.25,Higher,True,Risk On,False,11.410714285714281,466.6089999999999,465.7055,0.09055816379760775,0.8631411035405868,False,False,No setup,Neutral,0,Not applicable,No directional setup; confirmation score not applicable.,Narrow CPR,Not applicable,Not applicable,Narrow CPR; Wide CPR rules not applied,0,0,-2,-2
2026-09-17,2026-09-17,CM,NSE,STK,25162,INE0KCE01017,EUREKAFORB,EQ,,,,,EUREKA FORBES LIMITED,391.75,398.95,386.1,391.1,387.95,394.15,,391.16,,,142731,56024691.85,10359,F1,1,,,,,,Cash Only,Unclassified,False,392.05,392.525,391.57500000000005,392.525,391.57500000000005,0.9499999999999318,0.24290462797236811,Narrow,Bearish,Below CPR,False,True,0.2833333333333333,60,58686241.175,Lower,True,Risk On,False,14.08571428571428,436.121,454.33349999999996,0.0674442190669323,0.9546478140069772,False,False,No setup,Neutral,0,Not applicable,No directional setup; confirmation score not applicable.,Narrow CPR,Not applicable,Not applicable,Narrow CPR; Wide CPR rules not applied,0,0,0,0
2026-09-17,2026-09-17,CM,NSE,STK,13560,INE536A01023,GRINDWELL,EQ,,,,,GRINDWELL NORTON LIMITED,1856.0,1869.9,1840.9,1862.2,1857.0,1852.9,,1862.2,,,15176,28199055.2,5701,F1,1,,,,,,Cash Only,Unclassified,False,1857.6666666666667,1855.4,1859.9333333333334,1859.9333333333334,1855.4,4.533333333333303,0.24343965918447552,Narrow,Bullish,Above CPR,True,False,0.35,60,63789190.55,Higher,True,Risk On,False,49.43571428571431,2041.132,1977.072,0.09170158454943825,0.4420663588433009,False,False,No setup,Neutral,0,Not applicable,No directional setup; confirmation score not applicable.,Narrow CPR,Not applicable,Not applicable,Narrow CPR; Wide CPR rules not applied,0,0,0,0
2026-09-17,2026-09-17,CM,NSE,STK,15083,INE742F01042,ADANIPORTS,EQ,,,,,ADANI PORT & SEZ LTD,1731.0,1738.8,1725.1,1738.3,1738.3,1723.8,,1738.15,,,791353,1372089728.7,46496,F1,1,,,,,,F&O + Cash,Services,True,1734.0666666666666,1731.9499999999998,1736.1833333333334,1736.1833333333334,1731.9499999999998,4.233333333333576,0.24353295365204947,Narrow,Bullish,Above CPR,True,False,0.43333333333333335,60,3001969533.6000004,Higher,True,Risk On,False,44.657142857142894,1729.156,1757.644,0.09479633184048307,0.4570631758059758,True,False,No setup,Neutral,0,Not applicable,No directional setup; confirmation score not applicable.,Narrow CPR,Not applicable,Not applicable,Narrow CPR; Wide CPR rules not applied,0,0,0,0
2026-09-17,2026-09-17,CM,NSE,STK,10243,INE398R01022,SYNGENE,EQ,,,,,SYNGENE INTERNATIONAL LTD,380.1,381.5,376.1,380.2,380.0,380.1,,380.19,,,160993,61027618.55,9060,F1,1,,,,,,Cash Only,Healthcare,True,379.26666666666665,378.8,379.7333333333333,379.7333333333333,378.8,0.9333333333332803,0.24548483254426098,Narrow,Bullish,Above CPR,True,False,0.23333333333333334,60,259389577.175,Overlapping,True,Risk On,True,7.824999999999989,403.074,426.44450000000006,0.11927582534610628,0.23527398137831518,False,False,No setup,Neutral,0,Not applicable,No directional setup; confirmation score not applicable.,Narrow CPR,Not applicable,Not applicable,Narrow CPR; Wide CPR rules not applied,0,-2,0,-2
2026-09-17,2026-09-17,CM,NSE,STK,23402,INE0R6Z01013,SRM,EQ,,,,,SRM CONTRACTORS LIMITED,419.9,428.45,419.9,425.75,426.55,419.8,,425.76,,,23088,9800610.1,1179,F1,1,,,,,,Cash Only,Unclassified,False,424.7,424.17499999999995,425.225,425.225,424.17499999999995,1.0500000000000682,0.24662360540224737,Narrow,Bullish,Above CPR,True,False,0.16666666666666666,60,37592989.625,Higher,True,Risk On,True,18.849999999999994,481.912,492.29200000000003,0.05570291777188693,0.26070313102957954,False,False,No setup,Neutral,0,Not applicable,No directional setup; confirmation score not applicable.,Narrow CPR,Not applicable,Not applicable,Narrow CPR; Wide CPR rules not applied,0,0,0,0
2026-09-17,2026-09-17,CM,NSE,STK,21740,INE149A01033,CHOLAHLDNG,EQ,,,,,CHOLAMANDALAM FIN HOL LTD,1525.6,1537.5,1472.0,1499.2,1490.0,1512.4,,1499.19,,,250938,374991841.6,17676,F1,1,,,,,,Cash Only,Financial Services,True,1502.8999999999999,1504.75,1501.0499999999997,1504.75,1501.0499999999997,3.700000000000273,0.2467982924226436,Narrow,Bearish,Below CPR,False,True,0.36666666666666664,60,193704504.6,Overlapping,True,Risk On,False,41.47142857142857,1552.894,1580.789,0.08921805029280713,1.9358963405335285,False,False,No setup,Neutral,0,Not applicable,No directional setup; confirmation score not applicable.,Narrow CPR,Not applicable,Not applicable,Narrow CPR; Wide CPR rules not applied,0,0,-2,-2
2026-09-17,2026-09-17,CM,NSE,STK,11961,INE617A01013,SEMAC,EQ,,,,,SEMAC CONSTRUCTION LTD,269.0,270.0,268.0,270.0,270.0,269.0,,270.0,,,139,37426.0,13,F1,1,,,,,,Cash Only,Unclassified,False,269.3333333333333,269.0,269.66666666666663,269.66666666666663,269.0,0.6666666666666288,0.24691358024689952,Narrow,Bullish,Above CPR,True,False,0.21666666666666667,60,222819.065,Higher,True,Risk On,True,10.635714285714284,291.9362,269.575,0.06268188941123441,0.16796587850326003,False,True,No setup,Neutral,0,Not applicable,No directional setup; confirmation score not applicable.,Narrow CPR,Not applicable,Not applicable,Narrow CPR; Wide CPR rules not applied,0,0,0,0
2026-09-17,2026-09-17,CM,NSE,STK,14423,INE059D01020,LAOPALA,EQ,,,,,LA OPALA RG LIMITED,156.45,158.03,155.4,156.13,156.15,156.01,,156.13,,,218566,34219191.54,6566,F1,1,,,,,,Cash Only,Unclassified,False,156.52,156.715,156.32500000000002,156.715,156.32500000000002,0.38999999999998636,0.2497918401332136,Narrow,Bearish,Below CPR,False,True,0.36666666666666664,60,22694320.805,Lower,True,Risk On,False,4.781428571428573,180.276,178.9614,0.0815655811174157,1.5078306081079478,False,False,No setup,Neutral,0,Not applicable,No directional setup; confirmation score not applicable.,Narrow CPR,Not applicable,Not applicable,Narrow CPR; Wide CPR rules not applied,0,0,0,0
