TradDt,BizDt,Sgmt,Src,FinInstrmTp,FinInstrmId,ISIN,SYMBOL,SERIES,XpryDt,FininstrmActlXpryDt,StrkPric,OptnTp,NAME,OPEN,HIGH,LOW,CLOSE,LAST,PREVCLOSE,UndrlygPric,SttlmPric,OpnIntrst,ChngInOpnIntrst,VOLUME,VALUE,TtlNbOfTxsExctd,SsnId,NewBrdLotQty,Rmks,Rsvd1,Rsvd2,Rsvd3,Rsvd4,Segment,Industry,Nifty500,Pivot,BC,TC,CPR_Top,CPR_Bottom,CPR_Width,CPR_Width_Pct,CPR_Class,Bias,Price_Position,Bullish_CPR,Bearish_CPR,Width_Rank_Pct,History_Days,Value_60d,Overlay,History_OK,Regime,Own_Narrow,ATR14,SMA50,SMA100,Width_ATR,Value_Ratio,Above_SMA50,Above_SMA100,Setup,Signal_Direction,Signal_Score,Signal_Grade,Signal_Explanation,Strategy_Type,Strategy_Setup,Strategy_Confirmation,Strategy_Explanation,Daily_Signal,Weekly_Signal,Monthly_Signal,Confluence_Score
2026-10-05,2026-10-05,CM,NSE,STK,13814,INE0BTI01037,KAMOPAINTS,EQ,,,,,KAMDHENU VENTURES LIMITED,4.1,4.22,4.0,4.11,4.1,4.1,,4.11,,,123407,507080.59,551,F1,1,,,,,,Cash Only,Unclassified,False,4.109999999999999,4.109999999999999,4.109999999999999,4.109999999999999,4.109999999999999,0.0,0.0,Narrow,Neutral,Above CPR,False,False,0.016666666666666666,60,907047.5449999999,Lower,True,Risk Off,False,0.21142857142857155,4.428999999999999,4.7631,0.0,0.5590452152097496,False,False,No setup,Neutral,0,Not applicable,No directional setup; confirmation score not applicable.,Narrow CPR,Not applicable,Not applicable,Narrow CPR; Wide CPR rules not applied,0,0,0,0
2026-10-05,2026-10-05,CM,NSE,STK,18931,INE108E01023,SUNDARAM,EQ,,,,,SUNDARAM MULTI PAP LTD,1.11,1.11,1.07,1.09,1.09,1.08,,1.1,,,354338,388341.97,382,F1,1,,,,,,Cash Only,Unclassified,False,1.09,1.09,1.09,1.09,1.09,0.0,0.0,Narrow,Neutral,Inside CPR,False,False,0.06666666666666667,60,445160.345,Higher,True,Risk Off,False,0.05428571428571427,1.2022,1.2702,0.0,0.8723642488865444,False,False,No setup,Neutral,0,Not applicable,No directional setup; confirmation score not applicable.,Narrow CPR,Not applicable,Not applicable,Narrow CPR; Wide CPR rules not applied,0,0,0,0
2026-10-05,2026-10-05,CM,NSE,STK,764788,INE596B01017,MUKESHB,EQ,,,,,MUKESH BABU FINANC SER L,128.0,128.0,128.0,128.0,128.0,128.8,,128.0,,,9,1152.0,1,F1,1,,,,,,Cash Only,Unclassified,False,128.0,128.0,128.0,128.0,128.0,0.0,0.0,Narrow,Neutral,Inside CPR,False,False,0.14285714285714285,28,24759.525,Inside,True,Risk Off,False,4.104285714285716,,,0.0,0.04652754848891487,False,False,No setup,Neutral,0,Not applicable,No directional setup; confirmation score not applicable.,Narrow CPR,Not applicable,Not applicable,Narrow CPR; Wide CPR rules not applied,0,0,0,0
2026-10-05,2026-10-05,CM,NSE,STK,9558,INE256Z01025,AKSHAR,EQ,,,,,AKSHAR SPINTEX LIMITED,0.42,0.43,0.41,0.42,0.43,0.41,,0.42,,,1171427,488816.97,270,F1,1,,,,,,Cash Only,Unclassified,False,0.42,0.42,0.42,0.42,0.42,0.0,0.0,Narrow,Neutral,Inside CPR,False,False,0.10833333333333334,60,323099.14,Inside,True,Risk Off,False,0.015714285714285712,0.4118,0.4314,0.0,1.5129008699930304,True,False,No setup,Neutral,0,Not applicable,No directional setup; confirmation score not applicable.,Narrow CPR,Not applicable,Not applicable,Narrow CPR; Wide CPR rules not applied,0,-1,0,-1
2026-10-05,2026-10-05,CM,NSE,STK,762812,INE605D01012,NEAGI,EQ,,,,,NEELAMALAI AGRO INDS. L,3292.9,3292.9,3292.9,3292.9,3292.9,3309.4,,3299.43,,,5,16464.5,2,F1,1,,,,,,Cash Only,Unclassified,False,3292.9,3292.9,3292.9,3292.9,3292.9,0.0,0.0,Narrow,Neutral,Inside CPR,False,False,0.16666666666666666,60,43732.5,Lower,True,Risk Off,False,72.57142857142857,3272.606,,0.0,0.37648202137998055,True,False,No setup,Neutral,0,Not applicable,No directional setup; confirmation score not applicable.,Narrow CPR,Not applicable,Not applicable,Narrow CPR; Wide CPR rules not applied,0,0,0,0
2026-10-05,2026-10-05,CM,NSE,STK,1129,INE586X01012,GTECJAINX,EQ,,,,,G-TEC JAINX EDUCATION LTD,37.67,37.67,37.67,37.67,37.67,35.88,,37.67,,,16385,617222.95,47,F1,1,,,,,,Cash Only,Unclassified,False,37.67,37.67,37.67,37.67,37.67,0.0,0.0,Narrow,Neutral,Inside CPR,False,False,0.041666666666666664,60,66494.665,Higher,True,Risk Off,False,3.1592857142857143,23.293400000000002,21.371100000000002,0.0,9.282292797474804,True,True,No setup,Neutral,0,Not applicable,No directional setup; confirmation score not applicable.,Narrow CPR,Not applicable,Not applicable,Narrow CPR; Wide CPR rules not applied,0,0,0,0
2026-10-05,2026-10-05,CM,NSE,STK,758968,INE0Y8W01025,AHCL,EQ,,,,,ANLON HEALTHCARE LIMITED,31.22,31.22,31.22,31.22,31.22,32.86,,31.24,,,996049,31096649.78,3473,F1,1,,,,,,Cash Only,Unclassified,False,31.22,31.22,31.22,31.22,31.22,0.0,0.0,Narrow,Neutral,Inside CPR,False,False,0.025,60,45046479.555,Lower,True,Risk Off,False,2.800714285714286,18.948,16.9114,0.0,0.6903236409858,True,True,No setup,Neutral,0,Not applicable,No directional setup; confirmation score not applicable.,Narrow CPR,Not applicable,Not applicable,Narrow CPR; Wide CPR rules not applied,0,0,0,0
2026-10-05,2026-10-05,CM,NSE,STK,23590,INE350Z01018,GLOSTERLTD,EQ,,,,,GLOSTER LIMITED,539.0,546.0,539.0,542.5,541.0,539.0,,542.5,,,270,146292.25,38,F1,1,,,,,,Cash Only,Unclassified,False,542.5,542.5,542.5,542.5,542.5,0.0,0.0,Narrow,Neutral,Inside CPR,False,False,0.016666666666666666,60,747390.8,Inside,True,Risk Off,False,18.435714285714273,609.956,643.156,0.0,0.19573729031719414,False,False,No setup,Neutral,0,Not applicable,No directional setup; confirmation score not applicable.,Narrow CPR,Not applicable,Not applicable,Narrow CPR; Wide CPR rules not applied,0,0,0,0
2026-10-05,2026-10-05,CM,NSE,STK,181,INE610C01014,ARENTERP,EQ,,,,,RAJDARSHAN INDUSTRIES LTD,33.79,33.79,33.79,33.79,33.79,33.79,,33.79,,,330,11150.7,4,F1,1,,,,,,Cash Only,Unclassified,False,33.79,33.79,33.79,33.79,33.79,0.0,0.0,Narrow,Neutral,Inside CPR,False,False,0.016666666666666666,60,46936.815,Higher,True,Risk Off,False,2.4571428571428555,36.5366,36.9431,0.0,0.23756831391307656,False,False,No setup,Neutral,0,Not applicable,No directional setup; confirmation score not applicable.,Narrow CPR,Not applicable,Not applicable,Narrow CPR; Wide CPR rules not applied,0,0,0,0
2026-10-05,2026-10-05,CM,NSE,STK,759062,INE0KKN01029,RHETAN,EQ,,,,,RHETAN TMT LIMITED,15.81,15.81,15.81,15.81,15.81,16.64,,15.81,,,135708,2145543.48,653,F1,1,,,,,,Cash Only,Unclassified,False,15.81,15.81,15.81,15.81,15.81,0.0,0.0,Narrow,Neutral,Inside CPR,False,False,0.10833333333333334,60,230126721.925,Lower,True,Risk Off,False,0.99,23.511,25.9894,0.0,0.009323313094857573,False,False,No setup,Neutral,0,Not applicable,No directional setup; confirmation score not applicable.,Narrow CPR,Not applicable,Not applicable,Narrow CPR; Wide CPR rules not applied,0,0,0,0
2026-10-05,2026-10-05,CM,NSE,STK,765553,INE0DRI01029,ESDS,EQ,,,,,ESDS SOFTWARE SOLUTION L,1362.4,1362.4,1362.4,1362.4,1362.4,1434.1,,1360.4,,,59205,80660892.0,3463,F1,1,,,,,,Cash Only,Unclassified,False,1362.4,1362.4,1362.4,1362.4,1362.4,0.0,0.0,Narrow,Neutral,Inside CPR,False,False,0.15,20,861528583.775,Lower,True,Risk Off,False,94.0964285714286,,,0.0,0.09362532308163753,False,False,No setup,Neutral,0,Not applicable,No directional setup; confirmation score not applicable.,Narrow CPR,Not applicable,Not applicable,Narrow CPR; Wide CPR rules not applied,0,0,0,0
2026-10-05,2026-10-05,CM,NSE,STK,14924,INE740X01023,LAL,EQ,,,,,LORENZINI APPARELS LTD,8.31,8.59,8.31,8.45,8.45,8.45,,8.45,,,20120,170015.89,102,F1,1,,,,,,Cash Only,Unclassified,False,8.45,8.45,8.45,8.45,8.45,0.0,0.0,Narrow,Neutral,Inside CPR,False,False,0.03333333333333333,60,280453.53,Lower,True,Risk Off,False,0.5471428571428574,8.702,8.3376,0.0,0.6062176860458843,False,True,No setup,Neutral,0,Not applicable,No directional setup; confirmation score not applicable.,Narrow CPR,Not applicable,Not applicable,Narrow CPR; Wide CPR rules not applied,0,0,0,0
2026-10-05,2026-10-05,CM,NSE,STK,11226,INE116D01028,BAGFILMS,EQ,,,,,B.A.G FILMS AND MEDIA LTD,4.07,4.18,4.02,4.1,4.14,4.07,,4.1,,,29972,123301.81,140,F1,1,,,,,,Cash Only,Unclassified,False,4.1,4.1,4.1,4.1,4.1,0.0,0.0,Narrow,Neutral,Inside CPR,False,False,0.041666666666666664,60,257970.465,Higher,True,Risk Off,False,0.19214285714285734,4.3946000000000005,4.5958,0.0,0.4779687085496396,False,False,No setup,Neutral,0,Not applicable,No directional setup; confirmation score not applicable.,Narrow CPR,Not applicable,Not applicable,Narrow CPR; Wide CPR rules not applied,0,-2,0,-2
2026-10-05,2026-10-05,CM,NSE,STK,764950,INE390D01011,TERAI,EQ,,,,,TERAI TEA CO. LTD.,116.0,116.0,116.0,116.0,116.0,116.75,,123.0,,,1,116.0,1,F1,1,,,,,,Cash Only,Unclassified,False,116.0,116.0,116.0,116.0,116.0,0.0,0.0,Narrow,Neutral,Inside CPR,False,False,0.10714285714285714,28,25620.05,Inside,True,Risk Off,False,9.322857142857146,,,0.0,0.004527703888165714,False,False,No setup,Neutral,0,Not applicable,No directional setup; confirmation score not applicable.,Narrow CPR,Not applicable,Not applicable,Narrow CPR; Wide CPR rules not applied,0,0,0,0
2026-10-05,2026-10-05,CM,NSE,STK,764900,INE960E01019,SHIVAAGRO,EQ,,,,,SHIVA GLOBAL AGRO INDS. L,39.0,39.0,38.4,38.7,38.7,39.22,,38.7,,,949,36553.4,19,F1,1,,,,,,Cash Only,Unclassified,False,38.7,38.7,38.7,38.7,38.7,0.0,0.0,Narrow,Neutral,Inside CPR,False,False,0.029411764705882353,34,87631.13,Inside,True,Risk Off,False,3.3000000000000003,,,0.0,0.4171280228841052,False,False,No setup,Neutral,0,Not applicable,No directional setup; confirmation score not applicable.,Narrow CPR,Not applicable,Not applicable,Narrow CPR; Wide CPR rules not applied,0,0,0,0
2026-10-05,2026-10-05,CM,NSE,STK,765065,INE595R01023,EASTWEST,EQ,,,,,EAST WEST FREIGHT CARRI L,2.36,2.4,2.24,2.32,2.36,2.29,,2.32,,,51178,118089.47,161,F1,1,,,,,,Cash Only,Unclassified,False,2.3200000000000003,2.3200000000000003,2.3200000000000003,2.3200000000000003,2.3200000000000003,0.0,0.0,Narrow,Neutral,Below CPR,False,False,0.04411764705882353,34,79529.26,Higher,True,Risk Off,False,0.14999999999999997,,,0.0,1.484855636780727,False,False,No setup,Neutral,0,Not applicable,No directional setup; confirmation score not applicable.,Narrow CPR,Not applicable,Not applicable,Narrow CPR; Wide CPR rules not applied,0,0,0,0
2026-10-05,2026-10-05,CM,NSE,STK,381,INE129Z01016,SINTERCOM,EQ,,,,,SINTERCOM INDIA LIMITED,75.9,75.9,75.9,75.9,75.9,75.87,,75.9,,,1,75.9,1,F1,1,,,,,,Cash Only,Unclassified,False,75.9,75.9,75.9,75.9,75.9,0.0,0.0,Narrow,Neutral,Inside CPR,False,False,0.016666666666666666,60,337112.595,Lower,True,Risk Off,False,4.637857142857145,80.3988,78.4418,0.0,0.00022514732800179126,False,False,No setup,Neutral,0,Not applicable,No directional setup; confirmation score not applicable.,Narrow CPR,Not applicable,Not applicable,Narrow CPR; Wide CPR rules not applied,0,0,0,0
2026-10-05,2026-10-05,CM,NSE,STK,2106,INE347A01017,MANGLMCEM,EQ,,,,,MANGALAM CEMENT LTD,984.0,1007.4,974.2,990.8,990.0,984.65,,990.8,,,85465,84240153.25,4508,F1,1,,,,,,Cash Only,Unclassified,False,990.7999999999998,990.8,990.7999999999997,990.8,990.7999999999997,2.2737367544323206e-13,2.2948493686236582e-14,Narrow,Bearish,Inside CPR,False,False,0.016666666666666666,60,57797805.3,Higher,True,Risk Off,True,34.142857142857125,994.3760000000001,942.3285,6.659480033902197e-15,1.4574974397860052,False,True,Watch Short,Short,74,Confirmed,CPR width: Narrow (20/20); Price location: Inside CPR; watch state (10/20); Trend: partially aligned (1/2) (12/20); Participation: confirmed (1.46x) (20/20); Higher timeframe: slightly aligned (-1) (12/20),Narrow CPR,Not applicable,Not applicable,Narrow CPR; Wide CPR rules not applied,-1,0,0,-1
2026-10-05,2026-10-05,CM,NSE,STK,750290,INE1CLE01013,VISL,EQ,,,,,VEDANTA IRON AND STEEL L,30.99,31.32,30.16,30.74,30.7,31.17,,30.75,,,14830747,456459796.73,42175,F1,1,,,,,,Cash Only,Unclassified,False,30.74,30.740000000000002,30.739999999999995,30.740000000000002,30.739999999999995,7.105427357601002e-15,2.311459778009435e-14,Narrow,Bearish,Inside CPR,False,False,0.016666666666666666,60,865883725.2249999,Lower,True,Risk Off,True,1.6421428571428567,34.431400000000004,,4.3269240107183144e-15,0.5271606145633341,False,False,Watch Short,Short,66,Confirmed,CPR width: Narrow (20/20); Price location: Inside CPR; watch state (10/20); Trend: aligned with SMA50/SMA100 (20/20); Participation: light (0.53x) (4/20); Higher timeframe: slightly aligned (-1) (12/20),Narrow CPR,Not applicable,Not applicable,Narrow CPR; Wide CPR rules not applied,-1,0,0,-1
2026-10-05,2026-10-05,CM,NSE,STK,762767,INE631R01026,MADHAVIPL,EQ,,,,,MADHAV INFRA PROJECTS L,7.32,7.39,7.13,7.26,7.29,7.31,,7.22,,,54097,393703.42,356,F1,1,,,,,,Cash Only,Unclassified,False,7.260000000000001,7.26,7.260000000000002,7.260000000000002,7.26,1.7763568394002505e-15,2.446772506060951e-14,Narrow,Bullish,Inside CPR,False,False,0.016666666666666666,60,763105.6100000001,Inside,True,Risk Off,True,0.4942857142857144,7.6562,8.0849,3.5937855132375005e-15,0.5159225863901065,False,False,Watch Long,Long,42,Weak confirmation,CPR width: Narrow (20/20); Price location: Inside CPR; watch state (10/20); Trend: opposes SMA direction (0/20); Participation: light (0.52x) (4/20); Higher timeframe: neutral (0) (8/20),Narrow CPR,Not applicable,Not applicable,Narrow CPR; Wide CPR rules not applied,1,-1,0,0
2026-10-05,2026-10-05,CM,NSE,STK,4010,INE362A01016,PVP,EQ,,,,,PVP VENTURES LIMITED,47.95,47.95,47.95,47.95,47.95,50.47,,47.96,,,150380,7210721.0,506,F1,1,,,,,,Cash Only,Unclassified,False,47.95000000000001,47.95,47.95000000000002,47.95000000000002,47.95,1.4210854715202004e-14,2.963681900980605e-14,Narrow,Bullish,Inside CPR,False,False,0.016666666666666666,60,53677866.525000006,Lower,True,Risk Off,True,3.5778571428571424,49.1368,38.9798,3.9718899184034354e-15,0.13433322646386606,False,True,Watch Long,Long,58,Mixed,CPR width: Narrow (20/20); Price location: Inside CPR; watch state (10/20); Trend: partially aligned (1/2) (12/20); Participation: light (0.13x) (4/20); Higher timeframe: slightly aligned (+1) (12/20),Narrow CPR,Not applicable,Not applicable,Narrow CPR; Wide CPR rules not applied,1,0,0,1
2026-10-05,2026-10-05,CM,NSE,STK,9355,INE033B01011,QUINTEGRA,EQ,,,,,QUINTEGRA SOLUTIONS LTD.,1.4,1.4,1.4,1.4,1.4,1.34,,1.5,,,41644,58301.6,14,F1,1,,,,,,Cash Only,Unclassified,False,1.3999999999999997,1.4,1.3999999999999995,1.4,1.3999999999999995,4.440892098500626e-16,3.1720657846433045e-14,Narrow,Bearish,Inside CPR,False,False,1.0,5,1244.4,Higher,False,Risk Off,False,,,,,46.851173256187714,False,False,No setup,Neutral,0,Not applicable,No directional setup; confirmation score not applicable.,Narrow CPR,Not applicable,Not applicable,Narrow CPR; Wide CPR rules not applied,0,0,0,0
2026-10-05,2026-10-05,CM,NSE,STK,20531,INE0KQN01018,BAJEL,EQ,,,,,BAJEL PROJECTS LIMITED,163.8,165.99,162.12,164.05,164.8,163.63,,164.04,,,79333,12999757.02,1689,F1,1,,,,,,Cash Only,Unclassified,False,164.05333333333334,164.055,164.05166666666668,164.055,164.05166666666668,0.0033333333333303017,0.002031900843237002,Narrow,Bearish,Below CPR,False,True,0.016666666666666666,60,24512589.770000003,Higher,True,Risk Off,True,6.143571428571426,180.9996,185.275,0.0005425725690806213,0.5303298077427091,False,False,No setup,Neutral,0,Not applicable,No directional setup; confirmation score not applicable.,Narrow CPR,Not applicable,Not applicable,Narrow CPR; Wide CPR rules not applied,0,0,0,0
2026-10-05,2026-10-05,CM,NSE,STK,15234,INE540G01014,AMBIKCO,EQ,,,,,AMBIKA COTTON MILL LTD.,1537.0,1545.0,1523.2,1534.0,1530.0,1505.8,,1534.11,,,5905,9055240.1,949,F1,1,,,,,,Cash Only,Unclassified,False,1534.0666666666666,1534.1,1534.0333333333333,1534.1,1534.0333333333333,0.06666666666660603,0.004345936549322428,Narrow,Bearish,Below CPR,False,True,0.016666666666666666,60,13630787.4,Higher,True,Risk Off,True,39.52857142857145,1637.8080000000002,1652.1180000000002,0.0016865437899032958,0.6643225981207805,False,False,No setup,Neutral,0,Not applicable,No directional setup; confirmation score not applicable.,Narrow CPR,Not applicable,Not applicable,Narrow CPR; Wide CPR rules not applied,0,0,0,0
2026-10-05,2026-10-05,CM,NSE,STK,762954,INE064A01026,TIMEX,EQ,,,,,TIMEX GROUP INDIA LTD.,733.15,744.8,724.5,734.6,739.0,729.5,,734.69,,,462142,339214519.45,33994,F1,1,,,,,,Cash Only,Unclassified,False,734.6333333333333,734.65,734.6166666666667,734.65,734.6166666666667,0.03333333333330302,0.004537616843629596,Narrow,Bearish,Below CPR,False,True,0.016666666666666666,60,194702182.825,Higher,True,Risk Off,True,38.342857142857135,619.0369999999999,546.771,0.0008693492300041772,1.7422224780853584,True,True,No setup,Neutral,0,Not applicable,No directional setup; confirmation score not applicable.,Narrow CPR,Not applicable,Not applicable,Narrow CPR; Wide CPR rules not applied,0,0,0,0
2026-10-05,2026-10-05,CM,NSE,STK,5265,INE03Q201024,ALIVUS,EQ,,,,,ALIVUS LIFE SCIENCES LTD,1376.0,1398.0,1349.2,1373.7,1373.8,1374.2,,1373.67,,,97234,133164870.6,18167,F1,1,,,,,,Cash Only,Unclassified,False,1373.6333333333332,1373.6,1373.6666666666665,1373.6666666666665,1373.6,0.06666666666660603,0.004853073208604938,Narrow,Bullish,Above CPR,True,False,0.03333333333333333,60,112347279.35,Higher,True,Risk Off,True,48.49285714285717,1341.144,1215.845,0.0013747729169722846,1.185296799089777,True,True,No setup,Neutral,0,Not applicable,No directional setup; confirmation score not applicable.,Narrow CPR,Not applicable,Not applicable,Narrow CPR; Wide CPR rules not applied,0,0,0,0
2026-10-05,2026-10-05,CM,NSE,STK,714,INE597J01018,SHALBY,EQ,,,,,SHALBY LIMITED,133.0,135.49,132.51,134.01,133.6,133.55,,134.0,,,36205,4853526.24,1639,F1,1,,,,,,Cash Only,Unclassified,False,134.00333333333333,134.0,134.00666666666666,134.00666666666666,134.0,0.006666666666660603,0.004974753127871505,Narrow,Bullish,Above CPR,True,False,0.03333333333333333,60,9780820.02,Higher,True,Risk Off,True,7.3507142857142895,151.5492,160.444,0.0009069413403289126,0.496228969562411,False,False,No setup,Neutral,0,Not applicable,No directional setup; confirmation score not applicable.,Narrow CPR,Not applicable,Not applicable,Narrow CPR; Wide CPR rules not applied,0,0,0,0
2026-10-05,2026-10-05,CM,NSE,STK,17818,INE214T01019,LTM,EQ,,,,,LTM LIMITED,4031.0,4073.0,3946.2,4010.0,4010.0,4007.0,,4009.93,,,216279,866370687.5,20151,F1,1,,,,,,F&O + Cash,Information Technology,True,4009.7333333333336,4009.6,4009.8666666666672,4009.8666666666672,4009.6,0.26666666666733363,0.006650041562776399,Narrow,Bullish,Above CPR,True,False,0.016666666666666666,60,1508849005.25,Inside,True,Risk Off,True,151.82857142857142,4416.52,4185.288,0.0017563668297622653,0.5741930998300601,False,False,No setup,Neutral,0,Not applicable,No directional setup; confirmation score not applicable.,Narrow CPR,Not applicable,Not applicable,Narrow CPR; Wide CPR rules not applied,0,-2,0,-2
2026-10-05,2026-10-05,CM,NSE,STK,757614,INE0H9P01028,ARIS,EQ,,,,,ARISINFRA SOLUTIONS LTD,139.49,143.0,137.51,140.24,140.87,138.66,,140.23,,,1432618,201573799.08,13253,F1,1,,,,,,Cash Only,Unclassified,False,140.25,140.255,140.245,140.255,140.245,0.009999999999990905,0.007130633200221695,Narrow,Bearish,Below CPR,False,True,0.03333333333333333,60,185686114.485,Higher,True,Risk Off,True,7.957142857142857,134.1292,125.81120000000001,0.0012567324955105267,1.0855620499091407,True,True,No setup,Neutral,0,Not applicable,No directional setup; confirmation score not applicable.,Narrow CPR,Not applicable,Not applicable,Narrow CPR; Wide CPR rules not applied,0,0,0,0
2026-10-05,2026-10-05,CM,NSE,STK,1394,INE030A01027,HINDUNILVR,EQ,,,,,HINDUSTAN UNILEVER LTD.,1845.1,1848.4,1828.0,1838.4,1838.4,1836.0,,1838.42,,,975071,1789463547.8,58733,F1,1,,,,,,F&O + Cash,Fast Moving Consumer Goods,True,1838.2666666666667,1838.2,1838.3333333333333,1838.3333333333333,1838.2,0.13333333333321207,0.007252683492885773,Narrow,Bullish,Above CPR,True,False,0.016666666666666666,60,2394180599.5,Lower,True,Risk Off,True,32.2857142857143,2004.3740000000003,2085.771,0.004129793510320726,0.7474221235330831,False,False,No setup,Neutral,0,Not applicable,No directional setup; confirmation score not applicable.,Narrow CPR,Not applicable,Not applicable,Narrow CPR; Wide CPR rules not applied,0,0,0,0
2026-10-05,2026-10-05,CM,NSE,STK,3292,INE0FHS01024,DEEPINDS,EQ,,,,,DEEP INDUSTRIES LIMITED,750.9,762.9,731.4,747.05,743.2,749.0,,746.94,,,111244,83185593.4,7843,F1,1,,,,,,Cash Only,Unclassified,False,747.1166666666667,747.15,747.0833333333334,747.15,747.0833333333334,0.06666666666660603,0.00892398991588328,Narrow,Bearish,Below CPR,False,True,0.016666666666666666,60,254919852.675,Higher,True,Risk Off,True,35.66785714285715,691.748,584.823,0.0018690964921047046,0.32632057694641065,True,True,No setup,Neutral,0,Not applicable,No directional setup; confirmation score not applicable.,Narrow CPR,Not applicable,Not applicable,Narrow CPR; Wide CPR rules not applied,0,0,0,0
2026-10-05,2026-10-05,CM,NSE,STK,16927,INE839G01010,JOCIL,EQ,,,,,JOCIL LIMITED,149.99,149.99,145.65,147.84,148.39,145.22,,147.84,,,2559,381609.63,65,F1,1,,,,,,Cash Only,Unclassified,False,147.82666666666668,147.82,147.83333333333337,147.83333333333337,147.82,0.01333333333337805,0.009018759018789265,Narrow,Bullish,Above CPR,True,False,0.016666666666666666,60,531827.525,Inside,True,Risk Off,True,8.620000000000001,139.4668,130.7314,0.001546790409904646,0.717543963148579,True,True,No setup,Neutral,0,Not applicable,No directional setup; confirmation score not applicable.,Narrow CPR,Not applicable,Not applicable,Narrow CPR; Wide CPR rules not applied,0,0,0,0
2026-10-05,2026-10-05,CM,NSE,STK,3744,INE686Y01026,FINEORG,EQ,,,,,FINE ORGANIC IND. LTD.,5131.0,5300.0,5121.5,5210.0,5219.5,5131.0,,5209.67,,,27037,140938628.0,8361,F1,1,,,,,,Cash Only,Unclassified,False,5210.5,5210.75,5210.25,5210.75,5210.25,0.5,0.009596928982725529,Narrow,Bearish,Below CPR,False,True,0.016666666666666666,60,84771216.25,Higher,True,Risk Off,True,118.71428571428571,5103.156,4993.824,0.004211793020457281,1.662576452652937,True,True,No setup,Neutral,0,Not applicable,No directional setup; confirmation score not applicable.,Narrow CPR,Not applicable,Not applicable,Narrow CPR; Wide CPR rules not applied,0,0,0,0
2026-10-05,2026-10-05,CM,NSE,STK,11045,INE170E01023,SATIA,EQ,,,,,SATIA INDUSTRIES LIMITED,68.0,69.0,68.0,68.51,68.05,68.34,,68.51,,,70953,4858026.14,890,F1,1,,,,,,Cash Only,Unclassified,False,68.50333333333333,68.5,68.50666666666666,68.50666666666666,68.5,0.006666666666660603,0.009730939522202019,Narrow,Bullish,Above CPR,True,False,0.016666666666666666,60,6063034.17,Inside,True,Risk Off,True,2.4235714285714303,63.107600000000005,60.308499999999995,0.002750761371448523,0.8012533005401155,True,True,No setup,Neutral,0,Not applicable,No directional setup; confirmation score not applicable.,Narrow CPR,Not applicable,Not applicable,Narrow CPR; Wide CPR rules not applied,0,0,0,0
2026-10-05,2026-10-05,CM,NSE,STK,25690,INE417B01040,DSSL,EQ,,,,,DYNACONS SYS & SOLN LTD,950.75,980.0,950.0,964.85,967.5,948.75,,964.68,,,16450,15858267.3,2216,F1,1,,,,,,Cash Only,Unclassified,False,964.9499999999999,965.0,964.8999999999999,965.0,964.8999999999999,0.10000000000013642,0.010364305332449234,Narrow,Bearish,Below CPR,False,True,0.03333333333333333,60,29807345.4,Higher,True,Risk Off,True,39.68928571428574,1104.08,1246.5410000000002,0.002519571672819057,0.532025481880047,False,False,No setup,Neutral,0,Not applicable,No directional setup; confirmation score not applicable.,Narrow CPR,Not applicable,Not applicable,Narrow CPR; Wide CPR rules not applied,0,0,0,0
2026-10-05,2026-10-05,CM,NSE,STK,763753,INE0ZK601013,CSM,EQ,,,,,CSM TECHNOLOGIES LIMITED,93.78,95.0,92.33,93.68,94.25,94.25,,93.68,,,293230,27461562.28,1753,F1,1,,,,,,Cash Only,Unclassified,False,93.67,93.66499999999999,93.67500000000001,93.67500000000001,93.66499999999999,0.010000000000019327,0.01067463706236051,Narrow,Bullish,Above CPR,True,False,0.07142857142857142,56,28313356.259999998,Lower,True,Risk Off,True,7.594285714285716,98.92560000000002,,0.001316779533486367,0.9699154712645855,False,False,No setup,Neutral,0,Not applicable,No directional setup; confirmation score not applicable.,Narrow CPR,Not applicable,Not applicable,Narrow CPR; Wide CPR rules not applied,0,0,0,0
2026-10-05,2026-10-05,CM,NSE,STK,18889,INE907A01026,KSL,EQ,,,,,KALYANI STEELS LIMITED,913.0,932.85,910.05,921.3,922.9,913.0,,921.3,,,52793,48688641.4,4200,F1,1,,,,,,Cash Only,Unclassified,False,921.4,921.45,921.3499999999999,921.45,921.3499999999999,0.10000000000013642,0.01085422772171241,Narrow,Bearish,Below CPR,False,True,0.016666666666666666,60,58021955.275,Inside,True,Risk Off,True,43.617857142857154,906.324,878.9035,0.002292638991241971,0.8391416864398319,True,True,No setup,Neutral,0,Not applicable,No directional setup; confirmation score not applicable.,Narrow CPR,Not applicable,Not applicable,Narrow CPR; Wide CPR rules not applied,0,0,0,0
2026-10-05,2026-10-05,CM,NSE,STK,20188,INE956G01038,WABAG,EQ,,,,,VA TECH WABAG LTD,2015.0,2032.8,1967.0,1999.5,1999.9,2004.9,,1999.5,,,683349,1357407800.2,33624,F1,1,,,,,,Cash Only,Unclassified,False,1999.7666666666667,1999.9,1999.6333333333332,1999.9,1999.6333333333332,0.2666666666668789,0.013336667500218998,Narrow,Bearish,Below CPR,False,True,0.016666666666666666,60,1077489104.0,Lower,True,Risk Off,True,85.2428571428572,2017.96,1908.724,0.0031283168538095373,1.259787959953236,False,True,No setup,Neutral,0,Not applicable,No directional setup; confirmation score not applicable.,Narrow CPR,Not applicable,Not applicable,Narrow CPR; Wide CPR rules not applied,0,0,0,0
2026-10-05,2026-10-05,CM,NSE,STK,14309,INE562A01011,INDIANB,EQ,,,,,INDIAN BANK,801.75,817.9,801.75,810.0,810.0,793.15,,809.99,,,1043196,843589079.7,41061,F1,1,,,,,,F&O + Cash,Financial Services,True,809.8833333333333,809.825,809.9416666666666,809.9416666666666,809.825,0.11666666666656056,0.01440329218105686,Narrow,Bullish,Above CPR,True,False,0.06666666666666667,60,933365937.325,Higher,True,Risk Off,True,18.06785714285713,855.959,843.8335,0.006457139092041309,0.9038138697429886,False,False,No setup,Neutral,0,Not applicable,No directional setup; confirmation score not applicable.,Narrow CPR,Not applicable,Not applicable,Narrow CPR; Wide CPR rules not applied,0,0,0,0
2026-10-05,2026-10-05,CM,NSE,STK,9116,INE760F01028,INDOAMIN,EQ,,,,,INDO AMINES LIMITED,136.55,150.0,136.55,143.31,144.0,136.52,,143.31,,,590272,85390801.0,9029,F1,1,,,,,,Cash Only,Unclassified,False,143.28666666666666,143.275,143.29833333333332,143.29833333333332,143.275,0.023333333333312112,0.01628172028003078,Narrow,Bullish,Above CPR,True,False,0.016666666666666666,60,13464010.2,Higher,True,Risk Off,True,8.286428571428573,128.4758,116.4448,0.002815849208399013,6.342152132356525,True,True,No setup,Neutral,0,Not applicable,No directional setup; confirmation score not applicable.,Narrow CPR,Not applicable,Not applicable,Narrow CPR; Wide CPR rules not applied,0,0,0,0
2026-10-05,2026-10-05,CM,NSE,STK,756782,INE0GGO01015,KRISHIVAL,EQ,,,,,KRISHIVAL FOODS LIMITED,399.0,414.2,399.0,406.5,408.5,394.5,,406.42,,,21443,8649063.9,483,F1,1,,,,,,Cash Only,Unclassified,False,406.56666666666666,406.6,406.5333333333333,406.6,406.5333333333333,0.06666666666671972,0.01640016400165307,Narrow,Bearish,Below CPR,False,True,0.05,60,4712091.324999999,Higher,True,Risk Off,True,9.385714285714284,403.565,400.12049999999994,0.007102993404368921,1.8355043023280118,True,True,No setup,Neutral,0,Not applicable,No directional setup; confirmation score not applicable.,Narrow CPR,Not applicable,Not applicable,Narrow CPR; Wide CPR rules not applied,0,0,0,0
2026-10-05,2026-10-05,CM,NSE,STK,28906,INE040D01038,MAYURUNIQ,EQ,,,,,MAYUR UNIQUOTERS LTD,715.4,718.45,694.3,706.55,711.9,711.55,,706.56,,,98146,69255501.6,12991,F1,1,,,,,,Cash Only,Unclassified,False,706.4333333333334,706.375,706.4916666666668,706.4916666666668,706.375,0.11666666666678793,0.01651216002643662,Narrow,Bullish,Above CPR,True,False,0.05,60,64285151.849999994,Lower,True,Risk Off,True,27.982142857142872,750.5260000000001,764.07,0.004169325675392546,1.0773172281150956,False,False,No setup,Neutral,0,Not applicable,No directional setup; confirmation score not applicable.,Narrow CPR,Not applicable,Not applicable,Narrow CPR; Wide CPR rules not applied,0,0,-2,-2
2026-10-05,2026-10-05,CM,NSE,STK,759587,INE00Q601028,STUDDS,EQ,,,,,STUDDS ACCESSORIES LTD,396.8,410.85,395.15,403.1,402.05,399.85,,403.11,,,45793,18407360.95,2961,F1,1,,,,,,Cash Only,Unclassified,False,403.0333333333333,403.0,403.0666666666666,403.0666666666666,403.0,0.06666666666660603,0.016538493343241385,Narrow,Bullish,Above CPR,True,False,0.05,60,18436684.45,Higher,True,Risk Off,True,15.41428571428572,429.584,446.788,0.0043249922767955706,0.9984095025285308,False,False,No setup,Neutral,0,Not applicable,No directional setup; confirmation score not applicable.,Narrow CPR,Not applicable,Not applicable,Narrow CPR; Wide CPR rules not applied,0,0,0,0
2026-10-05,2026-10-05,CM,NSE,STK,3432,INE192A01025,TATACONSUM,EQ,,,,,TATA CONSUMER PRODUCT LTD,953.85,962.0,945.0,953.75,953.75,957.0,,953.75,,,1540341,1464765245.0,64465,F1,1,,,,,,F&O + Cash,Fast Moving Consumer Goods,True,953.5833333333334,953.5,953.6666666666667,953.6666666666667,953.5,0.16666666666674246,0.017474879860208906,Narrow,Bullish,Above CPR,True,False,0.06666666666666667,60,1322275441.95,Lower,True,Risk Off,True,19.049999999999986,1037.253,1085.2215,0.008748906386705647,1.107761059858955,False,False,No setup,Neutral,0,Not applicable,No directional setup; confirmation score not applicable.,Narrow CPR,Not applicable,Not applicable,Narrow CPR; Wide CPR rules not applied,0,0,0,0
2026-10-05,2026-10-05,CM,NSE,STK,763294,INE12F801023,KISSHT,EQ,,,,,ONEMI TECHNOLOGY SOL LTD,377.15,388.15,370.05,379.2,380.0,371.15,,379.2,,,1755374,664753168.45,39462,F1,1,,,,,,Cash Only,Unclassified,False,379.1333333333334,379.1,379.16666666666674,379.16666666666674,379.1,0.06666666666671972,0.01758087201126575,Narrow,Bullish,Above CPR,True,False,0.016666666666666666,60,509548416.57500005,Higher,True,Risk Off,True,20.825,324.314,302.1526,0.0032012805122074296,1.304592746884055,True,True,No setup,Neutral,0,Not applicable,No directional setup; confirmation score not applicable.,Narrow CPR,Not applicable,Not applicable,Narrow CPR; Wide CPR rules not applied,0,0,0,0
2026-10-05,2026-10-05,CM,NSE,STK,18743,INE903U01023,SIGNATURE,EQ,,,,,SIGNATUREGLOBAL INDIA LTD,736.8,744.8,732.0,738.2,737.0,737.45,,738.19,,,337538,248681773.85,5930,F1,1,,,,,,Cash Only,Realty,True,738.3333333333334,738.4,738.2666666666668,738.4,738.2666666666668,0.13333333333321207,0.018061952497048506,Narrow,Bearish,Below CPR,False,True,0.05,60,171861170.75,Higher,True,Risk Off,True,31.74285714285714,785.847,794.4760000000001,0.0042004200420003805,1.4469922016983583,False,False,No setup,Neutral,0,Not applicable,No directional setup; confirmation score not applicable.,Narrow CPR,Not applicable,Not applicable,Narrow CPR; Wide CPR rules not applied,0,0,0,0
2026-10-05,2026-10-05,CM,NSE,STK,756802,INE0BYP01024,OSWALPUMPS,EQ,,,,,OSWAL PUMPS LIMITED,265.0,268.45,261.6,265.1,263.85,264.25,,265.1,,,278244,73692068.65,6250,F1,1,,,,,,Cash Only,Unclassified,False,265.05,265.025,265.07500000000005,265.07500000000005,265.025,0.05000000000006821,0.01886080724257571,Narrow,Bullish,Above CPR,True,False,0.06666666666666667,60,124263634.825,Higher,True,Risk Off,True,9.77857142857142,296.68000000000006,346.352,0.005113221329444526,0.5930300425686104,False,False,No setup,Neutral,0,Not applicable,No directional setup; confirmation score not applicable.,Narrow CPR,Not applicable,Not applicable,Narrow CPR; Wide CPR rules not applied,0,-2,0,-2
2026-10-05,2026-10-05,CM,NSE,STK,758986,INE199P01028,GCSL,EQ,,,,,GRETEX CORPORATE SERVICES,680.25,688.5,674.6,681.75,683.8,679.9,,681.79,,,266383,181170065.1,4863,F1,1,,,,,,Cash Only,Unclassified,False,681.6166666666667,681.55,681.6833333333334,681.6833333333334,681.55,0.13333333333343944,0.01955751130670179,Narrow,Bullish,Above CPR,True,False,0.03333333333333333,60,307914112.6,Higher,True,Risk Off,True,21.582142857142863,565.644,503.33649999999994,0.006177946935853555,0.5883785694985387,True,True,No setup,Neutral,0,Not applicable,No directional setup; confirmation score not applicable.,Narrow CPR,Not applicable,Not applicable,Narrow CPR; Wide CPR rules not applied,0,0,0,0
2026-10-05,2026-10-05,CM,NSE,STK,762802,INE200D01020,MMWL,EQ,,,,,MEDIA MATRIX WORLDWIDE L,16.33,16.33,16.32,16.33,16.33,15.56,,16.45,,,120682,1970725.06,81,F1,1,,,,,,Cash Only,Unclassified,False,16.326666666666664,16.325,16.32833333333333,16.32833333333333,16.325,0.0033333333333303017,0.020412329046725672,Narrow,Bullish,Above CPR,True,False,0.034482758620689655,58,455480.33999999997,Higher,True,Risk Off,True,0.8314285714285715,14.3072,,0.004009163802974589,4.326696208227122,True,False,No setup,Neutral,0,Not applicable,No directional setup; confirmation score not applicable.,Narrow CPR,Not applicable,Not applicable,Narrow CPR; Wide CPR rules not applied,0,0,0,0
2026-10-05,2026-10-05,CM,NSE,STK,509,INE249Z01020,MAZDOCK,EQ,,,,,MAZAGON DOCK SHIPBUIL LTD,2075.0,2093.9,2055.4,2074.0,2074.0,2064.0,,2073.79,,,364228,756080573.0,25165,F1,1,,,,,,F&O + Cash,Capital Goods,True,2074.4333333333334,2074.65,2074.2166666666667,2074.65,2074.2166666666667,0.43333333333339397,0.020893603342979458,Narrow,Bearish,Below CPR,False,True,0.03333333333333333,60,1318226360.6999998,Higher,True,Risk Off,True,63.10000000000006,2392.6639999999998,2419.426,0.006867406233492766,0.5735589846636877,False,False,No setup,Neutral,0,Not applicable,No directional setup; confirmation score not applicable.,Narrow CPR,Not applicable,Not applicable,Narrow CPR; Wide CPR rules not applied,0,0,0,0
2026-10-05,2026-10-05,CM,NSE,STK,5378,INE439A01020,ASAHIINDIA,EQ,,,,,ASAHI INDIA GLASS LIMITED,950.0,952.9,938.0,945.75,951.0,944.25,,945.63,,,45021,42569178.15,6886,F1,1,,,,,,Cash Only,Automobile and Auto Components,True,945.5500000000001,945.45,945.6500000000001,945.6500000000001,945.45,0.20000000000004547,0.021147237642087813,Narrow,Bullish,Above CPR,True,False,0.08333333333333333,60,101673978.975,Overlapping,True,Risk Off,True,26.900000000000002,937.24,906.0790000000001,0.007434944237919906,0.41868311419647575,True,True,No setup,Neutral,0,Not applicable,No directional setup; confirmation score not applicable.,Narrow CPR,Not applicable,Not applicable,Narrow CPR; Wide CPR rules not applied,0,0,0,0
2026-10-05,2026-10-05,CM,NSE,STK,10310,INE898S01029,AURUM,EQ,,,,,AURUM PROPTECH LIMITED,223.5,227.0,220.38,223.61,223.5,223.41,,223.59,,,48055,10742804.46,1725,F1,1,,,,,,Cash Only,Unclassified,False,223.66333333333333,223.69,223.63666666666666,223.69,223.63666666666666,0.05333333333334167,0.023851050191557473,Narrow,Bearish,Below CPR,False,True,0.05,60,27681630.065,Lower,True,Risk Off,True,6.96571428571428,224.53199999999998,214.0134,0.0076565490839497945,0.3880842434052664,False,True,No setup,Neutral,0,Not applicable,No directional setup; confirmation score not applicable.,Narrow CPR,Not applicable,Not applicable,Narrow CPR; Wide CPR rules not applied,0,0,0,0
2026-10-05,2026-10-05,CM,NSE,STK,13538,INE669C01036,TECHM,EQ,,,,,TECH MAHINDRA LIMITED,1543.7,1561.0,1509.7,1535.9,1535.9,1533.0,,1535.9,,,3346008,5136113074.9,102052,F1,1,,,,,,F&O + Cash,Information Technology,True,1535.5333333333335,1535.35,1535.7166666666672,1535.7166666666672,1535.35,0.3666666666672427,0.023873082014925624,Narrow,Bullish,Above CPR,True,False,0.08333333333333333,60,3213213873.55,Higher,True,Risk Off,True,40.485714285714316,1589.8959999999997,1524.9119999999998,0.009056692542945296,1.598434862110674,False,True,No setup,Neutral,0,Not applicable,No directional setup; confirmation score not applicable.,Narrow CPR,Not applicable,Not applicable,Narrow CPR; Wide CPR rules not applied,0,0,0,0
2026-10-05,2026-10-05,CM,NSE,STK,255,INE368I01016,NIRAJ,EQ,,,,,NIRAJ CEMENT STRUC LTD,28.29,28.5,27.32,27.92,27.89,27.74,,27.92,,,26158,722728.01,78,F1,1,,,,,,Cash Only,Unclassified,False,27.913333333333338,27.91,27.916666666666675,27.916666666666675,27.91,0.006666666666674814,0.02387774594081237,Narrow,Bullish,Above CPR,True,False,0.03333333333333333,60,1277409.6400000001,Higher,True,Risk Off,True,1.4914285714285715,29.0852,28.7429,0.004469987228613381,0.565776229777004,False,False,No setup,Neutral,0,Not applicable,No directional setup; confirmation score not applicable.,Narrow CPR,Not applicable,Not applicable,Narrow CPR; Wide CPR rules not applied,0,0,0,0
2026-10-05,2026-10-05,CM,NSE,STK,10578,INE943D01017,MPSLTD,EQ,,,,,MPS LIMITED,2628.4,2675.9,2600.8,2637.4,2646.2,2628.4,,2637.11,,,7943,20919854.4,1820,F1,1,,,,,,Cash Only,Unclassified,False,2638.0333333333333,2638.3500000000004,2637.7166666666662,2638.3500000000004,2637.7166666666662,0.6333333333341216,0.0240135486969789,Narrow,Bearish,Below CPR,False,True,0.03333333333333333,60,59549622.7,Inside,True,Risk Off,True,105.30000000000005,2713.5159999999996,2305.397,0.006014561570124608,0.3513012081602995,False,True,No setup,Neutral,0,Not applicable,No directional setup; confirmation score not applicable.,Narrow CPR,Not applicable,Not applicable,Narrow CPR; Wide CPR rules not applied,0,0,0,0
2026-10-05,2026-10-05,CM,NSE,STK,14992,INE429I01024,CCCL,EQ,,,,,CONS. CONST. CONSORT LTD,13.44,13.49,12.9,13.19,13.26,13.45,,13.19,,,120507,1588665.98,480,F1,1,,,,,,Cash Only,Unclassified,False,13.193333333333333,13.195,13.191666666666666,13.195,13.191666666666666,0.0033333333333338544,0.025271670457421184,Narrow,Bearish,Below CPR,False,True,0.08333333333333333,60,2709817.74,Lower,True,Risk Off,True,0.6299999999999999,14.6572,15.161499999999998,0.005291005291006119,0.5862630377495425,False,False,No setup,Neutral,0,Not applicable,No directional setup; confirmation score not applicable.,Narrow CPR,Not applicable,Not applicable,Narrow CPR; Wide CPR rules not applied,0,0,0,0
2026-10-05,2026-10-05,CM,NSE,STK,10940,INE361B01024,DIVISLAB,EQ,,,,,DIVI S LABORATORIES LTD,9251.0,9285.5,9113.5,9196.0,9196.0,9249.0,,9196.05,,,480338,4406112950.0,40276,F1,1,,,,,,F&O + Cash,Healthcare,True,9198.333333333334,9199.5,9197.166666666668,9199.5,9197.166666666668,2.3333333333321207,0.02537335073218922,Narrow,Bearish,Below CPR,False,True,0.03333333333333333,60,3873602421.0,Overlapping,True,Risk Off,True,198.57142857142858,8845.49,7831.535,0.011750599520377585,1.1374716532892213,True,True,No setup,Neutral,0,Not applicable,No directional setup; confirmation score not applicable.,Narrow CPR,Not applicable,Not applicable,Narrow CPR; Wide CPR rules not applied,0,0,0,0
2026-10-05,2026-10-05,CM,NSE,STK,22656,INE0KGZ01021,SIGNPOST,EQ,,,,,SIGNPOST INDIA LIMITED,265.7,265.7,256.2,260.85,258.7,259.4,,260.85,,,16214,4217333.9,813,F1,1,,,,,,Cash Only,Unclassified,False,260.9166666666667,260.95,260.8833333333334,260.95,260.8833333333334,0.06666666666660603,0.025557472365959757,Narrow,Bearish,Below CPR,False,True,0.06666666666666667,60,18935123.025,Higher,True,Risk Off,True,10.571428571428578,269.461,276.9445,0.006306306306300567,0.222725455463472,False,False,No setup,Neutral,0,Not applicable,No directional setup; confirmation score not applicable.,Narrow CPR,Not applicable,Not applicable,Narrow CPR; Wide CPR rules not applied,0,0,0,0
2026-10-05,2026-10-05,CM,NSE,STK,31138,INE453B01029,COMPUSOFT,EQ,,,,,COMPUCOM SOFTWARE LTD,13.05,13.4,12.61,13.0,13.05,13.05,,13.0,,,19681,254798.71,218,F1,1,,,,,,Cash Only,Unclassified,False,13.003333333333332,13.004999999999999,13.001666666666665,13.004999999999999,13.001666666666665,0.0033333333333338544,0.025641025641029647,Narrow,Bearish,Below CPR,False,True,0.08333333333333333,60,272551.71,Lower,True,Risk Off,True,0.63,13.251799999999998,13.3363,0.005291005291006118,0.9348637364997635,False,False,No setup,Neutral,0,Not applicable,No directional setup; confirmation score not applicable.,Narrow CPR,Not applicable,Not applicable,Narrow CPR; Wide CPR rules not applied,0,0,0,0
2026-10-05,2026-10-05,CM,NSE,STK,27297,INE834M01019,RTNINDIA,EQ,,,,,RATTANINDIA ENT LIMITED,25.55,25.8,25.1,25.46,25.65,25.32,,25.46,,,840323,21319816.61,4886,F1,1,,,,,,Cash Only,Unclassified,False,25.453333333333337,25.450000000000003,25.45666666666667,25.45666666666667,25.450000000000003,0.006666666666667709,0.026184865147948582,Narrow,Bullish,Above CPR,True,False,0.05,60,31408443.46,Inside,True,Risk Off,True,1.2628571428571431,29.2044,31.739,0.005279034690800221,0.6787925239641913,False,False,No setup,Neutral,0,Not applicable,No directional setup; confirmation score not applicable.,Narrow CPR,Not applicable,Not applicable,Narrow CPR; Wide CPR rules not applied,0,0,0,0
2026-10-05,2026-10-05,CM,NSE,STK,9590,INE455K01017,POLYCAB,EQ,,,,,POLYCAB INDIA LIMITED,7990.0,8186.0,7980.5,8080.0,8080.0,7990.0,,8080.0,,,424158,3434098477.5,44774,F1,1,,,,,,F&O + Cash,Capital Goods,True,8082.166666666667,8083.25,8081.083333333334,8083.25,8081.083333333334,2.1666666666660603,0.026815181518144313,Narrow,Bearish,Below CPR,False,True,0.1,60,2531928871.5,Higher,True,Risk Off,True,156.5,8767.81,9108.02,0.013844515441955658,1.3563171209724878,False,False,No setup,Neutral,0,Not applicable,No directional setup; confirmation score not applicable.,Narrow CPR,Not applicable,Not applicable,Narrow CPR; Wide CPR rules not applied,0,0,0,0
2026-10-05,2026-10-05,CM,NSE,STK,8828,INE036B01030,GAEL,EQ,,,,,GUJARAT AMBUJA EXPORTS LT,158.04,161.2,155.49,158.28,159.25,157.69,,158.3,,,578700,91234984.19,13280,F1,1,,,,,,Cash Only,Unclassified,False,158.32333333333335,158.345,158.3016666666667,158.345,158.3016666666667,0.04333333333329392,0.02737764299551044,Narrow,Bearish,Below CPR,False,True,0.05,60,138669468.805,Higher,True,Risk Off,True,5.96642857142857,167.58440000000002,162.4854,0.0072628596512165095,0.6579313022269999,False,False,No setup,Neutral,0,Not applicable,No directional setup; confirmation score not applicable.,Narrow CPR,Not applicable,Not applicable,Narrow CPR; Wide CPR rules not applied,0,-2,0,-2
2026-10-05,2026-10-05,CM,NSE,STK,2643,INE182A01018,PFIZER,EQ,,,,,PFIZER LTD,3858.9,3878.0,3809.6,3842.2,3878.0,3858.9,,3842.11,,,49211,188556161.5,14657,F1,1,,,,,,Cash Only,Healthcare,True,3843.2666666666664,3843.8,3842.7333333333327,3843.8,3842.7333333333327,1.0666666666675155,0.0277618725383248,Narrow,Bearish,Below CPR,False,True,0.06666666666666667,60,127655028.1,Overlapping,True,Risk Off,True,76.87142857142862,4519.3279999999995,4551.865,0.01387598339838804,1.4770758685062717,False,False,No setup,Neutral,0,Not applicable,No directional setup; confirmation score not applicable.,Narrow CPR,Not applicable,Not applicable,Narrow CPR; Wide CPR rules not applied,0,0,0,0
2026-10-05,2026-10-05,CM,NSE,STK,11618,INE386C01029,ASTRAMICRO,EQ,,,,,ASTRA MICROWAVE LTD,1634.2,1673.9,1628.1,1651.7,1647.0,1624.5,,1651.7,,,327119,541607698.6,26859,F1,1,,,,,,Cash Only,Unclassified,False,1651.2333333333333,1651.0,1651.4666666666667,1651.4666666666667,1651.0,0.466666666666697,0.028253718391154384,Narrow,Bullish,Above CPR,True,False,0.08333333333333333,60,518150094.45,Higher,True,Risk Off,True,54.08571428571429,1699.8819999999998,1615.546,0.008628279626695401,1.0452718322379146,False,True,No setup,Neutral,0,Not applicable,No directional setup; confirmation score not applicable.,Narrow CPR,Not applicable,Not applicable,Narrow CPR; Wide CPR rules not applied,0,0,-2,-2
2026-10-05,2026-10-05,CM,NSE,STK,11445,INE417C01014,PILANIINVS,EQ,,,,,PILANI INV & IND COR LTD,3975.0,4033.0,3933.0,3984.7,4000.0,3892.3,,3984.56,,,3139,12556776.7,1369,F1,1,,,,,,Cash Only,Unclassified,False,3983.566666666667,3983.0,3984.133333333334,3984.133333333334,3983.0,1.1333333333341216,0.028442124459410287,Narrow,Bullish,Above CPR,True,False,0.05,60,5611613.85,Higher,True,Risk Off,True,106.91428571428567,4250.272,4322.167,0.010600391947272653,2.2376409061004794,False,False,No setup,Neutral,0,Not applicable,No directional setup; confirmation score not applicable.,Narrow CPR,Not applicable,Not applicable,Narrow CPR; Wide CPR rules not applied,0,0,0,0
2026-10-05,2026-10-05,CM,NSE,STK,4843,INE734N01019,SNOWMAN,EQ,,,,,SNOWMAN LOGISTICS LTD.,34.11,34.5,33.51,33.99,33.8,34.11,,34.0,,,74733,2532088.51,939,F1,1,,,,,,Cash Only,Unclassified,False,34.0,34.004999999999995,33.995000000000005,34.004999999999995,33.995000000000005,0.009999999999990905,0.029420417769905574,Narrow,Bearish,Below CPR,False,True,0.03333333333333333,60,4392877.455,Lower,True,Risk Off,True,1.291428571428573,36.8022,37.1763,0.007743362831851355,0.5764077272672291,False,False,No setup,Neutral,0,Not applicable,No directional setup; confirmation score not applicable.,Narrow CPR,Not applicable,Not applicable,Narrow CPR; Wide CPR rules not applied,0,0,0,0
2026-10-05,2026-10-05,CM,NSE,STK,3363,INE195A01028,SUPREMEIND,EQ,,,,,SUPREME INDUSTRIES LTD,3391.0,3430.9,3370.0,3398.9,3398.9,3380.0,,3398.83,,,53297,180671012.8,12199,F1,1,,,,,,F&O + Cash,Capital Goods,True,3399.933333333333,3400.45,3399.416666666666,3400.45,3399.416666666666,1.0333333333337578,0.03040199280160516,Narrow,Bearish,Below CPR,False,True,0.05,60,545117928.25,Higher,True,Risk Off,True,100.33571428571427,3497.3439999999996,3474.1009999999997,0.010298758928363787,0.33143472895857745,False,False,No setup,Neutral,0,Not applicable,No directional setup; confirmation score not applicable.,Narrow CPR,Not applicable,Not applicable,Narrow CPR; Wide CPR rules not applied,0,0,0,0
2026-10-05,2026-10-05,CM,NSE,STK,21614,INE674K01013,ABCAPITAL,EQ,,,,,ADITYA BIRLA CAPITAL LTD.,375.95,381.3,373.85,377.4,377.4,375.05,,377.4,,,1609846,606408751.55,29888,F1,1,,,,,,F&O + Cash,Financial Services,True,377.5166666666667,377.57500000000005,377.45833333333337,377.57500000000005,377.45833333333337,0.11666666666667425,0.030913266207385864,Narrow,Bearish,Below CPR,False,True,0.03333333333333333,60,1001986942.4,Higher,True,Risk Off,True,10.175000000000002,400.452,387.92900000000003,0.011466011466012208,0.6052062416078048,False,False,No setup,Neutral,0,Not applicable,No directional setup; confirmation score not applicable.,Narrow CPR,Not applicable,Not applicable,Narrow CPR; Wide CPR rules not applied,0,0,0,0
2026-10-05,2026-10-05,CM,NSE,STK,23489,INE343G01021,BHARTIHEXA,EQ,,,,,BHARTI HEXACOM LIMITED,1389.9,1396.1,1371.4,1383.1,1383.0,1379.2,,1383.1,,,528019,729064675.3,12410,F1,1,,,,,,Cash Only,Telecommunication,True,1383.5333333333335,1383.75,1383.316666666667,1383.75,1383.316666666667,0.4333333333329392,0.0313305858819275,Narrow,Bearish,Below CPR,False,True,0.016666666666666666,60,125599313.55,Inside,True,Risk Off,True,39.15000000000004,1542.5080000000003,1533.7209999999998,0.01106853980416191,5.804686782860207,False,False,No setup,Neutral,0,Not applicable,No directional setup; confirmation score not applicable.,Narrow CPR,Not applicable,Not applicable,Narrow CPR; Wide CPR rules not applied,0,0,0,0
2026-10-05,2026-10-05,CM,NSE,STK,11915,INE528G01035,YESBANK,EQ,,,,,YES BANK LIMITED,21.05,21.23,20.91,21.06,21.06,20.75,,21.06,,,61113748,1287753557.08,79648,F1,1,,,,,,F&O + Cash,Financial Services,True,21.066666666666666,21.07,21.063333333333333,21.07,21.063333333333333,0.006666666666667709,0.031655587211147716,Narrow,Bearish,Below CPR,False,True,0.03333333333333333,60,1224859592.47,Higher,True,Risk Off,True,0.6457142857142851,22.552,22.9861,0.010324483775812833,1.051347897339948,False,False,No setup,Neutral,0,Not applicable,No directional setup; confirmation score not applicable.,Narrow CPR,Not applicable,Not applicable,Narrow CPR; Wide CPR rules not applied,0,0,0,0
2026-10-05,2026-10-05,CM,NSE,STK,7929,INE010B01027,ZYDUSLIFE,EQ,,,,,ZYDUS LIFESCIENCES LTD,1145.7,1151.0,1128.1,1139.0,1139.0,1145.7,,1139.0,,,1592973,1813890492.4,43191,F1,1,,,,,,F&O + Cash,Healthcare,True,1139.3666666666666,1139.55,1139.1833333333332,1139.55,1139.1833333333332,0.36666666666678793,0.032191981270130635,Narrow,Bearish,Below CPR,False,True,0.06666666666666667,60,1260287843.5500002,Lower,True,Risk Off,True,30.15000000000001,1141.694,1117.565,0.012161415146493791,1.4392668323218945,False,True,No setup,Neutral,0,Not applicable,No directional setup; confirmation score not applicable.,Narrow CPR,Not applicable,Not applicable,Narrow CPR; Wide CPR rules not applied,0,0,0,0
2026-10-05,2026-10-05,CM,NSE,STK,25270,INE377Y01014,BAJAJHFL,EQ,,,,,BAJAJ HOUSING FINANCE LTD,83.99,84.05,81.61,82.79,82.92,82.91,,82.79,,,3691800,304869803.12,32207,F1,1,,,,,,Cash Only,Financial Services,True,82.81666666666666,82.83,82.80333333333333,82.83,82.80333333333333,0.026666666666670835,0.0322100092603827,Narrow,Bearish,Below CPR,False,True,0.08333333333333333,60,206662060.945,Higher,True,Risk Off,True,1.7357142857142844,84.34039999999999,85.06370000000001,0.01536351165981037,1.47520934285629,False,False,No setup,Neutral,0,Not applicable,No directional setup; confirmation score not applicable.,Narrow CPR,Not applicable,Not applicable,Narrow CPR; Wide CPR rules not applied,0,0,0,0
2026-10-05,2026-10-05,CM,NSE,STK,17400,INE848E01016,NHPC,EQ,,,,,NHPC LTD,71.75,72.83,71.1,72.0,72.0,71.75,,71.99,,,4447161,318708635.11,26010,F1,1,,,,,,F&O + Cash,Power,True,71.97666666666667,71.965,71.98833333333334,71.98833333333334,71.965,0.023333333333340533,0.03240740740741741,Narrow,Bullish,Above CPR,True,False,0.11666666666666667,60,674600155.1800001,Higher,True,Risk Off,True,1.3885714285714275,76.4922,77.1769,0.01680384087792015,0.4724407972081783,False,False,No setup,Neutral,0,Not applicable,No directional setup; confirmation score not applicable.,Narrow CPR,Not applicable,Not applicable,Narrow CPR; Wide CPR rules not applied,0,0,0,0
2026-10-05,2026-10-05,CM,NSE,STK,760213,INE324D01010,LGEINDIA,EQ,,,,,LG ELECTRONICS INDIA LTD,1715.0,1825.0,1715.0,1770.9,1780.0,1721.8,,1770.69,,,3145126,5656300062.0,166478,F1,1,,,,,,Cash Only,Consumer Durables,True,1770.3,1770.0,1770.6,1770.6,1770.0,0.599999999999909,0.033881077418256765,Narrow,Bullish,Above CPR,True,False,0.06666666666666667,60,641830872.0,Higher,True,Risk Off,True,48.92857142857143,1637.69,1593.361,0.012262773722625879,8.812757859986517,True,True,No setup,Neutral,0,Not applicable,No directional setup; confirmation score not applicable.,Narrow CPR,Not applicable,Not applicable,Narrow CPR; Wide CPR rules not applied,0,0,0,0
2026-10-05,2026-10-05,CM,NSE,STK,2963,INE114A01011,SAIL,EQ,,,,,STEEL AUTHORITY OF INDIA,174.21,180.44,173.28,176.95,176.95,174.5,,176.93,,,11407529,2006130026.89,67552,F1,1,,,,,,F&O + Cash,Metals & Mining,True,176.89000000000001,176.86,176.92000000000002,176.92000000000002,176.86,0.060000000000002274,0.03390788358293432,Narrow,Bullish,Above CPR,True,False,0.06666666666666667,60,2402880363.3149996,Higher,True,Risk Off,True,6.26428571428572,178.9214,180.0988,0.009578107183580743,0.8348855221915231,False,False,No setup,Neutral,0,Not applicable,No directional setup; confirmation score not applicable.,Narrow CPR,Not applicable,Not applicable,Narrow CPR; Wide CPR rules not applied,0,0,0,0
2026-10-05,2026-10-05,CM,NSE,STK,6656,INE417T01026,POLICYBZR,EQ,,,,,PB FINTECH LIMITED,984.9,1006.3,945.1,976.2,976.2,980.0,,976.24,,,13249741,12962486449.9,364271,F1,1,,,,,,F&O + Cash,Financial Services,True,975.8666666666668,975.7,976.0333333333335,976.0333333333335,975.7,0.3333333333334849,0.03414600833164156,Narrow,Bullish,Above CPR,True,False,0.06666666666666667,60,1966245400.3000002,Lower,True,Risk Off,True,129.24285714285716,1650.01,1639.467,0.0025791238347898687,6.592506941362582,False,False,No setup,Neutral,0,Not applicable,No directional setup; confirmation score not applicable.,Narrow CPR,Not applicable,Not applicable,Narrow CPR; Wide CPR rules not applied,0,0,0,0
2026-10-05,2026-10-05,CM,NSE,STK,4992,INE221J01015,SHARDACROP,EQ,,,,,SHARDA CROPCHEM LTD.,712.5,729.7,711.25,720.1,718.9,709.2,,720.06,,,91626,66044210.7,10775,F1,1,,,,,,Cash Only,Unclassified,False,720.35,720.475,720.225,720.475,720.225,0.25,0.03471740036106097,Narrow,Bearish,Below CPR,False,True,0.1,60,93724446.725,Higher,True,Risk Off,True,19.25714285714286,781.898,845.7895,0.012982195845697328,0.7046636497495953,False,False,No setup,Neutral,0,Not applicable,No directional setup; confirmation score not applicable.,Narrow CPR,Not applicable,Not applicable,Narrow CPR; Wide CPR rules not applied,0,0,0,0
2026-10-05,2026-10-05,CM,NSE,STK,14101,INE034D01049,PTL,EQ,,,,,PTL ENTERPRISES LTD,37.88,38.5,37.88,38.21,38.22,37.87,,38.21,,,20109,769203.89,751,F1,1,,,,,,Cash Only,Unclassified,False,38.196666666666665,38.19,38.20333333333333,38.20333333333333,38.19,0.013333333333335418,0.03489487917648631,Narrow,Bullish,Above CPR,True,False,0.1,60,1135619.595,Higher,True,Risk Off,True,0.7614285714285732,38.6752,39.5859,0.01751094434021533,0.6773429178104311,False,False,No setup,Neutral,0,Not applicable,No directional setup; confirmation score not applicable.,Narrow CPR,Not applicable,Not applicable,Narrow CPR; Wide CPR rules not applied,0,0,0,0
2026-10-05,2026-10-05,CM,NSE,STK,8696,INE366I01010,VRLLOG,EQ,,,,,VRL LOGISTICS LIMITED,285.6,286.6,283.1,285.0,285.0,285.05,,285.0,,,97202,27690669.3,2717,F1,1,,,,,,Cash Only,Unclassified,False,284.90000000000003,284.85,284.95000000000005,284.95000000000005,284.85,0.10000000000002274,0.03508771929825359,Narrow,Bullish,Above CPR,True,False,0.06666666666666667,60,40791869.025,Lower,True,Risk Off,True,5.710714285714281,287.0464,262.262,0.01751094434021663,0.6788281577151882,False,True,No setup,Neutral,0,Not applicable,No directional setup; confirmation score not applicable.,Narrow CPR,Not applicable,Not applicable,Narrow CPR; Wide CPR rules not applied,0,0,0,0
2026-10-05,2026-10-05,CM,NSE,STK,2809,INE562B01019,RAJSREESUG,EQ,,,,,RAJSHREE SUGAR & CHEMICAL,27.73,29.3,27.51,28.39,28.45,27.73,,28.39,,,62446,1765611.29,520,F1,1,,,,,,Cash Only,Unclassified,False,28.400000000000002,28.405,28.395000000000003,28.405,28.395000000000003,0.00999999999999801,0.03522367030643892,Narrow,Bearish,Below CPR,False,True,0.05,60,1308887.27,Higher,True,Risk Off,True,1.7392857142857152,33.0182,32.9264,0.005749486652976266,1.3489406845556684,False,False,No setup,Neutral,0,Not applicable,No directional setup; confirmation score not applicable.,Narrow CPR,Not applicable,Not applicable,Narrow CPR; Wide CPR rules not applied,0,0,0,0
2026-10-05,2026-10-05,CM,NSE,STK,18154,INE982F01036,HATHWAY,EQ,,,,,HATHWAY CABLE & DATACOM,9.36,9.47,9.32,9.4,9.4,9.32,,9.4,,,1463537,13746528.04,2243,F1,1,,,,,,Cash Only,Unclassified,False,9.396666666666667,9.395,9.398333333333333,9.398333333333333,9.395,0.0033333333333338544,0.03546099290780696,Narrow,Bullish,Above CPR,True,False,0.03333333333333333,60,13202199.379999999,Higher,True,Risk Off,True,0.3557142857142856,10.3802,10.661499999999998,0.00937081659973373,1.0412301499418803,False,False,No setup,Neutral,0,Not applicable,No directional setup; confirmation score not applicable.,Narrow CPR,Not applicable,Not applicable,Narrow CPR; Wide CPR rules not applied,0,0,0,0
2026-10-05,2026-10-05,CM,NSE,STK,1250,INE172A01027,CASTROLIND,EQ,,,,,CASTROL INDIA LIMITED,199.05,201.5,197.75,199.51,199.5,199.04,,199.51,,,2300283,458294969.53,29528,F1,1,,,,,,Cash Only,Oil Gas & Consumable Fuels,True,199.58666666666667,199.625,199.54833333333335,199.625,199.54833333333335,0.07666666666665378,0.03842748066094621,Narrow,Bearish,Below CPR,False,True,0.21666666666666667,60,263382221.4,Higher,True,Risk Off,True,4.1464285714285705,189.8696,186.8981,0.018489807637091356,1.7400376042617733,True,True,No setup,Neutral,0,Not applicable,No directional setup; confirmation score not applicable.,Narrow CPR,Not applicable,Not applicable,Narrow CPR; Wide CPR rules not applied,0,0,0,0
2026-10-05,2026-10-05,CM,NSE,STK,19279,INE121N01019,THEJO,EQ,,,,,THEJO ENGINEERING LIMITED,2071.4,2122.0,2065.9,2095.2,2100.0,2071.4,,2095.2,,,2088,4376847.2,484,F1,1,,,,,,Cash Only,Unclassified,False,2094.3666666666663,2093.95,2094.783333333333,2094.783333333333,2093.95,0.8333333333330302,0.039773450426356924,Narrow,Bullish,Above CPR,True,False,0.06666666666666667,60,12536596.3,Inside,True,Risk Off,True,78.82857142857152,2104.522,1923.079,0.010571463090487865,0.3491256394688246,False,True,No setup,Neutral,0,Not applicable,No directional setup; confirmation score not applicable.,Narrow CPR,Not applicable,Not applicable,Narrow CPR; Wide CPR rules not applied,0,0,0,0
2026-10-05,2026-10-05,CM,NSE,STK,16123,INE316L01019,BHARATWIRE,EQ,,,,,BHARAT WIRE ROPES LTD.,160.1,164.6,160.1,162.25,162.0,160.12,,162.24,,,118991,19338531.7,2953,F1,1,,,,,,Cash Only,Unclassified,False,162.31666666666666,162.35,162.28333333333333,162.35,162.28333333333333,0.06666666666666288,0.04108885464817435,Narrow,Bearish,Below CPR,False,True,0.06666666666666667,60,23844937.39,Higher,True,Risk Off,True,7.133571428571431,182.80239999999998,197.96669999999997,0.00934548246053149,0.8110120560899489,False,False,No setup,Neutral,0,Not applicable,No directional setup; confirmation score not applicable.,Narrow CPR,Not applicable,Not applicable,Narrow CPR; Wide CPR rules not applied,0,0,0,0
2026-10-05,2026-10-05,CM,NSE,STK,9810,INE0BWX01014,AETHER,EQ,,,,,AETHER INDUSTRIES LIMITED,1670.0,1685.0,1639.1,1661.0,1665.7,1670.0,,1660.7,,,196127,325597465.1,24077,F1,1,,,,,,Cash Only,Unclassified,False,1661.7,1662.05,1661.3500000000001,1662.05,1661.3500000000001,0.6999999999998181,0.04214328717638881,Narrow,Bearish,Below CPR,False,True,0.08333333333333333,60,335914067.29999995,Lower,True,Risk Off,True,61.34285714285719,1621.2160000000001,1434.9459999999997,0.0114112715416831,0.9692879721206009,True,True,No setup,Neutral,0,Not applicable,No directional setup; confirmation score not applicable.,Narrow CPR,Not applicable,Not applicable,Narrow CPR; Wide CPR rules not applied,0,0,0,0
2026-10-05,2026-10-05,CM,NSE,STK,7936,INE871C01038,AVANTIFEED,EQ,,,,,AVANTI FEEDS LIMITED,713.1,717.95,705.15,711.1,711.0,711.55,,711.18,,,187707,133365832.35,15058,F1,1,,,,,,Cash Only,Unclassified,False,711.4,711.55,711.25,711.55,711.25,0.2999999999999545,0.04218815918998095,Narrow,Bearish,Below CPR,False,True,0.03333333333333333,60,238129986.75,Lower,True,Risk Off,True,23.867857142857165,833.2270000000001,953.1175,0.012569205446653776,0.5600547590422271,False,False,No setup,Neutral,0,Not applicable,No directional setup; confirmation score not applicable.,Narrow CPR,Not applicable,Not applicable,Narrow CPR; Wide CPR rules not applied,0,0,0,0
2026-10-05,2026-10-05,CM,NSE,STK,14838,INE583C01021,DECCANCE,EQ,,,,,DECCAN CEMENTS LIMITED,552.0,560.0,543.4,552.05,551.2,548.95,,552.05,,,5252,2893297.35,453,F1,1,,,,,,Cash Only,Unclassified,False,551.8166666666667,551.7,551.9333333333334,551.9333333333334,551.7,0.2333333333333485,0.042266702895271895,Narrow,Bullish,Above CPR,True,False,0.08333333333333333,60,7585901.6,Higher,True,Risk Off,True,20.725000000000023,560.681,574.2015,0.011258544431042135,0.3814045452421898,False,False,No setup,Neutral,0,Not applicable,No directional setup; confirmation score not applicable.,Narrow CPR,Not applicable,Not applicable,Narrow CPR; Wide CPR rules not applied,0,0,0,0
2026-10-05,2026-10-05,CM,NSE,STK,3987,INE461C01038,GREENPLY,EQ,,,,,GREENPLY INDUSTRIES LTD,303.7,314.0,303.3,308.45,308.25,303.7,,308.44,,,209748,64986393.7,9240,F1,1,,,,,,Cash Only,Unclassified,False,308.5833333333333,308.65,308.51666666666665,308.65,308.51666666666665,0.13333333333332575,0.04322688712378854,Narrow,Bearish,Below CPR,False,True,0.08333333333333333,60,47085256.875,Higher,True,Risk Off,True,11.58928571428571,289.789,289.74969999999996,0.01150487930148882,1.3801856040102574,True,True,No setup,Neutral,0,Not applicable,No directional setup; confirmation score not applicable.,Narrow CPR,Not applicable,Not applicable,Narrow CPR; Wide CPR rules not applied,0,0,0,0
2026-10-05,2026-10-05,CM,NSE,STK,17397,INE863B01029,PREMEXPLN,EQ,,,,,PREMIER EXPLOSIVES LTD,682.05,688.95,682.05,685.05,685.0,682.05,,685.05,,,155880,106759436.45,2925,F1,1,,,,,,Cash Only,Unclassified,False,685.35,685.5,685.2,685.5,685.2,0.2999999999999545,0.043792423910656825,Narrow,Bearish,Below CPR,False,True,0.15,60,156817335.3,Higher,True,Risk Off,True,7.7071428571428715,666.438,675.257,0.03892493049118958,0.6807884871003799,True,True,No setup,Neutral,0,Not applicable,No directional setup; confirmation score not applicable.,Narrow CPR,Not applicable,Not applicable,Narrow CPR; Wide CPR rules not applied,0,0,0,0
2026-10-05,2026-10-05,CM,NSE,STK,14894,INE483A01010,CENTRALBK,EQ,,,,,CENTRAL BANK OF INDIA,30.2,30.56,30.02,30.31,30.36,30.0,,30.31,,,4478354,135745655.77,17901,F1,1,,,,,,Cash Only,Financial Services,True,30.296666666666667,30.29,30.303333333333335,30.303333333333335,30.29,0.013333333333335418,0.043989882327071655,Narrow,Bullish,Above CPR,True,False,0.16666666666666666,60,157580211.32999998,Higher,True,Risk Off,True,0.6599999999999999,30.9404,31.517599999999998,0.02020202020202336,0.8614384675860431,False,False,No setup,Neutral,0,Not applicable,No directional setup; confirmation score not applicable.,Narrow CPR,Not applicable,Not applicable,Narrow CPR; Wide CPR rules not applied,0,0,0,0
2026-10-05,2026-10-05,CM,NSE,STK,6545,INE388Y01029,NYKAA,EQ,,,,,FSN E COMMERCE VENTURES,335.0,344.55,335.0,339.55,339.55,324.95,,339.55,,,19341790,6576033728.55,249854,F1,1,,,,,,F&O + Cash,Consumer Services,True,339.7,339.775,339.625,339.775,339.625,0.14999999999997726,0.04417611544690833,Narrow,Bearish,Below CPR,False,True,0.016666666666666666,60,1441283845.75,Higher,True,Risk Off,True,10.421428571428569,332.92900000000003,312.68649999999997,0.014393420150786032,4.562622239846193,True,True,No setup,Neutral,0,Not applicable,No directional setup; confirmation score not applicable.,Narrow CPR,Not applicable,Not applicable,Narrow CPR; Wide CPR rules not applied,0,0,0,0
2026-10-05,2026-10-05,CM,NSE,STK,24735,INE912T01018,RPEL,EQ,,,,,RAGHAV PRODUCTIVITY ENH L,1848.5,1880.0,1773.1,1825.3,1850.0,1818.9,,1823.53,,,83683,153376808.7,11740,F1,1,,,,,,Cash Only,Unclassified,False,1826.1333333333332,1826.55,1825.7166666666665,1826.55,1825.7166666666665,0.8333333333334849,0.04565459559160056,Narrow,Bearish,Below CPR,False,True,0.05,60,100746642.35,Higher,True,Risk Off,True,105.2214285714286,1570.602,1351.1695000000002,0.007919806304167257,1.5224011949416594,True,True,No setup,Neutral,0,Not applicable,No directional setup; confirmation score not applicable.,Narrow CPR,Not applicable,Not applicable,Narrow CPR; Wide CPR rules not applied,0,0,0,0
2026-10-05,2026-10-05,CM,NSE,STK,2433,INE910A01012,NIRLON,EQ,,,,,NIRLON LTD,615.45,619.55,612.1,615.4,615.0,606.8,,615.26,,,3982,2451323.9,691,F1,1,,,,,,Cash Only,Unclassified,False,615.6833333333334,615.825,615.5416666666667,615.825,615.5416666666667,0.283333333333303,0.046040515653770396,Narrow,Bearish,Below CPR,False,True,0.08333333333333333,60,3049505.8,Higher,True,Risk Off,True,14.86428571428574,620.589,619.0865,0.01906134871055375,0.8038430030203583,False,False,No setup,Neutral,0,Not applicable,No directional setup; confirmation score not applicable.,Narrow CPR,Not applicable,Not applicable,Narrow CPR; Wide CPR rules not applied,0,0,0,0
2026-10-05,2026-10-05,CM,NSE,STK,762643,INE131C01011,DISAQ,EQ,,,,,DISA INDIA LTD.,11395.0,11740.0,11250.0,11487.0,11365.0,11249.0,,11487.0,,,95,1101067.0,28,F1,1,,,,,,Cash Only,Unclassified,False,11492.333333333334,11495.0,11489.666666666668,11495.0,11489.666666666668,5.333333333332121,0.046429296886324724,Narrow,Bearish,Below CPR,False,True,0.06666666666666667,60,4088835.5,Higher,True,Risk Off,True,364.2857142857143,11906.3,11884.86,0.014640522875813664,0.26928620630494915,False,False,No setup,Neutral,0,Not applicable,No directional setup; confirmation score not applicable.,Narrow CPR,Not applicable,Not applicable,Narrow CPR; Wide CPR rules not applied,0,0,0,0
2026-10-05,2026-10-05,CM,NSE,STK,14523,INE725G01011,ICRA,EQ,,,,,ICRA LIMITED,4334.6,4340.0,4249.0,4297.5,4270.0,4318.3,,4297.68,,,24260,104001340.8,4343,F1,1,,,,,,Cash Only,Unclassified,False,4295.5,4294.5,4296.5,4296.5,4294.5,2.0,0.04653868528214078,Narrow,Bullish,Above CPR,True,False,0.06666666666666667,60,147425070.75,Inside,True,Risk Off,True,107.41428571428567,4813.942,5028.771,0.01861949727357362,0.7054522020638067,False,False,No setup,Neutral,0,Not applicable,No directional setup; confirmation score not applicable.,Narrow CPR,Not applicable,Not applicable,Narrow CPR; Wide CPR rules not applied,0,0,0,0
2026-10-05,2026-10-05,CM,NSE,STK,765105,INE348N01042,KDGREEN,EQ,,,,,KD GREEN INDUSTRIES LTD,49.7,49.7,46.81,48.29,48.0,46.76,,48.17,,,19026,918072.72,1253,F1,1,,,,,,Cash Only,Unclassified,False,48.26666666666667,48.255,48.27833333333334,48.27833333333334,48.255,0.023333333333340533,0.04831918271555298,Narrow,Bullish,Above CPR,True,False,0.14285714285714285,21,1693814.89,Higher,True,Risk Off,True,3.1571428571428575,,,0.007390648567121435,0.5420147888769593,False,False,No setup,Neutral,0,Not applicable,No directional setup; confirmation score not applicable.,Narrow CPR,Not applicable,Not applicable,Narrow CPR; Wide CPR rules not applied,0,0,0,0
2026-10-05,2026-10-05,CM,NSE,STK,13631,INE01IU01018,SKYGOLD,EQ,,,,,SKY GOLD AND DIAMONDS LTD,818.0,839.0,814.0,825.9,823.5,810.65,,825.86,,,1050336,867344914.9,38496,F1,1,,,,,,Cash Only,Unclassified,False,826.3000000000001,826.5,826.1000000000001,826.5,826.1000000000001,0.3999999999998636,0.048432013560947285,Narrow,Bearish,Below CPR,False,True,0.06666666666666667,60,625574085.85,Higher,True,Risk Off,True,33.732142857142875,771.2329999999998,654.5335,0.011858125992584621,1.386478331693509,True,True,No setup,Neutral,0,Not applicable,No directional setup; confirmation score not applicable.,Narrow CPR,Not applicable,Not applicable,Narrow CPR; Wide CPR rules not applied,0,0,0,0
2026-10-05,2026-10-05,CM,NSE,STK,8954,INE517B01013,TTML,EQ,,,,,TATA TELESERV(MAHARASTRA),34.6,34.8,33.91,34.33,34.19,34.82,,34.33,,,2248833,76976162.73,14559,F1,1,,,,,,Cash Only,Telecommunication,True,34.346666666666664,34.355,34.33833333333333,34.355,34.33833333333333,0.01666666666666572,0.048548402757546516,Narrow,Bearish,Below CPR,False,True,0.1,60,50806306.43,Lower,True,Risk Off,True,1.5114285714285722,37.4642,40.015299999999996,0.011027095148077502,1.5150907070179636,False,False,No setup,Neutral,0,Not applicable,No directional setup; confirmation score not applicable.,Narrow CPR,Not applicable,Not applicable,Narrow CPR; Wide CPR rules not applied,0,0,0,0
2026-10-05,2026-10-05,CM,NSE,STK,2183,INE202Z01029,TSFINV,EQ,,,,,TSF INVESTMENTS LIMITED,410.0,415.0,403.6,409.0,407.5,409.15,,409.0,,,69621,28416311.1,4959,F1,1,,,,,,Cash Only,Unclassified,False,409.2,409.3,409.09999999999997,409.3,409.09999999999997,0.20000000000004547,0.04889975550123361,Narrow,Bearish,Below CPR,False,True,0.05,60,27277418.775,Lower,True,Risk Off,True,14.757142857142851,429.43300000000005,426.3885000000001,0.01355275895450454,1.04175220296298,False,False,No setup,Neutral,0,Not applicable,No directional setup; confirmation score not applicable.,Narrow CPR,Not applicable,Not applicable,Narrow CPR; Wide CPR rules not applied,0,0,0,0
2026-10-05,2026-10-05,CM,NSE,STK,1663,INE209A01019,SUNDROP,EQ,,,,,SUNDROP BRANDS LIMITED,749.4,758.0,740.3,748.6,751.0,753.15,,748.59,,,12847,9623431.0,429,F1,1,,,,,,Cash Only,Unclassified,False,748.9666666666667,749.15,748.7833333333334,749.15,748.7833333333334,0.36666666666656056,0.048980318817333765,Narrow,Bearish,Below CPR,False,True,0.11666666666666667,60,11669889.425,Inside,True,Risk Off,True,32.53571428571428,678.7940000000001,667.7489999999999,0.011269667032561688,0.8246377193072675,True,True,No setup,Neutral,0,Not applicable,No directional setup; confirmation score not applicable.,Narrow CPR,Not applicable,Not applicable,Narrow CPR; Wide CPR rules not applied,0,0,0,0
2026-10-05,2026-10-05,CM,NSE,STK,17764,INE056I01025,REFEX,EQ,,,,,REFEX INDUSTRIES LIMITED,272.2,275.95,267.05,271.3,270.85,271.3,,271.32,,,451891,122680787.45,4848,F1,1,,,,,,Cash Only,Unclassified,False,271.43333333333334,271.5,271.3666666666667,271.5,271.3666666666667,0.13333333333332575,0.04914608674284031,Narrow,Bearish,Below CPR,False,True,0.03333333333333333,60,93596873.4,Higher,True,Risk Off,True,11.05714285714285,288.907,303.0815,0.012058570198104404,1.3107359572333748,False,False,No setup,Neutral,0,Not applicable,No directional setup; confirmation score not applicable.,Narrow CPR,Not applicable,Not applicable,Narrow CPR; Wide CPR rules not applied,0,0,-2,-2
2026-10-05,2026-10-05,CM,NSE,STK,766382,INE580P01029,ACEVECTOR,EQ,,,,,ACEVECTOR LIMITED,28.32,28.75,23.37,26.08,25.81,32.0,,26.08,,,114297844,2987565901.31,152137,F1,1,,,,,,Cash Only,Unclassified,False,26.066666666666666,26.060000000000002,26.07333333333333,26.07333333333333,26.060000000000002,0.013333333333328312,0.05112474437625887,Narrow,Bullish,Above CPR,True,False,1.0,1,2987565901.31,Unknown,False,Risk Off,False,,,,,1.0,False,False,No setup,Neutral,0,Not applicable,No directional setup; confirmation score not applicable.,Narrow CPR,Not applicable,Not applicable,Narrow CPR; Wide CPR rules not applied,0,0,0,0
2026-10-05,2026-10-05,CM,NSE,STK,20616,INE712B01010,SUPERHOUSE,EQ,,,,,SUPERHOUSE LIMITED,154.66,158.0,154.0,155.88,154.15,154.66,,157.06,,,2166,336084.89,105,F1,1,,,,,,Cash Only,Unclassified,False,155.96,156.0,155.92000000000002,156.0,155.92000000000002,0.07999999999998408,0.05132152938156536,Narrow,Bearish,Below CPR,False,True,0.06666666666666667,60,775595.7050000001,Inside,True,Risk Off,True,7.162857142857141,165.32940000000002,160.4513,0.011168727562821874,0.4333248467382887,False,False,No setup,Neutral,0,Not applicable,No directional setup; confirmation score not applicable.,Narrow CPR,Not applicable,Not applicable,Narrow CPR; Wide CPR rules not applied,0,0,0,0
2026-10-05,2026-10-05,CM,NSE,STK,5865,INE548Z01017,LAGNAM,EQ,,,,,LAGNAM SPINTEX LIMITED,71.9,72.5,69.81,71.1,71.1,71.9,,71.1,,,2247,158900.24,49,F1,1,,,,,,Cash Only,Unclassified,False,71.13666666666667,71.155,71.11833333333334,71.155,71.11833333333334,0.03666666666666174,0.0515705578996649,Narrow,Bearish,Below CPR,False,True,0.05,60,561110.095,Lower,True,Risk Off,True,3.482857142857142,77.9242,79.6969,0.010527754990427901,0.2831890593591976,False,False,No setup,Neutral,0,Not applicable,No directional setup; confirmation score not applicable.,Narrow CPR,Not applicable,Not applicable,Narrow CPR; Wide CPR rules not applied,0,0,0,0
2026-10-05,2026-10-05,CM,NSE,STK,17722,INE947J01015,DEN,EQ,,,,,DEN NETWORKS LTD,25.69,26.05,25.41,25.71,25.9,25.41,,25.7,,,310933,8018479.23,1311,F1,1,,,,,,Cash Only,Unclassified,False,25.723333333333333,25.73,25.716666666666665,25.73,25.716666666666665,0.013333333333335418,0.051860495267737915,Narrow,Bearish,Below CPR,False,True,0.11666666666666667,60,7541093.0600000005,Higher,True,Risk Off,True,0.6671428571428569,27.2098,27.756299999999996,0.01998572448251562,1.0633046384922877,False,False,No setup,Neutral,0,Not applicable,No directional setup; confirmation score not applicable.,Narrow CPR,Not applicable,Not applicable,Narrow CPR; Wide CPR rules not applied,0,0,0,0
2026-10-05,2026-10-05,CM,NSE,STK,762588,INE469A01019,BIMETAL,EQ,,,,,BIMETAL BEARINGS LTD.,640.0,641.0,640.0,640.0,640.0,640.0,,640.0,,,69,44161.0,7,F1,1,,,,,,Cash Only,Unclassified,False,640.3333333333334,640.5,640.1666666666667,640.5,640.1666666666667,0.33333333333325754,0.05208333333332149,Narrow,Bearish,Below CPR,False,True,0.08333333333333333,60,230236.8,Higher,True,Risk Off,True,25.56428571428572,641.6669999999999,637.817,0.013039023935919544,0.1918068701441299,False,True,No setup,Neutral,0,Not applicable,No directional setup; confirmation score not applicable.,Narrow CPR,Not applicable,Not applicable,Narrow CPR; Wide CPR rules not applied,0,0,0,0
2026-10-05,2026-10-05,CM,NSE,STK,14366,INE669E01016,IDEA,EQ,,,,,VODAFONE IDEA LIMITED,12.75,12.9,12.56,12.74,12.74,12.64,,12.74,,,460591162,5853041331.32,575476,F1,1,,,,,,F&O + Cash,Telecommunication,True,12.733333333333334,12.73,12.736666666666668,12.736666666666668,12.73,0.006666666666667709,0.05232862375720336,Narrow,Bullish,Above CPR,True,False,0.06666666666666667,60,4770019055.335,Inside,True,Risk Off,True,0.48857142857142855,13.8962,13.988,0.013645224171542094,1.227047788157932,False,False,No setup,Neutral,0,Not applicable,No directional setup; confirmation score not applicable.,Narrow CPR,Not applicable,Not applicable,Narrow CPR; Wide CPR rules not applied,0,0,0,0
2026-10-05,2026-10-05,CM,NSE,STK,20551,INE321T01012,DOMS,EQ,,,,,DOMS INDUSTRIES LIMITED,2109.9,2109.9,2053.0,2079.8,2083.0,2097.5,,2079.43,,,18688,38804537.3,5561,F1,1,,,,,,Cash Only,Fast Moving Consumer Goods,True,2080.9,2081.45,2080.3500000000004,2081.45,2080.3500000000004,1.0999999999994543,0.05288970093275576,Narrow,Bearish,Below CPR,False,True,0.16666666666666666,60,63546519.7,Lower,True,Risk Off,True,46.92142857142861,2187.974,2220.009,0.023443446491082882,0.6106477189182714,False,False,No setup,Neutral,0,Not applicable,No directional setup; confirmation score not applicable.,Narrow CPR,Not applicable,Not applicable,Narrow CPR; Wide CPR rules not applied,0,0,-2,-2
2026-10-05,2026-10-05,CM,NSE,STK,16863,INE197J01017,LPDC,EQ,,,,,LANDMARK PR.DEV.CO.LTD,6.41,6.41,6.2,6.3,6.22,6.21,,6.29,,,13911,87222.11,173,F1,1,,,,,,Cash Only,Unclassified,False,6.303333333333334,6.305,6.301666666666668,6.305,6.301666666666668,0.003333333333332078,0.052910052910032986,Narrow,Bearish,Below CPR,False,True,0.03333333333333333,60,195597.51,Higher,True,Risk Off,True,0.4007142857142859,6.6015999999999995,6.6389,0.008318478906711065,0.4459264844424655,False,False,No setup,Neutral,0,Not applicable,No directional setup; confirmation score not applicable.,Narrow CPR,Not applicable,Not applicable,Narrow CPR; Wide CPR rules not applied,0,0,0,0
2026-10-05,2026-10-05,CM,NSE,STK,14466,INE884B01025,KIRLFER,EQ,,,,,KIRLOSKAR FERROUS IND LTD,465.05,467.25,463.5,465.0,465.0,465.85,,465.0,,,67483,31385644.55,1825,F1,1,,,,,,Cash Only,Unclassified,False,465.25,465.375,465.125,465.375,465.125,0.25,0.053763440860215055,Narrow,Bearish,Below CPR,False,True,0.13333333333333333,60,34135881.900000006,Lower,True,Risk Off,True,12.524999999999993,459.349,455.2945,0.019960079840319372,0.9194326557006279,True,True,No setup,Neutral,0,Not applicable,No directional setup; confirmation score not applicable.,Narrow CPR,Not applicable,Not applicable,Narrow CPR; Wide CPR rules not applied,0,0,0,0
2026-10-05,2026-10-05,CM,NSE,STK,5633,INE168A01041,J&KBANK,EQ,,,,,J & K BANK LTD.,141.38,143.46,139.83,141.53,140.69,139.98,,141.53,,,3523704,497383211.01,43909,F1,1,,,,,,Cash Only,Financial Services,True,141.60666666666668,141.645,141.56833333333336,141.645,141.56833333333336,0.07666666666665378,0.05416990508489634,Narrow,Bearish,Below CPR,False,True,0.05,60,415131583.485,Higher,True,Risk Off,True,4.052142857142854,151.0234,154.1815,0.018920030554083443,1.198133870794661,False,False,No setup,Neutral,0,Not applicable,No directional setup; confirmation score not applicable.,Narrow CPR,Not applicable,Not applicable,Narrow CPR; Wide CPR rules not applied,0,0,0,0
2026-10-05,2026-10-05,CM,NSE,STK,3766,INE715A01015,WHEELS,EQ,,,,,WHEELS INDIA LTD,2260.0,2266.6,2150.2,2206.6,2200.0,2241.3,,2206.72,,,78184,170982020.0,8856,F1,1,,,,,,Cash Only,Unclassified,False,2207.7999999999997,2208.3999999999996,2207.2,2208.3999999999996,2207.2,1.199999999999818,0.05438230762257855,Narrow,Bearish,Below CPR,False,True,0.11666666666666667,60,168811975.4,Inside,True,Risk Off,True,132.3071428571429,1743.0720000000001,1644.1459999999997,0.009069805107162689,1.0128548024798483,True,True,No setup,Neutral,0,Not applicable,No directional setup; confirmation score not applicable.,Narrow CPR,Not applicable,Not applicable,Narrow CPR; Wide CPR rules not applied,0,0,0,0
2026-10-05,2026-10-05,CM,NSE,STK,3563,INE364U01010,ADANIGREEN,EQ,,,,,ADANI GREEN ENERGY LTD,1287.4,1303.5,1266.6,1284.0,1284.0,1276.1,,1283.37,,,1014292,1300993486.1,31039,F1,1,,,,,,F&O + Cash,Power,True,1284.7,1285.05,1284.3500000000001,1285.05,1284.3500000000001,0.6999999999998181,0.05451713395637212,Narrow,Bearish,Below CPR,False,True,0.08333333333333333,60,2083747399.85,Higher,True,Risk Off,True,37.57857142857146,1316.878,1398.6770000000001,0.018627637331300982,0.6243527820088236,False,False,No setup,Neutral,0,Not applicable,No directional setup; confirmation score not applicable.,Narrow CPR,Not applicable,Not applicable,Narrow CPR; Wide CPR rules not applied,0,0,0,0
2026-10-05,2026-10-05,CM,NSE,STK,10440,INE326A01037,LUPIN,EQ,,,,,LUPIN LIMITED,2015.4,2029.0,1996.3,2011.0,2011.0,2031.2,,2011.0,,,571495,1148194420.7,30478,F1,1,,,,,,F&O + Cash,Healthcare,True,2012.1000000000001,2012.65,2011.5500000000002,2012.65,2011.5500000000002,1.099999999999909,0.05469915464942362,Narrow,Bearish,Below CPR,False,True,0.13333333333333333,60,1672831001.8,Lower,True,Risk Off,True,40.27857142857139,2199.87,2275.0359999999996,0.027309806703313958,0.686378013956293,False,False,No setup,Neutral,0,Not applicable,No directional setup; confirmation score not applicable.,Narrow CPR,Not applicable,Not applicable,Narrow CPR; Wide CPR rules not applied,0,0,0,0
2026-10-05,2026-10-05,CM,NSE,STK,3099,INE232A01011,SHREDIGCEM,EQ,,,,,SHREE DIGVIJAY CEM CO LTD,66.69,67.2,65.57,66.33,66.0,66.69,,66.34,,,52935,3514886.37,1004,F1,1,,,,,,Cash Only,Unclassified,False,66.36666666666666,66.38499999999999,66.34833333333333,66.38499999999999,66.34833333333333,0.03666666666666174,0.05527915975676427,Narrow,Bearish,Below CPR,False,True,0.05,60,5906150.225,Inside,True,Risk Off,True,2.4342857142857164,71.0972,72.2129,0.015062597809074646,0.5951230896772526,False,False,No setup,Neutral,0,Not applicable,No directional setup; confirmation score not applicable.,Narrow CPR,Not applicable,Not applicable,Narrow CPR; Wide CPR rules not applied,0,0,0,0
2026-10-05,2026-10-05,CM,NSE,STK,15360,INE049I01012,NAHARCAP,EQ,,,,,NAHAR CAP & FIN.,233.6,238.03,230.0,233.82,235.0,237.31,,233.81,,,2513,590671.69,70,F1,1,,,,,,Cash Only,Unclassified,False,233.94999999999996,234.015,233.88499999999993,234.015,233.88499999999993,0.1300000000000523,0.05559832349672924,Narrow,Bearish,Below CPR,False,True,0.08333333333333333,60,447663.53,Lower,True,Risk Off,True,11.248571428571427,254.3138,253.01829999999998,0.011557023114050878,1.3194545689259072,False,False,No setup,Neutral,0,Not applicable,No directional setup; confirmation score not applicable.,Narrow CPR,Not applicable,Not applicable,Narrow CPR; Wide CPR rules not applied,0,0,-2,-2
2026-10-05,2026-10-05,CM,NSE,STK,305,INE118A01012,BAJAJHLDNG,EQ,,,,,BAJAJ HOLDINGS & INVS LTD,10580.0,10892.0,10554.0,10732.0,10732.0,10666.0,,10732.0,,,50104,537134154.0,16830,F1,1,,,,,,F&O + Cash,Financial Services,True,10726.0,10723.0,10729.0,10729.0,10723.0,6.0,0.05590756615728662,Narrow,Bullish,Above CPR,True,False,0.1,60,438485855.0,Higher,True,Risk Off,True,272.35714285714283,11183.24,10820.4,0.022029897718332025,1.224974871766388,False,False,No setup,Neutral,0,Not applicable,No directional setup; confirmation score not applicable.,Narrow CPR,Not applicable,Not applicable,Narrow CPR; Wide CPR rules not applied,0,0,0,0
2026-10-05,2026-10-05,CM,NSE,STK,11027,INE344S01016,INFOBEAN,EQ,,,,,INFOBEANS TECHNO. LTD.,144.22,151.69,144.22,148.08,148.8,143.58,,148.12,,,244306,36196923.0,3680,F1,1,,,,,,Cash Only,Unclassified,False,147.99666666666667,147.95499999999998,148.03833333333336,148.03833333333336,147.95499999999998,0.08333333333337123,0.05627588690800325,Narrow,Bullish,Above CPR,True,False,0.2,60,33005305.99,Higher,True,Risk Off,True,4.748571428571432,157.8756,159.6958,0.017549137585246635,1.096700118792021,False,False,No setup,Neutral,0,Not applicable,No directional setup; confirmation score not applicable.,Narrow CPR,Not applicable,Not applicable,Narrow CPR; Wide CPR rules not applied,0,-2,0,-2
2026-10-05,2026-10-05,CM,NSE,STK,157,INE437A01024,APOLLOHOSP,EQ,,,,,APOLLO HOSPITALS ENTER. L,7880.5,8076.0,7880.5,7985.0,7985.0,8133.5,,7985.02,,,895216,7165413309.0,87976,F1,1,,,,,,F&O + Cash,Healthcare,True,7980.5,7978.25,7982.75,7982.75,7978.25,4.5,0.056355666875391355,Narrow,Bullish,Above CPR,True,False,0.13333333333333333,60,2549159386.25,Lower,True,Risk Off,True,211.46428571428572,8785.27,8647.635,0.021280189157236954,2.8108926211714236,False,False,No setup,Neutral,0,Not applicable,No directional setup; confirmation score not applicable.,Narrow CPR,Not applicable,Not applicable,Narrow CPR; Wide CPR rules not applied,0,0,0,0
2026-10-05,2026-10-05,CM,NSE,STK,11351,INE347G01014,PETRONET,EQ,,,,,PETRONET LNG LIMITED,287.5,294.0,286.5,290.0,290.0,285.5,,290.0,,,2861154,832312278.0,53930,F1,1,,,,,,F&O + Cash,Oil Gas & Consumable Fuels,True,290.1666666666667,290.25,290.08333333333337,290.25,290.08333333333337,0.16666666666662877,0.057471264367803025,Narrow,Bearish,Below CPR,False,True,0.08333333333333333,60,447546052.825,Higher,True,Risk Off,True,6.289285714285719,285.42900000000003,280.6375,0.026500094643189108,1.859724318304851,True,True,No setup,Neutral,0,Not applicable,No directional setup; confirmation score not applicable.,Narrow CPR,Not applicable,Not applicable,Narrow CPR; Wide CPR rules not applied,0,0,0,0
2026-10-05,2026-10-05,CM,NSE,STK,20425,INE295D01020,NACLIND,EQ,,,,,NACL INDUSTRIES LIMITED,130.41,132.41,128.4,130.29,131.0,130.41,,130.29,,,220568,28721820.78,4731,F1,1,,,,,,Cash Only,Unclassified,False,130.36666666666667,130.405,130.32833333333335,130.405,130.32833333333335,0.07666666666665378,0.05884309361167687,Narrow,Bearish,Below CPR,False,True,0.11666666666666667,60,84035670.095,Overlapping,True,Risk Off,True,6.797142857142858,165.1344,176.3746,0.01127924898416512,0.3417813024818006,False,False,No setup,Neutral,0,Not applicable,No directional setup; confirmation score not applicable.,Narrow CPR,Not applicable,Not applicable,Narrow CPR; Wide CPR rules not applied,0,0,0,0
2026-10-05,2026-10-05,CM,NSE,STK,1621,INE672A01026,TATAINVEST,EQ,,,,,TATA INVESTMENT CORP LTD,618.05,628.4,614.0,621.75,622.05,615.05,,621.72,,,257410,159891635.9,17334,F1,1,,,,,,Cash Only,Financial Services,True,621.3833333333333,621.2,621.5666666666666,621.5666666666666,621.2,0.36666666666656056,0.05897332797210463,Narrow,Bullish,Above CPR,True,False,0.08333333333333333,60,143287991.45,Higher,True,Risk Off,True,32.11071428571428,657.138,663.3175,0.011418826233637746,1.1158760359607234,False,False,No setup,Neutral,0,Not applicable,No directional setup; confirmation score not applicable.,Narrow CPR,Not applicable,Not applicable,Narrow CPR; Wide CPR rules not applied,0,0,0,0
2026-10-05,2026-10-05,CM,NSE,STK,765170,INE205F01016,STLSTRINF,EQ,,,,,STEEL STRIPS INFRA L,22.99,22.99,21.25,22.1,21.25,21.52,,22.1,,,904,20129.27,38,F1,1,,,,,,Cash Only,Unclassified,False,22.113333333333333,22.119999999999997,22.10666666666667,22.119999999999997,22.10666666666667,0.013333333333328312,0.06033182503768467,Narrow,Bearish,Below CPR,False,True,0.03125,32,83961.33,Inside,True,Risk Off,True,2.5807142857142855,,,0.005166528277514431,0.23974453477571162,False,False,No setup,Neutral,0,Not applicable,No directional setup; confirmation score not applicable.,Narrow CPR,Not applicable,Not applicable,Narrow CPR; Wide CPR rules not applied,0,0,0,0
2026-10-05,2026-10-05,CM,NSE,STK,11860,INE789E01012,JKPAPER,EQ,,,,,JK PAPER LIMITED,382.6,390.55,380.05,385.65,384.75,382.6,,385.53,,,164425,63451767.8,8250,F1,1,,,,,,Cash Only,Unclassified,False,385.4166666666667,385.3,385.53333333333336,385.53333333333336,385.3,0.2333333333333485,0.060503911145688705,Narrow,Bullish,Above CPR,True,False,0.08333333333333333,60,138873589.45,Higher,True,Risk Off,True,13.749999999999996,398.13800000000003,380.944,0.016969696969698078,0.4569030587550641,False,True,No setup,Neutral,0,Not applicable,No directional setup; confirmation score not applicable.,Narrow CPR,Not applicable,Not applicable,Narrow CPR; Wide CPR rules not applied,0,0,0,0
2026-10-05,2026-10-05,CM,NSE,STK,10580,INE688A01022,TCI,EQ,,,,,TRANSPORT CORPN OF INDIA,885.0,889.9,866.0,878.75,880.4,877.1,,878.78,,,71248,62326493.25,6479,F1,1,,,,,,Cash Only,Unclassified,False,878.2166666666667,877.95,878.4833333333333,878.4833333333333,877.95,0.533333333333303,0.06069227121858355,Narrow,Bullish,Above CPR,True,False,0.13333333333333333,60,20882271.2,Higher,True,Risk Off,True,35.457142857142856,886.7490000000001,906.425,0.015041633091591948,2.9846606555899915,False,False,No setup,Neutral,0,Not applicable,No directional setup; confirmation score not applicable.,Narrow CPR,Not applicable,Not applicable,Narrow CPR; Wide CPR rules not applied,0,0,0,0
2026-10-05,2026-10-05,CM,NSE,STK,20534,INE024L01027,GRAVITA,EQ,,,,,GRAVITA INDIA LIMITED,1412.6,1440.8,1403.6,1423.5,1427.7,1412.6,,1423.5,,,275082,391627810.7,31494,F1,1,,,,,,Cash Only,Metals & Mining,True,1422.6333333333332,1422.1999999999998,1423.0666666666666,1423.0666666666666,1422.1999999999998,0.8666666666667879,0.060882800608836524,Narrow,Bullish,Above CPR,True,False,0.13333333333333333,60,353815314.29999995,Higher,True,Risk Off,True,44.75714285714287,1682.1779999999999,1688.552,0.01936376210235402,1.10687071721248,False,False,No setup,Neutral,0,Not applicable,No directional setup; confirmation score not applicable.,Narrow CPR,Not applicable,Not applicable,Narrow CPR; Wide CPR rules not applied,0,0,0,0
2026-10-05,2026-10-05,CM,NSE,STK,21174,INE736A01011,CDSL,EQ,,,,,CENTRAL DEPO SER (I) LTD,1248.0,1260.3,1237.4,1250.0,1250.0,1242.5,,1250.0,,,915900,1144177941.7,39847,F1,1,,,,,,F&O + Cash,Financial Services,True,1249.2333333333333,1248.85,1249.6166666666668,1249.6166666666668,1248.85,0.7666666666668789,0.061333333333350316,Narrow,Bullish,Above CPR,True,False,0.05,60,1430332246.1,Overlapping,True,Risk Off,True,35.73571428571428,1347.77,1319.471,0.02145379439003859,0.7999385770821853,False,False,No setup,Neutral,0,Not applicable,No directional setup; confirmation score not applicable.,Narrow CPR,Not applicable,Not applicable,Narrow CPR; Wide CPR rules not applied,0,0,0,0
2026-10-05,2026-10-05,CM,NSE,STK,14687,INE426D01013,GOACARBON,EQ,,,,,GOA CARBON LIMITED,410.0,410.25,397.0,403.25,405.0,402.9,,403.28,,,28611,11519055.05,1351,F1,1,,,,,,Cash Only,Unclassified,False,403.5,403.625,403.375,403.625,403.375,0.25,0.06199628022318661,Narrow,Bearish,Below CPR,False,True,0.06666666666666667,60,5907893.875,Higher,True,Risk Off,True,17.139285714285712,381.611,387.399,0.01458637216086685,1.9497735222943557,True,True,No setup,Neutral,0,Not applicable,No directional setup; confirmation score not applicable.,Narrow CPR,Not applicable,Not applicable,Narrow CPR; Wide CPR rules not applied,0,0,0,0
2026-10-05,2026-10-05,CM,NSE,STK,760351,INE119201023,PARKHOSPS,EQ,,,,,PARK MEDI WORLD LIMITED,270.35,274.0,261.0,267.75,270.0,270.8,,267.68,,,1099956,294346360.9,14773,F1,1,,,,,,Cash Only,Unclassified,False,267.5833333333333,267.5,267.66666666666663,267.66666666666663,267.5,0.16666666666662877,0.062247121070636326,Narrow,Bullish,Above CPR,True,False,0.08333333333333333,60,146867989.97500002,Lower,True,Risk Off,True,8.203571428571435,281.795,279.6284,0.020316354665501097,2.004155983547564,False,False,No setup,Neutral,0,Not applicable,No directional setup; confirmation score not applicable.,Narrow CPR,Not applicable,Not applicable,Narrow CPR; Wide CPR rules not applied,0,0,0,0
2026-10-05,2026-10-05,CM,NSE,STK,764618,INE664D01019,BENARAS,EQ,,,,,BENARES HOTELS LTD.,10201.0,10250.0,10063.0,10166.0,10200.0,10249.0,,10183.0,,,109,1107961.0,39,F1,1,,,,,,Cash Only,Unclassified,False,10159.666666666666,10156.5,10162.833333333332,10162.833333333332,10156.5,6.333333333332121,0.062299167158490265,Narrow,Bullish,Above CPR,True,False,0.17647058823529413,34,846996.0,Lower,True,Risk Off,True,355.07142857142856,,,0.01783678669616771,1.3081065317899967,False,False,No setup,Neutral,0,Not applicable,No directional setup; confirmation score not applicable.,Narrow CPR,Not applicable,Not applicable,Narrow CPR; Wide CPR rules not applied,0,0,0,0
2026-10-05,2026-10-05,CM,NSE,STK,11297,INE173A01025,SIL,EQ,,,,,STANDARD INDUSTRIES LTD.,15.51,16.48,15.51,15.98,16.02,15.83,,15.94,,,16385,260990.14,324,F1,1,,,,,,Cash Only,Unclassified,False,15.99,15.995000000000001,15.985,15.995000000000001,15.985,0.010000000000001563,0.06257822277848288,Narrow,Bearish,Below CPR,False,True,0.1,60,717289.015,Higher,True,Risk Off,True,0.9992857142857137,17.985599999999998,16.9211,0.010007147962832164,0.3638563180840013,False,False,No setup,Neutral,0,Not applicable,No directional setup; confirmation score not applicable.,Narrow CPR,Not applicable,Not applicable,Narrow CPR; Wide CPR rules not applied,0,0,0,0
2026-10-05,2026-10-05,CM,NSE,STK,18760,INE0JR601024,YATRA,EQ,,,,,YATRA ONLINE LIMITED,100.0,102.87,98.56,100.81,100.35,98.83,,100.81,,,1078497,108707014.59,11646,F1,1,,,,,,Cash Only,Unclassified,False,100.74666666666667,100.715,100.77833333333334,100.77833333333334,100.715,0.06333333333333258,0.06282445524584127,Narrow,Bullish,Above CPR,True,False,0.03333333333333333,60,96612342.015,Higher,True,Risk Off,True,4.809285714285715,109.54620000000001,107.29629999999999,0.013168968760829585,1.1251876553527933,False,False,No setup,Neutral,0,Not applicable,No directional setup; confirmation score not applicable.,Narrow CPR,Not applicable,Not applicable,Narrow CPR; Wide CPR rules not applied,0,0,0,0
2026-10-05,2026-10-05,CM,NSE,STK,29256,INE0R4L01018,DENTA,EQ,,,,,DENTA WATER N INFRA SOL L,263.0,264.9,255.3,260.35,261.9,260.65,,260.29,,,50083,13005039.7,2356,F1,1,,,,,,Cash Only,Unclassified,False,260.18333333333334,260.1,260.26666666666665,260.26666666666665,260.1,0.16666666666662877,0.06401638819536346,Narrow,Bullish,Above CPR,True,False,0.1,60,42412897.225,Lower,True,Risk Off,True,11.314285714285697,296.79200000000003,295.4025,0.014730639730636404,0.30662936396465423,False,False,No setup,Neutral,0,Not applicable,No directional setup; confirmation score not applicable.,Narrow CPR,Not applicable,Not applicable,Narrow CPR; Wide CPR rules not applied,0,0,0,0
2026-10-05,2026-10-05,CM,NSE,STK,8075,INE00R701025,DALBHARAT,EQ,,,,,DALMIA BHARAT LIMITED,1682.1,1689.1,1655.0,1673.7,1677.9,1682.1,,1673.68,,,20725,34601457.2,5015,F1,1,,,,,,Cash Only,Construction Materials,True,1672.6000000000001,1672.05,1673.1500000000003,1673.1500000000003,1672.05,1.1000000000003638,0.0657226504152694,Narrow,Bullish,Above CPR,True,False,0.1,60,223976823.64999998,Inside,True,Risk Off,True,50.0357142857143,1785.7019999999998,1765.365,0.021984296930771006,0.15448677517666015,False,False,No setup,Neutral,0,Not applicable,No directional setup; confirmation score not applicable.,Narrow CPR,Not applicable,Not applicable,Narrow CPR; Wide CPR rules not applied,0,0,0,0
2026-10-05,2026-10-05,CM,NSE,STK,14937,INE536H01010,CIEINDIA,EQ,,,,,CIE AUTOMOTIVE INDIA LTD,377.0,380.85,374.4,378.0,376.55,376.35,,378.01,,,91542,34599804.7,12327,F1,1,,,,,,Cash Only,Automobile and Auto Components,True,377.75,377.625,377.875,377.875,377.625,0.25,0.06613756613756613,Narrow,Bullish,Above CPR,True,False,0.08333333333333333,60,101502859.8,Higher,True,Risk Off,True,11.703571428571431,396.333,427.556,0.021361000915471464,0.34087517108557375,False,False,No setup,Neutral,0,Not applicable,No directional setup; confirmation score not applicable.,Narrow CPR,Not applicable,Not applicable,Narrow CPR; Wide CPR rules not applied,0,0,0,0
2026-10-05,2026-10-05,CM,NSE,STK,24909,INE00M901018,INTERARCH,EQ,,,,,INTERARCH BLDNG SOLTN LTD,1664.6,1685.1,1641.6,1661.7,1658.5,1666.9,,1661.72,,,35888,59502231.8,3943,F1,1,,,,,,Cash Only,Unclassified,False,1662.8,1663.35,1662.25,1663.35,1662.25,1.099999999999909,0.066197267858212,Narrow,Bearish,Below CPR,False,True,0.16666666666666666,60,71835400.05000001,Lower,True,Risk Off,True,51.5857142857143,1727.844,1772.124,0.02132373303793786,0.8283135022368402,False,False,No setup,Neutral,0,Not applicable,No directional setup; confirmation score not applicable.,Narrow CPR,Not applicable,Not applicable,Narrow CPR; Wide CPR rules not applied,0,0,-2,-2
2026-10-05,2026-10-05,CM,NSE,STK,27171,INE704B01017,RACLGEAR,EQ,,,,,RACL GEARTECH LIMITED,1539.8,1575.0,1522.6,1550.4,1575.0,1538.2,,1550.44,,,17316,26683126.1,3438,F1,1,,,,,,Cash Only,Unclassified,False,1549.3333333333333,1548.8,1549.8666666666666,1549.8666666666666,1548.8,1.066666666666606,0.06879944960439925,Narrow,Bullish,Above CPR,True,False,0.05,60,48951082.2,Inside,True,Risk Off,True,97.60714285714286,1518.088,1414.9560000000001,0.010928161970971448,0.5450977772254441,True,True,No setup,Neutral,0,Not applicable,No directional setup; confirmation score not applicable.,Narrow CPR,Not applicable,Not applicable,Narrow CPR; Wide CPR rules not applied,0,0,0,0
2026-10-05,2026-10-05,CM,NSE,STK,19438,INE926K01017,AHLEAST,EQ,,,,,ASIAN HOTELS (EAST) LTD,134.05,136.9,134.0,135.31,136.69,136.0,,135.39,,,1013,137989.39,40,F1,1,,,,,,Cash Only,Unclassified,False,135.40333333333334,135.45,135.35666666666668,135.45,135.35666666666668,0.09333333333330529,0.0689774098982376,Narrow,Bearish,Below CPR,False,True,0.16666666666666666,60,227344.125,Inside,True,Risk Off,True,3.798571428571427,139.0162,145.9741,0.024570640591693768,0.6069626386870566,False,False,No setup,Neutral,0,Not applicable,No directional setup; confirmation score not applicable.,Narrow CPR,Not applicable,Not applicable,Narrow CPR; Wide CPR rules not applied,0,0,0,0
2026-10-05,2026-10-05,CM,NSE,STK,18341,INE0AE001013,VPRPL,EQ,,,,,VISHNU PRAKASH R PUNGLI L,28.45,29.17,28.45,28.78,28.6,28.39,,28.78,,,346485,9975980.73,1534,F1,1,,,,,,Cash Only,Unclassified,False,28.8,28.810000000000002,28.79,28.810000000000002,28.79,0.020000000000003126,0.06949270326616791,Narrow,Bearish,Below CPR,False,True,0.016666666666666666,60,29827328.490000002,Overlapping,True,Risk Off,True,2.0164285714285706,35.7288,38.7402,0.009918526390366415,0.3344577350715327,False,False,No setup,Neutral,0,Not applicable,No directional setup; confirmation score not applicable.,Narrow CPR,Not applicable,Not applicable,Narrow CPR; Wide CPR rules not applied,0,0,0,0
2026-10-05,2026-10-05,CM,NSE,STK,212,INE208A01029,ASHOKLEY,EQ,,,,,ASHOK LEYLAND LTD,151.4,153.65,151.23,152.6,152.6,150.48,,152.61,,,9914723,1511123220.23,75424,F1,1,,,,,,F&O + Cash,Capital Goods,True,152.49333333333334,152.44,152.54666666666668,152.54666666666668,152.44,0.10666666666668334,0.06989951944081478,Narrow,Bullish,Above CPR,True,False,0.11666666666666667,60,2205283156.95,Higher,True,Risk Off,True,4.180000000000002,166.84399999999997,160.80839999999998,0.025518341307818968,0.6852286589446172,False,False,No setup,Neutral,0,Not applicable,No directional setup; confirmation score not applicable.,Narrow CPR,Not applicable,Not applicable,Narrow CPR; Wide CPR rules not applied,0,0,0,0
2026-10-05,2026-10-05,CM,NSE,STK,765936,INE1FCO01014,MOMSBELIEF,EQ,,,,,RAYS OF BELIEF LIMITED,227.0,237.0,220.0,228.74,227.0,226.92,,228.73,,,244611,55659348.45,3694,F1,1,,,,,,Cash Only,Unclassified,False,228.58,228.5,228.66000000000003,228.66000000000003,228.5,0.160000000000025,0.06994841304538996,Narrow,Bullish,Above CPR,True,False,0.125,8,52173720.245000005,Inside,False,Risk Off,False,,,,,1.0668081208054938,False,False,No setup,Neutral,0,Not applicable,No directional setup; confirmation score not applicable.,Narrow CPR,Not applicable,Not applicable,Narrow CPR; Wide CPR rules not applied,0,0,0,0
2026-10-05,2026-10-05,CM,NSE,STK,16713,INE686F01025,UBL,EQ,,,,,UNITED BREWERIES LTD,1180.2,1192.6,1171.5,1183.3,1186.0,1188.8,,1183.28,,,56186,66347073.0,9867,F1,1,,,,,,Cash Only,Fast Moving Consumer Goods,True,1182.4666666666665,1182.05,1182.883333333333,1182.883333333333,1182.05,0.8333333333330302,0.07042451900050961,Narrow,Bullish,Above CPR,True,False,0.11666666666666667,60,137416374.65,Higher,True,Risk Off,True,38.97857142857141,1319.582,1332.0330000000001,0.021379268218182933,0.4828178095149594,False,False,No setup,Neutral,0,Not applicable,No directional setup; confirmation score not applicable.,Narrow CPR,Not applicable,Not applicable,Narrow CPR; Wide CPR rules not applied,0,0,0,0
2026-10-05,2026-10-05,CM,NSE,STK,764523,INE00GO01025,LEAPIND,EQ,,,,,LEAP INDIA LIMITED,137.5,144.9,137.5,141.35,142.3,137.03,,141.35,,,2945969,419733054.69,38975,F1,1,,,,,,Cash Only,Unclassified,False,141.25,141.2,141.3,141.3,141.2,0.10000000000002274,0.07074637424833587,Narrow,Bullish,Above CPR,True,False,0.08571428571428572,35,570151752.84,Higher,True,Risk Off,True,6.322857142857144,,,0.015815634884775397,0.736177785298835,False,False,No setup,Neutral,0,Not applicable,No directional setup; confirmation score not applicable.,Narrow CPR,Not applicable,Not applicable,Narrow CPR; Wide CPR rules not applied,0,0,0,0
2026-10-05,2026-10-05,CM,NSE,STK,14485,INE083B01024,THEMISMED,EQ,,,,,THEMIS MEDICARE LTD.,115.0,115.0,111.02,112.89,114.56,113.19,,112.87,,,58862,6643829.77,1344,F1,1,,,,,,Cash Only,Unclassified,False,112.96999999999998,113.00999999999999,112.92999999999998,113.00999999999999,112.92999999999998,0.0800000000000125,0.07086544423776464,Narrow,Bearish,Below CPR,False,True,0.03333333333333333,60,9343795.559999999,Lower,True,Risk Off,True,6.277857142857144,116.5526,112.45259999999999,0.01274320172943651,0.7110418595245892,False,True,No setup,Neutral,0,Not applicable,No directional setup; confirmation score not applicable.,Narrow CPR,Not applicable,Not applicable,Narrow CPR; Wide CPR rules not applied,0,0,0,0
2026-10-05,2026-10-05,CM,NSE,STK,18644,INE591D01014,DIAMINESQ,EQ,,,,,DIAMINES & CHEMICALS LTD,236.31,241.45,235.0,237.97,237.02,236.31,,237.97,,,914,216380.92,82,F1,1,,,,,,Cash Only,Unclassified,False,238.14,238.225,238.05499999999998,238.225,238.05499999999998,0.17000000000001592,0.07143757616506952,Narrow,Bearish,Below CPR,False,True,0.1,60,1106488.2000000002,Inside,True,Risk Off,True,9.128571428571428,245.7906,249.9293,0.018622848200314734,0.19555646413581274,False,False,No setup,Neutral,0,Not applicable,No directional setup; confirmation score not applicable.,Narrow CPR,Not applicable,Not applicable,Narrow CPR; Wide CPR rules not applied,0,0,0,0
2026-10-05,2026-10-05,CM,NSE,STK,10871,INE192H01020,GRMOVER,EQ,,,,,GRM OVERSEAS LIMITED,77.99,79.45,77.38,78.5,78.06,77.87,,78.53,,,1011559,79547269.94,4640,F1,1,,,,,,Cash Only,Unclassified,False,78.44333333333333,78.41499999999999,78.47166666666666,78.47166666666666,78.41499999999999,0.05666666666667197,0.07218683651805347,Narrow,Bullish,Above CPR,True,False,0.08333333333333333,60,89671265.035,Higher,True,Risk Off,True,2.87357142857143,86.42720000000001,101.5632,0.019719943657305672,0.8870987814095357,False,False,No setup,Neutral,0,Not applicable,No directional setup; confirmation score not applicable.,Narrow CPR,Not applicable,Not applicable,Narrow CPR; Wide CPR rules not applied,0,0,0,0
2026-10-05,2026-10-05,CM,NSE,STK,8024,INE039B01026,CINEVISTA,EQ,,,,,CINEVISTA LIMITED,14.09,14.09,13.46,13.79,13.95,13.63,,13.79,,,18109,249693.72,97,F1,1,,,,,,Cash Only,Unclassified,False,13.780000000000001,13.775,13.785000000000002,13.785000000000002,13.775,0.010000000000001563,0.07251631617114986,Narrow,Bullish,Above CPR,True,False,0.06666666666666667,60,140883.09,Inside,True,Risk Off,True,0.865,14.431000000000001,15.0715,0.011560693641620304,1.772346986426831,False,False,No setup,Neutral,0,Not applicable,No directional setup; confirmation score not applicable.,Narrow CPR,Not applicable,Not applicable,Narrow CPR; Wide CPR rules not applied,0,-2,0,-2
2026-10-05,2026-10-05,CM,NSE,STK,757049,INE535F01024,RAJOOENG,EQ,,,,,RAJOO ENGINEERS LIMITED,54.95,56.25,53.57,54.97,55.0,53.21,,54.95,,,581746,31908293.62,2575,F1,1,,,,,,Cash Only,Unclassified,False,54.93,54.91,54.95,54.95,54.91,0.04000000000000625,0.07276696379844688,Narrow,Bullish,Above CPR,True,False,0.1,60,22938644.02,Higher,True,Risk Off,True,2.143571428571428,57.5674,59.067299999999996,0.018660446517830314,1.3910278912816052,False,False,No setup,Neutral,0,Not applicable,No directional setup; confirmation score not applicable.,Narrow CPR,Not applicable,Not applicable,Narrow CPR; Wide CPR rules not applied,0,0,0,0
2026-10-05,2026-10-05,CM,NSE,STK,3021,INE035D01020,SOTL,EQ,,,,,SAVITA OIL TECHNOLO. LTD,735.0,736.0,716.8,727.2,723.2,729.5,,727.21,,,200693,145848602.95,14968,F1,1,,,,,,Cash Only,Unclassified,False,726.6666666666666,726.4,726.9333333333333,726.9333333333333,726.4,0.533333333333303,0.07334066740006917,Narrow,Bullish,Above CPR,True,False,0.1,60,168683411.0,Higher,True,Risk Off,True,37.217857142857156,694.614,611.1505000000001,0.014330038703898358,0.8646292014453039,True,True,No setup,Neutral,0,Not applicable,No directional setup; confirmation score not applicable.,Narrow CPR,Not applicable,Not applicable,Narrow CPR; Wide CPR rules not applied,0,0,0,0
2026-10-05,2026-10-05,CM,NSE,STK,21119,INE029L01018,KICL,EQ,,,,,KALYANI INVEST CO LTD,4635.0,4774.0,4635.0,4709.8,4700.5,4693.2,,4709.8,,,1022,4807097.1,214,F1,1,,,,,,Cash Only,Unclassified,False,4706.266666666666,4704.5,4708.033333333333,4708.033333333333,4704.5,3.5333333333328483,0.07502087845201172,Narrow,Bullish,Above CPR,True,False,0.1,60,5390163.5,Higher,True,Risk Off,True,171.45000000000002,5186.55,5198.727,0.02060853504422775,0.8918276968778405,False,False,No setup,Neutral,0,Not applicable,No directional setup; confirmation score not applicable.,Narrow CPR,Not applicable,Not applicable,Narrow CPR; Wide CPR rules not applied,0,0,0,0
2026-10-05,2026-10-05,CM,NSE,STK,9756,INE01QM01018,EMUDHRA,EQ,,,,,EMUDHRA LIMITED,604.0,615.8,583.55,599.0,597.0,580.0,,598.98,,,637155,384285706.1,25837,F1,1,,,,,,Cash Only,Unclassified,False,599.4499999999999,599.675,599.2249999999999,599.675,599.2249999999999,0.4500000000000455,0.07512520868114282,Narrow,Bearish,Below CPR,False,True,0.08333333333333333,60,78845355.45,Higher,True,Risk Off,True,45.38214285714285,548.07,503.4435,0.009915794444008244,4.873916845281975,True,True,No setup,Neutral,0,Not applicable,No directional setup; confirmation score not applicable.,Narrow CPR,Not applicable,Not applicable,Narrow CPR; Wide CPR rules not applied,0,0,0,0
2026-10-05,2026-10-05,CM,NSE,STK,3718,INE226A01021,VOLTAS,EQ,,,,,VOLTAS LTD,1055.0,1072.1,1052.9,1061.3,1061.3,1053.2,,1061.26,,,436486,463027391.2,23787,F1,1,,,,,,F&O + Cash,Consumer Durables,True,1062.1000000000001,1062.5,1061.7000000000003,1062.5,1061.7000000000003,0.7999999999997272,0.07537925186089958,Narrow,Bearish,Below CPR,False,True,0.05,60,761033887.8499999,Higher,True,Risk Off,True,32.18571428571425,1208.362,1253.25,0.024855747891691506,0.6084188872431169,False,False,No setup,Neutral,0,Not applicable,No directional setup; confirmation score not applicable.,Narrow CPR,Not applicable,Not applicable,Narrow CPR; Wide CPR rules not applied,0,0,0,0
2026-10-05,2026-10-05,CM,NSE,STK,3405,INE092A01019,TATACHEM,EQ,,,,,TATA CHEMICALS LTD,607.8,629.9,603.5,617.4,618.0,607.8,,617.38,,,953155,587719180.3,31971,F1,1,,,,,,Cash Only,Chemicals,True,616.9333333333334,616.7,617.1666666666667,617.1666666666667,616.7,0.466666666666697,0.07558578987150907,Narrow,Bullish,Above CPR,True,False,0.11666666666666667,60,308038089.29999995,Higher,True,Risk Off,True,47.14999999999998,655.5009999999999,690.485,0.009897490279251266,1.9079432080479408,False,False,No setup,Neutral,0,Not applicable,No directional setup; confirmation score not applicable.,Narrow CPR,Not applicable,Not applicable,Narrow CPR; Wide CPR rules not applied,0,0,0,0
2026-10-05,2026-10-05,CM,NSE,STK,1204,INE546Y01022,PRAXIS,EQ,,,,,PRAXIS HOME RETAIL LTD,4.39,4.59,4.22,4.41,4.48,4.39,,4.43,,,29052,129983.95,111,F1,1,,,,,,Cash Only,Unclassified,False,4.406666666666666,4.404999999999999,4.408333333333333,4.408333333333333,4.404999999999999,0.0033333333333338544,0.07558578987151597,Narrow,Bullish,Above CPR,True,False,0.03333333333333333,60,652669.055,Lower,True,Risk Off,True,0.2799999999999999,5.470600000000001,6.335500000000001,0.011904761904763769,0.1991575194261355,False,False,No setup,Neutral,0,Not applicable,No directional setup; confirmation score not applicable.,Narrow CPR,Not applicable,Not applicable,Narrow CPR; Wide CPR rules not applied,0,0,0,0
2026-10-05,2026-10-05,CM,NSE,STK,15184,INE791I01019,BRIGADE,EQ,,,,,BRIGADE ENTER. LTD,571.0,583.4,561.1,571.6,573.9,569.55,,571.6,,,324478,185069135.0,22062,F1,1,,,,,,Cash Only,Realty,True,572.0333333333333,572.25,571.8166666666666,572.25,571.8166666666666,0.43333333333339397,0.07581059015629706,Narrow,Bearish,Below CPR,False,True,0.16666666666666666,60,185165018.4,Higher,True,Risk Off,True,22.082142857142856,611.5419999999999,605.894,0.019623699390805487,0.9994821732483353,False,False,No setup,Neutral,0,Not applicable,No directional setup; confirmation score not applicable.,Narrow CPR,Not applicable,Not applicable,Narrow CPR; Wide CPR rules not applied,0,0,0,0
2026-10-05,2026-10-05,CM,NSE,STK,17534,INE002S01010,MGL,EQ,,,,,MAHANAGAR GAS LTD.,1043.2,1053.8,1036.0,1043.7,1042.0,1045.4,,1043.72,,,66059,68935657.4,14519,F1,1,,,,,,Cash Only,Oil Gas & Consumable Fuels,True,1044.5,1044.9,1044.1,1044.9,1044.1,0.8000000000001819,0.07665037846126108,Narrow,Bearish,Below CPR,False,True,0.1,60,166900143.65,Higher,True,Risk Off,True,25.392857142857128,1095.4879999999998,1104.478,0.03150492264417033,0.41303533893033895,False,False,No setup,Neutral,0,Not applicable,No directional setup; confirmation score not applicable.,Narrow CPR,Not applicable,Not applicable,Narrow CPR; Wide CPR rules not applied,0,0,0,0
2026-10-05,2026-10-05,CM,NSE,STK,5426,INE118D01016,NUVOCO,EQ,,,,,NUVOCO VISTAS CORP LTD,324.0,329.45,322.0,326.1,326.65,322.1,,326.1,,,179658,58583701.85,14615,F1,1,,,,,,Cash Only,Construction Materials,True,325.85,325.725,325.975,325.975,325.725,0.25,0.07666360012266175,Narrow,Bullish,Above CPR,True,False,0.1,60,101902653.975,Inside,True,Risk Off,True,12.27857142857143,333.994,329.1035,0.020360674810936587,0.5748986858023587,False,False,No setup,Neutral,0,Not applicable,No directional setup; confirmation score not applicable.,Narrow CPR,Not applicable,Not applicable,Narrow CPR; Wide CPR rules not applied,0,0,0,0
2026-10-05,2026-10-05,CM,NSE,STK,28764,INE037Z01029,CEWATER,EQ,,,,,CONCORD ENVIRO SYSTEMS L,253.45,267.0,250.6,259.1,256.55,253.45,,259.04,,,98075,25197116.75,3725,F1,1,,,,,,Cash Only,Unclassified,False,258.90000000000003,258.8,259.00000000000006,259.00000000000006,258.8,0.20000000000004547,0.07719027402549034,Narrow,Bullish,Above CPR,True,False,0.06666666666666667,60,24284477.875,Higher,True,Risk Off,True,13.28928571428571,271.695,287.134,0.015049717817794343,1.0375811610897152,False,False,No setup,Neutral,0,Not applicable,No directional setup; confirmation score not applicable.,Narrow CPR,Not applicable,Not applicable,Narrow CPR; Wide CPR rules not applied,0,0,0,0
2026-10-05,2026-10-05,CM,NSE,STK,17547,INE098F01031,AMRUTANJAN,EQ,,,,,AMRUTAJAN HEALTH LTD,513.2,524.0,511.0,518.1,519.0,513.2,,517.98,,,36616,18975021.9,1653,F1,1,,,,,,Cash Only,Unclassified,False,517.6999999999999,517.5,517.8999999999999,517.8999999999999,517.5,0.3999999999998636,0.07720517274654769,Narrow,Bullish,Above CPR,True,False,0.11666666666666667,60,24435620.35,Higher,True,Risk Off,True,13.157142857142857,508.37800000000004,528.23,0.030401737242117755,0.7765312125583093,True,False,No setup,Neutral,0,Not applicable,No directional setup; confirmation score not applicable.,Narrow CPR,Not applicable,Not applicable,Narrow CPR; Wide CPR rules not applied,0,0,0,0
2026-10-05,2026-10-05,CM,NSE,STK,2610,INE844A01013,PEARLPOLY,EQ,,,,,PEARL POLYMERS LTD,17.78,17.78,16.62,17.22,17.25,17.09,,17.22,,,4266,73079.96,40,F1,1,,,,,,Cash Only,Unclassified,False,17.206666666666667,17.200000000000003,17.21333333333333,17.21333333333333,17.200000000000003,0.013333333333328312,0.0774293457219995,Narrow,Bullish,Above CPR,True,False,0.03333333333333333,60,182587.285,Lower,True,Risk Off,True,0.969285714285714,16.8816,17.4872,0.013755833947427886,0.40024670940257423,True,False,No setup,Neutral,0,Not applicable,No directional setup; confirmation score not applicable.,Narrow CPR,Not applicable,Not applicable,Narrow CPR; Wide CPR rules not applied,0,0,0,0
2026-10-05,2026-10-05,CM,NSE,STK,559,INE594B01012,BSL,EQ,,,,,BSL LTD,121.49,121.49,118.53,120.15,120.19,118.2,,120.16,,,2251,271055.97,57,F1,1,,,,,,Cash Only,Unclassified,False,120.05666666666666,120.00999999999999,120.10333333333332,120.10333333333332,120.00999999999999,0.09333333333333371,0.07768067693161358,Narrow,Bullish,Above CPR,True,False,0.11666666666666667,60,303553.305,Higher,True,Risk Off,True,4.522857142857141,122.4718,124.63210000000001,0.02063592335228478,0.8929435638989336,False,False,No setup,Neutral,0,Not applicable,No directional setup; confirmation score not applicable.,Narrow CPR,Not applicable,Not applicable,Narrow CPR; Wide CPR rules not applied,0,0,0,0
2026-10-05,2026-10-05,CM,NSE,STK,11909,INE409B01013,SWELECTES,EQ,,,,,SWELECT ENERGY SYS LTD,587.8,611.0,587.8,600.1,601.85,592.9,,600.1,,,22535,13522735.6,1233,F1,1,,,,,,Cash Only,Unclassified,False,599.6333333333333,599.4,599.8666666666667,599.8666666666667,599.4,0.466666666666697,0.07776481697495367,Narrow,Bullish,Above CPR,True,False,0.11666666666666667,60,10700224.149999999,Higher,True,Risk Off,True,26.260714285714293,601.505,616.825,0.017770524502471796,1.2637805909888347,False,False,No setup,Neutral,0,Not applicable,No directional setup; confirmation score not applicable.,Narrow CPR,Not applicable,Not applicable,Narrow CPR; Wide CPR rules not applied,0,0,0,0
2026-10-05,2026-10-05,CM,NSE,STK,547,INE216A01030,BRITANNIA,EQ,,,,,BRITANNIA INDUSTRIES LTD,4778.0,4817.2,4734.1,4770.0,4770.0,4778.0,,4770.02,,,204743,974945955.7,17916,F1,1,,,,,,F&O + Cash,Fast Moving Consumer Goods,True,4773.766666666666,4775.65,4771.883333333333,4775.65,4771.883333333333,3.766666666666424,0.07896575821103614,Narrow,Bearish,Below CPR,False,True,0.15,60,1351002627.75,Overlapping,True,Risk Off,True,77.0428571428571,5236.87,5258.915,0.04889053711601146,0.7216462319719571,False,False,No setup,Neutral,0,Not applicable,No directional setup; confirmation score not applicable.,Narrow CPR,Not applicable,Not applicable,Narrow CPR; Wide CPR rules not applied,0,0,0,0
2026-10-05,2026-10-05,CM,NSE,STK,765175,INE886B01012,SUMEDHA,EQ,,,,,SUMEDHA FISCAL SERVICES L,43.0,43.75,40.15,42.0,42.0,43.42,,42.07,,,2721,115247.21,64,F1,1,,,,,,Cash Only,Unclassified,False,41.96666666666667,41.95,41.983333333333334,41.983333333333334,41.95,0.03333333333333144,0.07936507936507485,Narrow,Bullish,Above CPR,True,False,0.17647058823529413,34,71102.375,Lower,True,Risk Off,True,3.07,,,0.010857763300759427,1.6208630161791362,False,False,No setup,Neutral,0,Not applicable,No directional setup; confirmation score not applicable.,Narrow CPR,Not applicable,Not applicable,Narrow CPR; Wide CPR rules not applied,0,0,0,0
2026-10-05,2026-10-05,CM,NSE,STK,21957,INE611L01021,INDTERRAIN,EQ,,,,,IND TERRAIN FASHIONS LTD,29.22,29.5,29.15,29.36,29.2,29.22,,29.36,,,8392,245041.3,57,F1,1,,,,,,Cash Only,Unclassified,False,29.336666666666662,29.325,29.348333333333326,29.348333333333326,29.325,0.023333333333326323,0.07947320617617958,Narrow,Bullish,Above CPR,True,False,0.08333333333333333,60,468938.82,Overlapping,True,Risk Off,True,1.617142857142857,30.090799999999998,31.0055,0.014428739693753028,0.5225442841349752,False,False,No setup,Neutral,0,Not applicable,No directional setup; confirmation score not applicable.,Narrow CPR,Not applicable,Not applicable,Narrow CPR; Wide CPR rules not applied,0,0,0,0
2026-10-05,2026-10-05,CM,NSE,STK,15377,INE865T01018,PDMJEPAPER,EQ,,,,,PUDUMJEE PAPER PRO. LTD,96.29,97.68,94.25,95.85,96.5,95.56,,95.85,,,124848,11973235.75,2277,F1,1,,,,,,Cash Only,Unclassified,False,95.92666666666666,95.965,95.88833333333332,95.965,95.88833333333332,0.0766666666666822,0.07998608937577695,Narrow,Bearish,Below CPR,False,True,0.08333333333333333,60,13871118.92,Overlapping,True,Risk Off,True,5.1485714285714295,94.56480000000002,88.96800000000002,0.014890862005182446,0.8631773557024627,True,True,No setup,Neutral,0,Not applicable,No directional setup; confirmation score not applicable.,Narrow CPR,Not applicable,Not applicable,Narrow CPR; Wide CPR rules not applied,0,0,0,0
2026-10-05,2026-10-05,CM,NSE,STK,759251,INE0MLS01022,EPACKPEB,EQ,,,,,EPACK PREFAB TECHN LTD,244.9,255.88,244.2,249.74,250.25,242.07,,249.73,,,1070964,269365372.01,27729,F1,1,,,,,,Cash Only,Unclassified,False,249.93999999999997,250.04,249.83999999999995,250.04,249.83999999999995,0.20000000000004547,0.080083286618101,Narrow,Bearish,Below CPR,False,True,0.05,60,145050615.29000002,Higher,True,Risk Off,True,12.847857142857148,239.60399999999998,234.4862,0.01556679824317916,1.8570439806232961,True,True,No setup,Neutral,0,Not applicable,No directional setup; confirmation score not applicable.,Narrow CPR,Not applicable,Not applicable,Narrow CPR; Wide CPR rules not applied,0,0,0,0
2026-10-05,2026-10-05,CM,NSE,STK,18143,INE758E01017,JIOFIN,EQ,,,,,JIO FIN SERVICES LTD,213.85,213.99,210.52,212.0,212.0,212.5,,212.0,,,16101981,3410906548.16,137102,F1,1,,,,,,F&O + Cash,Financial Services,True,212.17,212.255,212.08499999999998,212.255,212.08499999999998,0.17000000000001592,0.08018867924529052,Narrow,Bearish,Below CPR,False,True,0.13333333333333333,60,2716782797.1099997,Lower,True,Risk Off,True,4.592142857142856,239.0788,238.2141,0.03701975423860979,1.2554947534960763,False,False,No setup,Neutral,0,Not applicable,No directional setup; confirmation score not applicable.,Narrow CPR,Not applicable,Not applicable,Narrow CPR; Wide CPR rules not applied,0,0,0,0
2026-10-05,2026-10-05,CM,NSE,STK,1465,INE648Z01023,ACCURACY,EQ,,,,,ACCURACY SHIPPING LIMITED,4.19,4.23,4.06,4.15,4.15,4.13,,4.15,,,106900,447002.77,254,F1,1,,,,,,Cash Only,Unclassified,False,4.1466666666666665,4.145,4.148333333333333,4.148333333333333,4.145,0.0033333333333338544,0.0803212851405748,Narrow,Bullish,Above CPR,True,False,0.08333333333333333,60,674723.155,Lower,True,Risk Off,True,0.38,5.0864,5.0287,0.008771929824562775,0.6624980433641706,False,False,No setup,Neutral,0,Not applicable,No directional setup; confirmation score not applicable.,Narrow CPR,Not applicable,Not applicable,Narrow CPR; Wide CPR rules not applied,0,0,0,0
2026-10-05,2026-10-05,CM,NSE,STK,15157,INE508K01013,RHL,EQ,,,,,ROBUST HOTELS LIMITED,165.0,169.0,161.0,164.8,164.8,162.92,,164.8,,,1002,164096.16,26,F1,1,,,,,,Cash Only,Unclassified,False,164.93333333333334,165.0,164.86666666666667,165.0,164.86666666666667,0.13333333333332575,0.08090614886730932,Narrow,Bearish,Below CPR,False,True,0.1,60,388538.29000000004,Higher,True,Risk Off,True,7.765714285714286,169.6732,174.7046,0.017169487368161887,0.42234231277437284,False,False,No setup,Neutral,0,Not applicable,No directional setup; confirmation score not applicable.,Narrow CPR,Not applicable,Not applicable,Narrow CPR; Wide CPR rules not applied,0,0,0,0
2026-10-05,2026-10-05,CM,NSE,STK,761720,INE875B01015,NIMBSPROJ,EQ,,,,,NIMBUS PROJECTS LIMITED,190.8,195.0,180.1,187.32,194.8,189.45,,187.32,,,37323,6885509.15,555,F1,1,,,,,,Cash Only,Unclassified,False,187.47333333333336,187.55,187.3966666666667,187.55,187.3966666666667,0.15333333333330756,0.08185635988325196,Narrow,Bearish,Below CPR,False,True,0.06666666666666667,60,15280961.254999999,Lower,True,Risk Off,True,12.552142857142858,186.23379999999997,,0.012215709706175984,0.45059397999239287,True,False,No setup,Neutral,0,Not applicable,No directional setup; confirmation score not applicable.,Narrow CPR,Not applicable,Not applicable,Narrow CPR; Wide CPR rules not applied,0,0,0,0
2026-10-05,2026-10-05,CM,NSE,STK,2987,INE418L01047,NAZARA,EQ,,,,,NAZARA TECHNOLOGIES LTD,388.45,393.45,379.1,385.8,384.0,384.7,,385.79,,,2285380,882591393.6,34214,F1,1,,,,,,Cash Only,Unclassified,False,386.1166666666666,386.275,385.95833333333326,386.275,385.95833333333326,0.3166666666667197,0.08208052531537577,Narrow,Bearish,Below CPR,False,True,0.13333333333333333,60,568035247.575,Higher,True,Risk Off,True,14.121428571428575,357.5,325.254,0.02242454897993968,1.5537616677272617,True,True,No setup,Neutral,0,Not applicable,No directional setup; confirmation score not applicable.,Narrow CPR,Not applicable,Not applicable,Narrow CPR; Wide CPR rules not applied,0,0,0,0
2026-10-05,2026-10-05,CM,NSE,STK,25907,INE377N01017,WAAREEENER,EQ,,,,,WAAREE ENERGIES LIMITED,2352.0,2363.5,2323.7,2346.5,2346.5,2340.0,,2345.31,,,341571,800474084.3,26806,F1,1,,,,,,F&O + Cash,Capital Goods,True,2344.5666666666666,2343.6,2345.5333333333333,2345.5333333333333,2343.6,1.933333333333394,0.08239221535620686,Narrow,Bullish,Above CPR,True,False,0.2,60,1357232767.65,Higher,True,Risk Off,True,61.5142857142857,2601.6279999999997,2786.1410000000005,0.03142901377922378,0.5897839363884444,False,False,No setup,Neutral,0,Not applicable,No directional setup; confirmation score not applicable.,Narrow CPR,Not applicable,Not applicable,Narrow CPR; Wide CPR rules not applied,0,0,0,0
2026-10-05,2026-10-05,CM,NSE,STK,29452,INE943P01029,AGARWALEYE,EQ,,,,,DR AGARWALS HEALTH CARE L,490.2,492.0,475.3,484.25,483.85,486.45,,484.24,,,292496,141030299.7,15583,F1,1,,,,,,Cash Only,Unclassified,False,483.84999999999997,483.65,484.04999999999995,484.04999999999995,483.65,0.39999999999997726,0.08260196179658798,Narrow,Bullish,Above CPR,True,False,0.11666666666666667,60,117533821.875,Inside,True,Risk Off,True,16.05714285714286,503.603,486.5615,0.024911032028468328,1.1999124800858518,False,False,No setup,Neutral,0,Not applicable,No directional setup; confirmation score not applicable.,Narrow CPR,Not applicable,Not applicable,Narrow CPR; Wide CPR rules not applied,0,0,0,0
2026-10-05,2026-10-05,CM,NSE,STK,395,INE258A01024,BEML,EQ,,,,,BEML LIMITED,1966.7,1993.9,1942.0,1970.4,1965.0,1962.3,,1970.13,,,144626,284526122.4,19670,F1,1,,,,,,Cash Only,Capital Goods,True,1968.7666666666667,1967.95,1969.5833333333333,1969.5833333333333,1967.95,1.633333333333212,0.08289349032344763,Narrow,Bullish,Above CPR,True,False,0.11666666666666667,60,461408819.75,Higher,True,Risk Off,True,72.44285714285715,1936.366,1863.82,0.022546506277524123,0.6166464753624814,True,True,No setup,Neutral,0,Not applicable,No directional setup; confirmation score not applicable.,Narrow CPR,Not applicable,Not applicable,Narrow CPR; Wide CPR rules not applied,0,0,0,0
2026-10-05,2026-10-05,CM,NSE,STK,13147,INE191H01014,PVRINOX,EQ,,,,,PVR INOX LIMITED,1236.8,1249.9,1216.0,1231.4,1230.0,1215.3,,1231.36,,,279083,343549204.8,24130,F1,1,,,,,,Cash Only,Media Entertainment & Publication,True,1232.4333333333334,1232.95,1231.9166666666667,1232.95,1231.9166666666667,1.033333333333303,0.08391532672838256,Narrow,Bearish,Below CPR,False,True,0.1,60,461057583.65,Higher,True,Risk Off,True,49.0642857142857,1207.559,1095.878,0.02106080458096702,0.7451329659958409,True,True,No setup,Neutral,0,Not applicable,No directional setup; confirmation score not applicable.,Narrow CPR,Not applicable,Not applicable,Narrow CPR; Wide CPR rules not applied,0,0,0,0
2026-10-05,2026-10-05,CM,NSE,STK,28378,INE0Q9301021,IGIL,EQ,,,,,INTL GEMOLOGICAL INST LTD,317.9,320.7,311.0,316.25,315.05,311.95,,316.25,,,422079,133409149.9,10713,F1,1,,,,,,Cash Only,Services,True,315.98333333333335,315.85,316.1166666666667,316.1166666666667,315.85,0.2666666666666515,0.08432147562581867,Narrow,Bullish,Above CPR,True,False,0.11666666666666667,60,157072477.97500002,Higher,True,Risk Off,True,10.18571428571428,335.07,344.7825,0.02618045815801629,0.8493477127242729,False,False,No setup,Neutral,0,Not applicable,No directional setup; confirmation score not applicable.,Narrow CPR,Not applicable,Not applicable,Narrow CPR; Wide CPR rules not applied,0,0,0,0
2026-10-05,2026-10-05,CM,NSE,STK,154,INE116A01032,APCOTEXIND,EQ,,,,,APCOTEX INDUSTRIES LIMITE,599.0,599.0,577.0,587.25,584.0,593.25,,587.27,,,48855,28693553.95,3913,F1,1,,,,,,Cash Only,Unclassified,False,587.75,588.0,587.5,588.0,587.5,0.5,0.08514261387824607,Narrow,Bearish,Below CPR,False,True,0.06666666666666667,60,70536997.75,Overlapping,True,Risk Off,True,22.58571428571429,612.124,563.9834999999999,0.022137887413029723,0.4067872870305144,False,True,No setup,Neutral,0,Not applicable,No directional setup; confirmation score not applicable.,Narrow CPR,Not applicable,Not applicable,Narrow CPR; Wide CPR rules not applied,0,0,0,0
2026-10-05,2026-10-05,CM,NSE,STK,8119,INE425Y01011,RPSGVENT,EQ,,,,,RPSG VENTURES LIMITED,848.0,849.0,820.95,833.9,839.0,829.85,,833.95,,,23182,19293298.8,1045,F1,1,,,,,,Cash Only,Unclassified,False,834.6166666666667,834.975,834.2583333333333,834.975,834.2583333333333,0.716666666666697,0.08594155973938086,Narrow,Bearish,Below CPR,False,True,0.18333333333333332,60,18441585.924999997,Higher,True,Risk Off,True,26.30000000000001,869.513,883.922,0.027249683143220405,1.046184361717253,False,False,No setup,Neutral,0,Not applicable,No directional setup; confirmation score not applicable.,Narrow CPR,Not applicable,Not applicable,Narrow CPR; Wide CPR rules not applied,0,0,0,0
2026-10-05,2026-10-05,CM,NSE,STK,15254,INE482A01020,CEATLTD,EQ,,,,,CEAT LIMITED,3286.6,3313.4,3244.1,3283.0,3289.0,3286.6,,3283.21,,,26355,86339158.8,6694,F1,1,,,,,,Cash Only,Automobile and Auto Components,True,3280.1666666666665,3278.75,3281.583333333333,3281.583333333333,3278.75,2.83333333333303,0.08630317798760373,Narrow,Bullish,Above CPR,True,False,0.21666666666666667,60,203875009.2,Higher,True,Risk Off,True,88.20714285714283,3462.4559999999997,3447.305,0.03212135935433026,0.4234906433053885,False,False,No setup,Neutral,0,Not applicable,No directional setup; confirmation score not applicable.,Narrow CPR,Not applicable,Not applicable,Narrow CPR; Wide CPR rules not applied,0,0,0,0
2026-10-05,2026-10-05,CM,NSE,STK,1100,INE276A01018,GARFIBRES,EQ,,,,,GARWARE TECH FIBRES LTD,768.4,780.1,763.1,770.6,770.0,768.4,,770.6,,,22696,17524494.0,2586,F1,1,,,,,,Cash Only,Unclassified,False,771.2666666666668,771.6,770.9333333333335,771.6,770.9333333333335,0.6666666666665151,0.08651267410673696,Narrow,Bearish,Below CPR,False,True,0.16666666666666666,60,30480475.325000003,Higher,True,Risk Off,True,25.32142857142858,784.039,742.5364999999999,0.026328161730130348,0.5749416245364933,False,True,No setup,Neutral,0,Not applicable,No directional setup; confirmation score not applicable.,Narrow CPR,Not applicable,Not applicable,Narrow CPR; Wide CPR rules not applied,0,0,0,0
2026-10-05,2026-10-05,CM,NSE,STK,2606,INE970X01018,LEMONTREE,EQ,,,,,LEMON TREE HOTELS LTD,108.18,108.64,106.8,107.86,107.7,107.67,,107.86,,,3295164,354835279.03,32597,F1,1,,,,,,Cash Only,Consumer Services,True,107.76666666666667,107.72,107.81333333333333,107.81333333333333,107.72,0.09333333333333371,0.08653192409914122,Narrow,Bullish,Above CPR,True,False,0.16666666666666666,60,274147538.94,Overlapping,True,Risk Off,True,2.7057142857142886,107.81119999999999,110.6547,0.03449489616332287,1.2943223214841966,True,False,No setup,Neutral,0,Not applicable,No directional setup; confirmation score not applicable.,Narrow CPR,Not applicable,Not applicable,Narrow CPR; Wide CPR rules not applied,0,0,0,0
2026-10-05,2026-10-05,CM,NSE,STK,765210,INE574G01013,VASUPRADA,EQ,,,,,SHRI VASUPRADA PLANTATI L,96.0,96.25,96.0,96.25,96.25,95.52,,96.25,,,93,8928.75,2,F1,1,,,,,,Cash Only,Unclassified,False,96.16666666666667,96.125,96.20833333333334,96.20833333333334,96.125,0.08333333333334281,0.08658008658009643,Narrow,Bullish,Above CPR,True,False,0.6086956521739131,23,5253.0,Inside,True,Risk Off,False,3.654285714285716,,,0.022804274172533202,1.6997430039977155,False,False,No setup,Neutral,0,Not applicable,No directional setup; confirmation score not applicable.,Narrow CPR,Not applicable,Not applicable,Narrow CPR; Wide CPR rules not applied,0,0,0,0
2026-10-05,2026-10-05,CM,NSE,STK,3002,INE066O01014,WONDERLA,EQ,,,,,WONDERLA HOLIDAYS LTD.,495.1,503.0,495.1,499.7,497.0,495.1,,499.7,,,22858,11431984.65,1414,F1,1,,,,,,Cash Only,Unclassified,False,499.26666666666665,499.05,499.4833333333333,499.4833333333333,499.05,0.4333333333332803,0.08671869788538729,Narrow,Bullish,Above CPR,True,False,0.16666666666666666,60,26854536.424999997,Higher,True,Risk Off,True,11.067857142857138,502.425,491.39200000000005,0.03915241475744386,0.4257003162920919,False,True,No setup,Neutral,0,Not applicable,No directional setup; confirmation score not applicable.,Narrow CPR,Not applicable,Not applicable,Narrow CPR; Wide CPR rules not applied,0,0,0,0
2026-10-05,2026-10-05,CM,NSE,STK,11532,INE481G01011,ULTRACEMCO,EQ,,,,,ULTRATECH CEMENT LIMITED,10736.0,10940.0,10731.0,10850.0,10850.0,10710.0,,10850.05,,,314538,3420359092.0,37017,F1,1,,,,,,F&O + Cash,Construction Materials,True,10840.333333333334,10835.5,10845.166666666668,10845.166666666668,10835.5,9.66666666666788,0.08909370199693899,Narrow,Bullish,Above CPR,True,False,0.13333333333333333,60,2889111686.5,Higher,True,Risk Off,True,210.35714285714286,11435.62,11443.92,0.04595359366157905,1.1838791514991853,False,False,No setup,Neutral,0,Not applicable,No directional setup; confirmation score not applicable.,Narrow CPR,Not applicable,Not applicable,Narrow CPR; Wide CPR rules not applied,0,0,0,0
2026-10-05,2026-10-05,CM,NSE,STK,24445,INE976R01033,AGIIL,EQ,,,,,AGI INFRA LIMITED,263.8,263.8,258.0,261.25,260.55,260.0,,261.25,,,212796,55515789.95,4363,F1,1,,,,,,Cash Only,Unclassified,False,261.01666666666665,260.9,261.1333333333333,261.1333333333333,260.9,0.2333333333333485,0.08931419457735829,Narrow,Bullish,Above CPR,True,False,0.08333333333333333,60,269336200.57500005,Inside,True,Risk Off,True,11.603571428571424,286.249,324.314,0.020108751410691784,0.206120788187702,False,False,No setup,Neutral,0,Not applicable,No directional setup; confirmation score not applicable.,Narrow CPR,Not applicable,Not applicable,Narrow CPR; Wide CPR rules not applied,0,0,0,0
2026-10-05,2026-10-05,CM,NSE,STK,11703,INE540L01014,ALKEM,EQ,,,,,ALKEM LABORATORIES LTD.,5210.0,5235.0,5136.0,5192.5,5192.5,5220.0,,5192.5,,,102619,529951718.5,16919,F1,1,,,,,,F&O + Cash,Healthcare,True,5187.833333333333,5185.5,5190.166666666666,5190.166666666666,5185.5,4.66666666666606,0.08987321457228811,Narrow,Bullish,Above CPR,True,False,0.21666666666666667,60,607314525.75,Inside,True,Risk Off,True,142.0,5387.89,5427.36,0.032863849765253944,0.8726149236189251,False,False,No setup,Neutral,0,Not applicable,No directional setup; confirmation score not applicable.,Narrow CPR,Not applicable,Not applicable,Narrow CPR; Wide CPR rules not applied,0,0,0,0
2026-10-05,2026-10-05,CM,NSE,STK,15399,INE276C01014,EIHAHOTELS,EQ,,,,,EIH ASSOCIATED HOTELS LTD,296.1,300.0,288.0,294.4,294.9,296.1,,294.4,,,4180,1234905.95,420,F1,1,,,,,,Cash Only,Unclassified,False,294.1333333333333,294.0,294.26666666666665,294.26666666666665,294.0,0.2666666666666515,0.0905797101449224,Narrow,Bullish,Above CPR,True,False,0.08333333333333333,60,4514484.425,Lower,True,Risk Off,True,10.69642857142858,299.31399999999996,307.74800000000005,0.024930439621590104,0.27354307463360006,False,False,No setup,Neutral,0,Not applicable,No directional setup; confirmation score not applicable.,Narrow CPR,Not applicable,Not applicable,Narrow CPR; Wide CPR rules not applied,0,0,0,0
2026-10-05,2026-10-05,CM,NSE,STK,5748,INE136B01020,CYIENT,EQ,,,,,CYIENT LIMITED,1115.0,1173.5,1110.0,1140.2,1145.0,1104.6,,1140.19,,,1623849,1869796280.4,97347,F1,1,,,,,,Cash Only,Information Technology,True,1141.2333333333333,1141.75,1140.7166666666667,1141.75,1140.7166666666667,1.033333333333303,0.09062737531426969,Narrow,Bearish,Below CPR,False,True,0.15,60,384502135.775,Higher,True,Risk Off,True,47.485714285714316,987.462,931.7914999999999,0.021760930605695297,4.862902195929942,True,True,No setup,Neutral,0,Not applicable,No directional setup; confirmation score not applicable.,Narrow CPR,Not applicable,Not applicable,Narrow CPR; Wide CPR rules not applied,0,0,0,0
2026-10-05,2026-10-05,CM,NSE,STK,7835,INE02WG01024,WEL,EQ,,,,,WONDER ELECTRICALS LTD,72.88,74.39,72.01,73.3,73.65,71.7,,73.3,,,187482,13795840.58,1386,F1,1,,,,,,Cash Only,Unclassified,False,73.23333333333333,73.2,73.26666666666667,73.26666666666667,73.2,0.06666666666666288,0.0909504320145469,Narrow,Bullish,Above CPR,True,False,0.11666666666666667,60,47095958.915,Higher,True,Risk Off,True,3.355,102.742,100.4453,0.01987083954296956,0.2929304530118834,False,False,No setup,Neutral,0,Not applicable,No directional setup; confirmation score not applicable.,Narrow CPR,Not applicable,Not applicable,Narrow CPR; Wide CPR rules not applied,0,0,0,0
2026-10-05,2026-10-05,CM,NSE,STK,3411,INE670A01012,TATAELXSI,EQ,,,,,TATA ELXSI LIMITED,3130.5,3148.4,3070.1,3105.0,3105.0,3092.8,,3102.83,,,237392,736506929.2,29801,F1,1,,,,,,F&O + Cash,Information Technology,True,3107.8333333333335,3109.25,3106.416666666667,3109.25,3106.416666666667,2.83333333333303,0.09125067096080612,Narrow,Bearish,Below CPR,False,True,0.1,60,753843580.6500001,Higher,True,Risk Off,True,87.26428571428576,3528.292,3750.116,0.03246841832418957,0.9770023226369434,False,False,No setup,Neutral,0,Not applicable,No directional setup; confirmation score not applicable.,Narrow CPR,Not applicable,Not applicable,Narrow CPR; Wide CPR rules not applied,0,0,0,0
2026-10-05,2026-10-05,CM,NSE,STK,9879,INE974B01016,CHEVIOT,EQ,,,,,CHEVIOT COMPANY LIMITED,1172.0,1174.5,1160.1,1165.7,1167.0,1167.0,,1165.52,,,386,450728.4,90,F1,1,,,,,,Cash Only,Unclassified,False,1166.7666666666667,1167.3,1166.2333333333333,1167.3,1166.2333333333333,1.066666666666606,0.09150438935117149,Narrow,Bearish,Below CPR,False,True,0.21666666666666667,60,1586981.45,Lower,True,Risk Off,True,27.807142857142885,1164.318,1144.973,0.0383594485829244,0.2840161742281235,True,True,No setup,Neutral,0,Not applicable,No directional setup; confirmation score not applicable.,Narrow CPR,Not applicable,Not applicable,Narrow CPR; Wide CPR rules not applied,0,0,0,0
2026-10-05,2026-10-05,CM,NSE,STK,23607,INE011E01029,BALUFORGE,EQ,,,,,BALU FORGE INDUSTRIES LTD,494.15,512.5,491.7,502.8,503.7,488.95,,502.8,,,468122,236012201.25,15449,F1,1,,,,,,Cash Only,Unclassified,False,502.3333333333333,502.1,502.5666666666666,502.5666666666666,502.1,0.4666666666665833,0.09281357730043423,Narrow,Bullish,Above CPR,True,False,0.15,60,378386260.375,Higher,True,Risk Off,True,21.807142857142853,515.471,488.4045,0.021399716126210833,0.6237335388872205,False,True,No setup,Neutral,0,Not applicable,No directional setup; confirmation score not applicable.,Narrow CPR,Not applicable,Not applicable,Narrow CPR; Wide CPR rules not applied,0,-2,0,-2
2026-10-05,2026-10-05,CM,NSE,STK,762690,INE207H01018,GNRL,EQ,,,,,GUJARAT NATURAL RES L,97.4,98.3,95.51,96.77,95.63,97.18,,96.76,,,98661,9534150.69,1274,F1,1,,,,,,Cash Only,Unclassified,False,96.86,96.905,96.815,96.905,96.815,0.09000000000000341,0.09300403017464443,Narrow,Bearish,Below CPR,False,True,0.06666666666666667,60,8904260.055,Lower,True,Risk Off,True,4.892142857142856,100.08140000000002,98.4112,0.018396846254928427,1.070740368218053,False,False,No setup,Neutral,0,Not applicable,No directional setup; confirmation score not applicable.,Narrow CPR,Not applicable,Not applicable,Narrow CPR; Wide CPR rules not applied,0,0,0,0
2026-10-05,2026-10-05,CM,NSE,STK,15121,INE00CE01017,SVLL,EQ,,,,,SHREE VASU LOGISTICS LTD,786.75,859.95,786.75,822.2,834.4,786.75,,822.2,,,763,621355.0,91,F1,1,,,,,,Cash Only,Unclassified,False,822.9666666666667,823.35,822.5833333333334,823.35,822.5833333333334,0.7666666666666515,0.09324576339900893,Narrow,Bearish,Below CPR,False,True,0.15,60,564027.0,Higher,True,Risk Off,True,46.11428571428571,665.367,612.0085,0.01662536142090013,1.1016405243011416,True,True,No setup,Neutral,0,Not applicable,No directional setup; confirmation score not applicable.,Narrow CPR,Not applicable,Not applicable,Narrow CPR; Wide CPR rules not applied,0,0,0,0
2026-10-05,2026-10-05,CM,NSE,STK,13175,INE229H01012,NITINSPIN,EQ,,,,,NITIN SPINNERS LIMITED,597.6,612.5,595.3,604.75,605.0,594.6,,604.7,,,83708,50562277.5,5084,F1,1,,,,,,Cash Only,Unclassified,False,604.1833333333333,603.9,604.4666666666666,604.4666666666666,603.9,0.566666666666606,0.09370263194156363,Narrow,Bullish,Above CPR,True,False,0.2,60,45957672.675,Higher,True,Risk Off,True,19.857142857142858,595.7439999999999,565.447,0.028537170263785914,1.1001922977597778,True,True,No setup,Neutral,0,Not applicable,No directional setup; confirmation score not applicable.,Narrow CPR,Not applicable,Not applicable,Narrow CPR; Wide CPR rules not applied,0,0,0,0
2026-10-05,2026-10-05,CM,NSE,STK,760726,INE05XR01022,BHARATCOAL,EQ,,,,,BHARAT COKING COAL LTD,31.8,32.3,31.37,31.88,31.94,31.75,,31.88,,,5387913,171138517.08,20749,F1,1,,,,,,Cash Only,Unclassified,False,31.849999999999998,31.835,31.864999999999995,31.864999999999995,31.835,0.02999999999999403,0.09410288582181316,Narrow,Bullish,Above CPR,True,False,0.15,60,146333951.35,Inside,True,Risk Off,True,0.8799999999999996,33.513,35.907199999999996,0.03409090909090232,1.16950656700763,False,False,No setup,Neutral,0,Not applicable,No directional setup; confirmation score not applicable.,Narrow CPR,Not applicable,Not applicable,Narrow CPR; Wide CPR rules not applied,0,0,0,0
2026-10-05,2026-10-05,CM,NSE,STK,13536,INE632C01026,VIDHIING,EQ,,,,,VIDHI SPCLTY F INGRDNTS L,356.5,357.0,350.0,354.0,354.0,350.25,,354.05,,,14038,4975828.1,943,F1,1,,,,,,Cash Only,Unclassified,False,353.6666666666667,353.5,353.83333333333337,353.83333333333337,353.5,0.33333333333337123,0.09416195856874894,Narrow,Bullish,Above CPR,True,False,0.11666666666666667,60,8374851.275,Higher,True,Risk Off,True,15.532142857142848,335.801,314.375,0.021460872231166706,0.5941392792076775,True,True,No setup,Neutral,0,Not applicable,No directional setup; confirmation score not applicable.,Narrow CPR,Not applicable,Not applicable,Narrow CPR; Wide CPR rules not applied,0,0,0,0
2026-10-05,2026-10-05,CM,NSE,STK,16045,INE689W01016,PRINCEPIPE,EQ,,,,,PRINCE PIPES FITTINGS LTD,246.9,251.0,243.2,247.45,248.5,246.9,,247.44,,,125575,31044053.2,4437,F1,1,,,,,,Cash Only,Unclassified,False,247.21666666666667,247.1,247.33333333333334,247.33333333333334,247.1,0.2333333333333485,0.09429514380010041,Narrow,Bullish,Above CPR,True,False,0.1,60,33769698.25,Lower,True,Risk Off,True,8.617857142857137,273.313,272.1975,0.027075562923057447,0.919287254809865,False,False,No setup,Neutral,0,Not applicable,No directional setup; confirmation score not applicable.,Narrow CPR,Not applicable,Not applicable,Narrow CPR; Wide CPR rules not applied,0,0,0,0
2026-10-05,2026-10-05,CM,NSE,STK,757478,INE090501011,SCODATUBES,EQ,,,,,SCODA TUBES LIMITED,123.0,127.9,120.98,124.62,124.0,123.0,,124.62,,,278884,34502331.11,3286,F1,1,,,,,,Cash Only,Unclassified,False,124.5,124.44,124.56,124.56,124.44,0.12000000000000455,0.09629272989889627,Narrow,Bullish,Above CPR,True,False,0.15,60,23074878.325,Higher,True,Risk Off,True,6.892142857142858,133.9622,136.6054,0.017411130687118494,1.4952335013016802,False,False,No setup,Neutral,0,Not applicable,No directional setup; confirmation score not applicable.,Narrow CPR,Not applicable,Not applicable,Narrow CPR; Wide CPR rules not applied,0,0,0,0
2026-10-05,2026-10-05,CM,NSE,STK,12913,INE324X01026,SARVESHWAR,EQ,,,,,SARVESHWAR FOODS LIMITED,3.41,3.5,3.41,3.46,3.47,3.44,,3.46,,,1300127,4503912.97,2062,F1,1,,,,,,Cash Only,Unclassified,False,3.456666666666667,3.455,3.458333333333334,3.458333333333334,3.455,0.0033333333333338544,0.0963391136801692,Narrow,Bullish,Above CPR,True,False,0.10833333333333334,60,4742738.9350000005,Lower,True,Risk Off,True,0.16642857142857143,3.5260000000000002,3.5817,0.020028612303293548,0.9496438728183969,False,False,No setup,Neutral,0,Not applicable,No directional setup; confirmation score not applicable.,Narrow CPR,Not applicable,Not applicable,Narrow CPR; Wide CPR rules not applied,0,0,0,0
2026-10-05,2026-10-05,CM,NSE,STK,17438,INE274J01014,OIL,EQ,,,,,OIL INDIA LTD,444.0,450.65,441.05,446.5,446.5,444.0,,446.5,,,2225503,993946646.9,36031,F1,1,,,,,,F&O + Cash,Oil Gas & Consumable Fuels,True,446.06666666666666,445.85,446.2833333333333,446.2833333333333,445.85,0.4333333333332803,0.09705113848449726,Narrow,Bullish,Above CPR,True,False,0.11666666666666667,60,993135030.0,Higher,True,Risk Off,True,11.035714285714286,470.23800000000006,461.286,0.039266450916931546,1.000817227139798,False,False,No setup,Neutral,0,Not applicable,No directional setup; confirmation score not applicable.,Narrow CPR,Not applicable,Not applicable,Narrow CPR; Wide CPR rules not applied,0,0,0,0
2026-10-05,2026-10-05,CM,NSE,STK,3426,INE245A01021,TATAPOWER,EQ,,,,,TATA POWER CO LTD,350.15,353.95,348.0,351.5,351.5,350.15,,351.5,,,2763239,968363231.85,38647,F1,1,,,,,,F&O + Cash,Power,True,351.15000000000003,350.975,351.32500000000005,351.32500000000005,350.975,0.35000000000002274,0.09957325746800079,Narrow,Bullish,Above CPR,True,False,0.2,60,1239462426.3,Inside,True,Risk Off,True,7.946428571428579,369.62699999999995,382.7485,0.044044943820227535,0.7812767949253001,False,False,No setup,Neutral,0,Not applicable,No directional setup; confirmation score not applicable.,Narrow CPR,Not applicable,Not applicable,Narrow CPR; Wide CPR rules not applied,0,0,0,0
2026-10-05,2026-10-05,CM,NSE,STK,3703,INE054A01027,VIPIND,EQ,,,,,VIP INDUSTRIES LTD,282.95,288.75,279.0,284.3,283.3,280.75,,284.33,,,190807,54104102.5,7303,F1,1,,,,,,Cash Only,Unclassified,False,284.01666666666665,283.875,284.1583333333333,284.1583333333333,283.875,0.283333333333303,0.0996599835854038,Narrow,Bullish,Above CPR,True,False,0.1,60,70884454.875,Overlapping,True,Risk Off,True,10.34642857142856,302.826,305.031,0.02738465078816877,0.7632717581789825,False,False,No setup,Neutral,0,Not applicable,No directional setup; confirmation score not applicable.,Narrow CPR,Not applicable,Not applicable,Narrow CPR; Wide CPR rules not applied,0,0,0,0
2026-10-05,2026-10-05,CM,NSE,STK,17685,INE390G01014,GPTINFRA,EQ,,,,,GPT INFRAPROJECTS LTD,122.6,122.6,117.8,120.38,120.4,118.66,,120.38,,,470025,56572630.23,6772,F1,1,,,,,,Cash Only,Unclassified,False,120.25999999999999,120.19999999999999,120.32,120.32,120.19999999999999,0.12000000000000455,0.09968433294567582,Narrow,Bullish,Above CPR,True,False,0.2,60,12300484.280000001,Higher,True,Risk Off,True,4.458571428571427,115.0822,117.79029999999999,0.02691445049663672,4.599219749582087,True,True,No setup,Neutral,0,Not applicable,No directional setup; confirmation score not applicable.,Narrow CPR,Not applicable,Not applicable,Narrow CPR; Wide CPR rules not applied,0,0,0,0
2026-10-05,2026-10-05,CM,NSE,STK,467,INE795G01014,HDFCLIFE,EQ,,,,,HDFC LIFE INS CO LTD,536.85,539.05,524.55,531.0,531.0,534.2,,531.0,,,3381490,1791927881.3,42894,F1,1,,,,,,F&O + Cash,Financial Services,True,531.5333333333333,531.8,531.2666666666667,531.8,531.2666666666667,0.533333333333303,0.10043942247331507,Narrow,Bearish,Below CPR,False,True,0.2,60,1669765444.15,Inside,True,Risk Off,True,17.403571428571418,541.024,560.6575,0.030645050961076326,1.0731614356842718,False,False,No setup,Neutral,0,Not applicable,No directional setup; confirmation score not applicable.,Narrow CPR,Not applicable,Not applicable,Narrow CPR; Wide CPR rules not applied,0,0,0,0
2026-10-05,2026-10-05,CM,NSE,STK,21705,INE456Z01021,MEDIASSIST,EQ,,,,,MEDI ASSIST HEALTH SER L,301.0,301.9,293.4,297.2,294.15,298.5,,297.3,,,183948,54705509.05,8829,F1,1,,,,,,Cash Only,Unclassified,False,297.5,297.65,297.35,297.65,297.35,0.2999999999999545,0.10094212651411662,Narrow,Bearish,Below CPR,False,True,0.15,60,54294511.075,Lower,True,Risk Off,True,12.778571428571423,337.72600000000006,351.3575,0.023476802683059614,1.0075697886740753,False,False,No setup,Neutral,0,Not applicable,No directional setup; confirmation score not applicable.,Narrow CPR,Not applicable,Not applicable,Narrow CPR; Wide CPR rules not applied,0,0,0,0
2026-10-05,2026-10-05,CM,NSE,STK,14552,INE211B01039,PHOENIXLTD,EQ,,,,,THE PHOENIX MILLS LTD,1911.1,1954.9,1909.2,1935.0,1935.0,1930.0,,1935.0,,,430722,832611629.7,34854,F1,1,,,,,,F&O + Cash,Realty,True,1933.0333333333335,1932.0500000000002,1934.0166666666669,1934.0166666666669,1932.0500000000002,1.966666666666697,0.10163652024117298,Narrow,Bullish,Above CPR,True,False,0.1,60,819121174.65,Overlapping,True,Risk Off,True,53.02142857142855,1923.464,1907.885,0.03709192150523207,1.0164694253640365,True,True,No setup,Neutral,0,Not applicable,No directional setup; confirmation score not applicable.,Narrow CPR,Not applicable,Not applicable,Narrow CPR; Wide CPR rules not applied,0,0,0,0
2026-10-05,2026-10-05,CM,NSE,STK,2475,INE213A01029,ONGC,EQ,,,,,OIL AND NATURAL GAS CORP.,222.5,226.69,222.42,224.9,224.9,222.37,,224.9,,,19420879,4357223521.01,106287,F1,1,,,,,,F&O + Cash,Oil Gas & Consumable Fuels,True,224.67,224.555,224.78499999999997,224.78499999999997,224.555,0.22999999999996135,0.10226767452199259,Narrow,Bullish,Above CPR,True,False,0.23333333333333334,60,2603731091.17,Higher,True,Risk Off,True,4.276428571428576,236.1302,247.3245,0.05378319692666537,1.6734537355975803,False,False,No setup,Neutral,0,Not applicable,No directional setup; confirmation score not applicable.,Narrow CPR,Not applicable,Not applicable,Narrow CPR; Wide CPR rules not applied,0,0,0,0
2026-10-05,2026-10-05,CM,NSE,STK,1841,INE805C01028,KCP,EQ,,,,,KCP LTD,154.99,158.69,153.01,155.61,155.8,154.17,,155.58,,,159779,24830269.04,2470,F1,1,,,,,,Cash Only,Unclassified,False,155.77,155.85,155.69000000000003,155.85,155.69000000000003,0.15999999999996817,0.10282115545271393,Narrow,Bearish,Below CPR,False,True,0.1,60,18334632.880000003,Higher,True,Risk Off,True,5.450000000000001,160.2748,163.19119999999998,0.029357798165131767,1.354282313832727,False,False,No setup,Neutral,0,Not applicable,No directional setup; confirmation score not applicable.,Narrow CPR,Not applicable,Not applicable,Narrow CPR; Wide CPR rules not applied,0,0,0,0
2026-10-05,2026-10-05,CM,NSE,STK,25718,INE205C01021,POLYMED,EQ,,,,,POLY MEDICURE LIMITED,1630.0,1639.1,1595.1,1619.6,1622.0,1638.1,,1619.49,,,126764,205113096.6,14916,F1,1,,,,,,Cash Only,Healthcare,True,1617.9333333333332,1617.1,1618.7666666666664,1618.7666666666664,1617.1,1.666666666666515,0.10290606734172111,Narrow,Bullish,Above CPR,True,False,0.15,60,177039305.5,Lower,True,Risk Off,True,47.41428571428575,1723.15,1642.3010000000002,0.035151149944759257,1.1585737755845409,False,False,No setup,Neutral,0,Not applicable,No directional setup; confirmation score not applicable.,Narrow CPR,Not applicable,Not applicable,Narrow CPR; Wide CPR rules not applied,0,0,0,0
2026-10-05,2026-10-05,CM,NSE,STK,527,INE094J01016,UTIAMC,EQ,,,,,UTI ASSET MNGMT CO LTD,883.7,898.0,879.85,890.3,897.0,883.7,,890.34,,,58676,52221022.0,8991,F1,1,,,,,,Cash Only,Financial Services,True,889.3833333333332,888.925,889.8416666666665,889.8416666666665,888.925,0.9166666666665151,0.10296154854167305,Narrow,Bullish,Above CPR,True,False,0.2833333333333333,60,99171902.35,Higher,True,Risk Off,False,21.72857142857144,898.448,922.8610000000001,0.042187157571765964,0.526570739922889,False,False,No setup,Neutral,0,Not applicable,No directional setup; confirmation score not applicable.,Narrow CPR,Not applicable,Not applicable,Narrow CPR; Wide CPR rules not applied,0,0,0,0
2026-10-05,2026-10-05,CM,NSE,STK,10599,INE844O01030,GUJENERGY,EQ,,,,,GUJARAT ENERGY LIMITED,231.22,235.0,230.02,232.15,231.87,230.07,,232.15,,,803370,186583395.37,26246,F1,1,,,,,,Cash Only,Unclassified,False,232.39,232.51,232.26999999999998,232.51,232.26999999999998,0.2400000000000091,0.10338143441740645,Narrow,Bearish,Below CPR,False,True,0.12280701754385964,57,322822432.9,Higher,True,Risk Off,True,7.2435714285714266,257.6286,,0.03313282713736444,0.5779753088838084,False,False,No setup,Neutral,0,Not applicable,No directional setup; confirmation score not applicable.,Narrow CPR,Not applicable,Not applicable,Narrow CPR; Wide CPR rules not applied,0,0,0,0
2026-10-05,2026-10-05,CM,NSE,STK,14019,INE484C01030,VEEDOL,EQ,,,,,VEEDOL CORPORATION LTD,1357.0,1365.9,1339.1,1350.4,1350.0,1356.6,,1350.45,,,6337,8537027.8,880,F1,1,,,,,,Cash Only,Unclassified,False,1351.8,1352.5,1351.1,1352.5,1351.1,1.400000000000091,0.10367298578199725,Narrow,Bearish,Below CPR,False,True,0.23333333333333334,60,12584223.2,Lower,True,Risk Off,True,31.942857142857196,1439.4160000000002,1440.2160000000001,0.04382826475850009,0.6783913209676702,False,False,No setup,Neutral,0,Not applicable,No directional setup; confirmation score not applicable.,Narrow CPR,Not applicable,Not applicable,Narrow CPR; Wide CPR rules not applied,0,0,0,0
2026-10-05,2026-10-05,CM,NSE,STK,619,INE485A01015,CENTENKA,EQ,,,,,CENTURY ENKA LTD,538.9,551.8,538.9,546.2,545.45,537.8,,546.2,,,26663,14576193.85,3016,F1,1,,,,,,Cash Only,Unclassified,False,545.6333333333333,545.3499999999999,545.9166666666667,545.9166666666667,545.3499999999999,0.5666666666668334,0.10374710118396802,Narrow,Bullish,Above CPR,True,False,0.11666666666666667,60,28326373.825000003,Higher,True,Risk Off,True,19.539285714285736,577.749,543.548,0.02900140132822394,0.5145802967951899,False,True,No setup,Neutral,0,Not applicable,No directional setup; confirmation score not applicable.,Narrow CPR,Not applicable,Not applicable,Narrow CPR; Wide CPR rules not applied,0,0,0,0
2026-10-05,2026-10-05,CM,NSE,STK,25222,INE0UOS01011,SANOFICONR,EQ,,,,,SANOFI CONS HEALTHC IND L,3787.2,3787.9,3729.2,3752.7,3760.1,3787.2,,3752.49,,,4708,17666694.6,1901,F1,1,,,,,,Cash Only,Unclassified,False,3756.6,3758.55,3754.6499999999996,3758.55,3754.6499999999996,3.9000000000005457,0.10392517387482468,Narrow,Bearish,Below CPR,False,True,0.15,60,16160979.35,Inside,True,Risk Off,True,107.90000000000002,4236.406,4451.56,0.03614457831325806,1.0931698022372636,False,False,No setup,Neutral,0,Not applicable,No directional setup; confirmation score not applicable.,Narrow CPR,Not applicable,Not applicable,Narrow CPR; Wide CPR rules not applied,0,0,0,0
2026-10-05,2026-10-05,CM,NSE,STK,2085,INE288A01013,MAHSCOOTER,EQ,,,,,MAHARASHTRA SCOOTERS LTD,12441.0,12622.0,12353.0,12507.0,12402.0,12380.0,,12506.92,,,5117,64033217.0,2605,F1,1,,,,,,Cash Only,Unclassified,False,12494.0,12487.5,12500.5,12500.5,12487.5,13.0,0.10394179259614615,Narrow,Bullish,Above CPR,True,False,0.13333333333333333,60,37930486.0,Higher,True,Risk Off,True,386.7142857142857,13265.66,12915.71,0.03361654968599926,1.6881728591613616,False,False,No setup,Neutral,0,Not applicable,No directional setup; confirmation score not applicable.,Narrow CPR,Not applicable,Not applicable,Narrow CPR; Wide CPR rules not applied,0,0,0,0
2026-10-05,2026-10-05,CM,NSE,STK,10181,INE875R01011,BALKRISHNA,EQ,,,,,BALKRISHNA PAPER MILLS L,15.95,16.1,15.95,16.0,16.0,15.94,,16.0,,,2251,36012.16,24,F1,1,,,,,,Cash Only,Unclassified,False,16.016666666666666,16.025,16.008333333333333,16.025,16.008333333333333,0.01666666666666572,0.10416666666666075,Narrow,Bearish,Below CPR,False,True,0.06666666666666667,60,136237.59999999998,Higher,True,Risk Off,True,0.7835714285714283,16.980999999999998,17.673199999999998,0.02127013065937285,0.26433348796514333,False,False,No setup,Neutral,0,Not applicable,No directional setup; confirmation score not applicable.,Narrow CPR,Not applicable,Not applicable,Narrow CPR; Wide CPR rules not applied,0,0,0,0
2026-10-05,2026-10-05,CM,NSE,STK,1808,INE217B01036,KAJARIACER,EQ,,,,,KAJARIA CERAMICS LTD,1230.0,1230.0,1202.6,1214.4,1211.5,1225.1,,1214.07,,,629499,765021121.7,41777,F1,1,,,,,,Cash Only,Consumer Durables,True,1215.6666666666667,1216.3,1215.0333333333335,1216.3,1215.0333333333335,1.2666666666664241,0.10430390865171475,Narrow,Bearish,Below CPR,False,True,0.25,60,236391511.3,Lower,True,Risk Off,True,33.357142857142904,1217.64,1182.172,0.03797287651676641,3.236246164225103,False,True,No setup,Neutral,0,Not applicable,No directional setup; confirmation score not applicable.,Narrow CPR,Not applicable,Not applicable,Narrow CPR; Wide CPR rules not applied,0,0,0,0
2026-10-05,2026-10-05,CM,NSE,STK,10406,INE395H01011,STEELCITY,EQ,,,,,STEEL CITY SECURITIES LTD,81.99,83.8,81.5,82.52,82.7,80.11,,82.52,,,5484,450519.15,100,F1,1,,,,,,Cash Only,Unclassified,False,82.60666666666667,82.65,82.56333333333333,82.65,82.56333333333333,0.08666666666667311,0.10502504443368045,Narrow,Bearish,Below CPR,False,True,0.11666666666666667,60,587432.42,Higher,True,Risk Off,True,3.132857142857143,82.79880000000001,80.297,0.027663778689772538,0.7669293261001836,False,True,No setup,Neutral,0,Not applicable,No directional setup; confirmation score not applicable.,Narrow CPR,Not applicable,Not applicable,Narrow CPR; Wide CPR rules not applied,0,0,0,0
2026-10-05,2026-10-05,CM,NSE,STK,762985,INE967G01019,ZSARACOM,EQ,,,,,SARASWATI COMM (INDIA) L,10000.0,10000.0,9605.0,9787.0,9850.0,10017.0,,9787.0,,,29,283724.0,20,F1,1,,,,,,Cash Only,Unclassified,False,9797.333333333334,9802.5,9792.166666666668,9802.5,9792.166666666668,10.33333333333212,0.10558223493748974,Narrow,Bearish,Below CPR,False,True,0.1,60,481266.5,Lower,True,Risk Off,True,411.7857142857143,11319.11,10831.98,0.02509395779126621,0.5895361509683305,False,False,No setup,Neutral,0,Not applicable,No directional setup; confirmation score not applicable.,Narrow CPR,Not applicable,Not applicable,Narrow CPR; Wide CPR rules not applied,0,0,0,0
2026-10-05,2026-10-05,CM,NSE,STK,17507,INE452L01012,INCREDIBLE,EQ,,,,,INCREDIBLE INDUSTRIES LTD,32.46,32.46,30.6,31.48,31.47,31.37,,31.48,,,26959,849620.8,191,F1,1,,,,,,Cash Only,Unclassified,False,31.513333333333335,31.53,31.49666666666667,31.53,31.49666666666667,0.03333333333333144,0.10588733587462337,Narrow,Bearish,Below CPR,False,True,0.06666666666666667,60,116653.57500000001,Lower,True,Risk Off,True,2.0157142857142847,32.643,33.4875,0.01653673517599718,7.283281288207412,False,False,No setup,Neutral,0,Not applicable,No directional setup; confirmation score not applicable.,Narrow CPR,Not applicable,Not applicable,Narrow CPR; Wide CPR rules not applied,0,0,0,0
2026-10-05,2026-10-05,CM,NSE,STK,17875,INE484J01027,GODREJPROP,EQ,,,,,GODREJ PROPERTIES LTD,1581.0,1616.7,1578.0,1599.9,1599.9,1595.8,,1599.92,,,509332,816021165.6,38808,F1,1,,,,,,F&O + Cash,Realty,True,1598.2,1597.35,1599.0500000000002,1599.0500000000002,1597.35,1.7000000000002728,0.10625664104008206,Narrow,Bullish,Above CPR,True,False,0.11666666666666667,60,1114409812.9,Inside,True,Risk Off,True,44.75714285714285,1921.136,1887.767,0.037982764123849065,0.7322451365323939,False,False,No setup,Neutral,0,Not applicable,No directional setup; confirmation score not applicable.,Narrow CPR,Not applicable,Not applicable,Narrow CPR; Wide CPR rules not applied,0,0,0,0
2026-10-05,2026-10-05,CM,NSE,STK,759969,INE111F01024,PAUSHAKLTD,EQ,,,,,PAUSHAK LIMITED,654.0,672.0,645.0,657.45,664.0,650.3,,657.47,,,22958,15141668.4,1790,F1,1,,,,,,Cash Only,Unclassified,False,658.15,658.5,657.8,658.5,657.8,0.7000000000000455,0.10647197505514418,Narrow,Bearish,Below CPR,False,True,0.05,60,22536798.950000003,Higher,True,Risk Off,True,32.00714285714285,709.047,602.458,0.0218701182771717,0.6718642001285634,False,True,No setup,Neutral,0,Not applicable,No directional setup; confirmation score not applicable.,Narrow CPR,Not applicable,Not applicable,Narrow CPR; Wide CPR rules not applied,0,0,0,0
2026-10-05,2026-10-05,CM,NSE,STK,1565,INE09E501017,RVHL,EQ,,,,,RAVINDER HEIGHTS LIMITED,36.81,37.99,36.81,37.46,37.58,37.23,,37.46,,,2957,110422.77,83,F1,1,,,,,,Cash Only,Unclassified,False,37.42000000000001,37.400000000000006,37.44000000000001,37.44000000000001,37.400000000000006,0.04000000000000625,0.10678056593701615,Narrow,Bullish,Above CPR,True,False,0.05,60,343011.98,Lower,True,Risk Off,True,1.667857142857142,41.2858,42.310900000000004,0.02398286937901875,0.3219210302800503,False,False,No setup,Neutral,0,Not applicable,No directional setup; confirmation score not applicable.,Narrow CPR,Not applicable,Not applicable,Narrow CPR; Wide CPR rules not applied,0,0,0,0
2026-10-05,2026-10-05,CM,NSE,STK,1267,INE186A01019,GUJALKALI,EQ,,,,,GUJARAT ALKALIES & CHEM,609.7,614.85,600.0,606.45,606.0,603.6,,606.33,,,29834,18084393.0,2674,F1,1,,,,,,Cash Only,Unclassified,False,607.1,607.425,606.7750000000001,607.425,606.7750000000001,0.6499999999998636,0.10718113612002036,Narrow,Bearish,Below CPR,False,True,0.08333333333333333,60,45415066.900000006,Higher,True,Risk Off,True,25.864285714285717,678.8140000000001,660.182,0.025131179232251007,0.39820249609717073,False,False,No setup,Neutral,0,Not applicable,No directional setup; confirmation score not applicable.,Narrow CPR,Not applicable,Not applicable,Narrow CPR; Wide CPR rules not applied,0,0,0,0
2026-10-05,2026-10-05,CM,NSE,STK,765045,INE298W01016,CHEMCRUX,EQ,,,,,CHEMCRUX ENTERPRISES LTD.,79.47,82.2,76.5,79.22,79.1,78.23,,79.6,,,3767,297693.95,76,F1,1,,,,,,Cash Only,Unclassified,False,79.30666666666666,79.35,79.26333333333332,79.35,79.26333333333332,0.08666666666667311,0.10939998316924149,Narrow,Bearish,Below CPR,False,True,0.058823529411764705,34,289945.03,Higher,True,Risk Off,True,3.7192857142857148,,,0.023301965303119326,1.02672547965385,False,False,No setup,Neutral,0,Not applicable,No directional setup; confirmation score not applicable.,Narrow CPR,Not applicable,Not applicable,Narrow CPR; Wide CPR rules not applied,0,0,0,0
2026-10-05,2026-10-05,CM,NSE,STK,1814,INE220B01022,KPIL,EQ,,,,,KALPATARU PROJECT INT LTD,1357.0,1396.6,1356.4,1378.8,1375.1,1356.4,,1378.8,,,130981,180886186.1,22422,F1,1,,,,,,Cash Only,Construction,True,1377.2666666666667,1376.5,1378.0333333333333,1378.0333333333333,1376.5,1.533333333333303,0.1112078135576808,Narrow,Bullish,Above CPR,True,False,0.1,60,181199303.7,Higher,True,Risk Off,True,42.392857142857174,1370.9779999999998,1344.6500000000003,0.036169615276606955,0.9982719712846225,True,True,No setup,Neutral,0,Not applicable,No directional setup; confirmation score not applicable.,Narrow CPR,Not applicable,Not applicable,Narrow CPR; Wide CPR rules not applied,0,0,0,0
2026-10-05,2026-10-05,CM,NSE,STK,438,INE257A01026,BHEL,EQ,,,,,BHEL,424.95,433.45,423.1,429.0,429.0,421.0,,428.96,,,8225965,3528399633.0,85230,F1,1,,,,,,F&O + Cash,Capital Goods,True,428.51666666666665,428.275,428.7583333333333,428.7583333333333,428.275,0.4833333333333485,0.1126651126651162,Narrow,Bullish,Above CPR,True,False,0.13333333333333333,60,2991175043.125,Higher,True,Risk Off,True,12.953571428571413,419.79900000000004,410.98150000000004,0.03731274699016756,1.179603193437232,True,True,No setup,Neutral,0,Not applicable,No directional setup; confirmation score not applicable.,Narrow CPR,Not applicable,Not applicable,Narrow CPR; Wide CPR rules not applied,0,0,-2,-2
2026-10-05,2026-10-05,CM,NSE,STK,22255,INE07OG01012,NDRAUTO,EQ,,,,,NDR AUTO COMPONENTS LTD,710.4,721.0,695.0,706.8,710.05,715.85,,706.82,,,11897,8394755.7,936,F1,1,,,,,,Cash Only,Unclassified,False,707.6,708.0,707.2,708.0,707.2,0.7999999999999545,0.11318619128465683,Narrow,Bearish,Below CPR,False,True,0.15,60,12122323.475000001,Overlapping,True,Risk Off,True,30.33571428571429,759.3580000000001,791.8285000000001,0.02637155639274632,0.6925038518657413,False,False,No setup,Neutral,0,Not applicable,No directional setup; confirmation score not applicable.,Narrow CPR,Not applicable,Not applicable,Narrow CPR; Wide CPR rules not applied,0,0,0,0
2026-10-05,2026-10-05,CM,NSE,STK,14657,INE070I01018,INSECTICID,EQ,,,,,INSECTICIDES (I) LTD,578.85,593.45,566.15,578.8,583.0,568.7,,578.8,,,15020,8640328.4,999,F1,1,,,,,,Cash Only,Unclassified,False,579.4666666666666,579.8,579.1333333333332,579.8,579.1333333333332,0.6666666666667425,0.1151808339092506,Narrow,Bearish,Below CPR,False,True,0.13333333333333333,60,10907799.275,Higher,True,Risk Off,True,17.492857142857165,612.451,652.2735,0.03811079352116938,0.792123890636959,False,False,No setup,Neutral,0,Not applicable,No directional setup; confirmation score not applicable.,Narrow CPR,Not applicable,Not applicable,Narrow CPR; Wide CPR rules not applied,0,0,0,0
2026-10-05,2026-10-05,CM,NSE,STK,17271,INE602W01027,SENCO,EQ,,,,,SENCO GOLD LIMITED,317.4,319.9,312.9,316.95,317.0,317.4,,316.96,,,767941,242465549.2,23919,F1,1,,,,,,Cash Only,Unclassified,False,316.5833333333333,316.4,316.76666666666665,316.76666666666665,316.4,0.36666666666667425,0.11568596518904378,Narrow,Bullish,Above CPR,True,False,0.15,60,362307678.525,Overlapping,True,Risk Off,True,11.689285714285713,358.77600000000007,352.07449999999994,0.0313677563906718,0.6692255328043493,False,False,No setup,Neutral,0,Not applicable,No directional setup; confirmation score not applicable.,Narrow CPR,Not applicable,Not applicable,Narrow CPR; Wide CPR rules not applied,0,0,0,0
2026-10-05,2026-10-05,CM,NSE,STK,2970,INE428Q01011,SURYODAY,EQ,,,,,SURYODAY SMALL FIN BK LTD,145.0,150.19,144.04,146.86,147.25,143.55,,146.86,,,549974,81012233.84,9419,F1,1,,,,,,Cash Only,Unclassified,False,147.03,147.115,146.945,147.115,146.945,0.17000000000001592,0.11575650279178532,Narrow,Bearish,Below CPR,False,True,0.08333333333333333,60,59294431.13,Higher,True,Risk Off,True,4.50142857142857,155.0336,164.45280000000002,0.037765788638531,1.3662705298982434,False,False,No setup,Neutral,0,Not applicable,No directional setup; confirmation score not applicable.,Narrow CPR,Not applicable,Not applicable,Narrow CPR; Wide CPR rules not applied,0,0,0,0
2026-10-05,2026-10-05,CM,NSE,STK,19020,INE880J01026,JSWINFRA,EQ,,,,,JSW INFRASTRUCTURE LTD,357.5,364.0,356.05,359.4,360.0,357.45,,359.42,,,2349162,847487579.65,54383,F1,1,,,,,,Cash Only,Services,True,359.8166666666666,360.025,359.60833333333323,360.025,359.60833333333323,0.41666666666674246,0.11593396401411867,Narrow,Bearish,Below CPR,False,True,0.15,60,910052437.725,Higher,True,Risk Off,True,14.114285714285712,338.259,320.3425,0.02952091767881779,0.9312513702711427,True,True,No setup,Neutral,0,Not applicable,No directional setup; confirmation score not applicable.,Narrow CPR,Not applicable,Not applicable,Narrow CPR; Wide CPR rules not applied,0,0,0,0
2026-10-05,2026-10-05,CM,NSE,STK,14198,INE325A01013,TIMKEN,EQ,,,,,TIMKEN INDIA LTD.,3110.0,3149.9,3103.8,3132.3,3127.3,3098.8,,3132.26,,,21117,66170219.1,5330,F1,1,,,,,,Cash Only,Capital Goods,True,3128.6666666666665,3126.8500000000004,3130.4833333333327,3130.4833333333327,3126.8500000000004,3.6333333333323026,0.11599570070977565,Narrow,Bullish,Above CPR,True,False,0.23333333333333334,60,103171632.8,Higher,True,Risk Off,True,107.50714285714291,3185.542,3326.8459999999995,0.03379620401744217,0.6413605882178111,False,False,No setup,Neutral,0,Not applicable,No directional setup; confirmation score not applicable.,Narrow CPR,Not applicable,Not applicable,Narrow CPR; Wide CPR rules not applied,0,0,0,0
2026-10-05,2026-10-05,CM,NSE,STK,764116,INE0ISX01025,KUSUMGAR,EQ,,,,,KUSUMGAR LIMITED,600.6,608.9,593.0,602.0,608.9,592.55,,602.0,,,509173,305520808.5,16192,F1,1,,,,,,Cash Only,Unclassified,False,601.3000000000001,600.95,601.6500000000001,601.6500000000001,600.95,0.7000000000000455,0.11627906976744941,Narrow,Bullish,Above CPR,True,False,0.14035087719298245,57,238149997.45,Higher,True,Risk Off,True,25.360714285714305,593.037,,0.027601746232926713,1.2828923442006108,True,False,No setup,Neutral,0,Not applicable,No directional setup; confirmation score not applicable.,Narrow CPR,Not applicable,Not applicable,Narrow CPR; Wide CPR rules not applied,0,0,0,0
2026-10-05,2026-10-05,CM,NSE,STK,14977,INE752E01010,POWERGRID,EQ,,,,,POWER GRID CORP. LTD.,255.4,259.5,255.4,257.0,257.0,254.55,,257.0,,,7327971,1884705897.5,44990,F1,1,,,,,,F&O + Cash,Power,True,257.3,257.45,257.15000000000003,257.45,257.15000000000003,0.2999999999999545,0.11673151750970993,Narrow,Bearish,Below CPR,False,True,0.2,60,2171146456.5,Higher,True,Risk Off,True,5.307142857142856,269.63599999999997,279.33,0.056527590847905304,0.8680694440752942,False,False,No setup,Neutral,0,Not applicable,No directional setup; confirmation score not applicable.,Narrow CPR,Not applicable,Not applicable,Narrow CPR; Wide CPR rules not applied,0,0,0,0
2026-10-05,2026-10-05,CM,NSE,STK,19937,INE729D01010,KILITCH,EQ,,,,,KILITCH DRUGS INDIA LTD,229.0,248.3,220.0,233.74,232.05,218.51,,233.71,,,246614,58021080.75,4940,F1,1,,,,,,Cash Only,Unclassified,False,234.01333333333332,234.15,233.87666666666664,234.15,233.87666666666664,0.27333333333336896,0.11693904908589414,Narrow,Bearish,Below CPR,False,True,0.1,60,16619296.905000001,Higher,True,Risk Off,True,13.253571428571425,174.808,218.46110000000002,0.020623371957246922,3.491187448040841,True,True,No setup,Neutral,0,Not applicable,No directional setup; confirmation score not applicable.,Narrow CPR,Not applicable,Not applicable,Narrow CPR; Wide CPR rules not applied,0,0,0,0
2026-10-05,2026-10-05,CM,NSE,STK,3466,INE305A01023,TFCILTD,EQ,,,,,TOURISM FINANCE CORP. OF,139.6,141.47,138.32,139.65,139.77,138.79,,139.67,,,15041651,2095276438.13,30421,F1,1,,,,,,Cash Only,Unclassified,False,139.8133333333333,139.89499999999998,139.73166666666663,139.89499999999998,139.73166666666663,0.1633333333333553,0.11695906432750112,Narrow,Bearish,Below CPR,False,True,0.11666666666666667,60,1440223531.95,Inside,True,Risk Off,True,5.050714285714288,128.5708,102.634,0.03233866025550804,1.4548272484432239,True,True,No setup,Neutral,0,Not applicable,No directional setup; confirmation score not applicable.,Narrow CPR,Not applicable,Not applicable,Narrow CPR; Wide CPR rules not applied,0,0,0,0
2026-10-05,2026-10-05,CM,NSE,STK,760254,INE02ZQ01018,CORONA,EQ,,,,,CORONA REMEDIES LIMITED,2051.0,2070.0,2005.6,2034.2,2030.1,2029.4,,2034.42,,,14222,28844717.8,4953,F1,1,,,,,,Cash Only,Unclassified,False,2036.6000000000001,2037.8,2035.4000000000003,2037.8,2035.4000000000003,2.399999999999636,0.1179824992625915,Narrow,Bearish,Below CPR,False,True,0.1,60,47488871.95,Inside,True,Risk Off,True,67.70714285714294,2115.214,1987.316,0.035446777086185106,0.6073995152036876,False,True,No setup,Neutral,0,Not applicable,No directional setup; confirmation score not applicable.,Narrow CPR,Not applicable,Not applicable,Narrow CPR; Wide CPR rules not applied,0,0,0,0
2026-10-05,2026-10-05,CM,NSE,STK,13880,INE213C01025,BANCOINDIA,EQ,,,,,BANCO PRODUCTS (I) LTD,590.35,597.8,579.7,589.8,591.25,589.85,,589.84,,,79775,46909909.65,6960,F1,1,,,,,,Cash Only,Unclassified,False,589.1,588.75,589.45,589.45,588.75,0.7000000000000455,0.11868429976263913,Narrow,Bullish,Above CPR,True,False,0.2,60,58284237.95,Lower,True,Risk Off,True,16.91071428571431,621.981,636.6315,0.04139387539598996,0.8048472674592119,False,False,No setup,Neutral,0,Not applicable,No directional setup; confirmation score not applicable.,Narrow CPR,Not applicable,Not applicable,Narrow CPR; Wide CPR rules not applied,0,0,-2,-2
2026-10-05,2026-10-05,CM,NSE,STK,13821,INE803H01014,RUCHIRA,EQ,,,,,RUCHIRA PAPERS LIMITED,101.77,105.0,101.41,103.39,103.05,101.31,,103.41,,,11460,1181949.76,408,F1,1,,,,,,Cash Only,Unclassified,False,103.26666666666667,103.205,103.32833333333333,103.32833333333333,103.205,0.12333333333333485,0.11928942192991088,Narrow,Bullish,Above CPR,True,False,0.25,60,2565667.385,Higher,True,Risk Off,True,3.5328571428571434,106.24119999999999,109.12379999999999,0.03491036527833982,0.46067926299028045,False,False,No setup,Neutral,0,Not applicable,No directional setup; confirmation score not applicable.,Narrow CPR,Not applicable,Not applicable,Narrow CPR; Wide CPR rules not applied,0,0,0,0
2026-10-05,2026-10-05,CM,NSE,STK,701,INE0AJG01018,HEMIPROP,EQ,,,,,HEMISPHERE PROP IND LTD,112.0,113.25,110.21,111.53,111.5,111.5,,111.53,,,255376,28488586.91,4089,F1,1,,,,,,Cash Only,Unclassified,False,111.66333333333334,111.72999999999999,111.59666666666669,111.72999999999999,111.59666666666669,0.13333333333329733,0.1195492991422015,Narrow,Bearish,Below CPR,False,True,0.06666666666666667,60,30492804.605,Overlapping,True,Risk Off,True,3.5414285714285723,127.471,133.94050000000001,0.03764958988838568,0.9342724383354569,False,False,No setup,Neutral,0,Not applicable,No directional setup; confirmation score not applicable.,Narrow CPR,Not applicable,Not applicable,Narrow CPR; Wide CPR rules not applied,0,0,0,0
2026-10-05,2026-10-05,CM,NSE,STK,30249,INE561M01018,ISHANCH,EQ,,,,,ISHAN DYES N CHEMICALS L,48.89,48.89,45.72,47.39,47.44,47.3,,47.39,,,4869,228212.84,159,F1,1,,,,,,Cash Only,Unclassified,False,47.333333333333336,47.305,47.36166666666667,47.36166666666667,47.305,0.05666666666667197,0.11957515650278956,Narrow,Bullish,Above CPR,True,False,0.1,60,1223913.34,Lower,True,Risk Off,True,3.808571428571427,47.996,53.3181,0.01487871967992138,0.18646160029598172,False,False,No setup,Neutral,0,Not applicable,No directional setup; confirmation score not applicable.,Narrow CPR,Not applicable,Not applicable,Narrow CPR; Wide CPR rules not applied,0,0,0,0
2026-10-05,2026-10-05,CM,NSE,STK,764623,INE365Y01019,BPLPHARMA,EQ,,,,,BHARAT PARENTERALS LTD.,1769.2,1790.0,1670.0,1726.9,1772.0,1720.4,,1726.95,,,12145,20893815.6,935,F1,1,,,,,,Cash Only,Unclassified,False,1728.9666666666665,1730.0,1727.933333333333,1730.0,1727.933333333333,2.066666666667061,0.11967494740095319,Narrow,Bearish,Below CPR,False,True,0.058823529411764705,34,1967821.2,Overlapping,True,Risk Off,True,143.13571428571427,,,0.014438511569109663,10.617740880116548,False,False,No setup,Neutral,0,Not applicable,No directional setup; confirmation score not applicable.,Narrow CPR,Not applicable,Not applicable,Narrow CPR; Wide CPR rules not applied,0,0,0,0
2026-10-05,2026-10-05,CM,NSE,STK,759448,INE1B6101010,SHREEJISPG,EQ,,,,,SHREEJI SHIPPING GLOBAL L,779.8,788.1,768.8,779.85,782.5,775.35,,779.85,,,915863,713821742.9,18583,F1,1,,,,,,Cash Only,Unclassified,False,778.9166666666666,778.45,779.3833333333332,779.3833333333332,778.45,0.9333333333331666,0.1196811352610331,Narrow,Bullish,Above CPR,True,False,0.16666666666666666,60,551544212.5,Higher,True,Risk Off,True,23.267857142857142,674.341,585.803,0.040112560757219744,1.2942239746555222,True,True,No setup,Neutral,0,Not applicable,No directional setup; confirmation score not applicable.,Narrow CPR,Not applicable,Not applicable,Narrow CPR; Wide CPR rules not applied,0,0,0,0
2026-10-05,2026-10-05,CM,NSE,STK,28913,INE847C01020,ROSSELLIND,EQ,,,,,ROSSELL INDIA LIMITED,49.97,51.4,48.98,50.1,49.83,50.22,,50.1,,,30670,1539911.04,487,F1,1,,,,,,Cash Only,Unclassified,False,50.16,50.19,50.129999999999995,50.19,50.129999999999995,0.060000000000002274,0.11976047904192069,Narrow,Bearish,Below CPR,False,True,0.15,60,1876591.24,Lower,True,Risk Off,True,2.1399999999999997,55.925599999999996,56.2659,0.02803738317757116,0.820589485433173,False,False,No setup,Neutral,0,Not applicable,No directional setup; confirmation score not applicable.,Narrow CPR,Not applicable,Not applicable,Narrow CPR; Wide CPR rules not applied,0,0,0,0
2026-10-05,2026-10-05,CM,NSE,STK,9087,INE751B01018,PIXTRANS,EQ,,,,,PIX TRANSMISSIONS LIMITED,1818.3,1860.0,1815.0,1834.2,1820.2,1809.3,,1834.55,,,82916,152203385.1,11981,F1,1,,,,,,Cash Only,Unclassified,False,1836.3999999999999,1837.5,1835.2999999999997,1837.5,1835.2999999999997,2.200000000000273,0.11994329953114562,Narrow,Bearish,Below CPR,False,True,0.18333333333333332,60,21204089.45,Higher,True,Risk Off,True,49.11428571428574,1782.3080000000002,1730.589,0.04479348458406603,7.178020327583555,True,True,No setup,Neutral,0,Not applicable,No directional setup; confirmation score not applicable.,Narrow CPR,Not applicable,Not applicable,Narrow CPR; Wide CPR rules not applied,0,0,0,0
2026-10-05,2026-10-05,CM,NSE,STK,14174,INE848A01014,IZMO,EQ,,,,,IZMO LIMITED,859.95,894.45,850.1,870.7,870.0,855.95,,870.71,,,89447,77925716.8,6287,F1,1,,,,,,Cash Only,Unclassified,False,871.75,872.2750000000001,871.2249999999999,872.2750000000001,871.2249999999999,1.050000000000182,0.12059262662227883,Narrow,Bearish,Below CPR,False,True,0.11666666666666667,60,88064135.2,Higher,True,Risk Off,True,40.29285714285714,929.0559999999999,936.095,0.026059209360047065,0.8848746044348823,False,False,No setup,Neutral,0,Not applicable,No directional setup; confirmation score not applicable.,Narrow CPR,Not applicable,Not applicable,Narrow CPR; Wide CPR rules not applied,0,0,0,0
2026-10-05,2026-10-05,CM,NSE,STK,13218,INE142Q01026,SULA,EQ,,,,,SULA VINEYARDS LIMITED,132.0,133.73,131.41,132.33,132.49,130.94,,132.33,,,130210,17228792.05,3338,F1,1,,,,,,Cash Only,Unclassified,False,132.49,132.57,132.41000000000003,132.57,132.41000000000003,0.15999999999996817,0.12090984659560806,Narrow,Bearish,Below CPR,False,True,0.23333333333333334,60,33905161.475,Higher,True,Risk Off,True,3.925714285714282,146.8322,150.94,0.040756914119351464,0.5081465859616585,False,False,No setup,Neutral,0,Not applicable,No directional setup; confirmation score not applicable.,Narrow CPR,Not applicable,Not applicable,Narrow CPR; Wide CPR rules not applied,0,0,0,0
2026-10-05,2026-10-05,CM,NSE,STK,8110,INE699H01024,AWL,EQ,,,,,AWL AGRI BUSINESS LIMITED,176.47,178.9,174.06,176.15,176.55,175.43,,176.15,,,831209,146039643.95,28691,F1,1,,,,,,Cash Only,Fast Moving Consumer Goods,True,176.37,176.48000000000002,176.26,176.48000000000002,176.26,0.22000000000002728,0.12489355662788945,Narrow,Bearish,Below CPR,False,True,0.1,60,308673562.54999995,Overlapping,True,Risk Off,True,4.652857142857146,188.8786,189.5188,0.04728277556033743,0.47312002603509007,False,False,No setup,Neutral,0,Not applicable,No directional setup; confirmation score not applicable.,Narrow CPR,Not applicable,Not applicable,Narrow CPR; Wide CPR rules not applied,0,0,0,0
2026-10-05,2026-10-05,CM,NSE,STK,22824,INE696F01016,JUNIPER,EQ,,,,,JUNIPER HOTELS LIMITED,217.9,218.6,214.21,216.0,217.0,214.99,,216.0,,,53063,11448349.99,1205,F1,1,,,,,,Cash Only,Unclassified,False,216.26999999999998,216.405,216.13499999999996,216.405,216.13499999999996,0.27000000000003865,0.1250000000000179,Narrow,Bearish,Below CPR,False,True,0.16666666666666666,60,26673911.835,Higher,True,Risk Off,True,6.7728571428571405,208.43399999999997,203.0746,0.0398650073824145,0.42919651458763997,True,True,No setup,Neutral,0,Not applicable,No directional setup; confirmation score not applicable.,Narrow CPR,Not applicable,Not applicable,Narrow CPR; Wide CPR rules not applied,0,0,0,0
2026-10-05,2026-10-05,CM,NSE,STK,758002,INE06ZD01017,SHANTIGOLD,EQ,,,,,SHANTI GOLD INTERNATION L,310.0,323.5,308.5,316.6,317.7,303.55,,316.6,,,3136803,989175611.0,37467,F1,1,,,,,,Cash Only,Unclassified,False,316.2,316.0,316.4,316.4,316.0,0.39999999999997726,0.1263423878711236,Narrow,Bullish,Above CPR,True,False,0.03333333333333333,60,337703134.96000004,Higher,True,Risk Off,True,19.893571428571423,252.417,235.92899999999997,0.020106997953393713,2.9291277118797403,True,True,No setup,Neutral,0,Not applicable,No directional setup; confirmation score not applicable.,Narrow CPR,Not applicable,Not applicable,Narrow CPR; Wide CPR rules not applied,0,0,0,0
2026-10-05,2026-10-05,CM,NSE,STK,20196,INE844K01012,BEDMUTHA,EQ,,,,,BEDMUTHA INDUST LTD,108.0,108.99,105.1,107.25,107.25,110.33,,107.12,,,2006,215316.07,48,F1,1,,,,,,Cash Only,Unclassified,False,107.11333333333333,107.04499999999999,107.18166666666667,107.18166666666667,107.04499999999999,0.13666666666668448,0.12742812742814405,Narrow,Bullish,Above CPR,True,False,0.11666666666666667,60,327868.47,Lower,True,Risk Off,True,5.499999999999999,108.8724,110.34100000000001,0.02484848484848809,0.6567147795577905,False,False,No setup,Neutral,0,Not applicable,No directional setup; confirmation score not applicable.,Narrow CPR,Not applicable,Not applicable,Narrow CPR; Wide CPR rules not applied,0,0,0,0
2026-10-05,2026-10-05,CM,NSE,STK,13381,INE401H01017,KKCL,EQ,,,,,KEWAL KIRAN CLOTHING LTD,487.0,487.0,455.6,470.4,472.95,475.65,,470.37,,,76937,35568878.6,1642,F1,1,,,,,,Cash Only,Unclassified,False,471.0,471.3,470.7,471.3,470.7,0.6000000000000227,0.12755102040816813,Narrow,Bearish,Below CPR,False,True,0.1,60,14010334.325,Higher,True,Risk Off,True,16.33571428571428,502.436,487.23449999999997,0.036729339746394064,2.5387601591013427,False,False,No setup,Neutral,0,Not applicable,No directional setup; confirmation score not applicable.,Narrow CPR,Not applicable,Not applicable,Narrow CPR; Wide CPR rules not applied,0,0,0,0
2026-10-05,2026-10-05,CM,NSE,STK,17313,INE281B01032,LLOYDSME,EQ,,,,,LLOYDS METALS N ENERGY L,1780.1,1818.0,1780.1,1802.5,1798.0,1776.8,,1802.51,,,781537,1410243627.8,25489,F1,1,,,,,,Cash Only,Metals & Mining,True,1800.2,1799.05,1801.3500000000001,1801.3500000000001,1799.05,2.300000000000182,0.1276005547850309,Narrow,Bullish,Above CPR,True,False,0.2,60,770360988.3,Inside,True,Risk Off,True,56.464285714285715,1891.6180000000002,1836.17,0.04073371283997792,1.8306270037272603,False,False,No setup,Neutral,0,Not applicable,No directional setup; confirmation score not applicable.,Narrow CPR,Not applicable,Not applicable,Narrow CPR; Wide CPR rules not applied,0,0,0,0
2026-10-05,2026-10-05,CM,NSE,STK,22730,INE0QTF01015,VSTL,EQ,,,,,VIBHOR STEEL TUBES LTD,109.98,110.45,108.05,109.04,109.3,108.85,,109.03,,,5108,557540.07,190,F1,1,,,,,,Cash Only,Unclassified,False,109.18,109.25,109.11000000000001,109.25,109.11000000000001,0.13999999999998636,0.12839325018340642,Narrow,Bearish,Below CPR,False,True,0.2,60,1042065.72,Overlapping,True,Risk Off,True,3.8507142857142864,112.02879999999999,114.2648,0.03635689111481745,0.5350335005742248,False,False,No setup,Neutral,0,Not applicable,No directional setup; confirmation score not applicable.,Narrow CPR,Not applicable,Not applicable,Narrow CPR; Wide CPR rules not applied,0,0,0,0
2026-10-05,2026-10-05,CM,NSE,STK,11050,INE792Z01011,SIRCA,EQ,,,,,SIRCA PAINT INDIA LIMITED,401.6,404.8,400.15,401.7,401.9,401.55,,401.7,,,122332,49225495.75,2280,F1,1,,,,,,Cash Only,Unclassified,False,402.2166666666667,402.475,401.95833333333337,402.475,401.95833333333337,0.5166666666666515,0.12862003153264912,Narrow,Bearish,Below CPR,False,True,0.15,60,119184253.75,Overlapping,True,Risk Off,True,11.389285714285718,425.35,417.93950000000007,0.045364273021844585,0.4130201280888584,False,False,No setup,Neutral,0,Not applicable,No directional setup; confirmation score not applicable.,Narrow CPR,Not applicable,Not applicable,Narrow CPR; Wide CPR rules not applied,0,0,0,0
2026-10-05,2026-10-05,CM,NSE,STK,1185,INE371P01015,AMBER,EQ,,,,,AMBER ENTERPRISES (I) LTD,6535.0,6652.5,6492.0,6585.0,6585.0,6500.0,,6584.79,,,114789,753827215.0,22611,F1,1,,,,,,F&O + Cash,Consumer Durables,True,6576.5,6572.25,6580.75,6580.75,6572.25,8.5,0.12908124525436598,Narrow,Bullish,Above CPR,True,False,0.2,60,1273699590.25,Inside,True,Risk Off,True,197.0,7225.48,7437.345,0.04314720812182741,0.5918406669598126,False,False,No setup,Neutral,0,Not applicable,No directional setup; confirmation score not applicable.,Narrow CPR,Not applicable,Not applicable,Narrow CPR; Wide CPR rules not applied,0,0,0,0
2026-10-05,2026-10-05,CM,NSE,STK,14562,INE318D01020,ZENITHSTL,EQ,,,,,ZENITH STEEL PIP IND LTD,5.28,5.28,5.04,5.15,5.12,5.1,,5.16,,,57566,295101.87,256,F1,1,,,,,,Cash Only,Unclassified,False,5.156666666666667,5.16,5.153333333333334,5.16,5.153333333333334,0.0066666666666659324,0.129449838187688,Narrow,Bearish,Below CPR,False,True,0.13333333333333333,60,342190.69,Inside,True,Risk Off,True,0.29714285714285726,5.5032,5.638599999999999,0.022435897435894955,0.8623901193805127,False,False,No setup,Neutral,0,Not applicable,No directional setup; confirmation score not applicable.,Narrow CPR,Not applicable,Not applicable,Narrow CPR; Wide CPR rules not applied,0,0,0,0
2026-10-05,2026-10-05,CM,NSE,STK,16669,INE917I01010,BAJAJ-AUTO,EQ,,,,,BAJAJ AUTO LIMITED,10036.0,10089.0,9920.0,10024.0,10024.0,10045.0,,10024.09,,,354238,3544202686.0,56369,F1,1,,,,,,F&O + Cash,Automobile and Auto Components,True,10011.0,10004.5,10017.5,10017.5,10004.5,13.0,0.12968874700718278,Narrow,Bullish,Above CPR,True,False,0.25,60,2969224147.25,Lower,True,Risk Off,True,248.14285714285714,11545.14,10893.185,0.05238917674150835,1.1936460537283877,False,False,No setup,Neutral,0,Not applicable,No directional setup; confirmation score not applicable.,Narrow CPR,Not applicable,Not applicable,Narrow CPR; Wide CPR rules not applied,0,0,0,0
2026-10-05,2026-10-05,CM,NSE,STK,11373,INE376G01013,BIOCON,EQ,,,,,BIOCON LIMITED.,371.35,373.05,365.1,369.8,369.8,370.7,,369.8,,,2121058,783554011.2,32679,F1,1,,,,,,F&O + Cash,Healthcare,True,369.31666666666666,369.07500000000005,369.5583333333333,369.5583333333333,369.07500000000005,0.4833333333332348,0.13070127997112893,Narrow,Bullish,Above CPR,True,False,0.26666666666666666,60,1168005811.3249998,Inside,True,Risk Off,False,9.34642857142856,405.795,414.03049999999996,0.05171315755953607,0.670847699217461,False,False,No setup,Neutral,0,Not applicable,No directional setup; confirmation score not applicable.,Narrow CPR,Not applicable,Not applicable,Narrow CPR; Wide CPR rules not applied,0,0,0,0
2026-10-05,2026-10-05,CM,NSE,STK,19731,INE517F01014,GPPL,EQ,,,,,GUJARAT PIPAVAV PORT LTD,166.7,169.0,165.54,167.6,167.5,165.88,,167.6,,,1069321,179013666.51,18832,F1,1,,,,,,Cash Only,Unclassified,False,167.38,167.26999999999998,167.49,167.49,167.26999999999998,0.22000000000002728,0.13126491646779673,Narrow,Bullish,Above CPR,True,False,0.11666666666666667,60,197244939.29000002,Higher,True,Risk Off,True,4.410000000000001,159.6198,156.6081,0.04988662131519892,0.9075703901675498,True,True,No setup,Neutral,0,Not applicable,No directional setup; confirmation score not applicable.,Narrow CPR,Not applicable,Not applicable,Narrow CPR; Wide CPR rules not applied,0,0,0,0
2026-10-05,2026-10-05,CM,NSE,STK,11239,INE023A01030,NSIL,EQ,,,,,NALWA SONS INVESTMENT LTD,5269.5,5269.5,5150.0,5199.5,5205.0,5163.5,,5199.46,,,1514,7869317.5,447,F1,1,,,,,,Cash Only,Unclassified,False,5206.333333333333,5209.75,5202.916666666666,5209.75,5202.916666666666,6.83333333333394,0.13142289322692452,Narrow,Bearish,Below CPR,False,True,0.3333333333333333,60,9154952.5,Inside,True,Risk Off,False,135.57142857142858,5557.95,5544.93,0.05040393396558227,0.8595694516164885,False,False,No setup,Neutral,0,Not applicable,No directional setup; confirmation score not applicable.,Narrow CPR,Not applicable,Not applicable,Narrow CPR; Wide CPR rules not applied,0,0,0,0
2026-10-05,2026-10-05,CM,NSE,STK,342,INE596I01020,CAMS,EQ,,,,,COMPUTER AGE MNGT SER LTD,679.0,692.5,677.9,683.85,683.85,677.25,,683.85,,,1632385,1117780241.45,54080,F1,1,,,,,,F&O + Cash,Financial Services,True,684.75,685.2,684.3,685.2,684.3,0.900000000000091,0.13160780872999794,Narrow,Bearish,Below CPR,False,True,0.11666666666666667,60,822873852.1500001,Higher,True,Risk Off,True,17.13214285714285,746.4979999999999,761.885,0.05253283302064323,1.3583859039018802,False,False,No setup,Neutral,0,Not applicable,No directional setup; confirmation score not applicable.,Narrow CPR,Not applicable,Not applicable,Narrow CPR; Wide CPR rules not applied,0,0,0,0
2026-10-05,2026-10-05,CM,NSE,STK,8054,INE614B01018,KTKBANK,EQ,,,,,KARNATAKA BANK LIMITED,325.0,329.9,322.3,326.75,326.1,321.6,,326.74,,,1078432,351500332.3,20439,F1,1,,,,,,Cash Only,Unclassified,False,326.31666666666666,326.1,326.5333333333333,326.5333333333333,326.1,0.4333333333332803,0.13261922978830307,Narrow,Bullish,Above CPR,True,False,0.2,60,717549185.35,Higher,True,Risk Off,True,11.371428571428567,317.83299999999997,292.7935,0.03810720268006235,0.4898623529598855,True,True,No setup,Neutral,0,Not applicable,No directional setup; confirmation score not applicable.,Narrow CPR,Not applicable,Not applicable,Narrow CPR; Wide CPR rules not applied,0,0,0,0
2026-10-05,2026-10-05,CM,NSE,STK,3546,INE690A01028,TTKPRESTIG,EQ,,,,,TTK PRESTIGE LTD,508.5,519.45,508.5,512.95,519.45,506.4,,512.84,,,25083,12840609.75,2038,F1,1,,,,,,Cash Only,Unclassified,False,513.6333333333333,513.975,513.2916666666666,513.975,513.2916666666666,0.683333333333394,0.13321636286838756,Narrow,Bearish,Below CPR,False,True,0.16666666666666666,60,35944864.925,Higher,True,Risk Off,True,17.607142857142872,580.3969999999999,579.163,0.03881000676132863,0.35723071367196135,False,False,No setup,Neutral,0,Not applicable,No directional setup; confirmation score not applicable.,Narrow CPR,Not applicable,Not applicable,Narrow CPR; Wide CPR rules not applied,0,0,0,0
2026-10-05,2026-10-05,CM,NSE,STK,12809,INE965B01022,HYBRIDFIN,EQ,,,,,HYBRID FINANCIAL SERVICE,17.2,17.99,16.8,17.43,17.43,17.36,,17.73,,,6826,118418.53,74,F1,1,,,,,,Cash Only,Unclassified,False,17.406666666666666,17.395,17.418333333333333,17.418333333333333,17.395,0.023333333333333428,0.13386880856760427,Narrow,Bullish,Above CPR,True,False,0.1,60,157319.655,Overlapping,True,Risk Off,True,2.1407142857142856,18.7328,18.7735,0.0108997886775665,0.7527255891833732,False,False,No setup,Neutral,0,Not applicable,No directional setup; confirmation score not applicable.,Narrow CPR,Not applicable,Not applicable,Narrow CPR; Wide CPR rules not applied,0,-2,0,-2
2026-10-05,2026-10-05,CM,NSE,STK,19223,INE586V01016,TCIEXP,EQ,,,,,TCI EXPRESS LIMITED,502.3,506.4,484.0,494.2,493.55,504.75,,494.21,,,55221,27198375.25,3249,F1,1,,,,,,Cash Only,Unclassified,False,494.8666666666666,495.2,494.53333333333325,495.2,494.53333333333325,0.6666666666667425,0.13489815189533438,Narrow,Bearish,Below CPR,False,True,0.18333333333333332,60,18942026.45,Lower,True,Risk Off,True,27.20357142857143,535.2850000000001,532.559,0.02450658614502926,1.4358746315656212,False,False,No setup,Neutral,0,Not applicable,No directional setup; confirmation score not applicable.,Narrow CPR,Not applicable,Not applicable,Narrow CPR; Wide CPR rules not applied,0,0,0,0
2026-10-05,2026-10-05,CM,NSE,STK,30835,INE600A01035,PILITA,EQ,,,,,PIL ITALICA LIFESTYLE LTD,7.4,7.5,7.31,7.39,7.31,7.45,,7.39,,,19487,144137.28,172,F1,1,,,,,,Cash Only,Unclassified,False,7.3999999999999995,7.404999999999999,7.395,7.404999999999999,7.395,0.009999999999999787,0.1353179972936372,Narrow,Bearish,Below CPR,False,True,0.13333333333333333,60,543388.405,Lower,True,Risk Off,True,0.4021428571428572,8.0118,7.9152,0.02486678507992842,0.26525645132232806,False,False,No setup,Neutral,0,Not applicable,No directional setup; confirmation score not applicable.,Narrow CPR,Not applicable,Not applicable,Narrow CPR; Wide CPR rules not applied,0,0,0,0
2026-10-05,2026-10-05,CM,NSE,STK,11325,INE304A01026,MUKANDLTD,EQ,,,,,MUKAND LTD.,174.4,189.9,173.76,182.2,182.95,172.66,,182.24,,,1971183,362915198.64,25683,F1,1,,,,,,Cash Only,Unclassified,False,181.9533333333333,181.82999999999998,182.0766666666666,182.0766666666666,181.82999999999998,0.24666666666661285,0.13538236370286108,Narrow,Bullish,Above CPR,True,False,0.21666666666666667,60,12611641.274999999,Higher,True,Risk Off,True,9.387857142857142,142.9522,140.2682,0.026275076720174848,28.776206896988516,True,True,No setup,Neutral,0,Not applicable,No directional setup; confirmation score not applicable.,Narrow CPR,Not applicable,Not applicable,Narrow CPR; Wide CPR rules not applied,0,0,0,0
2026-10-05,2026-10-05,CM,NSE,STK,28125,INE115Q01022,IKS,EQ,,,,,INVENTURUS KNOWLEDGE SO L,1791.0,1798.3,1742.5,1766.8,1751.2,1776.4,,1766.68,,,119886,212500237.1,13150,F1,1,,,,,,Cash Only,Information Technology,True,1769.2,1770.4,1768.0,1770.4,1768.0,2.400000000000091,0.13583880461852452,Narrow,Bearish,Below CPR,False,True,0.15,60,246585913.65,Overlapping,True,Risk Off,True,67.3142857142857,1789.576,1760.1689999999999,0.03565365025467029,0.8617695713211718,False,True,No setup,Neutral,0,Not applicable,No directional setup; confirmation score not applicable.,Narrow CPR,Not applicable,Not applicable,Narrow CPR; Wide CPR rules not applied,0,0,0,0
2026-10-05,2026-10-05,CM,NSE,STK,4749,INE111A01025,CONCOR,EQ,,,,,CONTAINER CORP OF IND LTD,445.0,446.6,434.5,441.45,441.45,442.0,,441.52,,,949906,418241129.0,20268,F1,1,,,,,,F&O + Cash,Services,True,440.84999999999997,440.55,441.1499999999999,441.1499999999999,440.55,0.599999999999909,0.13591573224598688,Narrow,Bullish,Above CPR,True,False,0.21666666666666667,60,548210992.2750001,Lower,True,Risk Off,True,13.682142857142859,500.098,488.5235,0.04385277995300823,0.7629199977628266,False,False,No setup,Neutral,0,Not applicable,No directional setup; confirmation score not applicable.,Narrow CPR,Not applicable,Not applicable,Narrow CPR; Wide CPR rules not applied,0,0,0,0
2026-10-05,2026-10-05,CM,NSE,STK,766255,INE0M5301040,VARMORA,EQ,,,,,VARMORA GRANITO LIMITED,135.0,138.2,132.11,134.88,133.6,134.3,,134.88,,,1992329,267731936.21,29145,F1,1,,,,,,Cash Only,Unclassified,False,135.06333333333333,135.155,134.97166666666666,135.155,134.97166666666666,0.18333333333333712,0.1359232898378834,Narrow,Bearish,Below CPR,False,True,0.25,4,1009832463.84,Lower,False,Risk Off,False,,,,,0.2651251032195178,False,False,No setup,Neutral,0,Not applicable,No directional setup; confirmation score not applicable.,Narrow CPR,Not applicable,Not applicable,Narrow CPR; Wide CPR rules not applied,0,0,0,0
2026-10-05,2026-10-05,CM,NSE,STK,809,INE032Z01020,BSHSL,EQ,,,,,BOMBAY SUPER HYBRID SEEDS,84.78,84.8,81.0,83.07,83.0,83.95,,83.12,,,4676,387483.51,144,F1,1,,,,,,Cash Only,Unclassified,False,82.95666666666666,82.9,83.01333333333332,83.01333333333332,82.9,0.11333333333331552,0.13643112234659388,Narrow,Bullish,Above CPR,True,False,0.21666666666666667,60,915643.585,Lower,True,Risk Off,True,4.457857142857142,91.20439999999999,89.906,0.02542327618436817,0.42318159199466243,False,False,No setup,Neutral,0,Not applicable,No directional setup; confirmation score not applicable.,Narrow CPR,Not applicable,Not applicable,Narrow CPR; Wide CPR rules not applied,0,0,0,0
2026-10-05,2026-10-05,CM,NSE,STK,7083,INE575P01011,STARHEALTH,EQ,,,,,STAR HEALTH & AL INS CO L,535.25,541.6,531.1,535.25,533.75,537.7,,535.24,,,407562,218333727.55,27615,F1,1,,,,,,Cash Only,Financial Services,True,535.9833333333333,536.35,535.6166666666667,536.35,535.6166666666667,0.7333333333333485,0.13700762883388107,Narrow,Bearish,Below CPR,False,True,0.16666666666666666,60,205586350.8,Overlapping,True,Risk Off,True,18.72857142857143,569.802,561.9079999999999,0.039155860666158955,1.0620049760132229,False,False,No setup,Neutral,0,Not applicable,No directional setup; confirmation score not applicable.,Narrow CPR,Not applicable,Not applicable,Narrow CPR; Wide CPR rules not applied,0,0,0,0
2026-10-05,2026-10-05,CM,NSE,STK,21623,INE346W01013,APEX,EQ,,,,,APEX FROZEN FOODS LIMITED,334.65,334.65,323.5,328.4,327.9,326.3,,328.42,,,78909,25873383.85,3647,F1,1,,,,,,Cash Only,Unclassified,False,328.84999999999997,329.075,328.62499999999994,329.075,328.62499999999994,0.4500000000000455,0.13702801461633543,Narrow,Bearish,Below CPR,False,True,0.1,60,37505813.224999994,Inside,True,Risk Off,True,13.724999999999994,372.39399999999995,395.065,0.032786885245904965,0.6898499625853668,False,False,No setup,Neutral,0,Not applicable,No directional setup; confirmation score not applicable.,Narrow CPR,Not applicable,Not applicable,Narrow CPR; Wide CPR rules not applied,0,0,0,0
2026-10-05,2026-10-05,CM,NSE,STK,1348,INE158A01026,HEROMOTOCO,EQ,,,,,HERO MOTOCORP LIMITED,5199.0,5205.5,4994.5,5089.5,5089.5,5168.0,,5089.46,,,1072997,5451922141.0,85559,F1,1,,,,,,F&O + Cash,Automobile and Auto Components,True,5096.5,5100.0,5093.0,5100.0,5093.0,7.0,0.13753806857255133,Narrow,Bearish,Below CPR,False,True,0.21666666666666667,60,2928493381.75,Lower,True,Risk Off,True,131.57142857142858,5445.795999999999,5191.232,0.05320304017372421,1.8616815646488014,False,False,No setup,Neutral,0,Not applicable,No directional setup; confirmation score not applicable.,Narrow CPR,Not applicable,Not applicable,Narrow CPR; Wide CPR rules not applied,0,0,0,0
2026-10-05,2026-10-05,CM,NSE,STK,578,INE060901027,LIKHITHA,EQ,,,,,LIKHITHA INFRASTRUC LTD,223.67,232.8,223.0,227.43,224.5,225.62,,227.3,,,34535,7810832.35,1190,F1,1,,,,,,Cash Only,Unclassified,False,227.74333333333334,227.9,227.58666666666667,227.9,227.58666666666667,0.3133333333333326,0.13777132890706265,Narrow,Bearish,Below CPR,False,True,0.18333333333333332,60,8403547.5,Higher,True,Risk Off,True,14.899285714285712,218.84799999999998,197.0825,0.021030090927976686,0.9294684595999486,True,True,No setup,Neutral,0,Not applicable,No directional setup; confirmation score not applicable.,Narrow CPR,Not applicable,Not applicable,Narrow CPR; Wide CPR rules not applied,0,0,0,0
2026-10-05,2026-10-05,CM,NSE,STK,11491,INE372A01015,APARINDS,EQ,,,,,APAR INDUSTRIES LTD.,17844.0,18379.0,17750.0,18102.0,18150.0,17648.0,,18102.12,,,102559,1856448911.0,34835,F1,1,,,,,,Cash Only,Capital Goods,True,18077.0,18064.5,18089.5,18089.5,18064.5,25.0,0.13810628659816593,Narrow,Bullish,Above CPR,True,False,0.1,60,2151721292.0,Higher,True,Risk Off,True,888.7857142857143,16826.76,15472.99,0.028128264887888773,0.862773872202776,True,True,No setup,Neutral,0,Not applicable,No directional setup; confirmation score not applicable.,Narrow CPR,Not applicable,Not applicable,Narrow CPR; Wide CPR rules not applied,0,0,0,0
2026-10-05,2026-10-05,CM,NSE,STK,5585,INE043W01024,VIJAYA,EQ,,,,,VIJAYA DIAGNOSTIC CEN LTD,1425.0,1444.9,1405.4,1422.2,1420.9,1428.0,,1422.22,,,157254,223726926.1,32074,F1,1,,,,,,Cash Only,Healthcare,True,1424.1666666666667,1425.15,1423.1833333333334,1425.15,1423.1833333333334,1.966666666666697,0.13828341067829397,Narrow,Bearish,Below CPR,False,True,0.16666666666666666,60,173668568.75,Inside,True,Risk Off,True,58.8357142857143,1459.876,1389.4519999999998,0.03342640929140919,1.2882407433325496,False,True,No setup,Neutral,0,Not applicable,No directional setup; confirmation score not applicable.,Narrow CPR,Not applicable,Not applicable,Narrow CPR; Wide CPR rules not applied,0,0,0,0
2026-10-05,2026-10-05,CM,NSE,STK,6943,INE144Z01023,TARSONS,EQ,,,,,TARSONS PRODUCTS LIMITED,329.5,343.45,327.05,335.95,335.0,329.4,,335.94,,,109967,37117119.75,5107,F1,1,,,,,,Cash Only,Unclassified,False,335.48333333333335,335.25,335.7166666666667,335.7166666666667,335.25,0.466666666666697,0.1389095599543673,Narrow,Bullish,Above CPR,True,False,0.08333333333333333,60,41428837.849999994,Higher,True,Risk Off,True,17.31785714285714,327.17199999999997,288.1757,0.02694713686670967,0.8959247151558707,True,True,No setup,Neutral,0,Not applicable,No directional setup; confirmation score not applicable.,Narrow CPR,Not applicable,Not applicable,Narrow CPR; Wide CPR rules not applied,0,0,0,0
2026-10-05,2026-10-05,CM,NSE,STK,419,INE922A01025,BEPL,EQ,,,,,BHANSALI ENG. POLYMERS LT,124.0,126.4,122.62,124.77,124.51,123.76,,124.77,,,695197,86635456.11,9176,F1,1,,,,,,Cash Only,Unclassified,False,124.59666666666668,124.51,124.68333333333335,124.68333333333335,124.51,0.17333333333334622,0.13892228366862727,Narrow,Bullish,Above CPR,True,False,0.2,60,160060573.79500002,Higher,True,Risk Off,True,4.802857142857147,124.23700000000001,112.6698,0.03608962918897747,0.5412666845800495,True,True,No setup,Neutral,0,Not applicable,No directional setup; confirmation score not applicable.,Narrow CPR,Not applicable,Not applicable,Narrow CPR; Wide CPR rules not applied,0,0,0,0
2026-10-05,2026-10-05,CM,NSE,STK,2316,INE578A01017,HEIDELBERG,EQ,,,,,HEIDELBERGCEMENT (I) LTD,131.98,131.98,128.79,130.11,130.49,130.57,,130.11,,,86609,11252436.0,2927,F1,1,,,,,,Cash Only,Unclassified,False,130.29333333333332,130.385,130.20166666666665,130.385,130.20166666666665,0.18333333333333712,0.14090641252274008,Narrow,Bearish,Below CPR,False,True,0.35,60,15229048.605,Lower,True,Risk Off,False,4.310000000000002,152.15140000000002,153.6965,0.04253673627223597,0.7388797745583136,False,False,No setup,Neutral,0,Not applicable,No directional setup; confirmation score not applicable.,Narrow CPR,Not applicable,Not applicable,Narrow CPR; Wide CPR rules not applied,0,0,0,0
2026-10-05,2026-10-05,CM,NSE,STK,762227,INE1SJO01012,RAMBHAJO,EQ,,,,,ADVIT JEWELS LIMITED,297.2,317.5,294.0,305.1,306.05,288.75,,305.12,,,1851970,571355456.95,38267,F1,1,,,,,,Cash Only,Unclassified,False,305.53333333333336,305.75,305.3166666666667,305.75,305.3166666666667,0.4333333333332803,0.14202993554024262,Narrow,Bearish,Below CPR,False,True,0.17543859649122806,57,155145338.07,Higher,True,Risk Off,True,20.83285714285714,231.918,,0.020800475439436073,3.682711089212428,True,False,No setup,Neutral,0,Not applicable,No directional setup; confirmation score not applicable.,Narrow CPR,Not applicable,Not applicable,Narrow CPR; Wide CPR rules not applied,0,0,0,0
2026-10-05,2026-10-05,CM,NSE,STK,7091,INE955I01044,SEJALLTD,EQ,,,,,SEJAL GLASS LIMITED,657.2,661.5,638.1,651.2,660.0,656.5,,651.2,,,6161,4009248.2,387,F1,1,,,,,,Cash Only,Unclassified,False,650.2666666666667,649.8,650.7333333333333,650.7333333333333,649.8,0.933333333333394,0.14332514332515262,Narrow,Bullish,Above CPR,True,False,0.18333333333333332,60,5410593.300000001,Lower,True,Risk Off,True,37.96785714285715,667.7389999999999,631.759,0.02458219672028504,0.7409997347241013,False,True,No setup,Neutral,0,Not applicable,No directional setup; confirmation score not applicable.,Narrow CPR,Not applicable,Not applicable,Narrow CPR; Wide CPR rules not applied,0,-2,0,-2
2026-10-05,2026-10-05,CM,NSE,STK,17424,INE615I01010,GLOBUSSPR,EQ,,,,,GLOBUS SPIRITS LTD,788.1,798.1,785.0,789.85,790.0,786.9,,789.85,,,44600,35208532.55,2740,F1,1,,,,,,Cash Only,Unclassified,False,790.9833333333332,791.55,790.4166666666665,791.55,790.4166666666665,1.1333333333334394,0.1434871600092979,Narrow,Bearish,Below CPR,False,True,0.23333333333333334,60,68308599.725,Higher,True,Risk Off,True,22.453571428571422,870.6679999999999,880.3184999999999,0.050474524150367926,0.5154333816202379,False,False,No setup,Neutral,0,Not applicable,No directional setup; confirmation score not applicable.,Narrow CPR,Not applicable,Not applicable,Narrow CPR; Wide CPR rules not applied,0,0,0,0
2026-10-05,2026-10-05,CM,NSE,STK,764678,INE130L01014,ENKEIWHEL,EQ,,,,,ENKEI WHEELS (INDIA) LTD.,404.0,404.0,382.5,392.4,396.35,392.6,,394.38,,,1756,687753.9,69,F1,1,,,,,,Cash Only,Unclassified,False,392.9666666666667,393.25,392.6833333333334,393.25,392.6833333333334,0.566666666666606,0.1444104655113675,Narrow,Bearish,Below CPR,False,True,0.11764705882352941,34,804561.575,Overlapping,True,Risk Off,True,17.542857142857148,,,0.03230184581975766,0.85481822817601,False,False,No setup,Neutral,0,Not applicable,No directional setup; confirmation score not applicable.,Narrow CPR,Not applicable,Not applicable,Narrow CPR; Wide CPR rules not applied,0,0,0,0
2026-10-05,2026-10-05,CM,NSE,STK,13810,INE08ZM01014,GREENPANEL,EQ,,,,,GREENPANEL INDUSTRIES LTD,158.4,161.2,156.23,159.06,160.0,158.59,,159.05,,,272774,43385464.3,4376,F1,1,,,,,,Cash Only,Unclassified,False,158.82999999999998,158.71499999999997,158.945,158.945,158.71499999999997,0.2300000000000182,0.14459952219289463,Narrow,Bullish,Above CPR,True,False,0.11666666666666667,60,36846240.64,Higher,True,Risk Off,True,6.715714285714284,169.84720000000002,181.5136,0.03424803233354877,1.1774732929714697,False,False,No setup,Neutral,0,Not applicable,No directional setup; confirmation score not applicable.,Narrow CPR,Not applicable,Not applicable,Narrow CPR; Wide CPR rules not applied,0,-2,-2,-4
2026-10-05,2026-10-05,CM,NSE,STK,583,INE477A01020,CANFINHOME,EQ,,,,,CAN FIN HOMES LTD,714.35,735.1,711.15,724.7,725.7,711.0,,724.65,,,355842,259086003.35,20061,F1,1,,,,,,Cash Only,Financial Services,True,723.65,723.125,724.175,724.175,723.125,1.0499999999999545,0.14488753967158197,Narrow,Bullish,Above CPR,True,False,0.31666666666666665,60,172965410.675,Higher,True,Risk Off,False,19.667857142857144,794.0880000000001,828.153,0.053386598874157844,1.4979064446406547,False,False,No setup,Neutral,0,Not applicable,No directional setup; confirmation score not applicable.,Narrow CPR,Not applicable,Not applicable,Narrow CPR; Wide CPR rules not applied,0,0,0,0
2026-10-05,2026-10-05,CM,NSE,STK,21794,INE179G01029,DAVANGERE,EQ,,,,,DAVANGERE SUGAR COMPANY L,2.25,2.32,2.25,2.29,2.3,2.26,,2.29,,,6379071,14587857.38,2579,F1,1,,,,,,Cash Only,Unclassified,False,2.2866666666666666,2.285,2.288333333333333,2.288333333333333,2.285,0.0033333333333329662,0.14556040756912517,Narrow,Bullish,Above CPR,True,False,0.11666666666666667,60,23369634.884999998,Inside,True,Risk Off,True,0.14857142857142858,2.5902,3.1354,0.022435897435894966,0.6242227339787556,False,False,No setup,Neutral,0,Not applicable,No directional setup; confirmation score not applicable.,Narrow CPR,Not applicable,Not applicable,Narrow CPR; Wide CPR rules not applied,0,0,0,0
2026-10-05,2026-10-05,CM,NSE,STK,25780,INE702C01027,APLAPOLLO,EQ,,,,,APL APOLLO TUBES LTD,2124.6,2147.4,2061.4,2099.8,2099.8,2115.7,,2099.8,,,678442,1419791081.8,35607,F1,1,,,,,,F&O + Cash,Capital Goods,True,2102.866666666667,2104.4,2101.3333333333335,2104.4,2101.3333333333335,3.066666666666606,0.14604565514175663,Narrow,Bearish,Below CPR,False,True,0.2,60,1049276961.85,Lower,True,Risk Off,True,66.10000000000005,2098.22,1962.4059999999997,0.04639435199193046,1.3531137472957946,True,True,No setup,Neutral,0,Not applicable,No directional setup; confirmation score not applicable.,Narrow CPR,Not applicable,Not applicable,Narrow CPR; Wide CPR rules not applied,0,0,0,0
2026-10-05,2026-10-05,CM,NSE,STK,277,INE481Y01014,GICRE,EQ,,,,,GENERAL INS CORP OF INDIA,324.0,324.9,314.7,319.1,319.6,323.9,,319.1,,,870442,277414024.95,36484,F1,1,,,,,,Cash Only,Financial Services,True,319.56666666666666,319.79999999999995,319.33333333333337,319.79999999999995,319.33333333333337,0.4666666666665833,0.14624464640131093,Narrow,Bearish,Below CPR,False,True,0.31666666666666665,60,209350024.225,Lower,True,Risk Off,False,9.24285714285713,349.555,361.1395,0.050489438433788066,1.3251205772579604,False,False,No setup,Neutral,0,Not applicable,No directional setup; confirmation score not applicable.,Narrow CPR,Not applicable,Not applicable,Narrow CPR; Wide CPR rules not applied,0,0,0,0
2026-10-05,2026-10-05,CM,NSE,STK,22,INE012A01025,ACC,EQ,,,,,ACC LIMITED,1189.0,1199.4,1174.6,1184.4,1183.0,1182.8,,1184.38,,,85873,101806142.9,10484,F1,1,,,,,,Cash Only,Construction Materials,True,1186.1333333333334,1187.0,1185.2666666666669,1187.0,1185.2666666666669,1.7333333333331211,0.14634695485757523,Narrow,Bearish,Below CPR,False,True,0.23333333333333334,60,166938528.4,Higher,True,Risk Off,True,27.157142857142908,1292.076,1325.4490000000003,0.06382605646150355,0.6098421010161487,False,False,No setup,Neutral,0,Not applicable,No directional setup; confirmation score not applicable.,Narrow CPR,Not applicable,Not applicable,Narrow CPR; Wide CPR rules not applied,0,0,0,0
2026-10-05,2026-10-05,CM,NSE,STK,7200,INE217L01019,SHRIRAMPPS,EQ,,,,,SHRIRAM PROPERTIES LTD,67.45,68.34,66.4,67.52,67.8,67.36,,67.52,,,309049,20831000.7,3274,F1,1,,,,,,Cash Only,Unclassified,False,67.42,67.37,67.47,67.47,67.37,0.09999999999999432,0.1481042654028352,Narrow,Bullish,Above CPR,True,False,0.21666666666666667,60,26158225.490000002,Overlapping,True,Risk Off,True,2.3307142857142855,77.1298,82.3318,0.04290530186944286,0.7963460941937158,False,False,No setup,Neutral,0,Not applicable,No directional setup; confirmation score not applicable.,Narrow CPR,Not applicable,Not applicable,Narrow CPR; Wide CPR rules not applied,0,0,0,0
2026-10-05,2026-10-05,CM,NSE,STK,14745,INE199C01026,ADVANIHOTR,EQ,,,,,ADVANI HOT.& RES.(I) LTD,47.0,47.73,47.0,47.26,47.24,46.98,,47.25,,,14687,692641.19,361,F1,1,,,,,,Cash Only,Unclassified,False,47.32999999999999,47.364999999999995,47.29499999999999,47.364999999999995,47.29499999999999,0.07000000000000739,0.14811680067712102,Narrow,Bearish,Below CPR,False,True,0.23333333333333334,60,1079758.48,Inside,True,Risk Off,True,1.4157142857142853,49.5216,51.1491,0.049445005045413916,0.6414778886478391,False,False,No setup,Neutral,0,Not applicable,No directional setup; confirmation score not applicable.,Narrow CPR,Not applicable,Not applicable,Narrow CPR; Wide CPR rules not applied,0,0,-2,-2
2026-10-05,2026-10-05,CM,NSE,STK,1628,INE495P01020,BECTORFOOD,EQ,,,,,MRS BECTORS FOOD SPE LTD,213.03,213.99,208.61,210.83,209.86,213.03,,210.83,,,428214,90350527.99,13356,F1,1,,,,,,Cash Only,Unclassified,False,211.14333333333335,211.3,210.98666666666668,211.3,210.98666666666668,0.3133333333333326,0.1486189504972407,Narrow,Bearish,Below CPR,False,True,0.11666666666666667,60,370116179.72,Inside,True,Risk Off,True,8.228571428571426,228.12,204.5032,0.03807870370370362,0.24411396458904308,False,True,No setup,Neutral,0,Not applicable,No directional setup; confirmation score not applicable.,Narrow CPR,Not applicable,Not applicable,Narrow CPR; Wide CPR rules not applied,0,0,0,0
2026-10-05,2026-10-05,CM,NSE,STK,764895,INE960A01017,SHILGRAVQ,EQ,,,,,SHILP GRAVURES LTD.,137.65,148.1,137.0,142.87,139.1,139.35,,141.31,,,773,107323.37,60,F1,1,,,,,,Cash Only,Unclassified,False,142.65666666666667,142.55,142.76333333333332,142.76333333333332,142.55,0.21333333333330984,0.14931989454280803,Narrow,Bullish,Above CPR,True,False,0.11764705882352941,34,527703.515,Higher,True,Risk Off,True,10.497142857142862,,,0.020322990382868375,0.20337816017768992,False,False,No setup,Neutral,0,Not applicable,No directional setup; confirmation score not applicable.,Narrow CPR,Not applicable,Not applicable,Narrow CPR; Wide CPR rules not applied,0,0,0,0
2026-10-05,2026-10-05,CM,NSE,STK,20556,INE922K01024,INDIASHLTR,EQ,,,,,INDIA SHELTER FIN CORP L,645.0,653.6,636.7,646.6,650.0,645.6,,646.6,,,225850,146202629.6,14459,F1,1,,,,,,Cash Only,Unclassified,False,645.6333333333333,645.1500000000001,646.1166666666666,646.1166666666666,645.1500000000001,0.9666666666664696,0.14949994844826317,Narrow,Bullish,Above CPR,True,False,0.3,60,63206002.45,Higher,True,Risk Off,False,20.13214285714285,674.489,728.2455,0.048016084205536914,2.313113057824779,False,False,No setup,Neutral,0,Not applicable,No directional setup; confirmation score not applicable.,Narrow CPR,Not applicable,Not applicable,Narrow CPR; Wide CPR rules not applied,0,0,0,0
2026-10-05,2026-10-05,CM,NSE,STK,18571,INE934S01014,GNA,EQ,,,,,GNA AXLES LIMITED,588.5,591.8,575.65,585.05,585.0,580.7,,585.03,,,234451,136807786.95,9392,F1,1,,,,,,Cash Only,Unclassified,False,584.1666666666666,583.7249999999999,584.6083333333333,584.6083333333333,583.7249999999999,0.8833333333334394,0.15098424636072805,Narrow,Bullish,Above CPR,True,False,0.23333333333333334,60,180649684.55,Higher,True,Risk Off,True,30.65357142857144,551.3480000000001,488.1975,0.028816653073909234,0.7573098579761676,True,True,No setup,Neutral,0,Not applicable,No directional setup; confirmation score not applicable.,Narrow CPR,Not applicable,Not applicable,Narrow CPR; Wide CPR rules not applied,0,0,0,0
2026-10-05,2026-10-05,CM,NSE,STK,2829,INE930P01018,ANURAS,EQ,,,,,ANUPAM RASAYAN INDIA LTD,1165.0,1175.9,1158.2,1164.4,1166.0,1163.7,,1164.37,,,216772,252647016.3,8597,F1,1,,,,,,Cash Only,Chemicals,True,1166.1666666666667,1167.0500000000002,1165.2833333333333,1167.0500000000002,1165.2833333333333,1.7666666666668789,0.15172334821941588,Narrow,Bearish,Below CPR,False,True,0.48333333333333334,60,283211570.05,Overlapping,True,Risk Off,False,38.62142857142859,1215.714,1257.066,0.04574317243080506,0.8920787249454394,False,False,No setup,Neutral,0,Not applicable,No directional setup; confirmation score not applicable.,Narrow CPR,Not applicable,Not applicable,Narrow CPR; Wide CPR rules not applied,0,0,-2,-2
2026-10-05,2026-10-05,CM,NSE,STK,759847,INE024F01011,SHILCTECH,EQ,,,,,SHILCHAR TECHNOLOGIES LTD,4035.0,4078.3,3969.0,4032.9,4050.0,4033.0,,4032.95,,,13865,55800229.1,3365,F1,1,,,,,,Cash Only,Unclassified,False,4026.7333333333336,4023.65,4029.816666666667,4029.816666666667,4023.65,6.16666666666697,0.1529089902220975,Narrow,Bullish,Above CPR,True,False,0.16666666666666666,60,73669499.75,Lower,True,Risk Off,True,136.87142857142862,4156.964,4203.395,0.045054448039524866,0.7574400435642975,False,False,No setup,Neutral,0,Not applicable,No directional setup; confirmation score not applicable.,Narrow CPR,Not applicable,Not applicable,Narrow CPR; Wide CPR rules not applied,0,-2,-2,-4
2026-10-05,2026-10-05,CM,NSE,STK,15067,INE0N7W01012,BLAL,EQ,,,,,BEML LAND ASSETS LIMITED,160.9,160.9,153.5,156.84,157.01,157.83,,156.88,,,8394,1323426.45,313,F1,1,,,,,,Cash Only,Unclassified,False,157.08,157.2,156.96000000000004,157.2,156.96000000000004,0.23999999999995225,0.15302218821726105,Narrow,Bearish,Below CPR,False,True,0.13333333333333333,60,2388208.02,Lower,True,Risk Off,True,4.894285714285715,166.9584,175.93169999999998,0.04903677758317763,0.554150408556119,False,False,No setup,Neutral,0,Not applicable,No directional setup; confirmation score not applicable.,Narrow CPR,Not applicable,Not applicable,Narrow CPR; Wide CPR rules not applied,0,0,-2,-2
2026-10-05,2026-10-05,CM,NSE,STK,29124,INE785M01021,PCJEWELLER,EQ,,,,,PC JEWELLER LTD,13.0,13.32,12.86,13.06,13.09,12.82,,13.06,,,199713384,2611934704.12,120038,F1,1,,,,,,Cash Only,Unclassified,False,13.08,13.09,13.07,13.09,13.07,0.019999999999999574,0.15313935681469812,Narrow,Bearish,Below CPR,False,True,0.1,60,3715850244.3050003,Higher,True,Risk Off,True,0.7964285714285714,11.3082,10.229,0.025112107623317854,0.7029171070936221,True,True,No setup,Neutral,0,Not applicable,No directional setup; confirmation score not applicable.,Narrow CPR,Not applicable,Not applicable,Narrow CPR; Wide CPR rules not applied,0,0,0,0
2026-10-05,2026-10-05,CM,NSE,STK,764683,INE194R01017,FREDUN,EQ,,,,,FREDUN PHARMACEUTICALS L,1358.0,1398.0,1322.1,1363.2,1360.0,1355.2,,1363.32,,,72372,97685476.8,7332,F1,1,,,,,,Cash Only,Unclassified,False,1361.1000000000001,1360.05,1362.1500000000003,1362.1500000000003,1360.05,2.100000000000364,0.15404929577467458,Narrow,Bullish,Above CPR,True,False,0.11764705882352941,34,48580921.25,Overlapping,True,Risk Off,True,75.25714285714288,,,0.02790432801822806,2.0107785996339045,False,False,No setup,Neutral,0,Not applicable,No directional setup; confirmation score not applicable.,Narrow CPR,Not applicable,Not applicable,Narrow CPR; Wide CPR rules not applied,0,0,0,0
2026-10-05,2026-10-05,CM,NSE,STK,495,INE233B01017,BLUEDART,EQ,,,,,BLUE DART EXPRESS LTD,4546.3,4549.8,4458.1,4514.4,4505.1,4496.8,,4514.32,,,6452,29075342.4,2794,F1,1,,,,,,Cash Only,Services,True,4507.433333333333,4503.950000000001,4510.916666666666,4510.916666666666,4503.950000000001,6.966666666665333,0.15432098765429145,Narrow,Bullish,Above CPR,True,False,0.3,60,33074013.35,Lower,True,Risk Off,False,114.11428571428567,4973.726,4917.703,0.06104990819561511,0.8790993125725396,False,False,No setup,Neutral,0,Not applicable,No directional setup; confirmation score not applicable.,Narrow CPR,Not applicable,Not applicable,Narrow CPR; Wide CPR rules not applied,0,0,0,0
2026-10-05,2026-10-05,CM,NSE,STK,764753,INE953E01022,KSE,EQ,,,,,KSE LTD.,177.01,177.01,173.0,174.6,174.0,174.84,,174.56,,,12774,2229424.36,222,F1,1,,,,,,Cash Only,Unclassified,False,174.87,175.005,174.735,175.005,174.735,0.2699999999999818,0.15463917525772156,Narrow,Bearish,Below CPR,False,True,0.35294117647058826,34,2513751.685,Lower,True,Risk Off,False,4.852142857142858,,,0.05564551744442433,0.8868912443911499,False,False,No setup,Neutral,0,Not applicable,No directional setup; confirmation score not applicable.,Narrow CPR,Not applicable,Not applicable,Narrow CPR; Wide CPR rules not applied,0,0,0,0
2026-10-05,2026-10-05,CM,NSE,STK,762924,INE132C01027,SURYALA,EQ,,,,,SURYALATA SPINNING MILL L,377.5,379.85,376.2,377.15,376.2,377.5,,377.17,,,220,83114.2,12,F1,1,,,,,,Cash Only,Unclassified,False,377.7333333333333,378.025,377.4416666666666,378.025,377.4416666666666,0.5833333333333712,0.15466878783862423,Narrow,Bearish,Below CPR,False,True,0.16666666666666666,60,344236.05000000005,Lower,True,Risk Off,True,14.307142857142859,395.63199999999995,412.02,0.04077217507072989,0.24144536866490302,False,False,No setup,Neutral,0,Not applicable,No directional setup; confirmation score not applicable.,Narrow CPR,Not applicable,Not applicable,Narrow CPR; Wide CPR rules not applied,0,0,0,0
2026-10-05,2026-10-05,CM,NSE,STK,765524,INE185Q01025,LUMINO,EQ,,,,,LUMINO INDUSTRIES LIMITED,98.4,100.68,97.54,98.88,99.48,96.48,,98.88,,,5684052,563961092.97,32053,F1,1,,,,,,Cash Only,Unclassified,False,99.03333333333335,99.11000000000001,98.95666666666668,99.11000000000001,98.95666666666668,0.15333333333333599,0.15507011866235437,Narrow,Bearish,Below CPR,False,True,0.09523809523809523,21,1763725318.35,Overlapping,True,Risk Off,True,6.03142857142857,,,0.025422390652140033,0.319755625834978,False,False,No setup,Neutral,0,Not applicable,No directional setup; confirmation score not applicable.,Narrow CPR,Not applicable,Not applicable,Narrow CPR; Wide CPR rules not applied,0,0,0,0
2026-10-05,2026-10-05,CM,NSE,STK,2124,INE759A01021,MASTEK,EQ,,,,,MASTEK LTD,1591.4,1633.9,1590.0,1608.2,1604.0,1555.6,,1608.15,,,118393,190952198.7,14182,F1,1,,,,,,Cash Only,Unclassified,False,1610.7,1611.95,1609.45,1611.95,1609.45,2.5,0.15545330182813083,Narrow,Bearish,Below CPR,False,True,0.13333333333333333,60,161010102.9,Higher,True,Risk Off,True,55.342857142857156,1714.4159999999997,1676.3629999999998,0.04517294785751161,1.1859640808912244,False,False,No setup,Neutral,0,Not applicable,No directional setup; confirmation score not applicable.,Narrow CPR,Not applicable,Not applicable,Narrow CPR; Wide CPR rules not applied,0,0,0,0
2026-10-05,2026-10-05,CM,NSE,STK,762578,INE083K01017,BENGALASM,EQ,,,,,BENGAL & ASSAM CO. LTD.,6085.0,6150.0,5421.0,5772.0,6150.0,6088.0,,5754.81,,,2863,16422902.0,477,F1,1,,,,,,Cash Only,Unclassified,False,5781.0,5785.5,5776.5,5785.5,5776.5,9.0,0.15592515592515593,Narrow,Bearish,Below CPR,False,True,0.3,60,1448862.25,Lower,True,Risk Off,False,190.03571428571428,6223.53,6332.965,0.04735951888742718,11.335033402933922,False,False,No setup,Neutral,0,Not applicable,No directional setup; confirmation score not applicable.,Narrow CPR,Not applicable,Not applicable,Narrow CPR; Wide CPR rules not applied,0,0,0,0
2026-10-05,2026-10-05,CM,NSE,STK,8866,INE102B01014,CHOICEIN,EQ,,,,,CHOICE INTERNATIONAL LTD,719.4,736.0,719.4,726.0,728.0,719.4,,726.0,,,737146,535929859.85,9628,F1,1,,,,,,Cash Only,Financial Services,True,727.1333333333333,727.7,726.5666666666666,727.7,726.5666666666666,1.1333333333334394,0.156106519742898,Narrow,Bearish,Below CPR,False,True,0.26666666666666666,60,308148694.07500005,Higher,True,Risk Off,False,25.285714285714285,781.805,753.549,0.04482109227872359,1.7391923774291917,False,False,No setup,Neutral,0,Not applicable,No directional setup; confirmation score not applicable.,Narrow CPR,Not applicable,Not applicable,Narrow CPR; Wide CPR rules not applied,0,0,0,0
2026-10-05,2026-10-05,CM,NSE,STK,761270,INE598D01035,ALGOQUANT,EQ,,,,,ALGOQUANT FINTECH LIMITED,67.07,69.77,67.05,68.25,68.28,67.51,,68.25,,,1133101,77656406.88,5818,F1,1,,,,,,Cash Only,Unclassified,False,68.35666666666667,68.41,68.30333333333334,68.41,68.30333333333334,0.10666666666665492,0.15628815628813908,Narrow,Bearish,Below CPR,False,True,0.21666666666666667,60,82136892.12,Higher,True,Risk Off,True,3.9707142857142848,66.98100000000001,62.7187,0.02686334472626676,0.945451001074473,True,True,No setup,Neutral,0,Not applicable,No directional setup; confirmation score not applicable.,Narrow CPR,Not applicable,Not applicable,Narrow CPR; Wide CPR rules not applied,0,0,0,0
2026-10-05,2026-10-05,CM,NSE,STK,6364,INE139A01034,NATIONALUM,EQ,,,,,NATIONAL ALUMINIUM CO LTD,335.9,344.1,334.3,340.0,340.0,334.9,,340.0,,,5169746,1745629315.35,65108,F1,1,,,,,,F&O + Cash,Metals & Mining,True,339.4666666666667,339.20000000000005,339.73333333333335,339.73333333333335,339.20000000000005,0.533333333333303,0.1568627450980303,Narrow,Bullish,Above CPR,True,False,0.15,60,2038827378.3249998,Higher,True,Risk Off,True,9.135714285714275,369.464,372.72700000000003,0.05837894188167514,0.8561927968537106,False,False,No setup,Neutral,0,Not applicable,No directional setup; confirmation score not applicable.,Narrow CPR,Not applicable,Not applicable,Narrow CPR; Wide CPR rules not applied,0,0,0,0
2026-10-05,2026-10-05,CM,NSE,STK,16795,INE877I01016,ARCHIDPLY,EQ,,,,,ARCHIDPLY IND. LTD,101.79,103.71,100.37,101.8,102.7,101.79,,101.91,,,30544,3112837.63,226,F1,1,,,,,,Cash Only,Unclassified,False,101.96,102.03999999999999,101.88,102.03999999999999,101.88,0.1599999999999966,0.15717092337917152,Narrow,Bearish,Below CPR,False,True,0.15,60,1588305.275,Lower,True,Risk Off,True,4.879999999999998,97.85700000000001,89.17129999999999,0.032786885245900954,1.9598484491591204,True,True,No setup,Neutral,0,Not applicable,No directional setup; confirmation score not applicable.,Narrow CPR,Not applicable,Not applicable,Narrow CPR; Wide CPR rules not applied,0,0,0,0
2026-10-05,2026-10-05,CM,NSE,STK,13288,INE00ZE01026,AFSL,EQ,,,,,ABANS FINANCIAL SRVCS LTD,201.0,201.95,201.0,201.0,201.0,201.0,,201.0,,,6118,1229995.7,49,F1,1,,,,,,Cash Only,Unclassified,False,201.3166666666667,201.475,201.1583333333334,201.475,201.1583333333334,0.31666666666660603,0.15754560530676917,Narrow,Bearish,Below CPR,False,True,0.3416666666666667,60,1304774.22,Overlapping,True,Risk Off,False,2.010000000000001,203.05200000000002,202.11469999999997,0.1575456053067691,0.942688536565353,False,False,No setup,Neutral,0,Not applicable,No directional setup; confirmation score not applicable.,Narrow CPR,Not applicable,Not applicable,Narrow CPR; Wide CPR rules not applied,0,0,0,0
2026-10-05,2026-10-05,CM,NSE,STK,2277,INE883A01011,MRF,EQ,,,,,MRF LTD,123915.0,124490.0,122755.0,123330.0,124100.0,123715.0,,123328.77,,,3098,382358540.0,2315,F1,1,,,,,,Cash Only,Automobile and Auto Components,True,123525.0,123622.5,123427.5,123622.5,123427.5,195.0,0.15811238141571393,Narrow,Bearish,Below CPR,False,True,0.4166666666666667,60,437389602.5,Lower,True,Risk Off,False,1857.5,130043.9,129436.05,0.10497981157469717,0.8741829659748256,False,False,No setup,Neutral,0,Not applicable,No directional setup; confirmation score not applicable.,Narrow CPR,Not applicable,Not applicable,Narrow CPR; Wide CPR rules not applied,0,0,0,0
2026-10-05,2026-10-05,CM,NSE,STK,11155,INE985W01018,CNL,EQ,,,,,CREATIVE NEWTECH LIMITED,1070.9,1086.7,1052.0,1071.9,1053.1,1079.2,,1071.96,,,10873,11646466.3,1223,F1,1,,,,,,Cash Only,Unclassified,False,1070.2,1069.35,1071.0500000000002,1071.0500000000002,1069.35,1.7000000000002728,0.15859688403771555,Narrow,Bullish,Above CPR,True,False,0.11666666666666667,60,44990952.325,Lower,True,Risk Off,True,54.78571428571432,1137.7820000000002,938.4295,0.031029986962195312,0.25886240895435414,False,True,No setup,Neutral,0,Not applicable,No directional setup; confirmation score not applicable.,Narrow CPR,Not applicable,Not applicable,Narrow CPR; Wide CPR rules not applied,0,0,0,0
2026-10-05,2026-10-05,CM,NSE,STK,757754,INE546C01010,PICCADIL,EQ,,,,,PICCADILY AGRO INDUSTRI L,581.0,595.0,579.1,588.45,593.0,581.05,,588.46,,,144930,85067436.35,8803,F1,1,,,,,,Cash Only,Unclassified,False,587.5166666666667,587.05,587.9833333333333,587.9833333333333,587.05,0.933333333333394,0.1586087744639976,Narrow,Bullish,Above CPR,True,False,0.11666666666666667,60,122453620.07499999,Higher,True,Risk Off,True,20.539285714285718,662.5219999999999,639.8465,0.045441372514927886,0.6946910699569206,False,False,No setup,Neutral,0,Not applicable,No directional setup; confirmation score not applicable.,Narrow CPR,Not applicable,Not applicable,Narrow CPR; Wide CPR rules not applied,0,0,0,0
2026-10-05,2026-10-05,CM,NSE,STK,764808,INE173M01012,ONIXSOLAR,EQ,,,,,ONIX SOLAR ENERGY LTD.,340.0,344.85,322.75,334.6,332.9,339.7,,335.37,,,247853,82644141.7,2333,F1,1,,,,,,Cash Only,Unclassified,False,334.06666666666666,333.8,334.3333333333333,334.3333333333333,333.8,0.533333333333303,0.15939430165370683,Narrow,Bullish,Above CPR,True,False,0.35294117647058826,34,97588389.45,Lower,True,Risk Off,False,20.435714285714283,,,0.026098100897120738,0.8468644903945589,False,False,No setup,Neutral,0,Not applicable,No directional setup; confirmation score not applicable.,Narrow CPR,Not applicable,Not applicable,Narrow CPR; Wide CPR rules not applied,0,0,0,0
2026-10-05,2026-10-05,CM,NSE,STK,79,INE426A01027,ALEMBICLTD,EQ,,,,,ALEMBIC LIMITED,105.9,106.0,103.38,104.44,104.1,104.11,,104.44,,,540160,56489455.19,6733,F1,1,,,,,,Cash Only,Unclassified,False,104.60666666666667,104.69,104.52333333333334,104.69,104.52333333333334,0.1666666666666572,0.15958125877696017,Narrow,Bearish,Below CPR,False,True,0.26666666666666666,60,53977359.175,Inside,True,Risk Off,False,4.486428571428569,97.2516,93.2125,0.03714907392665502,1.046539809531169,True,True,No setup,Neutral,0,Not applicable,No directional setup; confirmation score not applicable.,Narrow CPR,Not applicable,Not applicable,Narrow CPR; Wide CPR rules not applied,0,0,0,0
2026-10-05,2026-10-05,CM,NSE,STK,11374,INE0LQS01015,TIPSFILMS,EQ,,,,,TIPS FILMS LIMITED,313.05,316.65,306.35,312.25,312.0,315.4,,312.19,,,2993,930215.1,192,F1,1,,,,,,Cash Only,Unclassified,False,311.75,311.5,312.0,312.0,311.5,0.5,0.16012810248198558,Narrow,Bullish,Above CPR,True,False,0.08333333333333333,60,1555467.625,Lower,True,Risk Off,True,20.082142857142838,346.00300000000004,347.8345,0.024897741419171285,0.598029226098486,False,False,No setup,Neutral,0,Not applicable,No directional setup; confirmation score not applicable.,Narrow CPR,Not applicable,Not applicable,Narrow CPR; Wide CPR rules not applied,0,0,0,0
2026-10-05,2026-10-05,CM,NSE,STK,17333,INE998I01010,MHRIL,EQ,,,,,MAHINDRA HOLIDAYS LTD,196.3,198.0,192.56,194.81,195.99,194.85,,194.8,,,46600,9067305.39,2249,F1,1,,,,,,Cash Only,Unclassified,False,195.12333333333333,195.28,194.96666666666667,195.28,194.96666666666667,0.3133333333333326,0.16084047704601026,Narrow,Bearish,Below CPR,False,True,0.2,60,21925158.775,Overlapping,True,Risk Off,True,5.866428571428573,211.4368,219.732,0.05341125857380561,0.413557114137706,False,False,No setup,Neutral,0,Not applicable,No directional setup; confirmation score not applicable.,Narrow CPR,Not applicable,Not applicable,Narrow CPR; Wide CPR rules not applied,0,0,0,0
2026-10-05,2026-10-05,CM,NSE,STK,2056,INE481N01025,HOMEFIRST,EQ,,,,,HOME FIRST FIN CO IND LTD,1122.6,1122.6,1075.1,1096.2,1095.7,1125.7,,1096.13,,,379744,413191287.8,49796,F1,1,,,,,,Cash Only,Financial Services,True,1097.9666666666665,1098.85,1097.083333333333,1098.85,1097.083333333333,1.7666666666668789,0.1611628048409851,Narrow,Bearish,Below CPR,False,True,0.25,60,182633155.1,Lower,True,Risk Off,True,46.85714285714289,1180.8120000000001,1161.1290000000001,0.03770325203252483,2.262411157348505,False,False,No setup,Neutral,0,Not applicable,No directional setup; confirmation score not applicable.,Narrow CPR,Not applicable,Not applicable,Narrow CPR; Wide CPR rules not applied,0,0,0,0
2026-10-05,2026-10-05,CM,NSE,STK,10590,INE970D01010,LOYALTEX,EQ,,,,,LOYAL TEXTILE MILLS LTD,207.5,207.5,206.5,206.5,206.5,207.5,,206.5,,,116,23969.0,8,F1,1,,,,,,Cash Only,Unclassified,False,206.83333333333334,207.0,206.66666666666669,207.0,206.66666666666669,0.3333333333333144,0.16142050040354208,Narrow,Bearish,Below CPR,False,True,0.23333333333333334,60,81447.945,Lower,True,Risk Off,True,11.622857142857143,213.3268,214.63729999999998,0.02867912159947395,0.2942861234866024,False,False,No setup,Neutral,0,Not applicable,No directional setup; confirmation score not applicable.,Narrow CPR,Not applicable,Not applicable,Narrow CPR; Wide CPR rules not applied,0,0,0,0
2026-10-05,2026-10-05,CM,NSE,STK,3387,INE294B01019,SMLMAH,EQ,,,,,SML MAHINDRA LIMITED,6390.0,6459.0,6280.0,6354.0,6339.5,6251.0,,6354.1,,,41005,260863825.0,8029,F1,1,,,,,,Cash Only,Unclassified,False,6364.333333333333,6369.5,6359.166666666666,6369.5,6359.166666666666,10.33333333333394,0.1626272164515886,Narrow,Bearish,Below CPR,False,True,0.15,60,388503026.65,Inside,True,Risk Off,True,290.85714285714283,5680.03,4791.66,0.035527177472169734,0.6714589259429647,True,True,No setup,Neutral,0,Not applicable,No directional setup; confirmation score not applicable.,Narrow CPR,Not applicable,Not applicable,Narrow CPR; Wide CPR rules not applied,0,0,0,0
2026-10-05,2026-10-05,CM,NSE,STK,3417,INE671A01010,HONAUT,EQ,,,,,HONEYWELL AUTOMATION IND,33845.0,34140.0,33595.0,33785.0,33995.0,33470.0,,33782.35,,,1798,60850615.0,1287,F1,1,,,,,,Cash Only,Capital Goods,True,33840.0,33867.5,33812.5,33867.5,33812.5,55.0,0.1627941394109812,Narrow,Bearish,Below CPR,False,True,0.2833333333333333,60,95727055.0,Higher,True,Risk Off,False,1039.642857142857,36034.1,36121.35,0.052902782548952254,0.6356678892921128,False,False,No setup,Neutral,0,Not applicable,No directional setup; confirmation score not applicable.,Narrow CPR,Not applicable,Not applicable,Narrow CPR; Wide CPR rules not applied,0,0,0,0
2026-10-05,2026-10-05,CM,NSE,STK,1415,INE291W01037,GLOBAL,EQ,,,,,GLOBAL EDUCATION LIMITED,138.0,141.0,136.52,139.1,140.0,136.51,,139.1,,,233073,32341994.91,3105,F1,1,,,,,,Cash Only,Unclassified,False,138.87333333333333,138.76,138.98666666666668,138.98666666666668,138.76,0.2266666666666879,0.16295231248503803,Narrow,Bullish,Above CPR,True,False,0.13333333333333333,60,10227711.775,Higher,True,Risk Off,True,6.258571428571428,115.6464,109.50509999999998,0.03621699764133338,3.162192641080756,True,True,No setup,Neutral,0,Not applicable,No directional setup; confirmation score not applicable.,Narrow CPR,Not applicable,Not applicable,Narrow CPR; Wide CPR rules not applied,0,0,0,0
2026-10-05,2026-10-05,CM,NSE,STK,25,INE423A01024,ADANIENT,EQ,,,,,ADANI ENTERPRISES LIMITED,2843.9,2890.9,2823.0,2864.0,2864.0,2816.8,,2863.76,,,1782260,5080720841.5,59017,F1,1,,,,,,F&O + Cash,Metals & Mining,True,2859.2999999999997,2856.95,2861.6499999999996,2861.6499999999996,2856.95,4.699999999999818,0.1641061452513903,Narrow,Bullish,Above CPR,True,False,0.26666666666666666,60,3252521990.2,Higher,True,Risk Off,False,87.52857142857144,2989.284,2986.967,0.05369675208095107,1.562086546012125,False,False,No setup,Neutral,0,Not applicable,No directional setup; confirmation score not applicable.,Narrow CPR,Not applicable,Not applicable,Narrow CPR; Wide CPR rules not applied,0,0,0,0
2026-10-05,2026-10-05,CM,NSE,STK,10753,INE692A01016,UNIONBANK,EQ,,,,,UNION BANK OF INDIA,169.0,171.09,165.68,167.97,167.97,167.59,,167.97,,,7966548,1338396498.58,59745,F1,1,,,,,,F&O + Cash,Financial Services,True,168.24666666666667,168.385,168.10833333333335,168.385,168.10833333333335,0.2766666666666424,0.16471195253119153,Narrow,Bearish,Below CPR,False,True,0.25,60,1667504391.395,Inside,True,Risk Off,True,4.674999999999993,179.7796,173.79269999999997,0.05918003565061879,0.8026344671034569,False,False,No setup,Neutral,0,Not applicable,No directional setup; confirmation score not applicable.,Narrow CPR,Not applicable,Not applicable,Narrow CPR; Wide CPR rules not applied,0,0,0,0
2026-10-05,2026-10-05,CM,NSE,STK,20071,INE781A01025,INTENTECH,EQ,,,,,INTENSE TECHNOLOGIES LTD,81.56,81.56,80.0,80.58,80.1,81.98,,80.54,,,19297,1555128.3,230,F1,1,,,,,,Cash Only,Unclassified,False,80.71333333333332,80.78,80.64666666666665,80.78,80.64666666666665,0.13333333333335418,0.16546703069416005,Narrow,Bearish,Below CPR,False,True,0.21666666666666667,60,1542917.585,Lower,True,Risk Off,True,3.8421428571428575,82.02960000000002,90.01889999999999,0.03470285678875178,1.0079140422785446,False,False,No setup,Neutral,0,Not applicable,No directional setup; confirmation score not applicable.,Narrow CPR,Not applicable,Not applicable,Narrow CPR; Wide CPR rules not applied,0,0,0,0
2026-10-05,2026-10-05,CM,NSE,STK,24398,INE168P01015,EMCURE,EQ,,,,,EMCURE PHARMACEUTICALS L,1935.0,1966.6,1917.3,1937.1,1937.1,1944.6,,1937.14,,,67551,130850175.8,14911,F1,1,,,,,,Cash Only,Healthcare,True,1940.3333333333333,1941.9499999999998,1938.7166666666667,1941.9499999999998,1938.7166666666667,3.233333333333121,0.16691618054478968,Narrow,Bearish,Below CPR,False,True,0.35,60,228722746.4,Lower,True,Risk Off,False,62.914285714285725,1928.076,1849.933,0.05139267332727485,0.5720907861571567,True,True,No setup,Neutral,0,Not applicable,No directional setup; confirmation score not applicable.,Narrow CPR,Not applicable,Not applicable,Narrow CPR; Wide CPR rules not applied,0,0,0,0
2026-10-05,2026-10-05,CM,NSE,STK,757845,INE06ST01018,INDIQUBE,EQ,,,,,INDIQUBE SPACES LIMITED,200.0,200.0,193.81,197.4,198.0,197.49,,197.4,,,101074,19795673.89,1070,F1,1,,,,,,Cash Only,Unclassified,False,197.07000000000002,196.905,197.23500000000004,197.23500000000004,196.905,0.3300000000000409,0.167173252279656,Narrow,Bullish,Above CPR,True,False,0.25,60,8299377.96,Higher,True,Risk Off,True,9.780714285714287,189.66060000000002,177.84470000000002,0.03373986708537627,2.3851997083887477,True,True,No setup,Neutral,0,Not applicable,No directional setup; confirmation score not applicable.,Narrow CPR,Not applicable,Not applicable,Narrow CPR; Wide CPR rules not applied,0,0,0,0
2026-10-05,2026-10-05,CM,NSE,STK,8890,INE0IQ001011,VERANDA,EQ,,,,,VERANDA LEARNING SOL LTD,214.0,218.99,207.6,212.76,213.02,213.8,,212.76,,,368190,78164051.79,7788,F1,1,,,,,,Cash Only,Unclassified,False,213.11666666666667,213.29500000000002,212.93833333333333,213.29500000000002,212.93833333333333,0.35666666666668334,0.16763802719810272,Narrow,Bearish,Below CPR,False,True,0.15,60,58859943.5,Lower,True,Risk Off,True,11.40714285714286,238.16480000000004,237.2161,0.0312669588812371,1.3279668165158875,False,False,No setup,Neutral,0,Not applicable,No directional setup; confirmation score not applicable.,Narrow CPR,Not applicable,Not applicable,Narrow CPR; Wide CPR rules not applied,0,0,0,0
2026-10-05,2026-10-05,CM,NSE,STK,762859,INE296E01026,RAJPALAYAM,EQ,,,,,RAJAPALAYAM MILLS LTD.,715.0,750.0,715.0,734.35,732.0,738.0,,734.35,,,410,300066.9,50,F1,1,,,,,,Cash Only,Unclassified,False,733.1166666666667,732.5,733.7333333333333,733.7333333333333,732.5,1.2333333333333485,0.16794897982342868,Narrow,Bullish,Above CPR,True,False,0.2,60,802389.1,Lower,True,Risk Off,True,29.00357142857144,797.9859999999999,808.8575,0.042523498748102136,0.37396681983840513,False,False,No setup,Neutral,0,Not applicable,No directional setup; confirmation score not applicable.,Narrow CPR,Not applicable,Not applicable,Narrow CPR; Wide CPR rules not applied,0,0,0,0
2026-10-05,2026-10-05,CM,NSE,STK,21501,INE285J01028,SIS,EQ,,,,,SIS LIMITED,413.45,419.9,411.6,414.7,412.5,412.85,,414.72,,,57546,24016746.1,6968,F1,1,,,,,,Cash Only,Unclassified,False,415.40000000000003,415.75,415.05000000000007,415.75,415.05000000000007,0.6999999999999318,0.168796720520842,Narrow,Bearish,Below CPR,False,True,0.38333333333333336,60,75615053.44999999,Higher,True,Risk Off,False,15.360714285714282,424.103,421.769,0.045570797488951625,0.3176185825998382,False,False,No setup,Neutral,0,Not applicable,No directional setup; confirmation score not applicable.,Narrow CPR,Not applicable,Not applicable,Narrow CPR; Wide CPR rules not applied,0,0,0,0
2026-10-05,2026-10-05,CM,NSE,STK,762648,INE934C01018,DRAGARWQ,EQ,,,,,DR. AGARWAL'S EYE HOSP L,5250.0,5294.0,5162.5,5215.0,5250.0,5159.0,,5213.82,,,2781,14467716.5,581,F1,1,,,,,,Cash Only,Unclassified,False,5223.833333333333,5228.25,5219.416666666666,5228.25,5219.416666666666,8.83333333333394,0.1693831895174293,Narrow,Bearish,Below CPR,False,True,0.25,60,5616684.5,Higher,True,Risk Off,True,151.5,5238.31,5135.121,0.05830583058306231,2.575846391229559,False,True,No setup,Neutral,0,Not applicable,No directional setup; confirmation score not applicable.,Narrow CPR,Not applicable,Not applicable,Narrow CPR; Wide CPR rules not applied,0,0,0,0
2026-10-05,2026-10-05,CM,NSE,STK,1901,INE298A01020,CUMMINSIND,EQ,,,,,CUMMINS INDIA LTD,4864.2,4900.0,4789.2,4832.3,4832.3,4860.0,,4832.3,,,707402,3414126178.3,47539,F1,1,,,,,,F&O + Cash,Capital Goods,True,4840.5,4844.6,4836.4,4844.6,4836.4,8.200000000000728,0.16969145127580507,Narrow,Bearish,Below CPR,False,True,0.23333333333333334,60,1966408220.25,Overlapping,True,Risk Off,True,117.41428571428573,5189.4259999999995,5387.983,0.06983817982723578,1.736224525071373,False,False,No setup,Neutral,0,Not applicable,No directional setup; confirmation score not applicable.,Narrow CPR,Not applicable,Not applicable,Narrow CPR; Wide CPR rules not applied,0,0,0,0
2026-10-05,2026-10-05,CM,NSE,STK,3247,INE439T01012,NITIRAJ,EQ,,,,,NITIRAJ ENGINEERS LTD,205.0,205.0,200.31,202.14,202.0,200.9,,202.14,,,353,71669.16,25,F1,1,,,,,,Cash Only,Unclassified,False,202.48333333333335,202.655,202.3116666666667,202.655,202.3116666666667,0.3433333333333053,0.16984927937731537,Narrow,Bearish,Below CPR,False,True,0.13333333333333333,60,583376.235,Lower,True,Risk Off,True,12.018571428571425,214.3396,204.00679999999997,0.028566900431868984,0.12285238187668034,False,False,No setup,Neutral,0,Not applicable,No directional setup; confirmation score not applicable.,Narrow CPR,Not applicable,Not applicable,Narrow CPR; Wide CPR rules not applied,0,0,0,0
2026-10-05,2026-10-05,CM,NSE,STK,5751,INE953O01021,SANSERA,EQ,,,,,SANSERA ENGINEERING LTD,4282.5,4348.0,4212.7,4291.3,4266.0,4276.6,,4291.43,,,300321,1288973031.1,46322,F1,1,,,,,,Cash Only,Unclassified,False,4284.0,4280.35,4287.65,4287.65,4280.35,7.299999999999272,0.1701116211870359,Narrow,Bullish,Above CPR,True,False,0.15,60,823106404.75,Lower,True,Risk Off,True,238.89999999999992,3923.34,3450.561,0.03055671829216942,1.565985908579458,True,True,No setup,Neutral,0,Not applicable,No directional setup; confirmation score not applicable.,Narrow CPR,Not applicable,Not applicable,Narrow CPR; Wide CPR rules not applied,0,0,0,0
2026-10-05,2026-10-05,CM,NSE,STK,757885,INE0CZ201020,ANTHEM,EQ,,,,,ANTHEM BIOSCIENCES LTD,855.95,858.85,840.6,851.9,850.5,855.75,,851.9,,,292397,248729303.05,21858,F1,1,,,,,,Cash Only,Healthcare,True,850.4499999999999,849.725,851.1749999999998,851.1749999999998,849.725,1.449999999999818,0.17020777086510366,Narrow,Bullish,Above CPR,True,False,0.18333333333333332,60,530978797.35,Inside,True,Risk Off,True,27.946428571428562,879.578,825.475,0.05188498402555261,0.4684354710420717,False,True,No setup,Neutral,0,Not applicable,No directional setup; confirmation score not applicable.,Narrow CPR,Not applicable,Not applicable,Narrow CPR; Wide CPR rules not applied,0,0,0,0
2026-10-05,2026-10-05,CM,NSE,STK,17728,INE563J01010,ASTEC,EQ,,,,,ASTEC LIFESCIENCES LTD,708.6,721.75,700.0,712.7,712.8,708.6,,712.7,,,30766,21881688.6,2250,F1,1,,,,,,Cash Only,Unclassified,False,711.4833333333332,710.875,712.0916666666665,712.0916666666665,710.875,1.2166666666664696,0.1707123146718773,Narrow,Bullish,Above CPR,True,False,0.26666666666666666,60,21684821.575000003,Higher,True,Risk Off,False,51.692857142857164,645.886,689.1325,0.023536456174285708,1.0090785632853425,True,True,No setup,Neutral,0,Not applicable,No directional setup; confirmation score not applicable.,Narrow CPR,Not applicable,Not applicable,Narrow CPR; Wide CPR rules not applied,0,0,0,0
2026-10-05,2026-10-05,CM,NSE,STK,19061,INE522D01027,MANAPPURAM,EQ,,,,,MANAPPURAM FINANCE LTD,311.0,314.45,308.55,310.7,310.7,308.9,,310.7,,,3951162,1228882833.35,28549,F1,1,,,,,,F&O + Cash,Financial Services,True,311.23333333333335,311.5,310.9666666666667,311.5,310.9666666666667,0.533333333333303,0.17165540178091504,Narrow,Bearish,Below CPR,False,True,0.18333333333333332,60,1439925475.225,Higher,True,Risk Off,True,9.978571428571419,341.962,331.85949999999997,0.05344786447148353,0.8534350245855447,False,False,No setup,Neutral,0,Not applicable,No directional setup; confirmation score not applicable.,Narrow CPR,Not applicable,Not applicable,Narrow CPR; Wide CPR rules not applied,0,0,0,0
2026-10-05,2026-10-05,CM,NSE,STK,955,INE284A01012,ESABINDIA,EQ,,,,,ESAB INDIA LTD,5520.0,5549.0,5450.5,5514.0,5549.0,5500.5,,5514.02,,,1802,9898534.5,761,F1,1,,,,,,Cash Only,Unclassified,False,5504.5,5499.75,5509.25,5509.25,5499.75,9.5,0.1722887196227784,Narrow,Bullish,Above CPR,True,False,0.3,60,18906833.75,Lower,True,Risk Off,False,125.85714285714286,5838.16,5923.145,0.07548240635641316,0.5235426846655379,False,False,No setup,Neutral,0,Not applicable,No directional setup; confirmation score not applicable.,Narrow CPR,Not applicable,Not applicable,Narrow CPR; Wide CPR rules not applied,0,0,0,0
2026-10-05,2026-10-05,CM,NSE,STK,11407,INE445C01015,XPROINDIA,EQ,,,,,XPRO INDIA LIMITED,1129.1,1158.9,1125.0,1139.0,1125.0,1136.2,,1139.01,,,13727,15626699.5,1928,F1,1,,,,,,Cash Only,Unclassified,False,1140.9666666666667,1141.95,1139.9833333333333,1141.95,1139.9833333333333,1.966666666666697,0.17266608135791894,Narrow,Bearish,Below CPR,False,True,0.16666666666666666,60,56169313.8,Overlapping,True,Risk Off,True,51.14285714285716,1212.69,1244.5459999999998,0.03845437616387395,0.27820705724911315,False,False,No setup,Neutral,0,Not applicable,No directional setup; confirmation score not applicable.,Narrow CPR,Not applicable,Not applicable,Narrow CPR; Wide CPR rules not applied,0,0,0,0
2026-10-05,2026-10-05,CM,NSE,STK,22675,INE646H01017,CAPITALSFB,EQ,,,,,CAPITAL SMALL FIN BANK L,278.0,286.9,273.65,279.55,276.1,277.5,,279.52,,,32415,9049566.6,1184,F1,1,,,,,,Cash Only,Unclassified,False,280.0333333333333,280.275,279.79166666666663,280.275,279.79166666666663,0.4833333333333485,0.17289691766530083,Narrow,Bearish,Below CPR,False,True,0.31666666666666665,60,7186892.425000001,Inside,True,Risk Off,False,10.085714285714273,285.363,284.9635,0.04792256846081365,1.259176576585533,False,False,No setup,Neutral,0,Not applicable,No directional setup; confirmation score not applicable.,Narrow CPR,Not applicable,Not applicable,Narrow CPR; Wide CPR rules not applied,0,0,0,0
2026-10-05,2026-10-05,CM,NSE,STK,15409,INE317F01035,NESCO,EQ,,,,,NESCO LTD.,1045.0,1051.5,1027.1,1036.6,1030.0,1028.2,,1036.53,,,31885,33133909.1,5796,F1,1,,,,,,Cash Only,Unclassified,False,1038.3999999999999,1039.3,1037.4999999999998,1039.3,1037.4999999999998,1.800000000000182,0.17364460737026646,Narrow,Bearish,Below CPR,False,True,0.26666666666666666,60,34993931.75,Higher,True,Risk Off,False,35.50714285714291,1056.612,1096.4740000000002,0.050694025347017724,0.9468472801716544,False,False,No setup,Neutral,0,Not applicable,No directional setup; confirmation score not applicable.,Narrow CPR,Not applicable,Not applicable,Narrow CPR; Wide CPR rules not applied,0,0,0,0
2026-10-05,2026-10-05,CM,NSE,STK,20453,INE071F01012,APCL,EQ,,,,,ANJANI PORTLAND CEM LTD,96.99,96.99,91.5,94.0,93.3,94.76,,94.0,,,3410,320265.12,184,F1,1,,,,,,Cash Only,Unclassified,False,94.16333333333334,94.245,94.08166666666668,94.245,94.08166666666668,0.1633333333333269,0.1737588652482201,Narrow,Bearish,Below CPR,False,True,0.11666666666666667,60,512644.28,Lower,True,Risk Off,True,4.647857142857142,100.39920000000001,105.8592,0.03514164233389545,0.6247316755392257,False,False,No setup,Neutral,0,Not applicable,No directional setup; confirmation score not applicable.,Narrow CPR,Not applicable,Not applicable,Narrow CPR; Wide CPR rules not applied,0,-2,0,-2
2026-10-05,2026-10-05,CM,NSE,STK,13750,INE09N301011,FLUOROCHEM,EQ,,,,,GUJARAT FLUOROCHEM LTD,4399.0,4493.5,4343.0,4429.8,4458.1,4341.5,,4429.75,,,137290,603632257.1,25321,F1,1,,,,,,Cash Only,Chemicals,True,4422.099999999999,4418.25,4425.949999999999,4425.949999999999,4418.25,7.699999999998909,0.17382274594787367,Narrow,Bullish,Above CPR,True,False,0.2833333333333333,60,561165892.4,Higher,True,Risk Off,False,135.1785714285713,4578.398,4217.428000000001,0.056961690885064635,1.0756752419830427,False,True,No setup,Neutral,0,Not applicable,No directional setup; confirmation score not applicable.,Narrow CPR,Not applicable,Not applicable,Narrow CPR; Wide CPR rules not applied,0,0,0,0
2026-10-05,2026-10-05,CM,NSE,STK,10217,INE931S01010,ADANIENSOL,EQ,,,,,ADANI ENERGY SOLUTION LTD,1336.1,1377.8,1336.1,1353.4,1353.4,1326.4,,1353.37,,,2095376,2833548362.1,52835,F1,1,,,,,,F&O + Cash,Power,True,1355.7666666666667,1356.9499999999998,1354.5833333333335,1356.9499999999998,1354.5833333333335,2.366666666666333,0.17486823309194127,Narrow,Bearish,Below CPR,False,True,0.21666666666666667,60,2735169762.45,Higher,True,Risk Off,True,44.23571428571428,1498.592,1514.3870000000002,0.05350126486893052,1.0359680049847724,False,False,No setup,Neutral,0,Not applicable,No directional setup; confirmation score not applicable.,Narrow CPR,Not applicable,Not applicable,Narrow CPR; Wide CPR rules not applied,0,0,0,0
2026-10-05,2026-10-05,CM,NSE,STK,18962,INE451D01029,RAJRATAN,EQ,,,,,RAJRATAN GLOBAL WIRE LTD,453.55,460.7,450.9,454.6,454.3,453.55,,454.57,,,46941,21399988.85,5474,F1,1,,,,,,Cash Only,Unclassified,False,455.3999999999999,455.79999999999995,454.9999999999999,455.79999999999995,454.9999999999999,0.8000000000000682,0.1759788825341109,Narrow,Bearish,Below CPR,False,True,0.1,60,47260658.175,Higher,True,Risk Off,True,20.742857142857137,493.29299999999995,469.9085,0.038567493112950955,0.4528076771753508,False,False,No setup,Neutral,0,Not applicable,No directional setup; confirmation score not applicable.,Narrow CPR,Not applicable,Not applicable,Narrow CPR; Wide CPR rules not applied,0,-2,0,-2
2026-10-05,2026-10-05,CM,NSE,STK,16675,INE918I01026,BAJAJFINSV,EQ,,,,,BAJAJ FINSERV LTD.,1744.8,1760.9,1732.6,1751.4,1751.4,1732.6,,1751.28,,,1075845,1878276235.4,58324,F1,1,,,,,,F&O + Cash,Financial Services,True,1748.3,1746.75,1749.85,1749.85,1746.75,3.099999999999909,0.1770012561379416,Narrow,Bullish,Above CPR,True,False,0.3333333333333333,60,1526606215.05,Higher,True,Risk Off,False,38.49285714285712,1938.886,1864.4240000000002,0.0805344219706787,1.2303606633348352,False,False,No setup,Neutral,0,Not applicable,No directional setup; confirmation score not applicable.,Narrow CPR,Not applicable,Not applicable,Narrow CPR; Wide CPR rules not applied,0,0,0,0
2026-10-05,2026-10-05,CM,NSE,STK,765010,INE290E01011,YOGI,EQ,,,,,YOGI LTD.,162.85,162.85,158.0,160.0,160.0,159.35,,160.01,,,320,50928.84,9,F1,1,,,,,,Cash Only,Unclassified,False,160.28333333333333,160.425,160.14166666666665,160.425,160.14166666666665,0.28333333333335986,0.1770833333333499,Narrow,Bearish,Below CPR,False,True,0.24242424242424243,33,99926.75,Higher,True,Risk Off,True,6.142142857142853,,,0.04612939489088313,0.5096617272151851,False,False,No setup,Neutral,0,Not applicable,No directional setup; confirmation score not applicable.,Narrow CPR,Not applicable,Not applicable,Narrow CPR; Wide CPR rules not applied,0,0,0,0
2026-10-05,2026-10-05,CM,NSE,STK,757645,INE0LEZ01016,ATHERENERG,EQ,,,,,ATHER ENERGY LIMITED,1411.1,1423.8,1388.5,1409.9,1409.9,1406.1,,1409.99,,,3319066,4670252563.0,106084,F1,1,,,,,,F&O + Cash,Automobile and Auto Components,True,1407.4000000000003,1406.15,1408.6500000000005,1408.6500000000005,1406.15,2.5000000000004547,0.17731754025111388,Narrow,Bullish,Above CPR,True,False,0.16666666666666666,60,4940431466.299999,Higher,True,Risk Off,True,59.65714285714286,1487.7,1273.531,0.04190613026820685,0.9453126907754997,False,True,No setup,Neutral,0,Not applicable,No directional setup; confirmation score not applicable.,Narrow CPR,Not applicable,Not applicable,Narrow CPR; Wide CPR rules not applied,0,0,0,0
2026-10-05,2026-10-05,CM,NSE,STK,3384,INE277A01016,SWARAJENG,EQ,,,,,SWARAJ ENGINES LTD,3559.9,3573.3,3510.0,3532.2,3549.9,3542.7,,3532.17,,,8535,30148657.5,2518,F1,1,,,,,,Cash Only,Unclassified,False,3538.5,3541.65,3535.35,3541.65,3535.35,6.300000000000182,0.17835909631391716,Narrow,Bearish,Below CPR,False,True,0.6333333333333333,60,23619523.6,Lower,True,Risk Off,False,59.72857142857145,3578.224,3685.885,0.10547715857450672,1.2764295339132072,False,False,No setup,Neutral,0,Not applicable,No directional setup; confirmation score not applicable.,Narrow CPR,Not applicable,Not applicable,Narrow CPR; Wide CPR rules not applied,0,0,0,0
2026-10-05,2026-10-05,CM,NSE,STK,15883,INE05AN01011,HINDWAREAP,EQ,,,,,HINDWARE HME INOVATON LTD,173.72,174.18,170.0,171.63,171.42,170.53,,171.63,,,56164,9639976.32,1656,F1,1,,,,,,Cash Only,Unclassified,False,171.93666666666664,172.09,171.78333333333327,172.09,171.78333333333327,0.3066666666667288,0.17867894113309377,Narrow,Bearish,Below CPR,False,True,0.11666666666666667,60,17155072.295,Higher,True,Risk Off,True,7.103571428571428,192.7762,214.232,0.04317077258254604,0.5619315473715408,False,False,No setup,Neutral,0,Not applicable,No directional setup; confirmation score not applicable.,Narrow CPR,Not applicable,Not applicable,Narrow CPR; Wide CPR rules not applied,0,0,0,0
2026-10-05,2026-10-05,CM,NSE,STK,2616,INE497B01018,SEAMECLTD,EQ,,,,,SEAMEC LIMITED,1594.7,1611.9,1552.4,1577.9,1574.0,1594.7,,1577.9,,,48124,75786704.8,5278,F1,1,,,,,,Cash Only,Unclassified,False,1580.7333333333336,1582.15,1579.316666666667,1582.15,1579.316666666667,2.83333333333303,0.179563554935866,Narrow,Bearish,Below CPR,False,True,0.2,60,78799721.6,Lower,True,Risk Off,True,65.00714285714287,1627.63,1562.145,0.04358495403435053,0.9617636111039256,False,True,No setup,Neutral,0,Not applicable,No directional setup; confirmation score not applicable.,Narrow CPR,Not applicable,Not applicable,Narrow CPR; Wide CPR rules not applied,0,0,0,0
2026-10-05,2026-10-05,CM,NSE,STK,18011,INE716A01013,WHIRLPOOL,EQ,,,,,WHIRLPOOL OF INDIA LTD,867.6,888.7,850.1,871.75,870.1,861.65,,871.76,,,825507,721036980.2,38181,F1,1,,,,,,Cash Only,Consumer Durables,True,870.1833333333334,869.4000000000001,870.9666666666667,870.9666666666667,869.4000000000001,1.566666666666606,0.17971513239651346,Narrow,Bullish,Above CPR,True,False,0.23333333333333334,60,215124296.875,Inside,True,Risk Off,True,50.746428571428574,800.7470000000001,803.8865,0.030872451732468834,3.351722658361391,True,True,No setup,Neutral,0,Not applicable,No directional setup; confirmation score not applicable.,Narrow CPR,Not applicable,Not applicable,Narrow CPR; Wide CPR rules not applied,0,0,0,0
2026-10-05,2026-10-05,CM,NSE,STK,20374,INE522F01014,COALINDIA,EQ,,,,,COAL INDIA LTD,425.0,430.9,421.6,425.1,425.1,420.4,,425.1,,,7764099,3306445074.9,103761,F1,1,,,,,,F&O + Cash,Oil Gas & Consumable Fuels,True,425.8666666666666,426.25,425.48333333333323,426.25,425.48333333333323,0.7666666666667652,0.18034972163414847,Narrow,Bearish,Below CPR,False,True,0.38333333333333336,60,2436837437.95,Higher,True,Risk Off,False,8.064285714285708,415.264,431.466,0.09506938293476282,1.3568591090268054,True,False,No setup,Neutral,0,Not applicable,No directional setup; confirmation score not applicable.,Narrow CPR,Not applicable,Not applicable,Narrow CPR; Wide CPR rules not applied,0,0,0,0
2026-10-05,2026-10-05,CM,NSE,STK,14134,INE450D01021,PITTIENG,EQ,,,,,PITTI ENGINEERING LIMITED,1128.0,1143.1,1117.6,1127.3,1129.0,1123.8,,1127.24,,,44959,50816867.4,4665,F1,1,,,,,,Cash Only,Unclassified,False,1129.3333333333333,1130.35,1128.3166666666666,1130.35,1128.3166666666666,2.033333333333303,0.18037198024778703,Narrow,Bearish,Below CPR,False,True,0.23333333333333334,60,67726175.9,Higher,True,Risk Off,True,42.15714285714288,1068.5339999999999,1008.4915,0.04823223765954969,0.7503283143438192,True,True,No setup,Neutral,0,Not applicable,No directional setup; confirmation score not applicable.,Narrow CPR,Not applicable,Not applicable,Narrow CPR; Wide CPR rules not applied,0,-2,0,-2
2026-10-05,2026-10-05,CM,NSE,STK,3721,INE151A01013,TATACOMM,EQ,,,,,TATA COMMUNICATIONS LTD,1683.0,1697.6,1647.7,1677.2,1680.0,1683.0,,1677.17,,,88150,147556532.9,12848,F1,1,,,,,,Cash Only,Telecommunication,True,1674.1666666666667,1672.65,1675.6833333333334,1675.6833333333334,1672.65,3.033333333333303,0.1808569838619904,Narrow,Bullish,Above CPR,True,False,0.26666666666666666,60,355635226.7,Overlapping,True,Risk Off,False,51.75,1724.302,1807.8719999999998,0.058615136876005856,0.4149097778338841,False,False,No setup,Neutral,0,Not applicable,No directional setup; confirmation score not applicable.,Narrow CPR,Not applicable,Not applicable,Narrow CPR; Wide CPR rules not applied,0,0,0,0
2026-10-05,2026-10-05,CM,NSE,STK,13786,INE813H01021,TORNTPOWER,EQ,,,,,TORRENT POWER LTD,1245.4,1249.1,1226.0,1234.2,1235.0,1242.9,,1234.28,,,191786,236817433.2,17064,F1,1,,,,,,Cash Only,Power,True,1236.4333333333334,1237.55,1235.3166666666668,1237.55,1235.3166666666668,2.233333333333121,0.1809539242694151,Narrow,Bearish,Below CPR,False,True,0.36666666666666664,60,359576138.4,Inside,True,Risk Off,False,31.714285714285747,1294.6860000000001,1364.104,0.07042042042041366,0.658601636509482,False,False,No setup,Neutral,0,Not applicable,No directional setup; confirmation score not applicable.,Narrow CPR,Not applicable,Not applicable,Narrow CPR; Wide CPR rules not applied,0,0,0,0
2026-10-05,2026-10-05,CM,NSE,STK,13,INE117A01022,ABB,EQ,,,,,ABB INDIA LIMITED,6950.0,6981.0,6846.5,6895.0,6895.0,6900.0,,6894.98,,,157334,1086841049.5,28656,F1,1,,,,,,F&O + Cash,Capital Goods,True,6907.5,6913.75,6901.25,6913.75,6901.25,12.5,0.18129079042784627,Narrow,Bearish,Below CPR,False,True,0.25,60,1443720083.75,Higher,True,Risk Off,True,186.78571428571428,7364.0,7173.61,0.06692160611854685,0.7528059363675109,False,False,No setup,Neutral,0,Not applicable,No directional setup; confirmation score not applicable.,Narrow CPR,Not applicable,Not applicable,Narrow CPR; Wide CPR rules not applied,0,0,0,0
2026-10-05,2026-10-05,CM,NSE,STK,17486,INE201K01015,EXPLEOSOL,EQ,,,,,EXPLEO SOLUTIONS LIMITED,853.05,881.55,850.05,863.45,860.75,848.75,,864.02,,,20948,18210783.8,2619,F1,1,,,,,,Cash Only,Unclassified,False,865.0166666666668,865.8,864.2333333333336,865.8,864.2333333333336,1.5666666666663787,0.18144266218847396,Narrow,Bearish,Below CPR,False,True,0.21666666666666667,60,19235359.475,Higher,True,Risk Off,True,26.18214285714286,863.643,851.846,0.05983722093392252,0.9467347789194358,False,True,No setup,Neutral,0,Not applicable,No directional setup; confirmation score not applicable.,Narrow CPR,Not applicable,Not applicable,Narrow CPR; Wide CPR rules not applied,0,0,0,0
2026-10-05,2026-10-05,CM,NSE,STK,7603,INE925R01014,CMSINFO,EQ,,,,,CMS INFO SYSTEMS LIMITED,221.68,222.0,217.16,218.98,219.45,220.69,,218.99,,,696321,152788370.77,17649,F1,1,,,,,,Cash Only,Unclassified,False,219.38,219.57999999999998,219.18,219.57999999999998,219.18,0.39999999999997726,0.18266508356926536,Narrow,Bearish,Below CPR,False,True,0.25,60,153459571.885,Inside,True,Risk Off,True,7.760714285714286,247.924,269.0365,0.05154164749194368,0.9956262023492222,False,False,No setup,Neutral,0,Not applicable,No directional setup; confirmation score not applicable.,Narrow CPR,Not applicable,Not applicable,Narrow CPR; Wide CPR rules not applied,0,0,0,0
2026-10-05,2026-10-05,CM,NSE,STK,13740,INE635A01023,SHYAMTEL,EQ,,,,,SHYAM TELECOM LIMITED,10.79,11.3,10.5,10.93,11.2,10.32,,10.93,,,6059,65508.79,42,F1,1,,,,,,Cash Only,Unclassified,False,10.910000000000002,10.9,10.920000000000003,10.920000000000003,10.9,0.020000000000003126,0.18298261665144672,Narrow,Bullish,Above CPR,True,False,0.1,60,82410.48999999999,Higher,True,Risk Off,True,0.8957142857142857,11.8036,10.880700000000001,0.022328548644341608,0.7949083909099437,False,True,No setup,Neutral,0,Not applicable,No directional setup; confirmation score not applicable.,Narrow CPR,Not applicable,Not applicable,Narrow CPR; Wide CPR rules not applied,0,0,0,0
2026-10-05,2026-10-05,CM,NSE,STK,28879,INE0V7W01012,CARRARO,EQ,,,,,CARRARO INDIA LIMITED,518.5,526.45,508.5,518.9,520.5,518.1,,518.91,,,114896,59448142.45,9188,F1,1,,,,,,Cash Only,Unclassified,False,517.9499999999999,517.475,518.4249999999998,518.4249999999998,517.475,0.9499999999998181,0.183079591443403,Narrow,Bullish,Above CPR,True,False,0.26666666666666666,60,50145106.825,Outside,True,Risk Off,False,16.528571428571436,530.931,541.053,0.05747623163352397,1.1855223014573766,False,False,No setup,Neutral,0,Not applicable,No directional setup; confirmation score not applicable.,Narrow CPR,Not applicable,Not applicable,Narrow CPR; Wide CPR rules not applied,0,-2,0,-2
2026-10-05,2026-10-05,CM,NSE,STK,10666,INE160A01022,PNB,EQ,,,,,PUNJAB NATIONAL BANK,110.65,113.58,110.5,112.35,112.35,109.57,,112.34,,,12282429,1379692894.18,66058,F1,1,,,,,,F&O + Cash,Financial Services,True,112.14333333333332,112.03999999999999,112.24666666666664,112.24666666666664,112.03999999999999,0.20666666666664923,0.18394896899568247,Narrow,Bullish,Above CPR,True,False,0.36666666666666664,60,1334668230.3400002,Higher,True,Risk Off,False,2.730714285714287,115.16279999999999,110.6188,0.07568227395587465,1.0337347235938403,False,True,No setup,Neutral,0,Not applicable,No directional setup; confirmation score not applicable.,Narrow CPR,Not applicable,Not applicable,Narrow CPR; Wide CPR rules not applied,0,0,0,0
2026-10-05,2026-10-05,CM,NSE,STK,23650,INE414G01012,MUTHOOTFIN,EQ,,,,,MUTHOOT FINANCE LIMITED,2711.0,2747.8,2700.0,2716.4,2716.4,2697.1,,2716.44,,,499788,1359947568.3,40424,F1,1,,,,,,F&O + Cash,Financial Services,True,2721.4,2723.9,2718.9,2723.9,2718.9,5.0,0.1840671476954793,Narrow,Bearish,Below CPR,False,True,0.25,60,2138775411.0500002,Overlapping,True,Risk Off,True,60.22142857142853,2905.94,3022.6310000000003,0.0830269244454988,0.635853377252151,False,False,No setup,Neutral,0,Not applicable,No directional setup; confirmation score not applicable.,Narrow CPR,Not applicable,Not applicable,Narrow CPR; Wide CPR rules not applied,0,0,0,0
2026-10-05,2026-10-05,CM,NSE,STK,11961,INE617A01013,SEMAC,EQ,,,,,SEMAC CONSTRUCTION LTD,242.4,242.4,237.0,239.04,239.04,241.99,,242.5,,,321,77479.12,32,F1,1,,,,,,Cash Only,Unclassified,False,239.48,239.7,239.26,239.7,239.26,0.4399999999999977,0.18406961178045422,Narrow,Bearish,Below CPR,False,True,0.08333333333333333,60,205714.355,Lower,True,Risk Off,True,12.63142857142857,289.0816,270.6176,0.034833748020809595,0.37663448425852436,False,False,No setup,Neutral,0,Not applicable,No directional setup; confirmation score not applicable.,Narrow CPR,Not applicable,Not applicable,Narrow CPR; Wide CPR rules not applied,0,0,0,0
2026-10-05,2026-10-05,CM,NSE,STK,24582,INE08NE01025,SANSTAR,EQ,,,,,SANSTAR LIMITED,105.0,107.19,102.85,104.73,103.35,103.0,,104.73,,,124564,13031485.61,4131,F1,1,,,,,,Cash Only,Unclassified,False,104.92333333333333,105.02,104.82666666666667,105.02,104.82666666666667,0.19333333333332803,0.18460167414621217,Narrow,Bearish,Below CPR,False,True,0.16666666666666666,60,18298672.189999998,Higher,True,Risk Off,True,3.645714285714285,110.2476,112.1058,0.05303030303030159,0.7121547112648724,False,False,No setup,Neutral,0,Not applicable,No directional setup; confirmation score not applicable.,Narrow CPR,Not applicable,Not applicable,Narrow CPR; Wide CPR rules not applied,0,0,0,0
2026-10-05,2026-10-05,CM,NSE,STK,275,INE406A01037,AUROPHARMA,EQ,,,,,AUROBINDO PHARMA LTD,1693.7,1696.0,1663.1,1674.9,1674.9,1676.8,,1674.9,,,958714,1605569421.2,39133,F1,1,,,,,,F&O + Cash,Healthcare,True,1678.0,1679.55,1676.45,1679.55,1676.45,3.099999999999909,0.18508567675681586,Narrow,Bearish,Below CPR,False,True,0.2833333333333333,60,1321204774.35,Outside,True,Risk Off,False,38.47857142857148,1646.822,1576.5959999999998,0.08056432151475529,1.2152313194522784,True,True,No setup,Neutral,0,Not applicable,No directional setup; confirmation score not applicable.,Narrow CPR,Not applicable,Not applicable,Narrow CPR; Wide CPR rules not applied,0,0,0,0
2026-10-05,2026-10-05,CM,NSE,STK,11377,INE457A01014,MAHABANK,EQ,,,,,BANK OF MAHARASHTRA,81.01,82.4,79.85,80.9,80.9,80.5,,80.9,,,13114830,1063529269.64,44761,F1,1,,,,,,F&O + Cash,Financial Services,True,81.05,81.125,80.975,81.125,80.975,0.15000000000000568,0.1854140914709588,Narrow,Bearish,Below CPR,False,True,0.16666666666666666,60,967897647.8050001,Higher,True,Risk Off,True,2.680000000000002,81.5586,82.3909,0.05597014925373343,1.0988034448186474,False,False,No setup,Neutral,0,Not applicable,No directional setup; confirmation score not applicable.,Narrow CPR,Not applicable,Not applicable,Narrow CPR; Wide CPR rules not applied,0,0,0,0
2026-10-05,2026-10-05,CM,NSE,STK,778,INE055C01020,KEEPLEARN,EQ,,,,,DSJ KEEP LEARNING LTD,1.87,1.87,1.72,1.79,1.8,1.84,,1.8,,,22959,41182.64,91,F1,1,,,,,,Cash Only,Unclassified,False,1.7933333333333332,1.795,1.7916666666666665,1.795,1.7916666666666665,0.0033333333333334103,0.1862197392923693,Narrow,Bearish,Below CPR,False,True,0.2,60,50991.134999999995,Lower,True,Risk Off,True,0.10999999999999989,1.8968,1.9362000000000001,0.030303030303031032,0.8076431324778317,False,False,No setup,Neutral,0,Not applicable,No directional setup; confirmation score not applicable.,Narrow CPR,Not applicable,Not applicable,Narrow CPR; Wide CPR rules not applied,0,0,0,0
2026-10-05,2026-10-05,CM,NSE,STK,13511,INE672B01032,MUNJALAU,EQ,,,,,MUNJAL AUTO IND. LTD.,105.9,106.88,103.65,105.56,105.7,104.07,,105.57,,,353413,37199729.55,4856,F1,1,,,,,,Cash Only,Unclassified,False,105.36333333333334,105.265,105.46166666666669,105.46166666666669,105.265,0.19666666666668675,0.1863079449286536,Narrow,Bullish,Above CPR,True,False,0.15,60,36717531.599999994,Inside,True,Risk Off,True,4.7749999999999995,108.5534,102.5159,0.0411867364746988,1.013132635255906,False,True,No setup,Neutral,0,Not applicable,No directional setup; confirmation score not applicable.,Narrow CPR,Not applicable,Not applicable,Narrow CPR; Wide CPR rules not applied,0,0,0,0
2026-10-05,2026-10-05,CM,NSE,STK,17675,INE270A01029,ALOKINDS,EQ,,,,,ALOK INDUSTRIES LIMITED,7.06,7.24,7.04,7.12,7.15,7.06,,7.12,,,9915737,70779166.32,8661,F1,1,,,,,,Cash Only,Unclassified,False,7.133333333333334,7.140000000000001,7.126666666666667,7.140000000000001,7.126666666666667,0.013333333333333641,0.18726591760300057,Narrow,Bearish,Below CPR,False,True,0.25,60,55207022.195,Higher,True,Risk Off,True,0.28428571428571453,9.5982,11.135700000000002,0.04690117252931428,1.2820681773053562,False,False,No setup,Neutral,0,Not applicable,No directional setup; confirmation score not applicable.,Narrow CPR,Not applicable,Not applicable,Narrow CPR; Wide CPR rules not applied,0,0,0,0
2026-10-05,2026-10-05,CM,NSE,STK,9599,INE148O01028,DELHIVERY,EQ,,,,,DELHIVERY LIMITED,403.25,404.85,398.0,400.3,400.3,400.0,,400.3,,,2579997,1036269947.3,50159,F1,1,,,,,,F&O + Cash,Services,True,401.05,401.425,400.675,401.425,400.675,0.75,0.1873594803897077,Narrow,Bearish,Below CPR,False,True,0.36666666666666664,60,1270922391.5749998,Overlapping,True,Risk Off,False,12.37857142857143,449.819,460.19199999999995,0.060588574725908825,0.8153683924128482,False,False,No setup,Neutral,0,Not applicable,No directional setup; confirmation score not applicable.,Narrow CPR,Not applicable,Not applicable,Narrow CPR; Wide CPR rules not applied,0,0,0,0
2026-10-05,2026-10-05,CM,NSE,STK,2031,INE101A01026,M&M,EQ,,,,,MAHINDRA & MAHINDRA LTD,2857.5,2874.0,2825.1,2857.6,2857.6,2860.0,,2857.62,,,3307236,9428271585.7,151408,F1,1,,,,,,F&O + Cash,Automobile and Auto Components,True,2852.2333333333336,2849.55,2854.916666666667,2854.916666666667,2849.55,5.366666666666788,0.18780328480776834,Narrow,Bullish,Above CPR,True,False,0.3,60,6227180570.950001,Lower,True,Risk Off,False,64.75714285714285,3235.2660000000005,3167.413,0.082873740716231,1.5140514199448774,False,False,No setup,Neutral,0,Not applicable,No directional setup; confirmation score not applicable.,Narrow CPR,Not applicable,Not applicable,Narrow CPR; Wide CPR rules not applied,0,0,0,0
2026-10-05,2026-10-05,CM,NSE,STK,19783,INE08KJ01020,MUFIN,EQ,,,,,MUFIN GREEN FINANCE LTD,131.3,134.43,130.6,132.89,132.5,130.59,,132.89,,,1067885,141980875.22,7170,F1,1,,,,,,Cash Only,Unclassified,False,132.64,132.515,132.765,132.765,132.515,0.25,0.18812551734517272,Narrow,Bullish,Above CPR,True,False,0.31666666666666665,60,97218960.32499999,Higher,True,Risk Off,False,4.221428571428572,133.9172,129.6873,0.059221658206429766,1.4604237151411854,False,True,No setup,Neutral,0,Not applicable,No directional setup; confirmation score not applicable.,Narrow CPR,Not applicable,Not applicable,Narrow CPR; Wide CPR rules not applied,0,0,0,0
2026-10-05,2026-10-05,CM,NSE,STK,13072,INE489L01022,IIFLCAPS,EQ,,,,,IIFL CAPITAL SERVICES LTD,346.9,346.9,341.55,345.2,346.0,345.6,,345.2,,,319157,110131938.85,5033,F1,1,,,,,,Cash Only,Unclassified,False,344.55,344.225,344.875,344.875,344.225,0.6499999999999773,0.18829663962919388,Narrow,Bullish,Above CPR,True,False,0.55,60,102017483.45,Overlapping,True,Risk Off,False,5.407142857142852,338.486,339.829,0.12021136063407781,1.0795398506764478,True,True,No setup,Neutral,0,Not applicable,No directional setup; confirmation score not applicable.,Narrow CPR,Not applicable,Not applicable,Narrow CPR; Wide CPR rules not applied,0,0,0,0
2026-10-05,2026-10-05,CM,NSE,STK,4503,INE356A01018,MPHASIS,EQ,,,,,MPHASIS LIMITED,2277.8,2342.0,2239.2,2297.1,2297.1,2250.2,,2296.98,,,1107616,2543702057.6,42255,F1,1,,,,,,F&O + Cash,Information Technology,True,2292.7666666666664,2290.6,2294.933333333333,2294.933333333333,2290.6,4.33333333333303,0.18864365214109227,Narrow,Bullish,Above CPR,True,False,0.21666666666666667,60,999966761.4000001,Higher,True,Risk Off,True,72.97857142857141,2378.028,2327.82,0.05937816058203233,2.5437866095055983,False,False,No setup,Neutral,0,Not applicable,No directional setup; confirmation score not applicable.,Narrow CPR,Not applicable,Not applicable,Narrow CPR; Wide CPR rules not applied,0,0,0,0
2026-10-05,2026-10-05,CM,NSE,STK,23693,INE065X01017,INDGN,EQ,,,,,INDEGENE LIMITED,598.25,605.5,588.0,598.45,597.0,593.5,,598.45,,,510522,305671537.7,30939,F1,1,,,,,,Cash Only,Healthcare,True,597.3166666666667,596.75,597.8833333333334,597.8833333333334,596.75,1.1333333333334394,0.18937811568776663,Narrow,Bullish,Above CPR,True,False,0.35,60,203375530.8,Higher,True,Risk Off,False,20.117857142857158,571.7270000000001,542.552,0.05633469436061828,1.502990730977357,True,True,No setup,Neutral,0,Not applicable,No directional setup; confirmation score not applicable.,Narrow CPR,Not applicable,Not applicable,Narrow CPR; Wide CPR rules not applied,0,0,0,0
2026-10-05,2026-10-05,CM,NSE,STK,3063,INE205A01025,VEDL,EQ,,,,,VEDANTA LIMITED,253.3,256.6,252.05,255.05,255.05,252.05,,255.05,,,7161255,1822162887.05,63796,F1,1,,,,,,F&O + Cash,Metals & Mining,True,254.5666666666667,254.32500000000002,254.80833333333337,254.80833333333337,254.32500000000002,0.4833333333333485,0.18950532575312623,Narrow,Bullish,Above CPR,True,False,0.23333333333333334,60,2482615680.75,Higher,True,Risk Off,True,6.825000000000007,268.761,284.3285,0.07081807081807297,0.7339689752138854,False,False,No setup,Neutral,0,Not applicable,No directional setup; confirmation score not applicable.,Narrow CPR,Not applicable,Not applicable,Narrow CPR; Wide CPR rules not applied,0,0,0,0
2026-10-05,2026-10-05,CM,NSE,STK,2275,INE01GN01025,IRISDOREME,EQ,,,,,IRIS CLOTHINGS LIMITED,62.0,62.0,57.72,59.69,60.0,60.46,,59.69,,,439369,26104042.37,3868,F1,1,,,,,,Cash Only,Unclassified,False,59.803333333333335,59.86,59.74666666666667,59.86,59.74666666666667,0.11333333333332973,0.18986988328585983,Narrow,Bearish,Below CPR,False,True,0.26666666666666666,60,38292579.230000004,Lower,True,Risk Off,False,3.7964285714285717,58.3558,49.11259999999999,0.029852618375665402,0.6816997678116444,True,True,No setup,Neutral,0,Not applicable,No directional setup; confirmation score not applicable.,Narrow CPR,Not applicable,Not applicable,Narrow CPR; Wide CPR rules not applied,0,0,0,0
2026-10-05,2026-10-05,CM,NSE,STK,489,INE520Y01019,ICEMAKE,EQ,,,,,ICE MAKE REFRIGERAT LTD,623.5,634.4,619.1,628.55,621.35,623.65,,628.55,,,14078,8801212.55,1346,F1,1,,,,,,Cash Only,Unclassified,False,627.35,626.75,627.95,627.95,626.75,1.2000000000000455,0.1909155993954412,Narrow,Bullish,Above CPR,True,False,0.16666666666666666,60,19087698.875,Higher,True,Risk Off,True,22.871428571428574,742.7130000000001,763.1775,0.05246720799500511,0.461093430257711,False,False,No setup,Neutral,0,Not applicable,No directional setup; confirmation score not applicable.,Narrow CPR,Not applicable,Not applicable,Narrow CPR; Wide CPR rules not applied,0,0,0,0
2026-10-05,2026-10-05,CM,NSE,STK,20224,INE209L01016,JWL,EQ,,,,,JUPITER WAGONS LIMITED,224.2,226.99,218.61,223.44,222.85,223.93,,223.44,,,1604474,357447821.06,38089,F1,1,,,,,,Cash Only,Capital Goods,True,223.01333333333332,222.8,223.22666666666663,223.22666666666663,222.8,0.4266666666666197,0.1909535744122,Narrow,Bullish,Above CPR,True,False,0.18333333333333332,60,150192637.07999998,Lower,True,Risk Off,True,8.327857142857145,244.03100000000003,256.939,0.05123366783885989,2.3799290565063167,False,False,No setup,Neutral,0,Not applicable,No directional setup; confirmation score not applicable.,Narrow CPR,Not applicable,Not applicable,Narrow CPR; Wide CPR rules not applied,0,0,-2,-2
2026-10-05,2026-10-05,CM,NSE,STK,20092,INE488B01017,TASTYBITE,EQ,,,,,TASTY BITE EATABLES LTD,9415.0,9509.0,9300.0,9377.5,9509.0,9453.5,,9372.4,,,753,7065089.0,363,F1,1,,,,,,Cash Only,Unclassified,False,9395.5,9404.5,9386.5,9404.5,9386.5,18.0,0.19194881364969343,Narrow,Bearish,Below CPR,False,True,0.13333333333333333,60,30098068.5,Lower,True,Risk Off,True,304.10714285714283,9730.25,8980.64,0.05918966529653553,0.23473562763670366,False,True,No setup,Neutral,0,Not applicable,No directional setup; confirmation score not applicable.,Narrow CPR,Not applicable,Not applicable,Narrow CPR; Wide CPR rules not applied,0,0,0,0
2026-10-05,2026-10-05,CM,NSE,STK,144,INE850D01014,GODREJAGRO,EQ,,,,,GODREJ AGROVET LIMITED,633.5,651.45,626.65,640.9,641.5,631.9,,640.93,,,220599,141448567.55,18184,F1,1,,,,,,Cash Only,Unclassified,False,639.6666666666666,639.05,640.2833333333333,640.2833333333333,639.05,1.2333333333333485,0.19243771779268973,Narrow,Bullish,Above CPR,True,False,0.2,60,91104679.675,Higher,True,Risk Off,True,22.48571428571429,612.666,590.8879999999999,0.05484963998305869,1.5525938739326346,True,True,No setup,Neutral,0,Not applicable,No directional setup; confirmation score not applicable.,Narrow CPR,Not applicable,Not applicable,Narrow CPR; Wide CPR rules not applied,0,0,0,0
2026-10-05,2026-10-05,CM,NSE,STK,14908,INE291D01011,KDDL,EQ,,,,,KDDL LIMITED,3980.7,4032.6,3877.0,3943.4,3935.0,3911.2,,3943.98,,,28095,110457189.3,5548,F1,1,,,,,,Cash Only,Unclassified,False,3951.0,3954.8,3947.2,3954.8,3947.2,7.600000000000364,0.19272708829944626,Narrow,Bearish,Below CPR,False,True,0.16666666666666666,60,92925817.95,Higher,True,Risk Off,True,168.60714285714292,3817.21,3379.603,0.04507519593306717,1.188659855105424,True,True,No setup,Neutral,0,Not applicable,No directional setup; confirmation score not applicable.,Narrow CPR,Not applicable,Not applicable,Narrow CPR; Wide CPR rules not applied,0,0,0,0
2026-10-05,2026-10-05,CM,NSE,STK,236,INE021A01026,ASIANPAINT,EQ,,,,,ASIAN PAINTS LIMITED,2400.0,2409.0,2336.7,2366.0,2366.0,2407.0,,2366.01,,,916254,2159482779.3,71315,F1,1,,,,,,F&O + Cash,Consumer Durables,True,2370.5666666666666,2372.85,2368.2833333333333,2372.85,2368.2833333333333,4.566666666666606,0.1930121160890366,Narrow,Bearish,Below CPR,False,True,0.35,60,1596450205.1,Lower,True,Risk Off,False,45.06428571428575,2587.812,2631.8920000000003,0.10133671474612843,1.3526778175738545,False,False,No setup,Neutral,0,Not applicable,No directional setup; confirmation score not applicable.,Narrow CPR,Not applicable,Not applicable,Narrow CPR; Wide CPR rules not applied,0,0,0,0
2026-10-05,2026-10-05,CM,NSE,STK,19113,INE851I01011,UDS,EQ,,,,,UPDATER SERVICES LIMITED,209.6,211.98,208.43,210.82,211.0,208.55,,210.79,,,78015,16409346.87,2329,F1,1,,,,,,Cash Only,Unclassified,False,210.41,210.20499999999998,210.615,210.615,210.20499999999998,0.410000000000025,0.19447870221042834,Narrow,Bullish,Above CPR,True,False,0.21666666666666667,60,55618050.43,Higher,True,Risk Off,True,8.298571428571424,210.5084,197.4456,0.049406093992084295,0.2950363549807008,True,True,No setup,Neutral,0,Not applicable,No directional setup; confirmation score not applicable.,Narrow CPR,Not applicable,Not applicable,Narrow CPR; Wide CPR rules not applied,0,0,0,0
2026-10-05,2026-10-05,CM,NSE,STK,4684,INE073K01018,SONACOMS,EQ,,,,,SONA BLW PRECISION FRGS L,803.75,803.75,785.6,797.0,797.0,805.0,,796.87,,,2049996,1627012919.2,52308,F1,1,,,,,,F&O + Cash,Automobile and Auto Components,True,795.4499999999999,794.675,796.2249999999999,796.2249999999999,794.675,1.5499999999999545,0.1944792973651135,Narrow,Bullish,Above CPR,True,False,0.2833333333333333,60,1615132579.75,Lower,True,Risk Off,False,25.70714285714285,796.183,711.8385000000001,0.060294526257291946,1.007355643492647,True,True,No setup,Neutral,0,Not applicable,No directional setup; confirmation score not applicable.,Narrow CPR,Not applicable,Not applicable,Narrow CPR; Wide CPR rules not applied,0,0,0,0
2026-10-05,2026-10-05,CM,NSE,STK,23729,INE883F01010,AADHARHFC,EQ,,,,,AADHAR HOUSING FINANCE L,450.95,455.7,449.05,453.7,453.6,448.4,,453.66,,,255416,115369433.45,16741,F1,1,,,,,,Cash Only,Financial Services,True,452.81666666666666,452.375,453.2583333333333,453.2583333333333,452.375,0.8833333333333258,0.19469546690176898,Narrow,Bullish,Above CPR,True,False,0.3,60,123332257.65,Higher,True,Risk Off,False,13.564285714285708,475.79900000000004,485.981,0.06512199403194611,0.9354359974290148,False,False,No setup,Neutral,0,Not applicable,No directional setup; confirmation score not applicable.,Narrow CPR,Not applicable,Not applicable,Narrow CPR; Wide CPR rules not applied,0,0,0,0
2026-10-05,2026-10-05,CM,NSE,STK,1494,INE07T201019,RBA,EQ,,,,,RESTAURANT BRAND ASIA LTD,92.0,95.98,91.45,93.99,93.0,92.22,,94.0,,,4841004,457679054.42,45832,F1,1,,,,,,Cash Only,Unclassified,False,93.80666666666667,93.715,93.89833333333334,93.89833333333334,93.715,0.18333333333333712,0.19505621165372605,Narrow,Bullish,Above CPR,True,False,0.16666666666666666,60,285958655.615,Higher,True,Risk Off,True,3.4542857142857133,92.4942,81.6225,0.053074165977392895,1.600507784720444,True,True,No setup,Neutral,0,Not applicable,No directional setup; confirmation score not applicable.,Narrow CPR,Not applicable,Not applicable,Narrow CPR; Wide CPR rules not applied,0,0,0,0
2026-10-05,2026-10-05,CM,NSE,STK,15228,INE551W01018,UJJIVANSFB,EQ,,,,,UJJIVAN SMALL FINANC BANK,66.98,67.65,65.92,66.59,66.59,65.6,,66.6,,,16279797,1087087679.34,76308,F1,1,,,,,,F&O + Cash,Unclassified,False,66.72,66.785,66.655,66.785,66.655,0.12999999999999545,0.19522450818440523,Narrow,Bearish,Below CPR,False,True,0.13333333333333333,60,858477397.85,Higher,True,Risk Off,True,2.3057142857142865,68.00139999999999,63.0359,0.05638166047087781,1.2662973795961772,False,True,No setup,Neutral,0,Not applicable,No directional setup; confirmation score not applicable.,Narrow CPR,Not applicable,Not applicable,Narrow CPR; Wide CPR rules not applied,0,0,0,0
2026-10-05,2026-10-05,CM,NSE,STK,13648,INE187D01029,TALBROAUTO,EQ,,,,,TALBROS AUTO. COMP. LTD,421.0,422.45,408.0,416.45,417.3,419.7,,416.45,,,115228,47716171.7,6004,F1,1,,,,,,Cash Only,Unclassified,False,415.6333333333334,415.225,416.04166666666674,416.04166666666674,415.225,0.8166666666667197,0.19610197302598625,Narrow,Bullish,Above CPR,True,False,0.2,60,62125500.625,Lower,True,Risk Off,True,23.749999999999996,423.031,398.1315,0.03438596491228294,0.768060960796483,False,True,No setup,Neutral,0,Not applicable,No directional setup; confirmation score not applicable.,Narrow CPR,Not applicable,Not applicable,Narrow CPR; Wide CPR rules not applied,0,0,0,0
2026-10-05,2026-10-05,CM,NSE,STK,13560,INE536A01023,GRINDWELL,EQ,,,,,GRINDWELL NORTON LIMITED,1990.0,2023.1,1973.5,2004.2,2010.0,1975.8,,2004.16,,,78949,157733471.0,14222,F1,1,,,,,,Cash Only,Unclassified,False,2000.2666666666667,1998.3,2002.2333333333333,2002.2333333333333,1998.3,3.933333333333394,0.19625453214915647,Narrow,Bullish,Above CPR,True,False,0.2833333333333333,60,52490954.8,Higher,True,Risk Off,False,61.871428571428574,2014.468,2011.0130000000001,0.06357269298853327,3.004964790619507,False,False,No setup,Neutral,0,Not applicable,No directional setup; confirmation score not applicable.,Narrow CPR,Not applicable,Not applicable,Narrow CPR; Wide CPR rules not applied,0,0,0,0
2026-10-05,2026-10-05,CM,NSE,STK,5359,INE08LI01020,KRSNAA,EQ,,,,,KRSNAA DIAGNOSTICS LTD,555.0,564.1,551.3,559.35,560.35,554.85,,559.35,,,50372,28134524.85,5216,F1,1,,,,,,Cash Only,Unclassified,False,558.25,557.7,558.8,558.8,557.7,1.099999999999909,0.19665683382495916,Narrow,Bullish,Above CPR,True,False,0.21666666666666667,60,29923448.375,Higher,True,Risk Off,True,21.80000000000002,553.148,550.7909999999999,0.05045871559632606,0.9402166654530839,True,True,No setup,Neutral,0,Not applicable,No directional setup; confirmation score not applicable.,Narrow CPR,Not applicable,Not applicable,Narrow CPR; Wide CPR rules not applied,0,0,0,0
2026-10-05,2026-10-05,CM,NSE,STK,13577,INE540H01012,VOLTAMP,EQ,,,,,VOLTAMP TRANSFORMERS LTD,10452.0,10638.0,10421.0,10561.0,10555.0,10426.0,,10560.93,,,14532,153447962.0,7618,F1,1,,,,,,Cash Only,Unclassified,False,10540.0,10529.5,10550.5,10550.5,10529.5,21.0,0.19884480636303378,Narrow,Bullish,Above CPR,True,False,0.2833333333333333,60,239642564.0,Higher,True,Risk Off,False,307.35714285714283,10458.68,10048.055,0.0683244248198931,0.6403201478014565,True,True,No setup,Neutral,0,Not applicable,No directional setup; confirmation score not applicable.,Narrow CPR,Not applicable,Not applicable,Narrow CPR; Wide CPR rules not applied,0,0,0,0
2026-10-05,2026-10-05,CM,NSE,STK,23402,INE0R6Z01013,SRM,EQ,,,,,SRM CONTRACTORS LIMITED,405.25,405.6,394.1,398.65,396.35,398.75,,398.81,,,35369,14156780.0,2380,F1,1,,,,,,Cash Only,Unclassified,False,399.45,399.85,399.04999999999995,399.85,399.04999999999995,0.8000000000000682,0.20067728583972613,Narrow,Bearish,Below CPR,False,True,0.2,60,32471842.525,Overlapping,True,Risk Off,True,13.09642857142857,463.335,481.19,0.06108535587674369,0.43597094895679933,False,False,No setup,Neutral,0,Not applicable,No directional setup; confirmation score not applicable.,Narrow CPR,Not applicable,Not applicable,Narrow CPR; Wide CPR rules not applied,0,0,0,0
2026-10-05,2026-10-05,CM,NSE,STK,1782,INE694E01014,KANPRPLA,EQ,,,,,KANPUR PLASTIPACK LIMITED,246.0,260.0,246.0,252.24,256.0,245.55,,252.24,,,26865,6811605.3,747,F1,1,,,,,,Cash Only,Unclassified,False,252.74666666666667,253.0,252.49333333333334,253.0,252.49333333333334,0.5066666666666606,0.2008668992493897,Narrow,Bearish,Below CPR,False,True,0.08333333333333333,60,5540088.1,Higher,True,Risk Off,True,16.80428571428572,245.1376,220.91029999999998,0.03015103856725855,1.2295120902499728,True,True,No setup,Neutral,0,Not applicable,No directional setup; confirmation score not applicable.,Narrow CPR,Not applicable,Not applicable,Narrow CPR; Wide CPR rules not applied,0,0,0,0
2026-10-05,2026-10-05,CM,NSE,STK,24378,INE375Y01018,RELIABLE,EQ,,,,,RELIABLE DATA SERVICE LTD,141.96,144.89,140.75,142.39,142.5,140.73,,142.37,,,13416,1912493.17,339,F1,1,,,,,,Cash Only,Unclassified,False,142.67666666666665,142.82,142.5333333333333,142.82,142.5333333333333,0.28666666666669016,0.20132499941476942,Narrow,Bearish,Below CPR,False,True,0.21666666666666667,60,3153490.3049999997,Overlapping,True,Risk Off,True,5.672857142857138,140.9882,142.1942,0.05053303114245361,0.6064687013521673,True,True,No setup,Neutral,0,Not applicable,No directional setup; confirmation score not applicable.,Narrow CPR,Not applicable,Not applicable,Narrow CPR; Wide CPR rules not applied,0,0,0,0
2026-10-05,2026-10-05,CM,NSE,STK,23799,INE03JT01014,GODIGIT,EQ,,,,,GO DIGIT GENERAL INS LTD,256.3,257.95,252.6,256.05,257.4,256.3,,256.01,,,228010,58132736.75,13513,F1,1,,,,,,Cash Only,Financial Services,True,255.5333333333333,255.27499999999998,255.79166666666663,255.79166666666663,255.27499999999998,0.5166666666666515,0.20178350582567917,Narrow,Bullish,Above CPR,True,False,0.23333333333333334,60,89479826.69999999,Lower,True,Risk Off,True,9.857142857142847,257.027,280.66450000000003,0.05241545893719658,0.6496742214857241,False,False,No setup,Neutral,0,Not applicable,No directional setup; confirmation score not applicable.,Narrow CPR,Not applicable,Not applicable,Narrow CPR; Wide CPR rules not applied,0,0,0,0
2026-10-05,2026-10-05,CM,NSE,STK,757850,INE0S4R01014,CRIZAC,EQ,,,,,CRIZAC LIMITED,168.65,170.76,166.74,168.24,170.0,166.89,,168.23,,,186832,31442582.85,3756,F1,1,,,,,,Cash Only,Unclassified,False,168.58,168.75,168.41000000000003,168.75,168.41000000000003,0.339999999999975,0.20209224916784055,Narrow,Bearish,Below CPR,False,True,0.2,60,39423288.975,Higher,True,Risk Off,True,7.408571428571427,178.0512,191.7622,0.045892788276124676,0.7975636652218209,False,False,No setup,Neutral,0,Not applicable,No directional setup; confirmation score not applicable.,Narrow CPR,Not applicable,Not applicable,Narrow CPR; Wide CPR rules not applied,0,0,0,0
2026-10-05,2026-10-05,CM,NSE,STK,2004,INE00PV01013,AHLADA,EQ,,,,,AHLADA ENGINEERS LIMITED,37.06,39.0,37.05,37.91,37.51,37.06,,37.91,,,12512,468880.92,91,F1,1,,,,,,Cash Only,Unclassified,False,37.986666666666665,38.025,37.94833333333333,38.025,37.94833333333333,0.07666666666666799,0.20223335971160114,Narrow,Bearish,Below CPR,False,True,0.23333333333333334,60,336761.745,Higher,True,Risk Off,True,2.9214285714285717,37.6532,38.6914,0.02624286878565652,1.3923223969515897,True,False,No setup,Neutral,0,Not applicable,No directional setup; confirmation score not applicable.,Narrow CPR,Not applicable,Not applicable,Narrow CPR; Wide CPR rules not applied,0,0,-2,-2
2026-10-05,2026-10-05,CM,NSE,STK,7177,INE0CLI01024,RATEGAIN,EQ,,,,,RATEGAIN TRAVEL TECHN LTD,840.65,858.5,835.2,849.45,846.0,840.65,,849.45,,,304666,258699834.85,23158,F1,1,,,,,,Cash Only,Unclassified,False,847.7166666666667,846.85,848.5833333333334,848.5833333333334,846.85,1.7333333333333485,0.20405360331194872,Narrow,Bullish,Above CPR,True,False,0.2,60,273958049.125,Inside,True,Risk Off,True,27.400000000000002,898.0930000000001,861.8709999999999,0.06326034063260395,0.9443045593158022,False,False,No setup,Neutral,0,Not applicable,No directional setup; confirmation score not applicable.,Narrow CPR,Not applicable,Not applicable,Narrow CPR; Wide CPR rules not applied,0,0,0,0
2026-10-05,2026-10-05,CM,NSE,STK,11262,INE203G01027,IGL,EQ,,,,,INDRAPRASTHA GAS LTD,142.79,143.57,141.5,142.1,141.95,142.79,,142.1,,,948892,135229337.62,37995,F1,1,,,,,,Cash Only,Oil Gas & Consumable Fuels,True,142.39,142.535,142.24499999999998,142.535,142.24499999999998,0.29000000000002046,0.20408163265307563,Narrow,Bearish,Below CPR,False,True,0.38333333333333336,60,158708724.33999997,Overlapping,True,Risk Off,False,3.1949999999999954,150.0036,154.7339,0.0907668231611959,0.8520598863254655,False,False,No setup,Neutral,0,Not applicable,No directional setup; confirmation score not applicable.,Narrow CPR,Not applicable,Not applicable,Narrow CPR; Wide CPR rules not applied,0,0,0,0
2026-10-05,2026-10-05,CM,NSE,STK,357,INE298J01013,NAM-INDIA,EQ,,,,,NIPPON L I A M LTD,1049.0,1069.5,1046.0,1061.0,1061.0,1046.0,,1060.99,,,842149,892932405.2,43667,F1,1,,,,,,F&O + Cash,Financial Services,True,1058.8333333333333,1057.75,1059.9166666666665,1059.9166666666665,1057.75,2.166666666666515,0.20420986490730583,Narrow,Bullish,Above CPR,True,False,0.21666666666666667,60,1018175620.45,Higher,True,Risk Off,True,33.89999999999999,1166.488,1151.703,0.06391347099311255,0.8769925219829496,False,False,No setup,Neutral,0,Not applicable,No directional setup; confirmation score not applicable.,Narrow CPR,Not applicable,Not applicable,Narrow CPR; Wide CPR rules not applied,0,0,0,0
2026-10-05,2026-10-05,CM,NSE,STK,20160,INE068L01024,CANTABIL,EQ,,,,,CANTABIL RETAIL LTD,226.3,228.98,220.0,225.18,228.98,224.66,,225.23,,,172213,38511759.87,3103,F1,1,,,,,,Cash Only,Unclassified,False,224.72000000000003,224.49,224.95000000000005,224.95000000000005,224.49,0.4600000000000364,0.2042810196287576,Narrow,Bullish,Above CPR,True,False,0.21666666666666667,60,26526288.784999996,Lower,True,Risk Off,True,6.149285714285712,238.1634,235.96599999999998,0.07480543617145442,1.4518336953255786,False,False,No setup,Neutral,0,Not applicable,No directional setup; confirmation score not applicable.,Narrow CPR,Not applicable,Not applicable,Narrow CPR; Wide CPR rules not applied,0,0,0,0
2026-10-05,2026-10-05,CM,NSE,STK,15039,INE739E01017,CERA,EQ,,,,,CERA SANITARYWARE LTD,5096.5,5129.5,5014.5,5056.5,5050.0,5096.5,,5056.02,,,7444,37674788.5,2396,F1,1,,,,,,Cash Only,Unclassified,False,5066.833333333333,5072.0,5061.666666666666,5072.0,5061.666666666666,10.33333333333394,0.2043574277332926,Narrow,Bearish,Below CPR,False,True,0.38333333333333336,60,34907473.25,Lower,True,Risk Off,False,131.25,5758.33,5897.045,0.07873015873016335,1.0792757250053897,False,False,No setup,Neutral,0,Not applicable,No directional setup; confirmation score not applicable.,Narrow CPR,Not applicable,Not applicable,Narrow CPR; Wide CPR rules not applied,0,0,0,0
2026-10-05,2026-10-05,CM,NSE,STK,760981,INE501X01029,AYE,EQ,,,,,AYE FINANCE LIMITED,164.41,167.5,159.0,162.75,162.91,163.29,,162.75,,,898907,147652958.32,25351,F1,1,,,,,,Cash Only,Unclassified,False,163.08333333333334,163.25,162.91666666666669,163.25,162.91666666666669,0.3333333333333144,0.20481310803890287,Narrow,Bearish,Below CPR,False,True,0.15,60,134942912.315,Higher,True,Risk Off,True,8.767857142857142,173.32760000000002,165.69439999999997,0.03801765105227211,1.0941883185041292,False,False,No setup,Neutral,0,Not applicable,No directional setup; confirmation score not applicable.,Narrow CPR,Not applicable,Not applicable,Narrow CPR; Wide CPR rules not applied,0,0,0,0
2026-10-05,2026-10-05,CM,NSE,STK,17770,INE646C01018,GROBTEA,EQ,,,,,THE GROB TEA COMPANY LTD,879.0,879.0,872.0,872.8,872.0,878.5,,872.8,,,10,8759.0,3,F1,1,,,,,,Cash Only,Unclassified,False,874.6,875.5,873.7,875.5,873.7,1.7999999999999545,0.20623281393216714,Narrow,Bearish,Below CPR,False,True,0.3333333333333333,60,115366.29999999999,Lower,True,Risk Off,False,30.31428571428572,931.44,918.9834999999999,0.0593779453345885,0.0759233849052973,False,False,No setup,Neutral,0,Not applicable,No directional setup; confirmation score not applicable.,Narrow CPR,Not applicable,Not applicable,Narrow CPR; Wide CPR rules not applied,0,0,0,0
2026-10-05,2026-10-05,CM,NSE,STK,4014,INE725A01030,NAVA,EQ,,,,,NAVA LIMITED,555.0,564.85,552.0,556.7,559.15,552.5,,556.68,,,302296,168452794.3,19579,F1,1,,,,,,Cash Only,Power,True,557.85,558.425,557.2750000000001,558.425,557.2750000000001,1.1499999999998636,0.2065744566193396,Narrow,Bearish,Below CPR,False,True,0.21666666666666667,60,127269596.6,Higher,True,Risk Off,True,15.714285714285714,561.218,583.0535000000001,0.07318181818180951,1.323590227361497,False,False,No setup,Neutral,0,Not applicable,No directional setup; confirmation score not applicable.,Narrow CPR,Not applicable,Not applicable,Narrow CPR; Wide CPR rules not applied,0,0,0,0
2026-10-05,2026-10-05,CM,NSE,STK,371,INE176A01028,BATAINDIA,EQ,,,,,BATA INDIA LTD,613.0,617.9,608.0,611.05,611.0,613.0,,611.01,,,76879,47151780.45,6569,F1,1,,,,,,Cash Only,Consumer Durables,True,612.3166666666667,612.95,611.6833333333334,612.95,611.6833333333334,1.2666666666666515,0.20729345661838666,Narrow,Bearish,Below CPR,False,True,0.4,60,97962842.65,Lower,True,Risk Off,False,13.896428571428585,678.469,683.901,0.09115051829006993,0.4813231136877386,False,False,No setup,Neutral,0,Not applicable,No directional setup; confirmation score not applicable.,Narrow CPR,Not applicable,Not applicable,Narrow CPR; Wide CPR rules not applied,0,0,0,0
2026-10-05,2026-10-05,CM,NSE,STK,29113,INE752H01013,CARERATING,EQ,,,,,CARE RATINGS LIMITED,1602.7,1635.2,1590.2,1607.7,1593.5,1602.7,,1607.86,,,53662,86650257.0,5095,F1,1,,,,,,Cash Only,Unclassified,False,1611.0333333333335,1612.7,1609.366666666667,1612.7,1609.366666666667,3.33333333333303,0.20733553108994401,Narrow,Bearish,Below CPR,False,True,0.25,60,74700690.3,Higher,True,Risk Off,True,40.357142857142854,1680.7419999999997,1673.066,0.08259587020648217,1.1599659474632726,False,False,No setup,Neutral,0,Not applicable,No directional setup; confirmation score not applicable.,Narrow CPR,Not applicable,Not applicable,Narrow CPR; Wide CPR rules not applied,0,0,0,0
2026-10-05,2026-10-05,CM,NSE,STK,12173,INE254N01026,HNDFDS,EQ,,,,,HINDUSTAN FOODS LIMITED,580.0,580.0,556.55,570.05,570.0,574.6,,570.05,,,57425,32528225.55,4568,F1,1,,,,,,Cash Only,Unclassified,False,568.8666666666667,568.275,569.4583333333334,569.4583333333334,568.275,1.183333333333394,0.20758413004708254,Narrow,Bullish,Above CPR,True,False,0.3,60,40640961.45,Lower,True,Risk Off,False,18.882142857142874,607.8290000000001,575.6345,0.06266944076666352,0.8003803155596851,False,False,No setup,Neutral,0,Not applicable,No directional setup; confirmation score not applicable.,Narrow CPR,Not applicable,Not applicable,Narrow CPR; Wide CPR rules not applied,0,0,0,0
2026-10-05,2026-10-05,CM,NSE,STK,29251,INE379A01028,ITCHOTELS,EQ,,,,,ITC HOTELS LIMITED,159.8,160.8,158.11,158.96,159.0,158.51,,158.96,,,922569,147011682.38,16902,F1,1,,,,,,Cash Only,Consumer Services,True,159.29,159.455,159.12499999999997,159.455,159.12499999999997,0.3300000000000409,0.2075993960745099,Narrow,Bearish,Below CPR,False,True,0.3,60,273806388.375,Inside,True,Risk Off,False,4.366428571428567,161.99900000000002,163.5611,0.075576639947662,0.5369183796349397,False,False,No setup,Neutral,0,Not applicable,No directional setup; confirmation score not applicable.,Narrow CPR,Not applicable,Not applicable,Narrow CPR; Wide CPR rules not applied,0,0,0,0
2026-10-05,2026-10-05,CM,NSE,STK,759397,INE880Y01017,SOLEX,EQ,,,,,SOLEX ENERGY LIMITED,683.75,692.65,676.0,682.2,688.95,670.95,,682.32,,,47131,32213583.05,4072,F1,1,,,,,,Cash Only,Unclassified,False,683.6166666666668,684.325,682.9083333333335,684.325,682.9083333333335,1.416666666666515,0.20766148734484244,Narrow,Bearish,Below CPR,False,True,0.13333333333333333,60,23876858.85,Higher,True,Risk Off,True,35.296428571428585,785.7919999999999,953.322,0.04013626091941962,1.3491549810790961,False,False,No setup,Neutral,0,Not applicable,No directional setup; confirmation score not applicable.,Narrow CPR,Not applicable,Not applicable,Narrow CPR; Wide CPR rules not applied,0,0,0,0
2026-10-05,2026-10-05,CM,NSE,STK,350,INE459A01010,BANARISUG,EQ,,,,,BANNARI AMMAN SUGARS LTD,3327.5,3342.0,3272.2,3296.8,3278.6,3300.5,,3296.8,,,558,1844686.5,150,F1,1,,,,,,Cash Only,Unclassified,False,3303.6666666666665,3307.1,3300.233333333333,3307.1,3300.233333333333,6.866666666666788,0.20828277926070088,Narrow,Bearish,Below CPR,False,True,0.3333333333333333,60,2294922.3,Higher,True,Risk Off,False,95.04285714285717,3563.14,3554.998,0.07224810862267773,0.803812181353591,False,False,No setup,Neutral,0,Not applicable,No directional setup; confirmation score not applicable.,Narrow CPR,Not applicable,Not applicable,Narrow CPR; Wide CPR rules not applied,0,0,0,0
2026-10-05,2026-10-05,CM,NSE,STK,6216,INE052I01032,CAMLINFINE,EQ,,,,,CAMLIN FINE SCIENCES LTD,91.99,93.2,89.69,91.16,91.29,91.01,,91.16,,,373342,33976471.23,4437,F1,1,,,,,,Cash Only,Unclassified,False,91.34999999999998,91.445,91.25499999999997,91.445,91.25499999999997,0.19000000000002615,0.20842474769638672,Narrow,Bearish,Below CPR,False,True,0.23333333333333334,60,57883234.269999996,Inside,True,Risk Off,True,3.970000000000002,108.42699999999999,118.355,0.04785894206549775,0.5869829434809155,False,False,No setup,Neutral,0,Not applicable,No directional setup; confirmation score not applicable.,Narrow CPR,Not applicable,Not applicable,Narrow CPR; Wide CPR rules not applied,0,0,0,0
2026-10-05,2026-10-05,CM,NSE,STK,21401,INF277KA1976,TATAGOLD,EQ,,,,,TATAAML-TATAGOLD,14.28,14.34,14.17,14.3,14.34,14.28,,14.3,,,45583508,649663500.32,118082,F1,1,,,,,,Cash Only,Unclassified,False,14.270000000000001,14.254999999999999,14.285000000000004,14.285000000000004,14.254999999999999,0.03000000000000469,0.20979020979024257,Narrow,Bullish,Above CPR,True,False,0.6,60,620335886.36,Overlapping,True,Risk Off,False,0.1771428571428569,14.608999999999998,14.5047,0.1693548387097041,1.0472769907478483,False,False,No setup,Neutral,0,Not applicable,No directional setup; confirmation score not applicable.,Narrow CPR,Not applicable,Not applicable,Narrow CPR; Wide CPR rules not applied,0,0,0,0
2026-10-05,2026-10-05,CM,NSE,STK,14607,INE797H01018,TGBHOTELS,EQ,,,,,TGB BANQUETS&HOTELS LTD,9.78,9.9,9.18,9.51,9.5,9.42,,9.51,,,13800,130881.24,96,F1,1,,,,,,Cash Only,Unclassified,False,9.53,9.54,9.52,9.54,9.52,0.019999999999999574,0.21030494216613643,Narrow,Bearish,Below CPR,False,True,0.15,60,220359.94,Higher,True,Risk Off,True,0.6435714285714288,9.425999999999998,9.2155,0.031076581576025965,0.5939429825584451,True,True,No setup,Neutral,0,Not applicable,No directional setup; confirmation score not applicable.,Narrow CPR,Not applicable,Not applicable,Narrow CPR; Wide CPR rules not applied,0,0,0,0
2026-10-05,2026-10-05,CM,NSE,STK,1838,INE036D01028,KARURVYSYA,EQ,,,,,KARUR VYSYA BANK LTD,326.1,330.9,320.55,324.7,325.25,325.3,,324.7,,,1950191,633618755.4,58786,F1,1,,,,,,Cash Only,Financial Services,True,325.3833333333334,325.725,325.04166666666674,325.725,325.04166666666674,0.6833333333332803,0.21045067241554677,Narrow,Bearish,Below CPR,False,True,0.2833333333333333,60,579479913.55,Overlapping,True,Risk Off,False,10.24642857142857,336.096,316.0105,0.06668990356685901,1.0934266064863847,False,True,No setup,Neutral,0,Not applicable,No directional setup; confirmation score not applicable.,Narrow CPR,Not applicable,Not applicable,Narrow CPR; Wide CPR rules not applied,0,0,0,0
2026-10-05,2026-10-05,CM,NSE,STK,163,INE438A01022,APOLLOTYRE,EQ,,,,,APOLLO TYRES LTD,404.95,406.25,399.5,401.6,400.15,404.75,,401.6,,,213763,85934490.55,12586,F1,1,,,,,,Cash Only,Automobile and Auto Components,True,402.45,402.875,402.025,402.875,402.025,0.8500000000000227,0.21165338645418894,Narrow,Bearish,Below CPR,False,True,0.2833333333333333,60,224588598.05,Inside,True,Risk Off,False,13.164285714285715,425.88699999999994,419.279,0.06456863809007227,0.38263069138918826,False,False,No setup,Neutral,0,Not applicable,No directional setup; confirmation score not applicable.,Narrow CPR,Not applicable,Not applicable,Narrow CPR; Wide CPR rules not applied,0,0,0,0
2026-10-05,2026-10-05,CM,NSE,STK,764985,INE362D01010,VIJSOLX,EQ,,,,,VIJAY SOLVEX LTD.,625.05,644.8,625.05,636.95,636.95,623.3,,636.95,,,33,20796.2,11,F1,1,,,,,,Cash Only,Unclassified,False,635.6,634.925,636.2750000000001,636.2750000000001,634.925,1.3500000000001364,0.21194756260305148,Narrow,Bullish,Above CPR,True,False,0.21212121212121213,33,145503.8,Higher,True,Risk Off,True,22.096428571428564,,,0.06109584612898631,0.14292547686039817,False,False,No setup,Neutral,0,Not applicable,No directional setup; confirmation score not applicable.,Narrow CPR,Not applicable,Not applicable,Narrow CPR; Wide CPR rules not applied,0,0,0,0
2026-10-05,2026-10-05,CM,NSE,STK,1811,INE437B01014,KAKATCEM,EQ,,,,,KAKATIYA CEM SUGAR &IND L,103.01,105.9,103.01,104.79,104.8,103.09,,104.79,,,458,47772.84,35,F1,1,,,,,,Cash Only,Unclassified,False,104.56666666666668,104.45500000000001,104.67833333333334,104.67833333333334,104.45500000000001,0.22333333333332916,0.21312466202245361,Narrow,Bullish,Above CPR,True,False,0.06666666666666667,60,339194.94499999995,Inside,True,Risk Off,True,3.644285714285718,114.777,111.3321,0.061283156931920914,0.14084183949144644,False,False,No setup,Neutral,0,Not applicable,No directional setup; confirmation score not applicable.,Narrow CPR,Not applicable,Not applicable,Narrow CPR; Wide CPR rules not applied,0,0,0,0
2026-10-05,2026-10-05,CM,NSE,STK,4822,INE021O01019,DODLA,EQ,,,,,DODLA DAIRY LIMITED,1006.3,1021.5,1003.2,1015.6,1015.0,1006.3,,1015.6,,,9309,9424897.3,1554,F1,1,,,,,,Cash Only,Unclassified,False,1013.4333333333334,1012.35,1014.5166666666668,1014.5166666666668,1012.35,2.1666666666667425,0.21333858474465758,Narrow,Bullish,Above CPR,True,False,0.4,60,19407782.049999997,Higher,True,Risk Off,False,31.435714285714287,1066.69,1078.627,0.06892372945542921,0.4856246466349823,False,False,No setup,Neutral,0,Not applicable,No directional setup; confirmation score not applicable.,Narrow CPR,Not applicable,Not applicable,Narrow CPR; Wide CPR rules not applied,0,0,0,0
2026-10-05,2026-10-05,CM,NSE,STK,1633,INE571A01038,IPCALAB,EQ,,,,,IPCA LABORATORIES LTD,1973.7,1984.9,1930.3,1951.3,1936.0,1943.2,,1951.3,,,210605,413117071.7,32579,F1,1,,,,,,Cash Only,Healthcare,True,1955.5,1957.6,1953.4,1957.6,1953.4,4.199999999999818,0.2152411213037369,Narrow,Bearish,Below CPR,False,True,0.26666666666666666,60,417269879.15,Higher,True,Risk Off,False,63.97857142857148,1886.656,1776.056,0.06564698001562734,0.9900476702069666,True,True,No setup,Neutral,0,Not applicable,No directional setup; confirmation score not applicable.,Narrow CPR,Not applicable,Not applicable,Narrow CPR; Wide CPR rules not applied,0,0,0,0
2026-10-05,2026-10-05,CM,NSE,STK,9553,INE00F201020,PRUDENT,EQ,,,,,PRUDENT CORP ADV SER LTD,3128.7,3153.5,3082.9,3108.1,3118.6,3119.1,,3108.08,,,12341,38400340.6,5148,F1,1,,,,,,Cash Only,Unclassified,False,3114.8333333333335,3118.2,3111.466666666667,3118.2,3111.466666666667,6.733333333332666,0.21663824630265005,Narrow,Bearish,Below CPR,False,True,0.2,60,86344300.4,Higher,True,Risk Off,True,128.4857142857143,3293.704,3076.539,0.05240530724185975,0.4447350945239693,False,True,No setup,Neutral,0,Not applicable,No directional setup; confirmation score not applicable.,Narrow CPR,Not applicable,Not applicable,Narrow CPR; Wide CPR rules not applied,0,0,0,0
2026-10-05,2026-10-05,CM,NSE,STK,3812,INE256A01028,ZEEL,EQ,,,,,ZEE ENTERTAINMENT ENT LTD,72.09,74.57,72.09,73.57,73.8,71.92,,73.57,,,15449821,1132544836.45,57132,F1,1,,,,,,Cash Only,Media Entertainment & Publication,True,73.41,73.33,73.49,73.49,73.33,0.1599999999999966,0.21747995106700638,Narrow,Bullish,Above CPR,True,False,0.18333333333333332,60,1795596896.75,Higher,True,Risk Off,True,2.723571428571429,92.35019999999999,96.90539999999999,0.058746393915550796,0.6307344585524106,False,False,No setup,Neutral,0,Not applicable,No directional setup; confirmation score not applicable.,Narrow CPR,Not applicable,Not applicable,Narrow CPR; Wide CPR rules not applied,0,0,0,0
2026-10-05,2026-10-05,CM,NSE,STK,764718,INE684B01029,ISTLTD,EQ,,,,,I S T LTD.,635.0,640.0,585.0,610.5,603.1,635.0,,610.5,,,1474,903891.3,247,F1,1,,,,,,Cash Only,Unclassified,False,611.8333333333334,612.5,611.1666666666667,612.5,611.1666666666667,1.3333333333332575,0.21840021840020596,Narrow,Bearish,Below CPR,False,True,0.17647058823529413,34,398440.35,Lower,True,Risk Off,True,31.267857142857142,,,0.0426422996382995,2.268573702437517,False,False,No setup,Neutral,0,Not applicable,No directional setup; confirmation score not applicable.,Narrow CPR,Not applicable,Not applicable,Narrow CPR; Wide CPR rules not applied,0,0,0,0
2026-10-05,2026-10-05,CM,NSE,STK,16783,INE200A01026,GVT&D,EQ,,,,,GE VERNOVA T&D INDIA LTD,4325.0,4337.9,4185.0,4247.5,4247.5,4253.2,,4247.47,,,454653,1929619681.5,47691,F1,1,,,,,,F&O + Cash,Capital Goods,True,4256.8,4261.45,4252.150000000001,4261.45,4252.150000000001,9.299999999999272,0.2189523248969811,Narrow,Bearish,Below CPR,False,True,0.23333333333333334,60,3429139377.7,Overlapping,True,Risk Off,True,141.07142857142858,4308.9259999999995,4542.008,0.06592405063290623,0.5627125260782602,False,False,No setup,Neutral,0,Not applicable,No directional setup; confirmation score not applicable.,Narrow CPR,Not applicable,Not applicable,Narrow CPR; Wide CPR rules not applied,0,0,0,0
2026-10-05,2026-10-05,CM,NSE,STK,3715,INE709A01018,VLSFINANCE,EQ,,,,,VLS FINANCE LTD,229.0,234.84,229.0,231.16,231.9,230.87,,231.16,,,10797,2495616.57,145,F1,1,,,,,,Cash Only,Unclassified,False,231.66666666666666,231.92000000000002,231.4133333333333,231.92000000000002,231.4133333333333,0.5066666666667174,0.21918440329932407,Narrow,Bearish,Below CPR,False,True,0.4666666666666667,60,2094830.86,Lower,True,Risk Off,False,8.272142857142859,247.889,245.1686,0.06124974815071275,1.1913212745013695,False,False,No setup,Neutral,0,Not applicable,No directional setup; confirmation score not applicable.,Narrow CPR,Not applicable,Not applicable,Narrow CPR; Wide CPR rules not applied,0,0,0,0
2026-10-05,2026-10-05,CM,NSE,STK,25073,INE02ID01020,RAYMONDLSL,EQ,,,,,RAYMOND LIFESTYLE LIMITED,631.0,640.0,621.85,628.85,632.25,627.7,,628.84,,,185665,116737591.2,11886,F1,1,,,,,,Cash Only,Unclassified,False,630.2333333333332,630.925,629.5416666666665,630.925,629.5416666666665,1.3833333333334394,0.219978267207353,Narrow,Bearish,Below CPR,False,True,0.23333333333333334,60,105694068.925,Higher,True,Risk Off,True,26.557142857142853,695.377,727.3504999999999,0.05208893670432532,1.1044857330910065,False,False,No setup,Neutral,0,Not applicable,No directional setup; confirmation score not applicable.,Narrow CPR,Not applicable,Not applicable,Narrow CPR; Wide CPR rules not applied,0,0,0,0
2026-10-05,2026-10-05,CM,NSE,STK,18908,INE572E01012,PNBHOUSING,EQ,,,,,PNB HOUSING FIN LTD.,1092.0,1116.0,1088.3,1105.8,1105.8,1092.0,,1105.83,,,638892,705038764.2,33088,F1,1,,,,,,F&O + Cash,Financial Services,True,1103.3666666666668,1102.15,1104.5833333333335,1104.5833333333335,1102.15,2.433333333333394,0.2200518478326455,Narrow,Bullish,Above CPR,True,False,0.26666666666666666,60,847608731.4,Higher,True,Risk Off,False,36.12857142857139,1132.142,1089.8490000000002,0.067352049558457,0.8317974297356324,False,True,No setup,Neutral,0,Not applicable,No directional setup; confirmation score not applicable.,Narrow CPR,Not applicable,Not applicable,Narrow CPR; Wide CPR rules not applied,0,0,-2,-2
2026-10-05,2026-10-05,CM,NSE,STK,758700,INE784R01023,ARFIN,EQ,,,,,ARFIN INDIA LIMITED,87.95,89.18,86.42,87.51,87.5,87.25,,87.51,,,713062,62358154.68,3251,F1,1,,,,,,Cash Only,Unclassified,False,87.70333333333333,87.80000000000001,87.60666666666665,87.80000000000001,87.60666666666665,0.19333333333335645,0.22092713213730594,Narrow,Bearish,Below CPR,False,True,0.2,60,104466426.445,Inside,True,Risk Off,True,3.9728571428571464,87.1566,88.75300000000001,0.048663550281679034,0.596920530375667,True,False,No setup,Neutral,0,Not applicable,No directional setup; confirmation score not applicable.,Narrow CPR,Not applicable,Not applicable,Narrow CPR; Wide CPR rules not applied,0,0,0,0
2026-10-05,2026-10-05,CM,NSE,STK,12015,INE065D01027,AEROENTER,EQ,,,,,AEROFLEX ENTERPRISES LTD,122.54,130.0,122.54,126.69,126.7,121.93,,126.7,,,761790,96901198.26,9529,F1,1,,,,,,Cash Only,Unclassified,False,126.41000000000001,126.27000000000001,126.55000000000001,126.55000000000001,126.27000000000001,0.28000000000000114,0.22101191885705354,Narrow,Bullish,Above CPR,True,False,0.11666666666666667,60,68144315.695,Higher,True,Risk Off,True,7.8357142857142845,130.7358,122.8115,0.03573381950774856,1.4219997261944772,False,True,No setup,Neutral,0,Not applicable,No directional setup; confirmation score not applicable.,Narrow CPR,Not applicable,Not applicable,Narrow CPR; Wide CPR rules not applied,0,-2,0,-2
2026-10-05,2026-10-05,CM,NSE,STK,11549,INE435C01024,TEXINFRA,EQ,,,,,TEXMACO INFRA & HOLDG LTD,120.0,123.35,118.51,120.53,120.86,119.39,,120.51,,,207029,24948960.57,1957,F1,1,,,,,,Cash Only,Unclassified,False,120.79666666666667,120.93,120.66333333333333,120.93,120.66333333333333,0.26666666666667993,0.22124505655577859,Narrow,Bearish,Below CPR,False,True,0.4166666666666667,60,11596964.719999999,Higher,True,Risk Off,False,5.2092857142857145,113.85520000000001,109.4926,0.05119063942593609,2.1513353857991215,True,True,No setup,Neutral,0,Not applicable,No directional setup; confirmation score not applicable.,Narrow CPR,Not applicable,Not applicable,Narrow CPR; Wide CPR rules not applied,0,0,0,0
2026-10-05,2026-10-05,CM,NSE,STK,11626,INE625G01013,WELENT,EQ,,,,,WELSPUN ENTERPRISES LTD.,724.45,734.3,716.7,723.1,723.0,724.45,,723.11,,,154921,112256623.7,9482,F1,1,,,,,,Cash Only,Unclassified,False,724.6999999999999,725.5,723.8999999999999,725.5,723.8999999999999,1.6000000000001364,0.221269533951063,Narrow,Bearish,Below CPR,False,True,0.26666666666666666,60,241240814.125,Lower,True,Risk Off,False,35.482142857142854,679.0830000000001,620.6775,0.04509310518369786,0.46533014783242166,True,True,No setup,Neutral,0,Not applicable,No directional setup; confirmation score not applicable.,Narrow CPR,Not applicable,Not applicable,Narrow CPR; Wide CPR rules not applied,0,0,0,0
2026-10-05,2026-10-05,CM,NSE,STK,757545,INE103V01028,TRAVELFOOD,EQ,,,,,TRAVEL FOOD SERVICES LTD,1208.1,1215.6,1185.0,1204.3,1200.2,1208.1,,1204.31,,,52265,62757529.0,7050,F1,1,,,,,,Cash Only,Consumer Services,True,1201.6333333333332,1200.3,1202.9666666666665,1202.9666666666665,1200.3,2.666666666666515,0.221428769132817,Narrow,Bullish,Above CPR,True,False,0.25,60,35844808.45,Inside,True,Risk Off,True,35.46428571428573,1290.672,1274.0330000000001,0.0751930177912008,1.7508122295461728,False,False,No setup,Neutral,0,Not applicable,No directional setup; confirmation score not applicable.,Narrow CPR,Not applicable,Not applicable,Narrow CPR; Wide CPR rules not applied,0,0,0,0
2026-10-05,2026-10-05,CM,NSE,STK,759316,INE506V01022,RUBICON,EQ,,,,,RUBICON RESEARCH LIMITED,1646.0,1646.0,1560.3,1608.5,1609.9,1630.9,,1608.55,,,159926,255246613.9,16734,F1,1,,,,,,Cash Only,Unclassified,False,1604.9333333333334,1603.15,1606.7166666666667,1606.7166666666667,1603.15,3.566666666666606,0.22173867992953722,Narrow,Bullish,Above CPR,True,False,0.18333333333333332,60,394579753.15,Lower,True,Risk Off,True,69.56428571428573,1689.0520000000001,1478.7334999999998,0.05127152000547538,0.6468821875991384,False,True,No setup,Neutral,0,Not applicable,No directional setup; confirmation score not applicable.,Narrow CPR,Not applicable,Not applicable,Narrow CPR; Wide CPR rules not applied,0,0,0,0
2026-10-05,2026-10-05,CM,NSE,STK,1196,INE531A01024,KANSAINER,EQ,,,,,KANSAI NEROLAC PAINTS LTD,175.4,177.59,175.17,176.97,177.0,175.27,,176.97,,,241586,42693066.34,9597,F1,1,,,,,,Cash Only,Unclassified,False,176.57666666666668,176.38,176.77333333333337,176.77333333333337,176.38,0.3933333333333735,0.22225989339061622,Narrow,Bullish,Above CPR,True,False,0.38333333333333336,60,35664088.815,Higher,True,Risk Off,False,4.78428571428572,195.048,203.01170000000002,0.08221359609834611,1.1970883810171447,False,False,No setup,Neutral,0,Not applicable,No directional setup; confirmation score not applicable.,Narrow CPR,Not applicable,Not applicable,Narrow CPR; Wide CPR rules not applied,0,0,0,0
2026-10-05,2026-10-05,CM,NSE,STK,25844,INE0V6F01027,HYUNDAI,EQ,,,,,HYUNDAI MOTOR INDIA LTD,2023.9,2031.5,1981.9,2000.0,2000.0,2024.0,,1999.93,,,328159,656818438.8,22696,F1,1,,,,,,F&O + Cash,Automobile and Auto Components,True,2004.4666666666665,2006.7,2002.233333333333,2006.7,2002.233333333333,4.466666666667152,0.22333333333335756,Narrow,Bearish,Below CPR,False,True,0.3,60,1389912711.85,Lower,True,Risk Off,False,66.7428571428572,2155.33,2040.9560000000001,0.06692351598174237,0.4725609264525412,False,False,No setup,Neutral,0,Not applicable,No directional setup; confirmation score not applicable.,Narrow CPR,Not applicable,Not applicable,Narrow CPR; Wide CPR rules not applied,0,0,0,0
2026-10-05,2026-10-05,CM,NSE,STK,16696,INE0PA801013,GHCLTEXTIL,EQ,,,,,GHCL TEXTILES LIMITED,131.85,133.0,126.93,129.53,129.92,129.22,,129.53,,,218382,28213754.9,5822,F1,1,,,,,,Cash Only,Unclassified,False,129.82000000000002,129.965,129.67500000000004,129.965,129.67500000000004,0.2899999999999636,0.2238863583725497,Narrow,Bearish,Below CPR,False,True,0.2,60,76748275.82499999,Higher,True,Risk Off,True,7.082857142857141,125.9286,112.6549,0.04094392900362537,0.36761418542264696,True,True,No setup,Neutral,0,Not applicable,No directional setup; confirmation score not applicable.,Narrow CPR,Not applicable,Not applicable,Narrow CPR; Wide CPR rules not applied,0,0,0,0
2026-10-05,2026-10-05,CM,NSE,STK,21247,INE0PSC01024,DIGIDRIVE,EQ,,,,,DIGIDRIVE DISTRIBUTORS L,17.67,18.5,17.22,17.8,18.0,17.61,,17.83,,,18543,330524.9,271,F1,1,,,,,,Cash Only,Unclassified,False,17.84,17.86,17.82,17.86,17.82,0.03999999999999915,0.22471910112359073,Narrow,Bearish,Below CPR,False,True,0.26666666666666666,60,267925.57999999996,Inside,True,Risk Off,False,0.8021428571428574,17.6854,18.3947,0.049866429207478885,1.2336444321591096,True,False,No setup,Neutral,0,Not applicable,No directional setup; confirmation score not applicable.,Narrow CPR,Not applicable,Not applicable,Narrow CPR; Wide CPR rules not applied,0,0,0,0
2026-10-05,2026-10-05,CM,NSE,STK,4491,INE782A01015,BOSCH-HCIL,EQ,,,,,BOSCH HOME COMFRT IND LTD,1999.0,2036.9,1973.0,1998.2,1991.2,1967.2,,1998.16,,,115592,231334037.5,18486,F1,1,,,,,,Cash Only,Unclassified,False,2002.7,2004.95,2000.45,2004.95,2000.45,4.5,0.22520268241417274,Narrow,Bearish,Below CPR,False,True,0.21666666666666667,60,65798423.2,Higher,True,Risk Off,True,82.22857142857147,1677.8519999999999,1517.8259999999998,0.054725503822098655,3.515799106565824,True,True,No setup,Neutral,0,Not applicable,No directional setup; confirmation score not applicable.,Narrow CPR,Not applicable,Not applicable,Narrow CPR; Wide CPR rules not applied,0,0,0,0
2026-10-05,2026-10-05,CM,NSE,STK,13061,INE466L01038,360ONE,EQ,,,,,360 ONE WAM LIMITED,1033.6,1059.6,1033.3,1050.0,1050.0,1040.0,,1050.01,,,564932,592811216.3,67190,F1,1,,,,,,F&O + Cash,Financial Services,True,1047.6333333333332,1046.4499999999998,1048.8166666666666,1048.8166666666666,1046.4499999999998,2.366666666666788,0.22539682539683698,Narrow,Bullish,Above CPR,True,False,0.31666666666666665,60,936391673.75,Higher,True,Risk Off,False,30.250000000000007,1132.156,1117.06,0.07823691460055496,0.6330804009885612,False,False,No setup,Neutral,0,Not applicable,No directional setup; confirmation score not applicable.,Narrow CPR,Not applicable,Not applicable,Narrow CPR; Wide CPR rules not applied,0,0,0,0
2026-10-05,2026-10-05,CM,NSE,STK,2306,INE052T01021,BESTAGRO,EQ,,,,,BEST AGROLIFE LIMITED,18.17,18.17,17.41,17.73,17.69,17.47,,17.72,,,490937,8733141.07,1952,F1,1,,,,,,Cash Only,Unclassified,False,17.77,17.79,17.75,17.79,17.75,0.03999999999999915,0.22560631697687056,Narrow,Bearish,Below CPR,False,True,0.31666666666666665,60,10688322.245000001,Higher,True,Risk Off,False,0.8449999999999999,18.442999999999998,17.2621,0.047337278106507875,0.8170731448600705,False,True,No setup,Neutral,0,Not applicable,No directional setup; confirmation score not applicable.,Narrow CPR,Not applicable,Not applicable,Narrow CPR; Wide CPR rules not applied,0,0,0,0
2026-10-05,2026-10-05,CM,NSE,STK,18520,INE509F01029,CUPID,EQ,,,,,CUPID LIMITED,314.3,316.0,302.1,310.1,310.0,312.5,,310.09,,,15766847,4887136621.8,154999,F1,1,,,,,,Cash Only,Unclassified,False,309.40000000000003,309.05,309.75000000000006,309.75000000000006,309.05,0.7000000000000455,0.22573363431152704,Narrow,Bullish,Above CPR,True,False,0.26666666666666666,60,6846345659.205,Lower,True,Risk Off,False,16.357142857142865,270.9006,219.12470000000002,0.04279475982533027,0.7138314167981253,True,True,No setup,Neutral,0,Not applicable,No directional setup; confirmation score not applicable.,Narrow CPR,Not applicable,Not applicable,Narrow CPR; Wide CPR rules not applied,0,0,0,0
2026-10-05,2026-10-05,CM,NSE,STK,9552,INE415G01027,RVNL,EQ,,,,,RAIL VIKAS NIGAM LIMITED,198.0,199.9,195.34,196.95,196.95,197.0,,196.94,,,2937181,580455859.32,32188,F1,1,,,,,,F&O + Cash,Construction,True,197.39666666666668,197.62,197.17333333333335,197.62,197.17333333333335,0.44666666666665833,0.22679190996022255,Narrow,Bearish,Below CPR,False,True,0.31666666666666665,60,866151155.7249999,Overlapping,True,Risk Off,False,6.552857142857148,216.1696,229.47960000000003,0.06816365089746253,0.6701553827912836,False,False,No setup,Neutral,0,Not applicable,No directional setup; confirmation score not applicable.,Narrow CPR,Not applicable,Not applicable,Narrow CPR; Wide CPR rules not applied,0,0,0,0
2026-10-05,2026-10-05,CM,NSE,STK,2144,INE171Z01026,BDL,EQ,,,,,BHARAT DYNAMICS LIMITED,1087.9,1102.8,1082.1,1096.2,1096.2,1087.9,,1096.09,,,660761,721144875.9,32923,F1,1,,,,,,F&O + Cash,Capital Goods,True,1093.6999999999998,1092.4499999999998,1094.9499999999998,1094.9499999999998,1092.4499999999998,2.5,0.22806057288815906,Narrow,Bullish,Above CPR,True,False,0.2,60,1169441729.4499998,Overlapping,True,Risk Off,True,35.77857142857145,1249.206,1272.2359999999999,0.06987422639249347,0.6166573825265853,False,False,No setup,Neutral,0,Not applicable,No directional setup; confirmation score not applicable.,Narrow CPR,Not applicable,Not applicable,Narrow CPR; Wide CPR rules not applied,0,0,0,0
2026-10-05,2026-10-05,CM,NSE,STK,759176,INE906O01029,TIGERLOGS,EQ,,,,,TIGER LOGISTICS (INDIA) L,26.05,26.6,25.82,26.3,26.54,25.69,,26.29,,,16487,430753.89,353,F1,1,,,,,,Cash Only,Unclassified,False,26.24,26.21,26.269999999999996,26.269999999999996,26.21,0.05999999999999517,0.2281368821292592,Narrow,Bullish,Above CPR,True,False,0.16666666666666666,60,3266512.27,Higher,True,Risk Off,True,1.4014285714285712,30.5432,30.128200000000003,0.04281345565748891,0.13186966843997192,False,False,No setup,Neutral,0,Not applicable,No directional setup; confirmation score not applicable.,Narrow CPR,Not applicable,Not applicable,Narrow CPR; Wide CPR rules not applied,0,0,0,0
2026-10-05,2026-10-05,CM,NSE,STK,4957,INE691Z01023,GANGAFORGE,EQ,,,,,GANGA FORGING LIMITED,1.48,1.51,1.42,1.46,1.48,1.48,,1.46,,,1264085,1859657.13,912,F1,1,,,,,,Cash Only,Unclassified,False,1.4633333333333332,1.4649999999999999,1.4616666666666664,1.4649999999999999,1.4616666666666664,0.0033333333333334103,0.2283105022831103,Narrow,Bearish,Below CPR,False,True,0.2833333333333333,60,2601874.415,Lower,True,Risk Off,False,0.0692857142857143,1.9468,2.2661999999999995,0.04810996563573994,0.7147374674499806,False,False,No setup,Neutral,0,Not applicable,No directional setup; confirmation score not applicable.,Narrow CPR,Not applicable,Not applicable,Narrow CPR; Wide CPR rules not applied,0,0,0,0
2026-10-05,2026-10-05,CM,NSE,STK,8304,INE974Z01015,PRITI,EQ,,,,,PRITI INTERNATIONAL LTD,30.91,32.95,30.91,32.04,32.22,32.79,,32.04,,,2125,68329.33,85,F1,1,,,,,,Cash Only,Unclassified,False,31.96666666666667,31.93,32.00333333333334,32.00333333333334,31.93,0.07333333333333769,0.22888056595923129,Narrow,Bullish,Above CPR,True,False,0.21666666666666667,60,383025.74,Inside,True,Risk Off,True,2.412142857142858,38.4352,44.5933,0.03040173724212992,0.17839357219178012,False,False,No setup,Neutral,0,Not applicable,No directional setup; confirmation score not applicable.,Narrow CPR,Not applicable,Not applicable,Narrow CPR; Wide CPR rules not applied,0,0,0,0
2026-10-05,2026-10-05,CM,NSE,STK,1181,INE260B01028,GODFRYPHLP,EQ,,,,,GODFREY PHILLIPS INDIA LT,1850.0,1894.0,1845.1,1876.0,1876.0,1849.7,,1875.99,,,174573,327037757.0,14550,F1,1,,,,,,F&O + Cash,Fast Moving Consumer Goods,True,1871.7,1869.55,1873.8500000000001,1873.8500000000001,1869.55,4.300000000000182,0.22921108742005236,Narrow,Bullish,Above CPR,True,False,0.3,60,387771195.2,Overlapping,True,Risk Off,False,52.564285714285724,2074.5860000000002,2148.435,0.08180459301535879,0.8433781597194819,False,False,No setup,Neutral,0,Not applicable,No directional setup; confirmation score not applicable.,Narrow CPR,Not applicable,Not applicable,Narrow CPR; Wide CPR rules not applied,0,0,0,0
2026-10-05,2026-10-05,CM,NSE,STK,759291,INE304W01038,BLUESTONE,EQ,,,,,BLUESTONE JEWEL LFSTL LTD,780.5,797.65,778.2,790.65,792.0,787.95,,790.65,,,509584,402625733.55,22243,F1,1,,,,,,Cash Only,Unclassified,False,788.8333333333334,787.925,789.7416666666668,789.7416666666668,787.925,1.8166666666668334,0.2297687556651911,Narrow,Bullish,Above CPR,True,False,0.1,60,881445065.55,Higher,True,Risk Off,True,58.17857142857142,825.9889999999999,684.5764999999999,0.031225700838963377,0.45677915650792317,False,True,No setup,Neutral,0,Not applicable,No directional setup; confirmation score not applicable.,Narrow CPR,Not applicable,Not applicable,Narrow CPR; Wide CPR rules not applied,0,0,0,0
2026-10-05,2026-10-05,CM,NSE,STK,3273,INE647A01010,SRF,EQ,,,,,SRF LTD,2484.9,2495.0,2442.0,2460.0,2460.0,2486.2,,2459.97,,,204482,502881482.5,13417,F1,1,,,,,,F&O + Cash,Chemicals,True,2465.6666666666665,2468.5,2462.833333333333,2468.5,2462.833333333333,5.66666666666697,0.23035230352304756,Narrow,Bearish,Below CPR,False,True,0.5833333333333334,60,670554449.45,Overlapping,True,Risk Off,False,54.22857142857145,2567.538,2651.308,0.10449596066034977,0.7499487668935338,False,False,No setup,Neutral,0,Not applicable,No directional setup; confirmation score not applicable.,Narrow CPR,Not applicable,Not applicable,Narrow CPR; Wide CPR rules not applied,0,0,0,0
2026-10-05,2026-10-05,CM,NSE,STK,11411,INE399G01023,RKFORGE,EQ,,,,,RAMKRISHNA FORGINGS LTD,695.45,704.05,692.0,700.45,700.1,695.45,,700.43,,,291847,203874684.0,17834,F1,1,,,,,,Cash Only,Automobile and Auto Components,True,698.8333333333334,698.025,699.6416666666668,699.6416666666668,698.025,1.616666666666788,0.2308040069479317,Narrow,Bullish,Above CPR,True,False,0.31666666666666665,60,565728256.3,Higher,True,Risk Off,False,24.142857142857142,708.8839999999999,639.133,0.06696252465483737,0.36037564277483664,False,True,No setup,Neutral,0,Not applicable,No directional setup; confirmation score not applicable.,Narrow CPR,Not applicable,Not applicable,Narrow CPR; Wide CPR rules not applied,0,-2,0,-2
2026-10-05,2026-10-05,CM,NSE,STK,14278,INE607D01018,ORIENTBELL,EQ,,,,,ORIENT BELL LIMITED,408.6,428.8,402.5,417.1,420.0,398.55,,416.85,,,86469,35949011.05,4317,F1,1,,,,,,Cash Only,Unclassified,False,416.1333333333334,415.65,416.6166666666668,416.6166666666668,415.65,0.9666666666668107,0.2317589706705372,Narrow,Bullish,Above CPR,True,False,0.23333333333333334,60,6825357.275,Higher,True,Risk Off,True,16.614285714285717,370.04900000000004,347.10350000000005,0.05818286041846667,5.266978650579137,True,True,No setup,Neutral,0,Not applicable,No directional setup; confirmation score not applicable.,Narrow CPR,Not applicable,Not applicable,Narrow CPR; Wide CPR rules not applied,0,0,0,0
2026-10-05,2026-10-05,CM,NSE,STK,1041,INE183A01024,FINPIPE,EQ,,,,,FINOLEX INDUSTRIES LTD,150.98,151.56,148.1,149.31,149.0,150.49,,149.34,,,284792,42531163.0,11652,F1,1,,,,,,Cash Only,Unclassified,False,149.65666666666667,149.82999999999998,149.48333333333335,149.82999999999998,149.48333333333335,0.3466666666666356,0.2321791351327008,Narrow,Bearish,Below CPR,False,True,0.4666666666666667,60,58198093.989999995,Lower,True,Risk Off,False,3.4457142857142804,158.605,165.3564,0.10060807075731562,0.7307999297590055,False,False,No setup,Neutral,0,Not applicable,No directional setup; confirmation score not applicable.,Narrow CPR,Not applicable,Not applicable,Narrow CPR; Wide CPR rules not applied,0,-2,0,-2
2026-10-05,2026-10-05,CM,NSE,STK,18039,INE837H01020,ADVENZYMES,EQ,,,,,ADVANCED ENZYME TECH LTD,274.45,276.25,270.45,272.4,273.55,274.25,,272.41,,,145809,39851482.65,4971,F1,1,,,,,,Cash Only,Unclassified,False,273.03333333333336,273.35,272.7166666666667,273.35,272.7166666666667,0.6333333333333258,0.23250122369064824,Narrow,Bearish,Below CPR,False,True,0.3333333333333333,60,57930833.0,Lower,True,Risk Off,False,8.207142857142859,300.088,326.41200000000003,0.07716855236437388,0.6879148906766108,False,False,No setup,Neutral,0,Not applicable,No directional setup; confirmation score not applicable.,Narrow CPR,Not applicable,Not applicable,Narrow CPR; Wide CPR rules not applied,0,0,0,0
2026-10-05,2026-10-05,CM,NSE,STK,757772,INE756I01012,HDBFS,EQ,,,,,HDB FINANCIAL SERVICES L,622.1,625.6,615.15,622.55,623.0,618.2,,622.56,,,308905,191759803.1,29087,F1,1,,,,,,Cash Only,Financial Services,True,621.1,620.375,621.825,621.825,620.375,1.4500000000000455,0.232913019034623,Narrow,Bullish,Above CPR,True,False,0.25,60,265709450.325,Higher,True,Risk Off,True,15.732142857142849,675.678,687.005,0.0921679909194127,0.7216898114291788,False,False,No setup,Neutral,0,Not applicable,No directional setup; confirmation score not applicable.,Narrow CPR,Not applicable,Not applicable,Narrow CPR; Wide CPR rules not applied,0,0,0,0
2026-10-05,2026-10-05,CM,NSE,STK,29224,INE013P01021,ONESOURCE,EQ,,,,,ONESOURCE SPECL PHARMA L,1510.0,1516.5,1470.5,1488.3,1489.1,1508.0,,1488.33,,,151299,225213214.3,19461,F1,1,,,,,,Cash Only,Healthcare,True,1491.7666666666667,1493.5,1490.0333333333333,1493.5,1490.0333333333333,3.466666666666697,0.23292794911420395,Narrow,Bearish,Below CPR,False,True,0.3,60,306100565.2,Inside,True,Risk Off,False,55.9857142857143,1570.908,1637.136,0.06192055796546791,0.7357490965521419,False,False,No setup,Neutral,0,Not applicable,No directional setup; confirmation score not applicable.,Narrow CPR,Not applicable,Not applicable,Narrow CPR; Wide CPR rules not applied,0,0,0,0
2026-10-05,2026-10-05,CM,NSE,STK,13587,INE731H01025,ACE,EQ,,,,,ACTION CONST EQUIP LTD,1210.0,1243.4,1203.0,1227.5,1227.2,1212.3,,1227.49,,,287382,353086478.5,29702,F1,1,,,,,,Cash Only,Capital Goods,True,1224.6333333333334,1223.2,1226.0666666666668,1226.0666666666668,1223.2,2.866666666666788,0.23353699932112323,Narrow,Bullish,Above CPR,True,False,0.2,60,334283925.29999995,Higher,True,Risk Off,True,42.60000000000001,1142.336,1043.23,0.06729264475743632,1.0562472550336541,True,True,No setup,Neutral,0,Not applicable,No directional setup; confirmation score not applicable.,Narrow CPR,Not applicable,Not applicable,Narrow CPR; Wide CPR rules not applied,0,0,0,0
2026-10-05,2026-10-05,CM,NSE,STK,18226,INE949H01023,MANINFRA,EQ,,,,,MAN INFRA LTD,124.9,126.36,122.07,123.78,123.28,124.3,,123.77,,,1016360,126221357.34,7625,F1,1,,,,,,Cash Only,Unclassified,False,124.07000000000001,124.215,123.92500000000001,124.215,123.92500000000001,0.28999999999999204,0.2342866375828018,Narrow,Bearish,Below CPR,False,True,0.31666666666666665,60,174209927.055,Lower,True,Risk Off,False,4.1000000000000005,116.1968,112.76289999999999,0.07073170731707122,0.7245359634422585,True,True,No setup,Neutral,0,Not applicable,No directional setup; confirmation score not applicable.,Narrow CPR,Not applicable,Not applicable,Narrow CPR; Wide CPR rules not applied,0,0,0,0
2026-10-05,2026-10-05,CM,NSE,STK,761197,INE0V0W01025,GKSL,EQ,,,,,GUJARAT KIDNEY N SUP SP L,198.0,199.0,183.02,190.34,189.69,194.27,,190.32,,,5218727,996837911.47,56512,F1,1,,,,,,Cash Only,Unclassified,False,190.78666666666666,191.01,190.56333333333333,191.01,190.56333333333333,0.44666666666665833,0.23466778746803527,Narrow,Bearish,Below CPR,False,True,0.2,60,58644218.004999995,Lower,True,Risk Off,True,11.325714285714287,157.03300000000002,144.6742,0.03943827783383713,16.99805957656405,True,True,No setup,Neutral,0,Not applicable,No directional setup; confirmation score not applicable.,Narrow CPR,Not applicable,Not applicable,Narrow CPR; Wide CPR rules not applied,0,0,0,0
2026-10-05,2026-10-05,CM,NSE,STK,14014,INE872H01027,LUMAXTECH,EQ,,,,,LUMAX AUTO TECH LTD,1955.0,2001.1,1948.0,1967.6,1969.0,1978.9,,1967.57,,,60434,119224441.6,10645,F1,1,,,,,,Cash Only,Unclassified,False,1972.2333333333333,1974.55,1969.9166666666667,1974.55,1969.9166666666667,4.633333333333212,0.2354814664227085,Narrow,Bearish,Below CPR,False,True,0.26666666666666666,60,232357794.85,Lower,True,Risk Off,False,85.82142857142858,1908.632,1746.425,0.0539880704674698,0.5131071315122699,True,True,No setup,Neutral,0,Not applicable,No directional setup; confirmation score not applicable.,Narrow CPR,Not applicable,Not applicable,Narrow CPR; Wide CPR rules not applied,0,0,0,0
2026-10-05,2026-10-05,CM,NSE,STK,8998,INE398B01018,UMIYA-MRO,EQ,,,,,UMIYA BUILDCON LIMITED,92.8,93.49,91.12,91.98,91.71,91.76,,91.98,,,8756,803537.84,190,F1,1,,,,,,Cash Only,Unclassified,False,92.19666666666667,92.305,92.08833333333334,92.305,92.08833333333334,0.21666666666666856,0.235558454736539,Narrow,Bearish,Below CPR,False,True,0.25,60,792418.53,Inside,True,Risk Off,True,4.294999999999999,93.2938,90.4939,0.05044625533566208,1.0140321175982596,False,True,No setup,Neutral,0,Not applicable,No directional setup; confirmation score not applicable.,Narrow CPR,Not applicable,Not applicable,Narrow CPR; Wide CPR rules not applied,0,0,0,0
2026-10-05,2026-10-05,CM,NSE,STK,6733,INE749A01030,JINDALSTEL,EQ,,,,,JINDAL STEEL LIMITED,1101.1,1115.8,1086.7,1097.3,1097.3,1100.5,,1097.31,,,444005,486453107.6,18210,F1,1,,,,,,F&O + Cash,Metals & Mining,True,1099.9333333333334,1101.25,1098.6166666666668,1101.25,1098.6166666666668,2.633333333333212,0.2399829885476362,Narrow,Bearish,Below CPR,False,True,0.31666666666666665,60,886482287.75,Lower,True,Risk Off,False,29.807142857142853,1124.916,1124.643,0.08834571451393476,0.5487454338593467,False,False,No setup,Neutral,0,Not applicable,No directional setup; confirmation score not applicable.,Narrow CPR,Not applicable,Not applicable,Narrow CPR; Wide CPR rules not applied,0,0,0,0
2026-10-05,2026-10-05,CM,NSE,STK,18391,INE976G01028,RBLBANK,EQ,,,,,RBL BANK LIMITED,418.05,419.9,410.2,416.55,416.55,411.4,,416.56,,,4238401,1761567181.7,49170,F1,1,,,,,,F&O + Cash,Financial Services,True,415.54999999999995,415.04999999999995,416.04999999999995,416.04999999999995,415.04999999999995,1.0,0.24006721882126994,Narrow,Bullish,Above CPR,True,False,0.3,60,1320094421.025,Higher,True,Risk Off,False,11.864285714285712,394.55600000000004,375.976,0.08428657435279953,1.334425139326181,True,True,No setup,Neutral,0,Not applicable,No directional setup; confirmation score not applicable.,Narrow CPR,Not applicable,Not applicable,Narrow CPR; Wide CPR rules not applied,0,0,0,0
2026-10-05,2026-10-05,CM,NSE,STK,1134,INE713T01028,APOLLO,EQ,,,,,APOLLO MICRO SYSTEMS LTD,395.5,405.5,395.0,401.7,402.4,394.0,,401.69,,,4584428,1837587917.0,52256,F1,1,,,,,,Cash Only,Unclassified,False,400.73333333333335,400.25,401.2166666666667,401.2166666666667,400.25,0.966666666666697,0.24064392996432588,Narrow,Bullish,Above CPR,True,False,0.2833333333333333,60,2009810893.925,Higher,True,Risk Off,False,18.696428571428566,392.732,395.35,0.051703279210444174,0.9143088648561049,True,True,No setup,Neutral,0,Not applicable,No directional setup; confirmation score not applicable.,Narrow CPR,Not applicable,Not applicable,Narrow CPR; Wide CPR rules not applied,0,0,0,0
2026-10-05,2026-10-05,CM,NSE,STK,15146,INE668F01031,JYOTHYLAB,EQ,,,,,JYOTHY LABS LIMITED,182.91,183.17,180.0,180.93,180.88,182.91,,180.93,,,276917,50170537.17,15987,F1,1,,,,,,Cash Only,Unclassified,False,181.36666666666665,181.58499999999998,181.1483333333333,181.58499999999998,181.1483333333333,0.4366666666666674,0.24134564011864665,Narrow,Bearish,Below CPR,False,True,0.5166666666666667,60,95074330.44,Lower,True,Risk Off,False,4.185714285714285,200.0234,200.9774,0.1043230944254837,0.5276980330843548,False,False,No setup,Neutral,0,Not applicable,No directional setup; confirmation score not applicable.,Narrow CPR,Not applicable,Not applicable,Narrow CPR; Wide CPR rules not applied,0,0,0,0
2026-10-05,2026-10-05,CM,NSE,STK,2885,INE002A01018,RELIANCE,EQ,,,,,RELIANCE INDUSTRIES LTD,1171.2,1193.0,1171.2,1186.4,1186.4,1167.7,,1186.4,,,14254907,16844086844.0,302759,F1,1,,,,,,F&O + Cash,Oil Gas & Consumable Fuels,True,1183.5333333333333,1182.1,1184.9666666666667,1184.9666666666667,1182.1,2.866666666666788,0.24162733198472586,Narrow,Bullish,Above CPR,True,False,0.45,60,13333800662.6,Higher,True,Risk Off,False,20.58571428571427,1278.344,1295.556,0.13925514688874066,1.263262236343911,False,False,No setup,Neutral,0,Not applicable,No directional setup; confirmation score not applicable.,Narrow CPR,Not applicable,Not applicable,Narrow CPR; Wide CPR rules not applied,0,0,0,0
2026-10-05,2026-10-05,CM,NSE,STK,19234,INE947Q01028,LAURUSLABS,EQ,,,,,LAURUS LABS LIMITED,1994.0,2002.0,1955.1,1971.4,1971.4,1984.0,,1970.96,,,1374138,2707374073.5,63463,F1,1,,,,,,F&O + Cash,Healthcare,True,1976.1666666666667,1978.55,1973.7833333333335,1978.55,1973.7833333333335,4.766666666666424,0.24179094383009148,Narrow,Bearish,Below CPR,False,True,0.36666666666666664,60,2954880956.9,Lower,True,Risk Off,False,50.08571428571434,1881.4619999999998,1661.332,0.09517018444570717,0.916237951034189,True,True,No setup,Neutral,0,Not applicable,No directional setup; confirmation score not applicable.,Narrow CPR,Not applicable,Not applicable,Narrow CPR; Wide CPR rules not applied,0,0,0,0
2026-10-05,2026-10-05,CM,NSE,STK,3103,INE070A01015,SHREECEM,EQ,,,,,SHREE CEMENT LIMITED,21750.0,22100.0,21720.0,21990.0,21990.0,21900.0,,21990.0,,,39075,854332495.0,13283,F1,1,,,,,,F&O + Cash,Construction Materials,True,21936.666666666668,21910.0,21963.333333333336,21963.333333333336,21910.0,53.33333333333576,0.24253448537214986,Narrow,Bullish,Above CPR,True,False,0.4666666666666667,60,411973097.5,Higher,True,Risk Off,False,563.2142857142857,24154.4,24779.3,0.09469456774466718,2.0737579715384205,False,False,No setup,Neutral,0,Not applicable,No directional setup; confirmation score not applicable.,Narrow CPR,Not applicable,Not applicable,Narrow CPR; Wide CPR rules not applied,0,0,0,0
2026-10-05,2026-10-05,CM,NSE,STK,18967,INE542Z01028,KAPSTON,EQ,,,,,KAPSTON SERVICES LIMITED,552.3,555.9,545.3,548.6,549.0,542.35,,548.6,,,68742,37752506.9,3186,F1,1,,,,,,Cash Only,Unclassified,False,549.9333333333333,550.5999999999999,549.2666666666667,550.5999999999999,549.2666666666667,1.3333333333332575,0.24304289707131926,Narrow,Bearish,Below CPR,False,True,0.26666666666666666,60,28040996.75,Higher,True,Risk Off,False,27.567857142857154,543.273,453.4605,0.048365505030873425,1.346332558595657,True,True,No setup,Neutral,0,Not applicable,No directional setup; confirmation score not applicable.,Narrow CPR,Not applicable,Not applicable,Narrow CPR; Wide CPR rules not applied,0,0,0,0
2026-10-05,2026-10-05,CM,NSE,STK,3453,INE014B01011,TECILCHEM,EQ,,,,,TECIL CHEMICALS,9.29,10.15,8.9,9.56,9.66,9.25,,9.56,,,21261,204194.55,85,F1,1,,,,,,Cash Only,Unclassified,False,9.536666666666667,9.525,9.548333333333334,9.548333333333334,9.525,0.023333333333333428,0.2440725244072534,Narrow,Bullish,Above CPR,True,False,0.05,60,97929.995,Higher,True,Risk Off,True,0.7799999999999999,9.3604,10.1659,0.02991452991453004,2.085107325901528,True,False,No setup,Neutral,0,Not applicable,No directional setup; confirmation score not applicable.,Narrow CPR,Not applicable,Not applicable,Narrow CPR; Wide CPR rules not applied,0,0,0,0
2026-10-05,2026-10-05,CM,NSE,STK,13211,INE199G01027,JAGRAN,EQ,,,,,JAGRAN PRAKASHAN LIMITED,61.55,62.0,61.11,61.33,61.18,61.55,,61.24,,,134875,8288783.8,1998,F1,1,,,,,,Cash Only,Unclassified,False,61.48,61.555,61.404999999999994,61.555,61.404999999999994,0.15000000000000568,0.2445785097016235,Narrow,Bearish,Below CPR,False,True,0.6,60,11410281.145,Outside,True,Risk Off,False,1.105714285714285,62.2354,64.2338,0.1356589147286874,0.726431162796734,False,False,No setup,Neutral,0,Not applicable,No directional setup; confirmation score not applicable.,Narrow CPR,Not applicable,Not applicable,Narrow CPR; Wide CPR rules not applied,0,0,0,0
2026-10-05,2026-10-05,CM,NSE,STK,15061,INF174KA1A86,PSUBANK,EQ,,,,,KOTAK PSU BANK,79.94,81.28,79.93,80.31,80.55,79.52,,80.38,,,78960,6368067.27,614,F1,1,,,,,,Cash Only,Unclassified,False,80.50666666666667,80.605,80.40833333333335,80.605,80.40833333333335,0.19666666666665833,0.244884406259069,Narrow,Bearish,Below CPR,False,True,0.5333333333333333,60,15164576.31,Higher,True,Risk Off,False,1.6592857142857125,84.43780000000001,384.39599999999996,0.11852489596785276,0.4199304444662061,False,False,No setup,Neutral,0,Not applicable,No directional setup; confirmation score not applicable.,Narrow CPR,Not applicable,Not applicable,Narrow CPR; Wide CPR rules not applied,0,0,0,0
2026-10-05,2026-10-05,CM,NSE,STK,10099,INE102D01028,GODREJCP,EQ,,,,,GODREJ CONSUMER PRODUCTS,840.0,847.55,832.6,837.0,837.0,840.0,,837.0,,,788467,659679083.2,24282,F1,1,,,,,,F&O + Cash,Fast Moving Consumer Goods,True,839.0500000000001,840.075,838.0250000000001,840.075,838.0250000000001,2.0499999999999545,0.24492234169652982,Narrow,Bearish,Below CPR,False,True,0.43333333333333335,60,746203675.7,Lower,True,Risk Off,False,15.960714285714264,935.607,986.1514999999999,0.12844036697247438,0.8840469494889142,False,False,No setup,Neutral,0,Not applicable,No directional setup; confirmation score not applicable.,Narrow CPR,Not applicable,Not applicable,Narrow CPR; Wide CPR rules not applied,0,0,0,0
2026-10-05,2026-10-05,CM,NSE,STK,4204,INE775A01035,MOTHERSON,EQ,,,,,SAMVRDHNA MTHRSN INTL LTD,157.0,159.39,154.76,156.5,156.5,157.03,,156.54,,,14480075,2263133560.44,106253,F1,1,,,,,,F&O + Cash,Automobile and Auto Components,True,156.88333333333333,157.075,156.69166666666666,157.075,156.69166666666666,0.38333333333332575,0.2449414270500484,Narrow,Bearish,Below CPR,False,True,0.31666666666666665,60,2054939035.02,Lower,True,Risk Off,False,4.669285714285711,161.74540000000002,151.90540000000001,0.08209678241802913,1.1013142102378592,False,True,No setup,Neutral,0,Not applicable,No directional setup; confirmation score not applicable.,Narrow CPR,Not applicable,Not applicable,Narrow CPR; Wide CPR rules not applied,0,0,0,0
2026-10-05,2026-10-05,CM,NSE,STK,11195,INE646L01027,INDIGO,EQ,,,,,INTERGLOBE AVIATION LTD,4945.0,4999.0,4907.7,4935.0,4935.0,4929.9,,4935.0,,,404828,2000254683.2,46032,F1,1,,,,,,F&O + Cash,Services,True,4947.233333333334,4953.35,4941.116666666667,4953.35,4941.116666666667,12.233333333333576,0.2478892266126358,Narrow,Bearish,Below CPR,False,True,0.4166666666666667,60,2882416108.75,Overlapping,True,Risk Off,False,113.35714285714286,5107.238,4982.298,0.10791850451586014,0.6939507023735856,False,False,No setup,Neutral,0,Not applicable,No directional setup; confirmation score not applicable.,Narrow CPR,Not applicable,Not applicable,Narrow CPR; Wide CPR rules not applied,0,0,0,0
2026-10-05,2026-10-05,CM,NSE,STK,21690,INE935N01020,DIXON,EQ,,,,,DIXON TECHNO (INDIA) LTD,12729.0,12899.0,12692.0,12748.0,12748.0,12700.0,,12747.9,,,211036,2699869321.0,41124,F1,1,,,,,,F&O + Cash,Consumer Durables,True,12779.666666666666,12795.5,12763.833333333332,12795.5,12763.833333333332,31.66666666666788,0.24840497855873767,Narrow,Bearish,Below CPR,False,True,0.23333333333333334,60,5075915319.5,Overlapping,True,Risk Off,True,378.42857142857144,13939.2,13105.92,0.08367937586510953,0.531898022535559,False,False,No setup,Neutral,0,Not applicable,No directional setup; confirmation score not applicable.,Narrow CPR,Not applicable,Not applicable,Narrow CPR; Wide CPR rules not applied,0,0,0,0
2026-10-05,2026-10-05,CM,NSE,STK,20182,INE442H01029,ASHOKA,EQ,,,,,ASHOKA BUILDCON LTD,105.35,106.65,104.36,105.9,106.49,105.31,,105.9,,,538732,56891780.77,7556,F1,1,,,,,,Cash Only,Unclassified,False,105.63666666666666,105.505,105.76833333333332,105.76833333333332,105.505,0.2633333333333212,0.2486622599936933,Narrow,Bullish,Above CPR,True,False,0.4,60,66162086.995000005,Inside,True,Risk Off,False,3.3700000000000023,114.911,120.9553,0.07814045499505075,0.859884918296175,False,False,No setup,Neutral,0,Not applicable,No directional setup; confirmation score not applicable.,Narrow CPR,Not applicable,Not applicable,Narrow CPR; Wide CPR rules not applied,0,0,0,0
2026-10-05,2026-10-05,CM,NSE,STK,9480,INE0J1Y01017,LICI,EQ,,,,,LIFE INSURA CORP OF INDIA,392.5,394.8,385.5,388.7,388.7,391.85,,388.69,,,6242567,2425922592.4,73609,F1,1,,,,,,F&O + Cash,Financial Services,True,389.6666666666667,390.15,389.1833333333334,390.15,389.1833333333334,0.9666666666665833,0.24869222193634766,Narrow,Bearish,Below CPR,False,True,0.5333333333333333,60,2461200221.125,Lower,True,Risk Off,False,10.357142857142858,409.0,458.54900000000004,0.09333333333332527,0.9856664937609689,False,False,No setup,Neutral,0,Not applicable,No directional setup; confirmation score not applicable.,Narrow CPR,Not applicable,Not applicable,Narrow CPR; Wide CPR rules not applied,0,0,0,0
2026-10-05,2026-10-05,CM,NSE,STK,760125,INE0HF201011,FABTECH,EQ,,,,,FABTECH TECHNOLOGIES LTD,142.02,144.79,140.01,141.87,143.0,142.01,,141.9,,,35030,4971156.61,689,F1,1,,,,,,Cash Only,Unclassified,False,142.22333333333333,142.39999999999998,142.04666666666668,142.39999999999998,142.04666666666668,0.3533333333332962,0.2490542985361924,Narrow,Bearish,Below CPR,False,True,0.4166666666666667,60,11518660.065000001,Outside,True,Risk Off,False,4.241428571428571,147.44819999999999,150.9343,0.0833052655214912,0.43157420932188956,False,False,No setup,Neutral,0,Not applicable,No directional setup; confirmation score not applicable.,Narrow CPR,Not applicable,Not applicable,Narrow CPR; Wide CPR rules not applied,0,0,0,0
2026-10-05,2026-10-05,CM,NSE,STK,1214,INE393A01011,DELTAMAGNT,EQ,,,,,DELTA MANUFACTURING LTD,54.1,56.8,53.35,54.87,56.3,54.08,,54.87,,,3862,213146.75,59,F1,1,,,,,,Cash Only,Unclassified,False,55.00666666666667,55.075,54.93833333333333,55.075,54.93833333333333,0.13666666666667027,0.24907356782699155,Narrow,Bearish,Below CPR,False,True,0.26666666666666666,60,156492.515,Inside,True,Risk Off,False,3.4714285714285706,57.2234,58.7921,0.03936899862825893,1.362025206125673,False,False,No setup,Neutral,0,Not applicable,No directional setup; confirmation score not applicable.,Narrow CPR,Not applicable,Not applicable,Narrow CPR; Wide CPR rules not applied,0,0,0,0
