TradDt,BizDt,Sgmt,Src,FinInstrmTp,FinInstrmId,ISIN,SYMBOL,SERIES,XpryDt,FininstrmActlXpryDt,StrkPric,OptnTp,NAME,OPEN,HIGH,LOW,CLOSE,LAST,PREVCLOSE,UndrlygPric,SttlmPric,OpnIntrst,ChngInOpnIntrst,VOLUME,VALUE,TtlNbOfTxsExctd,SsnId,NewBrdLotQty,Rmks,Rsvd1,Rsvd2,Rsvd3,Rsvd4,Segment,Industry,Nifty500,Pivot,BC,TC,CPR_Top,CPR_Bottom,CPR_Width,CPR_Width_Pct,CPR_Class,Bias,Price_Position,Bullish_CPR,Bearish_CPR,Width_Rank_Pct,History_Days,Value_60d,Overlay,History_OK,Regime,Own_Narrow,ATR14,SMA50,SMA100,Width_ATR,Value_Ratio,Above_SMA50,Above_SMA100,Setup,Signal_Direction,Signal_Score,Signal_Grade,Signal_Explanation,Strategy_Type,Strategy_Setup,Strategy_Confirmation,Strategy_Explanation,Daily_Signal,Weekly_Signal,Monthly_Signal,Confluence_Score
2026-09-23,2026-09-23,CM,NSE,STK,18011,INE716A01013,WHIRLPOOL,EQ,,,,,WHIRLPOOL OF INDIA LTD,723.45,865.25,722.2,865.25,865.25,721.05,,865.27,,,10753329,8795184012.95,216194,F1,1,,,,,,Cash Only,Consumer Durables,True,817.5666666666666,793.725,841.4083333333332,841.4083333333332,793.725,47.68333333333317,5.510931330058731,Wide,Bullish,Above CPR,False,False,1.0,60,184568131.075,Higher,True,Risk On,False,28.989285714285717,784.668,808.372,1.644860580674299,47.6527771166304,True,True,No setup,Neutral,0,Not applicable,No directional setup; confirmation score not applicable.,Wide CPR,Wide Upside Breakout,Confirmed,Wide CPR + close above CPR + trend aligned + participation confirmed,0,0,0,0
2026-09-23,2026-09-23,CM,NSE,STK,3908,INE309M01020,PREMIERPOL,EQ,,,,,PREMIER POLYFILM LTD,81.7,97.22,81.14,96.72,97.22,81.02,,96.73,,,6517058,613963551.47,41084,F1,1,,,,,,Cash Only,Unclassified,False,91.69333333333334,89.18,94.20666666666668,94.20666666666668,89.18,5.026666666666671,5.19713261648746,Wide,Bullish,Above CPR,False,False,1.0,60,22273686.04,Higher,True,Risk On,False,5.700000000000001,81.5518,68.9973,0.8818713450292404,27.564523912540523,True,True,No setup,Neutral,0,Not applicable,No directional setup; confirmation score not applicable.,Wide CPR,Wide Upside Breakout,Confirmed,Wide CPR + close above CPR + trend aligned + participation confirmed,0,0,0,0
2026-09-23,2026-09-23,CM,NSE,STK,14139,INE05ST01028,SBGLP,EQ,,,,,SURATWWALA BUS GROUP LTD,23.81,28.0,23.34,24.31,24.2,23.34,,24.3,,,1163972,30421935.14,8273,F1,1,,,,,,Cash Only,Unclassified,False,25.21666666666667,25.67,24.763333333333335,25.67,24.763333333333335,0.9066666666666663,3.729603729603728,Wide,Bearish,Below CPR,False,False,0.9833333333333333,60,543295.4450000001,Higher,True,Risk On,False,2.717857142857143,24.4298,25.143800000000002,0.3335961454226893,55.99519638895555,False,False,No setup,Neutral,0,Not applicable,No directional setup; confirmation score not applicable.,Wide CPR,Wide Downside Breakout,Confirmed,Wide CPR + close below CPR + trend aligned + participation confirmed,0,0,0,0
2026-09-23,2026-09-23,CM,NSE,STK,758551,INE1SY401010,RAYMONDREL,EQ,,,,,RAYMOND REALTY LIMITED,591.0,679.0,591.0,671.45,669.25,589.5,,671.43,,,12802316,8475401662.4,290981,F1,1,,,,,,Cash Only,Unclassified,False,647.15,635.0,659.3,659.3,635.0,24.299999999999955,3.6190334351031277,Wide,Bullish,Above CPR,False,False,1.0,60,245469236.725,Higher,True,Risk On,False,34.203571428571436,610.131,608.6954999999999,0.7104521248825296,34.52734760362261,True,True,No setup,Neutral,0,Not applicable,No directional setup; confirmation score not applicable.,Wide CPR,Wide Upside Breakout,Confirmed,Wide CPR + close above CPR + trend aligned + participation confirmed,0,0,0,0
2026-09-23,2026-09-23,CM,NSE,STK,762792,INE689O01013,MERCANTILE,EQ,,,,,MERCANTILE VENTURES LTD.,21.9,24.5,21.9,22.01,22.0,22.1,,22.01,,,8946,199156.11,81,F1,1,,,,,,Cash Only,Unclassified,False,22.80333333333333,23.2,22.406666666666663,23.2,22.406666666666663,0.7933333333333366,3.6044222323186577,Wide,Bearish,Below CPR,False,False,0.9833333333333333,60,78381.495,Overlapping,True,Risk On,False,2.402142857142857,24.19,24.8809,0.33026067994846003,2.540856231435749,False,False,No setup,Neutral,0,Not applicable,No directional setup; confirmation score not applicable.,Wide CPR,Wide Downside Breakout,Confirmed,Wide CPR + close below CPR + trend aligned + participation confirmed,0,0,0,0
2026-09-23,2026-09-23,CM,NSE,STK,11884,INE993A01026,MANINDS,EQ,,,,,MAN INDUSTRIES (I) LTD.,875.0,1005.0,866.25,986.7,1000.3,849.9,,986.8,,,10691371,10186758471.7,314119,F1,1,,,,,,Cash Only,Unclassified,False,952.65,935.625,969.675,969.675,935.625,34.049999999999955,3.4508969291577944,Wide,Bullish,Above CPR,False,False,1.0,60,236345782.85000002,Higher,True,Risk On,False,64.47857142857143,669.778,610.948,0.5280824194084407,43.10107990445999,True,True,No setup,Neutral,0,Not applicable,No directional setup; confirmation score not applicable.,Wide CPR,Wide Upside Breakout,Confirmed,Wide CPR + close above CPR + trend aligned + participation confirmed,0,0,0,0
2026-09-23,2026-09-23,CM,NSE,STK,10932,INE874F01027,RADAAN,EQ,,,,,RADAAN MEDIAWORKS (I) LTD,2.87,3.44,2.52,3.13,3.11,2.87,,3.13,,,566770,1795861.18,613,F1,1,,,,,,Cash Only,Unclassified,False,3.03,2.98,3.0799999999999996,3.0799999999999996,2.98,0.09999999999999964,3.1948881789137267,Wide,Bullish,Above CPR,False,False,1.0,60,50059.615000000005,Higher,True,Risk On,False,0.1957142857142857,2.9904,3.0302000000000002,0.5109489051094873,35.874450492677575,True,True,No setup,Neutral,0,Not applicable,No directional setup; confirmation score not applicable.,Wide CPR,Wide Upside Breakout,Confirmed,Wide CPR + close above CPR + trend aligned + participation confirmed,0,0,0,0
2026-09-23,2026-09-23,CM,NSE,STK,15044,INE124G01033,DELTACORP,EQ,,,,,DELTA CORP LIMITED,62.3,69.0,61.77,68.65,68.85,61.77,,68.65,,,17802335,1191631166.68,78734,F1,1,,,,,,Cash Only,Unclassified,False,66.47333333333334,65.385,67.56166666666668,67.56166666666668,65.385,2.1766666666666765,3.1706724933236363,Wide,Bullish,Above CPR,False,False,1.0,60,46424665.135,Higher,True,Risk On,False,2.7392857142857134,60.5056,64.3867,0.7946110386788391,25.668061648152158,True,True,No setup,Neutral,0,Not applicable,No directional setup; confirmation score not applicable.,Wide CPR,Wide Upside Breakout,Confirmed,Wide CPR + close above CPR + trend aligned + participation confirmed,0,0,0,0
2026-09-23,2026-09-23,CM,NSE,STK,758002,INE06ZD01017,SHANTIGOLD,EQ,,,,,SHANTI GOLD INTERNATION L,258.95,293.7,256.0,288.07,284.5,258.04,,288.11,,,12582362,3554933403.78,178570,F1,1,,,,,,Cash Only,Unclassified,False,279.25666666666666,274.85,283.6633333333333,283.6633333333333,274.85,8.813333333333276,3.059441570914457,Wide,Bullish,Above CPR,False,False,1.0,60,282283503.855,Higher,True,Risk On,False,15.188571428571436,238.9162,229.5054,0.5802608477552004,12.593486176953704,True,True,No setup,Neutral,0,Not applicable,No directional setup; confirmation score not applicable.,Wide CPR,Wide Upside Breakout,Confirmed,Wide CPR + close above CPR + trend aligned + participation confirmed,0,0,0,0
2026-09-23,2026-09-23,CM,NSE,STK,16725,INE105J01010,RPGLIFE,EQ,,,,,RPG LIFE SCIENCES LTD,2771.6,3047.2,2727.1,3025.4,3040.0,2746.9,,3025.66,,,143445,424235521.9,14001,F1,1,,,,,,Cash Only,Unclassified,False,2933.233333333333,2887.1499999999996,2979.3166666666666,2979.3166666666666,2887.1499999999996,92.16666666666697,3.0464291223199234,Wide,Bullish,Above CPR,False,False,0.9833333333333333,60,39106284.650000006,Higher,True,Risk On,False,154.81428571428575,2754.8759999999997,2542.764,0.595336962874106,10.84826967575402,True,True,No setup,Neutral,0,Not applicable,No directional setup; confirmation score not applicable.,Wide CPR,Wide Upside Breakout,Confirmed,Wide CPR + close above CPR + trend aligned + participation confirmed,0,0,-2,-2
2026-09-23,2026-09-23,CM,NSE,STK,11325,INE304A01026,MUKANDLTD,EQ,,,,,MUKAND LTD.,141.41,158.8,141.41,157.11,158.0,141.41,,157.14,,,2525436,387070744.08,17901,F1,1,,,,,,Cash Only,Unclassified,False,152.44000000000003,150.10500000000002,154.77500000000003,154.77500000000003,150.10500000000002,4.670000000000016,2.9724396919355964,Wide,Bullish,Above CPR,False,False,1.0,60,11735769.885,Higher,True,Risk On,False,5.741428571428569,139.0224,137.9145,0.8133864145309809,32.982134778795555,True,True,No setup,Neutral,0,Not applicable,No directional setup; confirmation score not applicable.,Wide CPR,Wide Upside Breakout,Confirmed,Wide CPR + close above CPR + trend aligned + participation confirmed,0,0,0,0
2026-09-23,2026-09-23,CM,NSE,STK,25157,INE0DAB01012,RVTH,EQ,,,,,REVATHI EQUIPMENT INDIA L,718.75,719.0,620.0,641.15,670.0,671.55,,644.4,,,1230,820699.65,96,F1,1,,,,,,Cash Only,Unclassified,False,660.0500000000001,669.5,650.6000000000001,669.5,650.6000000000001,18.899999999999864,2.947828121344438,Wide,Bearish,Below CPR,False,False,1.0,60,412776.1,Lower,True,Risk On,False,43.53571428571429,717.654,714.1884999999999,0.43412633305988196,1.9882441110325915,False,False,No setup,Neutral,0,Not applicable,No directional setup; confirmation score not applicable.,Wide CPR,Wide Downside Breakout,Confirmed,Wide CPR + close below CPR + trend aligned + participation confirmed,0,0,0,0
2026-09-23,2026-09-23,CM,NSE,STK,765025,INE822B01017,ASIANTNE,EQ,,,,,ASIAN TEA & EXPORTS LTD.,10.08,10.08,9.21,9.24,9.24,9.38,,9.23,,,10680,99946.67,61,F1,1,,,,,,Cash Only,Unclassified,False,9.51,9.645,9.375,9.645,9.375,0.2699999999999996,2.9220779220779174,Wide,Bearish,Below CPR,False,False,0.8888888888888888,27,68787.78,Outside,True,Risk On,False,0.8114285714285714,,,0.33274647887323894,1.4529712980997498,False,False,No setup,Neutral,0,Not applicable,No directional setup; confirmation score not applicable.,Wide CPR,Wide Downside Breakout,Confirmed,Wide CPR + close below CPR + trend aligned + participation confirmed,0,0,0,0
2026-09-23,2026-09-23,CM,NSE,STK,3348,INE947A01014,SUNFLAG,EQ,,,,,SUNFLAG IRON AND STEEL CO,356.9,390.55,356.55,390.55,390.55,355.05,,390.56,,,912957,347354154.9,13926,F1,1,,,,,,Cash Only,Unclassified,False,379.2166666666667,373.55,384.8833333333334,384.8833333333334,373.55,11.333333333333371,2.901890496308634,Wide,Bullish,Above CPR,False,False,1.0,60,50595561.9,Higher,True,Risk On,False,13.192857142857134,354.198,357.88599999999997,0.8590507128677168,6.865308771281775,True,True,No setup,Neutral,0,Not applicable,No directional setup; confirmation score not applicable.,Wide CPR,Wide Upside Breakout,Confirmed,Wide CPR + close above CPR + trend aligned + participation confirmed,0,0,0,0
2026-09-23,2026-09-23,CM,NSE,STK,967,INE754A01055,SUBEXLTD,EQ,,,,,SUBEX LTD,19.5,22.8,19.48,22.08,22.25,19.37,,22.08,,,70960363,1544937833.9,258222,F1,1,,,,,,Cash Only,Unclassified,False,21.453333333333333,21.14,21.766666666666666,21.766666666666666,21.14,0.6266666666666652,2.838164251207723,Wide,Bullish,Above CPR,False,False,0.95,60,35277258.224999994,Higher,True,Risk On,False,1.525,14.3778,11.691400000000002,0.4109289617486329,43.794158379495215,True,True,No setup,Neutral,0,Not applicable,No directional setup; confirmation score not applicable.,Wide CPR,Wide Upside Breakout,Confirmed,Wide CPR + close above CPR + trend aligned + participation confirmed,0,0,0,0
2026-09-23,2026-09-23,CM,NSE,STK,10557,INE278M01019,NAVKARCORP,EQ,,,,,NAVKAR CORPORATION LTD.,89.38,96.06,87.3,87.94,87.91,89.38,,87.94,,,2483269,223595847.97,15071,F1,1,,,,,,Cash Only,Unclassified,False,90.43333333333334,91.68,89.18666666666667,91.68,89.18666666666667,2.4933333333333394,2.8352664695625878,Wide,Bearish,Below CPR,False,False,1.0,60,28986757.775,Outside,True,Risk On,False,3.244285714285714,98.3478,99.9141,0.7685307500366965,7.713723959940187,False,False,No setup,Neutral,0,Not applicable,No directional setup; confirmation score not applicable.,Wide CPR,Wide Downside Breakout,Confirmed,Wide CPR + close below CPR + trend aligned + participation confirmed,0,0,0,0
2026-09-23,2026-09-23,CM,NSE,STK,10922,INE090B01011,OMAXAUTO,EQ,,,,,OMAX AUTOS LTD,193.8,209.94,192.21,209.94,209.94,190.86,,209.94,,,199826,40668321.52,1942,F1,1,,,,,,Cash Only,Unclassified,False,204.02999999999997,201.075,206.98499999999996,206.98499999999996,201.075,5.909999999999968,2.8150900257216196,Wide,Bullish,Above CPR,False,False,0.95,60,8811880.195,Higher,True,Risk On,False,10.464285714285712,169.10440000000003,137.8566,0.5647781569965842,4.615169591510771,True,True,No setup,Neutral,0,Not applicable,No directional setup; confirmation score not applicable.,Wide CPR,Wide Upside Breakout,Confirmed,Wide CPR + close above CPR + trend aligned + participation confirmed,0,0,0,0
2026-09-23,2026-09-23,CM,NSE,STK,11961,INE617A01013,SEMAC,EQ,,,,,SEMAC CONSTRUCTION LTD,288.4,288.4,265.05,265.65,265.6,279.0,,265.63,,,970,261473.15,78,F1,1,,,,,,Cash Only,Unclassified,False,273.03333333333336,276.725,269.3416666666667,276.725,269.3416666666667,7.383333333333326,2.7793462576071244,Wide,Bearish,Below CPR,False,False,0.95,60,192767.355,Lower,True,Risk On,False,11.899999999999997,293.593,270.3405,0.6204481792717083,1.3564182068068527,False,False,No setup,Neutral,0,Not applicable,No directional setup; confirmation score not applicable.,Wide CPR,Wide Downside Breakout,Confirmed,Wide CPR + close below CPR + trend aligned + participation confirmed,0,0,0,0
2026-09-23,2026-09-23,CM,NSE,STK,759402,INE1B0W01010,ADVANCE,EQ,,,,,ADVANCE AGROLIFE LIMITED,107.59,121.3,107.59,119.37,120.5,108.14,,119.35,,,531664,61681377.1,6039,F1,1,,,,,,Cash Only,Unclassified,False,116.08666666666666,114.445,117.72833333333332,117.72833333333332,114.445,3.2833333333333314,2.7505515065203414,Wide,Bullish,Above CPR,False,False,1.0,60,23669120.43,Higher,True,Risk On,False,4.9628571428571435,117.3442,111.43360000000001,0.66158127038956,2.605985181511876,True,True,No setup,Neutral,0,Not applicable,No directional setup; confirmation score not applicable.,Wide CPR,Wide Upside Breakout,Confirmed,Wide CPR + close above CPR + trend aligned + participation confirmed,0,0,0,0
2026-09-23,2026-09-23,CM,NSE,STK,2998,INE018401013,SUVIDHAA,EQ,,,,,SUVIDHAA INFOSERVE LTD,2.24,2.4,2.16,2.19,2.17,2.22,,2.19,,,155367,348962.21,233,F1,1,,,,,,Cash Only,Unclassified,False,2.25,2.2800000000000002,2.2199999999999998,2.2800000000000002,2.2199999999999998,0.0600000000000005,2.739726027397283,Wide,Bearish,Below CPR,False,False,0.8833333333333333,60,250028.005,Overlapping,True,Risk On,False,0.24714285714285716,2.4,2.5606999999999998,0.24277456647399043,1.3956924945267632,False,False,No setup,Neutral,0,Not applicable,No directional setup; confirmation score not applicable.,Wide CPR,Wide Downside Breakout,Confirmed,Wide CPR + close below CPR + trend aligned + participation confirmed,0,0,0,0
2026-09-23,2026-09-23,CM,NSE,STK,759517,INE0XAD01024,MIDWESTLTD,EQ,,,,,MIDWEST LIMITED,1020.0,1085.0,982.8,993.4,999.0,1018.3,,993.42,,,29595,29716779.1,3035,F1,1,,,,,,Cash Only,Unclassified,False,1020.4000000000001,1033.9,1006.9000000000001,1033.9,1006.9000000000001,27.0,2.7179383933964165,Wide,Bearish,Below CPR,False,False,1.0,60,14669644.75,Outside,True,Risk On,False,42.54285714285715,1136.942,1213.322,0.6346541302887843,2.0257327022183,False,False,No setup,Neutral,0,Not applicable,No directional setup; confirmation score not applicable.,Wide CPR,Wide Downside Breakout,Confirmed,Wide CPR + close below CPR + trend aligned + participation confirmed,0,0,0,0
2026-09-23,2026-09-23,CM,NSE,STK,641,INE016M01021,DNAMEDIA,EQ,,,,,DILIGENT MEDIA CORP LTD.,2.55,2.75,2.45,2.5,2.55,2.55,,2.5,,,99123,252417.86,128,F1,1,,,,,,Cash Only,Unclassified,False,2.566666666666667,2.6,2.5333333333333337,2.6,2.5333333333333337,0.06666666666666643,2.666666666666657,Wide,Bearish,Below CPR,False,False,0.9666666666666667,60,91133.18,Higher,True,Risk On,False,0.23357142857142862,2.6606,2.7807000000000004,0.28542303771661465,2.769769034724784,False,False,No setup,Neutral,0,Not applicable,No directional setup; confirmation score not applicable.,Wide CPR,Wide Downside Breakout,Confirmed,Wide CPR + close below CPR + trend aligned + participation confirmed,0,0,-2,-2
2026-09-23,2026-09-23,CM,NSE,STK,24937,INE0US801024,MFML,EQ,,,,,MAHALAXMI FABRIC MILLS LT,19.0,19.87,18.0,18.22,18.79,19.26,,18.23,,,22464,413625.08,218,F1,1,,,,,,Cash Only,Unclassified,False,18.69666666666667,18.935000000000002,18.458333333333336,18.935000000000002,18.458333333333336,0.47666666666666657,2.616172703988291,Wide,Bearish,Below CPR,False,False,0.9666666666666667,60,52227.275,Lower,True,Risk On,False,1.3364285714285706,18.8678,21.052799999999998,0.3566720114021024,7.919713980865362,False,False,No setup,Neutral,0,Not applicable,No directional setup; confirmation score not applicable.,Wide CPR,Wide Downside Breakout,Confirmed,Wide CPR + close below CPR + trend aligned + participation confirmed,0,0,0,0
2026-09-23,2026-09-23,CM,NSE,STK,764608,INE759F01012,AUSTENG,EQ,,,,,AUSTIN ENGINEERING CO. L,174.8,178.0,163.15,164.19,164.4,162.85,,164.21,,,234205,40295924.44,3987,F1,1,,,,,,Cash Only,Unclassified,False,168.44666666666666,170.575,166.31833333333333,170.575,166.31833333333333,4.256666666666661,2.59252492031589,Wide,Bearish,Below CPR,False,False,0.9259259259259259,27,311718.68,Higher,True,Risk On,False,11.580714285714285,,,0.36756512263821167,129.27016257094377,False,False,No setup,Neutral,0,Not applicable,No directional setup; confirmation score not applicable.,Wide CPR,Wide Downside Breakout,Confirmed,Wide CPR + close below CPR + trend aligned + participation confirmed,0,0,0,0
2026-09-23,2026-09-23,CM,NSE,STK,25134,INE0RE001014,GALAPREC,EQ,,,,,GALA PRECISION ENG LTD,1066.5,1175.0,1064.0,1164.2,1173.8,1058.0,,1164.34,,,143631,163068056.0,11969,F1,1,,,,,,Cash Only,Unclassified,False,1134.3999999999999,1119.5,1149.2999999999997,1149.2999999999997,1119.5,29.799999999999727,2.559697646452476,Wide,Bullish,Above CPR,False,False,0.9833333333333333,60,35704379.7,Higher,True,Risk On,False,46.35000000000003,1071.2720000000002,1023.8919999999999,0.6429341963322482,4.567172357289265,True,True,No setup,Neutral,0,Not applicable,No directional setup; confirmation score not applicable.,Wide CPR,Wide Upside Breakout,Confirmed,Wide CPR + close above CPR + trend aligned + participation confirmed,0,0,0,0
2026-09-23,2026-09-23,CM,NSE,STK,13572,INE867A01022,MANUGRAPH,EQ,,,,,MANUGRAPH INDIA LIMITED,20.99,24.26,20.99,23.52,23.2,20.22,,23.52,,,1740711,41339289.58,4082,F1,1,,,,,,Cash Only,Unclassified,False,22.923333333333332,22.625,23.221666666666664,23.221666666666664,22.625,0.596666666666664,2.536848072562347,Wide,Bullish,Above CPR,False,False,0.8666666666666667,60,219903.415,Higher,True,Risk On,False,2.0399999999999996,15.0218,14.5661,0.2924836601307177,187.98839290422114,True,True,No setup,Neutral,0,Not applicable,No directional setup; confirmation score not applicable.,Wide CPR,Wide Upside Breakout,Confirmed,Wide CPR + close above CPR + trend aligned + participation confirmed,0,0,0,0
2026-09-23,2026-09-23,CM,NSE,STK,1805,INE900B01029,KABRAEXTRU,EQ,,,,,KABRA EXTRUSION TECHNIK L,693.95,732.85,678.55,732.85,732.85,666.25,,732.83,,,402751,287875467.8,15490,F1,1,,,,,,Cash Only,Unclassified,False,714.75,705.7,723.8,723.8,705.7,18.09999999999991,2.4698096472675046,Wide,Bullish,Above CPR,False,False,0.95,60,122822057.15,Higher,True,Risk On,False,47.92857142857143,520.556,383.9171,0.37764530551415604,2.3438417697924057,True,True,No setup,Neutral,0,Not applicable,No directional setup; confirmation score not applicable.,Wide CPR,Wide Upside Breakout,Confirmed,Wide CPR + close above CPR + trend aligned + participation confirmed,0,0,0,0
2026-09-23,2026-09-23,CM,NSE,STK,24777,INE0LXG01040,OLAELEC,EQ,,,,,OLA ELECTRIC MOBILITY LTD,38.25,42.49,38.25,41.87,41.82,37.78,,41.87,,,390177989,16179970183.07,572669,F1,1,,,,,,Cash Only,Automobile and Auto Components,True,40.870000000000005,40.370000000000005,41.370000000000005,41.370000000000005,40.370000000000005,1.0,2.388344877000239,Wide,Bullish,Above CPR,False,False,1.0,60,1618253675.81,Higher,True,Risk On,False,1.7678571428571428,38.557199999999995,39.5347,0.5656565656565656,9.998413984736532,True,True,No setup,Neutral,0,Not applicable,No directional setup; confirmation score not applicable.,Wide CPR,Wide Upside Breakout,Confirmed,Wide CPR + close above CPR + trend aligned + participation confirmed,0,0,0,0
2026-09-23,2026-09-23,CM,NSE,STK,4064,INE144D01012,CUBEXTUB,EQ,,,,,CUBEX TUBINGS LTD,125.82,125.82,117.0,125.82,125.82,104.85,,125.82,,,1061637,132882148.42,3936,F1,1,,,,,,Cash Only,Unclassified,False,122.88,121.41,124.35,124.35,121.41,2.9399999999999977,2.33667143538388,Wide,Bullish,Above CPR,False,False,0.9833333333333333,60,3167529.895,Higher,True,Risk On,False,6.327857142857144,80.1974,84.3474,0.4646122587199454,41.95134784039663,True,True,No setup,Neutral,0,Not applicable,No directional setup; confirmation score not applicable.,Wide CPR,Wide Upside Breakout,Confirmed,Wide CPR + close above CPR + trend aligned + participation confirmed,0,0,0,0
2026-09-23,2026-09-23,CM,NSE,STK,18571,INE934S01014,GNA,EQ,,,,,GNA AXLES LIMITED,561.7,601.0,550.6,596.65,597.0,561.65,,596.68,,,3594624,2091765062.5,73641,F1,1,,,,,,Cash Only,Unclassified,False,582.75,575.8,589.7,589.7,575.8,13.900000000000091,2.3296740132406084,Wide,Bullish,Above CPR,False,False,0.95,60,169406603.875,Higher,True,Risk On,False,25.88928571428573,542.43,475.12549999999993,0.5369016416057419,12.347600475147061,True,True,No setup,Neutral,0,Not applicable,No directional setup; confirmation score not applicable.,Wide CPR,Wide Upside Breakout,Confirmed,Wide CPR + close above CPR + trend aligned + participation confirmed,0,0,0,0
2026-09-23,2026-09-23,CM,NSE,STK,7091,INE955I01044,SEJALLTD,EQ,,,,,SEJAL GLASS LIMITED,666.3,699.6,651.0,699.6,699.6,666.3,,702.11,,,7610,5218330.4,465,F1,1,,,,,,Cash Only,Unclassified,False,683.4,675.3,691.5,691.5,675.3,16.200000000000045,2.3156089193825107,Wide,Bullish,Above CPR,False,False,0.8666666666666667,60,5172661.625,Higher,True,Risk On,False,34.028571428571425,635.7779999999999,639.8195,0.47607052896725577,1.008828873471885,True,True,No setup,Neutral,0,Not applicable,No directional setup; confirmation score not applicable.,Wide CPR,Wide Upside Breakout,Confirmed,Wide CPR + close above CPR + trend aligned + participation confirmed,0,0,0,0
2026-09-23,2026-09-23,CM,NSE,STK,760073,INE903A01025,JAYKAY,EQ,,,,,JAYKAY ENTERPRISES LTD,192.4,219.35,191.47,212.76,213.3,189.5,,212.76,,,9950063,2112274735.74,140238,F1,1,,,,,,Cash Only,Unclassified,False,207.85999999999999,205.41,210.30999999999997,210.30999999999997,205.41,4.899999999999977,2.303064485805592,Wide,Bullish,Above CPR,False,False,0.9333333333333333,60,39459233.004999995,Higher,True,Risk On,False,12.483571428571423,162.2654,168.94729999999998,0.39251587801109866,53.530557359600664,True,True,No setup,Neutral,0,Not applicable,No directional setup; confirmation score not applicable.,Wide CPR,Wide Upside Breakout,Confirmed,Wide CPR + close above CPR + trend aligned + participation confirmed,0,0,0,0
2026-09-23,2026-09-23,CM,NSE,STK,2711,INE283A01014,PRECOT,EQ,,,,,PRECOT LIMITED,659.0,697.95,640.0,646.9,643.4,674.6,,646.9,,,14779,9744476.15,359,F1,1,,,,,,Cash Only,Unclassified,False,661.6166666666667,668.975,654.2583333333333,668.975,654.2583333333333,14.716666666666697,2.2749523367857005,Wide,Bearish,Below CPR,False,False,0.9666666666666667,60,3408812.5,Lower,True,Risk On,False,30.92500000000002,743.2270000000001,715.1055,0.47588251145243937,2.858613124071799,False,False,No setup,Neutral,0,Not applicable,No directional setup; confirmation score not applicable.,Wide CPR,Wide Downside Breakout,Confirmed,Wide CPR + close below CPR + trend aligned + participation confirmed,0,0,0,0
2026-09-23,2026-09-23,CM,NSE,STK,2939,INE301D01026,RUBYMILLS,EQ,,,,,THE RUBY MILLS LTD,432.0,515.0,432.0,490.2,488.05,459.95,,489.9,,,111992,55539368.9,6017,F1,1,,,,,,Cash Only,Unclassified,False,479.06666666666666,473.5,484.6333333333333,484.6333333333333,473.5,11.133333333333326,2.271181830545354,Wide,Bullish,Above CPR,False,False,0.8833333333333333,60,3950590.83,Higher,True,Risk On,False,50.31428571428571,293.6536,247.5302,0.2212757902706794,14.058496890704319,True,True,No setup,Neutral,0,Not applicable,No directional setup; confirmation score not applicable.,Wide CPR,Wide Upside Breakout,Confirmed,Wide CPR + close above CPR + trend aligned + participation confirmed,0,0,0,0
2026-09-23,2026-09-23,CM,NSE,STK,15129,INE722H01024,RGL,EQ,,,,,RENAISSANCE GLOBAL LTD,156.78,173.8,155.99,170.48,170.2,156.78,,170.49,,,4184608,703259718.83,42898,F1,1,,,,,,Cash Only,Unclassified,False,166.75666666666666,164.895,168.6183333333333,168.6183333333333,164.895,3.7233333333333007,2.1840294071640667,Wide,Bullish,Above CPR,False,False,0.9166666666666666,60,68520165.475,Higher,True,Risk On,False,9.367857142857142,132.3268,120.5723,0.39745838098868636,10.263543789697774,True,True,No setup,Neutral,0,Not applicable,No directional setup; confirmation score not applicable.,Wide CPR,Wide Upside Breakout,Confirmed,Wide CPR + close above CPR + trend aligned + participation confirmed,0,0,0,0
2026-09-23,2026-09-23,CM,NSE,STK,20788,INE0FRK01020,MOTISONS,EQ,,,,,MOTISONS JEWELLERS LTD,18.4,19.15,17.4,18.89,18.9,18.04,,18.89,,,144251390,2668863071.31,158019,F1,1,,,,,,Cash Only,Unclassified,False,18.48,18.275,18.685000000000002,18.685000000000002,18.275,0.4100000000000037,2.1704605611434817,Wide,Bullish,Above CPR,False,False,0.9166666666666666,60,405901938.27,Overlapping,True,Risk On,False,1.1678571428571434,15.5142,14.3149,0.3510703363914403,6.575142465899514,True,True,No setup,Neutral,0,Not applicable,No directional setup; confirmation score not applicable.,Wide CPR,Wide Upside Breakout,Confirmed,Wide CPR + close above CPR + trend aligned + participation confirmed,0,0,0,0
2026-09-23,2026-09-23,CM,NSE,STK,14459,INE500X01013,LEXUS,EQ,,,,,LEXUS GRANITO (INDIA) LTD,12.89,13.38,12.4,12.5,12.41,12.47,,12.5,,,52072,657839.41,416,F1,1,,,,,,Cash Only,Unclassified,False,12.76,12.89,12.629999999999999,12.89,12.629999999999999,0.26000000000000156,2.0800000000000125,Wide,Bearish,Below CPR,False,False,0.8666666666666667,60,240226.03,Overlapping,True,Risk On,False,0.887142857142857,14.0442,17.097199999999997,0.293075684380034,2.738418521922874,False,False,No setup,Neutral,0,Not applicable,No directional setup; confirmation score not applicable.,Wide CPR,Wide Downside Breakout,Confirmed,Wide CPR + close below CPR + trend aligned + participation confirmed,0,0,-2,-2
2026-09-23,2026-09-23,CM,NSE,STK,13091,INE184H01027,EKC,EQ,,,,,EVEREST KANTO CYLINDERLTD,100.9,119.33,100.9,113.66,114.05,100.81,,113.65,,,23855254,2723001037.03,148749,F1,1,,,,,,Cash Only,Unclassified,False,111.29666666666667,110.11500000000001,112.47833333333332,112.47833333333332,110.11500000000001,2.3633333333333155,2.079300838758856,Wide,Bullish,Above CPR,False,False,1.0,60,15863480.875,Higher,True,Risk On,False,3.807142857142859,108.46039999999999,112.35799999999999,0.6207629768605328,171.6521776327984,True,True,No setup,Neutral,0,Not applicable,No directional setup; confirmation score not applicable.,Wide CPR,Wide Upside Breakout,Confirmed,Wide CPR + close above CPR + trend aligned + participation confirmed,0,0,0,0
2026-09-23,2026-09-23,CM,NSE,STK,8132,INE791A01024,BLBLIMITED,EQ,,,,,BLB LIMITED,16.5,17.44,16.15,17.33,17.38,16.22,,17.32,,,310344,5280835.98,1266,F1,1,,,,,,Cash Only,Unclassified,False,16.973333333333333,16.795,17.151666666666664,17.151666666666664,16.795,0.356666666666662,2.0580880938641783,Wide,Bullish,Above CPR,False,False,0.95,60,1362228.12,Higher,True,Risk On,False,0.9657142857142856,16.0802,15.9775,0.369329388560153,3.8766164803586642,True,True,No setup,Neutral,0,Not applicable,No directional setup; confirmation score not applicable.,Wide CPR,Wide Upside Breakout,Confirmed,Wide CPR + close above CPR + trend aligned + participation confirmed,0,0,0,0
2026-09-23,2026-09-23,CM,NSE,STK,14908,INE291D01011,KDDL,EQ,,,,,KDDL LIMITED,3974.0,4270.0,3973.9,4251.9,4270.0,3973.1,,4252.01,,,153006,639393248.8,20567,F1,1,,,,,,Cash Only,Unclassified,False,4165.266666666666,4121.95,4208.583333333333,4208.583333333333,4121.95,86.63333333333321,2.037520481039846,Wide,Bullish,Above CPR,False,False,0.9666666666666667,60,79550921.35,Higher,True,Risk On,False,135.64285714285717,3705.0319999999997,3268.0959999999995,0.638687028260487,8.037534172443623,True,True,No setup,Neutral,0,Not applicable,No directional setup; confirmation score not applicable.,Wide CPR,Wide Upside Breakout,Confirmed,Wide CPR + close above CPR + trend aligned + participation confirmed,0,0,0,0
2026-09-23,2026-09-23,CM,NSE,STK,19292,INE482B01010,TERASOFT,EQ,,,,,TERA SOFTWARE LIMITED,240.3,246.95,228.6,230.8,231.8,240.8,,230.89,,,37055,8720528.25,1778,F1,1,,,,,,Cash Only,Unclassified,False,235.44999999999996,237.77499999999998,233.12499999999994,237.77499999999998,233.12499999999994,4.650000000000034,2.0147313691507946,Wide,Bearish,Below CPR,False,False,0.95,60,6112900.05,Lower,True,Risk On,False,15.982142857142865,331.89599999999996,359.43549999999993,0.29094972067039304,1.4265779218817753,False,False,No setup,Neutral,0,Not applicable,No directional setup; confirmation score not applicable.,Wide CPR,Wide Downside Breakout,Confirmed,Wide CPR + close below CPR + trend aligned + participation confirmed,0,-2,0,-2
2026-09-23,2026-09-23,CM,NSE,STK,25340,INE590L01019,VASWANI,EQ,,,,,VASWANI IND LTD,46.39,49.5,44.6,45.68,44.65,45.61,,45.71,,,300339,14110141.78,3517,F1,1,,,,,,Cash Only,Unclassified,False,46.593333333333334,47.05,46.13666666666667,47.05,46.13666666666667,0.9133333333333269,1.9994162288382813,Wide,Bearish,Below CPR,False,False,1.0,60,837528.53,Higher,True,Risk On,False,2.6478571428571427,49.413399999999996,52.7772,0.3449330096214345,16.847356567065244,False,False,No setup,Neutral,0,Not applicable,No directional setup; confirmation score not applicable.,Wide CPR,Wide Downside Breakout,Confirmed,Wide CPR + close below CPR + trend aligned + participation confirmed,0,0,0,0
2026-09-23,2026-09-23,CM,NSE,STK,28805,INE0JPD01013,SANATHAN,EQ,,,,,SANATHAN TEXTILES LIMITED,474.7,510.0,472.45,506.35,505.0,471.3,,506.39,,,484976,244063793.2,14137,F1,1,,,,,,Cash Only,Unclassified,False,496.2666666666667,491.225,501.3083333333334,501.3083333333334,491.225,10.083333333333371,1.9913761890655417,Wide,Bullish,Above CPR,False,False,0.9833333333333333,60,19815900.2,Higher,True,Risk On,False,21.196428571428562,467.31200000000007,448.26700000000005,0.47570907048582056,12.31656350388765,True,True,No setup,Neutral,0,Not applicable,No directional setup; confirmation score not applicable.,Wide CPR,Wide Upside Breakout,Confirmed,Wide CPR + close above CPR + trend aligned + participation confirmed,0,0,0,0
2026-09-23,2026-09-23,CM,NSE,STK,762929,INE524T01029,TAALTECH,EQ,,,,,TAAL TECH LTD.,1151.4,1174.7,1080.3,1094.8,1084.0,1185.4,,1094.53,,,101517,113905711.1,10298,F1,1,,,,,,Cash Only,Unclassified,False,1116.6000000000001,1127.5,1105.7000000000003,1127.5,1105.7000000000003,21.799999999999727,1.9912312751187184,Wide,Bearish,Below CPR,False,False,0.9333333333333333,60,18295296.15,Lower,True,Risk On,False,610.4357142857143,4245.74,3774.1459999999997,0.0357121962064563,6.225956123700135,False,False,No setup,Neutral,0,Not applicable,No directional setup; confirmation score not applicable.,Wide CPR,Wide Downside Breakout,Confirmed,Wide CPR + close below CPR + trend aligned + participation confirmed,0,0,0,0
2026-09-23,2026-09-23,CM,NSE,STK,25252,INE0O6601022,KROSS,EQ,,,,,KROSS LIMITED,260.85,283.0,257.5,278.56,279.41,256.13,,278.54,,,6104799,1676737685.74,113352,F1,1,,,,,,Cash Only,Unclassified,False,273.02,270.25,275.78999999999996,275.78999999999996,270.25,5.539999999999964,1.988799540493956,Wide,Bullish,Above CPR,False,False,0.9333333333333333,60,66071411.485,Higher,True,Risk On,False,13.689285714285717,212.09039999999996,200.97190000000003,0.40469606052699963,25.37765802264819,True,True,No setup,Neutral,0,Not applicable,No directional setup; confirmation score not applicable.,Wide CPR,Wide Upside Breakout,Confirmed,Wide CPR + close above CPR + trend aligned + participation confirmed,0,0,0,0
2026-09-23,2026-09-23,CM,NSE,STK,762675,INE417D01020,FEDDERSHOL,EQ,,,,,FEDDERS HOLDING LTD.,65.11,69.75,60.71,67.22,67.3,64.8,,67.22,,,32953487,2177031085.4,95216,F1,1,,,,,,Cash Only,Unclassified,False,65.89333333333333,65.23,66.55666666666666,66.55666666666666,65.23,1.3266666666666538,1.9736189626103149,Wide,Bullish,Above CPR,False,False,0.8666666666666667,60,31724246.824999996,Overlapping,True,Risk On,False,3.5628571428571427,45.9346,41.329899999999995,0.3723603314621723,68.62357040055593,True,True,No setup,Neutral,0,Not applicable,No directional setup; confirmation score not applicable.,Wide CPR,Wide Upside Breakout,Confirmed,Wide CPR + close above CPR + trend aligned + participation confirmed,0,0,0,0
2026-09-23,2026-09-23,CM,NSE,STK,25835,INE498Q01014,VINCOFE,EQ,,,,,VINTAGE COFFEE N BVRGS L,174.2,185.0,171.7,183.79,184.7,174.2,,183.77,,,2596563,469399143.96,33539,F1,1,,,,,,Cash Only,Unclassified,False,180.16333333333333,178.35,181.97666666666666,181.97666666666666,178.35,3.626666666666665,1.973266590492772,Wide,Bullish,Above CPR,False,False,0.9666666666666667,60,353407207.81,Higher,True,Risk On,False,8.509285714285713,162.547,155.0785,0.4262010688603485,1.3282104427602959,True,True,No setup,Neutral,0,Not applicable,No directional setup; confirmation score not applicable.,Wide CPR,Wide Upside Breakout,Confirmed,Wide CPR + close above CPR + trend aligned + participation confirmed,0,0,0,0
2026-09-23,2026-09-23,CM,NSE,STK,8024,INE039B01026,CINEVISTA,EQ,,,,,CINEVISTA LIMITED,14.98,14.98,14.05,14.1,14.45,14.51,,14.1,,,24093,342560.88,175,F1,1,,,,,,Cash Only,Unclassified,False,14.376666666666667,14.515,14.238333333333333,14.515,14.238333333333333,0.2766666666666673,1.9621749408983498,Wide,Bearish,Below CPR,False,False,0.95,60,169093.14500000002,Lower,True,Risk On,False,0.9357142857142858,14.6152,15.2008,0.29567430025445357,2.025870889088969,False,False,No setup,Neutral,0,Not applicable,No directional setup; confirmation score not applicable.,Wide CPR,Wide Downside Breakout,Confirmed,Wide CPR + close below CPR + trend aligned + participation confirmed,0,-2,0,-2
2026-09-23,2026-09-23,CM,NSE,STK,18520,INE509F01029,CUPID,EQ,,,,,CUPID LIMITED,259.45,276.4,255.2,273.85,275.25,258.2,,273.71,,,52637525,14132545448.0,274580,F1,1,,,,,,Cash Only,Unclassified,False,268.4833333333333,265.79999999999995,271.16666666666663,271.16666666666663,265.79999999999995,5.366666666666674,1.9597103036942392,Wide,Bullish,Above CPR,False,False,0.9333333333333333,60,6846345659.205,Higher,True,Risk On,False,12.87142857142858,260.0668,207.8877,0.41694413614502435,2.0642465559708647,True,True,No setup,Neutral,0,Not applicable,No directional setup; confirmation score not applicable.,Wide CPR,Wide Upside Breakout,Confirmed,Wide CPR + close above CPR + trend aligned + participation confirmed,0,-2,0,-2
2026-09-23,2026-09-23,CM,NSE,STK,764895,INE960A01017,SHILGRAVQ,EQ,,,,,SHILP GRAVURES LTD.,154.57,160.0,144.0,147.67,149.1,154.57,,147.67,,,32843,4914681.98,493,F1,1,,,,,,Cash Only,Unclassified,False,150.55666666666664,152.0,149.1133333333333,152.0,149.1133333333333,2.886666666666713,1.954809146520426,Wide,Bearish,Below CPR,False,False,0.9259259259259259,27,417922.47,Lower,True,Risk On,False,10.56142857142857,,,0.2733216105324901,11.75979358085245,False,False,No setup,Neutral,0,Not applicable,No directional setup; confirmation score not applicable.,Wide CPR,Wide Downside Breakout,Confirmed,Wide CPR + close below CPR + trend aligned + participation confirmed,0,0,0,0
2026-09-23,2026-09-23,CM,NSE,STK,2963,INE114A01011,SAIL,EQ,,,,,STEEL AUTHORITY OF INDIA,174.5,185.7,174.5,185.44,185.44,174.01,,185.44,,,41615771,7591795622.91,146880,F1,1,,,,,,F&O + Cash,Metals & Mining,True,181.88,180.1,183.66,183.66,180.1,3.5600000000000023,1.9197584124245053,Wide,Bullish,Above CPR,False,False,1.0,60,2258214466.84,Higher,True,Risk On,False,5.66357142857143,176.3804,180.30390000000003,0.6285786353890783,3.361857668697637,True,True,No setup,Neutral,0,Not applicable,No directional setup; confirmation score not applicable.,Wide CPR,Wide Upside Breakout,Confirmed,Wide CPR + close above CPR + trend aligned + participation confirmed,0,0,0,0
2026-09-23,2026-09-23,CM,NSE,STK,14853,INE800H01010,OMAXE,EQ,,,,,OMAXE LIMITED,117.0,124.9,114.3,123.13,123.09,116.5,,123.12,,,873922,106211165.27,12111,F1,1,,,,,,Cash Only,Unclassified,False,120.77666666666666,119.6,121.95333333333332,121.95333333333332,119.6,2.3533333333333246,1.9112591028452242,Wide,Bullish,Above CPR,False,False,0.9166666666666666,60,91233435.27000001,Higher,True,Risk On,False,7.475000000000001,104.2456,92.1769,0.3148272017837223,1.164169308715322,True,True,No setup,Neutral,0,Not applicable,No directional setup; confirmation score not applicable.,Wide CPR,Wide Upside Breakout,Confirmed,Wide CPR + close above CPR + trend aligned + participation confirmed,0,-2,0,-2
2026-09-23,2026-09-23,CM,NSE,STK,764598,INE372M01010,ARCL,EQ,,,,,ARCL ORGANICS LTD.,274.95,274.95,251.0,255.79,258.35,262.06,,256.42,,,3088,819947.93,62,F1,1,,,,,,Cash Only,Unclassified,False,260.58,262.975,258.18499999999995,262.975,258.18499999999995,4.790000000000077,1.872629891708072,Wide,Bearish,Below CPR,False,False,0.8518518518518519,27,118448.51,Overlapping,True,Risk On,False,16.791428571428572,,,0.28526459077761224,6.9223996992448456,False,False,No setup,Neutral,0,Not applicable,No directional setup; confirmation score not applicable.,Wide CPR,Wide Downside Breakout,Confirmed,Wide CPR + close below CPR + trend aligned + participation confirmed,0,0,0,0
2026-09-23,2026-09-23,CM,NSE,STK,7835,INE02WG01024,WEL,EQ,,,,,WONDER ELECTRICALS LTD,81.0,81.79,76.38,76.93,77.02,80.4,,76.93,,,1221695,95670607.05,6867,F1,1,,,,,,Cash Only,Unclassified,False,78.36666666666667,79.08500000000001,77.64833333333334,79.08500000000001,77.64833333333334,1.4366666666666674,1.867498591793406,Wide,Bearish,Below CPR,False,False,0.8166666666666667,60,47095958.915,Overlapping,True,Risk On,False,3.9257142857142853,106.70460000000001,102.6642,0.3659631246967494,2.0313973694148317,False,False,No setup,Neutral,0,Not applicable,No directional setup; confirmation score not applicable.,Wide CPR,Wide Downside Breakout,Confirmed,Wide CPR + close below CPR + trend aligned + participation confirmed,0,0,0,0
2026-09-23,2026-09-23,CM,NSE,STK,21017,INE360L01017,FMNL,EQ,,,,,FUTURE MKT NETWORKS LTD,8.49,8.64,8.01,8.1,8.13,8.43,,8.1,,,492846,3978022.87,685,F1,1,,,,,,Cash Only,Unclassified,False,8.25,8.325,8.175,8.325,8.175,0.14999999999999858,1.8518518518518343,Wide,Bearish,Below CPR,False,False,0.6833333333333333,60,477435.56,Lower,True,Risk On,False,0.602857142857143,9.6544,8.880600000000001,0.24881516587677485,8.332062383455476,False,False,No setup,Neutral,0,Not applicable,No directional setup; confirmation score not applicable.,Wide CPR,Wide Downside Breakout,Confirmed,Wide CPR + close below CPR + trend aligned + participation confirmed,0,0,0,0
2026-09-23,2026-09-23,CM,NSE,STK,765200,INE330E01023,TRANSCOR,EQ,,,,,TRANSCORP INTERNATIONAL L,25.0,25.7,24.2,24.28,24.25,24.92,,24.26,,,3261,80818.87,91,F1,1,,,,,,Cash Only,Unclassified,False,24.72666666666667,24.95,24.50333333333334,24.95,24.50333333333334,0.44666666666665833,1.8396485447555944,Wide,Bearish,Below CPR,False,False,0.8148148148148148,27,65135.68,Lower,True,Risk On,False,1.7471428571428569,,,0.2556554919596573,1.24077725142349,False,False,No setup,Neutral,0,Not applicable,No directional setup; confirmation score not applicable.,Wide CPR,Wide Downside Breakout,Confirmed,Wide CPR + close below CPR + trend aligned + participation confirmed,0,0,0,0
2026-09-23,2026-09-23,CM,NSE,STK,6858,INE506Z01015,DHRUV,EQ,,,,,DHRUV CONSULTANCY SER LTD,21.99,22.55,20.75,21.07,20.85,21.57,,21.09,,,12966,273423.42,173,F1,1,,,,,,Cash Only,Unclassified,False,21.456666666666667,21.65,21.263333333333335,21.65,21.263333333333335,0.38666666666666316,1.8351526657174333,Wide,Bearish,Below CPR,False,False,0.8333333333333334,60,269017.9,Overlapping,True,Risk On,False,1.4028571428571428,27.5574,29.4283,0.275627970128986,1.0163763080449293,False,False,No setup,Neutral,0,Not applicable,No directional setup; confirmation score not applicable.,Wide CPR,Wide Downside Breakout,Confirmed,Wide CPR + close below CPR + trend aligned + participation confirmed,0,0,0,0
2026-09-23,2026-09-23,CM,NSE,STK,3579,INE351A01035,UNICHEMLAB,EQ,,,,,UNICHEM LABORATORIES LTD,539.0,576.0,539.0,573.2,574.0,538.75,,573.19,,,294887,167157646.35,12643,F1,1,,,,,,Cash Only,Unclassified,False,562.7333333333333,557.5,567.9666666666667,567.9666666666667,557.5,10.466666666666697,1.8260060479181255,Wide,Bullish,Above CPR,False,False,0.8833333333333333,60,47974880.7,Higher,True,Risk On,False,27.839285714285733,540.017,482.34700000000004,0.37596750053453154,3.4842743517234007,True,True,No setup,Neutral,0,Not applicable,No directional setup; confirmation score not applicable.,Wide CPR,Wide Upside Breakout,Confirmed,Wide CPR + close above CPR + trend aligned + participation confirmed,0,0,0,0
2026-09-23,2026-09-23,CM,NSE,STK,759381,INE296Q01012,MONEYBOXX,EQ,,,,,MONEYBOXX FINANCE LIMITED,57.4,58.4,54.53,54.96,54.53,57.4,,54.95,,,70488,3955341.09,471,F1,1,,,,,,Cash Only,Unclassified,False,55.96333333333334,56.465,55.46166666666667,56.465,55.46166666666667,1.0033333333333303,1.8255701115963068,Wide,Bearish,Below CPR,False,False,0.8166666666666667,60,872423.8,Lower,True,Risk On,False,5.569285714285714,56.4832,63.0094,0.1801547603779226,4.533738178623738,False,False,No setup,Neutral,0,Not applicable,No directional setup; confirmation score not applicable.,Wide CPR,Wide Downside Breakout,Confirmed,Wide CPR + close below CPR + trend aligned + participation confirmed,0,0,-2,-2
2026-09-23,2026-09-23,CM,NSE,STK,2841,INE576O01020,LXCHEM,EQ,,,,,LAXMI ORGANIC INDUS LTD,178.0,189.0,177.6,188.44,188.35,178.01,,188.43,,,3615692,674315569.93,36027,F1,1,,,,,,Cash Only,Unclassified,False,185.01333333333332,183.3,186.72666666666663,186.72666666666663,183.3,3.4266666666666197,1.8184391141300253,Wide,Bullish,Above CPR,False,False,0.95,60,164186436.81,Higher,True,Risk On,False,8.108571428571427,176.77360000000002,166.21349999999998,0.4225980737608588,4.107011413557456,True,True,No setup,Neutral,0,Not applicable,No directional setup; confirmation score not applicable.,Wide CPR,Wide Upside Breakout,Confirmed,Wide CPR + close above CPR + trend aligned + participation confirmed,0,0,0,0
2026-09-23,2026-09-23,CM,NSE,STK,13436,INE397H01017,LOKESHMACH,EQ,,,,,LOKESH MACHINES LTD,335.05,364.0,335.05,359.25,360.0,337.15,,359.25,,,76824,27359585.9,2850,F1,1,,,,,,Cash Only,Unclassified,False,352.76666666666665,349.525,356.0083333333333,356.0083333333333,349.525,6.4833333333333485,1.8046856877754622,Wide,Bullish,Above CPR,False,False,0.9,60,12829296.79,Higher,True,Risk On,False,21.303571428571427,263.43739999999997,218.9114,0.3043308186644321,2.1325865593292583,True,True,No setup,Neutral,0,Not applicable,No directional setup; confirmation score not applicable.,Wide CPR,Wide Upside Breakout,Confirmed,Wide CPR + close above CPR + trend aligned + participation confirmed,0,0,0,0
2026-09-23,2026-09-23,CM,NSE,STK,13126,INE461B01014,REPRO,EQ,,,,,REPRO INDIA LIMITED,295.0,323.95,295.0,301.35,301.05,298.2,,301.37,,,15927,4921166.8,842,F1,1,,,,,,Cash Only,Unclassified,False,306.7666666666667,309.475,304.0583333333334,309.475,304.0583333333334,5.416666666666629,1.7974669542613668,Wide,Bearish,Below CPR,False,False,0.9333333333333333,60,3294312.975,Higher,True,Risk On,False,13.90357142857143,336.81199999999995,351.4585000000001,0.3895881496703457,1.4938370571788189,False,False,No setup,Neutral,0,Not applicable,No directional setup; confirmation score not applicable.,Wide CPR,Wide Downside Breakout,Confirmed,Wide CPR + close below CPR + trend aligned + participation confirmed,0,0,0,0
2026-09-23,2026-09-23,CM,NSE,STK,10417,INE600Y01019,DYCL,EQ,,,,,DYNAMIC CABLES LIMITED,455.0,482.1,446.05,476.9,480.5,453.75,,476.92,,,762315,357880026.75,20530,F1,1,,,,,,Cash Only,Unclassified,False,468.3500000000001,464.07500000000005,472.6250000000001,472.6250000000001,464.07500000000005,8.550000000000068,1.7928286852589785,Wide,Bullish,Above CPR,False,False,0.8166666666666667,60,181183072.475,Higher,True,Risk On,False,26.59999999999999,441.236,392.94749999999993,0.3214285714285741,1.9752398602213848,True,True,No setup,Neutral,0,Not applicable,No directional setup; confirmation score not applicable.,Wide CPR,Wide Upside Breakout,Confirmed,Wide CPR + close above CPR + trend aligned + participation confirmed,0,0,0,0
2026-09-23,2026-09-23,CM,NSE,STK,1328,INE01JE01028,MARINE,EQ,,,,,MARINE ELECTRICAL (I) LTD,404.0,446.9,382.55,425.8,428.5,411.45,,425.8,,,19063839,7788053856.6,186671,F1,1,,,,,,Cash Only,Unclassified,False,418.4166666666667,414.725,422.10833333333335,422.10833333333335,414.725,7.383333333333326,1.7339909190543272,Wide,Bullish,Above CPR,False,False,0.8666666666666667,60,238919015.97500002,Higher,True,Risk On,False,27.971428571428568,349.09200000000004,299.1912,0.2639598229485868,32.597044755177315,True,True,No setup,Neutral,0,Not applicable,No directional setup; confirmation score not applicable.,Wide CPR,Wide Upside Breakout,Confirmed,Wide CPR + close above CPR + trend aligned + participation confirmed,0,0,0,0
2026-09-23,2026-09-23,CM,NSE,STK,7390,INE07RO01027,SUPRIYA,EQ,,,,,SUPRIYA LIFESCIENCE LTD,945.05,1005.0,945.05,1000.9,1002.0,939.1,,1000.9,,,1007970,999248624.75,55390,F1,1,,,,,,Cash Only,Unclassified,False,983.65,975.025,992.275,992.275,975.025,17.25,1.7234488959936056,Wide,Bullish,Above CPR,False,False,0.95,60,198461336.35,Higher,True,Risk On,False,38.72500000000001,856.112,856.682,0.44544867656552606,5.03497881818027,True,True,No setup,Neutral,0,Not applicable,No directional setup; confirmation score not applicable.,Wide CPR,Wide Upside Breakout,Confirmed,Wide CPR + close above CPR + trend aligned + participation confirmed,0,0,0,0
2026-09-23,2026-09-23,CM,NSE,STK,14501,INE050E01027,BALAMINES,EQ,,,,,BALAJI AMINES LIMITED,2154.8,2280.2,2145.0,2271.2,2280.0,2138.9,,2271.14,,,252681,564737006.4,25533,F1,1,,,,,,Cash Only,Unclassified,False,2232.133333333333,2212.6,2251.6666666666665,2251.6666666666665,2212.6,39.066666666666606,1.7200892332981073,Wide,Bullish,Above CPR,False,False,0.9333333333333333,60,414471125.55,Higher,True,Risk On,False,106.04999999999995,2236.584,2089.545,0.36837969511236796,1.3625484903214868,True,True,No setup,Neutral,0,Not applicable,No directional setup; confirmation score not applicable.,Wide CPR,Wide Upside Breakout,Confirmed,Wide CPR + close above CPR + trend aligned + participation confirmed,0,0,0,0
2026-09-23,2026-09-23,CM,NSE,STK,758968,INE0Y8W01025,AHCL,EQ,,,,,ANLON HEALTHCARE LIMITED,30.3,31.29,26.55,29.68,29.87,28.86,,29.68,,,113090092,3283635456.22,333842,F1,1,,,,,,Cash Only,Unclassified,False,29.173333333333336,28.92,29.42666666666667,29.42666666666667,28.92,0.5066666666666677,1.7070979335130312,Wide,Bullish,Above CPR,False,False,0.8666666666666667,60,45046479.555,Higher,True,Risk On,False,2.0957142857142856,16.4584,15.554499999999997,0.24176323562826682,72.89438572465599,True,True,No setup,Neutral,0,Not applicable,No directional setup; confirmation score not applicable.,Wide CPR,Wide Upside Breakout,Confirmed,Wide CPR + close above CPR + trend aligned + participation confirmed,0,0,0,0
2026-09-23,2026-09-23,CM,NSE,STK,14479,INE753U01022,DIVGIITTS,EQ,,,,,DIVGI TORQTRANSFER SYST L,1118.8,1186.0,1108.2,1177.1,1179.0,1118.9,,1177.16,,,144698,167074445.4,13054,F1,1,,,,,,Cash Only,Unclassified,False,1157.1,1147.1,1167.1,1167.1,1147.1,20.0,1.6990909863223176,Wide,Bullish,Above CPR,False,False,0.9333333333333333,60,89568671.65,Higher,True,Risk On,False,69.22857142857144,1106.8509999999999,961.6765,0.2888980602558811,1.865322353477149,True,True,No setup,Neutral,0,Not applicable,No directional setup; confirmation score not applicable.,Wide CPR,Wide Upside Breakout,Confirmed,Wide CPR + close above CPR + trend aligned + participation confirmed,0,0,0,0
2026-09-23,2026-09-23,CM,NSE,STK,765060,INE715T01031,DHATRE,EQ,,,,,DHATRE UDYOG LTD.,4.3,4.39,4.12,4.15,4.29,4.27,,4.15,,,33591,141499.46,180,F1,1,,,,,,Cash Only,Unclassified,False,4.22,4.255,4.185,4.255,4.185,0.07000000000000028,1.6867469879518138,Wide,Bearish,Below CPR,False,False,0.7407407407407407,27,128099.36,Outside,True,Risk On,False,0.48214285714285726,,,0.14518518518518575,1.1046070800041468,False,False,No setup,Neutral,0,Not applicable,No directional setup; confirmation score not applicable.,Wide CPR,Wide Downside Breakout,Confirmed,Wide CPR + close below CPR + trend aligned + participation confirmed,0,0,0,0
2026-09-23,2026-09-23,CM,NSE,STK,7506,INE049B01025,WOCKPHARMA,EQ,,,,,WOCKHARDT LIMITED,2199.0,2360.0,2182.1,2329.7,2333.0,2185.4,,2329.71,,,3834525,8867277491.9,171824,F1,1,,,,,,Cash Only,Healthcare,True,2290.6,2271.05,2310.1499999999996,2310.1499999999996,2271.05,39.099999999999454,1.678327681675729,Wide,Bullish,Above CPR,False,False,0.9833333333333333,60,1254366229.8000002,Higher,True,Risk On,False,104.50000000000003,1975.9619999999998,1898.509,0.374162679425832,7.069129637931837,True,True,No setup,Neutral,0,Not applicable,No directional setup; confirmation score not applicable.,Wide CPR,Wide Upside Breakout,Confirmed,Wide CPR + close above CPR + trend aligned + participation confirmed,0,0,0,0
2026-09-23,2026-09-23,CM,NSE,STK,18131,INE616Z01012,YASHO,EQ,,,,,YASHO INDUSTRIES LIMITED,3993.5,4180.0,3902.0,4144.7,4115.5,3959.4,,4144.63,,,59622,244465523.2,13270,F1,1,,,,,,Cash Only,Unclassified,False,4075.566666666667,4041.0,4110.133333333334,4110.133333333334,4041.0,69.13333333333412,1.6679936625891894,Wide,Bullish,Above CPR,False,False,0.8333333333333334,60,110546981.9,Higher,True,Risk On,False,221.14285714285714,3919.01,3156.035,0.31261843238587783,2.211417435359219,True,True,No setup,Neutral,0,Not applicable,No directional setup; confirmation score not applicable.,Wide CPR,Wide Upside Breakout,Confirmed,Wide CPR + close above CPR + trend aligned + participation confirmed,0,0,0,0
2026-09-23,2026-09-23,CM,NSE,STK,764813,INE031G01022,OPTIFIN,EQ,,,,,OPTIMUS FINANCE LTD.,15.88,17.0,14.69,15.46,15.29,16.7,,15.46,,,1281812,20341110.49,3030,F1,1,,,,,,Cash Only,Unclassified,False,15.716666666666667,15.844999999999999,15.588333333333335,15.844999999999999,15.588333333333335,0.25666666666666416,1.66019836136264,Wide,Bearish,Below CPR,False,False,0.6296296296296297,27,598479.67,Inside,True,Risk On,False,1.8664285714285715,,,0.13751754050261378,33.987972373397405,False,False,No setup,Neutral,0,Not applicable,No directional setup; confirmation score not applicable.,Wide CPR,Wide Downside Breakout,Confirmed,Wide CPR + close below CPR + trend aligned + participation confirmed,0,0,0,0
2026-09-23,2026-09-23,CM,NSE,STK,14086,INE204A01010,IGPL,EQ,,,,,I G PETROCHEMICALS LTD,560.0,591.9,557.0,588.95,590.0,563.4,,588.94,,,237014,138491803.5,7410,F1,1,,,,,,Cash Only,Unclassified,False,579.2833333333334,574.45,584.1166666666668,584.1166666666668,574.45,9.666666666666742,1.6413391063191685,Wide,Bullish,Above CPR,False,False,0.9666666666666667,60,30801745.75,Higher,True,Risk On,False,26.167857142857144,501.10900000000004,471.42900000000003,0.3694099449524618,4.496232279301896,True,True,No setup,Neutral,0,Not applicable,No directional setup; confirmation score not applicable.,Wide CPR,Wide Upside Breakout,Confirmed,Wide CPR + close above CPR + trend aligned + participation confirmed,0,0,0,0
2026-09-23,2026-09-23,CM,NSE,STK,765502,INE103001017,ANNU,EQ,,,,,ANNU PROJECTS LIMITED,54.4,56.49,52.2,53.04,52.95,54.17,,53.04,,,1682230,90645349.74,13355,F1,1,,,,,,Cash Only,Unclassified,False,53.91,54.345,53.474999999999994,54.345,53.474999999999994,0.8700000000000045,1.6402714932126785,Wide,Bearish,Below CPR,False,False,1.0,5,90645349.74,Overlapping,False,Risk On,False,,,,,1.0,False,False,No setup,Neutral,0,Not applicable,No directional setup; confirmation score not applicable.,Wide CPR,Wide Downside Breakout,Confirmed,Wide CPR + close below CPR + trend aligned + participation confirmed,0,0,0,0
2026-09-23,2026-09-23,CM,NSE,STK,24532,INE816B01035,FILATEX,EQ,,,,,FILATEX INDIA LTD,101.24,111.5,100.61,108.72,108.0,101.07,,108.72,,,19496415,2120821546.25,97681,F1,1,,,,,,Cash Only,Unclassified,False,106.94333333333334,106.055,107.83166666666668,107.83166666666668,106.055,1.7766666666666708,1.6341672798626479,Wide,Bullish,Above CPR,False,False,0.8166666666666667,60,257686448.60500002,Higher,True,Risk On,False,6.609285714285714,80.07260000000001,64.9933,0.26881371807341825,8.23024089055201,True,True,No setup,Neutral,0,Not applicable,No directional setup; confirmation score not applicable.,Wide CPR,Wide Upside Breakout,Confirmed,Wide CPR + close above CPR + trend aligned + participation confirmed,0,0,0,0
2026-09-23,2026-09-23,CM,NSE,STK,764945,INE692C01020,TANAA,EQ,,,,,TANEJA AEROSPACE & AVIA L,366.7,375.0,347.1,352.45,349.6,367.05,,352.45,,,183283,66412481.2,8466,F1,1,,,,,,Cash Only,Unclassified,False,358.18333333333334,361.05,355.31666666666666,361.05,355.31666666666666,5.7333333333333485,1.6267082801343025,Wide,Bearish,Below CPR,False,False,0.7777777777777778,27,2642119.6,Overlapping,True,Risk On,False,21.35714285714285,,,0.26845039018952144,25.13606166806378,False,False,No setup,Neutral,0,Not applicable,No directional setup; confirmation score not applicable.,Wide CPR,Wide Downside Breakout,Confirmed,Wide CPR + close below CPR + trend aligned + participation confirmed,0,0,0,0
2026-09-23,2026-09-23,CM,NSE,STK,17801,INE093R01011,LLOYDSENGG,EQ,,,,,LLOYDS ENGG WORK LIMITED,86.01,92.75,85.85,91.52,91.63,85.73,,91.52,,,20150065,1820347775.94,80281,F1,1,,,,,,Cash Only,Unclassified,False,90.04,89.3,90.78000000000002,90.78000000000002,89.3,1.4800000000000182,1.617132867132887,Wide,Bullish,Above CPR,False,False,0.9,60,658376480.7349999,Higher,True,Risk On,False,3.2528571428571422,88.0266,81.9735,0.45498462889767805,2.7649040164797443,True,True,No setup,Neutral,0,Not applicable,No directional setup; confirmation score not applicable.,Wide CPR,Wide Upside Breakout,Confirmed,Wide CPR + close above CPR + trend aligned + participation confirmed,0,0,0,0
2026-09-23,2026-09-23,CM,NSE,STK,765030,INE758A01072,AVANCE,EQ,,,,,AVANCE TECHNOLOGIES LTD.,0.87,0.88,0.82,0.83,0.84,0.86,,0.83,,,7204800,6061787.88,1607,F1,1,,,,,,Cash Only,Unclassified,False,0.8433333333333333,0.85,0.8366666666666666,0.85,0.8366666666666666,0.01333333333333342,1.6064257028112552,Wide,Bearish,Below CPR,False,False,0.9259259259259259,27,3478033.37,Lower,True,Risk On,False,0.03428571428571427,,,0.3888888888888916,1.7428780103970076,False,False,No setup,Neutral,0,Not applicable,No directional setup; confirmation score not applicable.,Wide CPR,Wide Downside Breakout,Confirmed,Wide CPR + close below CPR + trend aligned + participation confirmed,0,0,0,0
2026-09-23,2026-09-23,CM,NSE,STK,764628,INE320I01017,BRAHMINFRA,EQ,,,,,BRAHMAPUTRA INFRA L,162.5,162.5,154.0,154.55,155.67,156.51,,154.63,,,13444,2124789.08,566,F1,1,,,,,,Cash Only,Unclassified,False,157.01666666666668,158.25,155.78333333333336,158.25,155.78333333333336,2.46666666666664,1.5960314892699061,Wide,Bearish,Below CPR,False,False,0.8888888888888888,27,1946654.34,Overlapping,True,Risk On,False,7.38,,,0.33423667570008675,1.0915081513649723,False,False,No setup,Neutral,0,Not applicable,No directional setup; confirmation score not applicable.,Wide CPR,Wide Downside Breakout,Confirmed,Wide CPR + close below CPR + trend aligned + participation confirmed,0,0,0,0
2026-09-23,2026-09-23,CM,NSE,STK,13001,INE00OQ01016,DHARMAJ,EQ,,,,,DHARMAJ CROP GUARD LTD,283.95,302.0,282.0,299.1,301.55,281.6,,299.11,,,108051,31711813.6,4093,F1,1,,,,,,Cash Only,Unclassified,False,294.3666666666667,292.0,296.73333333333335,296.73333333333335,292.0,4.7333333333333485,1.5825253538393005,Wide,Bullish,Above CPR,False,False,1.0,60,8278597.3,Higher,True,Risk On,False,8.074999999999989,269.108,269.212,0.5861713106295177,3.8305781101346725,True,True,No setup,Neutral,0,Not applicable,No directional setup; confirmation score not applicable.,Wide CPR,Wide Upside Breakout,Confirmed,Wide CPR + close above CPR + trend aligned + participation confirmed,0,0,0,0
2026-09-23,2026-09-23,CM,NSE,STK,765396,INE18UN01038,GAJA,EQ,,,,,GAJA ALT ASSET MGT LTD,158.6,158.6,148.41,150.04,149.8,159.34,,150.06,,,1964327,297892857.56,27271,F1,1,,,,,,Cash Only,Unclassified,False,152.35,153.505,151.195,153.505,151.195,2.3100000000000023,1.5395894428152508,Wide,Bearish,Below CPR,False,False,0.7,20,255222796.835,Lower,True,Risk On,False,8.787857142857145,,,0.26286271641063175,1.1671874975674132,False,False,No setup,Neutral,0,Not applicable,No directional setup; confirmation score not applicable.,Wide CPR,Wide Downside Breakout,Confirmed,Wide CPR + close below CPR + trend aligned + participation confirmed,0,0,0,0
2026-09-23,2026-09-23,CM,NSE,STK,17187,INE055S01018,CYIENTDLM,EQ,,,,,CYIENT DLM LIMITED,917.7,968.0,915.0,963.5,962.0,917.2,,963.45,,,523966,497607823.25,28024,F1,1,,,,,,Cash Only,Unclassified,False,948.8333333333334,941.5,956.1666666666667,956.1666666666667,941.5,14.666666666666742,1.522227988237337,Wide,Bullish,Above CPR,False,False,0.8333333333333334,60,433704452.65,Higher,True,Risk On,False,57.096428571428575,760.28,607.4675,0.25687537791122084,1.1473431278132855,True,True,No setup,Neutral,0,Not applicable,No directional setup; confirmation score not applicable.,Wide CPR,Wide Upside Breakout,Confirmed,Wide CPR + close above CPR + trend aligned + participation confirmed,0,0,0,0
2026-09-23,2026-09-23,CM,NSE,STK,3963,INE077F01035,GOCLCORP,EQ,,,,,GOCL CORPORATION LIMITED,407.75,413.8,389.15,392.75,392.6,411.05,,392.76,,,281400,111484596.4,10711,F1,1,,,,,,Cash Only,Unclassified,False,398.56666666666666,401.475,395.6583333333333,401.475,395.6583333333333,5.81666666666672,1.4810099724167332,Wide,Bearish,Below CPR,False,False,0.9666666666666667,60,23613523.200000003,Lower,True,Risk On,False,21.289285714285715,411.245,393.6355,0.2732203768942596,4.721218238200049,False,False,No setup,Neutral,0,Not applicable,No directional setup; confirmation score not applicable.,Wide CPR,Wide Downside Breakout,Confirmed,Wide CPR + close below CPR + trend aligned + participation confirmed,0,0,0,0
2026-09-23,2026-09-23,CM,NSE,STK,11987,INE483B01026,ICIL,EQ,,,,,INDO COUNT INDUSTRIES LTD,448.85,485.95,446.05,476.55,474.2,448.9,,476.53,,,1924680,911782818.55,56267,F1,1,,,,,,Cash Only,Unclassified,False,469.51666666666665,466.0,473.0333333333333,473.0333333333333,466.0,7.033333333333303,1.4758857062917434,Wide,Bullish,Above CPR,False,False,0.8666666666666667,60,175717672.75,Higher,True,Risk On,False,21.239285714285717,423.61699999999996,387.59049999999996,0.3311473572109172,5.18890789002895,True,True,No setup,Neutral,0,Not applicable,No directional setup; confirmation score not applicable.,Wide CPR,Wide Upside Breakout,Confirmed,Wide CPR + close above CPR + trend aligned + participation confirmed,0,0,0,0
2026-09-23,2026-09-23,CM,NSE,STK,11580,INE274F01020,WESTLIFE,EQ,,,,,WESTLIFE FOODWORLD LTD,572.05,612.0,559.0,598.7,602.05,574.0,,599.17,,,991841,592332723.6,6811,F1,1,,,,,,Cash Only,Unclassified,False,589.9,585.5,594.3,594.3,585.5,8.799999999999955,1.4698513445799155,Wide,Bullish,Above CPR,False,False,0.9333333333333333,60,39794687.400000006,Higher,True,Risk On,False,24.17142857142856,544.57,509.15049999999997,0.3640661938534262,14.884718596884868,True,True,No setup,Neutral,0,Not applicable,No directional setup; confirmation score not applicable.,Wide CPR,Wide Upside Breakout,Confirmed,Wide CPR + close above CPR + trend aligned + participation confirmed,0,0,0,0
2026-09-23,2026-09-23,CM,NSE,STK,10579,INE750C01026,MARKSANS,EQ,,,,,MARKSANS PHARMA LIMITED,332.95,348.95,331.0,347.6,347.15,332.95,,347.6,,,3317178,1134954568.4,58912,F1,1,,,,,,Cash Only,Unclassified,False,342.5166666666667,339.975,345.0583333333334,345.0583333333334,339.975,5.083333333333371,1.4624088991177706,Wide,Bullish,Above CPR,False,False,0.9166666666666666,60,518876956.6,Higher,True,Risk On,False,14.067857142857147,301.202,270.5276,0.36134382669036397,2.18732891095592,True,True,No setup,Neutral,0,Not applicable,No directional setup; confirmation score not applicable.,Wide CPR,Wide Upside Breakout,Confirmed,Wide CPR + close above CPR + trend aligned + participation confirmed,0,0,0,0
2026-09-23,2026-09-23,CM,NSE,STK,16639,INE415I01015,KIRIINDUS,EQ,,,,,KIRI INDUSTRIES LIMITED,546.0,577.0,543.6,572.75,569.7,540.5,,572.74,,,1184732,668091389.15,22939,F1,1,,,,,,Cash Only,Unclassified,False,564.4499999999999,560.3,568.5999999999999,568.5999999999999,560.3,8.299999999999955,1.4491488432998612,Wide,Bullish,Above CPR,False,False,0.8333333333333334,60,166952957.55,Higher,True,Risk On,False,35.275,468.91600000000005,432.4575,0.23529411764705754,4.00167447737436,True,True,No setup,Neutral,0,Not applicable,No directional setup; confirmation score not applicable.,Wide CPR,Wide Upside Breakout,Confirmed,Wide CPR + close above CPR + trend aligned + participation confirmed,0,0,0,0
2026-09-23,2026-09-23,CM,NSE,STK,765170,INE205F01016,STLSTRINF,EQ,,,,,STEEL STRIPS INFRA L,25.4,25.4,23.65,24.01,23.65,23.16,,23.92,,,14638,350030.57,115,F1,1,,,,,,Cash Only,Unclassified,False,24.353333333333335,24.525,24.181666666666672,24.525,24.181666666666672,0.3433333333333266,1.4299597389976118,Wide,Bearish,Below CPR,False,False,0.36,25,45533.72,Higher,True,Risk On,False,2.7421428571428565,,,0.12520621689675887,7.687282523808729,False,False,No setup,Neutral,0,Not applicable,No directional setup; confirmation score not applicable.,Wide CPR,Wide Downside Breakout,Confirmed,Wide CPR + close below CPR + trend aligned + participation confirmed,0,0,0,0
2026-09-23,2026-09-23,CM,NSE,STK,17922,INE669X01032,GEEKAYWIRE,EQ,,,,,GEEKAY WIRES LIMITED,32.85,33.98,31.1,33.25,33.42,32.73,,33.25,,,471955,15449748.28,1725,F1,1,,,,,,Cash Only,Unclassified,False,32.776666666666664,32.54,33.01333333333333,33.01333333333333,32.54,0.47333333333332916,1.4235588972430953,Wide,Bullish,Above CPR,False,False,0.85,60,2356608.175,Higher,True,Risk On,False,2.5228571428571422,25.4784,25.1571,0.187617969044921,6.5559257766726535,True,True,No setup,Neutral,0,Not applicable,No directional setup; confirmation score not applicable.,Wide CPR,Wide Upside Breakout,Confirmed,Wide CPR + close above CPR + trend aligned + participation confirmed,0,0,0,0
2026-09-23,2026-09-23,CM,NSE,STK,6045,INE818B01023,PASUPTAC,EQ,,,,,PASUPATI ACRYLON LIMITED,77.0,81.29,75.02,79.82,79.26,76.37,,79.83,,,1040321,82046717.78,8039,F1,1,,,,,,Cash Only,Unclassified,False,78.71,78.155,79.26499999999999,79.26499999999999,78.155,1.1099999999999852,1.3906289150588642,Wide,Bullish,Above CPR,False,False,0.8333333333333334,60,6653077.005000001,Higher,True,Risk On,False,5.19,57.9108,52.7271,0.21387283236993934,12.332146121011265,True,True,No setup,Neutral,0,Not applicable,No directional setup; confirmation score not applicable.,Wide CPR,Wide Upside Breakout,Confirmed,Wide CPR + close above CPR + trend aligned + participation confirmed,0,0,0,0
2026-09-23,2026-09-23,CM,NSE,STK,12032,INE128S01021,FIVESTAR,EQ,,,,,FIVE-STAR BUS FIN LTD,524.5,552.0,524.5,549.7,548.0,524.85,,549.7,,,871098,472307539.8,43199,F1,1,,,,,,Cash Only,Financial Services,True,542.0666666666667,538.25,545.8833333333334,545.8833333333334,538.25,7.633333333333439,1.3886362258201634,Wide,Bullish,Above CPR,False,False,0.9833333333333333,60,259249418.55,Higher,True,Risk On,False,19.332142857142863,539.3380000000001,509.4385,0.39485189974752677,1.8218268046333483,True,True,No setup,Neutral,0,Not applicable,No directional setup; confirmation score not applicable.,Wide CPR,Wide Upside Breakout,Confirmed,Wide CPR + close above CPR + trend aligned + participation confirmed,0,0,0,0
2026-09-23,2026-09-23,CM,NSE,STK,760183,INE647U01026,CLEANMAX,EQ,,,,,CLEAN MAX ENVIRO EN SOL L,1439.0,1481.0,1373.3,1457.5,1454.0,1367.5,,1457.42,,,1550273,2228197952.3,114893,F1,1,,,,,,Cash Only,Unclassified,False,1437.2666666666667,1427.15,1447.3833333333332,1447.3833333333332,1427.15,20.23333333333312,1.388221841052015,Wide,Bullish,Above CPR,False,False,0.8833333333333333,60,205111503.7,Higher,True,Risk On,False,72.72857142857148,1314.828,1283.808,0.27820336541609064,10.863349505540192,True,True,No setup,Neutral,0,Not applicable,No directional setup; confirmation score not applicable.,Wide CPR,Wide Upside Breakout,Confirmed,Wide CPR + close above CPR + trend aligned + participation confirmed,0,0,0,0
2026-09-23,2026-09-23,CM,NSE,STK,5606,INE575C01027,INTLCONV,EQ,,,,,INTL CONVEYORS LIMITED,77.1,81.51,77.1,80.99,81.49,77.86,,80.98,,,89727,7165299.51,1467,F1,1,,,,,,Cash Only,Unclassified,False,79.86666666666667,79.305,80.42833333333334,80.42833333333334,79.305,1.1233333333333348,1.3870025105980182,Wide,Bullish,Above CPR,False,False,0.9833333333333333,60,2864301.425,Higher,True,Risk On,False,3.0535714285714297,76.7126,78.5871,0.3678752436647177,2.501587105135068,True,True,No setup,Neutral,0,Not applicable,No directional setup; confirmation score not applicable.,Wide CPR,Wide Upside Breakout,Confirmed,Wide CPR + close above CPR + trend aligned + participation confirmed,0,0,0,0
2026-09-23,2026-09-23,CM,NSE,STK,15151,INE925C01016,MADHAV,EQ,,,,,MADHAV MARBLE & GRANITE,36.4,36.4,34.17,34.57,34.5,34.46,,34.57,,,2394,82818.4,48,F1,1,,,,,,Cash Only,Unclassified,False,35.04666666666666,35.285,34.80833333333332,35.285,34.80833333333332,0.4766666666666737,1.3788448558480582,Wide,Bearish,Below CPR,False,False,0.85,60,63491.565,Overlapping,True,Risk On,False,1.725714285714287,35.004,35.993199999999995,0.2762141280353239,1.3044000411708232,False,False,No setup,Neutral,0,Not applicable,No directional setup; confirmation score not applicable.,Wide CPR,Wide Downside Breakout,Confirmed,Wide CPR + close below CPR + trend aligned + participation confirmed,0,0,0,0
2026-09-23,2026-09-23,CM,NSE,STK,3772,INE210A01017,WILLAMAGOR,EQ,,,,,WILLIAMSON MAGOR,24.0,24.0,22.5,22.78,23.39,23.6,,22.84,,,10733,247150.92,143,F1,1,,,,,,Cash Only,Unclassified,False,23.093333333333334,23.25,22.936666666666667,23.25,22.936666666666667,0.3133333333333326,1.3754755633596687,Wide,Bearish,Below CPR,False,False,0.75,60,41223.625,Lower,True,Risk On,False,1.5142857142857147,24.9536,25.995299999999997,0.20691823899371015,5.9953708583366945,False,False,No setup,Neutral,0,Not applicable,No directional setup; confirmation score not applicable.,Wide CPR,Wide Downside Breakout,Confirmed,Wide CPR + close below CPR + trend aligned + participation confirmed,0,0,0,0
2026-09-23,2026-09-23,CM,NSE,STK,18562,INE997Y01027,MITTAL,EQ,,,,,MITTAL LIFE STYLE LIMITED,0.77,0.77,0.74,0.74,0.75,0.76,,0.74,,,2465145,1855951.24,476,F1,1,,,,,,Cash Only,Unclassified,False,0.75,0.755,0.745,0.755,0.745,0.010000000000000009,1.3513513513513526,Wide,Bearish,Below CPR,False,False,0.8166666666666667,60,424475.03500000003,Lower,True,Risk On,False,0.06571428571428571,0.867,0.9186,0.1521739130434784,4.372344865935402,False,False,No setup,Neutral,0,Not applicable,No directional setup; confirmation score not applicable.,Wide CPR,Wide Downside Breakout,Confirmed,Wide CPR + close below CPR + trend aligned + participation confirmed,0,0,0,0
2026-09-23,2026-09-23,CM,NSE,STK,31181,INE745G01043,MCX,EQ,,,,,MULTI COMMODITY EXCHANGE,3269.0,3374.0,3237.5,3374.0,3374.0,3262.6,,3373.78,,,2249890,7454687224.8,125537,F1,1,,,,,,F&O + Cash,Financial Services,True,3328.5,3305.75,3351.25,3351.25,3305.75,45.5,1.3485477178423237,Wide,Bullish,Above CPR,False,False,0.9,60,6251309779.25,Higher,True,Risk On,False,112.67142857142865,3023.39,2996.465,0.40382908583745375,1.1925000500766056,True,True,No setup,Neutral,0,Not applicable,No directional setup; confirmation score not applicable.,Wide CPR,Wide Upside Breakout,Confirmed,Wide CPR + close above CPR + trend aligned + participation confirmed,0,0,0,0
2026-09-23,2026-09-23,CM,NSE,STK,13868,INE0LRU01027,AARTIPHARM,EQ,,,,,AARTI PHARMALABS LIMITED,885.0,957.3,885.0,940.1,935.05,883.75,,940.1,,,2945650,2760139164.5,117728,F1,1,,,,,,Cash Only,Unclassified,False,927.4666666666667,921.15,933.7833333333334,933.7833333333334,921.15,12.63333333333344,1.343828670708801,Wide,Bullish,Above CPR,False,False,0.9166666666666666,60,211176543.825,Higher,True,Risk On,False,41.90714285714286,790.084,739.916,0.3014601443099849,13.070292346423196,True,True,No setup,Neutral,0,Not applicable,No directional setup; confirmation score not applicable.,Wide CPR,Wide Upside Breakout,Confirmed,Wide CPR + close above CPR + trend aligned + participation confirmed,0,0,0,0
2026-09-23,2026-09-23,CM,NSE,STK,7852,INE066P01011,INOXWIND,EQ,,,,,INOX WIND LIMITED,78.25,78.25,74.8,75.02,75.02,77.9,,75.02,,,17183824,1308160324.88,53299,F1,1,,,,,,F&O + Cash,Capital Goods,True,76.02333333333333,76.525,75.52166666666665,76.525,75.52166666666665,1.0033333333333587,1.3374211321425737,Wide,Bearish,Below CPR,False,False,0.9666666666666667,60,771566205.0350001,Lower,True,Risk On,False,2.4764285714285705,75.6152,83.3721,0.405153350639372,1.6954608902558903,False,False,No setup,Neutral,0,Not applicable,No directional setup; confirmation score not applicable.,Wide CPR,Wide Downside Breakout,Confirmed,Wide CPR + close below CPR + trend aligned + participation confirmed,0,0,0,0
2026-09-23,2026-09-23,CM,NSE,STK,759880,INE19RI01016,TENNIND,EQ,,,,,TENNECO CLEAN AIR INDIA L,531.0,541.7,516.3,518.6,519.7,532.75,,518.31,,,986500,519352309.35,39546,F1,1,,,,,,Cash Only,Automobile and Auto Components,True,525.5333333333333,529.0,522.0666666666666,529.0,522.0666666666666,6.933333333333394,1.3369327677079432,Wide,Bearish,Below CPR,False,False,0.9666666666666667,60,338310609.125,Overlapping,True,Risk On,False,15.025000000000006,539.7669999999999,566.995,0.4614531336661159,1.535134563746738,False,False,No setup,Neutral,0,Not applicable,No directional setup; confirmation score not applicable.,Wide CPR,Wide Downside Breakout,Confirmed,Wide CPR + close below CPR + trend aligned + participation confirmed,0,0,0,0
2026-09-23,2026-09-23,CM,NSE,STK,758858,INE819V01029,CPPLUS,EQ,,,,,ADITYA INFOTECH LIMITED,3679.0,3831.9,3679.0,3831.9,3831.9,3649.5,,3831.9,,,305859,1167621881.5,7254,F1,1,,,,,,Cash Only,Capital Goods,True,3780.933333333333,3755.45,3806.416666666666,3806.416666666666,3755.45,50.96666666666624,1.3300625451255577,Wide,Bullish,Above CPR,False,False,0.8666666666666667,60,742126214.35,Higher,True,Risk On,False,174.08571428571426,3584.8239999999996,3355.55,0.292767656874006,1.5733467689491003,True,True,No setup,Neutral,0,Not applicable,No directional setup; confirmation score not applicable.,Wide CPR,Wide Upside Breakout,Confirmed,Wide CPR + close above CPR + trend aligned + participation confirmed,0,0,0,0
2026-09-23,2026-09-23,CM,NSE,STK,764930,INE199E01014,SUNSHIEL,EQ,,,,,SUNSHIELD CHEMICALS LTD.,1191.8,1215.0,1160.0,1164.3,1167.0,1192.0,,1164.81,,,2201,2594141.3,328,F1,1,,,,,,Cash Only,Unclassified,False,1179.7666666666667,1187.5,1172.0333333333333,1187.5,1172.0333333333333,15.466666666666697,1.3284090583755646,Wide,Bearish,Below CPR,False,False,0.9259259259259259,27,2370619.4,Lower,True,Risk On,False,55.65000000000001,,,0.27792752321054254,1.0942883956825797,False,False,No setup,Neutral,0,Not applicable,No directional setup; confirmation score not applicable.,Wide CPR,Wide Downside Breakout,Confirmed,Wide CPR + close below CPR + trend aligned + participation confirmed,0,0,0,0
2026-09-23,2026-09-23,CM,NSE,STK,9939,INE840Y01029,ONEPOINT,EQ,,,,,ONE POINT ONE SOL LTD,63.9,70.5,63.6,68.41,68.16,63.2,,68.42,,,21831475,1495649727.33,116383,F1,1,,,,,,Cash Only,Unclassified,False,67.50333333333333,67.05,67.95666666666666,67.95666666666666,67.05,0.9066666666666663,1.325342298884178,Wide,Bullish,Above CPR,False,False,0.95,60,46411473.56,Higher,True,Risk On,False,3.4185714285714304,56.9092,57.7777,0.2652179969355061,32.2258616804409,True,True,No setup,Neutral,0,Not applicable,No directional setup; confirmation score not applicable.,Wide CPR,Wide Upside Breakout,Confirmed,Wide CPR + close above CPR + trend aligned + participation confirmed,0,0,0,0
2026-09-23,2026-09-23,CM,NSE,STK,765015,INE178T01024,ADVIKCA,EQ,,,,,ADVIK CAPITAL LTD.,0.95,1.14,0.92,1.01,1.01,0.95,,1.01,,,682962,692321.34,495,F1,1,,,,,,Cash Only,Unclassified,False,1.0233333333333334,1.03,1.0166666666666668,1.03,1.0166666666666668,0.013333333333333197,1.3201320132013066,Wide,Bearish,Below CPR,False,False,0.8148148148148148,27,335423.88,Higher,True,Risk On,False,0.06999999999999998,,,0.19047619047618858,2.064019234408713,False,False,No setup,Neutral,0,Not applicable,No directional setup; confirmation score not applicable.,Wide CPR,Wide Downside Breakout,Confirmed,Wide CPR + close below CPR + trend aligned + participation confirmed,0,0,0,0
2026-09-23,2026-09-23,CM,NSE,STK,6656,INE417T01026,POLICYBZR,EQ,,,,,PB FINTECH LIMITED,1800.0,1904.9,1793.0,1886.3,1886.3,1805.0,,1886.31,,,2477939,4635926186.6,83218,F1,1,,,,,,F&O + Cash,Financial Services,True,1861.3999999999999,1848.95,1873.8499999999997,1873.8499999999997,1848.95,24.899999999999636,1.3200445316227343,Wide,Bullish,Above CPR,False,False,0.95,60,1896849696.95,Higher,True,Risk On,False,66.7857142857143,1716.856,1679.4920000000002,0.3728342245989249,2.4440134577105614,True,True,No setup,Neutral,0,Not applicable,No directional setup; confirmation score not applicable.,Wide CPR,Wide Upside Breakout,Confirmed,Wide CPR + close above CPR + trend aligned + participation confirmed,0,0,0,0
2026-09-23,2026-09-23,CM,NSE,STK,14942,INE245I01016,NAGREEKCAP,EQ,,,,,NAGREEKA CAP & INFR.LTD,29.04,31.0,28.21,30.2,29.75,28.46,,30.2,,,74186,2202125.59,540,F1,1,,,,,,Cash Only,Unclassified,False,29.80333333333333,29.605,30.00166666666666,30.00166666666666,29.605,0.39666666666666117,1.313465783664441,Wide,Bullish,Above CPR,False,False,0.6166666666666667,60,132409.265,Higher,True,Risk On,False,2.0085714285714285,25.1498,25.1554,0.19748696064485266,16.63120469704291,True,True,No setup,Neutral,0,Not applicable,No directional setup; confirmation score not applicable.,Wide CPR,Wide Upside Breakout,Confirmed,Wide CPR + close above CPR + trend aligned + participation confirmed,0,0,0,0
2026-09-23,2026-09-23,CM,NSE,STK,764537,INE551C01044,SHUKRAPHAR,EQ,,,,,SHUKRA PHARMACEUTICALS L,59.0,59.8,56.0,56.79,56.05,58.59,,56.81,,,3431554,198656767.18,18761,F1,1,,,,,,Cash Only,Unclassified,False,57.53,57.9,57.160000000000004,57.9,57.160000000000004,0.7399999999999949,1.3030463109702324,Wide,Bearish,Below CPR,False,False,0.7142857142857143,28,92843257.69,Overlapping,True,Risk On,False,3.4164285714285723,,,0.21660045996236515,2.1397005245475893,False,False,No setup,Neutral,0,Not applicable,No directional setup; confirmation score not applicable.,Wide CPR,Wide Downside Breakout,Confirmed,Wide CPR + close below CPR + trend aligned + participation confirmed,0,0,0,0
2026-09-23,2026-09-23,CM,NSE,STK,9667,INE630Y01024,MEDICO,EQ,,,,,MEDICO REMEDIES LIMITED,34.15,34.74,31.82,32.65,32.5,33.96,,32.65,,,586464,19272301.19,4274,F1,1,,,,,,Cash Only,Unclassified,False,33.07,33.28,32.86,33.28,32.86,0.4200000000000017,1.286370597243497,Wide,Bearish,Below CPR,False,False,0.8,60,7400198.975,Lower,True,Risk On,False,2.2564285714285712,41.325,42.158699999999996,0.18613485280152023,2.604295000054374,False,False,No setup,Neutral,0,Not applicable,No directional setup; confirmation score not applicable.,Wide CPR,Wide Downside Breakout,Confirmed,Wide CPR + close below CPR + trend aligned + participation confirmed,0,0,0,0
2026-09-23,2026-09-23,CM,NSE,STK,20621,INE932A01024,PENIND,EQ,,,,,PENNAR INDUSTRIES LTD,174.87,185.4,174.15,183.31,183.9,174.14,,183.32,,,1703156,310426994.63,20833,F1,1,,,,,,Cash Only,Unclassified,False,180.95333333333335,179.775,182.1316666666667,182.1316666666667,179.775,2.3566666666666833,1.2856181695852291,Wide,Bullish,Above CPR,False,False,0.9333333333333333,60,57408558.68,Higher,True,Risk On,False,6.221428571428577,165.77620000000002,163.77700000000002,0.3787983161117513,5.407329530085321,True,True,No setup,Neutral,0,Not applicable,No directional setup; confirmation score not applicable.,Wide CPR,Wide Upside Breakout,Confirmed,Wide CPR + close above CPR + trend aligned + participation confirmed,0,0,0,0
2026-09-23,2026-09-23,CM,NSE,STK,21828,INE621L01012,TEXRAIL,EQ,,,,,TEXMACO RAIL & ENG. LTD.,119.75,126.7,118.0,124.75,124.8,119.2,,124.75,,,6899587,849451112.93,51627,F1,1,,,,,,Cash Only,Unclassified,False,123.14999999999999,122.35,123.94999999999999,123.94999999999999,122.35,1.5999999999999943,1.2825651302605166,Wide,Bullish,Above CPR,False,False,0.9333333333333333,60,177022495.785,Higher,True,Risk On,False,5.15357142857143,111.375,110.8377,0.3104643104643093,4.798548959346319,True,True,No setup,Neutral,0,Not applicable,No directional setup; confirmation score not applicable.,Wide CPR,Wide Upside Breakout,Confirmed,Wide CPR + close above CPR + trend aligned + participation confirmed,0,0,0,0
2026-09-23,2026-09-23,CM,NSE,STK,2598,INE606A01024,AMJLAND,EQ,,,,,AMJ LAND HOLDINGS LIMITED,39.75,39.75,37.65,37.97,38.5,37.75,,37.98,,,16007,618473.58,188,F1,1,,,,,,Cash Only,Unclassified,False,38.45666666666667,38.7,38.21333333333334,38.7,38.21333333333334,0.4866666666666646,1.2817136335703572,Wide,Bearish,Below CPR,False,False,0.9333333333333333,60,362631.02,Higher,True,Risk On,False,1.610714285714286,38.407199999999996,38.3153,0.302143385070213,1.7055175809284047,False,False,No setup,Neutral,0,Not applicable,No directional setup; confirmation score not applicable.,Wide CPR,Wide Downside Breakout,Confirmed,Wide CPR + close below CPR + trend aligned + participation confirmed,0,0,0,0
2026-09-23,2026-09-23,CM,NSE,STK,19196,INE133E01013,TI,EQ,,,,,TILAKNAGAR INDUSTRIES LTD,573.5,607.8,572.1,601.5,602.4,574.65,,601.5,,,1593921,947028075.05,41974,F1,1,,,,,,Cash Only,Unclassified,False,593.8000000000001,589.95,597.6500000000001,597.6500000000001,589.95,7.7000000000000455,1.2801330008312628,Wide,Bullish,Above CPR,False,False,0.9833333333333333,60,332657562.125,Higher,True,Risk On,False,22.510714285714293,519.61,480.501,0.3420593368237366,2.846855694487844,True,True,No setup,Neutral,0,Not applicable,No directional setup; confirmation score not applicable.,Wide CPR,Wide Upside Breakout,Confirmed,Wide CPR + close above CPR + trend aligned + participation confirmed,0,0,0,0
2026-09-23,2026-09-23,CM,NSE,STK,765105,INE348N01042,KDGREEN,EQ,,,,,KD GREEN INDUSTRIES LTD,50.26,52.0,49.97,50.03,50.89,50.01,,50.04,,,59171,2986443.98,566,F1,1,,,,,,Cash Only,Unclassified,False,50.666666666666664,50.985,50.34833333333333,50.985,50.34833333333333,0.6366666666666703,1.2725697914584655,Wide,Bearish,Below CPR,False,False,0.5714285714285714,14,1938722.19,Inside,False,Risk On,False,,,,,1.5404187332275803,False,False,No setup,Neutral,0,Not applicable,No directional setup; confirmation score not applicable.,Wide CPR,Wide Downside Breakout,Confirmed,Wide CPR + close below CPR + trend aligned + participation confirmed,0,0,0,0
2026-09-23,2026-09-23,CM,NSE,STK,28687,INE0TO701015,MAMATA,EQ,,,,,MAMATA MACHINERY LIMITED,403.55,427.0,403.55,423.35,422.85,403.55,,423.33,,,178742,75309307.0,6929,F1,1,,,,,,Cash Only,Unclassified,False,417.9666666666667,415.275,420.6583333333334,420.6583333333334,415.275,5.383333333333439,1.2716034801779708,Wide,Bullish,Above CPR,False,False,0.95,60,18765345.725,Higher,True,Risk On,False,15.728571428571424,405.98,399.969,0.3422646079321897,4.0132118056140955,True,True,No setup,Neutral,0,Not applicable,No directional setup; confirmation score not applicable.,Wide CPR,Wide Upside Breakout,Confirmed,Wide CPR + close above CPR + trend aligned + participation confirmed,0,0,0,0
2026-09-23,2026-09-23,CM,NSE,STK,128,INE450U01017,ROUTE,EQ,,,,,ROUTE MOBILE LIMITED,467.3,497.25,467.3,473.25,473.0,463.95,,473.27,,,1039348,501615377.0,27642,F1,1,,,,,,Cash Only,Unclassified,False,479.26666666666665,482.275,476.2583333333333,482.275,476.2583333333333,6.0166666666666515,1.2713505898925834,Wide,Bearish,Below CPR,False,False,0.8666666666666667,60,91820090.525,Higher,True,Risk On,False,16.857142857142858,519.634,525.4365,0.35692090395480136,5.463024204527705,False,False,No setup,Neutral,0,Not applicable,No directional setup; confirmation score not applicable.,Wide CPR,Wide Downside Breakout,Confirmed,Wide CPR + close below CPR + trend aligned + participation confirmed,0,0,-2,-2
2026-09-23,2026-09-23,CM,NSE,STK,13367,INE353H01010,SGL,EQ,,,,,STL GLOBAL LIMITED,9.07,9.64,8.56,8.93,8.92,9.07,,8.94,,,16455,146808.31,158,F1,1,,,,,,Cash Only,Unclassified,False,9.043333333333335,9.100000000000001,8.986666666666668,9.100000000000001,8.986666666666668,0.11333333333333329,1.2691302724897344,Wide,Bearish,Below CPR,False,False,0.7333333333333333,60,56170.21,Lower,True,Risk On,False,0.652857142857143,9.8858,10.3729,0.173595915390226,2.6136329203682878,False,False,No setup,Neutral,0,Not applicable,No directional setup; confirmation score not applicable.,Wide CPR,Wide Downside Breakout,Confirmed,Wide CPR + close below CPR + trend aligned + participation confirmed,0,0,0,0
2026-09-23,2026-09-23,CM,NSE,STK,2202,INE831A01028,ONIDA,EQ,,,,,ONIDA ELECTRONICS LIMITED,35.09,35.75,34.15,34.3,34.34,34.73,,34.3,,,965764,33593258.04,2756,F1,1,,,,,,Cash Only,Unclassified,False,34.733333333333334,34.95,34.516666666666666,34.95,34.516666666666666,0.4333333333333371,1.2633624878522949,Wide,Bearish,Below CPR,False,False,0.8387096774193549,31,14117655.03,Outside,True,Risk On,False,1.5878571428571437,,,0.2729044834308015,2.3795211009628985,False,False,No setup,Neutral,0,Not applicable,No directional setup; confirmation score not applicable.,Wide CPR,Wide Downside Breakout,Confirmed,Wide CPR + close below CPR + trend aligned + participation confirmed,0,0,0,0
2026-09-23,2026-09-23,CM,NSE,STK,765155,INE286N01028,PRISMX,EQ,,,,,PRISMX GLOBAL VENTURES L,0.55,0.55,0.53,0.53,0.53,0.55,,0.52,,,233005,124556.59,116,F1,1,,,,,,Cash Only,Unclassified,False,0.5366666666666667,0.54,0.5333333333333334,0.54,0.5333333333333334,0.006666666666666599,1.2578616352201129,Wide,Bearish,Below CPR,False,False,0.7592592592592593,27,71060.12,Lower,True,Risk On,False,0.0357142857142857,,,0.18666666666666484,1.752833938360926,False,False,No setup,Neutral,0,Not applicable,No directional setup; confirmation score not applicable.,Wide CPR,Wide Downside Breakout,Confirmed,Wide CPR + close below CPR + trend aligned + participation confirmed,0,0,0,0
2026-09-23,2026-09-23,CM,NSE,STK,5385,INE216P01012,AAVAS,EQ,,,,,AAVAS FINANCIERS LIMITED,1313.2,1339.8,1280.3,1285.8,1288.0,1313.1,,1285.79,,,77904,101574938.1,11609,F1,1,,,,,,Cash Only,Financial Services,True,1301.9666666666665,1310.05,1293.883333333333,1310.05,1293.883333333333,16.16666666666697,1.257323585835042,Wide,Bearish,Below CPR,False,False,0.95,60,94909864.85,Lower,True,Risk On,False,32.65000000000003,1356.2179999999998,1384.019,0.49515058703421,1.0702252949209632,False,False,No setup,Neutral,0,Not applicable,No directional setup; confirmation score not applicable.,Wide CPR,Wide Downside Breakout,Confirmed,Wide CPR + close below CPR + trend aligned + participation confirmed,0,0,0,0
2026-09-23,2026-09-23,CM,NSE,STK,20425,INE295D01020,NACLIND,EQ,,,,,NACL INDUSTRIES LIMITED,139.91,145.58,138.13,139.23,139.49,138.62,,139.24,,,1336755,188108163.71,20510,F1,1,,,,,,Cash Only,Unclassified,False,140.98000000000002,141.85500000000002,140.10500000000002,141.85500000000002,140.10500000000002,1.75,1.256913021618904,Wide,Bearish,Below CPR,False,False,0.8,60,105698913.755,Overlapping,True,Risk On,False,6.945000000000001,175.7296,178.9057,0.25197984161267095,1.7796603297742188,False,False,No setup,Neutral,0,Not applicable,No directional setup; confirmation score not applicable.,Wide CPR,Wide Downside Breakout,Confirmed,Wide CPR + close below CPR + trend aligned + participation confirmed,0,0,0,0
2026-09-23,2026-09-23,CM,NSE,STK,1174,INE113A01013,GNFC,EQ,,,,,GUJ NAR VAL FER & CHEM L,601.0,628.1,594.55,623.05,622.5,598.7,,623.05,,,1894770,1171225428.9,44169,F1,1,,,,,,Cash Only,Unclassified,False,615.2333333333333,611.325,619.1416666666667,619.1416666666667,611.325,7.816666666666606,1.254580959259547,Wide,Bullish,Above CPR,False,False,0.95,60,219195719.3,Higher,True,Risk On,False,22.31428571428572,556.3799999999999,536.0704999999999,0.3502987622705904,5.3432860488348055,True,True,No setup,Neutral,0,Not applicable,No directional setup; confirmation score not applicable.,Wide CPR,Wide Upside Breakout,Confirmed,Wide CPR + close above CPR + trend aligned + participation confirmed,0,0,0,0
2026-09-23,2026-09-23,CM,NSE,STK,764940,INE159L01013,SVGLOBAL,EQ,,,,,S V GLOBAL MILL LTD.,161.9,163.0,146.55,151.93,163.0,155.6,,151.89,,,4466,691697.39,143,F1,1,,,,,,Cash Only,Unclassified,False,153.82666666666668,154.775,152.87833333333336,154.775,152.87833333333336,1.896666666666647,1.2483819302748942,Wide,Bearish,Below CPR,False,False,0.37037037037037035,27,140776.67,Lower,True,Risk On,False,17.419285714285717,,,0.10888314812536619,4.913437645598521,False,False,No setup,Neutral,0,Not applicable,No directional setup; confirmation score not applicable.,Wide CPR,Wide Downside Breakout,Confirmed,Wide CPR + close below CPR + trend aligned + participation confirmed,0,0,0,0
2026-09-23,2026-09-23,CM,NSE,STK,762752,INE972A01020,KOTIC,EQ,,,,,KOTHARI INDUSTRIAL CORP L,147.78,152.67,147.0,147.11,147.06,146.89,,147.14,,,31010,4630491.36,1239,F1,1,,,,,,Cash Only,Unclassified,False,148.92666666666665,149.83499999999998,148.01833333333332,149.83499999999998,148.01833333333332,1.8166666666666629,1.2349035868850946,Wide,Bearish,Below CPR,False,False,0.7333333333333333,60,1828462.72,Overlapping,True,Risk On,False,12.103571428571428,150.06719999999999,158.4912,0.15009343955935842,2.532450516683217,False,False,No setup,Neutral,0,Not applicable,No directional setup; confirmation score not applicable.,Wide CPR,Wide Downside Breakout,Confirmed,Wide CPR + close below CPR + trend aligned + participation confirmed,0,0,0,0
2026-09-23,2026-09-23,CM,NSE,STK,760923,INE0KNW01016,KNAGRI,EQ,,,,,KN AGRI RESOURCES LIMITED,205.0,213.15,202.3,211.63,212.95,203.95,,211.63,,,10750,2244580.71,283,F1,1,,,,,,Cash Only,Unclassified,False,209.02666666666667,207.72500000000002,210.32833333333332,210.32833333333332,207.72500000000002,2.603333333333296,1.230134353982562,Wide,Bullish,Above CPR,False,False,0.8333333333333334,60,1920467.615,Higher,True,Risk On,False,11.012142857142857,207.20399999999998,203.3398,0.2364056993362272,1.1687678003359614,True,True,No setup,Neutral,0,Not applicable,No directional setup; confirmation score not applicable.,Wide CPR,Wide Upside Breakout,Confirmed,Wide CPR + close above CPR + trend aligned + participation confirmed,0,0,0,0
2026-09-23,2026-09-23,CM,NSE,STK,11394,INE358U01012,ZOTA,EQ,,,,,ZOTA HEALTH CARE LIMITED,1365.0,1396.0,1334.5,1390.6,1395.0,1356.0,,1390.6,,,109803,150647703.0,11088,F1,1,,,,,,Cash Only,Unclassified,False,1373.7,1365.25,1382.15,1382.15,1365.25,16.90000000000009,1.2153027470156834,Wide,Bullish,Above CPR,False,False,0.9166666666666666,60,61635269.5,Overlapping,True,Risk On,False,57.42857142857141,1192.75,1236.112,0.2942786069651758,2.444180162139147,True,True,No setup,Neutral,0,Not applicable,No directional setup; confirmation score not applicable.,Wide CPR,Wide Upside Breakout,Confirmed,Wide CPR + close above CPR + trend aligned + participation confirmed,0,0,0,0
2026-09-23,2026-09-23,CM,NSE,STK,5948,INE683A01023,SOUTHBANK,EQ,,,,,THE SOUTH INDIAN BANK LTD,45.26,47.2,45.26,47.08,47.14,45.23,,47.08,,,14551891,677523712.09,43144,F1,1,,,,,,Cash Only,Unclassified,False,46.51333333333334,46.230000000000004,46.79666666666668,46.79666666666668,46.230000000000004,0.5666666666666771,1.2036250354007585,Wide,Bullish,Above CPR,False,False,0.95,60,417046370.86,Higher,True,Risk On,False,1.3428571428571432,46.173,44.875,0.42198581560284454,1.624576448640146,True,True,No setup,Neutral,0,Not applicable,No directional setup; confirmation score not applicable.,Wide CPR,Wide Upside Breakout,Confirmed,Wide CPR + close above CPR + trend aligned + participation confirmed,0,0,-2,-2
2026-09-23,2026-09-23,CM,NSE,STK,14687,INE426D01013,GOACARBON,EQ,,,,,GOA CARBON LIMITED,381.2,409.0,381.2,402.35,402.5,386.9,,402.36,,,35405,14180409.7,1415,F1,1,,,,,,Cash Only,Unclassified,False,397.5166666666667,395.1,399.9333333333334,399.9333333333334,395.1,4.833333333333371,1.201275837786348,Wide,Bullish,Above CPR,False,False,0.8833333333333333,60,4941479.625,Higher,True,Risk On,False,26.100000000000005,377.24699999999996,387.10799999999995,0.1851851851851866,2.869668758373156,True,True,No setup,Neutral,0,Not applicable,No directional setup; confirmation score not applicable.,Wide CPR,Wide Upside Breakout,Confirmed,Wide CPR + close above CPR + trend aligned + participation confirmed,0,0,0,0
2026-09-23,2026-09-23,CM,NSE,STK,2442,INE163A01018,NOCIL,EQ,,,,,NOCIL LIMITED,194.4,211.2,194.0,206.3,206.19,193.89,,206.33,,,7384798,1519063059.96,58153,F1,1,,,,,,Cash Only,Unclassified,False,203.83333333333334,202.6,205.0666666666667,205.0666666666667,202.6,2.466666666666697,1.1956697366295186,Wide,Bullish,Above CPR,False,False,0.9,60,75809667.745,Higher,True,Risk On,False,9.06,171.4882,171.4718,0.2722590139808716,20.037854077789298,True,True,No setup,Neutral,0,Not applicable,No directional setup; confirmation score not applicable.,Wide CPR,Wide Upside Breakout,Confirmed,Wide CPR + close above CPR + trend aligned + participation confirmed,0,0,0,0
2026-09-23,2026-09-23,CM,NSE,STK,764900,INE960E01019,SHIVAAGRO,EQ,,,,,SHIVA GLOBAL AGRO INDS. L,41.2,42.78,38.12,39.74,41.25,40.03,,40.37,,,5592,228492.6,137,F1,1,,,,,,Cash Only,Unclassified,False,40.21333333333334,40.45,39.976666666666674,40.45,39.976666666666674,0.47333333333332916,1.1910753229323834,Wide,Bearish,Below CPR,False,False,0.6296296296296297,27,59742.84,Overlapping,True,Risk On,False,3.516428571428572,,,0.13460626988963248,3.8246022452230264,False,False,No setup,Neutral,0,Not applicable,No directional setup; confirmation score not applicable.,Wide CPR,Wide Downside Breakout,Confirmed,Wide CPR + close below CPR + trend aligned + participation confirmed,0,0,0,0
2026-09-23,2026-09-23,CM,NSE,STK,25737,INE01NE01012,SRD,EQ,,,,,SHANKAR LAL RAMPAL LTD,40.5,40.9,39.4,40.88,40.9,40.32,,40.87,,,99577,4003513.1,353,F1,1,,,,,,Cash Only,Unclassified,False,40.39333333333334,40.15,40.63666666666668,40.63666666666668,40.15,0.4866666666666788,1.19047619047622,Wide,Bullish,Above CPR,False,False,0.8666666666666667,60,831693.74,Outside,True,Risk On,False,1.4107142857142847,39.0732,39.9786,0.34497890295359535,4.813686706359002,True,True,No setup,Neutral,0,Not applicable,No directional setup; confirmation score not applicable.,Wide CPR,Wide Upside Breakout,Confirmed,Wide CPR + close above CPR + trend aligned + participation confirmed,0,0,0,0
2026-09-23,2026-09-23,CM,NSE,STK,756802,INE0BYP01024,OSWALPUMPS,EQ,,,,,OSWAL PUMPS LIMITED,290.1,296.35,282.3,284.25,284.1,273.6,,284.26,,,2158898,625498637.45,32058,F1,1,,,,,,Cash Only,Unclassified,False,287.6333333333334,289.32500000000005,285.9416666666667,289.32500000000005,285.9416666666667,3.3833333333333258,1.1902667839343275,Wide,Bearish,Below CPR,False,False,0.9,60,151726993.75,Higher,True,Risk On,False,10.767857142857142,312.632,356.59100000000007,0.31420674405748966,4.122527059889104,False,False,No setup,Neutral,0,Not applicable,No directional setup; confirmation score not applicable.,Wide CPR,Wide Downside Breakout,Confirmed,Wide CPR + close below CPR + trend aligned + participation confirmed,0,0,0,0
2026-09-23,2026-09-23,CM,NSE,STK,4469,INE822G01016,ELECTHERM,EQ,,,,,ELECTROTHERM (I) LTD.,907.0,942.95,898.65,904.65,909.0,903.85,,904.66,,,14486,13271135.55,785,F1,1,,,,,,Cash Only,Unclassified,False,915.4166666666666,920.8,910.0333333333333,920.8,910.0333333333333,10.766666666666652,1.1901472024171393,Wide,Bearish,Below CPR,False,False,0.8666666666666667,60,11602131.2,Higher,True,Risk On,False,31.235714285714284,999.965,984.107,0.3446909063190787,1.1438532560293753,False,False,No setup,Neutral,0,Not applicable,No directional setup; confirmation score not applicable.,Wide CPR,Wide Downside Breakout,Confirmed,Wide CPR + close below CPR + trend aligned + participation confirmed,0,0,-2,-2
2026-09-23,2026-09-23,CM,NSE,STK,13517,INE548C01032,EMAMILTD,EQ,,,,,EMAMI LIMITED,392.05,407.65,389.1,391.45,392.0,390.0,,391.45,,,4467324,1788117979.25,75817,F1,1,,,,,,Cash Only,Fast Moving Consumer Goods,True,396.06666666666666,398.375,393.7583333333333,398.375,393.7583333333333,4.616666666666674,1.1793758249244284,Wide,Bearish,Below CPR,False,False,0.9166666666666666,60,325698092.25,Higher,True,Risk On,False,12.749999999999988,393.168,403.13449999999995,0.3620915032679748,5.490108851719871,False,False,No setup,Neutral,0,Not applicable,No directional setup; confirmation score not applicable.,Wide CPR,Wide Downside Breakout,Confirmed,Wide CPR + close below CPR + trend aligned + participation confirmed,0,0,0,0
2026-09-23,2026-09-23,CM,NSE,STK,759569,INE16NZ01023,ORKLAINDIA,EQ,,,,,ORKLA INDIA LIMITED,573.0,578.55,556.0,557.45,556.9,569.25,,557.44,,,164395,93223298.2,10962,F1,1,,,,,,Cash Only,Unclassified,False,564.0,567.275,560.725,567.275,560.725,6.5499999999999545,1.1749932729392687,Wide,Bearish,Below CPR,False,False,0.9833333333333333,60,40818005.125,Lower,True,Risk On,False,15.728571428571431,572.691,596.707,0.41643960036330313,2.283876880178622,False,False,No setup,Neutral,0,Not applicable,No directional setup; confirmation score not applicable.,Wide CPR,Wide Downside Breakout,Confirmed,Wide CPR + close below CPR + trend aligned + participation confirmed,0,0,0,0
2026-09-23,2026-09-23,CM,NSE,STK,8054,INE614B01018,KTKBANK,EQ,,,,,KARNATAKA BANK LIMITED,331.5,344.0,330.1,343.05,343.0,331.5,,343.05,,,3566531,1211783828.25,39199,F1,1,,,,,,Cash Only,Unclassified,False,339.05,337.05,341.05,341.05,337.05,4.0,1.1660107855997668,Wide,Bullish,Above CPR,False,False,0.9333333333333333,60,699823569.125,Higher,True,Risk On,False,10.153571428571427,310.616,288.1745,0.39395005276116785,1.7315561831750133,True,True,No setup,Neutral,0,Not applicable,No directional setup; confirmation score not applicable.,Wide CPR,Wide Upside Breakout,Confirmed,Wide CPR + close above CPR + trend aligned + participation confirmed,0,0,0,0
2026-09-23,2026-09-23,CM,NSE,STK,29472,INE004A01022,PROTEAN,EQ,,,,,PROTEAN EGOV TECHNO LTD,629.2,645.0,605.2,636.2,640.0,620.65,,636.15,,,1881519,1171175235.8,52949,F1,1,,,,,,Cash Only,Unclassified,False,628.8000000000001,625.1,632.5000000000001,632.5000000000001,625.1,7.400000000000091,1.1631562401760596,Wide,Bullish,Above CPR,False,False,0.9166666666666666,60,116553703.65,Higher,True,Risk On,False,27.49642857142856,557.964,575.2515,0.2691258605013672,10.048374261164028,True,True,No setup,Neutral,0,Not applicable,No directional setup; confirmation score not applicable.,Wide CPR,Wide Upside Breakout,Confirmed,Wide CPR + close above CPR + trend aligned + participation confirmed,0,0,0,0
2026-09-23,2026-09-23,CM,NSE,STK,13620,INE242C01024,ANANTRAJ,EQ,,,,,ANANT RAJ LIMITED,609.9,633.85,607.75,631.8,632.0,610.1,,631.8,,,3329387,2082991025.35,71987,F1,1,,,,,,Cash Only,Realty,True,624.4666666666666,620.8,628.1333333333332,628.1333333333332,620.8,7.3333333333332575,1.1607048644085562,Wide,Bullish,Above CPR,False,False,0.9333333333333333,60,1080312400.6,Higher,True,Risk On,False,22.053571428571438,610.655,570.5775,0.3325236167341395,1.9281376610998056,True,True,No setup,Neutral,0,Not applicable,No directional setup; confirmation score not applicable.,Wide CPR,Wide Upside Breakout,Confirmed,Wide CPR + close above CPR + trend aligned + participation confirmed,0,0,0,0
2026-09-23,2026-09-23,CM,NSE,STK,595,INE120A01034,CARBORUNIV,EQ,,,,,CARBORUNDUM UNIVERSAL LTD,1217.5,1272.9,1212.5,1264.5,1263.9,1211.3,,1264.42,,,597871,743599789.9,38043,F1,1,,,,,,Cash Only,Capital Goods,True,1249.9666666666667,1242.7,1257.2333333333333,1257.2333333333333,1242.7,14.533333333333303,1.149334387768549,Wide,Bullish,Above CPR,False,False,0.85,60,183918498.4,Higher,True,Risk On,False,52.05,1103.812,1090.896,0.27921869996797893,4.043094068127733,True,True,No setup,Neutral,0,Not applicable,No directional setup; confirmation score not applicable.,Wide CPR,Wide Upside Breakout,Confirmed,Wide CPR + close above CPR + trend aligned + participation confirmed,0,0,0,0
2026-09-23,2026-09-23,CM,NSE,STK,7627,INE879A01019,SHREERAMA,EQ,,,,,SHREE RAMA MULTI TECH LTD,43.75,46.29,43.72,45.79,45.93,43.69,,45.79,,,86110,3879439.41,1056,F1,1,,,,,,Cash Only,Unclassified,False,45.26666666666666,45.004999999999995,45.52833333333332,45.52833333333332,45.004999999999995,0.5233333333333263,1.142898740627487,Wide,Bullish,Above CPR,False,False,0.8166666666666667,60,2584648.0700000003,Higher,True,Risk On,False,2.975,42.2164,43.139,0.1759103641456559,1.500954599981575,True,True,No setup,Neutral,0,Not applicable,No directional setup; confirmation score not applicable.,Wide CPR,Wide Upside Breakout,Confirmed,Wide CPR + close above CPR + trend aligned + participation confirmed,0,0,0,0
2026-09-23,2026-09-23,CM,NSE,STK,31468,INE142K01011,AURUS,EQ,,,,,AURUS GEM CORP LIMITED,4.91,5.0,4.5,4.67,4.68,4.89,,4.67,,,124303,582351.11,276,F1,1,,,,,,Cash Only,Unclassified,False,4.723333333333334,4.75,4.696666666666667,4.75,4.696666666666667,0.05333333333333279,1.1420413990007021,Wide,Bearish,Below CPR,False,False,0.8627450980392157,51,78175.45,Lower,True,Risk On,False,0.26428571428571435,4.7198,,0.20180180180179969,7.449283758520098,False,False,No setup,Neutral,0,Not applicable,No directional setup; confirmation score not applicable.,Wide CPR,Wide Downside Breakout,Confirmed,Wide CPR + close below CPR + trend aligned + participation confirmed,0,0,0,0
2026-09-23,2026-09-23,CM,NSE,STK,24445,INE976R01033,AGIIL,EQ,,,,,AGI INFRA LIMITED,279.15,279.15,267.65,268.8,268.0,269.3,,268.8,,,7001540,1902445780.55,18873,F1,1,,,,,,Cash Only,Unclassified,False,271.8666666666666,273.4,270.33333333333326,273.4,270.33333333333326,3.0666666666667197,1.1408730158730356,Wide,Bearish,Below CPR,False,False,0.85,60,304544968.375,Outside,True,Risk On,False,13.228571428571419,295.325,332.086,0.2318214542836615,6.246846863703334,False,False,No setup,Neutral,0,Not applicable,No directional setup; confirmation score not applicable.,Wide CPR,Wide Downside Breakout,Confirmed,Wide CPR + close below CPR + trend aligned + participation confirmed,0,0,0,0
2026-09-23,2026-09-23,CM,NSE,STK,4684,INE073K01018,SONACOMS,EQ,,,,,SONA BLW PRECISION FRGS L,808.55,833.0,804.75,833.0,833.0,809.0,,833.0,,,3183807,2620927288.1,81203,F1,1,,,,,,F&O + Cash,Automobile and Auto Components,True,823.5833333333334,818.875,828.2916666666667,828.2916666666667,818.875,9.416666666666742,1.130452180872358,Wide,Bullish,Above CPR,False,False,0.95,60,1514512405.9499998,Higher,True,Risk On,False,22.43571428571428,781.276,695.59,0.4197177119813258,1.730541973643316,True,True,No setup,Neutral,0,Not applicable,No directional setup; confirmation score not applicable.,Wide CPR,Wide Upside Breakout,Confirmed,Wide CPR + close above CPR + trend aligned + participation confirmed,0,0,0,0
2026-09-23,2026-09-23,CM,NSE,STK,765936,INE1FCO01014,MOMSBELIEF,EQ,,,,,RAYS OF BELIEF LIMITED,228.85,239.0,224.02,227.7,226.0,228.33,,227.68,,,252520,58996723.27,3654,F1,1,,,,,,Cash Only,Unclassified,False,230.24,231.51,228.97000000000003,231.51,228.97000000000003,2.5399999999999636,1.1155028546332735,Wide,Bearish,Below CPR,False,False,1.0,1,58996723.27,Unknown,False,Risk On,False,,,,,1.0,False,False,No setup,Neutral,0,Not applicable,No directional setup; confirmation score not applicable.,Wide CPR,Wide Downside Breakout,Confirmed,Wide CPR + close below CPR + trend aligned + participation confirmed,0,0,0,0
2026-09-23,2026-09-23,CM,NSE,STK,20092,INE488B01017,TASTYBITE,EQ,,,,,TASTY BITE EATABLES LTD,9823.0,10229.0,9791.0,10180.0,10228.0,9829.0,,10179.17,,,3654,36860429.0,1233,F1,1,,,,,,Cash Only,Unclassified,False,10066.666666666666,10010.0,10123.333333333332,10123.333333333332,10010.0,113.33333333333212,1.1132940406024767,Wide,Bullish,Above CPR,False,False,0.8833333333333333,60,33486860.75,Higher,True,Risk On,False,326.7857142857143,9638.7,8849.96,0.3468123861566447,1.1007430429261722,True,True,No setup,Neutral,0,Not applicable,No directional setup; confirmation score not applicable.,Wide CPR,Wide Upside Breakout,Confirmed,Wide CPR + close above CPR + trend aligned + participation confirmed,0,0,0,0
2026-09-23,2026-09-23,CM,NSE,STK,17256,INE155C01010,ALBERTDAVD,EQ,,,,,ALBERT DAVID LIMITED,847.6,885.95,842.0,878.55,876.6,848.9,,878.58,,,5385,4646247.45,373,F1,1,,,,,,Cash Only,Unclassified,False,868.8333333333334,863.975,873.6916666666667,873.6916666666667,863.975,9.716666666666697,1.1059890349629158,Wide,Bullish,Above CPR,False,False,0.9666666666666667,60,2862575.125,Higher,True,Risk On,False,24.139285714285716,796.2239999999999,757.5234999999999,0.4025250283572533,1.6231006164423372,True,True,No setup,Neutral,0,Not applicable,No directional setup; confirmation score not applicable.,Wide CPR,Wide Upside Breakout,Confirmed,Wide CPR + close above CPR + trend aligned + participation confirmed,0,0,0,0
2026-09-23,2026-09-23,CM,NSE,STK,5279,INE645S01024,ROLEXRINGS,EQ,,,,,ROLEX RINGS LIMITED,173.5,187.65,173.42,183.58,182.66,172.5,,183.58,,,7085323,1292243349.75,72741,F1,1,,,,,,Cash Only,Unclassified,False,181.54999999999998,180.535,182.56499999999997,182.56499999999997,180.535,2.0299999999999727,1.1057849438936553,Wide,Bullish,Above CPR,False,False,0.8666666666666667,60,219071280.185,Higher,True,Risk On,False,6.809285714285715,164.86860000000001,154.2048,0.2981223119689459,5.898734643166069,True,True,No setup,Neutral,0,Not applicable,No directional setup; confirmation score not applicable.,Wide CPR,Wide Upside Breakout,Confirmed,Wide CPR + close above CPR + trend aligned + participation confirmed,0,0,0,0
2026-09-23,2026-09-23,CM,NSE,STK,24809,INE00U401027,UNIECOM,EQ,,,,,UNICOMMERCE ESOLUTIONS L,85.24,86.3,82.97,83.26,83.15,86.32,,83.27,,,516602,43433379.52,6381,F1,1,,,,,,Cash Only,Unclassified,False,84.17666666666666,84.63499999999999,83.71833333333333,84.63499999999999,83.71833333333333,0.9166666666666572,1.1009688525902679,Wide,Bearish,Below CPR,False,False,0.95,60,22199335.165,Lower,True,Risk On,False,3.4635714285714294,85.5916,86.92460000000001,0.26465937994087846,1.9565171297777468,False,False,No setup,Neutral,0,Not applicable,No directional setup; confirmation score not applicable.,Wide CPR,Wide Downside Breakout,Confirmed,Wide CPR + close below CPR + trend aligned + participation confirmed,0,0,0,0
2026-09-23,2026-09-23,CM,NSE,STK,6803,INE124E01038,STEELCAS,EQ,,,,,STEELCAST LIMITED,350.85,361.0,346.55,359.7,359.7,350.15,,359.65,,,268681,95413529.1,11312,F1,1,,,,,,Cash Only,Unclassified,False,355.75,353.775,357.725,357.725,353.775,3.9500000000000455,1.0981373366694593,Wide,Bullish,Above CPR,False,False,0.8,60,25151426.424999997,Higher,True,Risk On,False,17.6,328.29400000000004,310.1295,0.22443181818182076,3.7935633346489217,True,True,No setup,Neutral,0,Not applicable,No directional setup; confirmation score not applicable.,Wide CPR,Wide Upside Breakout,Confirmed,Wide CPR + close above CPR + trend aligned + participation confirmed,0,0,0,0
2026-09-23,2026-09-23,CM,NSE,STK,4907,INE510A01028,ENGINERSIN,EQ,,,,,ENGINEERS INDIA LTD,301.4,309.5,292.85,306.2,306.25,302.55,,306.2,,,11229270,3404396744.6,116974,F1,1,,,,,,Cash Only,Construction,True,302.84999999999997,301.175,304.5249999999999,304.5249999999999,301.175,3.349999999999909,1.0940561724362865,Wide,Bullish,Above CPR,False,False,0.85,60,476894292.745,Higher,True,Risk On,False,11.549999999999994,249.767,245.41940000000002,0.29004329004328233,7.138682086137616,True,True,No setup,Neutral,0,Not applicable,No directional setup; confirmation score not applicable.,Wide CPR,Wide Upside Breakout,Confirmed,Wide CPR + close above CPR + trend aligned + participation confirmed,0,0,0,0
2026-09-23,2026-09-23,CM,NSE,STK,762961,INE405A01021,ULTRAMAR,EQ,,,,,ULTRAMARINE & PIGMENTS L,427.4,441.3,422.6,439.15,436.75,423.9,,439.08,,,52370,22777411.5,2634,F1,1,,,,,,Cash Only,Unclassified,False,434.3500000000001,431.95000000000005,436.7500000000001,436.7500000000001,431.95000000000005,4.800000000000068,1.093020607992729,Wide,Bullish,Above CPR,False,False,0.9166666666666666,60,14961310.45,Higher,True,Risk On,False,15.310714285714283,406.036,399.8885000000001,0.31350594821553984,1.5224208852640981,True,True,No setup,Neutral,0,Not applicable,No directional setup; confirmation score not applicable.,Wide CPR,Wide Upside Breakout,Confirmed,Wide CPR + close above CPR + trend aligned + participation confirmed,0,0,0,0
2026-09-23,2026-09-23,CM,NSE,STK,757938,INE344T01014,BELLACASA,EQ,,,,,BELLA CASA FASH AND RET L,280.69,285.0,273.99,284.12,284.01,279.3,,284.09,,,25599,7205532.29,1470,F1,1,,,,,,Cash Only,Unclassified,False,281.0366666666667,279.495,282.5783333333334,282.5783333333334,279.495,3.0833333333333712,1.0852222065793928,Wide,Bullish,Above CPR,False,False,0.8333333333333334,60,2259091.495,Higher,True,Risk On,False,12.86214285714286,243.26879999999997,245.61270000000002,0.2397215897521363,3.1895708101897835,True,True,No setup,Neutral,0,Not applicable,No directional setup; confirmation score not applicable.,Wide CPR,Wide Upside Breakout,Confirmed,Wide CPR + close above CPR + trend aligned + participation confirmed,0,0,0,0
2026-09-23,2026-09-23,CM,NSE,STK,6068,INE801L01010,AIROLAM,EQ,,,,,AIRO LAM LIMITED,87.4,91.66,86.97,90.79,91.64,87.69,,90.79,,,3338,300664.48,57,F1,1,,,,,,Cash Only,Unclassified,False,89.80666666666667,89.315,90.29833333333335,90.29833333333335,89.315,0.9833333333333485,1.0830855086830582,Wide,Bullish,Above CPR,False,False,0.9,60,194817.72,Higher,True,Risk On,False,4.1657142857142855,88.0868,87.3653,0.2360539551897613,1.5433117685598619,True,True,No setup,Neutral,0,Not applicable,No directional setup; confirmation score not applicable.,Wide CPR,Wide Upside Breakout,Confirmed,Wide CPR + close above CPR + trend aligned + participation confirmed,0,0,0,0
2026-09-23,2026-09-23,CM,NSE,STK,759797,INE198501012,EUROPRATIK,EQ,,,,,EURO PRATIK SALES LIMITED,219.8,229.0,218.45,220.15,220.0,218.45,,220.19,,,330401,73707485.6,8519,F1,1,,,,,,Cash Only,Unclassified,False,222.53333333333333,223.725,221.34166666666667,223.725,221.34166666666667,2.3833333333333258,1.0825952002422556,Wide,Bearish,Below CPR,False,False,0.9,60,48074076.75,Overlapping,True,Risk On,False,11.064285714285713,277.57099999999997,275.7575,0.2154077899720243,1.533206471822675,False,False,No setup,Neutral,0,Not applicable,No directional setup; confirmation score not applicable.,Wide CPR,Wide Downside Breakout,Confirmed,Wide CPR + close below CPR + trend aligned + participation confirmed,0,0,0,0
2026-09-23,2026-09-23,CM,NSE,STK,14992,INE429I01024,CCCL,EQ,,,,,CONS. CONST. CONSORT LTD,13.89,13.89,13.06,13.26,13.25,13.6,,13.25,,,411657,5463815.91,1044,F1,1,,,,,,Cash Only,Unclassified,False,13.403333333333334,13.475000000000001,13.331666666666667,13.475000000000001,13.331666666666667,0.14333333333333442,1.0809451985922658,Wide,Bearish,Below CPR,False,False,0.7666666666666667,60,2988930.665,Lower,True,Risk On,False,0.48857142857142855,15.058600000000002,15.3302,0.2933723196881114,1.8280169473252068,False,False,No setup,Neutral,0,Not applicable,No directional setup; confirmation score not applicable.,Wide CPR,Wide Downside Breakout,Confirmed,Wide CPR + close below CPR + trend aligned + participation confirmed,0,0,0,0
2026-09-23,2026-09-23,CM,NSE,STK,10940,INE361B01024,DIVISLAB,EQ,,,,,DIVI S LABORATORIES LTD,9330.0,9624.0,9312.5,9624.0,9624.0,9352.0,,9623.95,,,489382,4653361195.0,50350,F1,1,,,,,,F&O + Cash,Healthcare,True,9520.166666666666,9468.25,9572.083333333332,9572.083333333332,9468.25,103.83333333333212,1.078899972291481,Wide,Bullish,Above CPR,False,False,0.9,60,3384274107.0,Higher,True,Risk On,False,200.39285714285714,8550.23,7639.58,0.5181488742351273,1.3749953602679619,True,True,No setup,Neutral,0,Not applicable,No directional setup; confirmation score not applicable.,Wide CPR,Wide Upside Breakout,Confirmed,Wide CPR + close above CPR + trend aligned + participation confirmed,0,0,0,0
2026-09-23,2026-09-23,CM,NSE,STK,6863,INE411U01027,BAJAJHCARE,EQ,,,,,BAJAJ HEALTHCARE LIMITED,337.0,357.0,337.0,352.7,352.55,336.1,,352.71,,,438116,153732539.3,14032,F1,1,,,,,,Cash Only,Unclassified,False,348.90000000000003,347.0,350.80000000000007,350.80000000000007,347.0,3.800000000000068,1.077402891976203,Wide,Bullish,Above CPR,False,False,0.9,60,45042043.825,Higher,True,Risk On,False,11.87499999999998,332.61,323.00350000000003,0.3200000000000063,3.413089776682664,True,True,No setup,Neutral,0,Not applicable,No directional setup; confirmation score not applicable.,Wide CPR,Wide Upside Breakout,Confirmed,Wide CPR + close above CPR + trend aligned + participation confirmed,0,0,0,0
2026-09-23,2026-09-23,CM,NSE,STK,14134,INE450D01021,PITTIENG,EQ,,,,,PITTI ENGINEERING LIMITED,1121.9,1175.0,1121.9,1167.1,1159.0,1121.9,,1167.13,,,162348,187583127.0,17388,F1,1,,,,,,Cash Only,Unclassified,False,1154.6666666666667,1148.45,1160.8833333333334,1160.8833333333334,1148.45,12.433333333333394,1.065318595950081,Wide,Bullish,Above CPR,False,False,0.85,60,58741207.75,Higher,True,Risk On,False,49.5214285714286,1039.906,997.3175,0.2510697629693746,3.193382195993408,True,True,No setup,Neutral,0,Not applicable,No directional setup; confirmation score not applicable.,Wide CPR,Wide Upside Breakout,Confirmed,Wide CPR + close above CPR + trend aligned + participation confirmed,0,0,0,0
2026-09-23,2026-09-23,CM,NSE,STK,21794,INE179G01029,DAVANGERE,EQ,,,,,DAVANGERE SUGAR COMPANY L,2.31,2.31,2.16,2.2,2.2,2.26,,2.2,,,12500992,27736225.68,3755,F1,1,,,,,,Cash Only,Unclassified,False,2.2233333333333336,2.2350000000000003,2.211666666666667,2.2350000000000003,2.211666666666667,0.023333333333333428,1.0606060606060648,Wide,Bearish,Below CPR,False,False,0.6166666666666667,60,22986941.92,Overlapping,True,Risk On,False,0.15142857142857144,2.7416,3.2281,0.154088050314466,1.2066078983680661,False,False,No setup,Neutral,0,Not applicable,No directional setup; confirmation score not applicable.,Wide CPR,Wide Downside Breakout,Confirmed,Wide CPR + close below CPR + trend aligned + participation confirmed,0,0,0,0
2026-09-23,2026-09-23,CM,NSE,STK,11796,INE05X901010,HPIL,EQ,,,,,HINDPRAKASH INDUSTRY LTD,116.6,121.5,115.11,116.49,116.27,118.71,,116.49,,,2443,286320.33,119,F1,1,,,,,,Cash Only,Unclassified,False,117.7,118.305,117.095,118.305,117.095,1.210000000000008,1.0387157695939635,Wide,Bearish,Below CPR,False,False,0.7333333333333333,60,86669.3,Overlapping,True,Risk On,False,4.564285714285714,124.29539999999999,126.8712,0.26510172143975136,3.3035957368987634,False,False,No setup,Neutral,0,Not applicable,No directional setup; confirmation score not applicable.,Wide CPR,Wide Downside Breakout,Confirmed,Wide CPR + close below CPR + trend aligned + participation confirmed,0,0,0,0
2026-09-23,2026-09-23,CM,NSE,STK,896,INE745B01028,KHAICHEM,EQ,,,,,KHAITAN CHEM & FERT LTD,50.02,52.0,49.82,50.13,49.93,50.02,,50.13,,,281525,14240528.74,2196,F1,1,,,,,,Cash Only,Unclassified,False,50.65,50.91,50.39,50.91,50.39,0.519999999999996,1.0373030121683542,Wide,Bearish,Below CPR,False,False,0.7166666666666667,60,10436797.07,Higher,True,Risk On,False,2.061428571428571,54.01259999999999,55.168,0.2522522522522504,1.364453926284877,False,False,No setup,Neutral,0,Not applicable,No directional setup; confirmation score not applicable.,Wide CPR,Wide Downside Breakout,Confirmed,Wide CPR + close below CPR + trend aligned + participation confirmed,0,0,0,0
2026-09-23,2026-09-23,CM,NSE,STK,763753,INE0ZK601013,CSM,EQ,,,,,CSM TECHNOLOGIES LIMITED,105.15,108.27,102.8,103.93,103.05,105.15,,103.92,,,288893,30206279.68,3636,F1,1,,,,,,Cash Only,Unclassified,False,105.0,105.535,104.465,105.535,104.465,1.0699999999999932,1.0295391128644213,Wide,Bearish,Below CPR,False,False,0.6938775510204082,49,29750528.53,Lower,True,Risk On,False,7.954285714285715,,,0.13451867816091867,1.0153190942319033,False,False,No setup,Neutral,0,Not applicable,No directional setup; confirmation score not applicable.,Wide CPR,Wide Downside Breakout,Confirmed,Wide CPR + close below CPR + trend aligned + participation confirmed,0,0,0,0
2026-09-23,2026-09-23,CM,NSE,STK,4010,INE362A01016,PVP,EQ,,,,,PVP VENTURES LIMITED,66.99,68.61,66.5,68.61,68.61,65.35,,68.66,,,709084,48272411.76,2407,F1,1,,,,,,Cash Only,Unclassified,False,67.90666666666668,67.555,68.25833333333335,68.25833333333335,67.555,0.7033333333333474,1.0251178156731486,Wide,Bullish,Above CPR,False,False,0.55,60,40906915.980000004,Higher,True,Risk On,False,4.235714285714286,45.2878,37.2361,0.16604834176503985,1.180055025013401,True,True,No setup,Neutral,0,Not applicable,No directional setup; confirmation score not applicable.,Wide CPR,Wide Upside Breakout,Confirmed,Wide CPR + close above CPR + trend aligned + participation confirmed,0,0,0,0
2026-09-23,2026-09-23,CM,NSE,STK,29124,INE785M01021,PCJEWELLER,EQ,,,,,PC JEWELLER LTD,13.8,14.86,13.64,14.47,14.48,13.58,,14.47,,,867441415,12483313464.52,328550,F1,1,,,,,,Cash Only,Unclassified,False,14.323333333333332,14.25,14.396666666666665,14.396666666666665,14.25,0.14666666666666472,1.0135913384012767,Wide,Bullish,Above CPR,False,False,0.65,60,3749315347.335,Higher,True,Risk On,False,1.0092857142857141,10.819,9.9364,0.1453172918141052,3.329491469260673,True,True,No setup,Neutral,0,Not applicable,No directional setup; confirmation score not applicable.,Wide CPR,Wide Upside Breakout,Confirmed,Wide CPR + close above CPR + trend aligned + participation confirmed,0,-2,0,-2
2026-09-23,2026-09-23,CM,NSE,STK,10990,INE944F01028,RADICO,EQ,,,,,RADICO KHAITAN LTD,4450.4,4614.1,4450.4,4601.9,4601.9,4448.8,,4601.91,,,528324,2424785946.3,63981,F1,1,,,,,,F&O + Cash,Fast Moving Consumer Goods,True,4555.466666666666,4532.25,4578.6833333333325,4578.6833333333325,4532.25,46.433333333332484,1.0090035275284661,Wide,Bullish,Above CPR,False,False,0.9166666666666666,60,1158620296.75,Higher,True,Risk On,False,112.19999999999995,4443.306,4046.8379999999997,0.4138443256090241,2.092821913358217,True,True,No setup,Neutral,0,Not applicable,No directional setup; confirmation score not applicable.,Wide CPR,Wide Upside Breakout,Confirmed,Wide CPR + close above CPR + trend aligned + participation confirmed,0,0,0,0
2026-09-23,2026-09-23,CM,NSE,STK,10577,INE001B01026,KRBL,EQ,,,,,KRBL LIMITED,388.0,409.6,387.85,404.85,404.75,389.9,,404.85,,,597218,241304152.85,17920,F1,1,,,,,,Cash Only,Unclassified,False,400.7666666666667,398.725,402.8083333333334,402.8083333333334,398.725,4.083333333333371,1.0086040097155418,Wide,Bullish,Above CPR,False,False,0.9166666666666666,60,128272509.75,Higher,True,Risk On,False,14.099999999999998,390.4,376.5885,0.28959810874704767,1.8811836871383893,True,True,No setup,Neutral,0,Not applicable,No directional setup; confirmation score not applicable.,Wide CPR,Wide Upside Breakout,Confirmed,Wide CPR + close above CPR + trend aligned + participation confirmed,0,0,0,0
2026-09-23,2026-09-23,CM,NSE,STK,16657,INE087B01017,ANIKINDS,EQ,,,,,ANIK INDUSTRIES LTD,43.41,46.0,42.6,44.98,45.9,42.99,,45.34,,,8864,394776.96,58,F1,1,,,,,,Cash Only,Unclassified,False,44.526666666666664,44.3,44.75333333333333,44.75333333333333,44.3,0.45333333333333314,1.0078553431154582,Wide,Bullish,Above CPR,False,False,0.5666666666666667,60,375231.70999999996,Higher,True,Risk On,False,2.617857142857143,43.6604,44.03190000000001,0.17316962255570706,1.052088481541179,True,True,No setup,Neutral,0,Not applicable,No directional setup; confirmation score not applicable.,Wide CPR,Wide Upside Breakout,Confirmed,Wide CPR + close above CPR + trend aligned + participation confirmed,0,0,0,0
2026-09-23,2026-09-23,CM,NSE,STK,21469,INE350C01017,OPTIEMUS,EQ,,,,,OPTIEMUS INFRACOM LTD,800.0,850.65,781.2,828.35,830.8,708.9,,828.35,,,10628491,8699377465.4,203601,F1,1,,,,,,Cash Only,Unclassified,False,820.0666666666666,815.925,824.2083333333333,824.2083333333333,815.925,8.283333333333303,0.9999798796804857,Wide,Bullish,Above CPR,False,False,0.7333333333333333,60,120240148.8,Higher,True,Risk On,False,42.546428571428564,590.419,521.5295,0.19468927502168432,72.35002245273336,True,True,No setup,Neutral,0,Not applicable,No directional setup; confirmation score not applicable.,Wide CPR,Wide Upside Breakout,Confirmed,Wide CPR + close above CPR + trend aligned + participation confirmed,0,0,0,0
2026-09-23,2026-09-23,CM,NSE,STK,756843,INE14LE01019,ABLBL,EQ,,,,,ADITYA BIRLA LIFES BRAN L,80.74,82.33,79.65,79.81,79.8,80.74,,79.82,,,1021258,82061230.61,8998,F1,1,,,,,,Cash Only,Consumer Services,True,80.59666666666668,80.99000000000001,80.20333333333335,80.99000000000001,80.20333333333335,0.7866666666666617,0.9856743098191477,Wide,Bearish,Below CPR,False,False,0.9833333333333333,60,49173538.655,Outside,True,Risk On,False,1.8421428571428586,88.7792,94.5842,0.4270389039679432,1.6688087303567678,False,False,No setup,Neutral,0,Not applicable,No directional setup; confirmation score not applicable.,Wide CPR,Wide Downside Breakout,Confirmed,Wide CPR + close below CPR + trend aligned + participation confirmed,0,0,0,0
2026-09-23,2026-09-23,CM,NSE,STK,764880,INE068B01017,SEKURITIND,EQ,,,,,SAINT GOBAIN SEKUR IND L,114.2,117.35,113.65,113.82,113.85,114.35,,113.83,,,21432,2457214.68,425,F1,1,,,,,,Cash Only,Unclassified,False,114.94,115.5,114.38,115.5,114.38,1.1200000000000045,0.984009840098405,Wide,Bearish,Below CPR,False,False,0.7777777777777778,27,2457214.68,Higher,True,Risk On,False,3.432857142857142,,,0.3262588431127771,1.0,False,False,No setup,Neutral,0,Not applicable,No directional setup; confirmation score not applicable.,Wide CPR,Wide Downside Breakout,Confirmed,Wide CPR + close below CPR + trend aligned + participation confirmed,0,0,0,0
2026-09-23,2026-09-23,CM,NSE,STK,21383,INE471W01019,PALASHSECU,EQ,,,,,PALASH SECURITIES LTD,87.11,88.9,85.0,85.69,85.69,86.7,,85.69,,,2003,172491.96,169,F1,1,,,,,,Cash Only,Unclassified,False,86.53000000000002,86.95,86.11000000000003,86.95,86.11000000000003,0.839999999999975,0.9802777453611565,Wide,Bearish,Below CPR,False,False,0.75,60,101506.13,Outside,True,Risk On,False,2.9500000000000006,88.87200000000001,92.2974,0.28474576271185587,1.6993255481220688,False,False,No setup,Neutral,0,Not applicable,No directional setup; confirmation score not applicable.,Wide CPR,Wide Downside Breakout,Confirmed,Wide CPR + close below CPR + trend aligned + participation confirmed,0,0,0,0
2026-09-23,2026-09-23,CM,NSE,STK,14511,INE629D01020,BANSWRAS,EQ,,,,,BANSWARA SYNTEX LIMITED,115.21,115.21,110.62,111.28,111.0,113.33,,111.28,,,35341,3957326.1,578,F1,1,,,,,,Cash Only,Unclassified,False,112.37,112.91499999999999,111.82500000000002,112.91499999999999,111.82500000000002,1.089999999999975,0.9795111430625225,Wide,Bearish,Below CPR,False,False,0.7833333333333333,60,3734836.545,Lower,True,Risk On,False,4.614285714285714,120.21240000000002,123.25029999999998,0.23622291021671288,1.059571430320788,False,False,No setup,Neutral,0,Not applicable,No directional setup; confirmation score not applicable.,Wide CPR,Wide Downside Breakout,Confirmed,Wide CPR + close below CPR + trend aligned + participation confirmed,0,0,0,0
2026-09-23,2026-09-23,CM,NSE,STK,2610,INE844A01013,PEARLPOLY,EQ,,,,,PEARL POLYMERS LTD,19.06,19.77,19.06,19.7,19.5,18.83,,19.7,,,47273,926989.44,192,F1,1,,,,,,Cash Only,Unclassified,False,19.51,19.415,19.605000000000004,19.605000000000004,19.415,0.19000000000000483,0.9644670050761667,Wide,Bullish,Above CPR,False,False,0.5666666666666667,60,222881.82,Higher,True,Risk On,False,0.7649999999999996,16.4142,17.784000000000002,0.24836601307190187,4.15910745883177,True,True,No setup,Neutral,0,Not applicable,No directional setup; confirmation score not applicable.,Wide CPR,Wide Upside Breakout,Confirmed,Wide CPR + close above CPR + trend aligned + participation confirmed,0,0,0,0
2026-09-23,2026-09-23,CM,NSE,STK,11787,INE705X01026,GOYALALUM,EQ,,,,,GOYAL ALUMINIUMS LIMITED,6.09,6.49,5.52,5.92,5.9,5.97,,5.92,,,230349,1360549.54,994,F1,1,,,,,,Cash Only,Unclassified,False,5.976666666666667,6.005,5.948333333333333,6.005,5.948333333333333,0.05666666666666664,0.9572072072072068,Wide,Bearish,Below CPR,False,False,0.8666666666666667,60,349591.07,Lower,True,Risk On,False,0.3435714285714287,6.340400000000001,6.5971,0.1649341649341648,3.8918315047349465,False,False,No setup,Neutral,0,Not applicable,No directional setup; confirmation score not applicable.,Wide CPR,Wide Downside Breakout,Confirmed,Wide CPR + close below CPR + trend aligned + participation confirmed,0,0,0,0
2026-09-23,2026-09-23,CM,NSE,STK,2854,INE00LO01017,CRAFTSMAN,EQ,,,,,CRAFTSMAN AUTOMATION LTD,10600.0,10990.0,10509.0,10904.0,10668.0,10602.0,,10904.9,,,51402,554356214.0,18212,F1,1,,,,,,Cash Only,Automobile and Auto Components,True,10801.0,10749.5,10852.5,10852.5,10749.5,103.0,0.9446074834922965,Wide,Bullish,Above CPR,False,False,0.8333333333333334,60,404564025.25,Overlapping,True,Risk On,False,486.7142857142857,10483.89,9717.815,0.21162312885236279,1.370255829488141,True,True,No setup,Neutral,0,Not applicable,No directional setup; confirmation score not applicable.,Wide CPR,Wide Upside Breakout,Confirmed,Wide CPR + close above CPR + trend aligned + participation confirmed,0,0,0,0
2026-09-23,2026-09-23,CM,NSE,STK,13463,INE156C01018,PIONEEREMB,EQ,,,,,PIONEER EMBROIDERIES LTD,22.06,23.4,21.71,22.24,22.35,22.28,,22.24,,,8501,190387.29,118,F1,1,,,,,,Cash Only,Unclassified,False,22.45,22.555,22.345,22.555,22.345,0.21000000000000085,0.9442446043165507,Wide,Bearish,Below CPR,False,False,0.7166666666666667,60,145238.175,Higher,True,Risk On,False,1.1607142857142854,22.4592,23.5763,0.1809230769230777,1.3108625882967755,False,False,No setup,Neutral,0,Not applicable,No directional setup; confirmation score not applicable.,Wide CPR,Wide Downside Breakout,Confirmed,Wide CPR + close below CPR + trend aligned + participation confirmed,0,0,0,0
2026-09-23,2026-09-23,CM,NSE,STK,184,INE822C01015,TCPLPACK,EQ,,,,,TCPL PACKAGING LIMITED,3814.0,4079.1,3814.0,4003.0,3970.0,3833.8,,4002.89,,,13166,52563568.4,3732,F1,1,,,,,,Cash Only,Unclassified,False,3965.366666666667,3946.55,3984.1833333333334,3984.1833333333334,3946.55,37.63333333333321,0.9401282371554637,Wide,Bullish,Above CPR,False,False,0.7666666666666667,60,18358333.55,Higher,True,Risk On,False,165.82857142857148,3675.952,3213.9809999999998,0.22694118998391832,2.863199334342631,True,True,No setup,Neutral,0,Not applicable,No directional setup; confirmation score not applicable.,Wide CPR,Wide Upside Breakout,Confirmed,Wide CPR + close above CPR + trend aligned + participation confirmed,0,0,0,0
2026-09-23,2026-09-23,CM,NSE,STK,765020,INE030C01015,ANSALBU,EQ,,,,,ANSAL BUILDWELL LTD.,97.75,107.5,95.6,100.14,101.14,90.12,,100.18,,,179538,18494062.11,2600,F1,1,,,,,,Cash Only,Unclassified,False,101.08,101.55,100.61,101.55,100.61,0.9399999999999977,0.9386858398242437,Wide,Bearish,Below CPR,False,False,0.46153846153846156,26,73430.14000000001,Higher,True,Risk On,False,8.142857142857144,,,0.11543859649122777,251.8592789010071,False,False,No setup,Neutral,0,Not applicable,No directional setup; confirmation score not applicable.,Wide CPR,Wide Downside Breakout,Confirmed,Wide CPR + close below CPR + trend aligned + participation confirmed,0,0,0,0
2026-09-23,2026-09-23,CM,NSE,STK,8652,INE918N01018,VETO,EQ,,,,,VETO SWITCHGEAR CABLE LTD,141.44,150.0,137.05,145.57,145.9,139.57,,145.58,,,239302,34575477.19,3428,F1,1,,,,,,Cash Only,Unclassified,False,144.20666666666668,143.525,144.88833333333335,144.88833333333335,143.525,1.363333333333344,0.9365482814682585,Wide,Bullish,Above CPR,False,False,0.7333333333333333,60,5096367.965,Higher,True,Risk On,False,8.654285714285715,119.6582,109.6031,0.15753273907780468,6.784336890007117,True,True,No setup,Neutral,0,Not applicable,No directional setup; confirmation score not applicable.,Wide CPR,Wide Upside Breakout,Confirmed,Wide CPR + close above CPR + trend aligned + participation confirmed,0,0,0,0
2026-09-23,2026-09-23,CM,NSE,STK,7553,INE349A01021,NRBBEARING,EQ,,,,,NRB BEARING LIMITED,519.85,548.8,518.1,541.05,539.55,520.5,,541.04,,,1530829,830016458.15,45852,F1,1,,,,,,Cash Only,Unclassified,False,535.9833333333333,533.45,538.5166666666667,538.5166666666667,533.45,5.066666666666606,0.9364507285216905,Wide,Bullish,Above CPR,False,False,0.75,60,154154239.525,Higher,True,Risk On,False,25.589285714285705,459.71100000000007,424.651,0.1979995347755269,5.384324561605014,True,True,No setup,Neutral,0,Not applicable,No directional setup; confirmation score not applicable.,Wide CPR,Wide Upside Breakout,Confirmed,Wide CPR + close above CPR + trend aligned + participation confirmed,0,0,0,0
2026-09-23,2026-09-23,CM,NSE,STK,13414,INE411H01032,RSYSTEMS,EQ,,,,,R SYS INTERNATIONAL LTD,242.04,246.79,239.12,239.6,239.19,239.45,,239.6,,,320943,77518406.46,4814,F1,1,,,,,,Cash Only,Unclassified,False,241.83666666666667,242.95499999999998,240.71833333333336,242.95499999999998,240.71833333333336,2.236666666666622,0.9335002782414951,Wide,Bearish,Below CPR,False,False,0.7833333333333333,60,64036740.985,Overlapping,True,Risk On,False,7.7442857142857155,247.88099999999997,253.7065,0.28881510176473624,1.2105301623353686,False,False,No setup,Neutral,0,Not applicable,No directional setup; confirmation score not applicable.,Wide CPR,Wide Downside Breakout,Confirmed,Wide CPR + close below CPR + trend aligned + participation confirmed,0,0,0,0
2026-09-23,2026-09-23,CM,NSE,STK,764648,INE823B01015,COMPEAU,EQ,,,,,COMPETENT AUTOMOB CO. L,364.0,375.0,364.0,364.4,373.0,364.0,,364.45,,,1049,384228.15,36,F1,1,,,,,,Cash Only,Unclassified,False,367.8,369.5,366.1,369.5,366.1,3.3999999999999773,0.9330406147091047,Wide,Bearish,Below CPR,False,False,0.5925925925925926,27,320400.0,Higher,True,Risk On,False,17.07857142857143,,,0.19907988289418518,1.1992139513108615,False,False,No setup,Neutral,0,Not applicable,No directional setup; confirmation score not applicable.,Wide CPR,Wide Downside Breakout,Confirmed,Wide CPR + close below CPR + trend aligned + participation confirmed,0,0,0,0
2026-09-23,2026-09-23,CM,NSE,STK,757767,INE12NJ01018,SAMBHV,EQ,,,,,SAMBHV STEEL TUBES LTD,152.8,161.0,151.02,158.22,157.59,151.94,,158.23,,,7438082,1167250005.51,65323,F1,1,,,,,,Cash Only,Unclassified,False,156.74666666666667,156.01,157.48333333333335,157.48333333333335,156.01,1.4733333333333576,0.9311928538322322,Wide,Bullish,Above CPR,False,False,0.7166666666666667,60,167268043.91500002,Higher,True,Risk On,False,7.470000000000001,125.9734,118.92450000000001,0.19723337795627274,6.978320414287603,True,True,No setup,Neutral,0,Not applicable,No directional setup; confirmation score not applicable.,Wide CPR,Wide Upside Breakout,Confirmed,Wide CPR + close above CPR + trend aligned + participation confirmed,0,0,0,0
2026-09-23,2026-09-23,CM,NSE,STK,10945,INE668A01016,TMB,EQ,,,,,TAMILNAD MERCA BANK LTD,893.0,931.1,886.0,921.4,922.0,883.75,,921.4,,,237718,216566836.05,15922,F1,1,,,,,,Cash Only,Unclassified,False,912.8333333333334,908.55,917.1166666666668,917.1166666666668,908.55,8.566666666666833,0.9297445915635808,Wide,Bullish,Above CPR,False,False,0.8833333333333333,60,127592870.025,Higher,True,Risk On,False,27.714285714285722,872.422,804.3805,0.30910652920962794,1.6973270999199785,True,True,No setup,Neutral,0,Not applicable,No directional setup; confirmation score not applicable.,Wide CPR,Wide Upside Breakout,Confirmed,Wide CPR + close above CPR + trend aligned + participation confirmed,0,0,0,0
2026-09-23,2026-09-23,CM,NSE,STK,14106,INE718H01014,AUTOIND,EQ,,,,,AUTOLINE INDUSTRIES LTD,84.84,88.8,84.35,87.79,87.53,84.82,,87.78,,,296038,25722587.11,3587,F1,1,,,,,,Cash Only,Unclassified,False,86.98,86.57499999999999,87.38500000000002,87.38500000000002,86.57499999999999,0.8100000000000307,0.9226563389908083,Wide,Bullish,Above CPR,False,False,0.55,60,11689059.375,Higher,True,Risk On,False,5.026428571428572,77.7998,73.6671,0.161148216569567,2.200569462844396,True,True,No setup,Neutral,0,Not applicable,No directional setup; confirmation score not applicable.,Wide CPR,Wide Upside Breakout,Confirmed,Wide CPR + close above CPR + trend aligned + participation confirmed,0,0,0,0
2026-09-23,2026-09-23,CM,NSE,STK,3389,INE204E01012,AGARIND,EQ,,,,,AGARWAL INDS CORP LTD.,404.1,425.0,403.4,408.65,410.0,405.8,,408.64,,,86387,35569785.1,3928,F1,1,,,,,,Cash Only,Unclassified,False,412.34999999999997,414.2,410.49999999999994,414.2,410.49999999999994,3.7000000000000455,0.9054202863085882,Wide,Bearish,Below CPR,False,False,0.8166666666666667,60,16682517.799999999,Higher,True,Risk On,False,14.924999999999992,474.81100000000004,477.7325,0.24790619765494457,2.1321592775402287,False,False,No setup,Neutral,0,Not applicable,No directional setup; confirmation score not applicable.,Wide CPR,Wide Downside Breakout,Confirmed,Wide CPR + close below CPR + trend aligned + participation confirmed,0,0,0,0
2026-09-23,2026-09-23,CM,NSE,STK,7411,INE00S901012,NILASPACES,EQ,,,,,NILA SPACES LIMITED,12.27,12.27,11.67,11.81,11.86,12.02,,11.81,,,1683147,19940426.78,3221,F1,1,,,,,,Cash Only,Unclassified,False,11.916666666666666,11.969999999999999,11.863333333333333,11.969999999999999,11.863333333333333,0.10666666666666558,0.9031893875246872,Wide,Bearish,Below CPR,False,False,0.7,60,6492418.390000001,Lower,True,Risk On,False,0.6385714285714285,12.3096,12.649700000000001,0.16703952274421904,3.071340382300901,False,False,No setup,Neutral,0,Not applicable,No directional setup; confirmation score not applicable.,Wide CPR,Wide Downside Breakout,Confirmed,Wide CPR + close below CPR + trend aligned + participation confirmed,0,0,0,0
2026-09-23,2026-09-23,CM,NSE,STK,17778,INE0NN701020,ATL,EQ,,,,,ALLCARGO TERMINALS LTD,25.0,26.3,24.86,25.93,26.05,24.35,,25.93,,,796192,20414114.77,5172,F1,1,,,,,,Cash Only,Unclassified,False,25.69666666666667,25.58,25.81333333333334,25.81333333333334,25.58,0.2333333333333414,0.8998585936496004,Wide,Bullish,Above CPR,False,False,0.6833333333333333,60,3400641.8600000003,Higher,True,Risk On,False,1.1671428571428566,24.413799999999995,24.5121,0.19991840065280178,6.003018139052137,True,True,No setup,Neutral,0,Not applicable,No directional setup; confirmation score not applicable.,Wide CPR,Wide Upside Breakout,Confirmed,Wide CPR + close above CPR + trend aligned + participation confirmed,0,0,0,0
2026-09-23,2026-09-23,CM,NSE,STK,28714,INE454P01035,TRANSRAILL,EQ,,,,,TRANSRAIL LIGHTING LTD,478.0,496.0,468.65,488.9,491.5,477.15,,488.88,,,10396978,5035332361.15,171198,F1,1,,,,,,Cash Only,Unclassified,False,484.51666666666665,482.325,486.7083333333333,486.7083333333333,482.325,4.383333333333326,0.8965705324878965,Wide,Bullish,Above CPR,False,False,0.9,60,149802543.60000002,Higher,True,Risk On,False,16.65357142857143,461.79400000000004,486.925,0.2632068053470579,33.613129925185056,True,True,No setup,Neutral,0,Not applicable,No directional setup; confirmation score not applicable.,Wide CPR,Wide Upside Breakout,Confirmed,Wide CPR + close above CPR + trend aligned + participation confirmed,0,0,0,0
2026-09-23,2026-09-23,CM,NSE,STK,5585,INE043W01024,VIJAYA,EQ,,,,,VIJAYA DIAGNOSTIC CEN LTD,1510.0,1593.6,1505.7,1570.7,1580.0,1516.0,,1570.64,,,209302,327142395.5,24150,F1,1,,,,,,Cash Only,Healthcare,True,1556.6666666666667,1549.65,1563.6833333333334,1563.6833333333334,1549.65,14.033333333333303,0.8934445364062713,Wide,Bullish,Above CPR,False,False,0.75,60,198645011.75,Higher,True,Risk On,False,59.14285714285716,1442.61,1372.694,0.23727858293075627,1.6468694210741992,True,True,No setup,Neutral,0,Not applicable,No directional setup; confirmation score not applicable.,Wide CPR,Wide Upside Breakout,Confirmed,Wide CPR + close above CPR + trend aligned + participation confirmed,0,0,0,0
2026-09-23,2026-09-23,CM,NSE,STK,4953,INE737B01033,ADROITINFO,EQ,,,,,ADROIT INFOTECH LIMITED,12.54,14.29,12.41,13.53,13.51,12.17,,13.54,,,428270,5744035.68,1521,F1,1,,,,,,Cash Only,Unclassified,False,13.409999999999998,13.35,13.469999999999997,13.469999999999997,13.35,0.11999999999999744,0.8869179600886729,Wide,Bullish,Above CPR,False,False,0.6666666666666666,60,217846.33000000002,Higher,True,Risk On,False,0.8549999999999998,10.1802,9.696800000000001,0.1403508771929795,26.367374102653,True,True,No setup,Neutral,0,Not applicable,No directional setup; confirmation score not applicable.,Wide CPR,Wide Upside Breakout,Confirmed,Wide CPR + close above CPR + trend aligned + participation confirmed,0,0,0,0
2026-09-23,2026-09-23,CM,NSE,STK,17738,INE0JO301016,YATHARTH,EQ,,,,,YATHARTH HOSP & TRA C S L,1132.0,1170.0,1123.9,1162.2,1164.0,1129.1,,1162.19,,,551293,633022601.4,31501,F1,1,,,,,,Cash Only,Unclassified,False,1152.0333333333335,1146.95,1157.116666666667,1157.116666666667,1146.95,10.16666666666697,0.8747777204153304,Wide,Bullish,Above CPR,False,False,0.85,60,219601130.89999998,Higher,True,Risk On,False,44.33571428571428,918.3229999999999,875.1934999999999,0.22931099296493893,2.8826017370933315,True,True,No setup,Neutral,0,Not applicable,No directional setup; confirmation score not applicable.,Wide CPR,Wide Upside Breakout,Confirmed,Wide CPR + close above CPR + trend aligned + participation confirmed,0,0,0,0
2026-09-23,2026-09-23,CM,NSE,STK,762628,INE819A01049,COMFINTE,EQ,,,,,COMFORT INTECH LTD.,5.85,5.9,5.71,5.73,5.75,5.8,,5.73,,,150694,868826.08,412,F1,1,,,,,,Cash Only,Unclassified,False,5.78,5.805,5.755000000000001,5.805,5.755000000000001,0.049999999999998934,0.8726003490401208,Wide,Bearish,Below CPR,False,False,0.6166666666666667,60,821052.375,Outside,True,Risk On,False,0.25357142857142856,6.099599999999999,6.2578000000000005,0.1971830985915451,1.0581859409395167,False,False,No setup,Neutral,0,Not applicable,No directional setup; confirmation score not applicable.,Wide CPR,Wide Downside Breakout,Confirmed,Wide CPR + close below CPR + trend aligned + participation confirmed,0,0,0,0
2026-09-23,2026-09-23,CM,NSE,STK,758563,INE236E01022,ELLEN,EQ,,,,,ELLENBARRIE INDUS GASES L,359.6,375.9,357.0,371.3,370.0,357.1,,371.28,,,714065,263106386.65,20262,F1,1,,,,,,Cash Only,Unclassified,False,368.06666666666666,366.45,369.68333333333334,369.68333333333334,366.45,3.2333333333333485,0.8708142562168996,Wide,Bullish,Above CPR,False,False,0.5833333333333334,60,125577596.775,Higher,True,Risk On,False,23.196428571428573,316.58099999999996,294.72,0.1393892738003599,2.095169786704974,True,True,No setup,Neutral,0,Not applicable,No directional setup; confirmation score not applicable.,Wide CPR,Wide Upside Breakout,Confirmed,Wide CPR + close above CPR + trend aligned + participation confirmed,0,0,0,0
2026-09-23,2026-09-23,CM,NSE,STK,23066,INE0L9R01028,GOPAL,EQ,,,,,GOPAL SNACKS LIMITED,260.0,274.75,257.0,262.45,260.95,258.35,,262.46,,,345990,91152762.6,18177,F1,1,,,,,,Cash Only,Unclassified,False,264.73333333333335,265.875,263.5916666666667,265.875,263.5916666666667,2.283333333333303,0.870006985457536,Wide,Bearish,Below CPR,False,False,0.9333333333333333,60,32345678.725,Higher,True,Risk On,False,6.957142857142854,268.24699999999996,278.63349999999997,0.32819986310745647,2.818081616866736,False,False,No setup,Neutral,0,Not applicable,No directional setup; confirmation score not applicable.,Wide CPR,Wide Downside Breakout,Confirmed,Wide CPR + close below CPR + trend aligned + participation confirmed,0,0,0,0
2026-09-23,2026-09-23,CM,NSE,STK,28879,INE0V7W01012,CARRARO,EQ,,,,,CARRARO INDIA LIMITED,543.0,556.9,538.0,554.6,554.0,542.3,,554.63,,,156054,85874165.35,8784,F1,1,,,,,,Cash Only,Unclassified,False,549.8333333333334,547.45,552.2166666666667,552.2166666666667,547.45,4.7666666666666515,0.8594783026806078,Wide,Bullish,Above CPR,False,False,0.9333333333333333,60,56241800.1,Higher,True,Risk On,False,17.467857142857152,535.03,544.7,0.2728821645198654,1.5268744100884493,True,True,No setup,Neutral,0,Not applicable,No directional setup; confirmation score not applicable.,Wide CPR,Wide Upside Breakout,Confirmed,Wide CPR + close above CPR + trend aligned + participation confirmed,0,0,0,0
2026-09-23,2026-09-23,CM,NSE,STK,19525,INE886A01014,IITL,EQ,,,,,INDUSTRIAL INV TRUST LTD,144.24,145.9,138.48,140.39,139.0,143.4,,140.4,,,122009,17545346.38,2635,F1,1,,,,,,Cash Only,Unclassified,False,141.59,142.19,140.99,142.19,140.99,1.1999999999999886,0.8547617351663144,Wide,Bearish,Below CPR,False,False,0.5833333333333334,60,14092249.165,Lower,True,Risk On,False,9.337142857142862,143.758,144.3253,0.12851897184822395,1.2450352086859373,False,False,No setup,Neutral,0,Not applicable,No directional setup; confirmation score not applicable.,Wide CPR,Wide Downside Breakout,Confirmed,Wide CPR + close below CPR + trend aligned + participation confirmed,0,0,0,0
2026-09-23,2026-09-23,CM,NSE,STK,17507,INE452L01012,INCREDIBLE,EQ,,,,,INCREDIBLE INDUSTRIES LTD,32.51,33.18,31.8,32.08,32.08,32.51,,31.93,,,3898,125885.24,86,F1,1,,,,,,Cash Only,Unclassified,False,32.35333333333333,32.49,32.21666666666666,32.49,32.21666666666666,0.27333333333334053,0.8520365752286176,Wide,Bearish,Below CPR,False,False,0.5166666666666667,60,119547.44,Lower,True,Risk On,False,1.7535714285714283,32.7966,33.7134,0.15587236931432863,1.0530149369990691,False,False,No setup,Neutral,0,Not applicable,No directional setup; confirmation score not applicable.,Wide CPR,Wide Downside Breakout,Confirmed,Wide CPR + close below CPR + trend aligned + participation confirmed,0,0,0,0
2026-09-23,2026-09-23,CM,NSE,STK,761688,INE861D01011,SAHLIBHFI,EQ,,,,,SHALIBHADRA FINANCE LTD,78.5,78.5,75.5,76.03,76.99,77.36,,76.0,,,29319,2242658.55,631,F1,1,,,,,,Cash Only,Unclassified,False,76.67666666666666,77.0,76.35333333333332,77.0,76.35333333333332,0.6466666666666754,0.8505414529352563,Wide,Bearish,Below CPR,False,False,0.5666666666666667,60,827019.345,Overlapping,True,Risk On,False,4.541428571428571,78.1898,77.482,0.14239278599140384,2.711736507203468,False,False,No setup,Neutral,0,Not applicable,No directional setup; confirmation score not applicable.,Wide CPR,Wide Downside Breakout,Confirmed,Wide CPR + close below CPR + trend aligned + participation confirmed,0,0,0,0
2026-09-23,2026-09-23,CM,NSE,STK,757919,INE16SF01016,BORANA,EQ,,,,,BORANA WEAVES LIMITED,298.0,304.95,293.55,295.5,298.0,292.4,,295.51,,,32247,9635140.9,505,F1,1,,,,,,Cash Only,Unclassified,False,298.0,299.25,296.75,299.25,296.75,2.5,0.8460236886632826,Wide,Bearish,Below CPR,False,False,0.7333333333333333,60,6732206.875,Higher,True,Risk On,False,13.824999999999992,316.732,318.8075,0.18083182640144677,1.431200953699154,False,False,No setup,Neutral,0,Not applicable,No directional setup; confirmation score not applicable.,Wide CPR,Wide Downside Breakout,Confirmed,Wide CPR + close below CPR + trend aligned + participation confirmed,0,0,0,0
2026-09-23,2026-09-23,CM,NSE,STK,2289,INE461D01028,HLEGLAS,EQ,,,,,HLE GLASCOAT LIMITED,433.0,459.95,422.45,446.85,447.0,445.75,,446.79,,,611311,268054531.75,18899,F1,1,,,,,,Cash Only,Unclassified,False,443.0833333333333,441.2,444.96666666666664,444.96666666666664,441.2,3.7666666666666515,0.8429376002387046,Wide,Bullish,Above CPR,False,False,0.6333333333333333,60,88902602.85,Lower,True,Risk On,False,29.99642857142857,382.47299999999996,372.605,0.1255705044251295,3.015148298889204,True,True,No setup,Neutral,0,Not applicable,No directional setup; confirmation score not applicable.,Wide CPR,Wide Upside Breakout,Confirmed,Wide CPR + close above CPR + trend aligned + participation confirmed,0,0,0,0
2026-09-23,2026-09-23,CM,NSE,STK,14871,INE0N0Y01013,USK,EQ,,,,,UDAYSHIVAKUMAR INFRA LTD,19.97,20.5,19.7,19.85,19.8,19.97,,19.85,,,26310,525109.13,1857,F1,1,,,,,,Cash Only,Unclassified,False,20.01666666666667,20.1,19.933333333333337,20.1,19.933333333333337,0.1666666666666643,0.8396305625524649,Wide,Bearish,Below CPR,False,False,0.7,60,374089.17500000005,Outside,True,Risk On,False,0.9835714285714283,21.4582,22.8574,0.1694504962478795,1.40370041448005,False,False,No setup,Neutral,0,Not applicable,No directional setup; confirmation score not applicable.,Wide CPR,Wide Downside Breakout,Confirmed,Wide CPR + close below CPR + trend aligned + participation confirmed,0,0,0,0
2026-09-23,2026-09-23,CM,NSE,STK,24231,INE239D01028,OMINFRAL,EQ,,,,,OM INFRA LIMITED,80.58,81.4,77.25,78.34,78.89,78.93,,78.36,,,99989,7925395.12,1527,F1,1,,,,,,Cash Only,Unclassified,False,78.99666666666667,79.325,78.66833333333334,79.325,78.66833333333334,0.6566666666666663,0.8382265339120071,Wide,Bearish,Below CPR,False,False,0.8166666666666667,60,5672986.5,Overlapping,True,Risk On,False,3.4628571428571413,84.92660000000002,86.6191,0.1896314631463146,1.3970410682274672,False,False,No setup,Neutral,0,Not applicable,No directional setup; confirmation score not applicable.,Wide CPR,Wide Downside Breakout,Confirmed,Wide CPR + close below CPR + trend aligned + participation confirmed,0,0,0,0
2026-09-23,2026-09-23,CM,NSE,STK,5200,INE266D01021,GRAUWEIL,EQ,,,,,GRAUER & WEIL IND LTD,83.48,87.6,82.6,86.18,86.1,83.24,,86.19,,,1342329,115398825.39,13985,F1,1,,,,,,Cash Only,Unclassified,False,85.46,85.1,85.82,85.82,85.1,0.7199999999999989,0.8354606637270815,Wide,Bullish,Above CPR,False,False,0.6666666666666666,60,22085131.725,Higher,True,Risk On,False,4.132857142857143,73.042,73.0393,0.17421361908053898,5.225181666422684,True,True,No setup,Neutral,0,Not applicable,No directional setup; confirmation score not applicable.,Wide CPR,Wide Upside Breakout,Confirmed,Wide CPR + close above CPR + trend aligned + participation confirmed,0,0,0,0
2026-09-23,2026-09-23,CM,NSE,STK,29439,INE822E01011,SUPREME,EQ,,,,,SUPREME HOLDIN N HOSP I L,32.6,33.53,31.21,31.97,32.47,32.19,,32.04,,,71938,2358293.07,443,F1,1,,,,,,Cash Only,Unclassified,False,32.23666666666667,32.370000000000005,32.10333333333334,32.370000000000005,32.10333333333334,0.2666666666666657,0.8341153164424954,Wide,Bearish,Below CPR,False,False,0.5833333333333334,60,870448.56,Overlapping,True,Risk On,False,2.25857142857143,40.4258,44.1937,0.1180687328694914,2.709284819771544,False,False,No setup,Neutral,0,Not applicable,No directional setup; confirmation score not applicable.,Wide CPR,Wide Downside Breakout,Confirmed,Wide CPR + close below CPR + trend aligned + participation confirmed,0,0,0,0
2026-09-23,2026-09-23,CM,NSE,STK,764890,INE011D01013,SHERVANI,EQ,,,,,SHERVANI INDUSTRIAL SYN L,340.0,340.0,308.1,320.1,320.1,343.0,,320.1,,,389,124422.65,30,F1,1,,,,,,Cash Only,Unclassified,False,322.73333333333335,324.05,321.4166666666667,324.05,321.4166666666667,2.6333333333333258,0.822659585546181,Wide,Bearish,Below CPR,False,False,0.32,25,24655.75,Lower,True,Risk On,False,21.996428571428567,,,0.11971640417816713,5.046394857183415,False,False,No setup,Neutral,0,Not applicable,No directional setup; confirmation score not applicable.,Wide CPR,Wide Downside Breakout,Confirmed,Wide CPR + close below CPR + trend aligned + participation confirmed,0,0,0,0
2026-09-23,2026-09-23,CM,NSE,STK,24067,INE0HV901016,IXIGO,EQ,,,,,LE TRAVENUES TECHNOLOGY L,163.25,169.4,162.44,163.9,164.0,163.28,,163.9,,,2055136,337875403.46,42380,F1,1,,,,,,Cash Only,Unclassified,False,165.24666666666667,165.92000000000002,164.57333333333332,165.92000000000002,164.57333333333332,1.3466666666666924,0.8216392109009716,Wide,Bearish,Below CPR,False,False,0.7,60,171965987.755,Higher,True,Risk On,False,6.454999999999998,177.13080000000002,178.0187,0.20862380583527387,1.9647804072824633,False,False,No setup,Neutral,0,Not applicable,No directional setup; confirmation score not applicable.,Wide CPR,Wide Downside Breakout,Confirmed,Wide CPR + close below CPR + trend aligned + participation confirmed,0,0,0,0
2026-09-23,2026-09-23,CM,NSE,STK,2320,INE103C01036,SMCGLOBAL,EQ,,,,,SMC GLOBAL SECURITIES LTD,82.43,89.8,82.35,87.14,87.0,82.43,,87.15,,,2330867,203268469.57,20311,F1,1,,,,,,Cash Only,Unclassified,False,86.42999999999999,86.07499999999999,86.785,86.785,86.07499999999999,0.710000000000008,0.8147808124856644,Wide,Bullish,Above CPR,False,False,0.8333333333333334,60,37934050.86,Higher,True,Risk On,False,4.242142857142858,80.6574,74.02550000000001,0.1673682438120914,5.358469896088498,True,True,No setup,Neutral,0,Not applicable,No directional setup; confirmation score not applicable.,Wide CPR,Wide Upside Breakout,Confirmed,Wide CPR + close above CPR + trend aligned + participation confirmed,0,0,0,0
2026-09-23,2026-09-23,CM,NSE,STK,764860,INE137M01017,SAB,EQ,,,,,S A B INDUSTRIES LTD.,174.15,174.15,170.0,170.0,170.0,174.15,,170.0,,,2001,340174.15,3,F1,1,,,,,,Cash Only,Unclassified,False,171.38333333333333,172.075,170.69166666666666,172.075,170.69166666666666,1.3833333333333258,0.8137254901960741,Wide,Bearish,Below CPR,False,False,0.6666666666666666,21,11410.75,Overlapping,True,Risk On,False,5.090714285714286,,,0.2717365885599349,29.811725784895824,False,False,No setup,Neutral,0,Not applicable,No directional setup; confirmation score not applicable.,Wide CPR,Wide Downside Breakout,Confirmed,Wide CPR + close below CPR + trend aligned + participation confirmed,0,0,0,0
2026-09-23,2026-09-23,CM,NSE,STK,23512,INE555Z01020,TARACHAND,EQ,,,,,TARA CHAND INFRA SOLN LTD,47.9,47.9,45.16,45.97,46.25,47.08,,45.97,,,78744,3654829.95,731,F1,1,,,,,,Cash Only,Unclassified,False,46.343333333333334,46.53,46.156666666666666,46.53,46.156666666666666,0.37333333333333485,0.8121238488869587,Wide,Bearish,Below CPR,False,False,0.8666666666666667,60,3130942.685,Lower,True,Risk On,False,1.6571428571428584,50.4554,53.97729999999999,0.22528735632183983,1.1673257282894018,False,False,No setup,Neutral,0,Not applicable,No directional setup; confirmation score not applicable.,Wide CPR,Wide Downside Breakout,Confirmed,Wide CPR + close below CPR + trend aligned + participation confirmed,0,0,0,0
2026-09-23,2026-09-23,CM,NSE,STK,760234,INE947N01017,AEQUS,EQ,,,,,AEQUS LIMITED,243.5,245.8,236.17,243.94,243.2,242.87,,243.94,,,3564314,865748010.1,53590,F1,1,,,,,,Cash Only,Unclassified,False,241.97000000000003,240.985,242.95500000000004,242.95500000000004,240.985,1.9700000000000273,0.807575633352475,Wide,Bullish,Above CPR,False,False,0.65,60,602566019.0,Overlapping,True,Risk On,False,9.447142857142854,239.4814,224.42870000000002,0.20852865567821255,1.4367687237603752,True,True,No setup,Neutral,0,Not applicable,No directional setup; confirmation score not applicable.,Wide CPR,Wide Upside Breakout,Confirmed,Wide CPR + close above CPR + trend aligned + participation confirmed,0,0,0,0
2026-09-23,2026-09-23,CM,NSE,STK,758958,INE1VXE01018,STLNETWORK,EQ,,,,,STL NETWORKS LIMITED,49.65,49.7,48.5,49.7,49.7,47.34,,49.7,,,3086717,153054015.65,2131,F1,1,,,,,,Cash Only,Unclassified,False,49.300000000000004,49.1,49.50000000000001,49.50000000000001,49.1,0.4000000000000057,0.8048289738430697,Wide,Bullish,Above CPR,False,False,0.48333333333333334,60,90645985.565,Higher,True,Risk On,False,2.137857142857144,30.2428,25.2755,0.18710324089542524,1.688480903991592,True,True,No setup,Neutral,0,Not applicable,No directional setup; confirmation score not applicable.,Wide CPR,Wide Upside Breakout,Confirmed,Wide CPR + close above CPR + trend aligned + participation confirmed,0,0,0,0
2026-09-23,2026-09-23,CM,NSE,STK,15017,INE215I01027,MAANALU,EQ,,,,,MAAN ALUMINIUM LIMITED,105.0,108.45,101.9,103.93,103.9,104.81,,103.93,,,177522,18551068.18,2258,F1,1,,,,,,Cash Only,Unclassified,False,104.76,105.17500000000001,104.345,105.17500000000001,104.345,0.8300000000000125,0.7986144520350356,Wide,Bearish,Below CPR,False,False,0.6,60,5695840.23,Overlapping,True,Risk On,False,5.035000000000001,116.81,124.3932,0.1648460774577979,3.2569502357688145,False,False,No setup,Neutral,0,Not applicable,No directional setup; confirmation score not applicable.,Wide CPR,Wide Downside Breakout,Confirmed,Wide CPR + close below CPR + trend aligned + participation confirmed,0,0,0,0
2026-09-23,2026-09-23,CM,NSE,STK,18608,INE07K301024,ZAGGLE,EQ,,,,,ZAGGLE PREPA OCEAN SER L,180.87,185.02,178.97,179.86,179.2,179.95,,179.86,,,907401,164560005.04,11610,F1,1,,,,,,Cash Only,Unclassified,False,181.28333333333333,181.995,180.57166666666666,181.995,180.57166666666666,1.4233333333333462,0.7913562400385555,Wide,Bearish,Below CPR,False,False,0.7666666666666667,60,142767562.49,Overlapping,True,Risk On,False,6.468571428571424,193.2648,205.2089,0.2200382803298019,1.152642814445518,False,False,No setup,Neutral,0,Not applicable,No directional setup; confirmation score not applicable.,Wide CPR,Wide Downside Breakout,Confirmed,Wide CPR + close below CPR + trend aligned + participation confirmed,0,0,0,0
2026-09-23,2026-09-23,CM,NSE,STK,1053,INE516A01017,UFLEX,EQ,,,,,UFLEX LIMITED,651.4,675.0,650.0,670.45,672.8,648.15,,670.46,,,150879,100762063.9,5920,F1,1,,,,,,Cash Only,Unclassified,False,665.15,662.5,667.8,667.8,662.5,5.2999999999999545,0.7905138339920881,Wide,Bullish,Above CPR,False,False,0.7833333333333333,60,64352636.150000006,Higher,True,Risk On,False,26.90000000000001,567.766,496.51700000000005,0.19702602230483096,1.5657798954052637,True,True,No setup,Neutral,0,Not applicable,No directional setup; confirmation score not applicable.,Wide CPR,Wide Upside Breakout,Confirmed,Wide CPR + close above CPR + trend aligned + participation confirmed,0,0,0,0
2026-09-23,2026-09-23,CM,NSE,STK,193,INE034A01011,ARVIND,EQ,,,,,ARVIND LIMITED,533.55,550.5,533.0,548.25,545.05,533.55,,548.25,,,639484,348678699.35,30555,F1,1,,,,,,Cash Only,Unclassified,False,543.9166666666666,541.75,546.0833333333333,546.0833333333333,541.75,4.3333333333332575,0.7903936768505714,Wide,Bullish,Above CPR,False,False,0.6166666666666667,60,335573069.725,Higher,True,Risk On,False,23.535714285714285,543.991,520.0565,0.18411734951947073,1.0390544736970102,True,True,No setup,Neutral,0,Not applicable,No directional setup; confirmation score not applicable.,Wide CPR,Wide Upside Breakout,Confirmed,Wide CPR + close above CPR + trend aligned + participation confirmed,0,0,0,0
2026-09-23,2026-09-23,CM,NSE,STK,18086,INE917M01012,DBL,EQ,,,,,DILIP BUILDCON LIMITED,424.0,424.4,412.45,413.55,413.0,423.1,,413.55,,,149163,62212998.95,5382,F1,1,,,,,,Cash Only,Unclassified,False,416.79999999999995,418.42499999999995,415.17499999999995,418.42499999999995,415.17499999999995,3.25,0.7858783702091645,Wide,Bearish,Below CPR,False,False,0.8,60,47071669.5,Lower,True,Risk On,False,14.31071428571428,416.37100000000004,428.9275,0.22710257050162225,1.3216654435849147,False,False,No setup,Neutral,0,Not applicable,No directional setup; confirmation score not applicable.,Wide CPR,Wide Downside Breakout,Confirmed,Wide CPR + close below CPR + trend aligned + participation confirmed,0,0,0,0
2026-09-23,2026-09-23,CM,NSE,STK,4598,INE978A01027,HERITGFOOD,EQ,,,,,HERITAGE FOODS LTD,414.4,427.0,411.15,424.05,426.0,414.7,,424.04,,,338968,142041735.25,9408,F1,1,,,,,,Cash Only,Unclassified,False,420.73333333333335,419.075,422.3916666666667,422.3916666666667,419.075,3.3166666666667197,0.7821404708564366,Wide,Bullish,Above CPR,False,False,0.7833333333333333,60,100977254.775,Overlapping,True,Risk On,False,17.528571428571418,365.53700000000003,348.98400000000004,0.18921488725890018,1.4066705969230484,True,True,No setup,Neutral,0,Not applicable,No directional setup; confirmation score not applicable.,Wide CPR,Wide Upside Breakout,Confirmed,Wide CPR + close above CPR + trend aligned + participation confirmed,0,0,0,0
2026-09-23,2026-09-23,CM,NSE,STK,19015,INE0KNT01012,MVGJL,EQ,,,,,MANOJ VAIBHAV GEM N JEW L,213.26,225.0,212.4,221.29,221.5,213.26,,221.28,,,764238,167356800.74,16638,F1,1,,,,,,Cash Only,Unclassified,False,219.5633333333333,218.7,220.42666666666662,220.42666666666662,218.7,1.726666666666631,0.7802732462680786,Wide,Bullish,Above CPR,False,False,0.5666666666666667,60,13835674.99,Higher,True,Risk On,False,17.83714285714286,172.6236,164.2078,0.09680175129478147,12.096034408220802,True,True,No setup,Neutral,0,Not applicable,No directional setup; confirmation score not applicable.,Wide CPR,Wide Upside Breakout,Confirmed,Wide CPR + close above CPR + trend aligned + participation confirmed,0,0,0,0
2026-09-23,2026-09-23,CM,NSE,STK,11809,INE530B01024,IIFL,EQ,,,,,IIFL FINANCE LIMITED,616.75,638.25,613.6,633.3,638.25,617.55,,633.27,,,3608407,2279127393.25,66633,F1,1,,,,,,Cash Only,Financial Services,True,628.3833333333333,625.925,630.8416666666667,630.8416666666667,625.925,4.9166666666667425,0.7763566503500304,Wide,Bullish,Above CPR,False,False,0.7833333333333333,60,1151974355.125,Higher,True,Risk On,False,24.671428571428578,613.919,555.2685,0.1992858521520972,1.9784532382256836,True,True,No setup,Neutral,0,Not applicable,No directional setup; confirmation score not applicable.,Wide CPR,Wide Upside Breakout,Confirmed,Wide CPR + close above CPR + trend aligned + participation confirmed,0,0,0,0
2026-09-23,2026-09-23,CM,NSE,STK,2241,INE794W01014,MODTHREAD,EQ,,,,,MODERN THREADS INDIA LTD,46.1,47.9,45.0,45.92,45.5,46.37,,45.92,,,17661,806450.24,194,F1,1,,,,,,Cash Only,Unclassified,False,46.27333333333333,46.45,46.096666666666664,46.45,46.096666666666664,0.35333333333333883,0.7694541231126717,Wide,Bearish,Below CPR,False,False,0.45,60,91972.805,Outside,True,Risk On,False,3.0714285714285716,50.45,48.1836,0.11503875968992426,8.768355385051049,False,False,No setup,Neutral,0,Not applicable,No directional setup; confirmation score not applicable.,Wide CPR,Wide Downside Breakout,Confirmed,Wide CPR + close below CPR + trend aligned + participation confirmed,0,0,0,0
2026-09-23,2026-09-23,CM,NSE,STK,29590,INE03CC01015,JUBLCPL,EQ,,,,,JUBILANT AGRI N CON PRO L,2119.7,2244.6,2109.7,2202.4,2188.0,2099.1,,2202.44,,,24809,54551672.8,2903,F1,1,,,,,,Cash Only,Unclassified,False,2185.566666666666,2177.1499999999996,2193.9833333333327,2193.9833333333327,2177.1499999999996,16.83333333333303,0.7643177140089461,Wide,Bullish,Above CPR,False,False,0.4666666666666667,60,10588400.45,Higher,True,Risk On,False,99.08571428571432,2059.01,1970.7219999999998,0.1698865820838108,5.152022069584646,True,True,No setup,Neutral,0,Not applicable,No directional setup; confirmation score not applicable.,Wide CPR,Wide Upside Breakout,Confirmed,Wide CPR + close above CPR + trend aligned + participation confirmed,0,0,0,0
2026-09-23,2026-09-23,CM,NSE,STK,14937,INE536H01010,CIEINDIA,EQ,,,,,CIE AUTOMOTIVE INDIA LTD,392.6,394.65,382.55,384.2,384.35,390.6,,384.18,,,676768,261435820.75,26123,F1,1,,,,,,Cash Only,Automobile and Auto Components,True,387.1333333333334,388.6,385.66666666666674,388.6,385.66666666666674,2.9333333333332803,0.763491237202832,Wide,Bearish,Below CPR,False,False,0.9,60,101502859.8,Lower,True,Risk On,False,9.285714285714286,407.63699999999994,434.101,0.31589743589743013,2.5756498020364154,False,False,No setup,Neutral,0,Not applicable,No directional setup; confirmation score not applicable.,Wide CPR,Wide Downside Breakout,Confirmed,Wide CPR + close below CPR + trend aligned + participation confirmed,0,0,0,0
2026-09-23,2026-09-23,CM,NSE,STK,11275,INE038F01029,TVTODAY,EQ,,,,,TV TODAY NETWORK LTD,109.85,110.7,107.15,107.7,107.15,107.67,,107.72,,,57092,6166916.1,584,F1,1,,,,,,Cash Only,Unclassified,False,108.51666666666667,108.92500000000001,108.10833333333332,108.92500000000001,108.10833333333332,0.8166666666666913,0.7582791705354608,Wide,Bearish,Below CPR,False,False,0.8166666666666667,60,3510382.84,Overlapping,True,Risk On,False,3.674285714285712,113.73360000000001,114.63789999999999,0.2222654224987108,1.7567645413854631,False,False,No setup,Neutral,0,Not applicable,No directional setup; confirmation score not applicable.,Wide CPR,Wide Downside Breakout,Confirmed,Wide CPR + close below CPR + trend aligned + participation confirmed,0,0,0,0
2026-09-23,2026-09-23,CM,NSE,STK,758173,INE0BX301013,PROSTARM,EQ,,,,,PROSTARM INFO SYSTEMS LTD,139.4,141.6,131.42,138.08,138.25,127.84,,138.08,,,1923182,264378636.91,19995,F1,1,,,,,,Cash Only,Unclassified,False,137.03333333333333,136.51,137.55666666666667,137.55666666666667,136.51,1.046666666666681,0.7580146774816635,Wide,Bullish,Above CPR,False,False,0.75,60,19612445.88,Higher,True,Risk On,False,5.846428571428571,132.6802,137.8076,0.1790266748116498,13.480146154519307,True,True,No setup,Neutral,0,Not applicable,No directional setup; confirmation score not applicable.,Wide CPR,Wide Upside Breakout,Confirmed,Wide CPR + close above CPR + trend aligned + participation confirmed,0,0,0,0
2026-09-23,2026-09-23,CM,NSE,STK,766176,INE1EQW01028,SSRETAIL,EQ,,,,,SS RETAIL LIMITED,624.0,748.8,603.05,748.8,748.8,424.0,,763.96,,,45735525,30745720416.6,729664,F1,1,,,,,,Cash Only,Unclassified,False,700.2166666666666,675.925,724.5083333333332,724.5083333333332,675.925,48.58333333333326,6.488158831908822,Wide,Bullish,Above CPR,False,False,1.0,1,30745720416.6,Unknown,False,Risk On,False,,,,,1.0,False,False,No setup,Neutral,0,Not applicable,No directional setup; confirmation score not applicable.,Wide CPR,Wide Upside Watch,Watch,Wide CPR + close above CPR; trend opposes; participation confirmed,0,0,0,0
2026-09-23,2026-09-23,CM,NSE,STK,766171,INE012G01022,HEROMOTORS,EQ,,,,,HERO MOTORS LIMITED,82.0,98.4,80.5,98.4,98.4,84.0,,98.43,,,139842838,12763316744.94,446645,F1,1,,,,,,Cash Only,Unclassified,False,92.43333333333334,89.45,95.41666666666667,95.41666666666667,89.45,5.966666666666669,6.063685636856371,Wide,Bullish,Above CPR,False,False,1.0,1,12763316744.94,Unknown,False,Risk On,False,,,,,1.0,False,False,No setup,Neutral,0,Not applicable,No directional setup; confirmation score not applicable.,Wide CPR,Wide Upside Watch,Watch,Wide CPR + close above CPR; trend opposes; participation confirmed,0,0,0,0
2026-09-23,2026-09-23,CM,NSE,STK,764668,INE0CPR01018,EKI,EQ,,,,,EKI ENERGY SERVICES LTD,69.95,82.54,68.03,82.54,82.54,68.79,,83.01,,,106374,8451752.2,1593,F1,1,,,,,,Cash Only,Unclassified,False,77.70333333333333,75.285,80.12166666666667,80.12166666666667,75.285,4.836666666666673,5.8597851546724895,Wide,Bullish,Above CPR,False,False,1.0,27,887237.83,Higher,True,Risk On,False,4.170714285714289,,,1.1596734600673637,9.525915052562626,False,False,No setup,Neutral,0,Not applicable,No directional setup; confirmation score not applicable.,Wide CPR,Wide Upside Watch,Watch,Wide CPR + close above CPR; trend opposes; participation confirmed,0,0,0,0
2026-09-23,2026-09-23,CM,NSE,STK,15391,INE084Q01012,RACE,EQ,,,,,RACE ECO CHAIN LIMITED,143.97,143.97,122.0,122.91,122.11,119.98,,122.92,,,685875,92232749.95,8038,F1,1,,,,,,Cash Only,Unclassified,False,129.62666666666667,132.985,126.26833333333332,132.985,126.26833333333332,6.716666666666697,5.464703170341467,Wide,Bearish,Below CPR,False,False,0.9833333333333333,60,619108.44,Higher,True,Risk On,False,7.340714285714286,104.28399999999999,108.1438,0.914988161266262,148.97672845487295,True,True,No setup,Neutral,0,Not applicable,No directional setup; confirmation score not applicable.,Wide CPR,Wide Downside Watch,Watch,Wide CPR + close below CPR; trend opposes; participation confirmed,0,0,0,0
2026-09-23,2026-09-23,CM,NSE,STK,19097,INE203Y01012,CRESTO,EQ,,,,,CRESTO TECHNO LIMITED,20.0,20.9,16.17,20.14,20.09,19.21,,20.14,,,270186,5085241.09,1189,F1,1,,,,,,Cash Only,Unclassified,False,19.07,18.535,19.605,19.605,18.535,1.0700000000000003,5.3128103277060585,Wide,Bullish,Above CPR,False,False,1.0,9,421320.13,Overlapping,False,Risk On,False,,,,,12.069779552189923,False,False,No setup,Neutral,0,Not applicable,No directional setup; confirmation score not applicable.,Wide CPR,Wide Upside Watch,Watch,Wide CPR + close above CPR; trend opposes; participation confirmed,0,0,0,0
2026-09-23,2026-09-23,CM,NSE,STK,762685,INE572D01014,FRONTSP,EQ,,,,,FRONTIER SPRINGS LTD.,1175.4,1394.6,1175.4,1394.6,1394.6,1162.2,,1394.6,,,353549,473411651.5,21247,F1,1,,,,,,Cash Only,Unclassified,False,1321.5333333333333,1285.0,1358.0666666666666,1358.0666666666666,1285.0,73.0666666666666,5.239256178593619,Wide,Bullish,Above CPR,False,False,1.0,60,18655721.7,Higher,True,Risk On,False,53.44285714285713,1316.4080000000001,1417.511,1.3671923728058444,25.376217501143362,True,False,No setup,Neutral,0,Not applicable,No directional setup; confirmation score not applicable.,Wide CPR,Wide Upside Watch,Watch,Wide CPR + close above CPR; trend mixed; participation confirmed,0,0,0,0
2026-09-23,2026-09-23,CM,NSE,STK,765558,INE15EH01014,PRIORITY,EQ,,,,,PRIORITY JEWELS LIMITED,224.0,268.2,223.8,263.35,266.5,223.5,,263.32,,,1265732,320887910.47,15632,F1,1,,,,,,Cash Only,Unclassified,False,251.78333333333333,246.0,257.56666666666666,257.56666666666666,246.0,11.566666666666663,4.39212708056452,Wide,Bullish,Above CPR,False,False,1.0,3,89111398.15,Higher,False,Risk On,False,,,,,3.600974927246162,False,False,No setup,Neutral,0,Not applicable,No directional setup; confirmation score not applicable.,Wide CPR,Wide Upside Watch,Watch,Wide CPR + close above CPR; trend opposes; participation confirmed,0,0,0,0
2026-09-23,2026-09-23,CM,NSE,STK,756015,INE345H01024,CIFL,EQ,,,,,CAPITAL INDIA FINANCE LTD,20.65,24.29,20.65,21.34,21.5,21.27,,21.34,,,516089,11092724.59,1994,F1,1,,,,,,Cash Only,Unclassified,False,22.093333333333334,22.47,21.71666666666667,22.47,21.71666666666667,0.7533333333333303,3.530146829115887,Wide,Bearish,Below CPR,False,False,1.0,60,1530922.2349999999,Higher,True,Risk On,False,1.2042857142857148,20.751199999999997,22.906099999999995,0.6255436931593488,7.245779267161797,True,False,No setup,Neutral,0,Not applicable,No directional setup; confirmation score not applicable.,Wide CPR,Wide Downside Watch,Watch,Wide CPR + close below CPR; trend mixed; participation confirmed,0,0,0,0
2026-09-23,2026-09-23,CM,NSE,STK,23365,INE416A01051,AQYLON,EQ,,,,,AQYLON NEXUS LIMITED,20.39,20.74,18.81,18.81,18.81,19.8,,18.81,,,654709,12708203.11,2163,F1,1,,,,,,Cash Only,Unclassified,False,19.453333333333333,19.775,19.131666666666668,19.775,19.131666666666668,0.6433333333333309,3.420166578061302,Wide,Bearish,Below CPR,False,False,0.9833333333333333,60,38135106.435,Outside,True,Risk On,False,1.3742857142857134,24.5016,38.015,0.4681219681219666,0.333241579688802,False,False,No setup,Neutral,0,Not applicable,No directional setup; confirmation score not applicable.,Wide CPR,Wide Downside Watch,Watch,Wide CPR + close below CPR; trend aligned; participation light,0,0,0,0
2026-09-23,2026-09-23,CM,NSE,STK,765005,INE855A01019,WHBRADY,EQ,,,,,W H BRADY & CO. LTD.,462.0,503.6,451.3,502.6,502.8,464.4,,499.72,,,232,113090.2,43,F1,1,,,,,,Cash Only,Unclassified,False,485.8333333333333,477.45000000000005,494.2166666666666,494.2166666666666,477.45000000000005,16.766666666666538,3.335986205066959,Wide,Bullish,Above CPR,False,False,0.9565217391304348,23,15269.5,Higher,True,Risk On,False,24.88571428571429,,,0.6737466513585864,7.40628049379482,False,False,No setup,Neutral,0,Not applicable,No directional setup; confirmation score not applicable.,Wide CPR,Wide Upside Watch,Watch,Wide CPR + close above CPR; trend opposes; participation confirmed,0,0,0,0
2026-09-23,2026-09-23,CM,NSE,STK,759291,INE304W01038,BLUESTONE,EQ,,,,,BLUESTONE JEWEL LFSTL LTD,941.95,969.9,824.0,855.5,850.0,930.4,,855.34,,,9219890,7992198072.9,267836,F1,1,,,,,,Cash Only,Unclassified,False,883.1333333333333,896.95,869.3166666666666,896.95,869.3166666666666,27.63333333333344,3.2300798753165916,Wide,Bearish,Below CPR,False,False,0.9833333333333333,60,804188356.9749999,Lower,True,Risk On,False,57.203571428571415,808.199,663.3125,0.4830700713824914,9.938216592643924,True,True,No setup,Neutral,0,Not applicable,No directional setup; confirmation score not applicable.,Wide CPR,Wide Downside Watch,Watch,Wide CPR + close below CPR; trend opposes; participation confirmed,0,0,0,0
2026-09-23,2026-09-23,CM,NSE,STK,760896,INE0OU201013,DCMSIL,EQ,,,,,DCM SHRIRAM INTERNATNL L,70.78,77.46,70.01,77.46,77.46,70.42,,77.47,,,281648,20906539.75,1393,F1,1,,,,,,Cash Only,Unclassified,False,74.97666666666667,73.735,76.21833333333335,76.21833333333335,73.735,2.4833333333333485,3.205955762113799,Wide,Bullish,Above CPR,False,False,0.8205128205128205,39,7685577.55,Higher,True,Risk On,False,3.9000000000000017,,,0.6367521367521404,2.7202301471800254,False,False,No setup,Neutral,0,Not applicable,No directional setup; confirmation score not applicable.,Wide CPR,Wide Upside Watch,Watch,Wide CPR + close above CPR; trend opposes; participation confirmed,0,0,0,0
2026-09-23,2026-09-23,CM,NSE,STK,764915,INE167H01014,SIMPLXREA,EQ,,,,,SIMPLEX REALTY LTD.,120.15,126.0,114.17,126.0,126.0,120.17,,134.75,,,423,49079.2,11,F1,1,,,,,,Cash Only,Unclassified,False,122.05666666666667,120.08500000000001,124.02833333333334,124.02833333333334,120.08500000000001,3.943333333333328,3.1296296296296253,Wide,Bullish,Above CPR,False,False,0.9583333333333334,24,1316.5900000000001,Overlapping,True,Risk On,False,8.859285714285713,,,0.4451073664973523,37.27751236147927,False,False,No setup,Neutral,0,Not applicable,No directional setup; confirmation score not applicable.,Wide CPR,Wide Upside Watch,Watch,Wide CPR + close above CPR; trend opposes; participation confirmed,0,0,0,0
2026-09-23,2026-09-23,CM,NSE,STK,15649,INE0ALR01029,ATALREAL,EQ,,,,,ATAL REALTECH LIMITED,13.3,14.37,13.01,14.36,14.37,13.07,,14.36,,,8867970,123427340.15,4160,F1,1,,,,,,Cash Only,Unclassified,False,13.913333333333332,13.69,14.136666666666665,14.136666666666665,13.69,0.44666666666666544,3.110492107706584,Wide,Bullish,Above CPR,False,False,0.9166666666666666,60,282425972.53999996,Higher,True,Risk On,False,1.8385714285714283,28.5992,28.824499999999997,0.24294224294224231,0.4370254585297356,False,False,No setup,Neutral,0,Not applicable,No directional setup; confirmation score not applicable.,Wide CPR,Wide Upside Watch,Watch,Wide CPR + close above CPR; trend opposes; participation light,0,0,0,0
2026-09-23,2026-09-23,CM,NSE,STK,13251,INE190H01024,SAKUMA,EQ,,,,,SAKUMA EXPORTS LIMITED,1.53,1.67,1.52,1.67,1.67,1.52,,1.68,,,2655959,4367278.35,1128,F1,1,,,,,,Cash Only,Unclassified,False,1.6199999999999999,1.595,1.6449999999999998,1.6449999999999998,1.595,0.04999999999999982,2.9940119760478936,Wide,Bullish,Above CPR,False,False,0.9,60,1657793.0950000002,Higher,True,Risk On,False,0.06857142857142852,1.679,1.7183,0.7291666666666646,2.63439289448844,False,False,No setup,Neutral,0,Not applicable,No directional setup; confirmation score not applicable.,Wide CPR,Wide Upside Watch,Watch,Wide CPR + close above CPR; trend opposes; participation confirmed,0,0,0,0
2026-09-23,2026-09-23,CM,NSE,STK,762874,INE185C01017,SAPPL,EQ,,,,,SHREE AJIT PULP & PAPER L,298.7,298.7,271.0,273.1,271.45,272.15,,271.45,,,524,148504.0,48,F1,1,,,,,,Cash Only,Unclassified,False,280.93333333333334,284.85,277.01666666666665,284.85,277.01666666666665,7.833333333333371,2.8683022092029917,Wide,Bearish,Below CPR,False,False,0.9666666666666667,60,227735.65000000002,Higher,True,Risk On,False,18.349999999999994,287.445,287.048,0.426884650317895,0.6520893852148313,False,False,No setup,Neutral,0,Not applicable,No directional setup; confirmation score not applicable.,Wide CPR,Wide Downside Watch,Watch,Wide CPR + close below CPR; trend aligned; participation light,0,0,0,0
2026-09-23,2026-09-23,CM,NSE,STK,20852,INE565L01011,ZEELEARN,EQ,,,,,ZEE LEARN LIMITED,6.94,6.99,6.11,6.84,6.82,6.81,,6.84,,,308015,2063146.8,690,F1,1,,,,,,Cash Only,Unclassified,False,6.646666666666667,6.550000000000001,6.743333333333334,6.743333333333334,6.550000000000001,0.19333333333333336,2.8265107212475638,Wide,Bullish,Above CPR,False,False,0.9166666666666666,60,5000767.890000001,Lower,True,Risk On,False,0.682857142857143,5.9428,5.8462,0.2831241283124128,0.4125659989390149,True,True,No setup,Neutral,0,Not applicable,No directional setup; confirmation score not applicable.,Wide CPR,Wide Upside Watch,Watch,Wide CPR + close above CPR; trend aligned; participation light,0,0,0,0
2026-09-23,2026-09-23,CM,NSE,STK,14702,INE123B01028,NAGREEKEXP,EQ,,,,,NAGREEKA EXPORTS LTD.,22.25,25.4,21.0,24.21,25.0,21.66,,24.22,,,97332,2299903.51,610,F1,1,,,,,,Cash Only,Unclassified,False,23.536666666666665,23.2,23.87333333333333,23.87333333333333,23.2,0.673333333333332,2.7812198815916234,Wide,Bullish,Above CPR,False,False,0.9833333333333333,60,284829.33999999997,Higher,True,Risk On,False,1.589285714285714,22.576,24.5369,0.423670411985018,8.074672047479378,True,False,No setup,Neutral,0,Not applicable,No directional setup; confirmation score not applicable.,Wide CPR,Wide Upside Watch,Watch,Wide CPR + close above CPR; trend mixed; participation confirmed,0,0,0,0
2026-09-23,2026-09-23,CM,NSE,STK,8469,INE828O01033,MITCON,EQ,,,,,MITCON CON & ENG SER LTD,80.12,92.84,79.1,82.62,90.99,80.12,,82.62,,,102341,8437427.92,181,F1,1,,,,,,Cash Only,Unclassified,False,84.85333333333334,85.97,83.73666666666668,85.97,83.73666666666668,2.23333333333332,2.7031388687161946,Wide,Bearish,Below CPR,False,False,0.9833333333333333,60,632409.145,Higher,True,Risk On,False,5.352142857142858,79.8044,68.6678,0.4172783486809886,13.341723450251498,True,True,No setup,Neutral,0,Not applicable,No directional setup; confirmation score not applicable.,Wide CPR,Wide Downside Watch,Watch,Wide CPR + close below CPR; trend opposes; participation confirmed,0,0,0,0
2026-09-23,2026-09-23,CM,NSE,STK,14260,INE940H01022,PGIL,EQ,,,,,PEARL GLOBAL IND LIMITED,1195.0,1309.8,1190.0,1300.8,1309.8,1194.9,,1300.77,,,767765,983196204.5,54667,F1,1,,,,,,Cash Only,Unclassified,False,1266.8666666666668,1249.9,1283.8333333333335,1283.8333333333335,1249.9,33.933333333333394,2.60865108651087,Wide,Bullish,Above CPR,False,False,1.0,60,149911744.64999998,Higher,True,Risk On,False,169.96428571428572,2073.396,1908.684,0.19964978636968586,6.558500181526639,False,False,No setup,Neutral,0,Not applicable,No directional setup; confirmation score not applicable.,Wide CPR,Wide Upside Watch,Watch,Wide CPR + close above CPR; trend opposes; participation confirmed,0,0,0,0
2026-09-23,2026-09-23,CM,NSE,STK,13643,INE205B01031,ELECON,EQ,,,,,ELECON ENG. CO. LTD,420.55,476.9,420.1,466.6,466.3,420.55,,466.57,,,30987016,14335672449.95,428425,F1,1,,,,,,Cash Only,Capital Goods,True,454.5333333333333,448.5,460.5666666666666,460.5666666666666,448.5,12.066666666666606,2.5860837262465934,Wide,Bullish,Above CPR,False,False,1.0,60,148682535.9,Higher,True,Risk On,False,16.4,431.83,477.657,0.7357723577235736,96.41799800611284,True,False,No setup,Neutral,0,Not applicable,No directional setup; confirmation score not applicable.,Wide CPR,Wide Upside Watch,Watch,Wide CPR + close above CPR; trend mixed; participation confirmed,0,0,0,0
2026-09-23,2026-09-23,CM,NSE,STK,758680,INE0MHO01029,REGAAL,EQ,,,,,REGAAL RESOURCES LIMITED,100.0,103.0,93.3,94.56,96.01,97.21,,94.56,,,3705161,367492108.01,34190,F1,1,,,,,,Cash Only,Unclassified,False,96.95333333333333,98.15,95.75666666666666,98.15,95.75666666666666,2.393333333333345,2.5310208685843327,Wide,Bearish,Below CPR,False,False,0.9333333333333333,60,31800083.354999997,Higher,True,Risk On,False,4.854285714285717,87.3752,76.69139999999999,0.49303511869727507,11.556325306053589,True,True,No setup,Neutral,0,Not applicable,No directional setup; confirmation score not applicable.,Wide CPR,Wide Downside Watch,Watch,Wide CPR + close below CPR; trend opposes; participation confirmed,0,0,0,0
2026-09-23,2026-09-23,CM,NSE,STK,4130,INE277C01012,REGENCERAM,EQ,,,,,REGENCY CERAMICS LTD.,36.75,36.75,30.4,34.89,35.0,33.3,,34.88,,,5232,176605.79,203,F1,1,,,,,,Cash Only,Unclassified,False,34.013333333333335,33.575,34.45166666666667,34.45166666666667,33.575,0.8766666666666652,2.512658832521253,Wide,Bullish,Above CPR,False,False,0.8666666666666667,60,118460.065,Higher,True,Risk On,False,3.3035714285714284,34.5356,38.0492,0.26536936936936895,1.4908466410177978,True,False,No setup,Neutral,0,Not applicable,No directional setup; confirmation score not applicable.,Wide CPR,Wide Upside Watch,Watch,Wide CPR + close above CPR; trend mixed; participation confirmed,0,0,0,0
2026-09-23,2026-09-23,CM,NSE,STK,763800,INE2FMX01012,AASTHA,EQ,,,,,AASTHA SPINTEX LIMITED,83.0,89.78,83.0,89.77,89.78,81.62,,89.77,,,2984740,262895673.36,14820,F1,1,,,,,,Cash Only,Unclassified,False,87.51666666666667,86.39,88.64333333333333,88.64333333333333,86.39,2.2533333333333303,2.5101184508558876,Wide,Bullish,Above CPR,False,False,0.8297872340425532,47,61441388.12,Higher,True,Risk On,False,4.373571428571429,,,0.5152158527954699,4.278804262145632,False,False,No setup,Neutral,0,Not applicable,No directional setup; confirmation score not applicable.,Wide CPR,Wide Upside Watch,Watch,Wide CPR + close above CPR; trend opposes; participation confirmed,0,0,0,0
2026-09-23,2026-09-23,CM,NSE,STK,760891,INE0OFM01015,DSFCL,EQ,,,,,DCM SHRIRAM FINE CHEM LTD,29.7,30.25,28.02,30.25,30.25,28.81,,30.48,,,93917,2787539.93,506,F1,1,,,,,,Cash Only,Unclassified,False,29.506666666666664,29.134999999999998,29.87833333333333,29.87833333333333,29.134999999999998,0.7433333333333323,2.4573002754820905,Wide,Bullish,Above CPR,False,False,0.9166666666666666,60,2267245.49,Higher,True,Risk On,False,1.4664285714285714,25.821200000000005,,0.5069004708556577,1.2294830631684264,True,False,No setup,Neutral,0,Not applicable,No directional setup; confirmation score not applicable.,Wide CPR,Wide Upside Watch,Watch,Wide CPR + close above CPR; trend mixed; participation confirmed,0,0,0,0
2026-09-23,2026-09-23,CM,NSE,STK,6568,INE801V01019,LAXMICOT,EQ,,,,,LAXMI COTSPIN LIMITED,13.5,13.5,12.36,13.4,13.2,13.05,,13.4,,,22247,290275.07,214,F1,1,,,,,,Cash Only,Unclassified,False,13.086666666666666,12.93,13.243333333333332,13.243333333333332,12.93,0.3133333333333326,2.3383084577114372,Wide,Bullish,Above CPR,False,False,0.95,60,149388.04499999998,Outside,True,Risk On,False,0.9235714285714284,13.830800000000002,14.4607,0.3392626965712805,1.943094375456885,False,False,No setup,Neutral,0,Not applicable,No directional setup; confirmation score not applicable.,Wide CPR,Wide Upside Watch,Watch,Wide CPR + close above CPR; trend opposes; participation confirmed,0,0,0,0
2026-09-23,2026-09-23,CM,NSE,STK,25597,INE939X01013,MANBA,EQ,,,,,MANBA FINANCE LIMITED,139.48,151.0,137.03,139.19,139.0,136.41,,139.19,,,789795,112634412.41,11060,F1,1,,,,,,Cash Only,Unclassified,False,142.40666666666667,144.015,140.79833333333335,144.015,140.79833333333335,3.21666666666664,2.3109897741695815,Wide,Bearish,Below CPR,False,False,0.9833333333333333,60,11328800.96,Higher,True,Risk On,False,5.474285714285719,133.311,127.49150000000002,0.5875956854558054,9.942306587227744,True,True,No setup,Neutral,0,Not applicable,No directional setup; confirmation score not applicable.,Wide CPR,Wide Downside Watch,Watch,Wide CPR + close below CPR; trend opposes; participation confirmed,0,0,0,0
2026-09-23,2026-09-23,CM,NSE,STK,766005,INE644Q01039,GLASSWALL,EQ,,,,,GLASS WALL SYSTEM (I) LTD,309.99,314.29,278.37,286.41,282.7,309.29,,286.43,,,35196312,10451408076.94,291324,F1,1,,,,,,Cash Only,Unclassified,False,293.02333333333337,296.33000000000004,289.7166666666667,296.33000000000004,289.7166666666667,6.613333333333344,2.3090441441756027,Wide,Bearish,Below CPR,False,False,0.3333333333333333,6,18102851328.295,Lower,False,Risk On,False,,,,,0.5773349119099437,False,False,No setup,Neutral,0,Not applicable,No directional setup; confirmation score not applicable.,Wide CPR,Wide Downside Watch,Watch,Wide CPR + close below CPR; trend aligned; participation light,0,0,0,0
2026-09-23,2026-09-23,CM,NSE,STK,14607,INE797H01018,TGBHOTELS,EQ,,,,,TGB BANQUETS&HOTELS LTD,9.84,10.15,9.36,9.43,9.4,9.64,,9.43,,,72038,708707.15,183,F1,1,,,,,,Cash Only,Unclassified,False,9.646666666666667,9.754999999999999,9.538333333333334,9.754999999999999,9.538333333333334,0.216666666666665,2.297631671968876,Wide,Bearish,Below CPR,False,False,0.9333333333333333,60,188389.645,Outside,True,Risk On,False,0.6378571428571427,9.3374,9.2245,0.3396789846957795,3.7619219994814475,True,True,No setup,Neutral,0,Not applicable,No directional setup; confirmation score not applicable.,Wide CPR,Wide Downside Watch,Watch,Wide CPR + close below CPR; trend opposes; participation confirmed,0,0,0,0
2026-09-23,2026-09-23,CM,NSE,STK,1708,INE571B01036,JAYBARMARU,EQ,,,,,JAY BHARAT MARUTI LTD,110.0,116.1,108.12,116.1,116.1,110.58,,116.12,,,407073,45261521.19,5550,F1,1,,,,,,Cash Only,Unclassified,False,113.44,112.11,114.77,114.77,112.11,2.6599999999999966,2.2911283376399627,Wide,Bullish,Above CPR,False,False,0.9333333333333333,60,61195982.86,Higher,True,Risk On,False,5.286428571428571,136.6884,136.9275,0.5031752465882983,0.7396158877543682,False,False,No setup,Neutral,0,Not applicable,No directional setup; confirmation score not applicable.,Wide CPR,Wide Upside Watch,Watch,Wide CPR + close above CPR; trend opposes; participation light,0,0,0,0
2026-09-23,2026-09-23,CM,NSE,STK,14014,INE872H01027,LUMAXTECH,EQ,,,,,LUMAX AUTO TECH LTD,2135.0,2190.0,2040.0,2044.9,2049.0,2116.4,,2044.92,,,280450,591527589.0,33794,F1,1,,,,,,Cash Only,Unclassified,False,2091.633333333333,2115.0,2068.2666666666664,2115.0,2068.2666666666664,46.733333333333576,2.285360327318381,Wide,Bearish,Below CPR,False,False,0.9833333333333333,60,227689575.05,Outside,True,Risk On,False,84.32142857142857,1829.576,1720.4259999999997,0.554228434279263,2.597956401254217,True,True,No setup,Neutral,0,Not applicable,No directional setup; confirmation score not applicable.,Wide CPR,Wide Downside Watch,Watch,Wide CPR + close below CPR; trend opposes; participation confirmed,0,0,0,0
2026-09-23,2026-09-23,CM,NSE,STK,14557,INE210C01013,AROGRANITE,EQ,,,,,ARO GRANITE IND. LTD.,23.88,24.7,22.11,24.23,24.27,23.09,,24.19,,,9021,212063.82,180,F1,1,,,,,,Cash Only,Unclassified,False,23.680000000000003,23.405,23.955000000000005,23.955000000000005,23.405,0.5500000000000043,2.269913330581941,Wide,Bullish,Above CPR,False,False,0.9833333333333333,60,166810.695,Overlapping,True,Risk On,False,1.3064285714285722,24.726399999999998,25.2044,0.42099507927829716,1.2712843142341683,False,False,No setup,Neutral,0,Not applicable,No directional setup; confirmation score not applicable.,Wide CPR,Wide Upside Watch,Watch,Wide CPR + close above CPR; trend opposes; participation confirmed,0,0,0,0
2026-09-23,2026-09-23,CM,NSE,STK,766077,INE08T701025,RENTOMOJO,EQ,,,,,RENTOMOJO LIMITED,527.9,563.0,515.2,521.35,517.6,524.9,,521.36,,,7882264,4256505849.1,150570,F1,1,,,,,,Cash Only,Unclassified,False,533.1833333333334,539.1,527.2666666666668,539.1,527.2666666666668,11.833333333333258,2.269748409577684,Wide,Bearish,Below CPR,False,False,0.6,5,6136257180.95,Outside,False,Risk On,False,,,,,0.6936648389370503,False,False,No setup,Neutral,0,Not applicable,No directional setup; confirmation score not applicable.,Wide CPR,Wide Downside Watch,Watch,Wide CPR + close below CPR; trend aligned; participation light,0,0,0,0
2026-09-23,2026-09-23,CM,NSE,STK,9862,INE082W01014,WEWIN,EQ,,,,,WE WIN LIMITED,43.99,47.3,43.05,46.76,47.3,43.0,,46.76,,,8968,409971.22,154,F1,1,,,,,,Cash Only,Unclassified,False,45.703333333333326,45.175,46.231666666666655,46.231666666666655,45.175,1.0566666666666578,2.2597661819218517,Wide,Bullish,Above CPR,False,False,0.8666666666666667,60,222479.48,Higher,True,Risk On,False,2.2228571428571438,50.409000000000006,46.3373,0.475364181662378,1.842737226821997,False,True,No setup,Neutral,0,Not applicable,No directional setup; confirmation score not applicable.,Wide CPR,Wide Upside Watch,Watch,Wide CPR + close above CPR; trend mixed; participation confirmed,0,0,0,0
2026-09-23,2026-09-23,CM,NSE,STK,13740,INE635A01023,SHYAMTEL,EQ,,,,,SHYAM TELECOM LIMITED,10.3,11.25,10.3,11.14,11.14,11.05,,11.14,,,1339,14664.67,27,F1,1,,,,,,Cash Only,Unclassified,False,10.896666666666667,10.775,11.018333333333333,11.018333333333333,10.775,0.2433333333333323,2.1843207660083688,Wide,Bullish,Above CPR,False,False,0.7333333333333333,60,80698.42,Lower,True,Risk On,False,0.8071428571428569,11.486200000000002,10.968799999999998,0.3014749262536861,0.18172189740517844,False,True,No setup,Neutral,0,Not applicable,No directional setup; confirmation score not applicable.,Wide CPR,Wide Upside Watch,Watch,Wide CPR + close above CPR; trend mixed; participation light,0,0,0,0
2026-09-23,2026-09-23,CM,NSE,STK,18119,INE559N01010,SRGHFL,EQ,,,,,SRG HOUSING FINANCE L,150.0,158.1,147.85,158.1,158.1,143.75,,158.1,,,46174,7119875.25,603,F1,1,,,,,,Cash Only,Unclassified,False,154.6833333333333,152.975,156.39166666666662,156.39166666666662,152.975,3.4166666666666288,2.16107948555764,Wide,Bullish,Above CPR,False,False,0.95,60,617368.05,Higher,True,Risk On,False,17.342857142857145,253.862,272.17900000000003,0.19700713893464908,11.532626688407344,False,False,No setup,Neutral,0,Not applicable,No directional setup; confirmation score not applicable.,Wide CPR,Wide Upside Watch,Watch,Wide CPR + close above CPR; trend opposes; participation confirmed,0,0,0,0
2026-09-23,2026-09-23,CM,NSE,STK,13496,INE367G01038,PFOCUS,EQ,,,,,PRIME FOCUS LIMITED,362.55,362.8,333.15,337.15,334.2,357.45,,337.11,,,6885605,2359720143.2,95266,F1,1,,,,,,Cash Only,Media Entertainment & Publication,True,344.3666666666666,347.975,340.7583333333332,347.975,340.7583333333332,7.216666666666811,2.1404913737703724,Wide,Bearish,Below CPR,False,False,0.95,60,234668669.72500002,Lower,True,Risk On,False,16.174999999999994,298.46139999999997,300.1312,0.4461617722823378,10.055539778553623,True,True,No setup,Neutral,0,Not applicable,No directional setup; confirmation score not applicable.,Wide CPR,Wide Downside Watch,Watch,Wide CPR + close below CPR; trend opposes; participation confirmed,0,0,0,0
2026-09-23,2026-09-23,CM,NSE,STK,762909,INE997I01012,SHRIKRISH,EQ,,,,,SHRI KRISHNA DEVCON LTD.,35.45,37.71,35.45,35.45,35.45,34.75,,35.45,,,157,5694.01,7,F1,1,,,,,,Cash Only,Unclassified,False,36.20333333333333,36.58,35.82666666666667,36.58,35.82666666666667,0.7533333333333303,2.125058768218139,Wide,Bearish,Below CPR,False,False,0.7833333333333333,60,28296.589999999997,Higher,True,Risk On,False,2.7928571428571423,39.0528,40.99980000000001,0.2697357203751055,0.20122601345250438,False,False,No setup,Neutral,0,Not applicable,No directional setup; confirmation score not applicable.,Wide CPR,Wide Downside Watch,Watch,Wide CPR + close below CPR; trend aligned; participation light,0,0,0,0
2026-09-23,2026-09-23,CM,NSE,STK,10590,INE970D01010,LOYALTEX,EQ,,,,,LOYAL TEXTILE MILLS LTD,222.55,257.94,219.25,231.23,234.85,214.95,,231.07,,,52037,12677097.86,1475,F1,1,,,,,,Cash Only,Unclassified,False,236.14,238.595,233.68499999999997,238.595,233.68499999999997,4.910000000000025,2.1234268909743657,Wide,Bearish,Below CPR,False,False,0.7666666666666667,60,94359.755,Higher,True,Risk On,False,13.980714285714287,211.8234,214.4713,0.3511980789863605,134.34856692877167,True,True,No setup,Neutral,0,Not applicable,No directional setup; confirmation score not applicable.,Wide CPR,Wide Downside Watch,Watch,Wide CPR + close below CPR; trend opposes; participation confirmed,0,0,0,0
2026-09-23,2026-09-23,CM,NSE,STK,381,INE129Z01016,SINTERCOM,EQ,,,,,SINTERCOM INDIA LIMITED,84.98,84.98,77.52,78.75,77.67,80.49,,78.75,,,9120,740075.53,170,F1,1,,,,,,Cash Only,Unclassified,False,80.41666666666667,81.25,79.58333333333334,81.25,79.58333333333334,1.6666666666666572,2.1164021164021043,Wide,Bearish,Below CPR,False,False,0.85,60,372588.46499999997,Overlapping,True,Risk On,False,5.5078571428571435,80.83319999999999,78.4996,0.30259802014438075,1.986308218103317,False,True,No setup,Neutral,0,Not applicable,No directional setup; confirmation score not applicable.,Wide CPR,Wide Downside Watch,Watch,Wide CPR + close below CPR; trend mixed; participation confirmed,0,0,0,0
2026-09-23,2026-09-23,CM,NSE,STK,764312,INE0NG701011,XTRANET,EQ,,,,,XTRANET TECHNOLOGIES LTD,336.35,337.7,317.65,317.65,317.65,334.36,,317.67,,,1030477,334845240.03,15830,F1,1,,,,,,Cash Only,Unclassified,False,324.3333333333333,327.67499999999995,320.9916666666667,327.67499999999995,320.9916666666667,6.68333333333328,2.103992864263586,Wide,Bearish,Below CPR,False,False,0.6896551724137931,29,606204005.78,Lower,True,Risk On,False,28.81928571428571,,,0.23190489173089932,0.5523639514706871,False,False,No setup,Neutral,0,Not applicable,No directional setup; confirmation score not applicable.,Wide CPR,Wide Downside Watch,Watch,Wide CPR + close below CPR; trend aligned; participation light,0,0,0,0
2026-09-23,2026-09-23,CM,NSE,STK,764798,INE920C01017,NTCIND,EQ,,,,,N T C INDUSTRIES LTD.,133.81,143.0,131.49,141.63,141.8,133.81,,141.62,,,4487,623367.7,64,F1,1,,,,,,Cash Only,Unclassified,False,138.70666666666668,137.245,140.16833333333335,140.16833333333335,137.245,2.923333333333346,2.0640636400009504,Wide,Bullish,Above CPR,False,False,0.9629629629629629,27,278228.82,Higher,True,Risk On,False,6.832857142857141,,,0.42783469231305515,2.240485726820104,False,False,No setup,Neutral,0,Not applicable,No directional setup; confirmation score not applicable.,Wide CPR,Wide Upside Watch,Watch,Wide CPR + close above CPR; trend opposes; participation confirmed,0,0,0,0
2026-09-23,2026-09-23,CM,NSE,STK,578,INE060901027,LIKHITHA,EQ,,,,,LIKHITHA INFRASTRUC LTD,229.9,245.99,226.52,229.21,229.0,227.96,,229.22,,,184606,43498059.16,3065,F1,1,,,,,,Cash Only,Unclassified,False,233.90666666666667,236.255,231.55833333333334,236.255,231.55833333333334,4.696666666666658,2.049067085496557,Wide,Bearish,Below CPR,False,False,0.9,60,9544637.844999999,Higher,True,Risk On,False,14.26857142857143,220.16740000000001,192.7027,0.3291616606594574,4.557329452032237,True,True,No setup,Neutral,0,Not applicable,No directional setup; confirmation score not applicable.,Wide CPR,Wide Downside Watch,Watch,Wide CPR + close below CPR; trend opposes; participation confirmed,0,0,0,0
2026-09-23,2026-09-23,CM,NSE,STK,764578,INE058F01019,ALUFLUOR,EQ,,,,,ALUFLUORIDE LTD.,538.0,581.75,537.9,577.55,581.75,543.35,,577.35,,,27329,15506029.05,1345,F1,1,,,,,,Cash Only,Unclassified,False,565.7333333333333,559.825,571.6416666666667,571.6416666666667,559.825,11.816666666666606,2.0459989034138357,Wide,Bullish,Above CPR,False,False,0.9629629629629629,27,2739666.3,Higher,True,Risk On,False,18.253571428571433,,,0.6473618991717176,5.6598239902428995,False,False,No setup,Neutral,0,Not applicable,No directional setup; confirmation score not applicable.,Wide CPR,Wide Upside Watch,Watch,Wide CPR + close above CPR; trend opposes; participation confirmed,0,0,0,0
2026-09-23,2026-09-23,CM,NSE,STK,9342,INE392B01011,PNC,EQ,,,,,PNC MEDIA AND ENT LTD,16.1,17.5,16.1,17.33,17.38,16.42,,17.3,,,24978,425707.69,225,F1,1,,,,,,Cash Only,Unclassified,False,16.976666666666667,16.8,17.153333333333332,17.153333333333332,16.8,0.3533333333333317,2.0388536256972403,Wide,Bullish,Above CPR,False,False,0.9166666666666666,60,147320.615,Higher,True,Risk On,False,1.153571428571428,18.238,19.4171,0.3062951496388016,2.8896681567613602,False,False,No setup,Neutral,0,Not applicable,No directional setup; confirmation score not applicable.,Wide CPR,Wide Upside Watch,Watch,Wide CPR + close above CPR; trend opposes; participation confirmed,0,0,0,0
2026-09-23,2026-09-23,CM,NSE,STK,759169,INE0JYY01029,MWL,EQ,,,,,MANGALAM WORLDWIDE LTD,42.4,45.0,41.58,44.63,44.31,42.03,,44.66,,,3370765,149326398.26,11859,F1,1,,,,,,Cash Only,Unclassified,False,43.73666666666667,43.29,44.183333333333344,44.183333333333344,43.29,0.8933333333333451,2.0016431398909815,Wide,Bullish,Above CPR,False,False,0.95,60,15188478.865,Higher,True,Risk On,False,3.218571428571429,39.43,194.73949999999996,0.2775558514573198,9.831557168249711,True,False,No setup,Neutral,0,Not applicable,No directional setup; confirmation score not applicable.,Wide CPR,Wide Upside Watch,Watch,Wide CPR + close above CPR; trend mixed; participation confirmed,0,0,0,0
2026-09-23,2026-09-23,CM,NSE,STK,764788,INE596B01017,MUKESHB,EQ,,,,,MUKESH BABU FINANC SER L,130.5,133.0,125.0,132.98,133.0,130.5,,132.98,,,217,27971.1,6,F1,1,,,,,,Cash Only,Unclassified,False,130.32666666666668,129.0,131.65333333333336,131.65333333333336,129.0,2.6533333333333644,1.9952875119065758,Wide,Bullish,Above CPR,False,False,1.0,22,27836.574999999997,Outside,True,Risk On,False,4.48357142857143,,,0.591790133290857,1.0048326706859592,False,False,No setup,Neutral,0,Not applicable,No directional setup; confirmation score not applicable.,Wide CPR,Wide Upside Watch,Watch,Wide CPR + close above CPR; trend opposes; participation confirmed,0,0,0,0
2026-09-23,2026-09-23,CM,NSE,STK,762899,INE402H01015,SHBAJRG,EQ,,,,,SHRI BAJRANG ALLIANCE L,154.0,162.84,150.0,161.24,162.73,153.79,,161.54,,,2653,416971.39,128,F1,1,,,,,,Cash Only,Unclassified,False,158.02666666666667,156.42000000000002,159.63333333333333,159.63333333333333,156.42000000000002,3.21333333333331,1.992888447862385,Wide,Bullish,Above CPR,False,False,0.9666666666666667,60,492145.33499999996,Higher,True,Risk On,False,5.880714285714281,171.87939999999998,177.1368,0.5464188833555979,0.8472525498997162,False,False,No setup,Neutral,0,Not applicable,No directional setup; confirmation score not applicable.,Wide CPR,Wide Upside Watch,Watch,Wide CPR + close above CPR; trend opposes; participation light,0,0,0,0
2026-09-23,2026-09-23,CM,NSE,STK,1782,INE694E01014,KANPRPLA,EQ,,,,,KANPUR PLASTIPACK LIMITED,268.9,276.6,252.85,257.05,255.6,266.75,,257.05,,,28977,7600860.2,1115,F1,1,,,,,,Cash Only,Unclassified,False,262.1666666666667,264.725,259.60833333333335,264.725,259.60833333333335,5.116666666666674,1.990533618621542,Wide,Bearish,Below CPR,False,False,0.8333333333333334,60,5210983.925000001,Outside,True,Risk On,False,17.682142857142857,238.081,218.1668,0.28936915101326377,1.4586228453967067,True,True,No setup,Neutral,0,Not applicable,No directional setup; confirmation score not applicable.,Wide CPR,Wide Downside Watch,Watch,Wide CPR + close below CPR; trend opposes; participation confirmed,0,0,0,0
2026-09-23,2026-09-23,CM,NSE,STK,25503,INE250Z01010,INDOUS,EQ,,,,,INDO US BIOTECH LTD,82.8,82.8,78.05,78.1,78.05,78.99,,78.1,,,3148,248089.78,157,F1,1,,,,,,Cash Only,Unclassified,False,79.64999999999999,80.425,78.87499999999999,80.425,78.87499999999999,1.5500000000000114,1.9846350832266473,Wide,Bearish,Below CPR,False,False,0.9666666666666667,60,1018242.235,Overlapping,True,Risk On,False,4.387857142857144,81.89219999999999,89.04350000000001,0.35324759889305146,0.24364514795440595,False,False,No setup,Neutral,0,Not applicable,No directional setup; confirmation score not applicable.,Wide CPR,Wide Downside Watch,Watch,Wide CPR + close below CPR; trend aligned; participation light,0,0,0,0
2026-09-23,2026-09-23,CM,NSE,STK,759820,INE15B701018,PINELABS,EQ,,,,,PINE LABS LIMITED,196.99,200.7,187.11,188.3,189.1,197.58,,188.3,,,37096342,7157228173.36,212669,F1,1,,,,,,Cash Only,Financial Services,True,192.03666666666666,193.905,190.16833333333332,193.905,190.16833333333332,3.736666666666679,1.984422021596749,Wide,Bearish,Below CPR,False,False,0.95,60,2703103269.8599997,Lower,True,Risk On,False,12.890714285714282,163.4726,160.01319999999998,0.2898727396981965,2.6477819967753913,True,True,No setup,Neutral,0,Not applicable,No directional setup; confirmation score not applicable.,Wide CPR,Wide Downside Watch,Watch,Wide CPR + close below CPR; trend opposes; participation confirmed,0,0,0,0
2026-09-23,2026-09-23,CM,NSE,STK,760178,INE0P8B01020,GAUDIUMIVF,EQ,,,,,GAUDIUM IVF N WOMEN H L,109.12,119.4,109.12,117.69,118.92,111.35,,117.75,,,430439,49730067.35,4842,F1,1,,,,,,Cash Only,Unclassified,False,115.40333333333335,114.26,116.5466666666667,116.5466666666667,114.26,2.28666666666669,1.9429574871838644,Wide,Bullish,Above CPR,False,False,0.7941176470588235,34,61972365.91,Higher,True,Risk On,False,9.521428571428572,,,0.24016004001000496,0.8024555238414005,False,False,No setup,Neutral,0,Not applicable,No directional setup; confirmation score not applicable.,Wide CPR,Wide Upside Watch,Watch,Wide CPR + close above CPR; trend opposes; participation light,0,0,0,0
2026-09-23,2026-09-23,CM,NSE,STK,24932,INE0URU01010,GLOBALE,EQ,,,,,GLOBALE TESSILE LIMITED,11.13,11.41,10.61,11.34,11.34,11.15,,11.34,,,4225,45279.92,28,F1,1,,,,,,Cash Only,Unclassified,False,11.12,11.01,11.229999999999999,11.229999999999999,11.01,0.21999999999999886,1.9400352733685966,Wide,Bullish,Above CPR,False,False,0.7833333333333333,60,60986.7,Outside,True,Risk On,False,0.747857142857143,11.708599999999999,11.474400000000001,0.29417382999044733,0.7424556501663477,False,False,No setup,Neutral,0,Not applicable,No directional setup; confirmation score not applicable.,Wide CPR,Wide Upside Watch,Watch,Wide CPR + close above CPR; trend opposes; participation light,0,0,0,0
2026-09-23,2026-09-23,CM,NSE,STK,1360,INE049A01027,HIMATSEIDE,EQ,,,,,HIMATSINGKA SEIDE LTD,63.6,68.38,63.41,67.87,68.3,63.21,,67.86,,,1480818,98825208.9,15429,F1,1,,,,,,Cash Only,Unclassified,False,66.55333333333333,65.895,67.21166666666666,67.21166666666666,65.895,1.3166666666666629,1.9399833014095518,Wide,Bullish,Above CPR,False,False,1.0,60,36431927.67,Higher,True,Risk On,False,2.3414285714285694,74.3304,78.17269999999999,0.5623347569656283,2.712598954278721,False,False,No setup,Neutral,0,Not applicable,No directional setup; confirmation score not applicable.,Wide CPR,Wide Upside Watch,Watch,Wide CPR + close above CPR; trend opposes; participation confirmed,0,0,0,0
2026-09-23,2026-09-23,CM,NSE,STK,393,INE581X01021,GLOBE,EQ,,,,,GLOBE ENTERPRISE (I) LTD,2.27,2.44,2.17,2.24,2.25,2.22,,2.24,,,1630865,3726344.79,753,F1,1,,,,,,Cash Only,Unclassified,False,2.283333333333333,2.3049999999999997,2.2616666666666667,2.3049999999999997,2.2616666666666667,0.043333333333333,1.9345238095237947,Wide,Bearish,Below CPR,False,False,0.9666666666666667,60,618189.44,Higher,True,Risk On,False,0.13428571428571429,2.0206,2.1702,0.32269503546099043,6.027836370029227,True,True,No setup,Neutral,0,Not applicable,No directional setup; confirmation score not applicable.,Wide CPR,Wide Downside Watch,Watch,Wide CPR + close below CPR; trend opposes; participation confirmed,0,0,0,0
2026-09-23,2026-09-23,CM,NSE,STK,11082,INE908V01012,LIBAS,EQ,,,,,LIBAS CONSU PRODUCTS LTD,12.85,12.85,12.01,12.09,12.35,12.58,,12.09,,,222387,2714432.68,291,F1,1,,,,,,Cash Only,Unclassified,False,12.316666666666668,12.43,12.203333333333337,12.43,12.203333333333337,0.22666666666666302,1.874827681279264,Wide,Bearish,Below CPR,False,False,0.95,60,282330.65,Lower,True,Risk On,False,0.8442857142857144,10.4164,11.1776,0.2684715172024773,9.614374776525326,True,True,No setup,Neutral,0,Not applicable,No directional setup; confirmation score not applicable.,Wide CPR,Wide Downside Watch,Watch,Wide CPR + close below CPR; trend opposes; participation confirmed,0,0,0,0
2026-09-23,2026-09-23,CM,NSE,STK,23647,INE185E01021,FILATFASH,EQ,,,,,FILATEX FASHIONS LIMITED,0.18,0.18,0.17,0.18,0.18,0.17,,0.19,,,12407028,2233252.19,637,F1,1,,,,,,Cash Only,Unclassified,False,0.17666666666666667,0.175,0.17833333333333334,0.17833333333333334,0.175,0.003333333333333355,1.8518518518518639,Wide,Bullish,Above CPR,False,False,0.7666666666666667,60,4769724.425000001,Overlapping,True,Risk On,False,0.012142857142857141,0.179,0.2235,0.2745098039215704,0.46821409184451984,True,False,No setup,Neutral,0,Not applicable,No directional setup; confirmation score not applicable.,Wide CPR,Wide Upside Watch,Watch,Wide CPR + close above CPR; trend mixed; participation light,0,0,1,1
2026-09-23,2026-09-23,CM,NSE,STK,18727,INE885F01015,MASKINVEST,EQ,,,,,MASK INVESTMENTS LIMITED,148.0,148.0,137.22,146.67,137.22,144.31,,146.67,,,23,3382.74,8,F1,1,,,,,,Cash Only,Unclassified,False,143.96333333333334,142.61,145.31666666666666,145.31666666666666,142.61,2.7066666666666492,1.8454126042589825,Wide,Bullish,Above CPR,False,False,0.7333333333333333,60,23090.125,Overlapping,True,Risk On,False,8.42428571428571,143.41899999999998,146.22969999999998,0.3212933129840012,0.14650158888269335,True,True,No setup,Neutral,0,Not applicable,No directional setup; confirmation score not applicable.,Wide CPR,Wide Upside Watch,Watch,Wide CPR + close above CPR; trend aligned; participation light,0,-2,0,-2
2026-09-23,2026-09-23,CM,NSE,STK,1994,INE557B01019,LIBERTSHOE,EQ,,,,,LIBERTY SHOES LTD,221.54,239.4,218.7,235.48,238.0,218.54,,235.49,,,132090,30772413.56,4314,F1,1,,,,,,Cash Only,Unclassified,False,231.19333333333336,229.05,233.3366666666667,233.3366666666667,229.05,4.28666666666669,1.8203952211086676,Wide,Bullish,Above CPR,False,False,1.0,60,6303752.1899999995,Higher,True,Risk On,False,9.114999999999998,245.84059999999997,248.42940000000002,0.4702870725909699,4.881602676072202,False,False,No setup,Neutral,0,Not applicable,No directional setup; confirmation score not applicable.,Wide CPR,Wide Upside Watch,Watch,Wide CPR + close above CPR; trend opposes; participation confirmed,0,0,0,0
2026-09-23,2026-09-23,CM,NSE,STK,477,INE800A01015,BIRLACABLE,EQ,,,,,BIRLA CABLE LIMITED,375.2,385.25,358.05,361.9,362.0,375.25,,361.91,,,519169,189971731.55,13691,F1,1,,,,,,Cash Only,Unclassified,False,368.3999999999999,371.65,365.14999999999986,371.65,365.14999999999986,6.500000000000114,1.796076264161402,Wide,Bearish,Below CPR,False,False,0.75,60,9699840.09,Lower,True,Risk On,False,39.495,193.5106,164.9948,0.16457779465755448,19.585037463231007,True,True,No setup,Neutral,0,Not applicable,No directional setup; confirmation score not applicable.,Wide CPR,Wide Downside Watch,Watch,Wide CPR + close below CPR; trend opposes; participation confirmed,0,0,0,0
2026-09-23,2026-09-23,CM,NSE,STK,766072,INE148G01016,ARCIL,EQ,,,,,ASSET RECONSTRUC CO (I) L,139.95,152.8,138.74,149.76,148.7,138.91,,149.81,,,14251234,2095889199.55,137875,F1,1,,,,,,Cash Only,Unclassified,False,147.1,145.77,148.42999999999998,148.42999999999998,145.77,2.659999999999968,1.7761752136751925,Wide,Bullish,Above CPR,False,False,0.8,5,844756426.65,Higher,False,Risk On,False,,,,,2.481057418955121,False,False,No setup,Neutral,0,Not applicable,No directional setup; confirmation score not applicable.,Wide CPR,Wide Upside Watch,Watch,Wide CPR + close above CPR; trend opposes; participation confirmed,0,0,0,0
2026-09-23,2026-09-23,CM,NSE,STK,11817,INE584F01014,MANGALAM,EQ,,,,,MANGALAM DRUG & CHEM LTD,32.95,34.3,32.06,32.32,32.2,32.24,,32.32,,,39080,1284832.08,405,F1,1,,,,,,Cash Only,Unclassified,False,32.89333333333334,33.18,32.606666666666676,33.18,32.606666666666676,0.5733333333333235,1.7739273927392434,Wide,Bearish,Below CPR,False,False,0.8666666666666667,60,724203.415,Overlapping,True,Risk On,False,2.450714285714286,29.343600000000002,28.7357,0.23394539978625845,1.7741314848674112,True,True,No setup,Neutral,0,Not applicable,No directional setup; confirmation score not applicable.,Wide CPR,Wide Downside Watch,Watch,Wide CPR + close below CPR; trend opposes; participation confirmed,0,0,0,0
2026-09-23,2026-09-23,CM,NSE,STK,14582,INE917H01012,SRHHYPOLTD,EQ,,,,,SREE RAYALSEEMA HHP LTD.,603.8,620.9,585.05,587.5,590.95,599.25,,587.51,,,48715,29244059.65,3372,F1,1,,,,,,Cash Only,Unclassified,False,597.8166666666666,602.9749999999999,592.6583333333333,602.9749999999999,592.6583333333333,10.316666666666606,1.7560283687943161,Wide,Bearish,Below CPR,False,False,0.95,60,4360485.925,Lower,True,Risk On,False,30.767857142857142,502.079,504.20649999999995,0.33530663571290187,6.706605674916839,True,True,No setup,Neutral,0,Not applicable,No directional setup; confirmation score not applicable.,Wide CPR,Wide Downside Watch,Watch,Wide CPR + close below CPR; trend opposes; participation confirmed,0,0,0,0
2026-09-23,2026-09-23,CM,NSE,STK,3453,INE014B01011,TECILCHEM,EQ,,,,,TECIL CHEMICALS,9.48,9.6,8.9,9.5,9.6,9.31,,9.5,,,11556,107694.91,100,F1,1,,,,,,Cash Only,Unclassified,False,9.333333333333334,9.25,9.416666666666668,9.416666666666668,9.25,0.16666666666666785,1.754385964912293,Wide,Bullish,Above CPR,False,False,0.7,60,95068.11,Overlapping,True,Risk On,False,0.747142857142857,9.443999999999999,10.4386,0.22307202039515778,1.13281846036489,True,False,No setup,Neutral,0,Not applicable,No directional setup; confirmation score not applicable.,Wide CPR,Wide Upside Watch,Watch,Wide CPR + close above CPR; trend mixed; participation confirmed,0,0,0,0
2026-09-23,2026-09-23,CM,NSE,STK,765485,INE899I01028,SYMBIOTEC,EQ,,,,,SYMBIOTEC PHARMALAB LTD,1127.0,1128.2,1051.65,1062.0,1062.0,1120.9,,1062.01,,,1444410,1557485743.0,72182,F1,1,,,,,,Cash Only,Unclassified,False,1080.6166666666668,1089.9250000000002,1071.3083333333334,1089.9250000000002,1071.3083333333334,18.616666666666788,1.752981795354688,Wide,Bearish,Below CPR,False,False,0.8125,16,1589821211.825,Lower,False,Risk On,False,66.6821428571429,,,0.2791851891525198,0.979660940120505,False,False,No setup,Neutral,0,Not applicable,No directional setup; confirmation score not applicable.,Wide CPR,Wide Downside Watch,Watch,Wide CPR + close below CPR; trend aligned; participation light,0,0,0,0
2026-09-23,2026-09-23,CM,NSE,STK,762663,INE669R01026,ELITECON,EQ,,,,,ELITECON INTERNATIONAL L,9.09,9.17,8.61,9.13,9.15,8.74,,9.14,,,24189173,220115900.63,23366,F1,1,,,,,,Cash Only,Unclassified,False,8.97,8.89,9.05,9.05,8.89,0.16000000000000014,1.752464403066814,Wide,Bullish,Above CPR,False,False,0.5333333333333333,60,41637538.4,Higher,True,Risk On,False,0.5592857142857144,13.750599999999999,21.5973,0.286079182630907,5.286477277196579,False,False,No setup,Neutral,0,Not applicable,No directional setup; confirmation score not applicable.,Wide CPR,Wide Upside Watch,Watch,Wide CPR + close above CPR; trend opposes; participation confirmed,0,0,0,0
2026-09-23,2026-09-23,CM,NSE,STK,765210,INE574G01013,VASUPRADA,EQ,,,,,SHRI VASUPRADA PLANTATI L,100.0,100.0,95.05,95.05,95.05,100.0,,95.05,,,31,2951.5,2,F1,1,,,,,,Cash Only,Unclassified,False,96.7,97.525,95.875,97.525,95.875,1.6500000000000057,1.7359284587059505,Wide,Bearish,Below CPR,False,False,0.9444444444444444,18,4714.58,Overlapping,False,Risk On,False,2.9864285714285717,,,0.552499402056926,0.6260366777104217,False,False,No setup,Neutral,0,Not applicable,No directional setup; confirmation score not applicable.,Wide CPR,Wide Downside Watch,Watch,Wide CPR + close below CPR; trend aligned; participation light,0,0,0,0
2026-09-23,2026-09-23,CM,NSE,STK,764563,INE757C01021,ADDIND,EQ,,,,,ADDI INDUSTRIES LTD.,76.0,79.9,72.0,74.05,73.08,76.7,,74.05,,,467,35670.92,30,F1,1,,,,,,Cash Only,Unclassified,False,75.31666666666666,75.95,74.68333333333332,75.95,74.68333333333332,1.26666666666668,1.7105559306774882,Wide,Bearish,Below CPR,False,False,0.8461538461538461,26,37472.035,Lower,True,Risk On,False,6.880714285714286,,,0.18408941485864755,0.9519344225633861,False,False,No setup,Neutral,0,Not applicable,No directional setup; confirmation score not applicable.,Wide CPR,Wide Downside Watch,Watch,Wide CPR + close below CPR; trend aligned; participation light,0,0,0,0
2026-09-23,2026-09-23,CM,NSE,STK,10530,INE597I01028,SHARDAMOTR,EQ,,,,,SHARDA MOTOR INDS LTD,990.0,1024.95,968.2,971.85,971.7,985.75,,971.86,,,161127,160065205.6,14923,F1,1,,,,,,Cash Only,Unclassified,False,988.3333333333334,996.575,980.0916666666667,996.575,980.0916666666667,16.48333333333335,1.6960779269777588,Wide,Bearish,Below CPR,False,False,1.0,60,36373211.7,Overlapping,True,Risk On,False,33.275,896.0790000000001,873.9739999999999,0.4953668920611074,4.40063437125625,True,True,No setup,Neutral,0,Not applicable,No directional setup; confirmation score not applicable.,Wide CPR,Wide Downside Watch,Watch,Wide CPR + close below CPR; trend opposes; participation confirmed,0,0,0,0
2026-09-23,2026-09-23,CM,NSE,STK,8175,INE976T01013,SAGARDEEP,EQ,,,,,SAGARDEEP ALLOYS LIMITED,23.1,24.39,23.1,24.36,24.34,23.39,,24.36,,,8632,205922.08,143,F1,1,,,,,,Cash Only,Unclassified,False,23.95,23.745,24.154999999999998,24.154999999999998,23.745,0.4099999999999966,1.6830870279146002,Wide,Bullish,Above CPR,False,False,0.9333333333333333,60,132938.385,Higher,True,Risk On,False,0.8164285714285714,24.0762,24.4,0.5021872265966713,1.54900392388549,True,False,No setup,Neutral,0,Not applicable,No directional setup; confirmation score not applicable.,Wide CPR,Wide Upside Watch,Watch,Wide CPR + close above CPR; trend mixed; participation confirmed,0,0,0,0
2026-09-23,2026-09-23,CM,NSE,STK,2951,INE902B01017,S&SPOWER,EQ,,,,,S&S POWER SWITCHGEARS LTD,338.0,338.0,314.1,318.05,318.0,325.45,,318.05,,,1967,628823.95,193,F1,1,,,,,,Cash Only,Unclassified,False,323.3833333333334,326.05,320.71666666666675,326.05,320.71666666666675,5.3333333333332575,1.6768851857674132,Wide,Bearish,Below CPR,False,False,0.75,60,951764.875,Outside,True,Risk On,False,20.15,324.95,317.462,0.26468155500413193,0.6606925371142741,False,True,No setup,Neutral,0,Not applicable,No directional setup; confirmation score not applicable.,Wide CPR,Wide Downside Watch,Watch,Wide CPR + close below CPR; trend mixed; participation light,0,0,0,0
2026-09-23,2026-09-23,CM,NSE,STK,18124,INE879I01012,DBREALTY,EQ,,,,,VALOR ESTATE LIMITED,96.65,101.48,96.4,101.48,101.48,96.65,,101.48,,,1033102,103544099.29,7465,F1,1,,,,,,Cash Only,Unclassified,False,99.78666666666668,98.94,100.63333333333335,100.63333333333335,98.94,1.6933333333333564,1.668637498357663,Wide,Bullish,Above CPR,False,False,0.9166666666666666,60,150277292.79500002,Higher,True,Risk On,False,3.588571428571427,109.3828,108.27860000000001,0.4718683651804737,0.6890202595760702,False,False,No setup,Neutral,0,Not applicable,No directional setup; confirmation score not applicable.,Wide CPR,Wide Upside Watch,Watch,Wide CPR + close above CPR; trend opposes; participation light,0,0,0,0
2026-09-23,2026-09-23,CM,NSE,STK,19142,INE240C01028,UMESLTD,EQ,,,,,USHA MARTIN EDU & SOL LTD,4.3,4.67,4.3,4.6,4.64,4.57,,4.6,,,40679,186265.16,129,F1,1,,,,,,Cash Only,Unclassified,False,4.5233333333333325,4.484999999999999,4.561666666666666,4.561666666666666,4.484999999999999,0.07666666666666622,1.666666666666657,Wide,Bullish,Above CPR,False,False,0.7,60,99339.985,Overlapping,True,Risk On,False,0.42285714285714293,5.319000000000001,5.1654,0.1813063063063052,1.8750270598490628,False,False,No setup,Neutral,0,Not applicable,No directional setup; confirmation score not applicable.,Wide CPR,Wide Upside Watch,Watch,Wide CPR + close above CPR; trend opposes; participation confirmed,0,0,0,0
2026-09-23,2026-09-23,CM,NSE,STK,764793,INE653C01022,NICCOPAR,EQ,,,,,NICCO PARKS & RESORTS LTD,80.0,83.99,80.0,80.0,80.0,81.5,,80.02,,,485,39558.43,42,F1,1,,,,,,Cash Only,Unclassified,False,81.33,81.995,80.66499999999999,81.995,80.66499999999999,1.3300000000000125,1.6625000000000156,Wide,Bearish,Below CPR,False,False,0.8846153846153846,26,135751.195,Lower,True,Risk On,False,3.8721428571428578,,,0.34347906290352653,0.2914039172914831,False,False,No setup,Neutral,0,Not applicable,No directional setup; confirmation score not applicable.,Wide CPR,Wide Downside Watch,Watch,Wide CPR + close below CPR; trend aligned; participation light,0,0,0,0
2026-09-23,2026-09-23,CM,NSE,STK,16589,INE972X01022,VAISHALI,EQ,,,,,VAISHALI PHARMA LIMITED,8.41,8.97,8.35,8.45,8.4,8.58,,8.45,,,200416,1690724.87,415,F1,1,,,,,,Cash Only,Unclassified,False,8.59,8.66,8.52,8.66,8.52,0.14000000000000057,1.6568047337278176,Wide,Bearish,Below CPR,False,False,0.7833333333333333,60,1488806.7,Overlapping,True,Risk On,False,0.5764285714285712,8.099200000000002,7.5199,0.24287484510532947,1.1356241679997814,True,True,No setup,Neutral,0,Not applicable,No directional setup; confirmation score not applicable.,Wide CPR,Wide Downside Watch,Watch,Wide CPR + close below CPR; trend opposes; participation confirmed,0,0,0,0
2026-09-23,2026-09-23,CM,NSE,STK,762879,INE318C01014,SAYAJIHOTL,EQ,,,,,SAYAJI HOTELS LTD.,311.0,327.0,311.0,327.0,327.0,309.15,,305.0,,,2,638.0,2,F1,1,,,,,,Cash Only,Unclassified,False,321.6666666666667,319.0,324.33333333333337,324.33333333333337,319.0,5.333333333333371,1.6309887869521014,Wide,Bullish,Above CPR,False,False,0.85,60,25852.5,Overlapping,True,Risk On,False,17.9,313.263,,0.2979515828677861,0.02467846436514844,True,False,No setup,Neutral,0,Not applicable,No directional setup; confirmation score not applicable.,Wide CPR,Wide Upside Watch,Watch,Wide CPR + close above CPR; trend mixed; participation light,0,0,0,0
2026-09-23,2026-09-23,CM,NSE,STK,6713,INE893J01029,MOLDTKPAC,EQ,,,,,MOLD-TEK PACKAGING LTD,641.5,685.8,641.5,679.95,685.8,639.95,,680.02,,,78593,52859436.6,5961,F1,1,,,,,,Cash Only,Unclassified,False,669.0833333333334,663.65,674.5166666666668,674.5166666666668,663.65,10.866666666666788,1.5981567272103518,Wide,Bullish,Above CPR,False,False,0.9833333333333333,60,35801865.15,Higher,True,Risk On,False,18.65357142857143,686.617,680.8715000000001,0.5825515348777907,1.4764436539418675,False,False,No setup,Neutral,0,Not applicable,No directional setup; confirmation score not applicable.,Wide CPR,Wide Upside Watch,Watch,Wide CPR + close above CPR; trend opposes; participation confirmed,0,0,0,0
2026-09-23,2026-09-23,CM,NSE,STK,9756,INE01QM01018,EMUDHRA,EQ,,,,,EMUDHRA LIMITED,647.0,676.0,630.1,637.8,636.0,649.25,,637.73,,,966799,631989441.6,32772,F1,1,,,,,,Cash Only,Unclassified,False,647.9666666666666,653.05,642.8833333333332,653.05,642.8833333333332,10.166666666666742,1.5940211142469023,Wide,Bearish,Below CPR,False,False,0.9,60,67660351.425,Lower,True,Risk On,False,38.30714285714286,524.5889999999999,495.0535,0.26539871962210404,9.340617189973457,True,True,No setup,Neutral,0,Not applicable,No directional setup; confirmation score not applicable.,Wide CPR,Wide Downside Watch,Watch,Wide CPR + close below CPR; trend opposes; participation confirmed,0,0,0,0
2026-09-23,2026-09-23,CM,NSE,STK,9539,INE732S01012,SAKAR,EQ,,,,,SAKAR HEALTHCARE LIMITED,1198.0,1229.85,1151.0,1162.65,1163.45,1188.4,,1162.65,,,228348,271680296.45,16465,F1,1,,,,,,Cash Only,Unclassified,False,1181.1666666666667,1190.425,1171.9083333333335,1190.425,1171.9083333333335,18.516666666666424,1.5926260410842836,Wide,Bearish,Below CPR,False,False,0.9,60,102467304.05,Overlapping,True,Risk On,False,75.37857142857145,957.3820000000001,863.9175000000001,0.24564894658706518,2.6513852293550215,True,True,No setup,Neutral,0,Not applicable,No directional setup; confirmation score not applicable.,Wide CPR,Wide Downside Watch,Watch,Wide CPR + close below CPR; trend opposes; participation confirmed,0,0,0,0
2026-09-23,2026-09-23,CM,NSE,STK,762939,INE314H01012,TECHNVISN,EQ,,,,,TECHNVISION VENTURES LTD.,3982.5,4181.5,3982.5,4181.5,4181.5,3982.5,,4181.5,,,550,2275608.5,125,F1,1,,,,,,Cash Only,Unclassified,False,4115.166666666667,4082.0,4148.333333333334,4148.333333333334,4082.0,66.33333333333394,1.586352584798133,Wide,Bullish,Above CPR,False,False,0.7,60,2528499.35,Overlapping,True,Risk On,False,274.10714285714283,4701.723999999999,4851.051,0.24199782844734208,0.8999838184652885,False,False,No setup,Neutral,0,Not applicable,No directional setup; confirmation score not applicable.,Wide CPR,Wide Upside Watch,Watch,Wide CPR + close above CPR; trend opposes; participation light,0,0,0,0
2026-09-23,2026-09-23,CM,NSE,STK,8083,INE491V01019,CROWN,EQ,,,,,CROWN LIFTERS LIMITED,130.0,130.32,120.57,122.53,123.4,124.96,,122.53,,,45823,5754359.54,519,F1,1,,,,,,Cash Only,Unclassified,False,124.47333333333331,125.445,123.50166666666664,125.445,123.50166666666664,1.9433333333333564,1.5860061481542125,Wide,Bearish,Below CPR,False,False,0.9333333333333333,60,841982.0549999999,Lower,True,Risk On,False,6.908571428571428,111.3452,115.0457,0.2812930796801798,6.834301878322099,True,True,No setup,Neutral,0,Not applicable,No directional setup; confirmation score not applicable.,Wide CPR,Wide Downside Watch,Watch,Wide CPR + close below CPR; trend opposes; participation confirmed,0,0,0,0
2026-09-23,2026-09-23,CM,NSE,STK,7480,INE472B01011,BLUECOAST,EQ,,,,,BLUE COAST HOTELS LIMITED,20.82,20.82,19.83,20.82,20.82,19.83,,20.82,,,41,847.29,12,F1,1,,,,,,Cash Only,Unclassified,False,20.49,20.325,20.654999999999998,20.654999999999998,20.325,0.3299999999999983,1.5850144092218938,Wide,Bullish,Above CPR,False,False,0.5666666666666667,60,74503.625,Overlapping,True,Risk On,False,1.953571428571429,22.5102,,0.16892138939670842,0.011372466775945465,False,False,No setup,Neutral,0,Not applicable,No directional setup; confirmation score not applicable.,Wide CPR,Wide Upside Watch,Watch,Wide CPR + close above CPR; trend opposes; participation light,0,0,0,0
2026-09-23,2026-09-23,CM,NSE,STK,11943,INE942G01012,MCLEODRUSS,EQ,,,,,MCLEOD RUSSEL INDIA LTD.,45.69,47.2,44.96,47.2,47.2,44.96,,47.21,,,128566,5916206.22,735,F1,1,,,,,,Cash Only,Unclassified,False,46.45333333333334,46.08,46.82666666666668,46.82666666666668,46.08,0.7466666666666839,1.5819209039548385,Wide,Bullish,Above CPR,False,False,0.8,60,15002913.754999999,Overlapping,True,Risk On,False,2.104285714285715,42.9334,42.86639999999999,0.3548314098212346,0.39433714787757906,True,True,No setup,Neutral,0,Not applicable,No directional setup; confirmation score not applicable.,Wide CPR,Wide Upside Watch,Watch,Wide CPR + close above CPR; trend aligned; participation light,0,0,0,0
2026-09-23,2026-09-23,CM,NSE,STK,14450,INE069I01010,EMBDL,EQ,,,,,EMBASSY DEVELOPMENTS LTD,58.78,61.84,57.72,61.22,60.6,58.43,,61.22,,,4137653,247924790.25,24078,F1,1,,,,,,Cash Only,Unclassified,False,60.26,59.78,60.739999999999995,60.739999999999995,59.78,0.9599999999999937,1.5681149950996305,Wide,Bullish,Above CPR,False,False,0.95,60,125218881.265,Inside,True,Risk On,False,2.6107142857142844,60.8996,62.211600000000004,0.36771545827633156,1.9799313629493158,True,False,No setup,Neutral,0,Not applicable,No directional setup; confirmation score not applicable.,Wide CPR,Wide Upside Watch,Watch,Wide CPR + close above CPR; trend mixed; participation confirmed,0,0,0,0
2026-09-23,2026-09-23,CM,NSE,STK,7529,INE938A01021,LCCINFOTEC,EQ,,,,,LCC INFOTECH LTD,3.84,3.84,3.66,3.84,3.84,3.66,,3.74,,,67198,257316.84,134,F1,1,,,,,,Cash Only,Unclassified,False,3.78,3.75,3.8099999999999996,3.8099999999999996,3.75,0.05999999999999961,1.56249999999999,Wide,Bullish,Above CPR,False,False,0.6833333333333333,60,209983.43,Higher,True,Risk On,False,0.2928571428571428,3.8624,4.2613,0.2048780487804865,1.2254149767912639,False,False,No setup,Neutral,0,Not applicable,No directional setup; confirmation score not applicable.,Wide CPR,Wide Upside Watch,Watch,Wide CPR + close above CPR; trend opposes; participation confirmed,0,0,0,0
2026-09-23,2026-09-23,CM,NSE,STK,14305,INE00IK01029,OSWALSEEDS,EQ,,,,,SHREEOSWAL S AND CHE LTD,14.0,14.3,13.47,13.57,13.55,13.81,,13.57,,,121958,1685400.74,575,F1,1,,,,,,Cash Only,Unclassified,False,13.780000000000001,13.885000000000002,13.675,13.885000000000002,13.675,0.21000000000000085,1.5475313190862259,Wide,Bearish,Below CPR,False,False,0.85,60,640571.56,Overlapping,True,Risk On,False,1.3342857142857143,11.863800000000001,11.6105,0.1573875802997865,2.6310889293929938,True,True,No setup,Neutral,0,Not applicable,No directional setup; confirmation score not applicable.,Wide CPR,Wide Downside Watch,Watch,Wide CPR + close below CPR; trend opposes; participation confirmed,0,0,0,0
2026-09-23,2026-09-23,CM,NSE,STK,761148,INE0L4K01016,VITAL,EQ,,,,,VITAL CHEMTECH LIMITED,55.49,55.67,53.09,55.66,55.67,53.02,,55.66,,,13392,732990.8,81,F1,1,,,,,,Cash Only,Unclassified,False,54.80666666666667,54.38,55.23333333333334,55.23333333333334,54.38,0.8533333333333388,1.5331177386513455,Wide,Bullish,Above CPR,False,False,0.675,40,502862.475,Overlapping,True,Risk On,False,3.2450000000000006,,,0.26296866974833244,1.4576367027585426,False,False,No setup,Neutral,0,Not applicable,No directional setup; confirmation score not applicable.,Wide CPR,Wide Upside Watch,Watch,Wide CPR + close above CPR; trend opposes; participation confirmed,0,0,0,0
2026-09-23,2026-09-23,CM,NSE,STK,25807,INE080I01025,LLOYDSENT,EQ,,,,,LLOYDS ENTERPRISES LTD,70.7,74.5,70.44,74.15,74.42,70.41,,74.15,,,4441245,325531477.32,23232,F1,1,,,,,,Cash Only,Unclassified,False,73.03,72.47,73.59,73.59,72.47,1.1200000000000045,1.5104517869184146,Wide,Bullish,Above CPR,False,False,0.9833333333333333,60,234600151.95499998,Higher,True,Risk On,False,2.593571428571429,75.8978,73.7862,0.4318369595152868,1.3876013063386339,False,True,No setup,Neutral,0,Not applicable,No directional setup; confirmation score not applicable.,Wide CPR,Wide Upside Watch,Watch,Wide CPR + close above CPR; trend mixed; participation confirmed,0,0,0,0
2026-09-23,2026-09-23,CM,NSE,STK,20071,INE781A01025,INTENTECH,EQ,,,,,INTENSE TECHNOLOGIES LTD,82.0,84.5,79.15,83.69,84.25,81.35,,83.71,,,26912,2216907.66,283,F1,1,,,,,,Cash Only,Unclassified,False,82.44666666666667,81.825,83.06833333333334,83.06833333333334,81.825,1.2433333333333394,1.4856414545744288,Wide,Bullish,Above CPR,False,False,0.95,60,1587852.9500000002,Overlapping,True,Risk On,False,3.923571428571429,83.2192,91.3906,0.31688816068936376,1.396166855375367,True,False,No setup,Neutral,0,Not applicable,No directional setup; confirmation score not applicable.,Wide CPR,Wide Upside Watch,Watch,Wide CPR + close above CPR; trend mixed; participation confirmed,0,0,0,0
2026-09-23,2026-09-23,CM,NSE,STK,3857,INE665L01035,VARROC,EQ,,,,,VARROC ENGINEERING LTD.,866.55,877.85,832.25,836.5,836.6,864.5,,836.5,,,317228,269299490.1,21530,F1,1,,,,,,Cash Only,Unclassified,False,848.8666666666667,855.05,842.6833333333334,855.05,842.6833333333334,12.36666666666656,1.478382147838202,Wide,Bearish,Below CPR,False,False,0.9333333333333333,60,164971927.64999998,Lower,True,Risk On,False,37.8214285714286,781.27,688.3005,0.3269751337739976,1.6323958502281588,True,True,No setup,Neutral,0,Not applicable,No directional setup; confirmation score not applicable.,Wide CPR,Wide Downside Watch,Watch,Wide CPR + close below CPR; trend opposes; participation confirmed,0,0,0,0
2026-09-23,2026-09-23,CM,NSE,STK,7030,INE276G01015,ASIANENE,EQ,,,,,ASIAN ENERGY SERVICES LTD,493.6,513.0,488.0,489.7,488.7,489.6,,489.7,,,308700,154434845.65,11158,F1,1,,,,,,Cash Only,Unclassified,False,496.90000000000003,500.5,493.30000000000007,500.5,493.30000000000007,7.199999999999932,1.4702879313865493,Wide,Bearish,Below CPR,False,False,0.8166666666666667,60,147573247.0,Higher,True,Risk On,False,31.71428571428572,442.281,393.0725,0.22702702702702485,1.0464962233296935,True,True,No setup,Neutral,0,Not applicable,No directional setup; confirmation score not applicable.,Wide CPR,Wide Downside Watch,Watch,Wide CPR + close below CPR; trend opposes; participation confirmed,0,0,0,0
2026-09-23,2026-09-23,CM,NSE,STK,11491,INE372A01015,APARINDS,EQ,,,,,APAR INDUSTRIES LTD.,18300.0,18740.0,17799.0,17876.0,17920.0,18233.0,,17875.86,,,129819,2353896852.0,42882,F1,1,,,,,,Cash Only,Capital Goods,True,18138.333333333332,18269.5,18007.166666666664,18269.5,18007.166666666664,262.33333333333576,1.4675169687476828,Wide,Bearish,Below CPR,False,False,0.7833333333333333,60,2170857502.0,Lower,True,Risk On,False,875.0,16290.24,15120.52,0.2998095238095266,1.0843166121366172,True,True,No setup,Neutral,0,Not applicable,No directional setup; confirmation score not applicable.,Wide CPR,Wide Downside Watch,Watch,Wide CPR + close below CPR; trend opposes; participation confirmed,0,0,0,0
2026-09-23,2026-09-23,CM,NSE,STK,3736,INE711A01022,WALCHANNAG,EQ,,,,,WALCHANDNAGAR INDUSTRIES,199.95,216.0,199.95,212.63,213.38,199.05,,212.63,,,1487437,315065822.26,21672,F1,1,,,,,,Cash Only,Unclassified,False,209.52666666666664,207.975,211.0783333333333,211.0783333333333,207.975,3.103333333333296,1.4594992867108576,Wide,Bullish,Above CPR,False,False,0.9333333333333333,60,157580753.675,Higher,True,Risk On,False,9.755714285714285,223.58800000000002,238.66410000000005,0.3181041636159478,1.9993927869503825,False,False,No setup,Neutral,0,Not applicable,No directional setup; confirmation score not applicable.,Wide CPR,Wide Upside Watch,Watch,Wide CPR + close above CPR; trend opposes; participation confirmed,0,0,0,0
2026-09-23,2026-09-23,CM,NSE,STK,3912,INE731C01018,KHAITANLTD,EQ,,,,,KHAITAN (INDIA)LTD.,151.0,154.39,145.21,153.14,153.14,151.82,,150.35,,,3281,496506.7,157,F1,1,,,,,,Cash Only,Unclassified,False,150.91333333333333,149.8,152.02666666666664,152.02666666666664,149.8,2.226666666666631,1.4540072265029589,Wide,Bullish,Above CPR,False,False,0.65,60,586426.265,Outside,True,Risk On,False,9.775714285714283,143.5886,120.1144,0.22777534219883708,0.8466651813421079,True,True,No setup,Neutral,0,Not applicable,No directional setup; confirmation score not applicable.,Wide CPR,Wide Upside Watch,Watch,Wide CPR + close above CPR; trend aligned; participation light,0,0,0,0
2026-09-23,2026-09-23,CM,NSE,STK,14198,INE325A01013,TIMKEN,EQ,,,,,TIMKEN INDIA LTD.,3152.0,3299.0,3133.6,3287.9,3295.0,3178.5,,3287.63,,,55180,178670862.9,10700,F1,1,,,,,,Cash Only,Capital Goods,True,3240.1666666666665,3216.3,3264.033333333333,3264.033333333333,3216.3,47.733333333332666,1.451787868649675,Wide,Bullish,Above CPR,False,False,0.9666666666666667,60,105473294.9,Higher,True,Risk On,False,111.32857142857155,3180.382,3352.067,0.4287608537576393,1.6939914797333215,True,False,No setup,Neutral,0,Not applicable,No directional setup; confirmation score not applicable.,Wide CPR,Wide Upside Watch,Watch,Wide CPR + close above CPR; trend mixed; participation confirmed,0,0,0,0
2026-09-23,2026-09-23,CM,NSE,STK,760300,INE0G1L01025,LEMERITE,EQ,,,,,LE MERITE EXPORTS LIMITED,19.26,19.88,19.02,19.88,19.88,18.94,,19.88,,,198181,3890001.57,418,F1,1,,,,,,Cash Only,Unclassified,False,19.593333333333334,19.45,19.736666666666668,19.736666666666668,19.45,0.28666666666666885,1.441985244802157,Wide,Bullish,Above CPR,False,False,0.8333333333333334,60,7253680.11,Higher,True,Risk On,False,1.1892857142857145,21.6194,89.78790000000001,0.24104104104104282,0.5362797243618729,False,False,No setup,Neutral,0,Not applicable,No directional setup; confirmation score not applicable.,Wide CPR,Wide Upside Watch,Watch,Wide CPR + close above CPR; trend opposes; participation light,0,0,0,0
2026-09-23,2026-09-23,CM,NSE,STK,15002,INE550H01011,SUPREMEINF,EQ,,,,,SUPREME INFRA. LTD.,84.89,84.89,80.61,81.0,80.65,80.5,,80.92,,,12781,1042642.76,221,F1,1,,,,,,Cash Only,Unclassified,False,82.16666666666667,82.75,81.58333333333334,82.75,81.58333333333334,1.1666666666666572,1.4403292181069842,Wide,Bearish,Below CPR,False,False,0.75,60,4913039.734999999,Overlapping,True,Risk On,False,4.480000000000001,84.863,,0.26041666666666446,0.2122194845224471,False,False,No setup,Neutral,0,Not applicable,No directional setup; confirmation score not applicable.,Wide CPR,Wide Downside Watch,Watch,Wide CPR + close below CPR; trend aligned; participation light,0,0,0,0
2026-09-23,2026-09-23,CM,NSE,STK,762523,INE365O01028,ABANSENT,EQ,,,,,ABANS ENTERPRISES LTD.,27.7,28.38,26.5,26.86,27.34,27.29,,26.88,,,6771,184607.3,101,F1,1,,,,,,Cash Only,Unclassified,False,27.246666666666666,27.439999999999998,27.053333333333335,27.439999999999998,27.053333333333335,0.38666666666666316,1.4395631670389546,Wide,Bearish,Below CPR,False,False,0.8292682926829268,41,185128.07,Overlapping,True,Risk On,False,1.3557142857142856,,,0.285212504390584,0.9971869744010186,False,False,No setup,Neutral,0,Not applicable,No directional setup; confirmation score not applicable.,Wide CPR,Wide Downside Watch,Watch,Wide CPR + close below CPR; trend aligned; participation light,0,0,0,0
2026-09-23,2026-09-23,CM,NSE,STK,761439,INE313L01016,RSL,EQ,,,,,RAJPUTANA STAINLESS LTD,187.0,192.65,183.33,184.02,185.36,187.27,,184.03,,,251660,46910355.23,7482,F1,1,,,,,,Cash Only,Unclassified,False,186.66666666666666,187.99,185.3433333333333,187.99,185.3433333333333,2.646666666666704,1.438249465637813,Wide,Bearish,Below CPR,False,False,0.9166666666666666,60,56848799.71,Lower,True,Risk On,False,9.131428571428572,161.7654,146.502,0.2898414685022986,0.825177584562937,True,True,No setup,Neutral,0,Not applicable,No directional setup; confirmation score not applicable.,Wide CPR,Wide Downside Watch,Watch,Wide CPR + close below CPR; trend opposes; participation light,0,0,0,0
2026-09-23,2026-09-23,CM,NSE,STK,17130,INE883N01014,PARAGMILK,EQ,,,,,PARAG MILK FOODS LTD.,281.95,286.2,263.2,268.9,268.0,279.4,,268.81,,,2858071,784656846.5,47549,F1,1,,,,,,Cash Only,Unclassified,False,272.76666666666665,274.7,270.8333333333333,274.7,270.8333333333333,3.8666666666666742,1.4379571092103662,Wide,Bearish,Below CPR,False,False,0.8833333333333333,60,127926535.38,Lower,True,Risk On,False,14.89999999999999,235.71059999999997,231.11880000000002,0.25950782997762933,6.133651975872029,True,True,No setup,Neutral,0,Not applicable,No directional setup; confirmation score not applicable.,Wide CPR,Wide Downside Watch,Watch,Wide CPR + close below CPR; trend opposes; participation confirmed,0,0,0,0
2026-09-23,2026-09-23,CM,NSE,STK,3021,INE035D01020,SOTL,EQ,,,,,SAVITA OIL TECHNOLO. LTD,720.0,748.9,713.1,715.6,717.75,724.35,,715.59,,,247265,180909220.45,10937,F1,1,,,,,,Cash Only,Unclassified,False,725.8666666666667,731.0,720.7333333333333,731.0,720.7333333333333,10.266666666666652,1.4346934972983023,Wide,Bearish,Below CPR,False,False,0.8833333333333333,60,167804760.55,Outside,True,Risk On,False,37.74642857142859,677.779,589.9354999999999,0.2719904122118139,1.0780934930394617,True,True,No setup,Neutral,0,Not applicable,No directional setup; confirmation score not applicable.,Wide CPR,Wide Downside Watch,Watch,Wide CPR + close below CPR; trend opposes; participation confirmed,0,0,0,0
2026-09-23,2026-09-23,CM,NSE,STK,760715,INE115S01010,HALDER,EQ,,,,,HALDER VENTURE LIMITED,278.65,283.75,260.0,266.15,266.0,277.3,,266.15,,,60410,16354777.65,1219,F1,1,,,,,,Cash Only,Unclassified,False,269.96666666666664,271.875,268.0583333333333,271.875,268.0583333333333,3.8166666666667197,1.4340284300833066,Wide,Bearish,Below CPR,False,False,0.8333333333333334,60,6777184.725,Lower,True,Risk On,False,20.19285714285714,270.2376,252.05079999999998,0.18901072986676365,2.413211136132932,False,True,No setup,Neutral,0,Not applicable,No directional setup; confirmation score not applicable.,Wide CPR,Wide Downside Watch,Watch,Wide CPR + close below CPR; trend mixed; participation confirmed,0,0,0,0
2026-09-23,2026-09-23,CM,NSE,STK,14403,INE952H01027,RAJTV,EQ,,,,,RAJ TV NETWORK LTD,9.55,9.77,9.35,9.77,9.77,9.31,,9.77,,,82629,800879.41,118,F1,1,,,,,,Cash Only,Unclassified,False,9.629999999999999,9.559999999999999,9.7,9.7,9.559999999999999,0.14000000000000057,1.4329580348004154,Wide,Bullish,Above CPR,False,False,0.7666666666666667,60,351532.465,Higher,True,Risk On,False,0.5321428571428569,10.174,13.1052,0.2630872483221488,2.2782516260624748,False,False,No setup,Neutral,0,Not applicable,No directional setup; confirmation score not applicable.,Wide CPR,Wide Upside Watch,Watch,Wide CPR + close above CPR; trend opposes; participation confirmed,0,0,0,0
2026-09-23,2026-09-23,CM,NSE,STK,10733,INE885H01029,SPORTKING,EQ,,,,,SPORTKING INDIA LIMITED,215.01,221.5,210.0,211.26,210.0,214.49,,211.26,,,203482,43978126.3,5807,F1,1,,,,,,Cash Only,Unclassified,False,214.25333333333333,215.75,212.75666666666666,215.75,212.75666666666666,2.9933333333333394,1.4168954526807438,Wide,Bearish,Below CPR,False,False,0.9,60,72383150.055,Outside,True,Risk On,False,9.655,211.8204,191.5517,0.3100293457621274,0.6075740868777253,False,True,No setup,Neutral,0,Not applicable,No directional setup; confirmation score not applicable.,Wide CPR,Wide Downside Watch,Watch,Wide CPR + close below CPR; trend mixed; participation light,0,-2,0,-2
2026-09-23,2026-09-23,CM,NSE,STK,756090,INE0OC301013,TURTLEMINT,EQ,,,,,TURTLEMINT FINTECH SOLS L,141.36,143.37,135.0,136.3,135.99,140.23,,136.3,,,1014985,141489825.01,14169,F1,1,,,,,,Cash Only,Unclassified,False,138.22333333333333,139.185,137.26166666666666,139.185,137.26166666666666,1.9233333333333462,1.4111029591587279,Wide,Bearish,Below CPR,False,False,0.7833333333333333,60,120325903.13,Overlapping,True,Risk On,False,6.846428571428571,134.4656,,0.2809250565119129,1.1758883276956127,True,False,No setup,Neutral,0,Not applicable,No directional setup; confirmation score not applicable.,Wide CPR,Wide Downside Watch,Watch,Wide CPR + close below CPR; trend mixed; participation confirmed,0,0,0,0
2026-09-23,2026-09-23,CM,NSE,STK,4568,INE446A01025,ATLASCYCLE,EQ,,,,,ATLAS CYCLE (HARYANA) LTD,97.15,108.0,97.15,100.46,99.9,93.55,,100.46,,,239595,24665299.17,5011,F1,1,,,,,,Cash Only,Unclassified,False,101.87,102.575,101.165,102.575,101.165,1.4099999999999966,1.4035436989846672,Wide,Bearish,Below CPR,False,False,0.8833333333333333,60,375729.54000000004,Higher,True,Risk On,False,6.953571428571428,96.99519999999998,98.13980000000001,0.20277349768875144,65.64641994877485,True,True,No setup,Neutral,0,Not applicable,No directional setup; confirmation score not applicable.,Wide CPR,Wide Downside Watch,Watch,Wide CPR + close below CPR; trend opposes; participation confirmed,0,0,0,0
2026-09-23,2026-09-23,CM,NSE,STK,14008,INE488D01021,AVTNPL,EQ,,,,,AVT NATURAL PRODUCTS LTD,100.0,102.0,95.8,96.88,97.2,98.26,,96.88,,,1064371,105142835.74,14084,F1,1,,,,,,Cash Only,Unclassified,False,98.22666666666667,98.9,97.55333333333334,98.9,97.55333333333334,1.346666666666664,1.3900357830993642,Wide,Bearish,Below CPR,False,False,0.9,60,4865476.65,Higher,True,Risk On,False,4.644285714285714,80.715,75.1883,0.28996206295498766,21.609976432627622,True,True,No setup,Neutral,0,Not applicable,No directional setup; confirmation score not applicable.,Wide CPR,Wide Downside Watch,Watch,Wide CPR + close below CPR; trend opposes; participation confirmed,0,0,0,0
2026-09-23,2026-09-23,CM,NSE,STK,9260,INE570D01018,ARROWGREEN,EQ,,,,,ARROW GREENTECH LIMITED,940.05,948.9,888.6,900.0,902.6,913.05,,900.12,,,89479,82431219.5,7499,F1,1,,,,,,Cash Only,Unclassified,False,912.5,918.75,906.25,918.75,906.25,12.5,1.3888888888888888,Wide,Bearish,Below CPR,False,False,0.7833333333333333,60,27941058.200000003,Outside,True,Risk On,False,69.41428571428573,584.665,503.659,0.18007820539205596,2.950182448709118,True,True,No setup,Neutral,0,Not applicable,No directional setup; confirmation score not applicable.,Wide CPR,Wide Downside Watch,Watch,Wide CPR + close below CPR; trend opposes; participation confirmed,0,0,0,0
2026-09-23,2026-09-23,CM,NSE,STK,1491,INE039A01010,IFCI,EQ,,,,,IFCI LTD,76.3,80.07,75.6,79.49,79.95,75.94,,79.48,,,77513063,6079702845.24,177255,F1,1,,,,,,Cash Only,Financial Services,True,78.38666666666666,77.835,78.93833333333332,78.93833333333332,77.835,1.1033333333333246,1.3880152639744932,Wide,Bullish,Above CPR,False,False,0.8833333333333333,60,2448648352.5950003,Higher,True,Risk On,False,5.940000000000002,79.697,76.056,0.18574635241301754,2.482881153105109,False,True,No setup,Neutral,0,Not applicable,No directional setup; confirmation score not applicable.,Wide CPR,Wide Upside Watch,Watch,Wide CPR + close above CPR; trend mixed; participation confirmed,0,0,0,0
2026-09-23,2026-09-23,CM,NSE,STK,13580,INE855R01021,RADIANTCMS,EQ,,,,,RADIANT CASH MGMT SER LTD,35.24,35.99,33.62,35.54,35.6,35.24,,35.54,,,455125,15958020.4,1944,F1,1,,,,,,Cash Only,Unclassified,False,35.050000000000004,34.805,35.29500000000001,35.29500000000001,34.805,0.4900000000000091,1.378728193584719,Wide,Bullish,Above CPR,False,False,0.8833333333333333,60,6768139.795,Lower,True,Risk On,False,2.2792857142857144,37.6016,38.7792,0.21497963020996952,2.357814832930767,False,False,No setup,Neutral,0,Not applicable,No directional setup; confirmation score not applicable.,Wide CPR,Wide Upside Watch,Watch,Wide CPR + close above CPR; trend opposes; participation confirmed,0,0,0,0
2026-09-23,2026-09-23,CM,NSE,STK,4391,INE635Q01029,GULFOILLUB,EQ,,,,,GULF OIL LUB. IND. LTD.,1048.0,1104.3,1048.0,1098.7,1100.0,1050.9,,1098.68,,,68465,74023904.5,4502,F1,1,,,,,,Cash Only,Unclassified,False,1083.6666666666667,1076.15,1091.1833333333334,1091.1833333333334,1076.15,15.033333333333303,1.3682837292557843,Wide,Bullish,Above CPR,False,False,0.9833333333333333,60,59929604.45,Higher,True,Risk On,False,32.407142857142844,1100.144,1040.9095,0.4638895011387841,1.2351809290141242,False,True,No setup,Neutral,0,Not applicable,No directional setup; confirmation score not applicable.,Wide CPR,Wide Upside Watch,Watch,Wide CPR + close above CPR; trend mixed; participation confirmed,0,0,0,0
2026-09-23,2026-09-23,CM,NSE,STK,9305,INE992I01013,STARTECK,EQ,,,,,STARTECK FINANCE LIMITED,268.0,268.0,250.1,253.85,258.95,242.0,,253.85,,,621,160049.25,53,F1,1,,,,,,Cash Only,Unclassified,False,257.31666666666666,259.05,255.58333333333331,259.05,255.58333333333331,3.466666666666697,1.3656358742039383,Wide,Bearish,Below CPR,False,False,0.8666666666666667,60,1846982.0,Higher,True,Risk On,False,17.732142857142854,255.35899999999998,260.8925,0.19550184625713501,0.08665447199810285,False,False,No setup,Neutral,0,Not applicable,No directional setup; confirmation score not applicable.,Wide CPR,Wide Downside Watch,Watch,Wide CPR + close below CPR; trend aligned; participation light,0,0,0,0
2026-09-23,2026-09-23,CM,NSE,STK,20196,INE844K01012,BEDMUTHA,EQ,,,,,BEDMUTHA INDUST LTD,102.0,105.0,100.5,104.89,104.89,102.57,,104.89,,,5964,608525.7,73,F1,1,,,,,,Cash Only,Unclassified,False,103.46333333333332,102.75,104.17666666666665,104.17666666666665,102.75,1.426666666666648,1.3601550831029157,Wide,Bullish,Above CPR,False,False,0.8833333333333333,60,323618.565,Outside,True,Risk On,False,5.004999999999998,108.81819999999999,112.434,0.28504828504828145,1.8803794522727704,False,False,No setup,Neutral,0,Not applicable,No directional setup; confirmation score not applicable.,Wide CPR,Wide Upside Watch,Watch,Wide CPR + close above CPR; trend opposes; participation confirmed,0,0,0,0
2026-09-23,2026-09-23,CM,NSE,STK,24145,INE03DD01011,RETAIL,EQ,,,,,JHS SVENDGAARD RETAIL V L,17.13,17.3,16.5,17.25,17.0,17.11,,17.25,,,3320,56657.05,70,F1,1,,,,,,Cash Only,Unclassified,False,17.016666666666666,16.9,17.133333333333333,17.133333333333333,16.9,0.23333333333333428,1.3526570048309234,Wide,Bullish,Above CPR,False,False,0.6666666666666666,60,54876.45,Lower,True,Risk On,False,1.3535714285714289,17.293799999999997,18.1064,0.17238346525945536,1.032447434190805,False,False,No setup,Neutral,0,Not applicable,No directional setup; confirmation score not applicable.,Wide CPR,Wide Upside Watch,Watch,Wide CPR + close above CPR; trend opposes; participation confirmed,0,0,0,0
2026-09-23,2026-09-23,CM,NSE,STK,25023,INE336H01023,GAYAPROJ,EQ,,,,,GAYATRI PROJECTS LTD,23.9,24.36,23.0,24.17,24.25,23.68,,24.18,,,858564,20403654.57,2891,F1,1,,,,,,Cash Only,Unclassified,False,23.843333333333334,23.68,24.006666666666668,24.006666666666668,23.68,0.326666666666668,1.3515377189353246,Wide,Bullish,Above CPR,False,False,0.5294117647058824,17,32849583.61,Overlapping,False,Risk On,False,1.4057142857142855,,,0.23238482384823947,0.6211236894883734,False,False,No setup,Neutral,0,Not applicable,No directional setup; confirmation score not applicable.,Wide CPR,Wide Upside Watch,Watch,Wide CPR + close above CPR; trend opposes; participation light,0,0,0,0
2026-09-23,2026-09-23,CM,NSE,STK,764743,INE533C01018,KJMCFIN,EQ,,,,,K J M C FINANCIAL SERV L,61.8,61.8,58.71,61.5,61.5,61.8,,61.5,,,2220,132731.25,78,F1,1,,,,,,Cash Only,Unclassified,False,60.669999999999995,60.254999999999995,61.084999999999994,61.084999999999994,60.254999999999995,0.8299999999999983,1.3495934959349567,Wide,Bullish,Above CPR,False,False,0.5555555555555556,27,82320.3,Lower,True,Risk On,False,3.516428571428572,,,0.23603493804590645,1.6123756837620853,False,False,No setup,Neutral,0,Not applicable,No directional setup; confirmation score not applicable.,Wide CPR,Wide Upside Watch,Watch,Wide CPR + close above CPR; trend opposes; participation confirmed,0,0,0,0
2026-09-23,2026-09-23,CM,NSE,STK,764960,INE440G01017,TRITONV,EQ,,,,,TRITON VALVES LTD.,1062.1,1160.0,1062.1,1133.8,1133.1,1080.1,,1132.86,,,4857,5485357.1,667,F1,1,,,,,,Cash Only,Unclassified,False,1118.6333333333332,1111.05,1126.2166666666665,1126.2166666666665,1111.05,15.166666666666515,1.3376844828599854,Wide,Bullish,Above CPR,False,False,0.9259259259259259,27,2500731.4,Higher,True,Risk On,False,49.185714285714276,,,0.3083551166618229,2.1935011093154584,False,False,No setup,Neutral,0,Not applicable,No directional setup; confirmation score not applicable.,Wide CPR,Wide Upside Watch,Watch,Wide CPR + close above CPR; trend opposes; participation confirmed,0,0,0,0
2026-09-23,2026-09-23,CM,NSE,STK,759210,INE0MWH01014,TRUALT,EQ,,,,,TRUALT BIOENERGY LIMITED,418.7,445.0,415.2,438.9,436.05,414.45,,438.81,,,864019,367001713.15,11442,F1,1,,,,,,Cash Only,Unclassified,False,433.0333333333333,430.1,435.9666666666666,435.9666666666666,430.1,5.866666666666561,1.336675020885523,Wide,Bullish,Above CPR,False,False,0.9333333333333333,60,95188403.625,Higher,True,Risk On,False,15.914285714285711,438.03600000000006,457.959,0.3686415320167498,3.8555296566987676,True,False,No setup,Neutral,0,Not applicable,No directional setup; confirmation score not applicable.,Wide CPR,Wide Upside Watch,Watch,Wide CPR + close above CPR; trend mixed; participation confirmed,0,0,0,0
2026-09-23,2026-09-23,CM,NSE,STK,750290,INE1CLE01013,VISL,EQ,,,,,VEDANTA IRON AND STEEL L,32.55,33.82,32.47,33.82,33.82,32.21,,33.82,,,10439050,348162135.6,15226,F1,1,,,,,,Cash Only,Unclassified,False,33.37,33.144999999999996,33.595,33.595,33.144999999999996,0.45000000000000284,1.330573625073929,Wide,Bullish,Above CPR,False,False,0.6833333333333333,60,960452084.075,Higher,True,Risk On,False,1.4221428571428572,34.5604,,0.3164239075841306,0.3624981832751301,False,False,No setup,Neutral,0,Not applicable,No directional setup; confirmation score not applicable.,Wide CPR,Wide Upside Watch,Watch,Wide CPR + close above CPR; trend opposes; participation light,0,0,0,0
2026-09-23,2026-09-23,CM,NSE,STK,3672,INE624Z01016,SOLARA,EQ,,,,,SOLARA ACTIVE PHA SCI LTD,744.55,759.5,715.0,722.9,728.0,744.55,,722.93,,,491844,360971331.0,20826,F1,1,,,,,,Cash Only,Unclassified,False,732.4666666666667,737.25,727.6833333333334,737.25,727.6833333333334,9.566666666666606,1.3233734495319693,Wide,Bearish,Below CPR,False,False,0.8666666666666667,60,143753410.3,Lower,True,Risk On,False,41.85000000000001,598.191,577.5169999999999,0.2285941855834314,2.511045339701412,True,True,No setup,Neutral,0,Not applicable,No directional setup; confirmation score not applicable.,Wide CPR,Wide Downside Watch,Watch,Wide CPR + close below CPR; trend opposes; participation confirmed,0,0,0,0
2026-09-23,2026-09-23,CM,NSE,STK,25634,INE122M01019,ESSARSHPNG,EQ,,,,,ESSAR SHIPPING LTD,15.61,16.5,15.61,16.38,16.43,15.63,,16.37,,,214690,3498602.7,790,F1,1,,,,,,Cash Only,Unclassified,False,16.16333333333333,16.055,16.27166666666666,16.27166666666666,16.055,0.21666666666666146,1.322751322751291,Wide,Bullish,Above CPR,False,False,0.8333333333333334,60,2816289.705,Higher,True,Risk On,False,0.7892857142857136,18.035999999999998,20.869100000000003,0.27450980392156227,1.2422737241089337,False,False,No setup,Neutral,0,Not applicable,No directional setup; confirmation score not applicable.,Wide CPR,Wide Upside Watch,Watch,Wide CPR + close above CPR; trend opposes; participation confirmed,0,-2,0,-2
2026-09-23,2026-09-23,CM,NSE,STK,760224,INE14UN01029,VIDYAWIRES,EQ,,,,,VIDYA WIRES LIMITED,84.9,89.0,84.9,88.71,89.0,84.77,,88.71,,,1131104,98862710.53,8501,F1,1,,,,,,Cash Only,Unclassified,False,87.53666666666668,86.95,88.12333333333335,88.12333333333335,86.95,1.1733333333333462,1.3226618569872013,Wide,Bullish,Above CPR,False,False,0.9,60,70385533.85,Higher,True,Risk On,False,3.1392857142857133,89.7878,93.42800000000001,0.37375805839970083,1.4045884874680112,False,False,No setup,Neutral,0,Not applicable,No directional setup; confirmation score not applicable.,Wide CPR,Wide Upside Watch,Watch,Wide CPR + close above CPR; trend opposes; participation confirmed,0,0,-2,-2
2026-09-23,2026-09-23,CM,NSE,STK,4732,INE411D01023,SKMEGGPROD,EQ,,,,,SKM EGG PROD EXPORT(I) LT,220.95,229.9,220.5,229.75,229.85,221.25,,229.72,,,176443,40220694.55,2882,F1,1,,,,,,Cash Only,Unclassified,False,226.71666666666667,225.2,228.23333333333335,228.23333333333335,225.2,3.03333333333336,1.320275661951408,Wide,Bullish,Above CPR,False,False,0.7833333333333333,60,90080516.87,Higher,True,Risk On,False,8.985714285714284,263.278,250.59799999999998,0.33757286698463473,0.4464971555174869,False,False,No setup,Neutral,0,Not applicable,No directional setup; confirmation score not applicable.,Wide CPR,Wide Upside Watch,Watch,Wide CPR + close above CPR; trend opposes; participation light,0,-2,0,-2
2026-09-23,2026-09-23,CM,NSE,STK,1085,INE524A01029,GABRIEL,EQ,,,,,GABRIEL INDIA LTD,1475.5,1494.9,1417.3,1428.1,1427.0,1471.4,,1428.06,,,1533195,2231029856.2,73855,F1,1,,,,,,Cash Only,Automobile and Auto Components,True,1446.7666666666664,1456.1,1437.433333333333,1456.1,1437.433333333333,18.66666666666697,1.307098009009661,Wide,Bearish,Below CPR,False,False,0.8833333333333333,60,385289784.65,Overlapping,True,Risk On,False,64.46428571428575,1407.0040000000001,1272.784,0.2895660203139473,5.790524288690092,True,True,No setup,Neutral,0,Not applicable,No directional setup; confirmation score not applicable.,Wide CPR,Wide Downside Watch,Watch,Wide CPR + close below CPR; trend opposes; participation confirmed,0,0,0,0
2026-09-23,2026-09-23,CM,NSE,STK,3813,INE420B01036,ARIHANTCAP,EQ,,,,,ARIHANT CAPITAL MKTS LTD,93.0,98.8,93.0,94.06,95.35,90.99,,94.06,,,10557223,1015399060.08,74884,F1,1,,,,,,Cash Only,Unclassified,False,95.28666666666668,95.9,94.67333333333335,95.9,94.67333333333335,1.2266666666666595,1.3041321142533058,Wide,Bearish,Below CPR,False,False,0.9,60,12885807.5,Higher,True,Risk On,False,3.738571428571429,78.00319999999999,73.8373,0.32811106865367273,78.79980048437011,True,True,No setup,Neutral,0,Not applicable,No directional setup; confirmation score not applicable.,Wide CPR,Wide Downside Watch,Watch,Wide CPR + close below CPR; trend opposes; participation confirmed,0,0,0,0
2026-09-23,2026-09-23,CM,NSE,STK,765125,INE588G01021,MLKFOOD,EQ,,,,,MILKFOOD LTD.,83.5,87.0,82.0,82.88,82.49,82.45,,82.96,,,2130,177049.64,95,F1,1,,,,,,Cash Only,Unclassified,False,83.96,84.5,83.41999999999999,84.5,83.41999999999999,1.0800000000000125,1.3030888030888181,Wide,Bearish,Below CPR,False,False,0.7777777777777778,27,283036.07,Higher,True,Risk On,False,4.97357142857143,,,0.21714778112882624,0.6255373740880447,False,False,No setup,Neutral,0,Not applicable,No directional setup; confirmation score not applicable.,Wide CPR,Wide Downside Watch,Watch,Wide CPR + close below CPR; trend aligned; participation light,0,0,0,0
2026-09-23,2026-09-23,CM,NSE,STK,5528,INE823A01017,KOTHARIPRO,EQ,,,,,KOTHARI PRODUCTS LTD,65.6,76.4,65.6,69.64,69.55,63.67,,69.65,,,132714,9495556.51,1997,F1,1,,,,,,Cash Only,Unclassified,False,70.54666666666667,71.0,70.09333333333333,71.0,70.09333333333333,0.9066666666666663,1.3019337545471945,Wide,Bearish,Below CPR,False,False,0.9833333333333333,60,505568.78,Higher,True,Risk On,False,3.1978571428571434,67.41820000000001,69.48989999999999,0.2835231926141015,18.78192816811196,True,True,No setup,Neutral,0,Not applicable,No directional setup; confirmation score not applicable.,Wide CPR,Wide Downside Watch,Watch,Wide CPR + close below CPR; trend opposes; participation confirmed,0,0,0,0
2026-09-23,2026-09-23,CM,NSE,STK,9553,INE00F201020,PRUDENT,EQ,,,,,PRUDENT CORP ADV SER LTD,3400.0,3498.0,3338.3,3352.7,3342.0,3403.7,,3352.82,,,24467,83204152.9,4159,F1,1,,,,,,Cash Only,Unclassified,False,3396.3333333333335,3418.15,3374.516666666667,3418.15,3374.516666666667,43.63333333333321,1.3014386414929227,Wide,Bearish,Below CPR,False,False,0.9,60,69863119.6,Overlapping,True,Risk On,False,135.50000000000009,3258.204,3056.2259999999997,0.32201722017220064,1.1909595989469672,True,True,No setup,Neutral,0,Not applicable,No directional setup; confirmation score not applicable.,Wide CPR,Wide Downside Watch,Watch,Wide CPR + close below CPR; trend opposes; participation confirmed,0,0,0,0
2026-09-23,2026-09-23,CM,NSE,STK,11634,INE658G01014,SALSTEEL,EQ,,,,,S.A.L. STEEL LTD.,82.95,85.02,81.72,85.02,85.02,80.98,,85.02,,,359860,30248022.69,2037,F1,1,,,,,,Cash Only,Unclassified,False,83.92,83.37,84.47,84.47,83.37,1.0999999999999943,1.2938132204187185,Wide,Bullish,Above CPR,False,False,0.6206896551724138,58,23863664.229999997,Higher,True,Risk On,False,4.652142857142857,69.0334,,0.23645017656993586,1.2675347087717554,True,False,No setup,Neutral,0,Not applicable,No directional setup; confirmation score not applicable.,Wide CPR,Wide Upside Watch,Watch,Wide CPR + close above CPR; trend mixed; participation confirmed,0,0,0,0
2026-09-23,2026-09-23,CM,NSE,STK,781,INE495A01022,DALMIASUG,EQ,,,,,DALMIA BHARAT SUG IN LTD,389.0,411.6,388.15,407.75,408.5,388.1,,407.82,,,236658,96003686.75,9920,F1,1,,,,,,Cash Only,Unclassified,False,402.5,399.875,405.125,405.125,399.875,5.25,1.2875536480686696,Wide,Bullish,Above CPR,False,False,0.8,60,87366888.8,Higher,True,Risk On,False,18.96071428571427,416.161,382.14099999999996,0.27688830288189886,1.0988566500264343,False,True,No setup,Neutral,0,Not applicable,No directional setup; confirmation score not applicable.,Wide CPR,Wide Upside Watch,Watch,Wide CPR + close above CPR; trend mixed; participation confirmed,0,0,0,0
2026-09-23,2026-09-23,CM,NSE,STK,27061,INE622W01025,ACMESOLAR,EQ,,,,,ACME SOLAR HOLDINGS LTD,461.6,476.4,445.6,452.3,455.3,458.65,,452.23,,,2719156,1239365039.35,95699,F1,1,,,,,,Cash Only,Power,True,458.09999999999997,461.0,455.19999999999993,461.0,455.19999999999993,5.800000000000068,1.2823347335839195,Wide,Bearish,Below CPR,False,False,0.95,60,567379979.625,Outside,True,Risk On,False,20.6642857142857,391.36100000000005,361.26599999999996,0.28067749740753895,2.184365123649828,True,True,No setup,Neutral,0,Not applicable,No directional setup; confirmation score not applicable.,Wide CPR,Wide Downside Watch,Watch,Wide CPR + close below CPR; trend opposes; participation confirmed,0,0,0,0
2026-09-23,2026-09-23,CM,NSE,STK,29877,INE370E01029,VIVIDHA,EQ,,,,,VISAGAR POLYTEX LTD,0.52,0.54,0.52,0.52,0.53,0.52,,0.52,,,139801,73964.35,149,F1,1,,,,,,Cash Only,Unclassified,False,0.5266666666666667,0.53,0.5233333333333334,0.53,0.5233333333333334,0.006666666666666599,1.282051282051269,Wide,Bearish,Below CPR,False,False,0.5833333333333334,60,105384.625,Inside,True,Risk On,False,0.029285714285714304,0.5212,0.5283000000000001,0.22764227642276177,0.7018514323128255,False,False,No setup,Neutral,0,Not applicable,No directional setup; confirmation score not applicable.,Wide CPR,Wide Downside Watch,Watch,Wide CPR + close below CPR; trend aligned; participation light,0,0,0,0
2026-09-23,2026-09-23,CM,NSE,STK,14223,INE545H01011,TIIL,EQ,,,,,TECHNOCRAFT IND LTD,3004.6,3155.3,3000.0,3019.9,3025.0,2983.0,,3019.94,,,47403,145283374.3,9122,F1,1,,,,,,Cash Only,Unclassified,False,3058.4,3077.65,3039.15,3077.65,3039.15,38.5,1.2748766515447532,Wide,Bearish,Below CPR,False,False,0.9333333333333333,60,68943316.55,Higher,True,Risk On,False,136.8928571428571,2940.468,2735.3179999999998,0.2812418471171407,2.1072872842523562,True,True,No setup,Neutral,0,Not applicable,No directional setup; confirmation score not applicable.,Wide CPR,Wide Downside Watch,Watch,Wide CPR + close below CPR; trend opposes; participation confirmed,0,0,0,0
2026-09-23,2026-09-23,CM,NSE,STK,14900,INE280H01015,SAHYADRI,EQ,,,,,SAHYADRI INDUSTRIES LTD,360.25,371.0,354.1,369.6,370.0,360.25,,369.31,,,6499,2358786.35,642,F1,1,,,,,,Cash Only,Unclassified,False,364.90000000000003,362.55,367.25000000000006,367.25000000000006,362.55,4.7000000000000455,1.271645021645034,Wide,Bullish,Above CPR,False,False,0.8333333333333334,60,3147764.225,Overlapping,True,Risk On,False,20.857142857142858,341.525,314.5435,0.22534246575342684,0.7493529316033827,True,True,No setup,Neutral,0,Not applicable,No directional setup; confirmation score not applicable.,Wide CPR,Wide Upside Watch,Watch,Wide CPR + close above CPR; trend aligned; participation light,0,0,0,0
2026-09-23,2026-09-23,CM,NSE,STK,15157,INE508K01013,RHL,EQ,,,,,ROBUST HOTELS LIMITED,174.0,179.69,173.1,173.1,173.1,174.82,,173.1,,,467,81486.16,19,F1,1,,,,,,Cash Only,Unclassified,False,175.29666666666665,176.39499999999998,174.19833333333332,176.39499999999998,174.19833333333332,2.1966666666666583,1.2690159830541066,Wide,Bearish,Below CPR,False,False,0.9166666666666666,60,457901.12,Overlapping,True,Risk On,False,7.090000000000002,170.388,175.74230000000003,0.30982604607428177,0.1779557997150127,True,False,No setup,Neutral,0,Not applicable,No directional setup; confirmation score not applicable.,Wide CPR,Wide Downside Watch,Watch,Wide CPR + close below CPR; trend mixed; participation light,0,0,0,0
2026-09-23,2026-09-23,CM,NSE,STK,760981,INE501X01029,AYE,EQ,,,,,AYE FINANCE LIMITED,184.7,188.9,179.29,180.66,182.0,183.43,,180.67,,,674407,124047375.31,11557,F1,1,,,,,,Cash Only,Unclassified,False,182.95000000000002,184.095,181.80500000000004,184.095,181.80500000000004,2.2899999999999636,1.2675744492416494,Wide,Bearish,Below CPR,False,False,0.8166666666666667,60,127500633.06,Lower,True,Risk On,False,8.593571428571428,174.6184,164.0984,0.2664782644834136,0.9729157599682274,True,True,No setup,Neutral,0,Not applicable,No directional setup; confirmation score not applicable.,Wide CPR,Wide Downside Watch,Watch,Wide CPR + close below CPR; trend opposes; participation light,0,0,0,0
2026-09-23,2026-09-23,CM,NSE,STK,5206,INE449C01025,ANDREWYU,EQ,,,,,ANDREW YULE & CO. LTD.,26.75,28.99,26.13,28.09,28.0,26.49,,28.08,,,506185,14262319.41,3812,F1,1,,,,,,Cash Only,Unclassified,False,27.736666666666665,27.56,27.91333333333333,27.91333333333333,27.56,0.3533333333333317,1.2578616352201202,Wide,Bullish,Above CPR,False,False,0.8518518518518519,27,1744167.79,Higher,True,Risk On,False,1.2828571428571434,,,0.27542687453600456,8.177148719160787,False,False,No setup,Neutral,0,Not applicable,No directional setup; confirmation score not applicable.,Wide CPR,Wide Upside Watch,Watch,Wide CPR + close above CPR; trend opposes; participation confirmed,0,0,0,0
2026-09-23,2026-09-23,CM,NSE,STK,14255,INE891D01026,REDINGTON,EQ,,,,,REDINGTON LIMITED,412.95,419.5,397.1,400.75,397.95,410.35,,400.76,,,4661529,1905503820.1,81549,F1,1,,,,,,Cash Only,Services,True,405.7833333333333,408.3,403.2666666666666,408.3,403.2666666666666,5.033333333333417,1.255978373882325,Wide,Bearish,Below CPR,False,False,0.85,60,1207408974.525,Overlapping,True,Risk On,False,16.310714285714283,342.06700000000006,293.9527,0.30859061382381364,1.578175962166948,True,True,No setup,Neutral,0,Not applicable,No directional setup; confirmation score not applicable.,Wide CPR,Wide Downside Watch,Watch,Wide CPR + close below CPR; trend opposes; participation confirmed,0,0,0,0
2026-09-23,2026-09-23,CM,NSE,STK,750518,INE694L01019,VEDPOWER,EQ,,,,,VEDANTA POWER LIMITED,31.29,33.44,31.28,32.98,33.3,31.07,,32.98,,,28255830,927133035.65,79057,F1,1,,,,,,Cash Only,Unclassified,False,32.56666666666666,32.36,32.773333333333326,32.773333333333326,32.36,0.4133333333333269,1.2532848190822528,Wide,Bullish,Above CPR,False,False,0.8833333333333333,60,654996199.365,Higher,True,Risk On,False,0.9614285714285705,35.273199999999996,,0.42991579990093476,1.4154784967436893,False,False,No setup,Neutral,0,Not applicable,No directional setup; confirmation score not applicable.,Wide CPR,Wide Upside Watch,Watch,Wide CPR + close above CPR; trend opposes; participation confirmed,0,0,0,0
2026-09-23,2026-09-23,CM,NSE,STK,28952,INE741L01018,DUCON,EQ,,,,,DUCON INFRATECHNOLOGIES L,1.57,1.6,1.54,1.6,1.6,1.46,,1.61,,,1509806,2398912.31,273,F1,1,,,,,,Cash Only,Unclassified,False,1.58,1.57,1.59,1.59,1.57,0.020000000000000018,1.250000000000001,Wide,Bullish,Above CPR,False,False,0.6,60,2084707.03,Higher,True,Risk On,False,0.16214285714285717,2.552,2.9175,0.12334801762114546,1.1507191540482309,False,False,No setup,Neutral,0,Not applicable,No directional setup; confirmation score not applicable.,Wide CPR,Wide Upside Watch,Watch,Wide CPR + close above CPR; trend opposes; participation confirmed,0,0,0,0
2026-09-23,2026-09-23,CM,NSE,STK,347,INE655B01011,BANARBEADS,EQ,,,,,BANARAS BEADS LTD,113.5,118.0,112.8,113.28,113.99,111.28,,113.28,,,1110,126122.15,40,F1,1,,,,,,Cash Only,Unclassified,False,114.69333333333334,115.4,113.98666666666668,115.4,113.98666666666668,1.413333333333327,1.2476459510357758,Wide,Bearish,Below CPR,False,False,0.9,60,230873.7,Higher,True,Risk On,False,4.727857142857145,113.896,110.7484,0.2989374024273541,0.5462820147985673,False,True,No setup,Neutral,0,Not applicable,No directional setup; confirmation score not applicable.,Wide CPR,Wide Downside Watch,Watch,Wide CPR + close below CPR; trend mixed; participation light,0,0,0,0
2026-09-23,2026-09-23,CM,NSE,STK,20152,INE491J01022,ASKAUTOLTD,EQ,,,,,ASK AUTOMOTIVE LIMITED,663.5,678.75,648.0,651.25,652.0,663.4,,651.25,,,327609,216669847.75,17444,F1,1,,,,,,Cash Only,Unclassified,False,659.3333333333334,663.375,655.2916666666667,663.375,655.2916666666667,8.083333333333258,1.2412028150991568,Wide,Bearish,Below CPR,False,False,0.8,60,163807130.9,Lower,True,Risk On,False,24.925000000000004,596.604,524.181,0.32430625208959907,1.3227131600410686,True,True,No setup,Neutral,0,Not applicable,No directional setup; confirmation score not applicable.,Wide CPR,Wide Downside Watch,Watch,Wide CPR + close below CPR; trend opposes; participation confirmed,0,0,0,0
2026-09-23,2026-09-23,CM,NSE,STK,764603,INE032E01017,ARYAMAN,EQ,,,,,ARYAMAN FINANCIAL SERV L,633.75,633.75,611.05,611.05,611.05,633.95,,620.0,,,4,2489.6,2,F1,1,,,,,,Cash Only,Unclassified,False,618.6166666666667,622.4,614.8333333333334,622.4,614.8333333333334,7.566666666666606,1.238305648746683,Wide,Bearish,Below CPR,False,False,0.8518518518518519,27,70119.9,Lower,True,Risk On,False,17.350000000000005,,,0.4361191162343864,0.035504899465059137,False,False,No setup,Neutral,0,Not applicable,No directional setup; confirmation score not applicable.,Wide CPR,Wide Downside Watch,Watch,Wide CPR + close below CPR; trend aligned; participation light,0,0,0,0
2026-09-23,2026-09-23,CM,NSE,STK,2176,INE00Y801016,AKG,EQ,,,,,AKG EXIM LIMITED,10.48,10.48,9.83,9.97,10.29,10.2,,9.97,,,25308,253231.69,169,F1,1,,,,,,Cash Only,Unclassified,False,10.093333333333334,10.155000000000001,10.031666666666666,10.155000000000001,10.031666666666666,0.12333333333333485,1.237044466733549,Wide,Bearish,Below CPR,False,False,0.6333333333333333,60,202838.505,Lower,True,Risk On,False,0.6578571428571428,9.558,10.3177,0.18747737965979241,1.248439935011353,True,False,No setup,Neutral,0,Not applicable,No directional setup; confirmation score not applicable.,Wide CPR,Wide Downside Watch,Watch,Wide CPR + close below CPR; trend mixed; participation confirmed,0,0,0,0
2026-09-23,2026-09-23,CM,NSE,STK,1110,INE688Y01022,DANGEE,EQ,,,,,DANGEE DUMS LIMITED,2.7,2.83,2.67,2.7,2.7,2.7,,2.7,,,35687,97134.62,89,F1,1,,,,,,Cash Only,Unclassified,False,2.733333333333333,2.75,2.716666666666666,2.75,2.716666666666666,0.0333333333333341,1.2345679012345963,Wide,Bearish,Below CPR,False,False,0.8166666666666667,60,125242.605,Higher,True,Risk On,False,0.14999999999999994,2.9024,3.0860000000000003,0.22222222222222746,0.7755716994228921,False,False,No setup,Neutral,0,Not applicable,No directional setup; confirmation score not applicable.,Wide CPR,Wide Downside Watch,Watch,Wide CPR + close below CPR; trend aligned; participation light,0,0,0,0
2026-09-23,2026-09-23,CM,NSE,STK,764875,INE327G01032,SAYAJIIND,EQ,,,,,SAYAJI INDUSTRIES LTD.,121.0,124.0,115.5,122.0,122.0,121.0,,121.98,,,4423,529961.78,35,F1,1,,,,,,Cash Only,Unclassified,False,120.5,119.75,121.25,121.25,119.75,1.5,1.2295081967213115,Wide,Bullish,Above CPR,False,False,0.7037037037037037,27,97535.6,Outside,True,Risk On,False,3.8957142857142872,,,0.3850385038503849,5.433521503943176,False,False,No setup,Neutral,0,Not applicable,No directional setup; confirmation score not applicable.,Wide CPR,Wide Upside Watch,Watch,Wide CPR + close above CPR; trend opposes; participation confirmed,0,0,0,0
2026-09-23,2026-09-23,CM,NSE,STK,13730,INE020G01017,INSPIRISYS,EQ,,,,,INSPIRISYS SOLUTIONS LTD,88.11,92.0,88.0,91.69,91.85,88.99,,91.72,,,4405,396107.29,88,F1,1,,,,,,Cash Only,Unclassified,False,90.56333333333333,90.0,91.12666666666667,91.12666666666667,90.0,1.1266666666666652,1.2287781292034738,Wide,Bullish,Above CPR,False,False,0.6,60,571604.575,Higher,True,Risk On,False,4.672857142857144,93.2098,92.5518,0.2411087333129518,0.6929743170792502,False,False,No setup,Neutral,0,Not applicable,No directional setup; confirmation score not applicable.,Wide CPR,Wide Upside Watch,Watch,Wide CPR + close above CPR; trend opposes; participation light,0,0,0,0
2026-09-23,2026-09-23,CM,NSE,STK,764688,INE265D01015,GKB,EQ,,,,,GKB OPHTHALMICS LTD.,66.38,70.52,66.38,69.73,70.48,68.37,,69.7,,,10666,732086.14,190,F1,1,,,,,,Cash Only,Unclassified,False,68.87666666666667,68.44999999999999,69.30333333333334,69.30333333333334,68.44999999999999,0.853333333333353,1.2237678665328453,Wide,Bullish,Above CPR,False,False,0.6,25,60446.97,Lower,True,Risk On,False,5.046428571428571,,,0.16909648502005584,12.11121318405207,False,False,No setup,Neutral,0,Not applicable,No directional setup; confirmation score not applicable.,Wide CPR,Wide Upside Watch,Watch,Wide CPR + close above CPR; trend opposes; participation confirmed,0,0,0,0
2026-09-23,2026-09-23,CM,NSE,STK,762782,INE435D01014,MCCHRLS-B,EQ,,,,,MAC CHARLES (INDIA) LTD.,679.65,679.65,610.5,657.1,645.0,654.8,,658.68,,,3649,2360860.0,212,F1,1,,,,,,Cash Only,Unclassified,False,649.0833333333334,645.075,653.0916666666667,653.0916666666667,645.075,8.016666666666652,1.2200071019124412,Wide,Bullish,Above CPR,False,False,0.7166666666666667,60,116360.55,Lower,True,Risk On,False,34.65714285714286,681.445,685.8765,0.23131354767793305,20.289178763764866,False,False,No setup,Neutral,0,Not applicable,No directional setup; confirmation score not applicable.,Wide CPR,Wide Upside Watch,Watch,Wide CPR + close above CPR; trend opposes; participation confirmed,0,0,0,0
2026-09-23,2026-09-23,CM,NSE,STK,765361,INE0K9O01026,LALITHAA,EQ,,,,,LALITHAA JEWELLERY MART L,340.0,352.9,340.0,352.9,352.9,336.1,,352.9,,,9509619,3339259655.25,26949,F1,1,,,,,,Cash Only,Unclassified,False,348.59999999999997,346.45,350.74999999999994,350.74999999999994,346.45,4.2999999999999545,1.2184754888070146,Wide,Bullish,Above CPR,False,False,0.6818181818181818,22,3101189596.665,Higher,True,Risk On,False,18.25714285714286,,,0.2355242566510147,1.076767334329065,False,False,No setup,Neutral,0,Not applicable,No directional setup; confirmation score not applicable.,Wide CPR,Wide Upside Watch,Watch,Wide CPR + close above CPR; trend opposes; participation confirmed,0,0,0,0
2026-09-23,2026-09-23,CM,NSE,STK,11919,INE752G01015,MSPL,EQ,,,,,MSP STEEL & POWER LTD.,33.61,36.23,33.61,35.57,35.5,33.39,,35.57,,,1132883,39752043.27,4469,F1,1,,,,,,Cash Only,Unclassified,False,35.13666666666666,34.92,35.353333333333325,35.353333333333325,34.92,0.4333333333333229,1.2182550838721475,Wide,Bullish,Above CPR,False,False,0.8333333333333334,60,23535180.555,Higher,True,Risk On,False,1.4092857142857138,35.0342,38.125499999999995,0.30748437236018866,1.689047729083802,True,False,No setup,Neutral,0,Not applicable,No directional setup; confirmation score not applicable.,Wide CPR,Wide Upside Watch,Watch,Wide CPR + close above CPR; trend mixed; participation confirmed,0,0,0,0
2026-09-23,2026-09-23,CM,NSE,STK,766016,INE455U01024,PRASOLCHEM,EQ,,,,,PRASOL CHEMICALS LIMITED,710.0,747.5,707.25,740.9,744.35,704.75,,740.93,,,713648,523541873.2,48926,F1,1,,,,,,Cash Only,Unclassified,False,731.8833333333333,727.375,736.3916666666667,736.3916666666667,727.375,9.016666666666652,1.2169883475052843,Wide,Bullish,Above CPR,False,False,0.6666666666666666,6,670421060.75,Higher,False,Risk On,False,,,,,0.7809150157280467,False,False,No setup,Neutral,0,Not applicable,No directional setup; confirmation score not applicable.,Wide CPR,Wide Upside Watch,Watch,Wide CPR + close above CPR; trend opposes; participation light,0,0,0,0
2026-09-23,2026-09-23,CM,NSE,STK,765451,INE16W401027,AUGMONT,EQ,,,,,AUGMONT ENTERPRISES LTD,853.0,893.7,846.65,886.3,885.1,853.35,,886.34,,,631751,552862784.8,27926,F1,1,,,,,,Cash Only,Unclassified,False,875.5499999999998,870.175,880.9249999999997,880.9249999999997,870.175,10.749999999999773,1.212907593365652,Wide,Bullish,Above CPR,False,False,0.7058823529411765,17,954131232.8,Higher,False,Risk On,False,49.65357142857146,,,0.2165000359634564,0.5794410305357734,False,False,No setup,Neutral,0,Not applicable,No directional setup; confirmation score not applicable.,Wide CPR,Wide Upside Watch,Watch,Wide CPR + close above CPR; trend opposes; participation light,0,0,0,0
2026-09-23,2026-09-23,CM,NSE,STK,764738,INE344D01018,KAMANWALA,EQ,,,,,KAMANWALA HOUSING CONST L,17.1,17.1,16.5,16.5,16.5,16.56,,16.5,,,255,4276.1,5,F1,1,,,,,,Cash Only,Unclassified,False,16.7,16.8,16.599999999999998,16.8,16.599999999999998,0.20000000000000284,1.2121212121212293,Wide,Bearish,Below CPR,False,False,0.5555555555555556,27,48139.29,Overlapping,True,Risk On,False,0.9621428571428572,,,0.20786933927246026,0.08882764993002598,False,False,No setup,Neutral,0,Not applicable,No directional setup; confirmation score not applicable.,Wide CPR,Wide Downside Watch,Watch,Wide CPR + close below CPR; trend aligned; participation light,0,0,0,0
2026-09-23,2026-09-23,CM,NSE,STK,9897,INE645W01026,AIRAN,EQ,,,,,AIRAN LIMITED,17.1,17.47,16.7,16.78,16.76,17.02,,16.78,,,48993,826248.32,440,F1,1,,,,,,Cash Only,Unclassified,False,16.983333333333334,17.085,16.881666666666668,17.085,16.881666666666668,0.20333333333333314,1.2117600317838686,Wide,Bearish,Below CPR,False,False,0.8666666666666667,60,663724.9199999999,Lower,True,Risk On,False,1.1857142857142857,15.501800000000001,15.9563,0.17148594377510024,1.2448655988387478,True,True,No setup,Neutral,0,Not applicable,No directional setup; confirmation score not applicable.,Wide CPR,Wide Downside Watch,Watch,Wide CPR + close below CPR; trend opposes; participation confirmed,0,0,0,0
2026-09-23,2026-09-23,CM,NSE,STK,13631,INE01IU01018,SKYGOLD,EQ,,,,,SKY GOLD AND DIAMONDS LTD,814.0,834.45,782.55,794.1,792.0,802.55,,794.1,,,1325607,1068557258.75,55959,F1,1,,,,,,Cash Only,Unclassified,False,803.6999999999999,808.5,798.8999999999999,808.5,798.8999999999999,9.600000000000136,1.2089157536834323,Wide,Bearish,Below CPR,False,False,0.7666666666666667,60,648269531.65,Overlapping,True,Risk On,False,35.98571428571431,748.57,632.233,0.266772528781266,1.6483225056563555,True,True,No setup,Neutral,0,Not applicable,No directional setup; confirmation score not applicable.,Wide CPR,Wide Downside Watch,Watch,Wide CPR + close below CPR; trend opposes; participation confirmed,0,0,0,0
2026-09-23,2026-09-23,CM,NSE,STK,7919,INE319B01014,BYKE,EQ,,,,,THE BYKE HOSPITALITY LTD,30.3,30.85,28.75,30.35,30.43,30.31,,30.34,,,75426,2251413.6,500,F1,1,,,,,,Cash Only,Unclassified,False,29.983333333333334,29.8,30.166666666666668,30.166666666666668,29.8,0.36666666666666714,1.208127402526086,Wide,Bullish,Above CPR,False,False,0.5666666666666667,60,2609717.995,Lower,True,Risk On,False,2.2585714285714293,35.2222,42.839,0.1623445076955515,0.8627037880389831,False,False,No setup,Neutral,0,Not applicable,No directional setup; confirmation score not applicable.,Wide CPR,Wide Upside Watch,Watch,Wide CPR + close above CPR; trend opposes; participation light,0,0,0,0
2026-09-23,2026-09-23,CM,NSE,STK,11256,INE091G01026,JAIBALAJI,EQ,,,,,JAI BALAJI INDUSTRIES LTD,64.5,67.54,63.6,66.78,66.8,64.33,,66.79,,,1003915,66837996.65,4128,F1,1,,,,,,Cash Only,Unclassified,False,65.97333333333334,65.57000000000001,66.37666666666668,66.37666666666668,65.57000000000001,0.806666666666672,1.2079464909653668,Wide,Bullish,Above CPR,False,False,0.8166666666666667,60,106061400.105,Higher,True,Risk On,False,2.8278571428571446,72.0972,68.55369999999999,0.2852572198366608,0.6301821075700573,False,False,No setup,Neutral,0,Not applicable,No directional setup; confirmation score not applicable.,Wide CPR,Wide Upside Watch,Watch,Wide CPR + close above CPR; trend opposes; participation light,0,0,0,0
2026-09-23,2026-09-23,CM,NSE,STK,1214,INE393A01011,DELTAMAGNT,EQ,,,,,DELTA MANUFACTURING LTD,55.0,56.65,54.45,56.57,56.57,55.0,,56.57,,,695,38589.33,42,F1,1,,,,,,Cash Only,Unclassified,False,55.88999999999999,55.55,56.22999999999999,56.22999999999999,55.55,0.6799999999999926,1.2020505568322302,Wide,Bullish,Above CPR,False,False,0.8333333333333334,60,156492.515,Higher,True,Risk On,False,2.991428571428571,57.575199999999995,59.255700000000004,0.22731614135625353,0.24658898222704131,False,False,No setup,Neutral,0,Not applicable,No directional setup; confirmation score not applicable.,Wide CPR,Wide Upside Watch,Watch,Wide CPR + close above CPR; trend opposes; participation light,0,0,0,0
2026-09-23,2026-09-23,CM,NSE,STK,762528,INE850B01026,ABMKNO,EQ,,,,,A B M KNOWLEDGEWARE LTD.,173.34,177.9,171.1,171.41,171.1,173.34,,171.41,,,293,50401.94,12,F1,1,,,,,,Cash Only,Unclassified,False,173.47,174.5,172.44,174.5,172.44,2.0600000000000023,1.201796861326645,Wide,Bearish,Below CPR,False,False,0.85,60,198202.865,Outside,True,Risk On,False,7.836428571428574,189.8918,203.7907,0.2628748518822352,0.25429470961481815,False,False,No setup,Neutral,0,Not applicable,No directional setup; confirmation score not applicable.,Wide CPR,Wide Downside Watch,Watch,Wide CPR + close below CPR; trend aligned; participation light,0,0,0,0
2026-09-23,2026-09-23,CM,NSE,STK,11966,INE00E101023,BIKAJI,EQ,,,,,BIKAJI FOODS INTERN LTD,554.05,607.5,553.5,591.1,593.0,553.65,,591.09,,,4379438,2609220544.7,118896,F1,1,,,,,,Cash Only,Fast Moving Consumer Goods,True,584.0333333333333,580.5,587.5666666666666,587.5666666666666,580.5,7.066666666666606,1.1955111938194225,Wide,Bullish,Above CPR,False,False,0.9666666666666667,60,58349935.675,Higher,True,Risk On,False,19.71071428571429,608.4739999999999,633.081,0.3585190553844264,44.7167681423498,False,False,No setup,Neutral,0,Not applicable,No directional setup; confirmation score not applicable.,Wide CPR,Wide Upside Watch,Watch,Wide CPR + close above CPR; trend opposes; participation confirmed,0,0,0,0
2026-09-23,2026-09-23,CM,NSE,STK,20776,INE458B01036,BHAGYANGR,EQ,,,,,BHAGYANAGAR INDIA LIMITED,430.05,447.35,426.05,444.65,447.35,426.05,,444.67,,,147276,64580919.65,5773,F1,1,,,,,,Cash Only,Unclassified,False,439.3500000000001,436.70000000000005,442.0000000000001,442.0000000000001,436.70000000000005,5.300000000000068,1.191948723715297,Wide,Bullish,Above CPR,False,False,0.6666666666666666,60,51203161.725,Higher,True,Risk On,False,23.025,322.638,,0.2301845819761159,1.2612682005234122,True,False,No setup,Neutral,0,Not applicable,No directional setup; confirmation score not applicable.,Wide CPR,Wide Upside Watch,Watch,Wide CPR + close above CPR; trend mixed; participation confirmed,0,0,0,0
2026-09-23,2026-09-23,CM,NSE,STK,10285,INE193B01039,AYMSYNTEX,EQ,,,,,AYM SYNTEX LIMITED,290.0,308.0,288.05,292.8,292.0,295.4,,292.84,,,65117,19526951.75,2215,F1,1,,,,,,Cash Only,Unclassified,False,296.2833333333333,298.025,294.54166666666663,298.025,294.54166666666663,3.4833333333333485,1.1896630236794223,Wide,Bearish,Below CPR,False,False,0.7333333333333333,60,16411606.025,Overlapping,True,Risk On,False,17.92142857142857,265.49080000000004,246.12440000000004,0.1943669456622833,1.1898257684381623,True,True,No setup,Neutral,0,Not applicable,No directional setup; confirmation score not applicable.,Wide CPR,Wide Downside Watch,Watch,Wide CPR + close below CPR; trend opposes; participation confirmed,0,0,0,0
2026-09-23,2026-09-23,CM,NSE,STK,24735,INE912T01018,RPEL,EQ,,,,,RAGHAV PRODUCTIVITY ENH L,1742.0,1783.3,1701.0,1711.7,1715.0,1742.3,,1711.75,,,57548,100126660.0,8525,F1,1,,,,,,Cash Only,Unclassified,False,1732.0,1742.15,1721.85,1742.15,1721.85,20.300000000000182,1.1859554828533143,Wide,Bearish,Below CPR,False,False,0.75,60,118385808.15,Outside,True,Risk On,False,119.71428571428571,1505.162,1281.345,0.16957040572792514,0.8457657346321034,True,True,No setup,Neutral,0,Not applicable,No directional setup; confirmation score not applicable.,Wide CPR,Wide Downside Watch,Watch,Wide CPR + close below CPR; trend opposes; participation light,0,0,0,0
2026-09-23,2026-09-23,CM,NSE,STK,20936,INE146L01010,KIRLOSENG,EQ,,,,,KIRLOSKAR OIL ENG LTD,2165.0,2240.0,2120.2,2219.5,2210.0,2165.0,,2219.49,,,395759,860881749.5,35479,F1,1,,,,,,Cash Only,Capital Goods,True,2193.233333333333,2180.1,2206.3666666666663,2206.3666666666663,2180.1,26.266666666666424,1.183449725914234,Wide,Bullish,Above CPR,False,False,0.8,60,923244373.5,Higher,True,Risk On,False,107.01428571428576,2166.868,2074.321,0.2454500956703576,0.9324527440513019,True,True,No setup,Neutral,0,Not applicable,No directional setup; confirmation score not applicable.,Wide CPR,Wide Upside Watch,Watch,Wide CPR + close above CPR; trend aligned; participation light,0,0,0,0
2026-09-23,2026-09-23,CM,NSE,STK,10588,INE712K01011,SHREEPUSHK,EQ,,,,,SHRE PUSH CHEM & FERT LTD,503.05,517.0,492.2,495.8,499.0,505.85,,495.8,,,50695,25502281.35,2532,F1,1,,,,,,Cash Only,Unclassified,False,501.6666666666667,504.6,498.73333333333335,504.6,498.73333333333335,5.866666666666674,1.1832728250638713,Wide,Bearish,Below CPR,False,False,0.8166666666666667,60,21809474.325000003,Lower,True,Risk On,False,27.896428571428565,435.879,409.52950000000004,0.21030171126189592,1.1693212303043439,True,True,No setup,Neutral,0,Not applicable,No directional setup; confirmation score not applicable.,Wide CPR,Wide Downside Watch,Watch,Wide CPR + close below CPR; trend opposes; participation confirmed,0,0,0,0
2026-09-23,2026-09-23,CM,NSE,STK,765272,INE00IT01020,MILKYMIST,EQ,,,,,MILKY MIST DAIRY FOOD L,307.0,317.25,306.15,317.25,317.25,302.15,,317.27,,,4163501,1314268870.61,20627,F1,1,,,,,,Cash Only,Unclassified,False,313.55,311.7,315.40000000000003,315.40000000000003,311.7,3.7000000000000455,1.166272655634372,Wide,Bullish,Above CPR,False,False,0.4230769230769231,26,3663488225.3199997,Higher,True,Risk On,False,16.85,,,0.21958456973294035,0.35874794452088093,False,False,No setup,Neutral,0,Not applicable,No directional setup; confirmation score not applicable.,Wide CPR,Wide Upside Watch,Watch,Wide CPR + close above CPR; trend opposes; participation light,0,0,0,0
2026-09-23,2026-09-23,CM,NSE,STK,11058,INE650K01021,SECURKLOUD,EQ,,,,,SECUREKLOUD TECH LIMITED,16.9,17.29,16.51,16.61,16.96,16.85,,16.61,,,10593,177032.28,125,F1,1,,,,,,Cash Only,Unclassified,False,16.80333333333333,16.9,16.706666666666663,16.9,16.706666666666663,0.19333333333333513,1.1639574553481948,Wide,Bearish,Below CPR,False,False,0.7833333333333333,60,229246.425,Outside,True,Risk On,False,0.8464285714285712,17.7162,19.0212,0.22841068917018503,0.7722357284306615,False,False,No setup,Neutral,0,Not applicable,No directional setup; confirmation score not applicable.,Wide CPR,Wide Downside Watch,Watch,Wide CPR + close below CPR; trend aligned; participation light,0,0,0,0
2026-09-23,2026-09-23,CM,NSE,STK,764553,INE01NH01023,DHOOTTRANS,EQ,,,,,DHOOT TRANSMISSION LTD,1674.0,1685.0,1602.1,1615.4,1610.6,1653.2,,1615.35,,,1167338,1926486171.0,60917,F1,1,,,,,,Cash Only,Unclassified,False,1634.1666666666667,1643.55,1624.7833333333335,1643.55,1624.7833333333335,18.766666666666424,1.161734967603468,Wide,Bearish,Below CPR,False,False,0.6296296296296297,27,5221785442.0,Overlapping,True,Risk On,False,110.86428571428573,,,0.16927603461976026,0.36893246426879905,False,False,No setup,Neutral,0,Not applicable,No directional setup; confirmation score not applicable.,Wide CPR,Wide Downside Watch,Watch,Wide CPR + close below CPR; trend aligned; participation light,0,0,0,0
2026-09-23,2026-09-23,CM,NSE,STK,762638,INE945F01025,DECNGOLD,EQ,,,,,DECCAN GOLD MINES LTD.,226.51,231.68,220.93,222.44,223.5,225.17,,222.44,,,1035225,233569095.9,15856,F1,1,,,,,,Cash Only,Unclassified,False,225.01666666666665,226.305,223.7283333333333,226.305,223.7283333333333,2.5766666666667106,1.158364802493576,Wide,Bearish,Below CPR,False,False,0.7333333333333333,60,331896111.525,Overlapping,True,Risk On,False,9.965000000000002,215.8322,192.4502,0.25857166750293126,0.7037415859643371,True,True,No setup,Neutral,0,Not applicable,No directional setup; confirmation score not applicable.,Wide CPR,Wide Downside Watch,Watch,Wide CPR + close below CPR; trend opposes; participation light,0,0,0,0
2026-09-23,2026-09-23,CM,NSE,STK,11155,INE985W01018,CNL,EQ,,,,,CREATIVE NEWTECH LIMITED,1101.0,1151.6,1101.0,1146.1,1149.0,1108.1,,1146.13,,,7197,8181429.5,928,F1,1,,,,,,Cash Only,Unclassified,False,1132.8999999999999,1126.3,1139.4999999999998,1139.4999999999998,1126.3,13.199999999999818,1.1517319605618899,Wide,Bullish,Above CPR,False,False,0.7666666666666667,60,45606358.85,Higher,True,Risk On,False,56.55000000000002,1113.73,906.8969999999999,0.23342175066312668,0.17939229761597159,True,True,No setup,Neutral,0,Not applicable,No directional setup; confirmation score not applicable.,Wide CPR,Wide Upside Watch,Watch,Wide CPR + close above CPR; trend aligned; participation light,0,0,0,0
2026-09-23,2026-09-23,CM,NSE,STK,18479,INE566K01011,ISFT,EQ,,,,,INTRASOFT TECH. LTD,104.9,114.95,104.02,107.63,107.14,104.02,,107.61,,,410493,45191559.56,8546,F1,1,,,,,,Cash Only,Unclassified,False,108.86666666666667,109.485,108.24833333333335,109.485,108.24833333333335,1.2366666666666504,1.1489981108117164,Wide,Bearish,Below CPR,False,False,0.7,60,3406454.665,Higher,True,Risk On,False,6.975714285714287,83.36319999999999,82.1995,0.1772817257150635,13.266449726845257,True,True,No setup,Neutral,0,Not applicable,No directional setup; confirmation score not applicable.,Wide CPR,Wide Downside Watch,Watch,Wide CPR + close below CPR; trend opposes; participation confirmed,0,0,0,0
2026-09-23,2026-09-23,CM,NSE,STK,8163,INE020801028,SPENCERS,EQ,,,,,SPENCER S RETAIL LIMITED,28.35,29.86,28.01,29.44,29.26,28.47,,29.44,,,32720,955876.24,515,F1,1,,,,,,Cash Only,Unclassified,False,29.103333333333335,28.935000000000002,29.27166666666667,29.27166666666667,28.935000000000002,0.336666666666666,1.1435688405797078,Wide,Bullish,Above CPR,False,False,0.8833333333333333,60,1162540.08,Higher,True,Risk On,False,1.367142857142856,31.1126,33.7935,0.2462556600487632,0.822230782787291,False,False,No setup,Neutral,0,Not applicable,No directional setup; confirmation score not applicable.,Wide CPR,Wide Upside Watch,Watch,Wide CPR + close above CPR; trend opposes; participation light,0,0,0,0
2026-09-23,2026-09-23,CM,NSE,STK,21578,INE073V01015,COMSYN,EQ,,,,,COMMERCIAL SYN BAGS LTD,305.95,310.05,298.75,299.3,299.1,301.25,,299.33,,,1010524,305167250.45,7552,F1,1,,,,,,Cash Only,Unclassified,False,302.7,304.4,301.0,304.4,301.0,3.3999999999999773,1.1359839625793442,Wide,Bearish,Below CPR,False,False,0.6,60,126860871.125,Overlapping,True,Risk On,False,15.40357142857141,257.5808,210.89539999999997,0.22072803153257473,2.405526997755747,True,True,No setup,Neutral,0,Not applicable,No directional setup; confirmation score not applicable.,Wide CPR,Wide Downside Watch,Watch,Wide CPR + close below CPR; trend opposes; participation confirmed,0,0,0,0
2026-09-23,2026-09-23,CM,NSE,STK,1485,INE559A01017,IFBIND,EQ,,,,,IFB INDUSTRIES LTD,1213.2,1269.6,1205.0,1258.7,1260.0,1213.1,,1258.49,,,74193,92203449.7,5603,F1,1,,,,,,Cash Only,Unclassified,False,1244.4333333333334,1237.3,1251.5666666666668,1251.5666666666668,1237.3,14.266666666666879,1.1334445592013092,Wide,Bullish,Above CPR,False,False,0.9333333333333333,60,53947677.400000006,Higher,True,Risk On,False,40.56428571428574,1333.854,1281.97,0.3517051124024233,1.7091273275093766,False,False,No setup,Neutral,0,Not applicable,No directional setup; confirmation score not applicable.,Wide CPR,Wide Upside Watch,Watch,Wide CPR + close above CPR; trend opposes; participation confirmed,0,0,0,0
2026-09-23,2026-09-23,CM,NSE,STK,18110,INE893I01013,VASCONEQ,EQ,,,,,VASCON ENGINEERS LTD,31.44,33.46,31.4,32.99,32.92,31.44,,32.99,,,942948,30816617.78,3874,F1,1,,,,,,Cash Only,Unclassified,False,32.61666666666667,32.43,32.803333333333335,32.803333333333335,32.43,0.37333333333333485,1.1316560573911332,Wide,Bullish,Above CPR,False,False,0.7833333333333333,60,24275273.28,Higher,True,Risk On,False,1.3935714285714287,33.3814,35.3558,0.2678968050572367,1.2694653289604492,False,False,No setup,Neutral,0,Not applicable,No directional setup; confirmation score not applicable.,Wide CPR,Wide Upside Watch,Watch,Wide CPR + close above CPR; trend opposes; participation confirmed,0,0,0,0
2026-09-23,2026-09-23,CM,NSE,STK,13875,INE742C01031,JINDRILL,EQ,,,,,JINDAL DRILLING IND. LTD,588.9,609.0,584.0,606.8,606.0,587.65,,606.8,,,247992,148241846.65,10513,F1,1,,,,,,Cash Only,Unclassified,False,599.9333333333333,596.5,603.3666666666666,603.3666666666666,596.5,6.866666666666561,1.1316194243023336,Wide,Bullish,Above CPR,False,False,0.85,60,146379468.9,Higher,True,Risk On,False,32.3,615.085,603.4815,0.2125902992776025,1.0127229437570393,False,True,No setup,Neutral,0,Not applicable,No directional setup; confirmation score not applicable.,Wide CPR,Wide Upside Watch,Watch,Wide CPR + close above CPR; trend mixed; participation confirmed,0,0,0,0
2026-09-23,2026-09-23,CM,NSE,STK,2256,INE138A01028,PENINLAND,EQ,,,,,PENINSULA LAND LIMITED,17.36,17.7,16.47,17.38,17.5,17.03,,17.38,,,304151,5226415.37,797,F1,1,,,,,,Cash Only,Unclassified,False,17.183333333333334,17.085,17.281666666666666,17.281666666666666,17.085,0.19666666666666544,1.1315688530878334,Wide,Bullish,Above CPR,False,False,0.6,60,6386956.675,Higher,True,Risk On,False,1.4178571428571425,16.8714,19.878800000000002,0.13870696893366835,0.8182951029646682,True,False,No setup,Neutral,0,Not applicable,No directional setup; confirmation score not applicable.,Wide CPR,Wide Upside Watch,Watch,Wide CPR + close above CPR; trend mixed; participation light,0,0,0,0
2026-09-23,2026-09-23,CM,NSE,STK,761720,INE875B01015,NIMBSPROJ,EQ,,,,,NIMBUS PROJECTS LIMITED,188.01,197.0,186.0,194.79,196.8,188.54,,194.79,,,30579,5870934.64,480,F1,1,,,,,,Cash Only,Unclassified,False,192.59666666666666,191.5,193.69333333333333,193.69333333333333,191.5,2.193333333333328,1.1259989390283525,Wide,Bullish,Above CPR,False,False,0.7,60,19896809.735,Higher,True,Risk On,False,11.35642857142857,184.605,,0.19313583663542738,0.29506914516414057,True,False,No setup,Neutral,0,Not applicable,No directional setup; confirmation score not applicable.,Wide CPR,Wide Upside Watch,Watch,Wide CPR + close above CPR; trend mixed; participation light,0,0,0,0
2026-09-23,2026-09-23,CM,NSE,STK,6944,INE845D01014,GANECOS,EQ,,,,,GANESHA ECOSPHERE LIMITED,998.4,1040.0,998.4,1036.6,1035.0,998.4,,1036.59,,,48904,50175295.4,4807,F1,1,,,,,,Cash Only,Unclassified,False,1025.0,1019.2,1030.8,1030.8,1019.2,11.599999999999909,1.1190430252749286,Wide,Bullish,Above CPR,False,False,0.8,60,111979371.65,Higher,True,Risk On,False,42.52857142857142,1086.1409999999998,1033.9734999999998,0.27275780987571174,0.44807623636991534,False,True,No setup,Neutral,0,Not applicable,No directional setup; confirmation score not applicable.,Wide CPR,Wide Upside Watch,Watch,Wide CPR + close above CPR; trend mixed; participation light,0,0,0,0
2026-09-23,2026-09-23,CM,NSE,STK,5435,INE852O01025,APTUS,EQ,,,,,APTUS VALUE HSG FIN I LTD,243.89,253.23,241.01,251.33,251.0,242.08,,251.31,,,3164338,791846302.55,45880,F1,1,,,,,,Cash Only,Financial Services,True,248.52333333333334,247.12,249.92666666666668,249.92666666666668,247.12,2.806666666666672,1.116725686017058,Wide,Bullish,Above CPR,False,False,0.9833333333333333,60,247259406.975,Higher,True,Risk On,False,7.785714285714286,262.389,265.995,0.3604892966360863,3.2024921204719314,False,False,No setup,Neutral,0,Not applicable,No directional setup; confirmation score not applicable.,Wide CPR,Wide Upside Watch,Watch,Wide CPR + close above CPR; trend opposes; participation confirmed,0,0,0,0
2026-09-23,2026-09-23,CM,NSE,STK,25608,INE337M01021,INDOTHAI,EQ,,,,,INDO THAI SEC LTD,30.9,31.8,30.77,30.77,30.77,32.38,,30.77,,,2927782,90416058.67,5090,F1,1,,,,,,Cash Only,Unclassified,False,31.113333333333333,31.285,30.941666666666666,31.285,30.941666666666666,0.3433333333333337,1.1158054381973797,Wide,Bearish,Below CPR,False,False,0.8,60,98700478.125,Lower,True,Risk On,False,2.393571428571428,102.6334,174.1379,0.14343976922311769,0.916065052445763,False,False,No setup,Neutral,0,Not applicable,No directional setup; confirmation score not applicable.,Wide CPR,Wide Downside Watch,Watch,Wide CPR + close below CPR; trend aligned; participation light,0,0,0,0
2026-09-23,2026-09-23,CM,NSE,STK,3718,INE226A01021,VOLTAS,EQ,,,,,VOLTAS LTD,1092.9,1131.4,1090.8,1130.0,1130.0,1100.8,,1130.0,,,791314,881993224.3,27964,F1,1,,,,,,F&O + Cash,Consumer Durables,True,1117.3999999999999,1111.1,1123.6999999999998,1123.6999999999998,1111.1,12.599999999999909,1.1150442477876026,Wide,Bullish,Above CPR,False,False,0.9166666666666666,60,882827470.3,Overlapping,True,Risk On,False,29.25,1244.1,1271.5790000000002,0.4307692307692277,0.9990550294048773,False,False,No setup,Neutral,0,Not applicable,No directional setup; confirmation score not applicable.,Wide CPR,Wide Upside Watch,Watch,Wide CPR + close above CPR; trend opposes; participation light,0,0,0,0
2026-09-23,2026-09-23,CM,NSE,STK,27066,INE00H001014,SWIGGY,EQ,,,,,SWIGGY LIMITED,284.3,289.65,276.65,278.5,278.5,284.05,,278.5,,,18748823,5264520235.15,152490,F1,1,,,,,,F&O + Cash,Consumer Services,True,281.59999999999997,283.15,280.04999999999995,283.15,280.04999999999995,3.1000000000000227,1.1131059245960584,Wide,Bearish,Below CPR,False,False,0.85,60,4625717115.93,Overlapping,True,Risk On,False,9.399999999999993,277.3562,266.8668,0.32978723404255583,1.1380981809328754,True,True,No setup,Neutral,0,Not applicable,No directional setup; confirmation score not applicable.,Wide CPR,Wide Downside Watch,Watch,Wide CPR + close below CPR; trend opposes; participation confirmed,0,-2,0,-2
2026-09-23,2026-09-23,CM,NSE,STK,13501,INE418H01029,ALLCARGO,EQ,,,,,ALLCARGO LOGISTICS LTD,10.93,11.45,10.93,11.38,11.38,10.93,,11.38,,,7049122,79542552.65,9402,F1,1,,,,,,Cash Only,Unclassified,False,11.253333333333332,11.19,11.316666666666665,11.316666666666665,11.19,0.12666666666666515,1.1130638547158624,Wide,Bullish,Above CPR,False,False,0.7833333333333333,60,83853621.4,Higher,True,Risk On,False,0.59,10.343599999999999,9.550500000000001,0.2146892655367206,0.9485881625859035,True,True,No setup,Neutral,0,Not applicable,No directional setup; confirmation score not applicable.,Wide CPR,Wide Upside Watch,Watch,Wide CPR + close above CPR; trend aligned; participation light,0,0,0,0
2026-09-23,2026-09-23,CM,NSE,STK,765075,INE299D01022,HAMPTON,EQ,,,,,HAMPTON SKY REALTY LTD.,8.17,8.45,8.0,8.09,8.12,8.17,,8.09,,,10823,88709.75,73,F1,1,,,,,,Cash Only,Unclassified,False,8.18,8.225,8.135,8.225,8.135,0.08999999999999986,1.1124845488257091,Wide,Bearish,Below CPR,False,False,0.5185185185185185,27,227104.56,Higher,True,Risk On,False,0.7221428571428573,,,0.12462908011869414,0.39061192782742893,False,False,No setup,Neutral,0,Not applicable,No directional setup; confirmation score not applicable.,Wide CPR,Wide Downside Watch,Watch,Wide CPR + close below CPR; trend aligned; participation light,0,0,0,0
2026-09-23,2026-09-23,CM,NSE,STK,11374,INE0LQS01015,TIPSFILMS,EQ,,,,,TIPS FILMS LIMITED,327.0,327.0,313.0,314.75,314.95,316.35,,314.85,,,2164,683932.8,207,F1,1,,,,,,Cash Only,Unclassified,False,318.25,320.0,316.5,320.0,316.5,3.5,1.1119936457505957,Wide,Bearish,Below CPR,False,False,0.8333333333333334,60,1152940.05,Overlapping,True,Risk On,False,11.364285714285703,347.06300000000005,351.726,0.3079824010056571,0.593207599996201,False,False,No setup,Neutral,0,Not applicable,No directional setup; confirmation score not applicable.,Wide CPR,Wide Downside Watch,Watch,Wide CPR + close below CPR; trend aligned; participation light,0,-2,0,-2
2026-09-23,2026-09-23,CM,NSE,STK,765426,INE1KZI01025,TEMPSENS,EQ,,,,,TEMPSENS INST (INDIA) LTD,538.0,574.45,538.0,565.65,568.0,537.1,,565.69,,,3639393,2054492087.5,80978,F1,1,,,,,,Cash Only,Unclassified,False,559.3666666666667,556.225,562.5083333333333,562.5083333333333,556.225,6.283333333333303,1.1108164648339616,Wide,Bullish,Above CPR,False,False,0.8333333333333334,18,1770496543.15,Higher,False,Risk On,False,33.90357142857142,,,0.18532954106534555,1.1604044613635482,False,False,No setup,Neutral,0,Not applicable,No directional setup; confirmation score not applicable.,Wide CPR,Wide Upside Watch,Watch,Wide CPR + close above CPR; trend opposes; participation confirmed,0,0,0,0
2026-09-23,2026-09-23,CM,NSE,STK,27171,INE704B01017,RACLGEAR,EQ,,,,,RACL GEARTECH LIMITED,1758.0,1795.0,1640.0,1689.6,1690.0,1758.0,,1689.73,,,68163,115907294.6,9768,F1,1,,,,,,Cash Only,Unclassified,False,1708.2,1717.5,1698.9,1717.5,1698.9,18.59999999999991,1.1008522727272674,Wide,Bearish,Below CPR,False,False,0.75,60,43357307.75,Lower,True,Risk On,False,119.63571428571431,1480.6119999999999,1392.254,0.15547196847572908,2.6733047002901142,True,True,No setup,Neutral,0,Not applicable,No directional setup; confirmation score not applicable.,Wide CPR,Wide Downside Watch,Watch,Wide CPR + close below CPR; trend opposes; participation confirmed,0,0,0,0
2026-09-23,2026-09-23,CM,NSE,STK,3099,INE232A01011,SHREDIGCEM,EQ,,,,,SHREE DIGVIJAY CEM CO LTD,66.19,69.15,66.19,68.8,68.9,66.92,,68.79,,,133898,9064310.24,1413,F1,1,,,,,,Cash Only,Unclassified,False,68.04666666666667,67.67,68.42333333333333,68.42333333333333,67.67,0.7533333333333303,1.094961240310073,Wide,Bullish,Above CPR,False,False,0.95,60,6049801.67,Higher,True,Risk On,False,2.5921428571428575,72.08279999999999,72.8392,0.2906218425645253,1.4982822139357834,False,False,No setup,Neutral,0,Not applicable,No directional setup; confirmation score not applicable.,Wide CPR,Wide Upside Watch,Watch,Wide CPR + close above CPR; trend opposes; participation confirmed,0,0,0,0
2026-09-23,2026-09-23,CM,NSE,STK,765247,INE967B01028,SGLRES,EQ,,,,,SGL RESOURCES LIMITED,2.46,2.52,2.28,2.44,2.45,2.4,,2.46,,,93094,224715.61,238,F1,1,,,,,,Cash Only,Unclassified,False,2.4133333333333336,2.4,2.426666666666667,2.426666666666667,2.4,0.026666666666667282,1.0928961748634134,Wide,Bullish,Above CPR,False,False,0.37037037037037035,27,106057.26,Overlapping,True,Risk On,False,0.19142857142857145,,,0.13930348258706787,2.118814025555629,False,False,No setup,Neutral,0,Not applicable,No directional setup; confirmation score not applicable.,Wide CPR,Wide Upside Watch,Watch,Wide CPR + close above CPR; trend opposes; participation confirmed,0,0,0,0
2026-09-23,2026-09-23,CM,NSE,STK,14761,INE189I01024,NELCAST,EQ,,,,,NELCAST LIMITED,108.81,110.66,106.8,106.98,107.6,108.9,,106.98,,,85930,9286964.56,1754,F1,1,,,,,,Cash Only,Unclassified,False,108.14666666666666,108.72999999999999,107.56333333333333,108.72999999999999,107.56333333333333,1.1666666666666572,1.09054651959867,Wide,Bearish,Below CPR,False,False,0.8666666666666667,60,13292560.0,Lower,True,Risk On,False,3.963571428571431,118.86,129.5044,0.2943473298492195,0.6986588407349675,False,False,No setup,Neutral,0,Not applicable,No directional setup; confirmation score not applicable.,Wide CPR,Wide Downside Watch,Watch,Wide CPR + close below CPR; trend aligned; participation light,0,0,0,0
2026-09-23,2026-09-23,CM,NSE,STK,765185,INE967A01012,SWARNSAR,EQ,,,,,SWARNSARITA JEWELS IND L,38.21,44.5,38.21,42.04,44.5,39.69,,41.81,,,36942,1536995.39,194,F1,1,,,,,,Cash Only,Unclassified,False,41.583333333333336,41.355000000000004,41.81166666666667,41.81166666666667,41.355000000000004,0.45666666666666345,1.0862670472565734,Wide,Bullish,Above CPR,False,False,0.5925925925925926,27,229317.21,Higher,True,Risk On,False,3.6735714285714285,,,0.12431136172143278,6.702486001813819,False,False,No setup,Neutral,0,Not applicable,No directional setup; confirmation score not applicable.,Wide CPR,Wide Upside Watch,Watch,Wide CPR + close above CPR; trend opposes; participation confirmed,0,0,0,0
2026-09-23,2026-09-23,CM,NSE,STK,24966,INE713C01016,SURAJLTD,EQ,,,,,SURAJ LIMITED,203.43,203.43,197.01,197.01,197.01,202.41,,197.01,,,430,85975.19,30,F1,1,,,,,,Cash Only,Unclassified,False,199.15,200.22,198.08,200.22,198.08,2.1399999999999864,1.0862392771940443,Wide,Bearish,Below CPR,False,False,0.8333333333333334,60,175816.24,Inside,True,Risk On,False,7.678571428571431,212.66780000000003,222.1091,0.2786976744186028,0.48900596440920363,False,False,No setup,Neutral,0,Not applicable,No directional setup; confirmation score not applicable.,Wide CPR,Wide Downside Watch,Watch,Wide CPR + close below CPR; trend aligned; participation light,0,0,0,0
2026-09-23,2026-09-23,CM,NSE,STK,714,INE597J01018,SHALBY,EQ,,,,,SHALBY LIMITED,136.35,150.62,136.0,145.67,148.0,136.7,,145.66,,,224182,32229090.56,4584,F1,1,,,,,,Cash Only,Unclassified,False,144.09666666666666,143.31,144.88333333333333,144.88333333333333,143.31,1.5733333333333235,1.0800668176929522,Wide,Bullish,Above CPR,False,False,0.9333333333333333,60,9916385.695,Higher,True,Risk On,False,6.11071428571429,155.0196,162.1481,0.2574712643678143,3.2500844109210494,False,False,No setup,Neutral,0,Not applicable,No directional setup; confirmation score not applicable.,Wide CPR,Wide Upside Watch,Watch,Wide CPR + close above CPR; trend opposes; participation confirmed,0,0,0,0
2026-09-23,2026-09-23,CM,NSE,STK,21484,INE577L01016,STEL,EQ,,,,,STEL HOLDINGS LIMITED,684.0,684.0,617.95,640.6,668.05,663.55,,640.07,,,11945,7765136.75,864,F1,1,,,,,,Cash Only,Unclassified,False,647.5166666666668,650.975,644.0583333333335,650.975,644.0583333333335,6.916666666666515,1.0797169320428528,Wide,Bearish,Below CPR,False,False,0.8,60,1826658.725,Lower,True,Risk On,False,26.549999999999994,587.644,554.002,0.2605147520401701,4.251005753688336,True,True,No setup,Neutral,0,Not applicable,No directional setup; confirmation score not applicable.,Wide CPR,Wide Downside Watch,Watch,Wide CPR + close below CPR; trend opposes; participation confirmed,0,0,0,0
2026-09-23,2026-09-23,CM,NSE,STK,1570,INE541A01023,GMMPFAUDLR,EQ,,,,,GMM PFAUDLER LIMITED,1470.9,1486.0,1425.6,1432.6,1428.0,1462.3,,1432.65,,,245810,356015808.4,21123,F1,1,,,,,,Cash Only,Unclassified,False,1448.0666666666666,1455.8,1440.3333333333333,1455.8,1440.3333333333333,15.466666666666697,1.0796221322537134,Wide,Bearish,Below CPR,False,False,0.9,60,104436223.25,Lower,True,Risk On,False,70.91428571428571,1042.124,926.615,0.21810367982809606,3.4089303243738276,True,True,No setup,Neutral,0,Not applicable,No directional setup; confirmation score not applicable.,Wide CPR,Wide Downside Watch,Watch,Wide CPR + close below CPR; trend opposes; participation confirmed,0,0,0,0
2026-09-23,2026-09-23,CM,NSE,STK,2969,INE623A01011,SAKHTISUG,EQ,,,,,SAKTHI SUGARS LTD,18.3,18.95,18.1,18.23,18.32,18.3,,18.24,,,228906,4217672.34,687,F1,1,,,,,,Cash Only,Unclassified,False,18.426666666666666,18.525,18.328333333333333,18.525,18.328333333333333,0.19666666666666544,1.0788078259279508,Wide,Bearish,Below CPR,False,False,0.8166666666666667,60,1974183.9649999999,Outside,True,Risk On,False,0.9242857142857138,18.5608,18.1238,0.2127769191138576,2.136413026736341,False,True,No setup,Neutral,0,Not applicable,No directional setup; confirmation score not applicable.,Wide CPR,Wide Downside Watch,Watch,Wide CPR + close below CPR; trend mixed; participation confirmed,0,0,0,0
2026-09-23,2026-09-23,CM,NSE,STK,25672,INE184O01015,DIFFNKG,EQ,,,,,DIFFUSION ENGINEERS LTD,442.1,454.8,438.0,439.3,441.0,441.6,,439.31,,,112607,50085101.9,5056,F1,1,,,,,,Cash Only,Unclassified,False,444.0333333333333,446.4,441.66666666666663,446.4,441.66666666666663,4.7333333333333485,1.0774717353365235,Wide,Bearish,Below CPR,False,False,0.75,60,45832162.875,Outside,True,Risk On,False,22.667857142857134,416.515,384.8955,0.20881256236542273,1.092793766608816,True,True,No setup,Neutral,0,Not applicable,No directional setup; confirmation score not applicable.,Wide CPR,Wide Downside Watch,Watch,Wide CPR + close below CPR; trend opposes; participation confirmed,0,0,0,0
2026-09-23,2026-09-23,CM,NSE,STK,28960,INE0U3I01011,UNIMECH,EQ,,,,,UNIMECH AEROSPACE N MFG L,1765.4,1777.0,1710.2,1716.1,1721.0,1732.5,,1716.08,,,221674,385833532.2,23318,F1,1,,,,,,Cash Only,Unclassified,False,1734.4333333333332,1743.6,1725.2666666666664,1743.6,1725.2666666666664,18.333333333333485,1.068313812326408,Wide,Bearish,Below CPR,False,False,0.8,60,227235057.8,Lower,True,Risk On,False,89.99285714285715,1431.996,1252.4895000000001,0.20371987194751073,1.6979489693865362,True,True,No setup,Neutral,0,Not applicable,No directional setup; confirmation score not applicable.,Wide CPR,Wide Downside Watch,Watch,Wide CPR + close below CPR; trend opposes; participation confirmed,0,0,0,0
2026-09-23,2026-09-23,CM,NSE,STK,14003,INE966H01019,ZEEMEDIA,EQ,,,,,ZEE MEDIA CORPORATION LTD,7.65,7.84,7.42,7.51,7.52,7.56,,7.51,,,1052962,7968891.72,1488,F1,1,,,,,,Cash Only,Unclassified,False,7.59,7.63,7.55,7.63,7.55,0.08000000000000007,1.0652463382157134,Wide,Bearish,Below CPR,False,False,0.7333333333333333,60,12448912.129999999,Overlapping,True,Risk On,False,0.35571428571428576,8.032,8.3247,0.22489959839357446,0.6401275578768183,False,False,No setup,Neutral,0,Not applicable,No directional setup; confirmation score not applicable.,Wide CPR,Wide Downside Watch,Watch,Wide CPR + close below CPR; trend aligned; participation light,0,0,0,0
2026-09-23,2026-09-23,CM,NSE,STK,592,INE371A01025,GRAPHITE,EQ,,,,,GRAPHITE INDIA LTD,832.0,853.2,815.0,821.0,816.6,827.75,,820.98,,,2358335,1972917514.1,67398,F1,1,,,,,,Cash Only,Capital Goods,True,829.7333333333332,834.1,825.3666666666664,834.1,825.3666666666664,8.733333333333576,1.0637434023548813,Wide,Bearish,Below CPR,False,False,0.8,60,588591829.2249999,Overlapping,True,Risk On,False,42.04642857142858,719.2669999999999,699.5645,0.20770689996886102,3.3519281378705927,True,True,No setup,Neutral,0,Not applicable,No directional setup; confirmation score not applicable.,Wide CPR,Wide Downside Watch,Watch,Wide CPR + close below CPR; trend opposes; participation confirmed,0,0,0,0
2026-09-23,2026-09-23,CM,NSE,STK,10993,INE156A01020,INDORAMA,EQ,,,,,INDO RAMA SYNTHETICS LTD,104.29,105.54,97.62,100.0,99.99,103.57,,100.0,,,1969705,198547767.25,23336,F1,1,,,,,,Cash Only,Unclassified,False,101.05333333333334,101.58000000000001,100.52666666666667,101.58000000000001,100.52666666666667,1.0533333333333417,1.0533333333333417,Wide,Bearish,Below CPR,False,False,0.6166666666666667,60,26317164.439999998,Lower,True,Risk On,False,9.052142857142856,65.3204,54.126000000000005,0.11636287119598189,7.544420969161221,True,True,No setup,Neutral,0,Not applicable,No directional setup; confirmation score not applicable.,Wide CPR,Wide Downside Watch,Watch,Wide CPR + close below CPR; trend opposes; participation confirmed,0,0,0,0
2026-09-23,2026-09-23,CM,NSE,STK,11779,INE543V01017,ACEINTEG,EQ,,,,,ACE INTEGRATED SOLU. LTD.,17.9,18.0,17.41,17.43,17.41,17.31,,17.43,,,834,14699.65,49,F1,1,,,,,,Cash Only,Unclassified,False,17.613333333333333,17.705,17.52166666666667,17.705,17.52166666666667,0.18333333333333002,1.0518263530311533,Wide,Bearish,Below CPR,False,False,0.65,60,59555.035,Overlapping,True,Risk On,False,1.1292857142857142,18.354400000000002,19.436700000000002,0.16234450769554842,0.24682463875640404,False,False,No setup,Neutral,0,Not applicable,No directional setup; confirmation score not applicable.,Wide CPR,Wide Downside Watch,Watch,Wide CPR + close below CPR; trend aligned; participation light,0,0,0,0
2026-09-23,2026-09-23,CM,NSE,STK,14924,INE740X01023,LAL,EQ,,,,,LORENZINI APPARELS LTD,8.74,8.89,8.52,8.57,8.56,8.66,,8.57,,,17230,149015.74,151,F1,1,,,,,,Cash Only,Unclassified,False,8.66,8.705,8.615,8.705,8.615,0.08999999999999986,1.0501750291715268,Wide,Bearish,Below CPR,False,False,0.6833333333333333,60,284747.37,Overlapping,True,Risk On,False,0.5542857142857144,8.7128,8.234699999999998,0.16237113402061829,0.5233261329156438,False,True,No setup,Neutral,0,Not applicable,No directional setup; confirmation score not applicable.,Wide CPR,Wide Downside Watch,Watch,Wide CPR + close below CPR; trend mixed; participation light,0,0,0,0
2026-09-23,2026-09-23,CM,NSE,STK,18644,INE591D01014,DIAMINESQ,EQ,,,,,DIAMINES & CHEMICALS LTD,260.0,260.0,246.6,249.38,251.97,254.85,,249.38,,,5025,1256532.12,162,F1,1,,,,,,Cash Only,Unclassified,False,251.99333333333334,253.3,250.68666666666667,253.3,250.68666666666667,2.613333333333344,1.047932205202239,Wide,Bearish,Below CPR,False,False,0.85,60,1248004.065,Lower,True,Risk On,False,8.354285714285714,247.96859999999998,252.03349999999998,0.31281349749202136,1.006833355146163,True,False,No setup,Neutral,0,Not applicable,No directional setup; confirmation score not applicable.,Wide CPR,Wide Downside Watch,Watch,Wide CPR + close below CPR; trend mixed; participation confirmed,0,0,0,0
2026-09-23,2026-09-23,CM,NSE,STK,23043,INE0NQ801033,RKSWAMY,EQ,,,,,R K SWAMY LIMITED,89.94,94.0,88.0,92.45,92.3,87.8,,92.45,,,39564,3595145.72,514,F1,1,,,,,,Cash Only,Unclassified,False,91.48333333333333,91.0,91.96666666666667,91.96666666666667,91.0,0.9666666666666686,1.0456102397692466,Wide,Bullish,Above CPR,False,False,0.7666666666666667,60,3998356.92,Higher,True,Risk On,False,3.855714285714287,97.06220000000002,97.6339,0.2507101395578613,0.8991557762181972,False,False,No setup,Neutral,0,Not applicable,No directional setup; confirmation score not applicable.,Wide CPR,Wide Upside Watch,Watch,Wide CPR + close above CPR; trend opposes; participation light,0,0,0,0
2026-09-23,2026-09-23,CM,NSE,STK,764653,INE145E01017,CRAVATEX,EQ,,,,,CRAVATEX LTD.,326.1,349.7,323.0,341.7,340.25,326.15,,341.68,,,5646,1927177.3,57,F1,1,,,,,,Cash Only,Unclassified,False,338.1333333333334,336.35,339.91666666666674,339.91666666666674,336.35,3.5666666666667197,1.0438006048190576,Wide,Bullish,Above CPR,False,False,0.6296296296296297,27,76332.0,Higher,True,Risk On,False,19.274999999999988,,,0.18504107220060814,25.24730519310381,False,False,No setup,Neutral,0,Not applicable,No directional setup; confirmation score not applicable.,Wide CPR,Wide Upside Watch,Watch,Wide CPR + close above CPR; trend opposes; participation confirmed,0,0,0,0
2026-09-23,2026-09-23,CM,NSE,STK,759041,INE056801025,IVALUE,EQ,,,,,IVALUE INFOSOLUTIONS LTD,227.12,235.0,223.85,233.07,235.0,225.48,,233.07,,,303178,70284541.28,5696,F1,1,,,,,,Cash Only,Unclassified,False,230.64000000000001,229.425,231.85500000000002,231.85500000000002,229.425,2.430000000000007,1.042605225897802,Wide,Bullish,Above CPR,False,False,0.7666666666666667,60,65849275.25,Higher,True,Risk On,False,10.674285714285714,264.9034,261.0502,0.22764989293361948,1.0673548192164803,False,False,No setup,Neutral,0,Not applicable,No directional setup; confirmation score not applicable.,Wide CPR,Wide Upside Watch,Watch,Wide CPR + close above CPR; trend opposes; participation confirmed,0,0,0,0
2026-09-23,2026-09-23,CM,NSE,STK,1508,INE914M01019,ASTERDM,EQ,,,,,ASTER DM QUALITY CARE LTD,734.35,762.0,734.35,760.05,762.0,750.7,,760.08,,,882021,664117828.15,55326,F1,1,,,,,,Cash Only,Healthcare,True,752.1333333333332,748.175,756.0916666666665,756.0916666666665,748.175,7.916666666666515,1.0415981404731944,Wide,Bullish,Above CPR,False,False,0.95,60,565792735.8,Outside,True,Risk On,False,19.414285714285704,793.63,780.5464999999999,0.40777532499386043,1.1737828821909029,False,False,No setup,Neutral,0,Not applicable,No directional setup; confirmation score not applicable.,Wide CPR,Wide Upside Watch,Watch,Wide CPR + close above CPR; trend opposes; participation confirmed,0,0,0,0
2026-09-23,2026-09-23,CM,NSE,STK,3063,INE205A01025,VEDL,EQ,,,,,VEDANTA LIMITED,262.8,271.35,262.2,271.0,271.0,263.0,,270.99,,,11735115,3154082776.75,79925,F1,1,,,,,,F&O + Cash,Metals & Mining,True,268.18333333333334,266.775,269.5916666666667,269.5916666666667,266.775,2.8166666666667197,1.0393603936039557,Wide,Bullish,Above CPR,False,False,0.9,60,2669601707.025,Higher,True,Risk On,False,7.150000000000006,268.884,287.3415,0.39393939393940103,1.1814806562529903,True,False,No setup,Neutral,0,Not applicable,No directional setup; confirmation score not applicable.,Wide CPR,Wide Upside Watch,Watch,Wide CPR + close above CPR; trend mixed; participation confirmed,0,0,0,0
2026-09-23,2026-09-23,CM,NSE,STK,3329,INE858B01029,ISGEC,EQ,,,,,ISGEC HEAVY ENG LTD,843.6,871.1,837.55,867.85,866.0,840.75,,867.82,,,91136,78433034.0,8218,F1,1,,,,,,Cash Only,Unclassified,False,858.8333333333334,854.325,863.3416666666667,863.3416666666667,854.325,9.016666666666652,1.0389660271552286,Wide,Bullish,Above CPR,False,False,0.9333333333333333,60,29264452.775,Higher,True,Risk On,False,28.753571428571426,808.579,889.7909999999999,0.3135842338425863,2.6801469551825576,True,False,No setup,Neutral,0,Not applicable,No directional setup; confirmation score not applicable.,Wide CPR,Wide Upside Watch,Watch,Wide CPR + close above CPR; trend mixed; participation confirmed,0,0,0,0
2026-09-23,2026-09-23,CM,NSE,STK,17728,INE563J01010,ASTEC,EQ,,,,,ASTEC LIFESCIENCES LTD,772.5,788.4,750.1,757.45,758.8,794.5,,757.45,,,335710,258664760.6,17438,F1,1,,,,,,Cash Only,Unclassified,False,765.3166666666666,769.25,761.3833333333332,769.25,761.3833333333332,7.866666666666788,1.0385724030189172,Wide,Bearish,Below CPR,False,False,0.7833333333333333,60,20227482.475,Overlapping,True,Risk On,False,57.471428571428575,641.0189999999999,687.8354999999999,0.1368796089154052,12.7877881451483,True,True,No setup,Neutral,0,Not applicable,No directional setup; confirmation score not applicable.,Wide CPR,Wide Downside Watch,Watch,Wide CPR + close below CPR; trend opposes; participation confirmed,0,0,0,0
2026-09-23,2026-09-23,CM,NSE,STK,5239,INE843B01013,MAHAPEXLTD,EQ,,,,,MAHA RASHTRA APEX COPR. L,53.35,54.98,52.67,53.0,53.0,53.79,,53.2,,,9557,510355.85,124,F1,1,,,,,,Cash Only,Unclassified,False,53.550000000000004,53.825,53.275000000000006,53.825,53.275000000000006,0.5499999999999972,1.0377358490565984,Wide,Bearish,Below CPR,False,False,0.65,60,359197.91500000004,Lower,True,Risk On,False,3.7264285714285705,51.3946,49.88089999999999,0.1475944029135511,1.4208207472473773,True,True,No setup,Neutral,0,Not applicable,No directional setup; confirmation score not applicable.,Wide CPR,Wide Downside Watch,Watch,Wide CPR + close below CPR; trend opposes; participation confirmed,0,0,0,0
2026-09-23,2026-09-23,CM,NSE,STK,9641,INE060B01014,KHANDSE,EQ,,,,,KHANDWALA SECURITIES LTD,18.29,18.29,17.15,18.0,18.1,17.91,,18.0,,,1007,18038.47,28,F1,1,,,,,,Cash Only,Unclassified,False,17.813333333333333,17.72,17.906666666666666,17.906666666666666,17.72,0.18666666666666742,1.0370370370370412,Wide,Bullish,Above CPR,False,False,0.7166666666666667,60,22328.815,Overlapping,True,Risk On,False,1.1892857142857136,17.4328,17.6109,0.1569569569569577,0.8078561267133971,True,True,No setup,Neutral,0,Not applicable,No directional setup; confirmation score not applicable.,Wide CPR,Wide Upside Watch,Watch,Wide CPR + close above CPR; trend aligned; participation light,0,0,0,0
2026-09-23,2026-09-23,CM,NSE,STK,255,INE368I01016,NIRAJ,EQ,,,,,NIRAJ CEMENT STRUC LTD,28.16,28.87,27.98,27.99,28.0,28.16,,27.99,,,15392,431375.92,55,F1,1,,,,,,Cash Only,Unclassified,False,28.28,28.425,28.135,28.425,28.135,0.28999999999999915,1.0360843158270783,Wide,Bearish,Below CPR,False,False,0.5333333333333333,60,1383108.175,Overlapping,True,Risk On,False,1.4821428571428577,29.259,29.015700000000002,0.195662650602409,0.31188877905374246,False,False,No setup,Neutral,0,Not applicable,No directional setup; confirmation score not applicable.,Wide CPR,Wide Downside Watch,Watch,Wide CPR + close below CPR; trend aligned; participation light,0,0,0,0
2026-09-23,2026-09-23,CM,NSE,STK,11297,INE173A01025,SIL,EQ,,,,,STANDARD INDUSTRIES LTD.,16.25,17.48,16.25,17.13,17.01,16.01,,17.13,,,136655,2317484.76,1398,F1,1,,,,,,Cash Only,Unclassified,False,16.953333333333333,16.865000000000002,17.041666666666664,17.041666666666664,16.865000000000002,0.1766666666666623,1.0313290523447889,Wide,Bullish,Above CPR,False,False,0.65,60,702295.625,Higher,True,Risk On,False,0.9878571428571423,17.9484,16.8899,0.17883827428295543,3.299870706157396,False,True,No setup,Neutral,0,Not applicable,No directional setup; confirmation score not applicable.,Wide CPR,Wide Upside Watch,Watch,Wide CPR + close above CPR; trend mixed; participation confirmed,0,0,0,0
2026-09-23,2026-09-23,CM,NSE,STK,758675,INE886D01026,EFCIL,EQ,,,,,EFC (I) LIMITED,179.47,184.0,176.5,183.08,183.0,177.99,,183.08,,,258227,46633017.22,5140,F1,1,,,,,,Cash Only,Unclassified,False,181.19333333333336,180.25,182.1366666666667,182.1366666666667,180.25,1.886666666666713,1.0305148933071404,Wide,Bullish,Above CPR,False,False,0.8,60,46555491.525,Overlapping,True,Risk On,False,6.364285714285716,189.9454,188.5801,0.29644594089039256,1.0016652320158272,False,False,No setup,Neutral,0,Not applicable,No directional setup; confirmation score not applicable.,Wide CPR,Wide Upside Watch,Watch,Wide CPR + close above CPR; trend opposes; participation confirmed,0,0,0,0
2026-09-23,2026-09-23,CM,NSE,STK,16395,INE511Y01018,MMP,EQ,,,,,MMP INDUSTRIES LIMITED,463.0,483.95,460.0,464.8,470.0,461.3,,464.8,,,96752,45590876.65,4166,F1,1,,,,,,Cash Only,Unclassified,False,469.5833333333333,471.975,467.1916666666666,471.975,467.1916666666666,4.783333333333417,1.0291164658634717,Wide,Bearish,Below CPR,False,False,0.6666666666666666,60,23180670.575000003,Inside,True,Risk On,False,31.121428571428567,368.07200000000006,321.8849,0.15369902838344696,1.9667626310676731,True,True,No setup,Neutral,0,Not applicable,No directional setup; confirmation score not applicable.,Wide CPR,Wide Downside Watch,Watch,Wide CPR + close below CPR; trend opposes; participation confirmed,0,0,0,0
2026-09-23,2026-09-23,CM,NSE,STK,11971,INE025B01025,GOLDIAM,EQ,,,,,GOLDIAM INTERNATIONAL LTD,322.0,333.5,321.45,332.6,332.0,319.8,,332.6,,,477829,157213186.2,10052,F1,1,,,,,,Cash Only,Unclassified,False,329.18333333333334,327.475,330.89166666666665,330.89166666666665,327.475,3.4166666666666288,1.0272599719382527,Wide,Bullish,Above CPR,False,False,0.8166666666666667,60,217358198.575,Higher,True,Risk On,False,10.999999999999996,350.684,388.19399999999996,0.3106060606060573,0.723290803984802,False,False,No setup,Neutral,0,Not applicable,No directional setup; confirmation score not applicable.,Wide CPR,Wide Upside Watch,Watch,Wide CPR + close above CPR; trend opposes; participation light,0,0,0,0
2026-09-23,2026-09-23,CM,NSE,STK,764471,INE0MGM01017,ANNAPURNA,EQ,,,,,ANNAPURNA SWADISHT LTD,132.9,135.15,130.2,130.68,130.2,131.71,,130.68,,,38808,5121485.28,811,F1,1,,,,,,Cash Only,Unclassified,False,132.01000000000002,132.675,131.34500000000003,132.675,131.34500000000003,1.329999999999984,1.0177532904805509,Wide,Bearish,Below CPR,False,False,0.6333333333333333,30,6877568.75,Outside,True,Risk On,False,5.817142857142857,,,0.2286345776031407,0.7446650795021134,False,False,No setup,Neutral,0,Not applicable,No directional setup; confirmation score not applicable.,Wide CPR,Wide Downside Watch,Watch,Wide CPR + close below CPR; trend aligned; participation light,0,0,0,0
2026-09-23,2026-09-23,CM,NSE,STK,3403,INE820Y01021,AJOONI,EQ,,,,,AJOONI BIOTECH LIMITED,3.17,3.29,3.17,3.28,3.28,3.16,,3.28,,,286000,927276.75,409,F1,1,,,,,,Cash Only,Unclassified,False,3.2466666666666666,3.23,3.263333333333333,3.263333333333333,3.23,0.033333333333333215,1.0162601626016226,Wide,Bullish,Above CPR,False,False,0.8666666666666667,60,1038761.015,Higher,True,Risk On,False,0.16642857142857134,3.7688,3.8622,0.20028612303290355,0.8926757325408482,False,False,No setup,Neutral,0,Not applicable,No directional setup; confirmation score not applicable.,Wide CPR,Wide Upside Watch,Watch,Wide CPR + close above CPR; trend opposes; participation light,0,0,0,0
2026-09-23,2026-09-23,CM,NSE,STK,756038,INE299N01021,WAAREERTL,EQ,,,,,WAAREE RENEWABLE TECH LTD,815.0,860.15,810.0,848.0,853.9,816.95,,848.03,,,453569,383603307.55,24262,F1,1,,,,,,Cash Only,Unclassified,False,839.3833333333333,835.075,843.6916666666666,843.6916666666666,835.075,8.61666666666656,1.0161163522012453,Wide,Bullish,Above CPR,False,False,0.95,60,106970320.55,Higher,True,Risk On,False,20.896428571428594,891.6439999999999,938.6030000000001,0.41235116504300706,3.5860723383613347,False,False,No setup,Neutral,0,Not applicable,No directional setup; confirmation score not applicable.,Wide CPR,Wide Upside Watch,Watch,Wide CPR + close above CPR; trend opposes; participation confirmed,0,0,0,0
2026-09-23,2026-09-23,CM,NSE,STK,24582,INE08NE01025,SANSTAR,EQ,,,,,SANSTAR LIMITED,111.5,114.76,110.91,111.15,110.95,112.61,,111.15,,,184575,20733005.41,2657,F1,1,,,,,,Cash Only,Unclassified,False,112.27333333333335,112.83500000000001,111.7116666666667,112.83500000000001,111.7116666666667,1.1233333333333064,1.0106462738041442,Wide,Bearish,Below CPR,False,False,0.7833333333333333,60,19446272.44,Lower,True,Risk On,False,3.9835714285714294,110.54119999999999,111.2808,0.2819915127607367,1.0661686178659748,True,False,No setup,Neutral,0,Not applicable,No directional setup; confirmation score not applicable.,Wide CPR,Wide Downside Watch,Watch,Wide CPR + close below CPR; trend mixed; participation confirmed,0,0,0,0
2026-09-23,2026-09-23,CM,NSE,STK,760946,INE2KCE01013,KWIL,EQ,,,,,KWALITY WALL'S (INDIA) L,42.1,43.33,41.78,41.92,41.9,41.99,,41.92,,,8406785,356930693.58,26053,F1,1,,,,,,Cash Only,Unclassified,False,42.343333333333334,42.555,42.13166666666667,42.555,42.13166666666667,0.423333333333332,1.009860050890582,Wide,Bearish,Below CPR,False,False,0.65,60,442505046.25,Overlapping,True,Risk On,False,1.9107142857142858,38.38399999999999,34.9421,0.2215576323987532,0.8066138377512344,True,True,No setup,Neutral,0,Not applicable,No directional setup; confirmation score not applicable.,Wide CPR,Wide Downside Watch,Watch,Wide CPR + close below CPR; trend opposes; participation light,0,0,0,0
2026-09-23,2026-09-23,CM,NSE,STK,17675,INE270A01029,ALOKINDS,EQ,,,,,ALOK INDUSTRIES LIMITED,7.44,7.7,7.35,7.64,7.64,7.34,,7.64,,,22445047,168933818.85,13111,F1,1,,,,,,Cash Only,Unclassified,False,7.5633333333333335,7.525,7.601666666666667,7.601666666666667,7.525,0.07666666666666622,1.0034904013961548,Wide,Bullish,Above CPR,False,False,0.8333333333333334,60,48040272.445,Higher,True,Risk On,False,0.37928571428571445,10.307,11.6129,0.2021343377275568,3.516504179767251,False,False,No setup,Neutral,0,Not applicable,No directional setup; confirmation score not applicable.,Wide CPR,Wide Upside Watch,Watch,Wide CPR + close above CPR; trend opposes; participation confirmed,0,0,0,0
2026-09-23,2026-09-23,CM,NSE,STK,13648,INE187D01029,TALBROAUTO,EQ,,,,,TALBROS AUTO. COMP. LTD,474.7,482.6,465.15,466.9,468.5,475.3,,466.94,,,206297,97333394.2,8726,F1,1,,,,,,Cash Only,Unclassified,False,471.55,473.875,469.225,473.875,469.225,4.649999999999977,0.9959306061255039,Wide,Bearish,Below CPR,False,False,0.7833333333333333,60,65896492.55,Lower,True,Risk On,False,19.56071428571429,418.42100000000005,390.4225,0.23772138031769094,1.477064869972355,True,True,No setup,Neutral,0,Not applicable,No directional setup; confirmation score not applicable.,Wide CPR,Wide Downside Watch,Watch,Wide CPR + close below CPR; trend opposes; participation confirmed,0,0,0,0
2026-09-23,2026-09-23,CM,NSE,STK,18962,INE451D01029,RAJRATAN,EQ,,,,,RAJRATAN GLOBAL WIRE LTD,452.0,500.0,452.0,483.2,482.2,450.2,,483.22,,,618194,300306487.75,26203,F1,1,,,,,,Cash Only,Unclassified,False,478.40000000000003,476.0,480.80000000000007,480.80000000000007,476.0,4.800000000000068,0.9933774834437227,Wide,Bullish,Above CPR,False,False,0.8,60,49464655.7,Higher,True,Risk On,False,24.653571428571418,497.612,468.211,0.19469795740982468,6.071132680500998,False,True,No setup,Neutral,0,Not applicable,No directional setup; confirmation score not applicable.,Wide CPR,Wide Upside Watch,Watch,Wide CPR + close above CPR; trend mixed; participation confirmed,0,0,0,0
2026-09-23,2026-09-23,CM,NSE,STK,760392,INE027T01023,RUDRA,EQ,,,,,RUDRA GLOBAL INFRA PROD L,20.47,20.47,19.74,19.81,19.75,20.1,,19.75,,,39703,790723.86,167,F1,1,,,,,,Cash Only,Unclassified,False,20.006666666666664,20.104999999999997,19.90833333333333,20.104999999999997,19.90833333333333,0.19666666666666544,0.9927645970048735,Wide,Bearish,Below CPR,False,False,0.6666666666666666,60,1147435.6400000001,Lower,True,Risk On,False,0.8142857142857142,20.3434,19.055,0.24152046783625583,0.6891226247774558,False,True,No setup,Neutral,0,Not applicable,No directional setup; confirmation score not applicable.,Wide CPR,Wide Downside Watch,Watch,Wide CPR + close below CPR; trend mixed; participation light,0,0,0,0
2026-09-23,2026-09-23,CM,NSE,STK,10447,INE854D01024,UNITDSPR,EQ,,,,,UNITED SPIRITS LIMITED,1398.0,1442.0,1397.1,1441.0,1441.0,1398.0,,1441.0,,,767514,1097199604.2,34554,F1,1,,,,,,F&O + Cash,Fast Moving Consumer Goods,True,1426.7,1419.55,1433.8500000000001,1433.8500000000001,1419.55,14.300000000000182,0.9923664122137531,Wide,Bullish,Above CPR,False,False,0.9833333333333333,60,856568776.6,Higher,True,Risk On,False,30.735714285714316,1472.224,1392.286,0.465256797583087,1.280924117448154,False,True,No setup,Neutral,0,Not applicable,No directional setup; confirmation score not applicable.,Wide CPR,Wide Upside Watch,Watch,Wide CPR + close above CPR; trend mixed; participation confirmed,0,0,0,0
2026-09-23,2026-09-23,CM,NSE,STK,765010,INE290E01011,YOGI,EQ,,,,,YOGI LTD.,163.1,163.1,156.0,161.95,162.0,161.0,,161.95,,,2971,475715.2,26,F1,1,,,,,,Cash Only,Unclassified,False,160.35,159.55,161.14999999999998,161.14999999999998,159.55,1.599999999999966,0.9879592466810534,Wide,Bullish,Above CPR,False,False,0.5,26,91296.975,Overlapping,True,Risk On,False,7.663571428571426,,,0.2087799422126902,5.2106348540025555,False,False,No setup,Neutral,0,Not applicable,No directional setup; confirmation score not applicable.,Wide CPR,Wide Upside Watch,Watch,Wide CPR + close above CPR; trend opposes; participation confirmed,0,0,0,0
2026-09-23,2026-09-23,CM,NSE,STK,15377,INE865T01018,PDMJEPAPER,EQ,,,,,PUDUMJEE PAPER PRO. LTD,99.25,101.45,98.0,98.27,98.0,97.36,,98.28,,,130398,12911397.85,2549,F1,1,,,,,,Cash Only,Unclassified,False,99.24,99.725,98.755,99.725,98.755,0.9699999999999989,0.9870764221023698,Wide,Bearish,Below CPR,False,False,0.8333333333333334,60,11248630.370000001,Overlapping,True,Risk On,False,6.436428571428572,93.319,88.2592,0.15070469426256777,1.1478195500524744,True,True,No setup,Neutral,0,Not applicable,No directional setup; confirmation score not applicable.,Wide CPR,Wide Downside Watch,Watch,Wide CPR + close below CPR; trend opposes; participation confirmed,0,0,0,0
2026-09-23,2026-09-23,CM,NSE,STK,765931,INE1M2N01020,DEEPA,EQ,,,,,DEEPA JEWELLERS LIMITED,189.49,197.99,189.0,196.4,196.21,188.43,,196.39,,,3305468,644200492.25,39501,F1,1,,,,,,Cash Only,Unclassified,False,194.46333333333334,193.495,195.43166666666667,195.43166666666667,193.495,1.9366666666666674,0.9860828241683642,Wide,Bullish,Above CPR,False,False,0.5454545454545454,11,644200492.25,Higher,False,Risk On,False,,,,,1.0,False,False,No setup,Neutral,0,Not applicable,No directional setup; confirmation score not applicable.,Wide CPR,Wide Upside Watch,Watch,Wide CPR + close above CPR; trend opposes; participation confirmed,0,0,0,0
2026-09-23,2026-09-23,CM,NSE,STK,765150,INE914G01029,POLYSPIN,EQ,,,,,POLYSPIN EXPORTS LTD.,28.65,32.0,28.65,30.78,30.8,28.51,,30.78,,,1253,38618.06,30,F1,1,,,,,,Cash Only,Unclassified,False,30.47666666666667,30.325,30.62833333333334,30.62833333333334,30.325,0.30333333333334167,0.9854884123890243,Wide,Bullish,Above CPR,False,False,0.46153846153846156,26,22609.535,Higher,True,Risk On,False,1.3564285714285713,,,0.22362647007197387,1.7080430889003244,False,False,No setup,Neutral,0,Not applicable,No directional setup; confirmation score not applicable.,Wide CPR,Wide Upside Watch,Watch,Wide CPR + close above CPR; trend opposes; participation confirmed,0,0,0,0
2026-09-23,2026-09-23,CM,NSE,STK,764763,INE938C01019,LAKSHMIMIL,EQ,,,,,LAKSHMI MILLS CO. LTD.,7943.0,7943.0,7716.0,7716.5,7716.0,7700.0,,7716.5,,,19,148147.0,10,F1,1,,,,,,Cash Only,Unclassified,False,7791.833333333333,7829.5,7754.166666666666,7829.5,7754.166666666666,75.33333333333394,0.9762629862416115,Wide,Bearish,Below CPR,False,False,0.72,25,170197.0,Higher,True,Risk On,False,254.35714285714286,,,0.29617148740990595,0.8704442498986469,False,False,No setup,Neutral,0,Not applicable,No directional setup; confirmation score not applicable.,Wide CPR,Wide Downside Watch,Watch,Wide CPR + close below CPR; trend aligned; participation light,0,0,0,0
2026-09-23,2026-09-23,CM,NSE,STK,13693,INE669A01022,INFOMEDIA,EQ,,,,,INFOMEDIA PRESS LIMITED,5.5,5.5,5.3,5.48,5.48,5.34,,5.48,,,2413,12994.54,22,F1,1,,,,,,Cash Only,Unclassified,False,5.426666666666667,5.4,5.453333333333333,5.453333333333333,5.4,0.05333333333333279,0.97323600973235,Wide,Bullish,Above CPR,False,False,0.5333333333333333,60,68717.935,Overlapping,True,Risk On,False,0.47071428571428564,5.364,5.5463,0.11330298431967514,0.18909968700310917,True,False,No setup,Neutral,0,Not applicable,No directional setup; confirmation score not applicable.,Wide CPR,Wide Upside Watch,Watch,Wide CPR + close above CPR; trend mixed; participation light,0,0,-2,-2
2026-09-23,2026-09-23,CM,NSE,STK,764850,INE0AK901016,RRECL,EQ,,,,,RDB REAL ESTATE CONS L,133.0,137.0,133.0,137.0,137.0,137.0,,132.28,,,1120,149229.0,14,F1,1,,,,,,Cash Only,Unclassified,False,135.66666666666666,135.0,136.33333333333331,136.33333333333331,135.0,1.3333333333333144,0.9732360097323463,Wide,Bullish,Above CPR,False,False,0.4230769230769231,26,71696.225,Lower,True,Risk On,False,10.717857142857143,,,0.12440297678551417,2.0814066570450533,False,False,No setup,Neutral,0,Not applicable,No directional setup; confirmation score not applicable.,Wide CPR,Wide Upside Watch,Watch,Wide CPR + close above CPR; trend opposes; participation confirmed,0,0,0,0
2026-09-23,2026-09-23,CM,NSE,STK,2088,INE271B01025,MAHSEAMLES,EQ,,,,,MAHARASHTRA SEAMLESS LTD,700.0,729.35,696.65,702.75,703.15,697.35,,702.76,,,439951,311264773.6,19092,F1,1,,,,,,Cash Only,Unclassified,False,709.5833333333334,713.0,706.1666666666667,713.0,706.1666666666667,6.8333333333332575,0.9723704494248676,Wide,Bearish,Below CPR,False,False,0.9,60,80153271.32499999,Higher,True,Risk On,False,31.207142857142856,630.248,626.475,0.21896696421759124,3.883369555035439,True,True,No setup,Neutral,0,Not applicable,No directional setup; confirmation score not applicable.,Wide CPR,Wide Downside Watch,Watch,Wide CPR + close below CPR; trend opposes; participation confirmed,0,0,0,0
2026-09-23,2026-09-23,CM,NSE,STK,13870,INE529I01021,KUANTUM,EQ,,,,,KUANTUM PAPERS LIMITED,85.0,86.5,81.65,82.87,82.61,84.95,,82.86,,,160358,13465935.19,3024,F1,1,,,,,,Cash Only,Unclassified,False,83.67333333333333,84.075,83.27166666666666,84.075,83.27166666666666,0.8033333333333417,0.9693898073287579,Wide,Bearish,Below CPR,False,False,0.8333333333333334,60,7512353.824999999,Inside,True,Risk On,False,4.289999999999999,77.6348,77.2037,0.18725718725718923,1.7925054521776336,True,True,No setup,Neutral,0,Not applicable,No directional setup; confirmation score not applicable.,Wide CPR,Wide Downside Watch,Watch,Wide CPR + close below CPR; trend opposes; participation confirmed,0,0,0,0
2026-09-23,2026-09-23,CM,NSE,STK,756324,INE0FFK01017,NPST,EQ,,,,,NETWORK PEOPLE SRV TECH L,1905.3,1905.3,1837.6,1844.7,1846.0,1888.8,,1844.64,,,46146,85879034.7,5937,F1,1,,,,,,Cash Only,Unclassified,False,1862.533333333333,1871.4499999999998,1853.6166666666663,1871.4499999999998,1853.6166666666663,17.833333333333485,0.966733524873068,Wide,Bearish,Below CPR,False,False,0.8333333333333334,60,54722706.5,Overlapping,True,Risk On,False,96.38571428571427,1629.41,1512.8,0.1850205029395797,1.569349182317947,True,True,No setup,Neutral,0,Not applicable,No directional setup; confirmation score not applicable.,Wide CPR,Wide Downside Watch,Watch,Wide CPR + close below CPR; trend opposes; participation confirmed,0,0,0,0
2026-09-23,2026-09-23,CM,NSE,STK,11253,INE192B01031,WELSPUNLIV,EQ,,,,,WELSPUN LIVING LIMITED,229.2,233.0,221.01,223.77,223.5,221.51,,223.77,,,12078998,2735956409.94,95811,F1,1,,,,,,Cash Only,Textiles,True,225.92666666666665,227.005,224.8483333333333,227.005,224.8483333333333,2.1566666666666947,0.9637872219987911,Wide,Bearish,Below CPR,False,False,0.7833333333333333,60,495488447.33500004,Higher,True,Risk On,False,7.953571428571428,182.6984,165.75689999999997,0.2711570124232935,5.52173602564384,True,True,No setup,Neutral,0,Not applicable,No directional setup; confirmation score not applicable.,Wide CPR,Wide Downside Watch,Watch,Wide CPR + close below CPR; trend opposes; participation confirmed,0,0,0,0
2026-09-23,2026-09-23,CM,NSE,STK,3918,INE987B01026,NATCOPHARM,EQ,,,,,NATCO PHARMA LTD.,815.15,840.0,811.0,837.6,840.0,815.05,,837.61,,,650820,541716017.3,40793,F1,1,,,,,,Cash Only,Healthcare,True,829.5333333333333,825.5,833.5666666666666,833.5666666666666,825.5,8.066666666666606,0.9630690862782479,Wide,Bullish,Above CPR,False,False,0.9333333333333333,60,312430149.25,Higher,True,Risk On,False,18.500000000000018,884.029,944.815,0.43603603603603236,1.7338788161142868,False,False,No setup,Neutral,0,Not applicable,No directional setup; confirmation score not applicable.,Wide CPR,Wide Upside Watch,Watch,Wide CPR + close above CPR; trend opposes; participation confirmed,0,0,0,0
2026-09-23,2026-09-23,CM,NSE,STK,2388,INE045B01015,NELCO,EQ,,,,,NELCO LTD,1012.1,1058.8,1012.1,1020.75,1022.0,1011.75,,1020.73,,,511625,530183401.1,20300,F1,1,,,,,,Cash Only,Unclassified,False,1030.55,1035.45,1025.6499999999999,1035.45,1025.6499999999999,9.800000000000182,0.9600783737448134,Wide,Bearish,Below CPR,False,False,0.65,60,218051503.625,Higher,True,Risk On,False,45.51428571428572,953.52,861.6465,0.2153170119271854,2.4314595051442405,True,True,No setup,Neutral,0,Not applicable,No directional setup; confirmation score not applicable.,Wide CPR,Wide Downside Watch,Watch,Wide CPR + close below CPR; trend opposes; participation confirmed,0,0,0,0
2026-09-23,2026-09-23,CM,NSE,STK,6364,INE139A01034,NATIONALUM,EQ,,,,,NATIONAL ALUMINIUM CO LTD,352.5,363.95,352.5,363.45,363.45,352.2,,363.45,,,6249209,2248029572.8,82761,F1,1,,,,,,F&O + Cash,Metals & Mining,True,359.9666666666667,358.225,361.70833333333337,361.70833333333337,358.225,3.4833333333333485,0.9584078506901496,Wide,Bullish,Above CPR,False,False,0.8666666666666667,60,2103778724.8249998,Higher,True,Risk On,False,10.571428571428568,369.49300000000005,376.6460000000001,0.3295045045045061,1.0685675001238544,False,False,No setup,Neutral,0,Not applicable,No directional setup; confirmation score not applicable.,Wide CPR,Wide Upside Watch,Watch,Wide CPR + close above CPR; trend opposes; participation confirmed,0,0,0,0
2026-09-23,2026-09-23,CM,NSE,STK,28046,INE0HLU01028,MOBIKWIK,EQ,,,,,ONE MOBIKWIK SYSTEMS LTD,208.48,209.69,202.0,202.93,203.9,209.02,,202.92,,,1411387,288524592.78,18961,F1,1,,,,,,Cash Only,Unclassified,False,204.87333333333333,205.845,203.90166666666667,205.845,203.90166666666667,1.943333333333328,0.957637280507233,Wide,Bearish,Below CPR,False,False,0.8,60,153216702.435,Lower,True,Risk On,False,10.955000000000002,201.8904,201.3199,0.17739236269587655,1.8831144920535174,True,True,No setup,Neutral,0,Not applicable,No directional setup; confirmation score not applicable.,Wide CPR,Wide Downside Watch,Watch,Wide CPR + close below CPR; trend opposes; participation confirmed,0,0,0,0
2026-09-23,2026-09-23,CM,NSE,STK,20905,INE02IJ01035,AZAD,EQ,,,,,AZAD ENGINEERING LIMITED,2776.2,2804.1,2700.1,2713.2,2711.9,2776.2,,2713.06,,,225494,617343308.1,22087,F1,1,,,,,,Cash Only,Unclassified,False,2739.133333333333,2752.1,2726.1666666666665,2752.1,2726.1666666666665,25.933333333333394,0.9558209248611749,Wide,Bearish,Below CPR,False,False,0.6666666666666666,60,1113450528.1999998,Lower,True,Risk On,False,116.2642857142857,2620.708,2378.334,0.22305502652003903,0.5544416141218191,True,True,No setup,Neutral,0,Not applicable,No directional setup; confirmation score not applicable.,Wide CPR,Wide Downside Watch,Watch,Wide CPR + close below CPR; trend opposes; participation light,0,0,0,0
2026-09-23,2026-09-23,CM,NSE,STK,760007,INE606N01019,EXCELSOFT,EQ,,,,,EXCELSOFT TECHNOLOGIES L,83.96,83.96,80.22,80.94,81.5,82.85,,80.96,,,457531,37376552.27,4166,F1,1,,,,,,Cash Only,Unclassified,False,81.70666666666666,82.09,81.32333333333332,82.09,81.32333333333332,0.7666666666666799,0.9472036899761304,Wide,Bearish,Below CPR,False,False,0.7833333333333333,60,30041621.924999997,Lower,True,Risk On,False,4.61142857142857,75.7442,79.7799,0.16625361420900747,1.2441589326738725,True,True,No setup,Neutral,0,Not applicable,No directional setup; confirmation score not applicable.,Wide CPR,Wide Downside Watch,Watch,Wide CPR + close below CPR; trend opposes; participation confirmed,0,0,0,0
2026-09-23,2026-09-23,CM,NSE,STK,11060,INE0D6I01023,KSOLVES,EQ,,,,,KSOLVES INDIA LIMITED,251.95,260.0,250.75,259.05,259.9,250.75,,259.02,,,28863,7357852.55,1254,F1,1,,,,,,Cash Only,Unclassified,False,256.59999999999997,255.375,257.82499999999993,257.82499999999993,255.375,2.449999999999932,0.9457633661455054,Wide,Bullish,Above CPR,False,False,0.9,60,8832400.925,Higher,True,Risk On,False,8.924999999999997,274.597,280.3805,0.27450980392156105,0.8330523730160041,False,False,No setup,Neutral,0,Not applicable,No directional setup; confirmation score not applicable.,Wide CPR,Wide Upside Watch,Watch,Wide CPR + close above CPR; trend opposes; participation light,0,0,0,0
2026-09-23,2026-09-23,CM,NSE,STK,5926,INE306R01017,INTELLECT,EQ,,,,,INTELLECT DESIGN ARENA,648.2,674.35,642.9,668.05,666.8,647.75,,667.96,,,549685,363148574.05,28879,F1,1,,,,,,Cash Only,Information Technology,True,661.7666666666667,658.625,664.9083333333333,664.9083333333333,658.625,6.283333333333303,0.9405483621485373,Wide,Bullish,Above CPR,False,False,0.8833333333333333,60,235694277.55,Higher,True,Risk On,False,19.382142857142867,702.448,721.299,0.32418156132915493,1.5407610987626204,False,False,No setup,Neutral,0,Not applicable,No directional setup; confirmation score not applicable.,Wide CPR,Wide Upside Watch,Watch,Wide CPR + close above CPR; trend opposes; participation confirmed,0,0,0,0
2026-09-23,2026-09-23,CM,NSE,STK,25643,INE0Q3J01015,KRN,EQ,,,,,KRN HEAT EXCHANGE N REF L,1440.0,1458.0,1407.0,1412.6,1412.0,1420.1,,1412.61,,,159649,228004543.5,19340,F1,1,,,,,,Cash Only,Unclassified,False,1425.8666666666668,1432.5,1419.2333333333336,1432.5,1419.2333333333336,13.266666666666424,0.9391665486809022,Wide,Bearish,Below CPR,False,False,0.4666666666666667,60,628769851.7,Outside,True,Risk On,False,71.34999999999998,1402.075,1146.308,0.1859378649848133,0.3626200316117987,True,True,No setup,Neutral,0,Not applicable,No directional setup; confirmation score not applicable.,Wide CPR,Wide Downside Watch,Watch,Wide CPR + close below CPR; trend opposes; participation light,0,0,0,0
2026-09-23,2026-09-23,CM,NSE,STK,760433,INE987S01020,KSHINTL,EQ,,,,,KSH INTERNATIONAL LIMITED,1044.95,1083.0,1040.0,1046.8,1051.8,1040.95,,1046.77,,,224075,236918506.5,17672,F1,1,,,,,,Cash Only,Unclassified,False,1056.6000000000001,1061.5,1051.7000000000003,1061.5,1051.7000000000003,9.799999999999727,0.9361864730607304,Wide,Bearish,Below CPR,False,False,0.6,60,222861497.2,Higher,True,Risk On,False,64.51785714285715,973.451,873.6005,0.1518959313589772,1.0630750913756313,True,True,No setup,Neutral,0,Not applicable,No directional setup; confirmation score not applicable.,Wide CPR,Wide Downside Watch,Watch,Wide CPR + close below CPR; trend opposes; participation confirmed,0,0,0,0
2026-09-23,2026-09-23,CM,NSE,STK,3162,INE059B01024,SIMPLEXINF,EQ,,,,,SIMPLEX INFRASTRUCTURES L,256.8,265.0,255.0,256.4,255.5,256.3,,256.4,,,161513,41776928.6,2956,F1,1,,,,,,Cash Only,Unclassified,False,258.8,260.0,257.6,260.0,257.6,2.3999999999999773,0.9360374414976511,Wide,Bearish,Below CPR,False,False,0.7666666666666667,60,18060874.06,Higher,True,Risk On,False,11.799999999999997,251.6232,248.9706,0.2033898305084727,2.313117762806658,True,True,No setup,Neutral,0,Not applicable,No directional setup; confirmation score not applicable.,Wide CPR,Wide Downside Watch,Watch,Wide CPR + close below CPR; trend opposes; participation confirmed,0,0,0,0
2026-09-23,2026-09-23,CM,NSE,STK,758941,INE0P6P01016,CPEDU,EQ,,,,,CAREER POINT EDUTECH LTD,173.0,181.0,173.0,179.52,176.1,177.35,,179.52,,,4137,737915.56,106,F1,1,,,,,,Cash Only,Unclassified,False,177.84,177.0,178.68,178.68,177.0,1.6800000000000068,0.9358288770053513,Wide,Bullish,Above CPR,False,False,0.7833333333333333,60,1084787.305,Overlapping,True,Risk On,False,7.84571428571429,193.81119999999999,192.67,0.21412964311726224,0.6802398558674136,False,False,No setup,Neutral,0,Not applicable,No directional setup; confirmation score not applicable.,Wide CPR,Wide Upside Watch,Watch,Wide CPR + close above CPR; trend opposes; participation light,0,0,0,0
2026-09-23,2026-09-23,CM,NSE,STK,5650,INE933X01016,SHANTI,EQ,,,,,SHANTI OVERSEAS INDIA LTD,5.84,5.84,5.4,5.7,5.7,5.56,,5.7,,,15934,90012.13,80,F1,1,,,,,,Cash Only,Unclassified,False,5.646666666666667,5.62,5.673333333333335,5.673333333333335,5.62,0.053333333333334565,0.9356725146199045,Wide,Bullish,Above CPR,False,False,0.5,60,131715.905,Overlapping,True,Risk On,False,0.4842857142857141,6.4742,6.560499999999999,0.11012782694198882,0.6833808718848343,False,False,No setup,Neutral,0,Not applicable,No directional setup; confirmation score not applicable.,Wide CPR,Wide Upside Watch,Watch,Wide CPR + close above CPR; trend opposes; participation light,0,0,0,0
2026-09-23,2026-09-23,CM,NSE,STK,28314,INE489G01022,ANUHPHR,EQ,,,,,ANUH PHARMA LIMITED,94.26,96.38,93.02,93.39,93.5,93.48,,93.39,,,134416,12650778.16,2321,F1,1,,,,,,Cash Only,Unclassified,False,94.26333333333332,94.69999999999999,93.82666666666665,94.69999999999999,93.82666666666665,0.8733333333333348,0.9351465181853891,Wide,Bearish,Below CPR,False,False,0.8833333333333333,60,4126485.375,Overlapping,True,Risk On,False,5.668571428571426,82.4606,80.6428,0.15406586021505408,3.065751362320047,True,True,No setup,Neutral,0,Not applicable,No directional setup; confirmation score not applicable.,Wide CPR,Wide Downside Watch,Watch,Wide CPR + close below CPR; trend opposes; participation confirmed,0,0,0,0
2026-09-23,2026-09-23,CM,NSE,STK,24159,INE916Y01027,AFIL,EQ,,,,,AKME FINTRADE (INDIA) LTD,8.32,8.55,8.12,8.22,8.3,8.32,,8.22,,,752891,6237655.35,849,F1,1,,,,,,Cash Only,Unclassified,False,8.296666666666667,8.335,8.258333333333333,8.335,8.258333333333333,0.07666666666666799,0.9326845093268612,Wide,Bearish,Below CPR,False,False,0.6666666666666666,60,5239652.355,Lower,True,Risk On,False,0.42571428571428555,9.1252,7.488200000000001,0.18008948545861617,1.1904712235436083,False,True,No setup,Neutral,0,Not applicable,No directional setup; confirmation score not applicable.,Wide CPR,Wide Downside Watch,Watch,Wide CPR + close below CPR; trend mixed; participation confirmed,0,0,0,0
2026-09-23,2026-09-23,CM,NSE,STK,18365,INE262H01021,PERSISTENT,EQ,,,,,PERSISTENT SYSTEMS LTD,5400.0,5413.0,5213.5,5240.0,5240.0,5366.0,,5239.93,,,388889,2049237120.0,33273,F1,1,,,,,,F&O + Cash,Information Technology,True,5288.833333333333,5313.25,5264.416666666666,5313.25,5264.416666666666,48.83333333333394,0.9319338422391974,Wide,Bearish,Below CPR,False,False,0.8666666666666667,60,2624976696.55,Lower,True,Risk On,False,144.10714285714286,5470.2,5197.058,0.33886823626601,0.7806686903900163,False,True,No setup,Neutral,0,Not applicable,No directional setup; confirmation score not applicable.,Wide CPR,Wide Downside Watch,Watch,Wide CPR + close below CPR; trend mixed; participation light,0,0,0,0
2026-09-23,2026-09-23,CM,NSE,STK,14485,INE083B01024,THEMISMED,EQ,,,,,THEMIS MEDICARE LTD.,125.85,125.85,121.5,121.97,122.1,122.6,,121.97,,,35037,4312531.03,1022,F1,1,,,,,,Cash Only,Unclassified,False,123.10666666666667,123.675,122.53833333333334,123.675,122.53833333333334,1.136666666666656,0.9319231505014807,Wide,Bearish,Below CPR,False,False,0.6666666666666666,60,9636094.34,Overlapping,True,Risk On,False,6.879285714285716,115.8542,111.25280000000001,0.1652303326065121,0.44753931186605633,True,True,No setup,Neutral,0,Not applicable,No directional setup; confirmation score not applicable.,Wide CPR,Wide Downside Watch,Watch,Wide CPR + close below CPR; trend opposes; participation light,0,0,0,0
2026-09-23,2026-09-23,CM,NSE,STK,14445,INE308A01027,NAHARPOLY,EQ,,,,,NAHAR POLY FILMS LIMITED,235.99,236.0,228.0,228.81,228.05,232.84,,228.73,,,3369,777817.64,156,F1,1,,,,,,Cash Only,Unclassified,False,230.93666666666664,232.0,229.87333333333328,232.0,229.87333333333328,2.126666666666722,0.9294465568230069,Wide,Bearish,Below CPR,False,False,0.75,60,2456675.0250000004,Overlapping,True,Risk On,False,9.534285714285714,248.37740000000002,250.17520000000002,0.2230546398961201,0.31661397298570243,False,False,No setup,Neutral,0,Not applicable,No directional setup; confirmation score not applicable.,Wide CPR,Wide Downside Watch,Watch,Wide CPR + close below CPR; trend aligned; participation light,0,0,0,0
2026-09-23,2026-09-23,CM,NSE,STK,19867,INE275D01022,AMNPLST,EQ,,,,,AMINES & PLASTICIZERS LTD,168.81,175.7,167.0,169.0,168.0,169.65,,169.02,,,2132,359719.47,119,F1,1,,,,,,Cash Only,Unclassified,False,170.56666666666666,171.35,169.78333333333333,171.35,169.78333333333333,1.5666666666666629,0.9270216962524632,Wide,Bearish,Below CPR,False,False,0.7,60,1026311.075,Overlapping,True,Risk On,False,9.032142857142853,186.0172,188.69740000000002,0.17345459338341868,0.35049750388789286,False,False,No setup,Neutral,0,Not applicable,No directional setup; confirmation score not applicable.,Wide CPR,Wide Downside Watch,Watch,Wide CPR + close below CPR; trend aligned; participation light,0,0,0,0
2026-09-23,2026-09-23,CM,NSE,STK,18232,INE846D01012,LORDSCHLO,EQ,,,,,LORDS CHLORO ALKALI LTD,138.61,142.58,136.0,137.38,138.33,138.3,,137.29,,,11249,1545660.14,344,F1,1,,,,,,Cash Only,Unclassified,False,138.65333333333334,139.29000000000002,138.01666666666665,139.29000000000002,138.01666666666665,1.273333333333369,0.9268695103605831,Wide,Bearish,Below CPR,False,False,0.7,60,1780128.7650000001,Overlapping,True,Risk On,False,6.152857142857146,140.161,138.46110000000002,0.20694992647628463,0.8682855815770157,False,False,No setup,Neutral,0,Not applicable,No directional setup; confirmation score not applicable.,Wide CPR,Wide Downside Watch,Watch,Wide CPR + close below CPR; trend aligned; participation light,0,0,0,0
2026-09-23,2026-09-23,CM,NSE,STK,20642,INE247D01039,JINDWORLD,EQ,,,,,JINDAL WORLDWIDE LTD,52.5,54.34,51.51,52.2,52.03,52.22,,52.2,,,8712868,461268725.96,25564,F1,1,,,,,,Cash Only,Unclassified,False,52.68333333333334,52.925,52.44166666666668,52.925,52.44166666666668,0.48333333333332007,0.9259259259259005,Wide,Bearish,Below CPR,False,False,0.7833333333333333,60,240060655.20499998,Higher,True,Risk On,False,4.757142857142859,41.162600000000005,35.0646,0.10160160160159877,1.9214674123341835,True,True,No setup,Neutral,0,Not applicable,No directional setup; confirmation score not applicable.,Wide CPR,Wide Downside Watch,Watch,Wide CPR + close below CPR; trend opposes; participation confirmed,0,0,0,0
2026-09-23,2026-09-23,CM,NSE,STK,14599,INE0JSX01015,GSLSU,EQ,,,,,GLOBAL SURFACES LIMITED,32.0,32.45,31.51,32.43,32.45,30.91,,32.43,,,82751,2679793.21,541,F1,1,,,,,,Cash Only,Unclassified,False,32.13,31.980000000000004,32.28,32.28,31.980000000000004,0.29999999999999716,0.9250693802035066,Wide,Bullish,Above CPR,False,False,0.3,60,2567912.91,Higher,True,Risk On,False,1.6728571428571433,28.8222,39.3382,0.17933390264730825,1.0435685725806019,True,False,No setup,Neutral,0,Not applicable,No directional setup; confirmation score not applicable.,Wide CPR,Wide Upside Watch,Watch,Wide CPR + close above CPR; trend mixed; participation confirmed,0,0,0,0
2026-09-23,2026-09-23,CM,NSE,STK,762762,INE515C01023,LAHOTIOV,EQ,,,,,LAHOTI OVERSEAS LTD.,40.67,42.0,40.67,40.77,40.77,40.68,,40.77,,,2957,121744.32,44,F1,1,,,,,,Cash Only,Unclassified,False,41.14666666666667,41.335,40.958333333333336,41.335,40.958333333333336,0.37666666666666515,0.9238819393344742,Wide,Bearish,Below CPR,False,False,0.48333333333333334,60,140763.565,Higher,True,Risk On,False,2.4778571428571428,41.8784,43.1484,0.15201306812722146,0.8648851711023375,False,False,No setup,Neutral,0,Not applicable,No directional setup; confirmation score not applicable.,Wide CPR,Wide Downside Watch,Watch,Wide CPR + close below CPR; trend aligned; participation light,0,0,0,0
2026-09-23,2026-09-23,CM,NSE,STK,761916,INE0I0T01010,VOEPL,EQ,,,,,VIRTUOSO OPTOELECTRONIC L,494.95,521.0,494.95,515.1,519.0,493.05,,514.65,,,79459,40686429.15,3146,F1,1,,,,,,Cash Only,Unclassified,False,510.3500000000001,507.975,512.7250000000001,512.7250000000001,507.975,4.750000000000114,0.9221510386332972,Wide,Bullish,Above CPR,False,False,0.6166666666666667,60,41010053.675,Higher,True,Risk On,False,27.514285714285723,508.855,,0.172637590861894,0.9921086539519142,True,False,No setup,Neutral,0,Not applicable,No directional setup; confirmation score not applicable.,Wide CPR,Wide Upside Watch,Watch,Wide CPR + close above CPR; trend mixed; participation light,0,0,0,0
2026-09-23,2026-09-23,CM,NSE,STK,3499,INE081A01020,TATASTEEL,EQ,,,,,TATA STEEL LIMITED,184.88,191.5,184.87,190.82,190.82,184.97,,190.82,,,39798327,7544119648.53,179963,F1,1,,,,,,F&O + Cash,Metals & Mining,True,189.06333333333336,188.185,189.94166666666672,189.94166666666672,188.185,1.7566666666667174,0.9205883380498467,Wide,Bullish,Above CPR,False,False,1.0,60,4357234149.120001,Higher,True,Risk On,False,4.937857142857147,186.1616,194.2576,0.35575485799702045,1.7314010196247156,True,False,No setup,Neutral,0,Not applicable,No directional setup; confirmation score not applicable.,Wide CPR,Wide Upside Watch,Watch,Wide CPR + close above CPR; trend mixed; participation confirmed,0,0,-2,-2
2026-09-23,2026-09-23,CM,NSE,STK,8153,INE00EM01016,MEGASTAR,EQ,,,,,MEGASTAR FOODS LIMITED,265.65,281.9,265.65,277.6,278.4,276.1,,278.63,,,1586,441343.9,132,F1,1,,,,,,Cash Only,Unclassified,False,275.05,273.775,276.32500000000005,276.32500000000005,273.775,2.550000000000068,0.9185878962536267,Wide,Bullish,Above CPR,False,False,0.8,60,1346138.725,Lower,True,Risk On,False,15.092857142857147,312.985,318.20349999999996,0.16895409370563627,0.32785915136643884,False,False,No setup,Neutral,0,Not applicable,No directional setup; confirmation score not applicable.,Wide CPR,Wide Upside Watch,Watch,Wide CPR + close above CPR; trend opposes; participation light,0,0,0,0
2026-09-23,2026-09-23,CM,NSE,STK,20329,INE180C01042,CGCL,EQ,,,,,CAPRI GLOBAL CAPITAL LTD,268.0,276.6,268.0,268.6,268.9,267.05,,268.6,,,3923518,1064766854.7,28437,F1,1,,,,,,Cash Only,Financial Services,True,271.06666666666666,272.3,269.8333333333333,272.3,269.8333333333333,2.466666666666697,0.9183420203524559,Wide,Bearish,Below CPR,False,False,0.7,60,787352810.9300001,Higher,True,Risk On,False,10.814285714285715,247.0698,228.1845,0.22809335094672228,1.3523376559008229,True,True,No setup,Neutral,0,Not applicable,No directional setup; confirmation score not applicable.,Wide CPR,Wide Downside Watch,Watch,Wide CPR + close below CPR; trend opposes; participation confirmed,0,0,0,0
2026-09-23,2026-09-23,CM,NSE,STK,2313,INE692B01014,MURUDCERA,EQ,,,,,MURUDESHWAR CERAMICS LTD,29.0,29.97,28.95,29.06,29.06,29.23,,29.06,,,14709,429250.91,335,F1,1,,,,,,Cash Only,Unclassified,False,29.326666666666668,29.46,29.193333333333335,29.46,29.193333333333335,0.2666666666666657,0.9176416609314031,Wide,Bearish,Below CPR,False,False,0.9,60,456362.165,Outside,True,Risk On,False,1.4957142857142856,30.303199999999997,31.364099999999997,0.17828716969118052,0.9405926759945141,False,False,No setup,Neutral,0,Not applicable,No directional setup; confirmation score not applicable.,Wide CPR,Wide Downside Watch,Watch,Wide CPR + close below CPR; trend aligned; participation light,0,0,0,0
2026-09-23,2026-09-23,CM,NSE,STK,4751,INE681B01017,INDRAMEDCO,EQ,,,,,INDRAPRASTHA MEDICAL CORP,359.5,379.95,358.95,374.6,378.0,360.95,,374.57,,,272880,101105673.8,7030,F1,1,,,,,,Cash Only,Unclassified,False,371.1666666666667,369.45,372.8833333333334,372.8833333333334,369.45,3.433333333333394,0.9165331909592616,Wide,Bullish,Above CPR,False,False,0.9666666666666667,60,49340695.475,Higher,True,Risk On,False,10.18571428571428,367.106,376.5525,0.3370733987844849,2.0491335362556518,True,False,No setup,Neutral,0,Not applicable,No directional setup; confirmation score not applicable.,Wide CPR,Wide Upside Watch,Watch,Wide CPR + close above CPR; trend mixed; participation confirmed,0,0,0,0
2026-09-23,2026-09-23,CM,NSE,STK,21314,INE256H01015,DYNPRO,EQ,,,,,DYNEMIC PRODUCTS LIMITED,231.08,235.0,227.71,234.58,232.05,231.51,,234.58,,,10982,2543213.01,393,F1,1,,,,,,Cash Only,Unclassified,False,232.43000000000004,231.35500000000002,233.50500000000005,233.50500000000005,231.35500000000002,2.150000000000034,0.91653167362948,Wide,Bullish,Above CPR,False,False,0.85,60,2494945.9450000003,Higher,True,Risk On,False,8.652857142857142,238.55419999999998,237.0189,0.24847284134060163,1.019345936170172,False,False,No setup,Neutral,0,Not applicable,No directional setup; confirmation score not applicable.,Wide CPR,Wide Upside Watch,Watch,Wide CPR + close above CPR; trend opposes; participation confirmed,0,0,0,0
2026-09-23,2026-09-23,CM,NSE,STK,21077,INE272L01022,SURANASOL,EQ,,,,,SURANA SOLAR LIMITED,25.74,25.9,25.11,25.86,25.88,25.53,,25.83,,,25081,639551.7,344,F1,1,,,,,,Cash Only,Unclassified,False,25.623333333333335,25.505,25.74166666666667,25.74166666666667,25.505,0.2366666666666717,0.9151843258571992,Wide,Bullish,Above CPR,False,False,0.8166666666666667,60,1015164.1799999999,Overlapping,True,Risk On,False,0.9099999999999999,26.006400000000003,26.410099999999996,0.2600732600732656,0.6299982924929444,False,False,No setup,Neutral,0,Not applicable,No directional setup; confirmation score not applicable.,Wide CPR,Wide Upside Watch,Watch,Wide CPR + close above CPR; trend opposes; participation light,0,0,0,0
2026-09-23,2026-09-23,CM,NSE,STK,5194,INE414B01021,ANTGRAPHIC,EQ,,,,,ANTARCTICA LTD,0.72,0.73,0.71,0.73,0.73,0.71,,0.73,,,254770,183681.72,139,F1,1,,,,,,Cash Only,Unclassified,False,0.7233333333333333,0.72,0.7266666666666666,0.7266666666666666,0.72,0.006666666666666599,0.9132420091324108,Wide,Bullish,Above CPR,False,False,0.6333333333333333,60,106402.625,Overlapping,True,Risk On,False,0.032142857142857174,0.7386,0.7744,0.2074074074074051,1.7262893655114242,False,False,No setup,Neutral,0,Not applicable,No directional setup; confirmation score not applicable.,Wide CPR,Wide Upside Watch,Watch,Wide CPR + close above CPR; trend opposes; participation confirmed,0,0,0,0
2026-09-23,2026-09-23,CM,NSE,STK,5108,INE542W01025,KPIGREEN,EQ,,,,,KPI GREEN ENERGY LIMITED,346.45,355.0,335.55,350.05,347.15,346.45,,350.04,,,3884369,1346263565.05,68295,F1,1,,,,,,Cash Only,Unclassified,False,346.8666666666666,345.275,348.45833333333326,348.45833333333326,345.275,3.1833333333332803,0.9093938961100643,Wide,Bullish,Above CPR,False,False,0.8333333333333334,60,232257762.225,Higher,True,Risk On,False,12.892857142857142,339.728,378.69599999999997,0.2469067405355453,5.796420115964975,True,False,No setup,Neutral,0,Not applicable,No directional setup; confirmation score not applicable.,Wide CPR,Wide Upside Watch,Watch,Wide CPR + close above CPR; trend mixed; participation confirmed,0,0,0,0
2026-09-23,2026-09-23,CM,NSE,STK,1808,INE217B01036,KAJARIACER,EQ,,,,,KAJARIA CERAMICS LTD,1186.1,1224.0,1175.7,1216.4,1214.8,1183.6,,1216.4,,,163666,197490749.6,17854,F1,1,,,,,,Cash Only,Consumer Durables,True,1205.3666666666666,1199.85,1210.8833333333332,1210.8833333333332,1199.85,11.033333333333303,0.9070481201359176,Wide,Bullish,Above CPR,False,False,0.95,60,209569027.5,Higher,True,Risk On,False,26.800000000000036,1220.33,1173.714,0.41169154228855553,0.9423661118053335,False,True,No setup,Neutral,0,Not applicable,No directional setup; confirmation score not applicable.,Wide CPR,Wide Upside Watch,Watch,Wide CPR + close above CPR; trend mixed; participation light,0,0,0,0
2026-09-23,2026-09-23,CM,NSE,STK,13332,INE343H01029,SOLARINDS,EQ,,,,,SOLAR INDUSTRIES (I) LTD,20050.0,20370.0,19625.0,19730.0,19730.0,19890.0,,19729.71,,,316329,6334557700.0,54574,F1,1,,,,,,F&O + Cash,Chemicals,True,19908.333333333332,19997.5,19819.166666666664,19997.5,19819.166666666664,178.33333333333576,0.9038688967731159,Wide,Bearish,Below CPR,False,False,0.9,60,1910930234.0,Overlapping,True,Risk On,False,853.2142857142857,19602.22,18641.71,0.2090135342542236,3.314907884805595,True,True,No setup,Neutral,0,Not applicable,No directional setup; confirmation score not applicable.,Wide CPR,Wide Downside Watch,Watch,Wide CPR + close below CPR; trend opposes; participation confirmed,0,0,0,0
2026-09-23,2026-09-23,CM,NSE,STK,13162,INE185H01016,CELEBRITY,EQ,,,,,CELEBRITY FASHIONS LTD,6.72,6.8,6.32,6.65,6.79,6.79,,6.64,,,25774,169373.9,174,F1,1,,,,,,Cash Only,Unclassified,False,6.590000000000001,6.5600000000000005,6.620000000000001,6.620000000000001,6.5600000000000005,0.0600000000000005,0.9022556390977519,Wide,Bullish,Above CPR,False,False,0.7333333333333333,60,114571.08499999999,Overlapping,True,Risk On,False,0.3221428571428571,6.886,7.2945,0.18625277161862683,1.4783302436212418,False,False,No setup,Neutral,0,Not applicable,No directional setup; confirmation score not applicable.,Wide CPR,Wide Upside Watch,Watch,Wide CPR + close above CPR; trend opposes; participation confirmed,0,0,0,0
2026-09-23,2026-09-23,CM,NSE,STK,757801,INE05J901018,IGCL,EQ,,,,,INDOGULF CROPSCIENCES LTD,65.17,65.75,63.07,63.55,63.21,64.85,,63.55,,,79146,5051756.93,2265,F1,1,,,,,,Cash Only,Unclassified,False,64.12333333333333,64.41,63.83666666666667,64.41,63.83666666666667,0.5733333333333235,0.9021767637031055,Wide,Bearish,Below CPR,False,False,0.7833333333333333,60,7926969.225,Lower,True,Risk On,False,2.953571428571429,71.789,67.5342,0.19411527609834406,0.6372873145599982,False,False,No setup,Neutral,0,Not applicable,No directional setup; confirmation score not applicable.,Wide CPR,Wide Downside Watch,Watch,Wide CPR + close below CPR; trend aligned; participation light,0,0,0,0
2026-09-23,2026-09-23,CM,NSE,STK,15271,INE792I01017,CORDSCABLE,EQ,,,,,CORDS CABLE INDUS LTD.,398.0,406.95,342.35,369.65,369.9,382.9,,369.65,,,545284,207318703.55,18103,F1,1,,,,,,Cash Only,Unclassified,False,372.9833333333333,374.65,371.3166666666666,374.65,371.3166666666666,3.3333333333333712,0.9017539113576007,Wide,Bearish,Below CPR,False,False,0.5333333333333333,60,12627166.344999999,Overlapping,True,Risk On,False,37.70357142857142,245.64600000000002,203.07390000000004,0.0884089545641133,16.418466177258555,True,True,No setup,Neutral,0,Not applicable,No directional setup; confirmation score not applicable.,Wide CPR,Wide Downside Watch,Watch,Wide CPR + close below CPR; trend opposes; participation confirmed,0,0,0,0
2026-09-23,2026-09-23,CM,NSE,STK,166,INE435A01051,ANDHRAPAP,EQ,,,,,ANDHRA PAPER LIMITED,72.92,73.3,71.0,71.19,71.0,71.43,,71.17,,,286782,20559163.82,3661,F1,1,,,,,,Cash Only,Unclassified,False,71.83,72.15,71.50999999999999,72.15,71.50999999999999,0.6400000000000148,0.8990026689141941,Wide,Bearish,Below CPR,False,False,0.7833333333333333,60,11562612.335,Overlapping,True,Risk On,False,5.264285714285715,63.74,63.545,0.12157394843962287,1.7780725690999306,True,True,No setup,Neutral,0,Not applicable,No directional setup; confirmation score not applicable.,Wide CPR,Wide Downside Watch,Watch,Wide CPR + close below CPR; trend opposes; participation confirmed,0,0,0,0
2026-09-23,2026-09-23,CM,NSE,STK,14788,INE232I01014,SPARC,EQ,,,,,SUN PHARMA ADV.RES.CO.LTD,197.96,208.7,197.07,205.65,205.66,197.96,,205.65,,,1935408,396872505.05,27962,F1,1,,,,,,Cash Only,Unclassified,False,203.80666666666664,202.885,204.7283333333333,204.7283333333333,202.885,1.8433333333333053,0.8963449226031147,Wide,Bullish,Above CPR,False,False,0.7,60,195512095.72,Higher,True,Risk On,False,7.62214285714286,205.86180000000002,209.483,0.2418392528035448,2.0299127968960837,False,False,No setup,Neutral,0,Not applicable,No directional setup; confirmation score not applicable.,Wide CPR,Wide Upside Watch,Watch,Wide CPR + close above CPR; trend opposes; participation confirmed,0,0,0,0
2026-09-23,2026-09-23,CM,NSE,STK,24851,INE442P01014,SUYOG,EQ,,,,,SUYOG TELEMATICS LIMITED,650.6,676.0,649.05,671.55,670.05,644.65,,671.55,,,15611,10435940.75,1133,F1,1,,,,,,Cash Only,Unclassified,False,665.5333333333333,662.525,668.5416666666666,668.5416666666666,662.525,6.0166666666666515,0.895937259573621,Wide,Bullish,Above CPR,False,False,0.8,60,16827331.2,Higher,True,Risk On,False,27.732142857142858,780.0429999999999,786.8975,0.21695642841811494,0.6201780083819828,False,False,No setup,Neutral,0,Not applicable,No directional setup; confirmation score not applicable.,Wide CPR,Wide Upside Watch,Watch,Wide CPR + close above CPR; trend opposes; participation light,0,-2,0,-2
2026-09-23,2026-09-23,CM,NSE,STK,765090,INE398L01017,KANCOTEA,EQ,,,,,KANCO TEA & INDS. LTD.,56.97,56.97,51.0,54.72,54.99,56.85,,54.76,,,375,19949.26,19,F1,1,,,,,,Cash Only,Unclassified,False,54.23,53.985,54.474999999999994,54.474999999999994,53.985,0.4899999999999949,0.8954678362573005,Wide,Bullish,Above CPR,False,False,0.4444444444444444,27,11302.0,Lower,True,Risk On,False,3.082142857142856,,,0.15898030127462182,1.7651088302955227,False,False,No setup,Neutral,0,Not applicable,No directional setup; confirmation score not applicable.,Wide CPR,Wide Upside Watch,Watch,Wide CPR + close above CPR; trend opposes; participation confirmed,0,0,0,0
2026-09-23,2026-09-23,CM,NSE,STK,21247,INE0PSC01024,DIGIDRIVE,EQ,,,,,DIGIDRIVE DISTRIBUTORS L,17.5,18.0,17.32,17.9,18.0,17.76,,17.89,,,14700,263208.23,148,F1,1,,,,,,Cash Only,Unclassified,False,17.74,17.66,17.819999999999997,17.819999999999997,17.66,0.1599999999999966,0.893854748603333,Wide,Bullish,Above CPR,False,False,0.7666666666666667,60,252898.01,Overlapping,True,Risk On,False,0.7142857142857147,17.7562,18.7505,0.2239999999999951,1.0407682923246409,True,False,No setup,Neutral,0,Not applicable,No directional setup; confirmation score not applicable.,Wide CPR,Wide Upside Watch,Watch,Wide CPR + close above CPR; trend mixed; participation confirmed,0,0,0,0
2026-09-23,2026-09-23,CM,NSE,STK,762695,INE926B01016,GRANDOAK,EQ,,,,,GRAND OAK CANYONS DIST L,34.7,35.18,34.0,35.06,35.01,33.6,,35.03,,,4167,145456.59,220,F1,1,,,,,,Cash Only,Unclassified,False,34.74666666666667,34.59,34.903333333333336,34.903333333333336,34.59,0.3133333333333326,0.8937060277619298,Wide,Bullish,Above CPR,False,False,0.43333333333333335,60,271785.6,Higher,True,Risk On,False,2.0100000000000007,37.449,36.6391,0.15588723051409575,0.5351887296457207,False,False,No setup,Neutral,0,Not applicable,No directional setup; confirmation score not applicable.,Wide CPR,Wide Upside Watch,Watch,Wide CPR + close above CPR; trend opposes; participation light,0,0,0,0
2026-09-23,2026-09-23,CM,NSE,STK,759847,INE024F01011,SHILCTECH,EQ,,,,,SHILCHAR TECHNOLOGIES LTD,4009.0,4200.0,3984.1,4147.6,4141.0,3989.0,,4147.59,,,19084,78245403.3,5397,F1,1,,,,,,Cash Only,Unclassified,False,4110.566666666667,4092.05,4129.083333333333,4129.083333333333,4092.05,37.03333333333285,0.8928858456295893,Wide,Bullish,Above CPR,False,False,0.7833333333333333,60,75704527.95,Higher,True,Risk On,False,146.75714285714284,4199.258,4232.359,0.25234433304130244,1.03356305651464,False,False,No setup,Neutral,0,Not applicable,No directional setup; confirmation score not applicable.,Wide CPR,Wide Upside Watch,Watch,Wide CPR + close above CPR; trend opposes; participation confirmed,0,0,0,0
2026-09-23,2026-09-23,CM,NSE,STK,5578,INE00FF01025,ACUTAAS,EQ,,,,,ACUTAAS CHEMICALS LIMITED,3209.1,3276.0,3167.0,3265.2,3265.0,3213.7,,3265.29,,,448482,1449672611.4,58372,F1,1,,,,,,Cash Only,Healthcare,True,3236.066666666667,3221.5,3250.633333333334,3250.633333333334,3221.5,29.13333333333412,0.8922373310466166,Wide,Bullish,Above CPR,False,False,0.6833333333333333,60,1028471737.6500001,Lower,True,Risk On,False,131.8142857142857,3301.706,3214.866,0.221018026805396,1.4095405428567442,False,True,No setup,Neutral,0,Not applicable,No directional setup; confirmation score not applicable.,Wide CPR,Wide Upside Watch,Watch,Wide CPR + close above CPR; trend mixed; participation confirmed,0,0,0,0
2026-09-23,2026-09-23,CM,NSE,STK,764950,INE390D01011,TERAI,EQ,,,,,TERAI TEA CO. LTD.,115.0,115.0,110.7,111.36,113.0,118.0,,114.41,,,10,1113.6,3,F1,1,,,,,,Cash Only,Unclassified,False,112.35333333333334,112.85,111.85666666666668,112.85,111.85666666666668,0.993333333333311,0.8920019157087922,Wide,Bearish,Below CPR,False,False,0.5454545454545454,22,31170.735,Lower,True,Risk On,False,12.779285714285715,,,0.07772995733422589,0.035725817822390135,False,False,No setup,Neutral,0,Not applicable,No directional setup; confirmation score not applicable.,Wide CPR,Wide Downside Watch,Watch,Wide CPR + close below CPR; trend aligned; participation light,0,0,0,0
2026-09-23,2026-09-23,CM,NSE,STK,11677,INE873D01024,INDOCO,EQ,,,,,INDOCO REMEDIES LTD.,252.6,259.51,249.5,251.16,252.3,254.51,,251.17,,,118278,30024374.57,3486,F1,1,,,,,,Cash Only,Unclassified,False,253.39,254.505,252.27499999999998,254.505,252.27499999999998,2.230000000000018,0.8878802357063299,Wide,Bearish,Below CPR,False,False,0.6833333333333333,60,30751064.405,Lower,True,Risk On,False,17.555714285714284,237.653,231.81759999999997,0.12702416795508284,0.9763686282390328,True,True,No setup,Neutral,0,Not applicable,No directional setup; confirmation score not applicable.,Wide CPR,Wide Downside Watch,Watch,Wide CPR + close below CPR; trend opposes; participation light,0,0,0,0
2026-09-23,2026-09-23,CM,NSE,STK,2649,INE602A01031,PCBL,EQ,,,,,PCBL CHEMICAL LIMITED,346.55,356.0,344.05,345.45,346.35,347.75,,345.45,,,1432331,501850936.05,27688,F1,1,,,,,,Cash Only,Chemicals,True,348.5,350.025,346.975,350.025,346.975,3.0499999999999545,0.882906354030961,Wide,Bearish,Below CPR,False,False,0.8666666666666667,60,316751974.35,Outside,True,Risk On,False,12.64642857142856,324.62,311.999,0.24117480937587915,1.584365613126288,True,True,No setup,Neutral,0,Not applicable,No directional setup; confirmation score not applicable.,Wide CPR,Wide Downside Watch,Watch,Wide CPR + close below CPR; trend opposes; participation confirmed,0,0,-2,-2
2026-09-23,2026-09-23,CM,NSE,STK,14917,INE142I01023,TAKE,EQ,,,,,TAKE LIMITED,16.11,16.39,15.75,15.86,15.9,15.84,,15.86,,,271857,4341305.88,649,F1,1,,,,,,Cash Only,Unclassified,False,16.0,16.07,15.93,16.07,15.93,0.14000000000000057,0.8827238335435093,Wide,Bearish,Below CPR,False,False,0.65,60,5979029.765000001,Overlapping,True,Risk On,False,0.9485714285714286,19.1336,,0.14759036144578372,0.7260886884044471,False,False,No setup,Neutral,0,Not applicable,No directional setup; confirmation score not applicable.,Wide CPR,Wide Downside Watch,Watch,Wide CPR + close below CPR; trend aligned; participation light,0,0,0,0
2026-09-23,2026-09-23,CM,NSE,STK,3396,INE123C01018,TAINWALCHM,EQ,,,,,TAINWALA CHEMICAL AND PLA,218.02,222.0,212.29,214.31,214.55,219.29,,213.67,,,2583,561261.0,83,F1,1,,,,,,Cash Only,Unclassified,False,216.19999999999996,217.14499999999998,215.25499999999994,217.14499999999998,215.25499999999994,1.8900000000000432,0.8819000513275363,Wide,Bearish,Below CPR,False,False,0.7,60,793495.345,Lower,True,Risk On,False,8.987857142857147,209.68579999999997,205.5868,0.21028371612493518,0.7073274008935743,True,True,No setup,Neutral,0,Not applicable,No directional setup; confirmation score not applicable.,Wide CPR,Wide Downside Watch,Watch,Wide CPR + close below CPR; trend opposes; participation light,0,0,0,0
2026-09-23,2026-09-23,CM,NSE,STK,5516,INE696V01013,JAIPURKURT,EQ,,,,,NANDANI CREATION LIMITED,24.79,25.01,24.23,24.95,24.96,24.79,,24.95,,,2305,57026.35,82,F1,1,,,,,,Cash Only,Unclassified,False,24.73,24.62,24.84,24.84,24.62,0.21999999999999886,0.8817635270541037,Wide,Bullish,Above CPR,False,False,0.7,60,173331.765,Outside,True,Risk On,False,1.2371428571428569,26.544,28.180999999999997,0.17782909930715848,0.32900114990463514,False,False,No setup,Neutral,0,Not applicable,No directional setup; confirmation score not applicable.,Wide CPR,Wide Upside Watch,Watch,Wide CPR + close above CPR; trend opposes; participation light,0,0,0,0
2026-09-23,2026-09-23,CM,NSE,STK,11743,INE796G01012,JINDALPHOT,EQ,,,,,JINDAL PHOTO LIMITED,1116.0,1116.0,1082.0,1084.8,1083.0,1097.2,,1084.8,,,1986,2165522.4,197,F1,1,,,,,,Cash Only,Unclassified,False,1094.2666666666667,1099.0,1089.5333333333333,1099.0,1089.5333333333333,9.466666666666697,0.8726647000983313,Wide,Bearish,Below CPR,False,False,0.7666666666666667,60,2328206.25,Lower,True,Risk On,False,42.307142857142864,1062.344,1074.749,0.22376048173785876,0.9301248117515362,True,True,No setup,Neutral,0,Not applicable,No directional setup; confirmation score not applicable.,Wide CPR,Wide Downside Watch,Watch,Wide CPR + close below CPR; trend opposes; participation light,0,0,0,0
2026-09-23,2026-09-23,CM,NSE,STK,13290,INE350H01032,BLKASHYAP,EQ,,,,,B.L.KASHYAP & SON LTD,51.9,54.68,51.85,53.97,53.71,51.53,,53.97,,,716221,38550017.53,3552,F1,1,,,,,,Cash Only,Unclassified,False,53.5,53.265,53.735,53.735,53.265,0.46999999999999886,0.8708541782471723,Wide,Bullish,Above CPR,False,False,0.7,60,18000890.075,Higher,True,Risk On,False,2.823571428571429,54.684799999999996,55.0135,0.1664558563116616,2.141561743301741,False,False,No setup,Neutral,0,Not applicable,No directional setup; confirmation score not applicable.,Wide CPR,Wide Upside Watch,Watch,Wide CPR + close above CPR; trend opposes; participation confirmed,0,0,0,0
2026-09-23,2026-09-23,CM,NSE,STK,24856,INE0PQ101010,SSDL,EQ,,,,,SARASWATI SAREE DEPOT LTD,65.95,67.95,65.0,65.62,65.8,65.71,,65.61,,,125706,8339336.92,1569,F1,1,,,,,,Cash Only,Unclassified,False,66.19,66.475,65.905,66.475,65.905,0.5699999999999932,0.8686376104845979,Wide,Bearish,Below CPR,False,False,0.7666666666666667,60,1058233.4649999999,Overlapping,True,Risk On,False,4.467142857142858,57.427600000000005,58.02,0.1275983370642773,7.8804320556995435,True,True,No setup,Neutral,0,Not applicable,No directional setup; confirmation score not applicable.,Wide CPR,Wide Downside Watch,Watch,Wide CPR + close below CPR; trend opposes; participation confirmed,0,0,0,0
2026-09-23,2026-09-23,CM,NSE,STK,22347,INE155Z01011,MACPOWER,EQ,,,,,MACPOWER CNC MACHINES LTD,2139.0,2141.9,2030.6,2059.5,2077.0,2096.5,,2059.5,,,43775,90987327.0,5886,F1,1,,,,,,Cash Only,Unclassified,False,2077.3333333333335,2086.25,2068.416666666667,2086.25,2068.416666666667,17.83333333333303,0.8659059642307856,Wide,Bearish,Below CPR,False,False,0.5333333333333333,60,65842976.900000006,Overlapping,True,Risk On,False,144.31428571428575,1722.9019999999998,1440.1495000000002,0.1235728898567919,1.3818835551464865,True,True,No setup,Neutral,0,Not applicable,No directional setup; confirmation score not applicable.,Wide CPR,Wide Downside Watch,Watch,Wide CPR + close below CPR; trend opposes; participation confirmed,0,0,0,0
2026-09-23,2026-09-23,CM,NSE,STK,11705,INE692G01013,XCHANGING,EQ,,,,,XCHANGING SOLUTIONS LTD,60.1,61.88,60.1,61.79,61.85,60.32,,61.78,,,60220,3680324.96,1053,F1,1,,,,,,Cash Only,Unclassified,False,61.25666666666667,60.99,61.52333333333333,61.52333333333333,60.99,0.5333333333333314,0.8631385876894828,Wide,Bullish,Above CPR,False,False,0.9166666666666666,60,4832696.285,Overlapping,True,Risk On,False,2.359999999999999,63.821000000000005,64.3654,0.22598870056497106,0.7615469176954496,False,False,No setup,Neutral,0,Not applicable,No directional setup; confirmation score not applicable.,Wide CPR,Wide Upside Watch,Watch,Wide CPR + close above CPR; trend opposes; participation light,0,0,0,0
2026-09-23,2026-09-23,CM,NSE,STK,5407,INE290S01011,CARTRADE,EQ,,,,,CARTRADE TECH LIMITED,2910.0,3016.0,2910.0,3001.8,2988.0,2907.9,,3001.96,,,183741,547781422.9,26576,F1,1,,,,,,Cash Only,Consumer Services,True,2975.933333333333,2963.0,2988.866666666666,2988.866666666666,2963.0,25.86666666666588,0.8617051991027342,Wide,Bullish,Above CPR,False,False,0.7333333333333333,60,962802335.95,Higher,True,Risk On,False,134.27142857142854,2900.33,2562.862,0.1926446075823611,0.56894484199553,True,True,No setup,Neutral,0,Not applicable,No directional setup; confirmation score not applicable.,Wide CPR,Wide Upside Watch,Watch,Wide CPR + close above CPR; trend aligned; participation light,0,-2,0,-2
2026-09-23,2026-09-23,CM,NSE,STK,7982,INE291A01017,GRWRHITECH,EQ,,,,,GARWARE HI-TECH FILMS LTD,6366.5,6666.0,6240.0,6537.5,6500.0,6366.5,,6537.96,,,105577,685015469.0,25727,F1,1,,,,,,Cash Only,Unclassified,False,6481.166666666667,6453.0,6509.333333333334,6509.333333333334,6453.0,56.33333333333394,0.8616953473550124,Wide,Bullish,Above CPR,False,False,0.8166666666666667,60,302758136.75,Higher,True,Risk On,False,283.67857142857144,6988.05,6531.971,0.19858156028369006,2.2625831839018278,False,True,No setup,Neutral,0,Not applicable,No directional setup; confirmation score not applicable.,Wide CPR,Wide Upside Watch,Watch,Wide CPR + close above CPR; trend mixed; participation confirmed,0,0,0,0
2026-09-23,2026-09-23,CM,NSE,STK,15214,INE477B01010,DVL,EQ,,,,,DHUNSERI VENTURES LIMITED,281.9,294.95,281.9,292.2,290.0,283.25,,292.19,,,9043,2617595.4,350,F1,1,,,,,,Cash Only,Unclassified,False,289.68333333333334,288.42499999999995,290.9416666666667,290.9416666666667,288.42499999999995,2.516666666666765,0.8612822267853407,Wide,Bullish,Above CPR,False,False,0.7333333333333333,60,4187718.75,Higher,True,Risk On,False,9.410714285714281,268.51959999999997,255.3157,0.2674256799494097,0.6250647563186997,True,True,No setup,Neutral,0,Not applicable,No directional setup; confirmation score not applicable.,Wide CPR,Wide Upside Watch,Watch,Wide CPR + close above CPR; trend aligned; participation light,0,0,0,0
2026-09-23,2026-09-23,CM,NSE,STK,6545,INE388Y01029,NYKAA,EQ,,,,,FSN E COMMERCE VENTURES,333.55,340.85,332.05,340.85,340.85,333.55,,340.84,,,2246914,759960401.25,29276,F1,1,,,,,,F&O + Cash,Consumer Services,True,337.9166666666667,336.45000000000005,339.3833333333333,339.3833333333333,336.45000000000005,2.9333333333332803,0.8605936140041897,Wide,Bullish,Above CPR,False,False,0.9,60,1678360875.65,Higher,True,Risk On,False,8.228571428571424,332.399,308.4305,0.35648148148147524,0.45279916391978603,True,True,No setup,Neutral,0,Not applicable,No directional setup; confirmation score not applicable.,Wide CPR,Wide Upside Watch,Watch,Wide CPR + close above CPR; trend aligned; participation light,0,-2,0,-2
2026-09-23,2026-09-23,CM,NSE,STK,10599,INE844O01030,GUJENERGY,EQ,,,,,GUJARAT ENERGY LIMITED,231.0,238.74,229.78,237.32,238.0,230.4,,237.33,,,1653518,388912269.83,37494,F1,1,,,,,,Cash Only,Unclassified,False,235.27999999999997,234.26,236.29999999999995,236.29999999999995,234.26,2.0399999999999636,0.8595988538681796,Wide,Bullish,Above CPR,False,False,0.74,50,330551539.38,Overlapping,True,Risk On,False,7.517857142857139,264.2802,,0.2713539192399003,1.1765556153798722,False,False,No setup,Neutral,0,Not applicable,No directional setup; confirmation score not applicable.,Wide CPR,Wide Upside Watch,Watch,Wide CPR + close above CPR; trend opposes; participation confirmed,0,0,0,0
2026-09-23,2026-09-23,CM,NSE,STK,1235,INE224A01026,GREAVESCOT,EQ,,,,,GREAVES COTTON LTD.,198.75,209.2,197.51,206.01,206.65,199.67,,206.01,,,2224825,457208708.14,31676,F1,1,,,,,,Cash Only,Unclassified,False,204.24,203.355,205.12500000000003,205.12500000000003,203.355,1.7700000000000387,0.8591815931265661,Wide,Bullish,Above CPR,False,False,0.7666666666666667,60,245561992.905,Higher,True,Risk On,False,6.385714285714282,208.6686,201.379,0.2771812080536975,1.8618871052935266,False,True,No setup,Neutral,0,Not applicable,No directional setup; confirmation score not applicable.,Wide CPR,Wide Upside Watch,Watch,Wide CPR + close above CPR; trend mixed; participation confirmed,0,0,0,0
2026-09-23,2026-09-23,CM,NSE,STK,762757,INE552U01010,KPL,EQ,,,,,KWALITY PHARMACEUTICALS L,3773.0,3840.0,3705.0,3724.5,3716.0,3752.8,,3724.51,,,40372,151808553.4,6969,F1,1,,,,,,Cash Only,Unclassified,False,3756.5,3772.5,3740.5,3772.5,3740.5,32.0,0.8591757282856759,Wide,Bearish,Below CPR,False,False,0.6333333333333333,60,84644688.15,Outside,True,Risk On,False,234.87857142857146,3163.64,2714.4840000000004,0.13624061064987986,1.7934799775146906,True,True,No setup,Neutral,0,Not applicable,No directional setup; confirmation score not applicable.,Wide CPR,Wide Downside Watch,Watch,Wide CPR + close below CPR; trend opposes; participation confirmed,0,0,0,0
2026-09-23,2026-09-23,CM,NSE,STK,24999,INE126M01010,IBULLSLTD,EQ,,,,,INDIABULLS LIMITED,29.69,29.99,29.0,29.12,29.1,29.51,,29.12,,,6131763,180156772.57,11989,F1,1,,,,,,Cash Only,Unclassified,False,29.37,29.494999999999997,29.245000000000005,29.494999999999997,29.245000000000005,0.2499999999999929,0.8585164835164592,Wide,Bearish,Below CPR,False,False,0.5166666666666667,60,241319186.66,Outside,True,Risk On,False,1.4392857142857143,23.9874,17.3011,0.17369727047145908,0.7465497255459712,True,True,No setup,Neutral,0,Not applicable,No directional setup; confirmation score not applicable.,Wide CPR,Wide Downside Watch,Watch,Wide CPR + close below CPR; trend opposes; participation light,0,0,0,0
2026-09-23,2026-09-23,CM,NSE,STK,1403,INE345A01011,HINDOILEXP,EQ,,,,,HINDUSTAN OIL EXPLORATION,174.43,178.63,173.0,173.58,174.9,174.83,,173.59,,,350306,61355575.89,6840,F1,1,,,,,,Cash Only,Unclassified,False,175.07000000000002,175.815,174.32500000000005,175.815,174.32500000000005,1.4899999999999523,0.8583938241732644,Wide,Bearish,Below CPR,False,False,0.7666666666666667,60,77555712.64,Outside,True,Risk On,False,9.004285714285716,166.3712,165.054,0.1654767570997884,0.7911161383404703,True,True,No setup,Neutral,0,Not applicable,No directional setup; confirmation score not applicable.,Wide CPR,Wide Downside Watch,Watch,Wide CPR + close below CPR; trend opposes; participation light,0,0,0,0
2026-09-23,2026-09-23,CM,NSE,STK,764126,INE17IR01028,LASERPOWER,EQ,,,,,LASER POWER & INFRA LTD,277.0,291.75,275.65,287.4,287.0,275.05,,287.4,,,1452647,414278520.65,20768,F1,1,,,,,,Cash Only,Unclassified,False,284.93333333333334,283.7,286.1666666666667,286.1666666666667,283.7,2.466666666666697,0.8582695430294702,Wide,Bullish,Above CPR,False,False,0.6122448979591837,49,449536088.5,Higher,True,Risk On,False,12.821428571428564,,,0.19238625812442217,0.9215689935647958,False,False,No setup,Neutral,0,Not applicable,No directional setup; confirmation score not applicable.,Wide CPR,Wide Upside Watch,Watch,Wide CPR + close above CPR; trend opposes; participation light,0,0,0,0
2026-09-23,2026-09-23,CM,NSE,STK,1467,INE133A01011,JSWDULUX,EQ,,,,,JSW DULUX LIMITED,3186.0,3268.0,3135.0,3160.9,3150.0,3137.1,,3160.89,,,86927,277149328.2,14748,F1,1,,,,,,Cash Only,Consumer Durables,True,3187.9666666666667,3201.5,3174.4333333333334,3201.5,3174.4333333333334,27.066666666666606,0.856296202558341,Wide,Bearish,Below CPR,False,False,0.8833333333333333,60,50158842.3,Higher,True,Risk On,False,78.69285714285716,3083.29,3080.936,0.34395328431817407,5.525433113913795,True,True,No setup,Neutral,0,Not applicable,No directional setup; confirmation score not applicable.,Wide CPR,Wide Downside Watch,Watch,Wide CPR + close below CPR; trend opposes; participation confirmed,0,0,0,0
2026-09-23,2026-09-23,CM,NSE,STK,761420,INE638A01035,SINGERIND,EQ,,,,,SINGER INDIA LIMITED,76.38,79.85,76.38,79.13,79.5,77.26,,79.12,,,45095,3549548.27,621,F1,1,,,,,,Cash Only,Unclassified,False,78.45333333333333,78.115,78.79166666666667,78.79166666666667,78.115,0.6766666666666765,0.8551329036606553,Wide,Bullish,Above CPR,False,False,0.6333333333333333,60,3630832.315,Higher,True,Risk On,False,4.1221428571428556,73.6724,72.0411,0.16415410385259877,0.977612834207685,True,True,No setup,Neutral,0,Not applicable,No directional setup; confirmation score not applicable.,Wide CPR,Wide Upside Watch,Watch,Wide CPR + close above CPR; trend aligned; participation light,0,0,0,0
2026-09-23,2026-09-23,CM,NSE,STK,760865,INE0UH301010,OMNI,EQ,,,,,OMNITECH ENGINEERING LTD,556.0,570.45,551.15,553.7,553.8,562.5,,553.7,,,487489,272326374.4,20213,F1,1,,,,,,Cash Only,Unclassified,False,558.4333333333333,560.8,556.0666666666666,560.8,556.0666666666666,4.7333333333333485,0.854855216422855,Wide,Bearish,Below CPR,False,False,0.6166666666666667,60,257834450.45,Overlapping,True,Risk On,False,28.135714285714307,572.831,523.65,0.16823220783616863,1.0562063134880042,False,True,No setup,Neutral,0,Not applicable,No directional setup; confirmation score not applicable.,Wide CPR,Wide Downside Watch,Watch,Wide CPR + close below CPR; trend mixed; participation confirmed,0,0,0,0
2026-09-23,2026-09-23,CM,NSE,STK,6429,INE165B01029,RSSOFTWARE,EQ,,,,,R. S. SOFTWARE (INDIA) LI,31.05,32.9,31.05,32.39,32.44,31.6,,32.39,,,22923,738754.04,349,F1,1,,,,,,Cash Only,Unclassified,False,32.11333333333334,31.975,32.25166666666667,32.25166666666667,31.975,0.27666666666667084,0.854173098693025,Wide,Bullish,Above CPR,False,False,0.48333333333333334,60,1289439.5499999998,Higher,True,Risk On,False,1.2257142857142855,29.4582,34.228899999999996,0.22571872571872914,0.5729264625084597,True,False,No setup,Neutral,0,Not applicable,No directional setup; confirmation score not applicable.,Wide CPR,Wide Upside Watch,Watch,Wide CPR + close above CPR; trend mixed; participation light,0,0,0,0
2026-09-23,2026-09-23,CM,NSE,STK,760242,INE1RDG01013,PNGSREVA,EQ,,,,,PNGS REVA DIAMOND JEWEL L,515.5,527.8,510.65,525.95,522.0,511.7,,525.95,,,91990,47900948.9,4717,F1,1,,,,,,Cash Only,Unclassified,False,521.4666666666666,519.2249999999999,523.7083333333333,523.7083333333333,519.2249999999999,4.4833333333333485,0.85242576924296,Wide,Bullish,Above CPR,False,False,0.6,60,69578506.42500001,Higher,True,Risk On,False,24.153571428571443,500.793,449.094,0.18561782246537584,0.6884446269572247,True,True,No setup,Neutral,0,Not applicable,No directional setup; confirmation score not applicable.,Wide CPR,Wide Upside Watch,Watch,Wide CPR + close above CPR; trend aligned; participation light,0,-2,0,-2
2026-09-23,2026-09-23,CM,NSE,STK,757845,INE06ST01018,INDIQUBE,EQ,,,,,INDIQUBE SPACES LIMITED,190.13,193.0,187.0,192.46,192.2,187.96,,192.36,,,40955,7826226.05,2850,F1,1,,,,,,Cash Only,Unclassified,False,190.82000000000002,190.0,191.64000000000004,191.64000000000004,190.0,1.6400000000000432,0.8521251169074318,Wide,Bullish,Above CPR,False,False,0.7,60,8104191.49,Higher,True,Risk On,False,9.20142857142857,186.0444,176.03150000000002,0.17823319360348244,0.9657010276295926,True,True,No setup,Neutral,0,Not applicable,No directional setup; confirmation score not applicable.,Wide CPR,Wide Upside Watch,Watch,Wide CPR + close above CPR; trend aligned; participation light,0,0,0,0
2026-09-23,2026-09-23,CM,NSE,STK,16863,INE197J01017,LPDC,EQ,,,,,LANDMARK PR.DEV.CO.LTD,6.55,6.8,6.35,6.66,6.57,6.58,,6.66,,,19317,128291.27,278,F1,1,,,,,,Cash Only,Unclassified,False,6.603333333333333,6.574999999999999,6.631666666666666,6.631666666666666,6.574999999999999,0.05666666666666664,0.8508508508508504,Wide,Bullish,Above CPR,False,False,0.4666666666666667,60,199610.11,Overlapping,True,Risk On,False,0.4785714285714287,6.5974,6.650899999999999,0.11840796019900489,0.6427092796051262,True,True,No setup,Neutral,0,Not applicable,No directional setup; confirmation score not applicable.,Wide CPR,Wide Upside Watch,Watch,Wide CPR + close above CPR; trend aligned; participation light,0,0,0,0
2026-09-23,2026-09-23,CM,NSE,STK,1363,INE038A01020,HINDALCO,EQ,,,,,HINDALCO  INDUSTRIES  LTD,979.5,1003.8,978.2,1003.8,1003.8,973.0,,1003.77,,,5158521,5115554251.9,97602,F1,1,,,,,,F&O + Cash,Metals & Mining,True,995.2666666666668,991.0,999.5333333333335,999.5333333333335,991.0,8.53333333333353,0.8501029421531711,Wide,Bullish,Above CPR,False,False,0.9166666666666666,60,3885847128.8500004,Higher,True,Risk On,False,21.864285714285717,1003.347,1019.7325,0.390286398780364,1.3164579259745417,True,False,No setup,Neutral,0,Not applicable,No directional setup; confirmation score not applicable.,Wide CPR,Wide Upside Watch,Watch,Wide CPR + close above CPR; trend mixed; participation confirmed,0,0,0,0
2026-09-23,2026-09-23,CM,NSE,STK,14319,INE804H01012,TFL,EQ,,,,,TRANSWARRANTY FIN. LTD.,11.75,12.19,11.65,11.77,11.8,11.75,,11.77,,,1112,13238.96,37,F1,1,,,,,,Cash Only,Unclassified,False,11.87,11.92,11.819999999999999,11.92,11.819999999999999,0.10000000000000142,0.8496176720475908,Wide,Bearish,Below CPR,False,False,0.4666666666666667,60,79299.34,Overlapping,True,Risk On,False,0.5414285714285713,11.5376,11.8322,0.18469656992084701,0.16694918267920011,True,False,No setup,Neutral,0,Not applicable,No directional setup; confirmation score not applicable.,Wide CPR,Wide Downside Watch,Watch,Wide CPR + close below CPR; trend mixed; participation light,0,0,0,0
2026-09-23,2026-09-23,CM,NSE,STK,15303,INE863I01016,BANG,EQ,,,,,BANG OVERSEAS LTD.,32.6,32.8,31.57,31.78,32.11,32.46,,31.76,,,37947,1210947.31,376,F1,1,,,,,,Cash Only,Unclassified,False,32.050000000000004,32.185,31.915000000000006,32.185,31.915000000000006,0.269999999999996,0.849590937696652,Wide,Bearish,Below CPR,False,False,0.6666666666666666,60,870620.6100000001,Lower,True,Risk On,False,1.9649999999999996,31.273400000000002,32.9987,0.13740458015266976,1.3909012675452284,True,False,No setup,Neutral,0,Not applicable,No directional setup; confirmation score not applicable.,Wide CPR,Wide Downside Watch,Watch,Wide CPR + close below CPR; trend mixed; participation confirmed,0,0,0,0
2026-09-23,2026-09-23,CM,NSE,STK,805,INE498A01018,DCM,EQ,,,,,DCM LTD,76.42,77.79,74.81,75.34,75.0,76.37,,75.19,,,9428,714229.48,263,F1,1,,,,,,Cash Only,Unclassified,False,75.98,76.30000000000001,75.66,76.30000000000001,75.66,0.6400000000000148,0.8494823466950024,Wide,Bearish,Below CPR,False,False,0.5833333333333334,60,751515.54,Outside,True,Risk On,False,4.805,82.37540000000001,78.04860000000001,0.1331945889698262,0.9503855103249095,False,False,No setup,Neutral,0,Not applicable,No directional setup; confirmation score not applicable.,Wide CPR,Wide Downside Watch,Watch,Wide CPR + close below CPR; trend aligned; participation light,0,0,0,0
2026-09-23,2026-09-23,CM,NSE,STK,759152,INE0SJA01013,VMSTMT,EQ,,,,,VMS TMT LIMITED,47.27,47.51,45.5,45.92,46.2,47.23,,45.97,,,67791,3153842.15,823,F1,1,,,,,,Cash Only,Unclassified,False,46.31,46.504999999999995,46.11500000000001,46.504999999999995,46.11500000000001,0.38999999999998636,0.8493031358884721,Wide,Bearish,Below CPR,False,False,0.6833333333333333,60,3971026.665,Lower,True,Risk On,False,1.8107142857142857,46.8984,46.167300000000004,0.21538461538460785,0.7942132894239832,False,False,No setup,Neutral,0,Not applicable,No directional setup; confirmation score not applicable.,Wide CPR,Wide Downside Watch,Watch,Wide CPR + close below CPR; trend aligned; participation light,0,0,0,0
2026-09-23,2026-09-23,CM,NSE,STK,11979,INE501G01024,HTMEDIA,EQ,,,,,HT MEDIA LIMITED,23.85,25.4,23.69,24.86,25.4,24.45,,24.85,,,74352,1822021.34,543,F1,1,,,,,,Cash Only,Unclassified,False,24.650000000000002,24.545,24.755000000000003,24.755000000000003,24.545,0.21000000000000085,0.8447304907481933,Wide,Bullish,Above CPR,False,False,0.6666666666666666,60,3026890.63,Higher,True,Risk On,False,1.3714285714285712,25.855600000000003,24.277200000000004,0.15312500000000065,0.6019448875825422,False,True,No setup,Neutral,0,Not applicable,No directional setup; confirmation score not applicable.,Wide CPR,Wide Upside Watch,Watch,Wide CPR + close above CPR; trend mixed; participation light,0,0,0,0
2026-09-23,2026-09-23,CM,NSE,STK,759439,INE0R8B01010,PATELRMART,EQ,,,,,PATEL RETAIL LIMITED,204.34,211.28,204.05,210.33,211.28,205.36,,210.34,,,55309,11542309.01,1295,F1,1,,,,,,Cash Only,Unclassified,False,208.55333333333337,207.66500000000002,209.44166666666672,209.44166666666672,207.66500000000002,1.7766666666666993,0.8447043534762987,Wide,Bullish,Above CPR,False,False,0.8333333333333334,60,15301967.96,Higher,True,Risk On,False,6.378571428571429,220.597,214.6126,0.27853676745054634,0.7543022596944452,False,False,No setup,Neutral,0,Not applicable,No directional setup; confirmation score not applicable.,Wide CPR,Wide Upside Watch,Watch,Wide CPR + close above CPR; trend opposes; participation light,0,0,0,0
2026-09-23,2026-09-23,CM,NSE,STK,11359,INE680A01011,DHANBANK,EQ,,,,,DHANLAXMI BANK LIMITED,29.16,30.1,29.16,30.01,30.1,29.18,,30.0,,,385760,11454995.18,1996,F1,1,,,,,,Cash Only,Unclassified,False,29.75666666666667,29.630000000000003,29.88333333333334,29.88333333333334,29.630000000000003,0.2533333333333374,0.8441630567588718,Wide,Bullish,Above CPR,False,False,0.8833333333333333,60,24849127.45,Higher,True,Risk On,False,0.9000000000000004,32.2708,32.6574,0.2814814814814859,0.46098178710898763,False,False,No setup,Neutral,0,Not applicable,No directional setup; confirmation score not applicable.,Wide CPR,Wide Upside Watch,Watch,Wide CPR + close above CPR; trend opposes; participation light,0,0,0,0
2026-09-23,2026-09-23,CM,NSE,STK,11909,INE409B01013,SWELECTES,EQ,,,,,SWELECT ENERGY SYS LTD,560.05,589.0,560.0,581.85,579.1,564.95,,581.66,,,10914,6316082.85,887,F1,1,,,,,,Cash Only,Unclassified,False,576.9499999999999,574.5,579.3999999999999,579.3999999999999,574.5,4.899999999999864,0.8421414453896818,Wide,Bullish,Above CPR,False,False,0.8666666666666667,60,10487949.45,Higher,True,Risk On,False,22.34642857142857,605.821,623.1585,0.21927441265781714,0.6022228539631262,False,False,No setup,Neutral,0,Not applicable,No directional setup; confirmation score not applicable.,Wide CPR,Wide Upside Watch,Watch,Wide CPR + close above CPR; trend opposes; participation light,0,0,0,0
2026-09-23,2026-09-23,CM,NSE,STK,19073,INE754X01016,AARVI,EQ,,,,,AARVI ENCON LIMITED,138.21,140.4,136.0,136.48,136.82,138.18,,136.48,,,8363,1150569.03,191,F1,1,,,,,,Cash Only,Unclassified,False,137.62666666666667,138.2,137.05333333333334,138.2,137.05333333333334,1.146666666666647,0.8401719421648938,Wide,Bearish,Below CPR,False,False,0.7666666666666667,60,3431736.385,Lower,True,Risk On,False,4.016428571428572,149.3668,142.58620000000002,0.28549410160649213,0.3352731389943287,False,False,No setup,Neutral,0,Not applicable,No directional setup; confirmation score not applicable.,Wide CPR,Wide Downside Watch,Watch,Wide CPR + close below CPR; trend aligned; participation light,0,0,0,0
2026-09-23,2026-09-23,CM,NSE,STK,764905,INE311M01018,SHRADDHA,EQ,,,,,SHRADDHA PRIME PROJECTS L,142.1,153.3,142.1,149.58,152.49,144.78,,149.58,,,4858,722576.79,102,F1,1,,,,,,Cash Only,Unclassified,False,148.32666666666668,147.7,148.95333333333338,148.95333333333338,147.7,1.2533333333333871,0.8379016802603202,Wide,Bullish,Above CPR,False,False,0.6296296296296297,27,728182.32,Overlapping,True,Risk On,False,8.832142857142859,,,0.14190591723952622,0.9923020240315641,False,False,No setup,Neutral,0,Not applicable,No directional setup; confirmation score not applicable.,Wide CPR,Wide Upside Watch,Watch,Wide CPR + close above CPR; trend opposes; participation light,0,0,0,0
2026-09-23,2026-09-23,CM,NSE,STK,765065,INE595R01023,EASTWEST,EQ,,,,,EAST WEST FREIGHT CARRI L,2.41,2.42,2.3,2.39,2.39,2.3,,2.39,,,22527,53567.22,68,F1,1,,,,,,Cash Only,Unclassified,False,2.3699999999999997,2.36,2.3799999999999994,2.3799999999999994,2.36,0.019999999999999574,0.8368200836819905,Wide,Bullish,Above CPR,False,False,0.5185185185185185,27,75081.98,Higher,True,Risk On,False,0.14571428571428574,,,0.13725490196078136,0.7134497518579026,False,False,No setup,Neutral,0,Not applicable,No directional setup; confirmation score not applicable.,Wide CPR,Wide Upside Watch,Watch,Wide CPR + close above CPR; trend opposes; participation light,0,0,0,0
2026-09-23,2026-09-23,CM,NSE,STK,7177,INE0CLI01024,RATEGAIN,EQ,,,,,RATEGAIN TRAVEL TECHN LTD,841.3,853.95,828.3,851.8,852.2,837.5,,851.81,,,259610,218973394.2,20181,F1,1,,,,,,Cash Only,Unclassified,False,844.6833333333334,841.125,848.2416666666668,848.2416666666668,841.125,7.116666666666788,0.8354856382562559,Wide,Bullish,Above CPR,False,False,0.75,60,324811152.625,Overlapping,True,Risk On,False,28.300000000000004,912.0139999999999,847.2869999999999,0.25147232037691825,0.6741560209073502,False,True,No setup,Neutral,0,Not applicable,No directional setup; confirmation score not applicable.,Wide CPR,Wide Upside Watch,Watch,Wide CPR + close above CPR; trend mixed; participation light,0,0,0,0
2026-09-23,2026-09-23,CM,NSE,STK,759969,INE111F01024,PAUSHAKLTD,EQ,,,,,PAUSHAK LIMITED,700.95,711.6,680.0,687.2,688.0,700.95,,687.21,,,46827,32486891.1,3100,F1,1,,,,,,Cash Only,Unclassified,False,692.9333333333334,695.8,690.0666666666668,695.8,690.0666666666668,5.733333333333121,0.834303453628219,Wide,Bearish,Below CPR,False,False,0.5666666666666667,60,22536798.950000003,Lower,True,Risk On,False,33.82857142857143,694.418,591.1785000000001,0.1694819819819757,1.4415042336791133,False,True,No setup,Neutral,0,Not applicable,No directional setup; confirmation score not applicable.,Wide CPR,Wide Downside Watch,Watch,Wide CPR + close below CPR; trend mixed; participation confirmed,0,0,0,0
2026-09-23,2026-09-23,CM,NSE,STK,22277,INE196Y01018,WORTHPERI,EQ,,,,,WORTH PERIPHERALS LIMITED,149.99,149.99,144.71,149.21,149.85,148.82,,149.21,,,1746,258926.05,61,F1,1,,,,,,Cash Only,Unclassified,False,147.97000000000003,147.35000000000002,148.59000000000003,148.59000000000003,147.35000000000002,1.240000000000009,0.8310434957442591,Wide,Bullish,Above CPR,False,False,0.75,60,1322154.395,Outside,True,Risk On,False,6.299999999999997,150.53,141.6994,0.19682539682539835,0.19583647036925667,False,True,No setup,Neutral,0,Not applicable,No directional setup; confirmation score not applicable.,Wide CPR,Wide Upside Watch,Watch,Wide CPR + close above CPR; trend mixed; participation light,0,0,0,0
2026-09-23,2026-09-23,CM,NSE,STK,23553,INE206F01022,AIIL,EQ,,,,,AUTHUM INVEST & INFRA LTD,545.5,564.8,544.15,561.45,562.6,546.9,,561.53,,,139672,77679339.05,8279,F1,1,,,,,,Cash Only,Financial Services,True,556.8,554.4749999999999,559.125,559.125,554.4749999999999,4.650000000000091,0.8282126636388085,Wide,Bullish,Above CPR,False,False,0.7333333333333333,60,93859653.15,Higher,True,Risk On,False,19.26785714285715,547.7130000000001,525.0225,0.24133456904541706,0.8276116141816362,True,True,No setup,Neutral,0,Not applicable,No directional setup; confirmation score not applicable.,Wide CPR,Wide Upside Watch,Watch,Wide CPR + close above CPR; trend aligned; participation light,0,0,0,0
2026-09-23,2026-09-23,CM,NSE,STK,759867,INE0ILV01024,CAPILLARY,EQ,,,,,CAPILLARY TECHNO INDIA L,550.95,563.5,541.15,545.55,543.55,547.1,,545.58,,,607870,334876817.2,19277,F1,1,,,,,,Cash Only,Unclassified,False,550.0666666666667,552.325,547.8083333333334,552.325,547.8083333333334,4.5166666666666515,0.8279106711880949,Wide,Bearish,Below CPR,False,False,0.75,60,74924131.15,Higher,True,Risk On,False,23.7892857142857,503.15299999999996,509.0245,0.1898613821748481,4.469545553081798,True,True,No setup,Neutral,0,Not applicable,No directional setup; confirmation score not applicable.,Wide CPR,Wide Downside Watch,Watch,Wide CPR + close below CPR; trend opposes; participation confirmed,0,0,0,0
2026-09-23,2026-09-23,CM,NSE,STK,25073,INE02ID01020,RAYMONDLSL,EQ,,,,,RAYMOND LIFESTYLE LIMITED,657.7,685.0,653.1,677.45,678.5,652.8,,677.45,,,513403,346555865.2,25108,F1,1,,,,,,Cash Only,Unclassified,False,671.85,669.05,674.6500000000001,674.6500000000001,669.05,5.600000000000136,0.8266292715329745,Wide,Bullish,Above CPR,False,False,0.7833333333333333,60,83083415.875,Higher,True,Risk On,False,33.8607142857143,704.37,736.8385,0.1653833983757027,4.171179790217069,False,False,No setup,Neutral,0,Not applicable,No directional setup; confirmation score not applicable.,Wide CPR,Wide Upside Watch,Watch,Wide CPR + close above CPR; trend opposes; participation confirmed,0,0,0,0
2026-09-23,2026-09-23,CM,NSE,STK,765140,INE258R01028,PANORAMA,EQ,,,,,PANORAMA STUDIOS INTL. L,56.48,56.99,55.34,56.87,56.57,55.32,,56.82,,,371956,21071455.23,2788,F1,1,,,,,,Cash Only,Unclassified,False,56.400000000000006,56.165000000000006,56.635000000000005,56.635000000000005,56.165000000000006,0.46999999999999886,0.8264462809917337,Wide,Bullish,Above CPR,False,False,0.5925925925925926,27,16204656.58,Higher,True,Risk On,False,4.1414285714285715,,,0.11348740945153474,1.300333340973524,False,False,No setup,Neutral,0,Not applicable,No directional setup; confirmation score not applicable.,Wide CPR,Wide Upside Watch,Watch,Wide CPR + close above CPR; trend opposes; participation confirmed,0,0,0,0
2026-09-23,2026-09-23,CM,NSE,STK,8968,INE00EV01017,HARIOMPIPE,EQ,,,,,HARIOM PIPE INDUSTRIES L,361.85,367.45,355.8,357.2,357.0,361.85,,357.21,,,113058,40826793.55,4702,F1,1,,,,,,Cash Only,Unclassified,False,360.15000000000003,361.625,358.67500000000007,361.625,358.67500000000007,2.949999999999932,0.8258678611421981,Wide,Bearish,Below CPR,False,False,0.95,60,42249030.425,Lower,True,Risk On,False,12.864285714285716,371.51,375.408,0.2293170460855027,0.9663368162371268,False,False,No setup,Neutral,0,Not applicable,No directional setup; confirmation score not applicable.,Wide CPR,Wide Downside Watch,Watch,Wide CPR + close below CPR; trend aligned; participation light,0,0,0,0
2026-09-23,2026-09-23,CM,NSE,STK,14064,INE855F01042,ASMS,EQ,,,,,AVIO SMART MRKT STACK LTD,6.68,6.68,6.42,6.47,6.45,6.61,,6.47,,,388816,2532776.62,961,F1,1,,,,,,Cash Only,Unclassified,False,6.523333333333333,6.55,6.496666666666667,6.55,6.496666666666667,0.05333333333333279,0.8243173621844325,Wide,Bearish,Below CPR,False,False,0.5666666666666667,60,7046328.955,Lower,True,Risk On,False,0.3764285714285714,7.7142,8.8034,0.14168247944338883,0.35944626431367055,False,False,No setup,Neutral,0,Not applicable,No directional setup; confirmation score not applicable.,Wide CPR,Wide Downside Watch,Watch,Wide CPR + close below CPR; trend aligned; participation light,0,0,0,0
2026-09-23,2026-09-23,CM,NSE,STK,763636,INE0MEG01014,VIVIANA,EQ,,,,,VIVIANA POWER TECH LTD,747.0,747.0,720.0,724.55,724.5,734.0,,724.55,,,17172,12473695.45,1486,F1,1,,,,,,Cash Only,Unclassified,False,730.5166666666668,733.5,727.5333333333335,733.5,727.5333333333335,5.96666666666647,0.8234996434568311,Wide,Bearish,Below CPR,False,False,0.4166666666666667,12,19721050.7,Lower,False,Risk On,False,,,,,0.6325066366773247,False,False,No setup,Neutral,0,Not applicable,No directional setup; confirmation score not applicable.,Wide CPR,Wide Downside Watch,Watch,Wide CPR + close below CPR; trend aligned; participation light,0,0,0,0
2026-09-23,2026-09-23,CM,NSE,STK,10578,INE943D01017,MPSLTD,EQ,,,,,MPS LIMITED,2619.0,2710.0,2606.0,2691.2,2695.0,2603.2,,2691.12,,,8951,23942494.4,1898,F1,1,,,,,,Cash Only,Unclassified,False,2669.0666666666666,2658.0,2680.133333333333,2680.133333333333,2658.0,22.133333333333212,0.822433610780812,Wide,Bullish,Above CPR,False,False,0.6833333333333333,60,59549622.7,Higher,True,Risk On,False,107.05714285714294,2654.5820000000003,2235.569,0.206743172315629,0.4020595482295138,True,True,No setup,Neutral,0,Not applicable,No directional setup; confirmation score not applicable.,Wide CPR,Wide Upside Watch,Watch,Wide CPR + close above CPR; trend aligned; participation light,0,0,0,0
2026-09-23,2026-09-23,CM,NSE,STK,19691,INE863T01013,JITFINFRA,EQ,,,,,JITF INFRALOGISTICS LTD,283.15,289.7,278.1,280.45,281.85,282.7,,280.46,,,23637,6670304.35,853,F1,1,,,,,,Cash Only,Unclassified,False,282.75,283.9,281.6,283.9,281.6,2.2999999999999545,0.8201105366375308,Wide,Bearish,Below CPR,False,False,0.6666666666666666,60,6871553.35,Overlapping,True,Risk On,False,12.142857142857126,324.709,318.9495,0.18941176470587887,0.9707127355709172,False,False,No setup,Neutral,0,Not applicable,No directional setup; confirmation score not applicable.,Wide CPR,Wide Downside Watch,Watch,Wide CPR + close below CPR; trend aligned; participation light,0,0,0,0
2026-09-23,2026-09-23,CM,NSE,STK,764296,INE0QJW01029,LCL,EQ,,,,,LOHIA CORP LIMITED,586.05,598.0,571.3,577.55,575.3,580.3,,577.6,,,359664,209610432.8,23349,F1,1,,,,,,Cash Only,Unclassified,False,582.2833333333333,584.65,579.9166666666666,584.65,579.9166666666666,4.7333333333333485,0.8195538625804432,Wide,Bearish,Below CPR,False,False,0.5384615384615384,39,338858733.1,Higher,True,Risk On,False,27.849999999999984,,,0.16995810891681692,0.6185776322847263,False,False,No setup,Neutral,0,Not applicable,No directional setup; confirmation score not applicable.,Wide CPR,Wide Downside Watch,Watch,Wide CPR + close below CPR; trend aligned; participation light,0,0,0,0
2026-09-23,2026-09-23,CM,NSE,STK,15174,INE763I01026,TARIL,EQ,,,,,TRANS & RECTI. LTD,280.95,289.95,280.95,289.0,289.85,280.75,,289.02,,,1257349,360700324.05,25962,F1,1,,,,,,Cash Only,Capital Goods,True,286.6333333333333,285.45,287.81666666666666,287.81666666666666,285.45,2.3666666666666742,0.8189158016147662,Wide,Bullish,Above CPR,False,False,0.7833333333333333,60,335222986.375,Higher,True,Risk On,False,7.907142857142852,298.808,311.2635,0.2993074375188208,1.076001165524191,False,False,No setup,Neutral,0,Not applicable,No directional setup; confirmation score not applicable.,Wide CPR,Wide Upside Watch,Watch,Wide CPR + close above CPR; trend opposes; participation confirmed,0,0,0,0
2026-09-23,2026-09-23,CM,NSE,STK,19631,INE726V01018,PRICOLLTD,EQ,,,,,PRICOL LIMITED,776.3,786.0,760.05,763.65,760.05,768.1,,763.65,,,240689,185259802.2,13316,F1,1,,,,,,Cash Only,Unclassified,False,769.9,773.025,766.775,773.025,766.775,6.25,0.8184377659922739,Wide,Bearish,Below CPR,False,False,0.85,60,265514429.0,Overlapping,True,Risk On,False,22.750000000000018,735.7820000000002,658.7315,0.2747252747252745,0.6977391130784836,True,True,No setup,Neutral,0,Not applicable,No directional setup; confirmation score not applicable.,Wide CPR,Wide Downside Watch,Watch,Wide CPR + close below CPR; trend opposes; participation light,0,0,0,0
2026-09-23,2026-09-23,CM,NSE,STK,762889,INE440T01028,SEIL,EQ,,,,,SHANTI EDU INITIATIVES L,194.54,198.88,192.0,197.86,197.5,191.74,,197.86,,,309195,60658281.75,3012,F1,1,,,,,,Cash Only,Unclassified,False,196.24666666666667,195.44,197.05333333333334,197.05333333333334,195.44,1.613333333333344,0.8153913541561426,Wide,Bullish,Above CPR,False,False,0.6666666666666666,60,56326584.475,Higher,True,Risk On,False,7.48428571428571,202.99759999999998,203.782,0.2155627664312543,1.076903247647167,False,False,No setup,Neutral,0,Not applicable,No directional setup; confirmation score not applicable.,Wide CPR,Wide Upside Watch,Watch,Wide CPR + close above CPR; trend opposes; participation confirmed,0,0,0,0
2026-09-23,2026-09-23,CM,NSE,STK,25468,INE420C01059,PAISALO,EQ,,,,,PAISALO DIGITAL LIMITED,93.88,93.89,89.1,90.39,90.49,93.43,,90.39,,,16379793,1501166468.39,37775,F1,1,,,,,,Cash Only,Unclassified,False,91.12666666666667,91.495,90.75833333333333,91.495,90.75833333333333,0.7366666666666788,0.8149869085813461,Wide,Bearish,Below CPR,False,False,0.7333333333333333,60,850238166.73,Lower,True,Risk On,False,4.1,73.7826,65.4614,0.17967479674797046,1.765583488404735,True,True,No setup,Neutral,0,Not applicable,No directional setup; confirmation score not applicable.,Wide CPR,Wide Downside Watch,Watch,Wide CPR + close below CPR; trend opposes; participation confirmed,0,0,0,0
2026-09-23,2026-09-23,CM,NSE,STK,4525,INE221B01012,DYNAMATECH,EQ,,,,,DYNAMATIC TECHNOLOGIES,12659.0,12966.0,12463.0,12561.0,12650.0,12516.0,,12560.7,,,37310,472905986.0,12351,F1,1,,,,,,Cash Only,Unclassified,False,12663.333333333334,12714.5,12612.166666666668,12714.5,12612.166666666668,102.33333333333212,0.8146909747100719,Wide,Bearish,Below CPR,False,False,0.75,60,142244460.5,Higher,True,Risk On,False,474.85714285714283,11232.78,10995.69,0.2155034095467283,3.3246003699384836,True,True,No setup,Neutral,0,Not applicable,No directional setup; confirmation score not applicable.,Wide CPR,Wide Downside Watch,Watch,Wide CPR + close below CPR; trend opposes; participation confirmed,0,0,0,0
2026-09-23,2026-09-23,CM,NSE,STK,31415,INE095N01031,NBCC,EQ,,,,,NBCC (INDIA) LIMITED,81.75,84.28,81.65,83.99,83.99,81.9,,83.99,,,5625306,468431304.23,31851,F1,1,,,,,,F&O + Cash,Construction,True,83.30666666666667,82.965,83.64833333333334,83.64833333333334,82.965,0.6833333333333371,0.813588919315796,Wide,Bullish,Above CPR,False,False,0.9333333333333333,60,495203689.98,Higher,True,Risk On,False,1.8778571428571413,89.8884,95.3674,0.36388994547990594,0.9459366190282603,False,False,No setup,Neutral,0,Not applicable,No directional setup; confirmation score not applicable.,Wide CPR,Wide Upside Watch,Watch,Wide CPR + close above CPR; trend opposes; participation light,0,0,0,0
2026-09-23,2026-09-23,CM,NSE,STK,9558,INE256Z01025,AKSHAR,EQ,,,,,AKSHAR SPINTEX LIMITED,0.41,0.42,0.41,0.41,0.41,0.41,,0.41,,,733762,303796.44,192,F1,1,,,,,,Cash Only,Unclassified,False,0.41333333333333333,0.415,0.4116666666666667,0.415,0.4116666666666667,0.0033333333333332993,0.8130081300812926,Wide,Bearish,Below CPR,False,False,0.5166666666666667,60,307256.83999999997,Inside,True,Risk On,False,0.01500000000000001,0.41340000000000005,0.4366,0.2222222222222198,0.9887377608908561,False,False,No setup,Neutral,0,Not applicable,No directional setup; confirmation score not applicable.,Wide CPR,Wide Downside Watch,Watch,Wide CPR + close below CPR; trend aligned; participation light,0,-1,0,-1
2026-09-23,2026-09-23,CM,NSE,STK,764990,INE467D01017,VIRAT,EQ,,,,,VIRAT INDUSTRIES LTD.,365.0,387.45,364.0,371.2,370.0,376.55,,371.2,,,4658,1744072.45,306,F1,1,,,,,,Cash Only,Unclassified,False,374.2166666666667,375.725,372.70833333333337,375.725,372.70833333333337,3.0166666666666515,0.8126795977011454,Wide,Bearish,Below CPR,False,False,0.4074074074074074,27,2607596.7,Overlapping,True,Risk On,False,35.85714285714285,,,0.08413014608233692,0.6688428659232464,False,False,No setup,Neutral,0,Not applicable,No directional setup; confirmation score not applicable.,Wide CPR,Wide Downside Watch,Watch,Wide CPR + close below CPR; trend aligned; participation light,0,0,0,0
2026-09-23,2026-09-23,CM,NSE,STK,759084,INE0CAZ01013,URBANCO,EQ,,,,,URBAN COMPANY LIMITED,174.35,177.77,171.9,172.73,173.0,174.21,,172.72,,,5282197,919875838.28,42602,F1,1,,,,,,Cash Only,Consumer Services,True,174.13333333333333,174.835,173.43166666666664,174.835,173.43166666666664,1.4033333333333644,0.8124433122985959,Wide,Bearish,Below CPR,False,False,0.6166666666666667,60,711500172.95,Outside,True,Risk On,False,7.890714285714283,152.0566,140.5532,0.17784617241483758,1.292868045928983,True,True,No setup,Neutral,0,Not applicable,No directional setup; confirmation score not applicable.,Wide CPR,Wide Downside Watch,Watch,Wide CPR + close below CPR; trend opposes; participation confirmed,0,0,0,0
2026-09-23,2026-09-23,CM,NSE,STK,8828,INE036B01030,GAEL,EQ,,,,,GUJARAT AMBUJA EXPORTS LT,157.5,165.0,157.41,163.19,163.5,157.08,,163.19,,,947394,154142664.3,20427,F1,1,,,,,,Cash Only,Unclassified,False,161.86666666666665,161.20499999999998,162.5283333333333,162.5283333333333,161.20499999999998,1.3233333333333235,0.8109157015339932,Wide,Bullish,Above CPR,False,False,0.6833333333333333,60,142112857.305,Higher,True,Risk On,False,5.4921428571428565,165.365,162.5619,0.24095027528503746,1.0846496736687368,False,True,No setup,Neutral,0,Not applicable,No directional setup; confirmation score not applicable.,Wide CPR,Wide Upside Watch,Watch,Wide CPR + close above CPR; trend mixed; participation confirmed,0,-2,0,-2
2026-09-23,2026-09-23,CM,NSE,STK,827,INE501A01019,DEEPAKFERT,EQ,,,,,DEEPAK FERTILIZERS & PETR,1349.9,1389.0,1349.8,1386.2,1388.0,1340.4,,1386.19,,,330051,452712796.9,16492,F1,1,,,,,,Cash Only,Chemicals,True,1375.0,1369.4,1380.6,1380.6,1369.4,11.199999999999818,0.8079642187274432,Wide,Bullish,Above CPR,False,False,0.7666666666666667,60,318626916.0,Higher,True,Risk On,False,42.20714285714286,1474.1860000000001,1466.524,0.2653579285835123,1.4208240866255002,False,False,No setup,Neutral,0,Not applicable,No directional setup; confirmation score not applicable.,Wide CPR,Wide Upside Watch,Watch,Wide CPR + close above CPR; trend opposes; participation confirmed,0,0,0,0
2026-09-23,2026-09-23,CM,NSE,STK,30835,INE600A01035,PILITA,EQ,,,,,PIL ITALICA LIFESTYLE LTD,7.38,7.73,7.31,7.43,7.4,7.38,,7.43,,,31307,235746.53,154,F1,1,,,,,,Cash Only,Unclassified,False,7.489999999999999,7.52,7.459999999999999,7.52,7.459999999999999,0.0600000000000005,0.807537012113062,Wide,Bearish,Below CPR,False,False,0.55,60,636508.9950000001,Higher,True,Risk On,False,0.41999999999999993,8.0952,8.0175,0.14285714285714407,0.3703742317105824,False,False,No setup,Neutral,0,Not applicable,No directional setup; confirmation score not applicable.,Wide CPR,Wide Downside Watch,Watch,Wide CPR + close below CPR; trend aligned; participation light,0,0,0,0
2026-09-23,2026-09-23,CM,NSE,STK,23590,INE350Z01018,GLOSTERLTD,EQ,,,,,GLOSTER LIMITED,562.0,580.0,562.0,578.0,578.0,572.15,,575.3,,,847,484119.75,67,F1,1,,,,,,Cash Only,Unclassified,False,573.3333333333334,571.0,575.6666666666667,575.6666666666667,571.0,4.6666666666667425,0.8073817762399208,Wide,Bullish,Above CPR,False,False,0.7833333333333333,60,903614.9,Outside,True,Risk On,False,20.278571428571418,627.315,650.4265,0.23012797933545062,0.535758927835298,False,False,No setup,Neutral,0,Not applicable,No directional setup; confirmation score not applicable.,Wide CPR,Wide Upside Watch,Watch,Wide CPR + close above CPR; trend opposes; participation light,0,0,0,0
2026-09-23,2026-09-23,CM,NSE,STK,761386,INE415B01044,MARSONS,EQ,,,,,MARSONS LIMITED,128.7,132.1,127.1,128.05,128.52,127.88,,128.04,,,906853,117266334.53,9263,F1,1,,,,,,Cash Only,Unclassified,False,129.08333333333334,129.6,128.5666666666667,129.6,128.5666666666667,1.033333333333303,0.8069764414941843,Wide,Bearish,Below CPR,False,False,0.4666666666666667,60,233397042.83499998,Overlapping,True,Risk On,False,8.83857142857143,116.9576,123.89540000000001,0.11691180432088442,0.5024328205087903,True,True,No setup,Neutral,0,Not applicable,No directional setup; confirmation score not applicable.,Wide CPR,Wide Downside Watch,Watch,Wide CPR + close below CPR; trend opposes; participation light,0,0,0,0
2026-09-23,2026-09-23,CM,NSE,STK,4747,INE092B01025,INDNIPPON,EQ,,,,,INDIA NIPPON ELECT  LTD,1241.9,1310.0,1241.9,1260.7,1254.0,1237.0,,1260.58,,,109262,139892913.7,11705,F1,1,,,,,,Cash Only,Unclassified,False,1270.8666666666668,1275.95,1265.7833333333335,1275.95,1265.7833333333335,10.166666666666515,0.806430290050489,Wide,Bearish,Below CPR,False,False,0.7333333333333333,60,40568245.05,Higher,True,Risk On,False,93.0357142857143,1168.692,1035.279,0.10927703134996636,3.4483353550932074,True,True,No setup,Neutral,0,Not applicable,No directional setup; confirmation score not applicable.,Wide CPR,Wide Downside Watch,Watch,Wide CPR + close below CPR; trend opposes; participation confirmed,0,0,0,0
2026-09-23,2026-09-23,CM,NSE,STK,6141,INE697V01011,PANSARI,EQ,,,,,PANSARI DEVELOPERS LTD,271.65,289.05,271.65,277.0,276.0,278.1,,277.0,,,201,55484.1,12,F1,1,,,,,,Cash Only,Unclassified,False,279.23333333333335,280.35,278.1166666666667,280.35,278.1166666666667,2.2333333333333485,0.8062575210589706,Wide,Bearish,Below CPR,False,False,0.6166666666666667,60,578647.9,Overlapping,True,Risk On,False,16.125,318.158,307.7055,0.13850129198966502,0.09588577094982977,False,False,No setup,Neutral,0,Not applicable,No directional setup; confirmation score not applicable.,Wide CPR,Wide Downside Watch,Watch,Wide CPR + close below CPR; trend aligned; participation light,0,0,0,0
2026-09-23,2026-09-23,CM,NSE,STK,17685,INE390G01014,GPTINFRA,EQ,,,,,GPT INFRAPROJECTS LTD,118.99,119.94,115.45,116.29,116.5,118.16,,116.29,,,148368,17293795.7,1999,F1,1,,,,,,Cash Only,Unclassified,False,117.22666666666667,117.695,116.75833333333335,117.695,116.75833333333335,0.936666666666639,0.8054576203169997,Wide,Bearish,Below CPR,False,False,0.8166666666666667,60,12175677.36,Lower,True,Risk On,False,3.9207142857142827,115.2014,117.85629999999999,0.2389020465172701,1.420355943137442,True,False,No setup,Neutral,0,Not applicable,No directional setup; confirmation score not applicable.,Wide CPR,Wide Downside Watch,Watch,Wide CPR + close below CPR; trend mixed; participation confirmed,0,0,0,0
2026-09-23,2026-09-23,CM,NSE,STK,5373,INE872J01023,DEVYANI,EQ,,,,,DEVYANI INTERNATIONAL LTD,144.31,144.39,139.2,140.11,139.8,144.51,,140.11,,,1344367,190475732.75,18036,F1,1,,,,,,Cash Only,Consumer Services,True,141.23333333333332,141.795,140.67166666666665,141.795,140.67166666666665,1.1233333333333348,0.8017510051626113,Wide,Bearish,Below CPR,False,False,0.7,60,290264046.315,Lower,True,Risk On,False,4.17428571428571,132.07479999999998,123.3404,0.2691079169518601,0.6562153844685682,True,True,No setup,Neutral,0,Not applicable,No directional setup; confirmation score not applicable.,Wide CPR,Wide Downside Watch,Watch,Wide CPR + close below CPR; trend opposes; participation light,0,0,0,0
2026-09-23,2026-09-23,CM,NSE,STK,14116,INE524B01027,GANDHITUBE,EQ,,,,,GANDHI SPL. TUBES LTD,1014.0,1024.0,990.0,995.05,990.2,1003.2,,994.88,,,27224,27419758.75,2626,F1,1,,,,,,Cash Only,Unclassified,False,1003.0166666666668,1007.0,999.0333333333335,1007.0,999.0333333333335,7.96666666666647,0.8006297840979318,Wide,Bearish,Below CPR,False,False,0.8833333333333333,60,4456268.925,Higher,True,Risk On,False,32.05714285714286,894.1260000000001,878.6940000000001,0.24851455733808062,6.153075411623638,True,True,No setup,Neutral,0,Not applicable,No directional setup; confirmation score not applicable.,Wide CPR,Wide Downside Watch,Watch,Wide CPR + close below CPR; trend opposes; participation confirmed,0,0,0,0
2026-09-23,2026-09-23,CM,NSE,STK,11566,INE0A1101019,DCI,EQ,,,,,DC INFOTECH AND COMUN LTD,275.85,277.25,266.4,268.6,268.9,275.85,,268.61,,,41762,11345914.15,1964,F1,1,,,,,,Cash Only,Unclassified,False,270.75,271.825,269.675,271.825,269.675,2.1499999999999773,0.8004467609828656,Wide,Bearish,Below CPR,False,False,0.48333333333333334,60,14048450.425,Lower,True,Risk On,False,20.689285714285717,324.026,295.56010000000003,0.10391852235456474,0.807627446925343,False,False,No setup,Neutral,0,Not applicable,No directional setup; confirmation score not applicable.,Wide CPR,Wide Downside Watch,Watch,Wide CPR + close below CPR; trend aligned; participation light,0,0,0,0
2026-09-23,2026-09-23,CM,NSE,STK,759929,INE0TY101024,SOLARWORLD,EQ,,,,,SOLARWORLD ENERGY SOL LTD,139.39,142.55,137.8,138.52,138.08,139.46,,138.52,,,278134,38837280.48,3850,F1,1,,,,,,Cash Only,Unclassified,False,139.62333333333333,140.175,139.07166666666666,140.175,139.07166666666666,1.103333333333353,0.7965155452882998,Wide,Bearish,Below CPR,False,False,0.6166666666666667,60,39387199.805,Overlapping,True,Risk On,False,6.299285714285712,163.7556,182.0153,0.17515213365083285,0.9860381208178655,False,False,No setup,Neutral,0,Not applicable,No directional setup; confirmation score not applicable.,Wide CPR,Wide Downside Watch,Watch,Wide CPR + close below CPR; trend aligned; participation light,0,0,0,0
2026-09-23,2026-09-23,CM,NSE,STK,764255,INE11XY01018,CMLL,EQ,,,,,CALIBER MINING AND LOG L,495.0,513.3,483.95,504.65,502.0,490.9,,504.57,,,514379,258662049.3,18090,F1,1,,,,,,Cash Only,Unclassified,False,500.6333333333334,498.625,502.64166666666677,502.64166666666677,498.625,4.016666666666765,0.7959311734205421,Wide,Bullish,Above CPR,False,False,0.627906976744186,43,274164773.0,Higher,True,Risk On,False,17.999999999999982,,,0.22314814814815384,0.9434547205668907,False,False,No setup,Neutral,0,Not applicable,No directional setup; confirmation score not applicable.,Wide CPR,Wide Upside Watch,Watch,Wide CPR + close above CPR; trend opposes; participation light,0,0,0,0
2026-09-23,2026-09-23,CM,NSE,STK,2792,INE07O001026,EASEMYTRIP,EQ,,,,,EASY TRIP PLANNERS LTD,5.99,6.03,5.85,5.87,5.88,5.99,,5.87,,,9224928,54486660.61,7606,F1,1,,,,,,Cash Only,Unclassified,False,5.916666666666667,5.9399999999999995,5.893333333333334,5.9399999999999995,5.893333333333334,0.04666666666666508,0.7950028392958277,Wide,Bearish,Below CPR,False,False,0.8333333333333334,60,91704215.16,Lower,True,Risk On,False,0.1685714285714286,6.2943999999999996,6.9385,0.27683615819208096,0.5941565555621947,False,False,No setup,Neutral,0,Not applicable,No directional setup; confirmation score not applicable.,Wide CPR,Wide Downside Watch,Watch,Wide CPR + close below CPR; trend aligned; participation light,0,0,0,0
2026-09-23,2026-09-23,CM,NSE,STK,20825,INE031A01017,HUDCO,EQ,,,,,HSG & URBAN DEV CORPN LTD,172.4,179.2,172.4,177.92,178.2,172.4,,177.95,,,2918388,515845066.03,34413,F1,1,,,,,,Cash Only,Financial Services,True,176.50666666666666,175.8,177.2133333333333,177.2133333333333,175.8,1.4133333333332985,0.7943645083932659,Wide,Bullish,Above CPR,False,False,0.9166666666666666,60,339167242.08,Higher,True,Risk On,False,4.272142857142858,188.3842,199.26500000000004,0.33082539151757523,1.5209165332904606,False,False,No setup,Neutral,0,Not applicable,No directional setup; confirmation score not applicable.,Wide CPR,Wide Upside Watch,Watch,Wide CPR + close above CPR; trend opposes; participation confirmed,0,0,0,0
2026-09-23,2026-09-23,CM,NSE,STK,16875,INE176J01011,SICAGEN,EQ,,,,,SICAGEN INDIA LIMITED,53.0,53.45,51.25,52.98,53.0,52.05,,52.98,,,22378,1172598.43,134,F1,1,,,,,,Cash Only,Unclassified,False,52.56,52.35,52.77,52.77,52.35,0.4200000000000017,0.792751981879958,Wide,Bullish,Above CPR,False,False,0.6833333333333333,60,797592.295,Overlapping,True,Risk On,False,2.3378571428571426,54.78940000000001,54.386,0.1796516956920264,1.4701727152467037,False,False,No setup,Neutral,0,Not applicable,No directional setup; confirmation score not applicable.,Wide CPR,Wide Upside Watch,Watch,Wide CPR + close above CPR; trend opposes; participation confirmed,0,0,0,0
2026-09-23,2026-09-23,CM,NSE,STK,9867,INE747B01016,NEXTMEDIA,EQ,,,,,NEXT MEDIAWORKS LIMITED,3.72,3.84,3.65,3.79,3.82,3.74,,3.79,,,22067,83179.55,106,F1,1,,,,,,Cash Only,Unclassified,False,3.7600000000000002,3.745,3.7750000000000004,3.7750000000000004,3.745,0.03000000000000025,0.7915567282321965,Wide,Bullish,Above CPR,False,False,0.6,60,35772.729999999996,Outside,True,Risk On,False,0.19071428571428575,3.918,3.9749,0.15730337078651813,2.325222313197791,False,False,No setup,Neutral,0,Not applicable,No directional setup; confirmation score not applicable.,Wide CPR,Wide Upside Watch,Watch,Wide CPR + close above CPR; trend opposes; participation confirmed,0,0,0,0
2026-09-23,2026-09-23,CM,NSE,STK,762608,INE00HZ01011,BNAGROCHEM,EQ,,,,,BN AGROCHEM LTD.,204.46,208.0,200.85,206.88,200.85,200.85,,206.88,,,1181,243501.11,26,F1,1,,,,,,Cash Only,Unclassified,False,205.24333333333334,204.425,206.06166666666667,206.06166666666667,204.425,1.636666666666656,0.7911188450631554,Wide,Bullish,Above CPR,False,False,0.48,50,425087.94999999995,Overlapping,True,Risk On,False,10.35071428571429,240.5688,,0.1581211326570504,0.5728252471047462,False,False,No setup,Neutral,0,Not applicable,No directional setup; confirmation score not applicable.,Wide CPR,Wide Upside Watch,Watch,Wide CPR + close above CPR; trend opposes; participation light,0,0,0,0
2026-09-23,2026-09-23,CM,NSE,STK,9422,INE625X01026,SILVERTUC,EQ,,,,,SILVER TOUCH TECHNO LTD,158.0,158.61,151.0,152.99,154.0,155.89,,153.03,,,260207,40372391.83,4690,F1,1,,,,,,Cash Only,Unclassified,False,154.20000000000002,154.805,153.59500000000003,154.805,153.59500000000003,1.2099999999999795,0.7909013661023463,Wide,Bearish,Below CPR,False,False,0.6,60,82701181.13,Lower,True,Risk On,False,9.400000000000002,183.54539999999997,178.6546,0.12872340425531695,0.48817188918423854,False,False,No setup,Neutral,0,Not applicable,No directional setup; confirmation score not applicable.,Wide CPR,Wide Downside Watch,Watch,Wide CPR + close below CPR; trend aligned; participation light,0,0,0,0
2026-09-23,2026-09-23,CM,NSE,STK,18822,INE913H01037,ENDURANCE,EQ,,,,,ENDURANCE TECHNO. LTD.,2698.0,2745.6,2656.9,2669.6,2669.4,2693.7,,2669.69,,,57593,155460832.7,17193,F1,1,,,,,,Cash Only,Automobile and Auto Components,True,2690.7000000000003,2701.25,2680.1500000000005,2701.25,2680.1500000000005,21.099999999999454,0.7903805813604831,Wide,Bearish,Below CPR,False,False,0.9166666666666666,60,320536237.0,Lower,True,Risk On,False,75.52142857142852,2821.474,2716.1839999999997,0.2793909013524946,0.48500236402288577,False,False,No setup,Neutral,0,Not applicable,No directional setup; confirmation score not applicable.,Wide CPR,Wide Downside Watch,Watch,Wide CPR + close below CPR; trend aligned; participation light,0,0,0,0
2026-09-23,2026-09-23,CM,NSE,STK,5428,INE948A01012,TRIGYN,EQ,,,,,TRIGYN TECHNOLOGIES LTD,55.98,58.1,55.51,56.14,56.04,55.76,,56.14,,,14943,843002.31,346,F1,1,,,,,,Cash Only,Unclassified,False,56.583333333333336,56.805,56.36166666666667,56.805,56.36166666666667,0.44333333333332803,0.789692435577713,Wide,Bearish,Below CPR,False,False,0.6166666666666667,60,1816125.505,Higher,True,Risk On,False,3.297142857142858,55.889399999999995,55.9321,0.1344598497978031,0.4641762409476211,True,True,No setup,Neutral,0,Not applicable,No directional setup; confirmation score not applicable.,Wide CPR,Wide Downside Watch,Watch,Wide CPR + close below CPR; trend opposes; participation light,0,0,0,0
2026-09-23,2026-09-23,CM,NSE,STK,13111,INE569C01020,ORIENTCER,EQ,,,,,ORIENT CERATECH LIMITED,48.6,48.84,47.69,47.7,47.7,48.08,,47.7,,,42804,2049229.84,575,F1,1,,,,,,Cash Only,Unclassified,False,48.076666666666675,48.265,47.88833333333335,48.265,47.88833333333335,0.37666666666665094,0.7896575821103792,Wide,Bearish,Below CPR,False,False,0.5666666666666667,60,2970031.435,Overlapping,True,Risk On,False,2.3299999999999996,43.4972,41.91349999999999,0.16165951359083733,0.6899690743508915,True,True,No setup,Neutral,0,Not applicable,No directional setup; confirmation score not applicable.,Wide CPR,Wide Downside Watch,Watch,Wide CPR + close below CPR; trend opposes; participation light,0,0,0,0
2026-09-23,2026-09-23,CM,NSE,STK,765387,INE1B3O01011,SUNSHINE,EQ,,,,,SUNSHINE PICTURES LIMITED,441.0,456.0,437.35,441.45,443.0,440.4,,441.44,,,585436,260009353.0,7992,F1,1,,,,,,Cash Only,Unclassified,False,444.93333333333334,446.675,443.19166666666666,446.675,443.19166666666666,3.4833333333333485,0.7890663344282135,Wide,Bearish,Below CPR,False,False,0.2857142857142857,21,1134909477.45,Higher,True,Risk On,False,42.02499999999999,,,0.08288717033511836,0.2291014025049897,False,False,No setup,Neutral,0,Not applicable,No directional setup; confirmation score not applicable.,Wide CPR,Wide Downside Watch,Watch,Wide CPR + close below CPR; trend aligned; participation light,0,0,0,0
2026-09-23,2026-09-23,CM,NSE,STK,3637,INE700A01033,JUBLPHARMA,EQ,,,,,JUBILANT PHARMOVA LTD,1076.2,1088.1,1052.9,1058.0,1060.0,1070.85,,1058.06,,,135144,144423901.65,15589,F1,1,,,,,,Cash Only,Healthcare,True,1066.3333333333333,1070.5,1062.1666666666665,1070.5,1062.1666666666665,8.333333333333485,0.7876496534341668,Wide,Bearish,Below CPR,False,False,0.8,60,149314478.2,Outside,True,Risk On,False,37.79642857142857,953.5980000000001,966.3394999999999,0.2204793851774899,0.9672464679316009,True,True,No setup,Neutral,0,Not applicable,No directional setup; confirmation score not applicable.,Wide CPR,Wide Downside Watch,Watch,Wide CPR + close below CPR; trend opposes; participation light,0,0,0,0
2026-09-23,2026-09-23,CM,NSE,STK,764593,INE217S01014,APOORVA,EQ,,,,,APOORVA LEAS F & INV C L,35.58,35.58,32.25,34.32,34.36,33.89,,34.01,,,1539,50709.81,33,F1,1,,,,,,Cash Only,Unclassified,False,34.050000000000004,33.915,34.18500000000001,34.18500000000001,33.915,0.27000000000001023,0.7867132867133164,Wide,Bullish,Above CPR,False,False,0.25,16,11493.18,Higher,False,Risk On,False,1.7185714285714286,,,0.15710723192020545,4.412165301509242,False,False,No setup,Neutral,0,Not applicable,No directional setup; confirmation score not applicable.,Wide CPR,Wide Upside Watch,Watch,Wide CPR + close above CPR; trend opposes; participation confirmed,0,0,0,0
2026-09-23,2026-09-23,CM,NSE,STK,10637,INE260D01016,OLECTRA,EQ,,,,,OLECTRA GREENTECH LIMITED,1229.0,1295.2,1226.5,1275.9,1278.9,1217.2,,1275.76,,,1782067,2271924604.4,76890,F1,1,,,,,,Cash Only,Automobile and Auto Components,True,1265.8666666666666,1260.85,1270.8833333333332,1270.8833333333332,1260.85,10.033333333333303,0.7863730177391097,Wide,Bullish,Above CPR,False,False,0.8,60,351714646.35,Higher,True,Risk On,False,39.23571428571433,1299.888,1318.124,0.25571940044905533,6.459567800139751,False,False,No setup,Neutral,0,Not applicable,No directional setup; confirmation score not applicable.,Wide CPR,Wide Upside Watch,Watch,Wide CPR + close above CPR; trend opposes; participation confirmed,0,0,0,0
2026-09-23,2026-09-23,CM,NSE,STK,20778,INE039C01032,JAMNAAUTO,EQ,,,,,JAMNA AUTO IND LTD,128.13,134.2,127.95,129.55,130.0,127.99,,129.54,,,2732676,357771475.22,32929,F1,1,,,,,,Cash Only,Unclassified,False,130.56666666666666,131.075,130.05833333333334,131.075,130.05833333333334,1.0166666666666515,0.7847677859256283,Wide,Bearish,Below CPR,False,False,0.75,60,203932348.54000002,Higher,True,Risk On,False,5.328571428571429,128.59879999999998,127.24799999999999,0.19079535299374153,1.7543635317367292,True,True,No setup,Neutral,0,Not applicable,No directional setup; confirmation score not applicable.,Wide CPR,Wide Downside Watch,Watch,Wide CPR + close below CPR; trend opposes; participation confirmed,0,0,0,0
2026-09-23,2026-09-23,CM,NSE,STK,13310,INE878B01027,KEI,EQ,,,,,KEI INDUSTRIES LTD.,4575.0,4760.0,4574.0,4722.5,4722.5,4575.0,,4722.48,,,808984,3801673923.0,57038,F1,1,,,,,,F&O + Cash,Capital Goods,True,4685.5,4667.0,4704.0,4704.0,4667.0,37.0,0.7834833245103229,Wide,Bullish,Above CPR,False,False,0.7666666666666667,60,1699859678.5,Higher,True,Risk On,False,159.53571428571428,5160.6720000000005,5204.178,0.2319229908215805,2.2364633805272063,False,False,No setup,Neutral,0,Not applicable,No directional setup; confirmation score not applicable.,Wide CPR,Wide Upside Watch,Watch,Wide CPR + close above CPR; trend opposes; participation confirmed,0,0,0,0
2026-09-23,2026-09-23,CM,NSE,STK,2018,INE162B01018,LUMAXIND,EQ,,,,,LUMAX INDUSTRIES LTD,5920.0,5964.0,5748.0,5788.0,5765.0,5846.0,,5787.26,,,11965,70132681.5,3462,F1,1,,,,,,Cash Only,Unclassified,False,5833.333333333333,5856.0,5810.666666666666,5856.0,5810.666666666666,45.33333333333394,0.7832296705828254,Wide,Bearish,Below CPR,False,False,0.8,60,70862485.25,Outside,True,Risk On,False,205.92857142857142,5735.96,5551.635,0.22014105676957169,0.989701126803198,True,True,No setup,Neutral,0,Not applicable,No directional setup; confirmation score not applicable.,Wide CPR,Wide Downside Watch,Watch,Wide CPR + close below CPR; trend opposes; participation light,0,0,0,0
2026-09-23,2026-09-23,CM,NSE,STK,936,INE266Y01019,DPABHUSHAN,EQ,,,,,D. P. ABHUSHAN LIMITED,1462.1,1497.0,1449.0,1455.9,1460.0,1469.4,,1455.93,,,23394,34349339.2,2085,F1,1,,,,,,Cash Only,Unclassified,False,1467.3,1473.0,1461.6,1473.0,1461.6,11.400000000000091,0.7830208118689532,Wide,Bearish,Below CPR,False,False,0.5333333333333333,60,43023729.825,Higher,True,Risk On,False,59.70714285714286,1416.099,1192.7269999999999,0.190931929656659,0.798381250061692,True,True,No setup,Neutral,0,Not applicable,No directional setup; confirmation score not applicable.,Wide CPR,Wide Downside Watch,Watch,Wide CPR + close below CPR; trend opposes; participation light,0,0,0,0
2026-09-23,2026-09-23,CM,NSE,STK,762346,INE655V01019,RMC,EQ,,,,,RMC SWITCHGEARS LIMITED,226.0,229.85,219.24,221.94,225.9,225.2,,221.87,,,25030,5616847.01,1149,F1,1,,,,,,Cash Only,Unclassified,False,223.67666666666665,224.54500000000002,222.80833333333328,224.54500000000002,222.80833333333328,1.7366666666667356,0.782493767084228,Wide,Bearish,Below CPR,False,False,0.55,60,9698457.2,Outside,True,Risk On,False,14.520000000000001,259.015,,0.1196051423324198,0.5791485072491737,False,False,No setup,Neutral,0,Not applicable,No directional setup; confirmation score not applicable.,Wide CPR,Wide Downside Watch,Watch,Wide CPR + close below CPR; trend aligned; participation light,0,0,0,0
2026-09-23,2026-09-23,CM,NSE,STK,6951,INE802B01027,LINC,EQ,,,,,LINC LIMITED,92.37,95.0,90.5,93.85,95.0,92.37,,93.77,,,19605,1807661.2,444,F1,1,,,,,,Cash Only,Unclassified,False,93.11666666666667,92.75,93.48333333333335,93.48333333333335,92.75,0.7333333333333485,0.7813887408986132,Wide,Bullish,Above CPR,False,False,0.7166666666666667,60,1764343.74,Higher,True,Risk On,False,3.6678571428571436,98.47200000000001,101.0299,0.19993508601103946,1.0245515989985035,False,False,No setup,Neutral,0,Not applicable,No directional setup; confirmation score not applicable.,Wide CPR,Wide Upside Watch,Watch,Wide CPR + close above CPR; trend opposes; participation confirmed,0,0,0,0
2026-09-23,2026-09-23,CM,NSE,STK,762658,INE927X01018,ELCIDIN,EQ,,,,,ELCID INVESTMENTS LTD.,105000.0,105900.0,103220.0,105800.0,105800.0,105000.0,,105800.0,,,11,1154650.0,11,F1,1,,,,,,Cash Only,Unclassified,False,104973.33333333333,104560.0,105386.66666666666,105386.66666666666,104560.0,826.666666666657,0.7813484562066701,Wide,Bullish,Above CPR,False,False,0.8333333333333334,60,950825.0,Overlapping,True,Risk On,False,3143.214285714286,109215.1,113464.65,0.26300041661932044,1.2143664712223596,False,False,No setup,Neutral,0,Not applicable,No directional setup; confirmation score not applicable.,Wide CPR,Wide Upside Watch,Watch,Wide CPR + close above CPR; trend opposes; participation confirmed,0,0,0,0
2026-09-23,2026-09-23,CM,NSE,STK,12022,INE132H01018,AURIONPRO,EQ,,,,,AURIONPRO SOLN LTD,685.05,709.9,685.05,689.4,698.95,681.9,,689.4,,,126195,88082548.45,7087,F1,1,,,,,,Cash Only,Unclassified,False,694.7833333333333,697.4749999999999,692.0916666666667,697.4749999999999,692.0916666666667,5.383333333333212,0.7808722560680609,Wide,Bearish,Below CPR,False,False,0.8,60,93406133.95,Higher,True,Risk On,False,22.28214285714285,729.1940000000001,778.9425,0.24159854677565312,0.9430060395942551,False,False,No setup,Neutral,0,Not applicable,No directional setup; confirmation score not applicable.,Wide CPR,Wide Downside Watch,Watch,Wide CPR + close below CPR; trend aligned; participation light,0,0,-2,-2
2026-09-23,2026-09-23,CM,NSE,STK,764673,INE515H01014,EMPIND,EQ,,,,,EMPIRE INDUSTRIES LTD.,1049.9,1080.0,1044.5,1074.8,1074.0,1038.1,,1071.1,,,1503,1597759.8,209,F1,1,,,,,,Cash Only,Unclassified,False,1066.4333333333334,1062.25,1070.6166666666668,1070.6166666666668,1062.25,8.366666666666788,0.7784393995782274,Wide,Bullish,Above CPR,False,False,0.8148148148148148,27,4641265.0,Higher,True,Risk On,False,35.500000000000014,,,0.23568075117371223,0.344250931588694,False,False,No setup,Neutral,0,Not applicable,No directional setup; confirmation score not applicable.,Wide CPR,Wide Upside Watch,Watch,Wide CPR + close above CPR; trend opposes; participation light,0,0,0,0
2026-09-23,2026-09-23,CM,NSE,STK,11212,INE500L01026,SHK,EQ,,,,,S H KELKAR AND CO. LTD.,138.88,146.65,138.88,144.45,144.62,138.28,,144.45,,,536940,76877425.57,8886,F1,1,,,,,,Cash Only,Unclassified,False,143.32666666666665,142.765,143.88833333333332,143.88833333333332,142.765,1.1233333333333348,0.7776623976000935,Wide,Bullish,Above CPR,False,False,0.7666666666666667,60,63804060.555,Higher,True,Risk On,False,5.8514285714285705,151.4346,142.5809,0.19197591145833362,1.2048986365645267,False,True,No setup,Neutral,0,Not applicable,No directional setup; confirmation score not applicable.,Wide CPR,Wide Upside Watch,Watch,Wide CPR + close above CPR; trend mixed; participation confirmed,0,0,0,0
2026-09-23,2026-09-23,CM,NSE,STK,29711,INE0SII01026,QPOWER,EQ,,,,,QUALITY POWER ELEC EQUP L,1509.0,1566.0,1509.0,1555.6,1557.1,1491.6,,1555.52,,,326604,506047334.3,19343,F1,1,,,,,,Cash Only,Unclassified,False,1543.5333333333335,1537.5,1549.566666666667,1549.566666666667,1537.5,12.06666666666706,0.775692123082223,Wide,Bullish,Above CPR,False,False,0.4,60,820383700.675,Higher,True,Risk On,False,82.85000000000001,1352.315,1110.5235,0.14564473948904116,0.6168422579381228,True,True,No setup,Neutral,0,Not applicable,No directional setup; confirmation score not applicable.,Wide CPR,Wide Upside Watch,Watch,Wide CPR + close above CPR; trend aligned; participation light,0,0,0,0
2026-09-23,2026-09-23,CM,NSE,STK,24595,INE573K01025,RUSHIL,EQ,,,,,RUSHIL DECOR LIMITED,16.67,17.28,16.67,16.78,16.87,16.7,,16.78,,,180245,3052528.94,545,F1,1,,,,,,Cash Only,Unclassified,False,16.91,16.975,16.845,16.975,16.845,0.13000000000000256,0.7747318235995384,Wide,Bearish,Below CPR,False,False,0.5833333333333334,60,6618374.845000001,Overlapping,True,Risk On,False,0.9557142857142857,16.7486,16.4694,0.13602391629297725,0.461220316390224,True,True,No setup,Neutral,0,Not applicable,No directional setup; confirmation score not applicable.,Wide CPR,Wide Downside Watch,Watch,Wide CPR + close below CPR; trend opposes; participation light,0,0,0,0
2026-09-23,2026-09-23,CM,NSE,STK,763839,INE17QZ01016,KNACK,EQ,,,,,KNACK PACKAGING LIMITED,185.9,188.78,184.0,184.25,184.9,185.55,,184.26,,,370798,68920183.14,4601,F1,1,,,,,,Cash Only,Unclassified,False,185.67666666666665,186.39,184.9633333333333,186.39,184.9633333333333,1.4266666666666765,0.7743102668475856,Wide,Bearish,Below CPR,False,False,0.6,55,201303573.68,Overlapping,True,Risk On,False,5.645714285714285,194.32399999999998,,0.2526990553306361,0.34236939702599717,False,False,No setup,Neutral,0,Not applicable,No directional setup; confirmation score not applicable.,Wide CPR,Wide Downside Watch,Watch,Wide CPR + close below CPR; trend aligned; participation light,0,0,0,0
2026-09-23,2026-09-23,CM,NSE,STK,342,INE596I01020,CAMS,EQ,,,,,COMPUTER AGE MNGT SER LTD,706.9,725.05,706.0,723.9,723.9,704.0,,723.9,,,1333519,959904122.5,62552,F1,1,,,,,,F&O + Cash,Financial Services,True,718.3166666666666,715.525,721.1083333333332,721.1083333333332,715.525,5.5833333333332575,0.7712851683013203,Wide,Bullish,Above CPR,False,False,0.85,60,836910021.975,Higher,True,Risk On,False,17.514285714285702,757.0670000000001,769.9755,0.3187873844480655,1.146962155184556,False,False,No setup,Neutral,0,Not applicable,No directional setup; confirmation score not applicable.,Wide CPR,Wide Upside Watch,Watch,Wide CPR + close above CPR; trend opposes; participation confirmed,0,0,0,0
2026-09-23,2026-09-23,CM,NSE,STK,18268,INE024001021,AEROFLEX,EQ,,,,,AEROFLEX INDUSTRIES LTD,516.7,539.4,514.25,520.8,521.0,516.7,,520.8,,,939383,495759078.75,28111,F1,1,,,,,,Cash Only,Unclassified,False,524.8166666666667,526.825,522.8083333333334,526.825,522.8083333333334,4.0166666666666515,0.7712493599590345,Wide,Bearish,Below CPR,False,False,0.55,60,540238258.225,Higher,True,Risk On,False,27.896428571428572,479.298,450.954,0.14398497844919503,0.9176674757890338,True,True,No setup,Neutral,0,Not applicable,No directional setup; confirmation score not applicable.,Wide CPR,Wide Downside Watch,Watch,Wide CPR + close below CPR; trend opposes; participation light,0,0,0,0
2026-09-23,2026-09-23,CM,NSE,STK,11039,INE08KP01019,DCMNVL,EQ,,,,,DCM NOUVELLE LIMITED,179.99,185.0,178.0,179.43,180.0,178.04,,179.43,,,24354,4396436.18,285,F1,1,,,,,,Cash Only,Unclassified,False,180.81000000000003,181.5,180.12000000000006,181.5,180.12000000000006,1.3799999999999386,0.7691021568299273,Wide,Bearish,Below CPR,False,False,0.55,60,2026343.315,Higher,True,Risk On,False,8.424285714285716,167.2882,145.0076,0.16381210785144257,2.169640330666277,True,True,No setup,Neutral,0,Not applicable,No directional setup; confirmation score not applicable.,Wide CPR,Wide Downside Watch,Watch,Wide CPR + close below CPR; trend opposes; participation confirmed,0,0,0,0
2026-09-23,2026-09-23,CM,NSE,STK,10859,INE0JS101016,DREAMFOLKS,EQ,,,,,DREAMFOLKS SERVICES LTD,63.88,64.25,62.1,63.91,64.24,63.04,,63.9,,,47951,3027816.48,1221,F1,1,,,,,,Cash Only,Unclassified,False,63.419999999999995,63.175,63.66499999999999,63.66499999999999,63.175,0.4899999999999949,0.7667031763417226,Wide,Bullish,Above CPR,False,False,0.7333333333333333,60,2986247.1950000003,Outside,True,Risk On,False,2.5378571428571455,67.26100000000001,70.3368,0.1930762735716274,1.013920242460035,False,False,No setup,Neutral,0,Not applicable,No directional setup; confirmation score not applicable.,Wide CPR,Wide Upside Watch,Watch,Wide CPR + close above CPR; trend opposes; participation confirmed,0,0,0,0
2026-09-23,2026-09-23,CM,NSE,STK,11511,INE281A01026,CENTEXT,EQ,,,,,CENTURY EXTRUSIONS LTD,18.63,18.9,18.25,18.79,18.78,18.63,,18.8,,,252857,4720932.74,826,F1,1,,,,,,Cash Only,Unclassified,False,18.646666666666665,18.575,18.71833333333333,18.71833333333333,18.575,0.14333333333333087,0.762817101295002,Wide,Bullish,Above CPR,False,False,0.65,60,3295804.51,Lower,True,Risk On,False,1.232857142857142,20.7588,20.3211,0.11626110467361724,1.4324067843453496,False,False,No setup,Neutral,0,Not applicable,No directional setup; confirmation score not applicable.,Wide CPR,Wide Upside Watch,Watch,Wide CPR + close above CPR; trend opposes; participation confirmed,0,0,0,0
2026-09-23,2026-09-23,CM,NSE,STK,1565,INE09E501017,RVHL,EQ,,,,,RAVINDER HEIGHTS LIMITED,40.79,40.79,39.07,39.48,40.05,39.65,,39.5,,,5411,215060.58,128,F1,1,,,,,,Cash Only,Unclassified,False,39.78,39.93,39.63,39.93,39.63,0.29999999999999716,0.7598784194528804,Wide,Bearish,Below CPR,False,False,0.7,60,400761.78500000003,Outside,True,Risk On,False,1.9299999999999993,42.2822,42.5321,0.1554404145077706,0.5366294593183328,False,False,No setup,Neutral,0,Not applicable,No directional setup; confirmation score not applicable.,Wide CPR,Wide Downside Watch,Watch,Wide CPR + close below CPR; trend aligned; participation light,0,0,0,0
2026-09-23,2026-09-23,CM,NSE,STK,5633,INE168A01041,J&KBANK,EQ,,,,,J & K BANK LTD.,145.5,149.6,145.5,149.25,149.4,145.94,,149.25,,,1272524,188815419.27,20305,F1,1,,,,,,Cash Only,Financial Services,True,148.11666666666667,147.55,148.68333333333334,148.68333333333334,147.55,1.1333333333333258,0.7593523171412567,Wide,Bullish,Above CPR,False,False,0.7833333333333333,60,471544707.29499996,Higher,True,Risk On,False,3.8757142857142832,156.4506,153.7569,0.29241921611991467,0.4004189133054492,False,False,No setup,Neutral,0,Not applicable,No directional setup; confirmation score not applicable.,Wide CPR,Wide Upside Watch,Watch,Wide CPR + close above CPR; trend opposes; participation light,0,0,0,0
2026-09-23,2026-09-23,CM,NSE,STK,765195,INE457P01020,TOYAMSL,EQ,,,,,TOYAM SPORTS LTD.,0.88,0.88,0.86,0.88,0.88,0.84,,0.89,,,1227535,1080051.07,291,F1,1,,,,,,Cash Only,Unclassified,False,0.8733333333333334,0.87,0.8766666666666668,0.8766666666666668,0.87,0.006666666666666821,0.757575757575775,Wide,Bullish,Above CPR,False,False,0.6296296296296297,27,255068.83,Higher,True,Risk On,False,0.03071428571428572,,,0.21705426356589647,4.234351449371529,False,False,No setup,Neutral,0,Not applicable,No directional setup; confirmation score not applicable.,Wide CPR,Wide Upside Watch,Watch,Wide CPR + close above CPR; trend opposes; participation confirmed,0,0,0,0
2026-09-23,2026-09-23,CM,NSE,STK,9046,INE740V01019,AGROPHOS,EQ,,,,,AGRO PHOS INDIA LIMITED,23.99,24.3,23.65,24.25,24.3,23.97,,24.25,,,18600,450346.72,150,F1,1,,,,,,Cash Only,Unclassified,False,24.066666666666666,23.975,24.15833333333333,24.15833333333333,23.975,0.18333333333333002,0.7560137457044537,Wide,Bullish,Above CPR,False,False,0.6333333333333333,60,428448.405,Higher,True,Risk On,False,1.762142857142857,26.7504,28.808900000000005,0.10403999459532308,1.051110739926783,False,False,No setup,Neutral,0,Not applicable,No directional setup; confirmation score not applicable.,Wide CPR,Wide Upside Watch,Watch,Wide CPR + close above CPR; trend opposes; participation confirmed,0,0,0,0
2026-09-23,2026-09-23,CM,NSE,STK,31234,INE839M01018,SCHNEIDER,EQ,,,,,SCHNEIDER ELECTRIC INFRA,1220.0,1253.6,1205.1,1243.4,1241.0,1214.2,,1243.53,,,298693,367587402.8,19484,F1,1,,,,,,Cash Only,Capital Goods,True,1234.0333333333333,1229.35,1238.7166666666667,1238.7166666666667,1229.35,9.366666666666788,0.7533108144335521,Wide,Bullish,Above CPR,False,False,0.5833333333333334,60,362382104.05,Overlapping,True,Risk On,False,44.0642857142857,1273.582,1240.0394999999999,0.21256821743124504,1.0143641164721584,False,True,No setup,Neutral,0,Not applicable,No directional setup; confirmation score not applicable.,Wide CPR,Wide Upside Watch,Watch,Wide CPR + close above CPR; trend mixed; participation confirmed,0,0,0,0
