TradDt,BizDt,Sgmt,Src,FinInstrmTp,FinInstrmId,ISIN,SYMBOL,SERIES,XpryDt,FininstrmActlXpryDt,StrkPric,OptnTp,NAME,OPEN,HIGH,LOW,CLOSE,LAST,PREVCLOSE,UndrlygPric,SttlmPric,OpnIntrst,ChngInOpnIntrst,VOLUME,VALUE,TtlNbOfTxsExctd,SsnId,NewBrdLotQty,Rmks,Rsvd1,Rsvd2,Rsvd3,Rsvd4,Segment,Industry,Nifty500,Pivot,BC,TC,CPR_Top,CPR_Bottom,CPR_Width,CPR_Width_Pct,CPR_Class,Bias,Price_Position,Bullish_CPR,Bearish_CPR,Width_Rank_Pct,History_Days,Value_60d,Overlay,History_OK,Regime,Own_Narrow,ATR14,SMA50,SMA100,Width_ATR,Value_Ratio,Above_SMA50,Above_SMA100,Setup,Signal_Direction,Signal_Score,Signal_Grade,Signal_Explanation,Strategy_Type,Strategy_Setup,Strategy_Confirmation,Strategy_Explanation,Daily_Signal,Weekly_Signal,Monthly_Signal,Confluence_Score
2026-09-10,2026-09-10,CM,NSE,STK,29962,INE599M01018,JUSTDIAL,EQ,,,,,JUSTDIAL LTD.,678.45,684.45,658.05,668.75,666.0,678.45,,668.69,,,225131,150663966.6,7431,F1,1,,,,,,Cash Only,Unclassified,False,670.4166666666666,671.25,669.5833333333333,671.25,669.5833333333333,1.6666666666667425,0.24922118380063438,Narrow,Bearish,Below CPR,False,True,0.3,60,127624862.9,Lower,True,Risk Off,False,22.771428571428576,685.323,609.4354999999999,0.07319113341698366,1.1805220642474046,False,True,No setup,Neutral,0,Not applicable,No directional setup; confirmation score not applicable.,Narrow CPR,Not applicable,Not applicable,Narrow CPR; Wide CPR rules not applied,0,0,0,0
2026-09-10,2026-09-10,CM,NSE,STK,5206,INE449C01025,ANDREWYU,EQ,,,,,ANDREW YULE & CO. LTD.,26.73,27.19,26.55,26.77,26.94,26.73,,26.78,,,35796,961015.54,307,F1,1,,,,,,Cash Only,Unclassified,False,26.83666666666667,26.87,26.803333333333338,26.87,26.803333333333338,0.06666666666666288,0.2490349894159988,Narrow,Bearish,Below CPR,False,True,0.10526315789473684,19,1808706.87,Lower,False,Risk Off,False,1.3242857142857143,,,0.05034160373965913,0.5313274118320787,False,False,No setup,Neutral,0,Not applicable,No directional setup; confirmation score not applicable.,Narrow CPR,Not applicable,Not applicable,Narrow CPR; Wide CPR rules not applied,0,0,0,0
2026-09-10,2026-09-10,CM,NSE,STK,19223,INE586V01016,TCIEXP,EQ,,,,,TCI EXPRESS LIMITED,537.4,542.45,532.35,535.4,535.0,540.05,,535.39,,,15584,8381156.75,881,F1,1,,,,,,Cash Only,Unclassified,False,536.7333333333335,537.4000000000001,536.0666666666668,537.4000000000001,536.0666666666668,1.3333333333332575,0.2490349894159988,Narrow,Bearish,Below CPR,False,True,0.3333333333333333,60,19539666.075,Lower,True,Risk Off,False,17.971428571428564,551.1669999999999,537.639,0.07419183889771706,0.42893039818747264,False,False,No setup,Neutral,0,Not applicable,No directional setup; confirmation score not applicable.,Narrow CPR,Not applicable,Not applicable,Narrow CPR; Wide CPR rules not applied,0,0,0,0
2026-09-10,2026-09-10,CM,NSE,STK,14853,INE800H01010,OMAXE,EQ,,,,,OMAXE LIMITED,122.85,124.75,121.0,122.42,122.2,121.36,,122.42,,,742271,91106860.53,8721,F1,1,,,,,,Cash Only,Unclassified,False,122.72333333333334,122.875,122.57166666666669,122.875,122.57166666666669,0.30333333333331325,0.24778086369327987,Narrow,Bearish,Below CPR,False,True,0.23333333333333334,60,88078272.065,Inside,True,Risk Off,True,10.582142857142859,99.436,89.35379999999999,0.028664641691976946,1.034385193918938,True,True,No setup,Neutral,0,Not applicable,No directional setup; confirmation score not applicable.,Narrow CPR,Not applicable,Not applicable,Narrow CPR; Wide CPR rules not applied,0,0,0,0
2026-09-10,2026-09-10,CM,NSE,STK,2606,INE970X01018,LEMONTREE,EQ,,,,,LEMON TREE HOTELS LTD,106.17,106.67,105.51,105.7,105.6,106.17,,105.69,,,1099344,116647952.67,13905,F1,1,,,,,,Cash Only,Consumer Services,True,105.96,106.09,105.82999999999998,106.09,105.82999999999998,0.2600000000000193,0.24597918637655564,Narrow,Bearish,Below CPR,False,True,0.43333333333333335,60,309618638.875,Overlapping,True,Risk Off,False,2.095714285714284,110.6754,112.74369999999999,0.12406271301977756,0.3767471916220567,False,False,No setup,Neutral,0,Not applicable,No directional setup; confirmation score not applicable.,Narrow CPR,Not applicable,Not applicable,Narrow CPR; Wide CPR rules not applied,0,0,0,0
2026-09-10,2026-09-10,CM,NSE,STK,762658,INE927X01018,ELCIDIN,EQ,,,,,ELCID INVESTMENTS LTD.,105590.0,107995.0,105590.0,106400.0,106800.0,108000.0,,105939.33,,,14,1492685.0,12,F1,1,,,,,,Cash Only,Unclassified,False,106661.66666666667,106792.5,106530.83333333334,106792.5,106530.83333333334,261.66666666665697,0.24592731829573022,Narrow,Bearish,Below CPR,False,True,0.36666666666666664,60,990835.0,Lower,True,Risk Off,False,2233.9285714285716,110470.4,115079.62150000001,0.11713296029842357,1.5064919991724153,False,False,No setup,Neutral,0,Not applicable,No directional setup; confirmation score not applicable.,Narrow CPR,Not applicable,Not applicable,Narrow CPR; Wide CPR rules not applied,0,0,0,0
2026-09-10,2026-09-10,CM,NSE,STK,759316,INE506V01022,RUBICON,EQ,,,,,RUBICON RESEARCH LIMITED,1816.1,1816.2,1777.0,1790.0,1791.0,1810.5,,1790.02,,,143377,257416684.1,15866,F1,1,,,,,,Cash Only,Unclassified,False,1794.3999999999999,1796.6,1792.1999999999998,1796.6,1792.1999999999998,4.400000000000091,0.24581005586592686,Narrow,Bearish,Below CPR,False,True,0.21666666666666667,60,398645351.05,Lower,True,Risk Off,True,76.5285714285714,1610.9459999999997,1367.454,0.05749486652977534,0.6457285490022272,True,True,No setup,Neutral,0,Not applicable,No directional setup; confirmation score not applicable.,Narrow CPR,Not applicable,Not applicable,Narrow CPR; Wide CPR rules not applied,0,0,0,0
2026-09-10,2026-09-10,CM,NSE,STK,11325,INE304A01026,MUKANDLTD,EQ,,,,,MUKAND LTD.,139.99,146.5,139.69,142.57,141.6,139.69,,142.51,,,329153,47166049.83,5295,F1,1,,,,,,Cash Only,Unclassified,False,142.92,143.095,142.74499999999998,143.095,142.74499999999998,0.35000000000002274,0.24549344181807026,Narrow,Bearish,Below CPR,False,True,0.36666666666666664,60,11624867.629999999,Higher,True,Risk Off,False,3.6471428571428555,138.0264,137.97469999999998,0.09596553074814572,4.057340808619599,True,True,No setup,Neutral,0,Not applicable,No directional setup; confirmation score not applicable.,Narrow CPR,Not applicable,Not applicable,Narrow CPR; Wide CPR rules not applied,0,0,0,0
2026-09-10,2026-09-10,CM,NSE,STK,24966,INE713C01016,SURAJLTD,EQ,,,,,SURAJ LIMITED,200.0,204.79,198.0,200.66,200.0,204.06,,200.66,,,3232,641309.54,38,F1,1,,,,,,Cash Only,Unclassified,False,201.14999999999998,201.39499999999998,200.90499999999997,201.39499999999998,200.90499999999997,0.4900000000000091,0.24419415927439903,Narrow,Bearish,Below CPR,False,True,0.4,60,116550.65,Inside,True,Risk Off,False,8.52857142857143,217.5466,225.6125,0.05745393634840976,5.5024106686663705,False,False,No setup,Neutral,0,Not applicable,No directional setup; confirmation score not applicable.,Narrow CPR,Not applicable,Not applicable,Narrow CPR; Wide CPR rules not applied,0,0,0,0
2026-09-10,2026-09-10,CM,NSE,STK,6156,INE738V01013,ARTNIRMAN,EQ,,,,,ART NIRMAN LIMITED,40.9,40.9,39.13,39.87,40.59,40.52,,39.87,,,568,23009.75,17,F1,1,,,,,,Cash Only,Unclassified,False,39.96666666666667,40.015,39.91833333333334,40.015,39.91833333333334,0.09666666666666401,0.24245464426050667,Narrow,Bearish,Below CPR,False,True,0.15,60,34912.365000000005,Lower,True,Risk Off,True,2.135714285714286,40.4914,40.0238,0.04526198439241792,0.6590716498295087,False,False,No setup,Neutral,0,Not applicable,No directional setup; confirmation score not applicable.,Narrow CPR,Not applicable,Not applicable,Narrow CPR; Wide CPR rules not applied,0,0,0,0
2026-09-10,2026-09-10,CM,NSE,STK,27067,INE050M01012,VSSL,EQ,,,,,VARDHMAN SPC STEEL LTD,365.6,423.85,363.0,392.0,388.0,362.75,,391.97,,,8306199,3368059212.2,154436,F1,1,,,,,,Cash Only,Unclassified,False,392.95,393.425,392.47499999999997,393.425,392.47499999999997,0.9500000000000455,0.24234693877552177,Narrow,Bearish,Below CPR,False,True,0.21666666666666667,60,30302143.55,Higher,True,Risk Off,True,18.424999999999994,325.013,300.5372,0.05156037991859136,111.14920654515875,True,True,No setup,Neutral,0,Not applicable,No directional setup; confirmation score not applicable.,Narrow CPR,Not applicable,Not applicable,Narrow CPR; Wide CPR rules not applied,0,0,0,0
2026-09-10,2026-09-10,CM,NSE,STK,13072,INE489L01022,IIFLCAPS,EQ,,,,,IIFL CAPITAL SERVICES LTD,337.6,340.0,337.05,337.3,337.25,338.05,,337.3,,,337784,114200689.65,7984,F1,1,,,,,,Cash Only,Unclassified,False,338.1166666666666,338.525,337.70833333333326,338.525,337.70833333333326,0.8166666666667197,0.2421187864413637,Narrow,Bearish,Below CPR,False,True,0.7,60,90440232.6,Overlapping,True,Risk Off,False,4.0821428571428475,336.999,337.6429,0.20005832604259147,1.2627199905056417,True,False,No setup,Neutral,0,Not applicable,No directional setup; confirmation score not applicable.,Narrow CPR,Not applicable,Not applicable,Narrow CPR; Wide CPR rules not applied,0,0,0,0
2026-09-10,2026-09-10,CM,NSE,STK,23553,INE206F01022,AIIL,EQ,,,,,AUTHUM INVEST & INFRA LTD,514.7,517.3,511.0,512.3,514.5,513.95,,512.3,,,68818,35367739.2,6389,F1,1,,,,,,Cash Only,Financial Services,True,513.5333333333333,514.15,512.9166666666666,514.15,512.9166666666666,1.2333333333333485,0.24074435552085666,Narrow,Bearish,Below CPR,False,True,0.31666666666666665,60,134248328.525,Lower,True,Risk Off,False,18.432142857142853,542.94,520.243,0.06691209713879823,0.26345012700410453,False,False,No setup,Neutral,0,Not applicable,No directional setup; confirmation score not applicable.,Narrow CPR,Not applicable,Not applicable,Narrow CPR; Wide CPR rules not applied,0,0,0,0
2026-09-10,2026-09-10,CM,NSE,STK,513,INE032A01023,BOMDYEING,EQ,,,,,BOMBAY DYEING & MFG. CO L,112.52,114.18,111.65,112.51,112.0,112.86,,112.52,,,326804,36834626.62,3663,F1,1,,,,,,Cash Only,Unclassified,False,112.78000000000002,112.915,112.64500000000002,112.915,112.64500000000002,0.2699999999999818,0.23997866856277825,Narrow,Bearish,Below CPR,False,True,0.35,60,55466257.815,Lower,True,Risk Off,False,3.6778571428571434,118.8648,122.2081,0.07341231307049417,0.6640907115611943,False,False,No setup,Neutral,0,Not applicable,No directional setup; confirmation score not applicable.,Narrow CPR,Not applicable,Not applicable,Narrow CPR; Wide CPR rules not applied,0,0,0,0
2026-09-10,2026-09-10,CM,NSE,STK,14972,INE455I01029,KSCL,EQ,,,,,KAVERI SEED CO. LTD.,720.0,729.25,712.0,718.05,729.0,722.05,,718.06,,,49514,35752177.85,3648,F1,1,,,,,,Cash Only,Unclassified,False,719.7666666666668,720.625,718.9083333333335,720.625,718.9083333333335,1.7166666666664696,0.23907341642872637,Narrow,Bearish,Below CPR,False,True,0.21666666666666667,60,72266809.275,Lower,True,Risk Off,True,17.799999999999994,801.02,857.7560000000001,0.09644194756553204,0.4947247319852008,False,False,No setup,Neutral,0,Not applicable,No directional setup; confirmation score not applicable.,Narrow CPR,Not applicable,Not applicable,Narrow CPR; Wide CPR rules not applied,0,0,-2,-2
2026-09-10,2026-09-10,CM,NSE,STK,14828,INE100D01014,WSI,EQ,,,,,W.S.INDUSTRIES (I) LTD.,60.47,60.47,57.61,58.83,59.0,59.11,,58.83,,,29567,1742020.62,1066,F1,1,,,,,,Cash Only,Unclassified,False,58.97,59.04,58.9,59.04,58.9,0.14000000000000057,0.2379738228794842,Narrow,Bearish,Below CPR,False,True,0.18333333333333332,60,2951673.92,Lower,True,Risk Off,True,2.426428571428571,61.273,65.3546,0.05769796879599671,0.5901805779413466,False,False,No setup,Neutral,0,Not applicable,No directional setup; confirmation score not applicable.,Narrow CPR,Not applicable,Not applicable,Narrow CPR; Wide CPR rules not applied,0,0,0,0
2026-09-10,2026-09-10,CM,NSE,STK,23066,INE0L9R01028,GOPAL,EQ,,,,,GOPAL SNACKS LIMITED,261.9,263.85,259.0,260.5,259.15,261.85,,260.47,,,86921,22651336.0,3281,F1,1,,,,,,Cash Only,Unclassified,False,261.1166666666667,261.425,260.80833333333334,261.425,260.80833333333334,0.6166666666666742,0.23672424824056593,Narrow,Bearish,Below CPR,False,True,0.31666666666666665,60,32345678.725,Lower,True,Risk Off,False,6.149999999999985,270.507,280.1975,0.10027100271002858,0.7002894016409297,False,False,No setup,Neutral,0,Not applicable,No directional setup; confirmation score not applicable.,Narrow CPR,Not applicable,Not applicable,Narrow CPR; Wide CPR rules not applied,0,0,0,0
2026-09-10,2026-09-10,CM,NSE,STK,11999,INE512B01022,FCSSOFT,EQ,,,,,FCS SOFTWARE SOLN. LTD.,1.42,1.43,1.4,1.41,1.4,1.42,,1.41,,,1067673,1512998.68,945,F1,1,,,,,,Cash Only,Unclassified,False,1.4133333333333333,1.415,1.4116666666666666,1.415,1.4116666666666666,0.0033333333333334103,0.23640661938534824,Narrow,Bearish,Below CPR,False,True,0.15,60,2756469.715,Lower,True,Risk Off,True,0.05642857142857148,1.4828000000000001,1.5548,0.05907172995780722,0.5488900065785777,False,False,No setup,Neutral,0,Not applicable,No directional setup; confirmation score not applicable.,Narrow CPR,Not applicable,Not applicable,Narrow CPR; Wide CPR rules not applied,0,0,0,0
2026-09-10,2026-09-10,CM,NSE,STK,21623,INE346W01013,APEX,EQ,,,,,APEX FROZEN FOODS LIMITED,378.6,378.6,373.45,374.7,375.45,380.55,,374.69,,,50528,18987582.3,2548,F1,1,,,,,,Cash Only,Unclassified,False,375.5833333333333,376.025,375.14166666666665,376.025,375.14166666666665,0.8833333333333258,0.23574415087625455,Narrow,Bearish,Below CPR,False,True,0.18333333333333332,60,42778083.05,Lower,True,Risk Off,True,12.292857142857148,387.51599999999996,414.065,0.07185744722060752,0.44386239275394557,False,False,No setup,Neutral,0,Not applicable,No directional setup; confirmation score not applicable.,Narrow CPR,Not applicable,Not applicable,Narrow CPR; Wide CPR rules not applied,0,0,0,0
2026-09-10,2026-09-10,CM,NSE,STK,637,INE085A01013,CHAMBLFERT,EQ,,,,,CHAMBAL FERTILIZERS LTD,415.5,423.15,415.3,417.75,417.0,415.6,,417.74,,,523104,219255395.95,24357,F1,1,,,,,,Cash Only,Chemicals,True,418.73333333333335,419.225,418.2416666666667,419.225,418.2416666666667,0.9833333333333485,0.2353879912228243,Narrow,Bearish,Below CPR,False,True,0.4,60,185284940.3,Higher,True,Risk Off,False,8.107142857142849,439.991,450.2075,0.12129221732746161,1.1833416984402374,False,False,No setup,Neutral,0,Not applicable,No directional setup; confirmation score not applicable.,Narrow CPR,Not applicable,Not applicable,Narrow CPR; Wide CPR rules not applied,0,0,0,0
2026-09-10,2026-09-10,CM,NSE,STK,3963,INE077F01035,GOCLCORP,EQ,,,,,GOCL CORPORATION LIMITED,432.1,437.55,429.9,432.2,433.0,431.7,,432.19,,,82309,35603926.4,3539,F1,1,,,,,,Cash Only,Unclassified,False,433.2166666666667,433.725,432.70833333333337,433.725,432.70833333333337,1.0166666666666515,0.23523060311583793,Narrow,Bearish,Below CPR,False,True,0.25,60,21314473.525,Overlapping,True,Risk Off,True,13.574999999999998,406.535,385.42549999999994,0.07489257213014008,1.670410782524829,True,True,No setup,Neutral,0,Not applicable,No directional setup; confirmation score not applicable.,Narrow CPR,Not applicable,Not applicable,Narrow CPR; Wide CPR rules not applied,0,0,0,0
2026-09-10,2026-09-10,CM,NSE,STK,14068,INE229C01021,SAGCEM,EQ,,,,,SAGAR CEMENTS LIMITED,151.0,153.74,148.0,150.34,148.56,150.94,,150.46,,,50091,7572647.26,992,F1,1,,,,,,Cash Only,Unclassified,False,150.69333333333336,150.87,150.5166666666667,150.87,150.5166666666667,0.3533333333332962,0.23502283712471478,Narrow,Bearish,Below CPR,False,True,0.35,60,6089827.335,Lower,True,Risk Off,False,5.5028571428571444,170.224,174.77259999999998,0.0642090688819593,1.2434912918594268,False,False,No setup,Neutral,0,Not applicable,No directional setup; confirmation score not applicable.,Narrow CPR,Not applicable,Not applicable,Narrow CPR; Wide CPR rules not applied,0,0,0,0
2026-09-10,2026-09-10,CM,NSE,STK,10637,INE260D01016,OLECTRA,EQ,,,,,OLECTRA GREENTECH LIMITED,1203.0,1218.9,1203.0,1206.7,1208.5,1206.6,,1206.7,,,243403,294415897.0,13857,F1,1,,,,,,Cash Only,Automobile and Auto Components,True,1209.5333333333335,1210.95,1208.116666666667,1210.95,1208.116666666667,2.83333333333303,0.2348001436424157,Narrow,Bearish,Below CPR,False,True,0.31666666666666665,60,388721036.1,Overlapping,True,Risk Off,False,37.73571428571428,1334.65,1320.6945,0.07508360148904492,0.7573963579482237,False,False,No setup,Neutral,0,Not applicable,No directional setup; confirmation score not applicable.,Narrow CPR,Not applicable,Not applicable,Narrow CPR; Wide CPR rules not applied,0,0,0,0
2026-09-10,2026-09-10,CM,NSE,STK,9422,INE625X01026,SILVERTUC,EQ,,,,,SILVER TOUCH TECHNO LTD,161.1,161.1,143.97,152.0,153.5,159.96,,152.03,,,2242513,333867414.85,17293,F1,1,,,,,,Cash Only,Unclassified,False,152.35666666666665,152.535,152.1783333333333,152.535,152.1783333333333,0.35666666666668334,0.23464912280702854,Narrow,Bearish,Below CPR,False,True,0.16666666666666666,60,79706175.25999999,Lower,True,Risk Off,True,9.397142857142857,188.8386,178.08989999999997,0.03795479882436582,4.188727081194537,False,False,No setup,Neutral,0,Not applicable,No directional setup; confirmation score not applicable.,Narrow CPR,Not applicable,Not applicable,Narrow CPR; Wide CPR rules not applied,0,0,0,0
2026-09-10,2026-09-10,CM,NSE,STK,15399,INE276C01014,EIHAHOTELS,EQ,,,,,EIH ASSOCIATED HOTELS LTD,292.1,295.15,290.0,291.55,291.0,293.3,,291.54,,,9363,2733792.75,691,F1,1,,,,,,Cash Only,Unclassified,False,292.23333333333335,292.575,291.8916666666667,292.575,291.8916666666667,0.6833333333332803,0.23437946607212493,Narrow,Bearish,Below CPR,False,True,0.4166666666666667,60,4514484.425,Lower,True,Risk Off,False,8.028571428571423,307.649,312.7285,0.08511269276393177,0.6055603459081599,False,False,No setup,Neutral,0,Not applicable,No directional setup; confirmation score not applicable.,Narrow CPR,Not applicable,Not applicable,Narrow CPR; Wide CPR rules not applied,0,0,-2,-2
2026-09-10,2026-09-10,CM,NSE,STK,3273,INE647A01010,SRF,EQ,,,,,SRF LTD,2517.0,2551.7,2504.0,2519.0,2519.0,2520.0,,2519.0,,,210831,532194794.9,25535,F1,1,,,,,,F&O + Cash,Chemicals,True,2524.9,2527.85,2521.9500000000003,2527.85,2521.9500000000003,5.899999999999636,0.2342199285430582,Narrow,Bearish,Below CPR,False,True,0.55,60,834330585.05,Higher,True,Risk Off,False,41.8071428571429,2657.6459999999997,2666.013,0.14112420980692778,0.6378704130426988,False,False,No setup,Neutral,0,Not applicable,No directional setup; confirmation score not applicable.,Narrow CPR,Not applicable,Not applicable,Narrow CPR; Wide CPR rules not applied,0,0,-2,-2
2026-09-10,2026-09-10,CM,NSE,STK,4184,INE495C01010,SANGAMIND,EQ,,,,,SANGAM (INDIA) LTD,578.0,584.35,573.8,577.05,576.0,581.8,,577.08,,,6591,3809432.15,732,F1,1,,,,,,Cash Only,Unclassified,False,578.4,579.075,577.7249999999999,579.075,577.7249999999999,1.3500000000001364,0.2339485313231326,Narrow,Bearish,Below CPR,False,True,0.23333333333333334,60,13635653.6,Lower,True,Risk Off,True,17.946428571428573,592.436,557.3344999999999,0.07522388059702252,0.2793729044275516,False,True,No setup,Neutral,0,Not applicable,No directional setup; confirmation score not applicable.,Narrow CPR,Not applicable,Not applicable,Narrow CPR; Wide CPR rules not applied,0,0,0,0
2026-09-10,2026-09-10,CM,NSE,STK,24823,INE545L01039,MANCREDIT,EQ,,,,,MANGAL CREDIT N FINCORP L,221.72,222.19,216.5,218.58,216.5,220.19,,218.22,,,155276,34199666.17,2062,F1,1,,,,,,Cash Only,Unclassified,False,219.09,219.345,218.835,219.345,218.835,0.5099999999999909,0.23332418336535404,Narrow,Bearish,Below CPR,False,True,0.2,60,54233085.355000004,Lower,True,Risk Off,True,10.687857142857142,232.01739999999998,212.92239999999998,0.047717703669049476,0.6306052098296667,False,True,No setup,Neutral,0,Not applicable,No directional setup; confirmation score not applicable.,Narrow CPR,Not applicable,Not applicable,Narrow CPR; Wide CPR rules not applied,0,0,0,0
2026-09-10,2026-09-10,CM,NSE,STK,764173,INE640G01020,SBIFUNDS,EQ,,,,,SBI FUNDS MANAGEMENT LTD,551.0,555.8,550.05,551.0,550.5,552.65,,550.99,,,591646,327126620.15,18429,F1,1,,,,,,Cash Only,Unclassified,False,552.2833333333333,552.925,551.6416666666667,552.925,551.6416666666667,1.283333333333303,0.23290986085903867,Narrow,Bearish,Below CPR,False,True,0.4473684210526316,38,1076828109.975,Lower,True,Risk Off,False,11.135714285714291,,,0.11524481505238122,0.30378722204567515,False,False,No setup,Neutral,0,Not applicable,No directional setup; confirmation score not applicable.,Narrow CPR,Not applicable,Not applicable,Narrow CPR; Wide CPR rules not applied,0,0,0,0
2026-09-10,2026-09-10,CM,NSE,STK,275,INE406A01037,AUROPHARMA,EQ,,,,,AUROBINDO PHARMA LTD,1693.4,1693.4,1655.0,1668.4,1668.4,1698.9,,1668.4,,,798368,1332943169.8,23505,F1,1,,,,,,F&O + Cash,Healthcare,True,1672.2666666666667,1674.2,1670.3333333333333,1674.2,1670.3333333333333,3.866666666666788,0.23175897067050996,Narrow,Bearish,Below CPR,False,True,0.26666666666666666,60,1327421972.4,Lower,True,Risk Off,False,39.84285714285719,1607.8120000000001,1537.8759999999997,0.09704792637743809,1.00415933856362,True,True,No setup,Neutral,0,Not applicable,No directional setup; confirmation score not applicable.,Narrow CPR,Not applicable,Not applicable,Narrow CPR; Wide CPR rules not applied,0,0,0,0
2026-09-10,2026-09-10,CM,NSE,STK,3546,INE690A01028,TTKPRESTIG,EQ,,,,,TTK PRESTIGE LTD,545.0,547.55,536.6,540.2,543.35,541.35,,540.2,,,31877,17278771.1,3141,F1,1,,,,,,Cash Only,Unclassified,False,541.45,542.075,540.825,542.075,540.825,1.25,0.2313957793409848,Narrow,Bearish,Below CPR,False,True,0.23333333333333334,60,42654705.175,Lower,True,Risk Off,True,16.35357142857143,617.361,578.4275,0.07643590303559727,0.4050847621407807,False,False,No setup,Neutral,0,Not applicable,No directional setup; confirmation score not applicable.,Narrow CPR,Not applicable,Not applicable,Narrow CPR; Wide CPR rules not applied,0,0,0,0
2026-09-10,2026-09-10,CM,NSE,STK,10791,INE096B01018,NUCLEUS,EQ,,,,,NUCLEUS SOFTWARE EXPORTS,706.0,708.95,698.0,701.05,698.65,706.1,,701.05,,,13973,9816803.3,1334,F1,1,,,,,,Cash Only,Unclassified,False,702.6666666666666,703.475,701.8583333333332,703.475,701.8583333333332,1.616666666666788,0.23060647124553002,Narrow,Bearish,Below CPR,False,True,0.43333333333333335,60,18073799.700000003,Lower,True,Risk Off,False,16.010714285714318,730.682,752.784,0.10097405011525758,0.5431510508551226,False,False,No setup,Neutral,0,Not applicable,No directional setup; confirmation score not applicable.,Narrow CPR,Not applicable,Not applicable,Narrow CPR; Wide CPR rules not applied,0,0,0,0
2026-09-10,2026-09-10,CM,NSE,STK,758551,INE1SY401010,RAYMONDREL,EQ,,,,,RAYMOND REALTY LIMITED,575.65,580.95,567.1,572.05,570.0,580.65,,572.03,,,277667,159219364.0,9286,F1,1,,,,,,Cash Only,Unclassified,False,573.3666666666667,574.0250000000001,572.7083333333333,574.0250000000001,572.7083333333333,1.3166666666668334,0.2301663607493809,Narrow,Bearish,Below CPR,False,True,0.15,60,245469236.725,Lower,True,Risk Off,True,26.407142857142862,625.947,597.0514999999999,0.04986024704716165,0.6486326601421505,False,False,No setup,Neutral,0,Not applicable,No directional setup; confirmation score not applicable.,Narrow CPR,Not applicable,Not applicable,Narrow CPR; Wide CPR rules not applied,0,0,0,0
2026-09-10,2026-09-10,CM,NSE,STK,17520,INE399K01017,RTNPOWER,EQ,,,,,RATTANINDIA POWER LIMITED,7.27,7.35,7.2,7.25,7.27,7.25,,7.25,,,14701929,106901960.57,11645,F1,1,,,,,,Cash Only,Unclassified,False,7.266666666666667,7.275,7.258333333333333,7.275,7.258333333333333,0.016666666666667496,0.2298850574712758,Narrow,Bearish,Below CPR,False,True,0.26666666666666666,60,99867572.47,Overlapping,True,Risk Off,False,0.2564285714285715,8.316799999999999,8.9195,0.06499535747446933,1.0704371591901176,False,False,No setup,Neutral,0,Not applicable,No directional setup; confirmation score not applicable.,Narrow CPR,Not applicable,Not applicable,Narrow CPR; Wide CPR rules not applied,0,0,0,0
2026-09-10,2026-09-10,CM,NSE,STK,12219,INE263M01029,RUSTOMJEE,EQ,,,,,KEYSTONE REALTORS LIMITED,352.35,353.4,350.0,350.5,350.0,352.35,,350.5,,,18773,6595011.85,732,F1,1,,,,,,Cash Only,Unclassified,False,351.3,351.7,350.90000000000003,351.7,350.90000000000003,0.7999999999999545,0.22824536376603555,Narrow,Bearish,Below CPR,False,True,0.31666666666666665,60,10980615.399999999,Lower,True,Risk Off,False,10.253571428571417,391.529,395.74950000000007,0.07802159526297023,0.600604939683071,False,False,No setup,Neutral,0,Not applicable,No directional setup; confirmation score not applicable.,Narrow CPR,Not applicable,Not applicable,Narrow CPR; Wide CPR rules not applied,0,0,0,0
2026-09-10,2026-09-10,CM,NSE,STK,27213,INE0LLY01014,EIEL,EQ,,,,,ENVIRO INFRA ENGINEERS L,211.03,215.74,209.0,211.65,211.9,206.06,,211.65,,,5829468,1237951920.77,54611,F1,1,,,,,,Cash Only,Unclassified,False,212.13,212.37,211.89,212.37,211.89,0.4800000000000182,0.2267895109851255,Narrow,Bearish,Below CPR,False,True,0.25,60,258102027.29000002,Higher,True,Risk Off,True,6.572142857142852,212.8314,207.81740000000002,0.07303553961526203,4.796366513537895,False,True,No setup,Neutral,0,Not applicable,No directional setup; confirmation score not applicable.,Narrow CPR,Not applicable,Not applicable,Narrow CPR; Wide CPR rules not applied,0,0,0,0
2026-09-10,2026-09-10,CM,NSE,STK,2711,INE283A01014,PRECOT,EQ,,,,,PRECOT LIMITED,656.05,690.0,656.05,670.75,671.0,660.15,,670.75,,,2297,1545274.75,194,F1,1,,,,,,Cash Only,Unclassified,False,672.2666666666667,673.025,671.5083333333333,673.025,671.5083333333333,1.5166666666666515,0.22611504534724583,Narrow,Bearish,Below CPR,False,True,0.23333333333333334,60,3824681.8,Overlapping,True,Risk Off,True,32.18214285714287,762.715,687.538,0.04712758480375788,0.4040270095148831,False,False,No setup,Neutral,0,Not applicable,No directional setup; confirmation score not applicable.,Narrow CPR,Not applicable,Not applicable,Narrow CPR; Wide CPR rules not applied,0,0,0,0
2026-09-10,2026-09-10,CM,NSE,STK,21334,INE980O01024,JYOTICNC,EQ,,,,,JYOTI CNC AUTOMATION LTD,1002.0,1018.0,996.6,1003.9,1003.5,1009.05,,1003.9,,,356066,357885006.6,25321,F1,1,,,,,,Cash Only,Capital Goods,True,1006.1666666666666,1007.3,1005.0333333333333,1007.3,1005.0333333333333,2.2666666666666515,0.22578610087325945,Narrow,Bearish,Below CPR,False,True,0.16666666666666666,60,755093437.875,Lower,True,Risk Off,True,40.107142857142854,873.947,790.365,0.056515286435143586,0.4739612194315549,True,True,No setup,Neutral,0,Not applicable,No directional setup; confirmation score not applicable.,Narrow CPR,Not applicable,Not applicable,Narrow CPR; Wide CPR rules not applied,0,0,0,0
2026-09-10,2026-09-10,CM,NSE,STK,445,INE618L01018,5PAISA,EQ,,,,,5PAISA CAPITAL LIMITED,333.75,338.95,328.3,332.5,332.0,334.3,,332.51,,,28304,9416684.2,1765,F1,1,,,,,,Cash Only,Unclassified,False,333.25,333.625,332.875,333.625,332.875,0.75,0.2255639097744361,Narrow,Bearish,Below CPR,False,True,0.21666666666666667,60,18915796.35,Overlapping,True,Risk Off,True,12.328571428571422,367.819,347.7907,0.06083429895712634,0.49782118742254267,False,False,No setup,Neutral,0,Not applicable,No directional setup; confirmation score not applicable.,Narrow CPR,Not applicable,Not applicable,Narrow CPR; Wide CPR rules not applied,0,0,0,0
2026-09-10,2026-09-10,CM,NSE,STK,474,INE470A01017,3MINDIA,EQ,,,,,3M INDIA LIMITED,32750.0,33330.0,32490.0,32800.0,32835.0,33025.0,,32796.59,,,1403,46165640.0,900,F1,1,,,,,,Cash Only,Diversified,True,32873.333333333336,32910.0,32836.66666666667,32910.0,32836.66666666667,73.33333333332848,0.22357723577234295,Narrow,Bearish,Below CPR,False,True,0.48333333333333334,60,101204015.0,Lower,True,Risk Off,False,644.6428571428571,34755.5,33626.6,0.11375807940904142,0.4561641156232784,False,False,No setup,Neutral,0,Not applicable,No directional setup; confirmation score not applicable.,Narrow CPR,Not applicable,Not applicable,Narrow CPR; Wide CPR rules not applied,0,0,0,0
2026-09-10,2026-09-10,CM,NSE,STK,13587,INE731H01025,ACE,EQ,,,,,ACTION CONST EQUIP LTD,1132.0,1137.5,1112.4,1121.2,1116.3,1127.0,,1121.17,,,182048,204835982.2,17101,F1,1,,,,,,Cash Only,Capital Goods,True,1123.7,1124.95,1122.45,1124.95,1122.45,2.5,0.22297538351765964,Narrow,Bearish,Below CPR,False,True,0.21666666666666667,60,313235351.54999995,Lower,True,Risk Off,True,38.74285714285715,1077.5,997.865,0.06452802359882005,0.6539363490946941,True,True,No setup,Neutral,0,Not applicable,No directional setup; confirmation score not applicable.,Narrow CPR,Not applicable,Not applicable,Narrow CPR; Wide CPR rules not applied,0,0,0,0
2026-09-10,2026-09-10,CM,NSE,STK,756843,INE14LE01019,ABLBL,EQ,,,,,ADITYA BIRLA LIFES BRAN L,84.2,85.05,83.51,84.0,84.15,84.26,,84.0,,,410335,34541879.3,5271,F1,1,,,,,,Cash Only,Consumer Services,True,84.18666666666667,84.28,84.09333333333333,84.28,84.09333333333333,0.18666666666666742,0.22222222222222313,Narrow,Bearish,Below CPR,False,True,0.23333333333333334,60,55899077.05,Lower,True,Risk Off,True,2.009285714285714,91.10719999999999,96.4884,0.09290200260694434,0.6179329091445169,False,False,No setup,Neutral,0,Not applicable,No directional setup; confirmation score not applicable.,Narrow CPR,Not applicable,Not applicable,Narrow CPR; Wide CPR rules not applied,0,0,0,0
2026-09-10,2026-09-10,CM,NSE,STK,18371,INE756C01015,NDGL,EQ,,,,,NAGA DHUNSERI GROUP LTD,2730.7,2750.0,2700.1,2716.0,2710.0,2727.6,,2716.0,,,255,692595.3,42,F1,1,,,,,,Cash Only,Unclassified,False,2722.0333333333333,2725.05,2719.0166666666664,2725.05,2719.0166666666664,6.033333333333758,0.22214040255278933,Narrow,Bearish,Below CPR,False,True,0.21666666666666667,60,397385.7,Lower,True,Risk Off,True,121.51428571428573,2763.526,2690.618,0.04965122658515906,1.7428792732098815,False,True,No setup,Neutral,0,Not applicable,No directional setup; confirmation score not applicable.,Narrow CPR,Not applicable,Not applicable,Narrow CPR; Wide CPR rules not applied,0,0,0,0
2026-09-10,2026-09-10,CM,NSE,STK,762782,INE435D01014,MCCHRLS-B,EQ,,,,,MAC CHARLES (INDIA) LTD.,683.5,683.5,679.0,679.0,679.0,683.5,,679.5,,,5086,3458503.05,51,F1,1,,,,,,Cash Only,Unclassified,False,680.5,681.25,679.75,681.25,679.75,1.5,0.22091310751104565,Narrow,Bearish,Below CPR,False,True,0.2,60,97586.2,Inside,True,Risk Off,True,33.65357142857145,688.59,687.5075,0.044571792422795256,35.440493123003044,False,False,No setup,Neutral,0,Not applicable,No directional setup; confirmation score not applicable.,Narrow CPR,Not applicable,Not applicable,Narrow CPR; Wide CPR rules not applied,0,0,0,0
2026-09-10,2026-09-10,CM,NSE,STK,25786,INE879E01037,KANANIIND,EQ,,,,,KANANI INDUSTRIES LTD,1.53,1.53,1.5,1.51,1.52,1.5,,1.51,,,113593,172134.66,167,F1,1,,,,,,Cash Only,Unclassified,False,1.5133333333333334,1.5150000000000001,1.5116666666666667,1.5150000000000001,1.5116666666666667,0.0033333333333334103,0.22075055187638482,Narrow,Bearish,Below CPR,False,True,0.3,60,164691.27500000002,Inside,True,Risk Off,False,0.06428571428571435,1.5072,1.5447,0.051851851851852995,1.0451959886763884,True,False,No setup,Neutral,0,Not applicable,No directional setup; confirmation score not applicable.,Narrow CPR,Not applicable,Not applicable,Narrow CPR; Wide CPR rules not applied,0,0,0,0
2026-09-10,2026-09-10,CM,NSE,STK,11798,INE835G01018,ALLDIGI,EQ,,,,,ALLDIGI TECH LIMITED,806.8,810.7,800.0,802.7,800.0,802.7,,802.54,,,3897,3132780.85,363,F1,1,,,,,,Cash Only,Unclassified,False,804.4666666666667,805.35,803.5833333333334,805.35,803.5833333333334,1.7666666666666515,0.22009052780199967,Narrow,Bearish,Below CPR,False,True,0.4166666666666667,60,5180698.625,Overlapping,True,Risk Off,False,16.946428571428573,817.315,819.2230000000001,0.10425008781173074,0.6047023918516395,False,False,No setup,Neutral,0,Not applicable,No directional setup; confirmation score not applicable.,Narrow CPR,Not applicable,Not applicable,Narrow CPR; Wide CPR rules not applied,0,0,0,0
2026-09-10,2026-09-10,CM,NSE,STK,31163,INE743M01012,RHIM,EQ,,,,,RHI MAGNESITA INDIA LTD,377.6,383.9,376.0,378.7,378.7,376.9,,378.7,,,234053,88959903.4,16400,F1,1,,,,,,Cash Only,Capital Goods,True,379.5333333333333,379.95,379.1166666666666,379.95,379.1166666666666,0.8333333333333712,0.22005105184403784,Narrow,Bearish,Below CPR,False,True,0.25,60,125663164.94999999,Higher,True,Risk Off,True,8.485714285714279,390.399,390.465,0.09820426487093609,0.7079234669554614,False,False,No setup,Neutral,0,Not applicable,No directional setup; confirmation score not applicable.,Narrow CPR,Not applicable,Not applicable,Narrow CPR; Wide CPR rules not applied,0,0,0,0
2026-09-10,2026-09-10,CM,NSE,STK,5748,INE136B01020,CYIENT,EQ,,,,,CYIENT LIMITED,1075.1,1089.9,1070.0,1076.4,1076.7,1075.1,,1076.42,,,187031,201878239.1,14905,F1,1,,,,,,Cash Only,Information Technology,True,1078.7666666666667,1079.95,1077.5833333333333,1079.95,1077.5833333333333,2.366666666666788,0.21986869812957893,Narrow,Bearish,Below CPR,False,True,0.3333333333333333,60,291945853.675,Higher,True,Risk Off,False,52.73214285714287,919.0740000000001,904.55,0.04488091206682699,0.6914920577181236,True,True,No setup,Neutral,0,Not applicable,No directional setup; confirmation score not applicable.,Narrow CPR,Not applicable,Not applicable,Narrow CPR; Wide CPR rules not applied,0,0,0,0
2026-09-10,2026-09-10,CM,NSE,STK,11536,INE467B01029,TCS,EQ,,,,,TATA CONSULTANCY SERV LT,2199.0,2232.0,2190.6,2204.1,2204.1,2208.0,,2204.66,,,2490912,5493146435.5,79204,F1,1,,,,,,F&O + Cash,Information Technology,True,2208.9,2211.3,2206.5,2211.3,2206.5,4.800000000000182,0.21777596297809457,Narrow,Bearish,Below CPR,False,True,0.2,60,7343439124.55,Overlapping,True,Risk Off,True,55.950000000000045,2286.2039999999997,2281.57,0.08579088471850184,0.748034584658808,False,False,No setup,Neutral,0,Not applicable,No directional setup; confirmation score not applicable.,Narrow CPR,Not applicable,Not applicable,Narrow CPR; Wide CPR rules not applied,0,0,0,0
2026-09-10,2026-09-10,CM,NSE,STK,764955,INE284B01028,TGVSL,EQ,,,,,T G V SRAAC LTD.,106.52,110.0,105.6,107.45,106.99,106.92,,107.46,,,158109,17018898.01,2054,F1,1,,,,,,Cash Only,Unclassified,False,107.68333333333334,107.8,107.56666666666668,107.8,107.56666666666668,0.23333333333332007,0.21715526601518853,Narrow,Bearish,Below CPR,False,True,0.21052631578947367,19,11386317.79,Inside,False,Risk Off,False,3.5250000000000017,,,0.06619385342789219,1.4946796957438515,False,False,No setup,Neutral,0,Not applicable,No directional setup; confirmation score not applicable.,Narrow CPR,Not applicable,Not applicable,Narrow CPR; Wide CPR rules not applied,0,0,0,0
2026-09-10,2026-09-10,CM,NSE,STK,17486,INE201K01015,EXPLEOSOL,EQ,,,,,EXPLEO SOLUTIONS LIMITED,877.6,898.0,875.35,883.8,880.0,877.6,,883.62,,,17439,15425077.65,1883,F1,1,,,,,,Cash Only,Unclassified,False,885.7166666666666,886.675,884.7583333333332,886.675,884.7583333333332,1.9166666666667425,0.21686656106208899,Narrow,Bearish,Below CPR,False,True,0.23333333333333334,60,21423904.15,Higher,True,Risk Off,True,28.221428571428564,844.873,845.586,0.06791529570573121,0.719993776204418,True,True,No setup,Neutral,0,Not applicable,No directional setup; confirmation score not applicable.,Narrow CPR,Not applicable,Not applicable,Narrow CPR; Wide CPR rules not applied,0,0,0,0
2026-09-10,2026-09-10,CM,NSE,STK,422,INE465A01025,BHARATFORG,EQ,,,,,BHARAT FORGE LTD,1974.6,1981.0,1941.5,1954.9,1954.9,1979.6,,1954.9,,,403296,790710220.2,21992,F1,1,,,,,,F&O + Cash,Automobile and Auto Components,True,1959.1333333333332,1961.25,1957.0166666666664,1961.25,1957.0166666666664,4.233333333333576,0.21654986614832344,Narrow,Bearish,Below CPR,False,True,0.31666666666666665,60,1748814485.1,Lower,True,Risk Off,False,49.89999999999998,2104.946,2033.265,0.08483633934536228,0.45214070842670656,False,False,No setup,Neutral,0,Not applicable,No directional setup; confirmation score not applicable.,Narrow CPR,Not applicable,Not applicable,Narrow CPR; Wide CPR rules not applied,0,0,0,0
2026-09-10,2026-09-10,CM,NSE,STK,29224,INE013P01021,ONESOURCE,EQ,,,,,ONESOURCE SPECL PHARMA L,1526.0,1567.8,1526.0,1541.9,1548.1,1530.1,,1542.0,,,247132,383266091.5,17910,F1,1,,,,,,Cash Only,Healthcare,True,1545.2333333333336,1546.9,1543.566666666667,1546.9,1543.566666666667,3.33333333333303,0.21618349655185354,Narrow,Bearish,Below CPR,False,True,0.26666666666666666,60,296995359.25,Inside,True,Risk Off,False,51.90000000000001,1593.84,1664.945,0.06422607578676356,1.2904783848066137,False,False,No setup,Neutral,0,Not applicable,No directional setup; confirmation score not applicable.,Narrow CPR,Not applicable,Not applicable,Narrow CPR; Wide CPR rules not applied,0,0,0,0
2026-09-10,2026-09-10,CM,NSE,STK,13,INE117A01022,ABB,EQ,,,,,ABB INDIA LIMITED,7400.0,7418.5,7287.0,7329.0,7329.0,7401.5,,7329.0,,,93304,684902370.5,16900,F1,1,,,,,,F&O + Cash,Capital Goods,True,7344.833333333333,7352.75,7336.916666666666,7352.75,7336.916666666666,15.83333333333394,0.21603674898804667,Narrow,Bearish,Below CPR,False,True,0.2833333333333333,60,1614046412.75,Lower,True,Risk Off,False,160.89285714285714,7404.64,7194.265,0.09840917499075479,0.4243387086577446,False,True,No setup,Neutral,0,Not applicable,No directional setup; confirmation score not applicable.,Narrow CPR,Not applicable,Not applicable,Narrow CPR; Wide CPR rules not applied,0,0,0,0
2026-09-10,2026-09-10,CM,NSE,STK,11432,INE798K01010,KRITINUT,EQ,,,,,KRITI NUTRIENTS LIMITED,81.8,83.49,81.0,81.98,82.0,82.05,,82.09,,,12535,1022284.19,115,F1,1,,,,,,Cash Only,Unclassified,False,82.15666666666668,82.245,82.06833333333336,82.245,82.06833333333336,0.1766666666666481,0.21549971537771173,Narrow,Bearish,Below CPR,False,True,0.15,60,1497398.06,Overlapping,True,Risk Off,True,4.317142857142856,80.0582,74.7838,0.040922126626953576,0.6827070351620463,True,True,No setup,Neutral,0,Not applicable,No directional setup; confirmation score not applicable.,Narrow CPR,Not applicable,Not applicable,Narrow CPR; Wide CPR rules not applied,0,-2,0,-2
2026-09-10,2026-09-10,CM,NSE,STK,13637,INE780C01023,JMFINANCIL,EQ,,,,,JM FINANCIAL LIMITED,126.9,128.8,126.5,127.24,127.1,126.73,,127.25,,,1485582,189321555.7,14045,F1,1,,,,,,Cash Only,Financial Services,True,127.51333333333334,127.65,127.37666666666667,127.65,127.37666666666667,0.27333333333334053,0.21481714345594197,Narrow,Bearish,Below CPR,False,True,0.26666666666666666,60,272626248.65,Higher,True,Risk Off,False,3.905000000000001,126.89900000000002,128.6113,0.06999573196756478,0.6944362717731288,True,False,No setup,Neutral,0,Not applicable,No directional setup; confirmation score not applicable.,Narrow CPR,Not applicable,Not applicable,Narrow CPR; Wide CPR rules not applied,0,0,0,0
2026-09-10,2026-09-10,CM,NSE,STK,21195,INE869I01013,GTPL,EQ,,,,,GTPL HATHWAY LIMITED,58.75,61.59,58.29,59.75,59.88,58.29,,59.75,,,99581,5937633.3,1606,F1,1,,,,,,Cash Only,Unclassified,False,59.876666666666665,59.94,59.81333333333333,59.94,59.81333333333333,0.12666666666666515,0.2119944211994396,Narrow,Bearish,Below CPR,False,True,0.21666666666666667,60,2486400.105,Higher,True,Risk Off,True,2.1592857142857147,58.3934,61.9559,0.0586613739111251,2.3880441800415704,True,False,No setup,Neutral,0,Not applicable,No directional setup; confirmation score not applicable.,Narrow CPR,Not applicable,Not applicable,Narrow CPR; Wide CPR rules not applied,0,0,0,0
2026-09-10,2026-09-10,CM,NSE,STK,4041,INE785A01026,JAYAGROGN,EQ,,,,,JAYANT AGRO ORGANICS LTD,259.0,265.0,253.0,258.18,253.0,256.9,,258.09,,,75360,19629595.13,1922,F1,1,,,,,,Cash Only,Unclassified,False,258.7266666666667,259.0,258.4533333333334,259.0,258.4533333333334,0.5466666666666242,0.2117385803186243,Narrow,Bearish,Below CPR,False,True,0.11666666666666667,60,2201602.1,Higher,True,Risk Off,True,12.062142857142856,223.94580000000002,218.93959999999998,0.045320858253880145,8.916050329893853,True,True,No setup,Neutral,0,Not applicable,No directional setup; confirmation score not applicable.,Narrow CPR,Not applicable,Not applicable,Narrow CPR; Wide CPR rules not applied,0,0,0,0
2026-09-10,2026-09-10,CM,NSE,STK,762849,INE001E01012,PREMCO,EQ,,,,,PREMCO GLOBAL LTD.,389.95,390.0,385.05,386.3,385.05,386.05,,386.37,,,742,287484.65,31,F1,1,,,,,,Cash Only,Unclassified,False,387.1166666666666,387.525,386.70833333333326,387.525,386.70833333333326,0.8166666666667197,0.211407369056878,Narrow,Bearish,Below CPR,False,True,0.26666666666666666,60,185932.72499999998,Lower,True,Risk Off,False,10.892857142857139,377.45300000000003,386.039,0.07497267759563331,1.5461756396029804,True,True,No setup,Neutral,0,Not applicable,No directional setup; confirmation score not applicable.,Narrow CPR,Not applicable,Not applicable,Narrow CPR; Wide CPR rules not applied,0,0,0,0
2026-09-10,2026-09-10,CM,NSE,STK,765451,INE16W401027,AUGMONT,EQ,,,,,AUGMONT ENTERPRISES LTD,910.2,950.0,890.8,917.5,917.0,895.3,,917.53,,,2403694,2230036349.8,79799,F1,1,,,,,,Cash Only,Unclassified,False,919.4333333333334,920.4,918.4666666666668,920.4,918.4666666666668,1.9333333333331666,0.21071752951860126,Narrow,Bearish,Below CPR,False,True,0.1111111111111111,9,2230036349.8,Higher,False,Risk Off,False,,,,,1.0,False,False,No setup,Neutral,0,Not applicable,No directional setup; confirmation score not applicable.,Narrow CPR,Not applicable,Not applicable,Narrow CPR; Wide CPR rules not applied,0,0,0,0
2026-09-10,2026-09-10,CM,NSE,STK,25222,INE0UOS01011,SANOFICONR,EQ,,,,,SANOFI CONS HEALTHC IND L,4046.7,4180.0,4025.0,4089.6,4180.0,4049.5,,4097.17,,,4993,20252383.8,2304,F1,1,,,,,,Cash Only,Unclassified,False,4098.2,4102.5,4093.8999999999996,4102.5,4093.8999999999996,8.600000000000364,0.21028951486698855,Narrow,Bearish,Below CPR,False,True,0.43333333333333335,60,16529568.25,Higher,True,Risk Off,False,105.7499999999999,4424.818,4560.699,0.08132387706856144,1.2252215843568692,False,False,No setup,Neutral,0,Not applicable,No directional setup; confirmation score not applicable.,Narrow CPR,Not applicable,Not applicable,Narrow CPR; Wide CPR rules not applied,0,0,0,0
2026-09-10,2026-09-10,CM,NSE,STK,14702,INE123B01028,NAGREEKEXP,EQ,,,,,NAGREEKA EXPORTS LTD.,22.31,22.89,21.91,22.33,22.25,22.42,,22.33,,,9698,217301.06,113,F1,1,,,,,,Cash Only,Unclassified,False,22.376666666666665,22.4,22.35333333333333,22.4,22.35333333333333,0.046666666666666856,0.20898641588296846,Narrow,Bearish,Below CPR,False,True,0.2,60,253495.41,Overlapping,True,Risk Off,True,1.2542857142857144,22.995800000000003,25.0495,0.03720577069096446,0.8572189137468011,False,False,No setup,Neutral,0,Not applicable,No directional setup; confirmation score not applicable.,Narrow CPR,Not applicable,Not applicable,Narrow CPR; Wide CPR rules not applied,0,0,0,0
2026-09-10,2026-09-10,CM,NSE,STK,14771,INE924H01018,TARMAT,EQ,,,,,TARMAT LIMITED,60.99,62.4,59.3,60.66,60.35,59.71,,60.64,,,27556,1680515.57,900,F1,1,,,,,,Cash Only,Unclassified,False,60.78666666666666,60.849999999999994,60.72333333333333,60.849999999999994,60.72333333333333,0.12666666666666515,0.20881415540169002,Narrow,Bearish,Below CPR,False,True,0.11666666666666667,60,942481.02,Inside,True,Risk Off,True,4.87357142857143,53.649800000000006,53.6857,0.025990522253163003,1.7830763000405037,True,True,No setup,Neutral,0,Not applicable,No directional setup; confirmation score not applicable.,Narrow CPR,Not applicable,Not applicable,Narrow CPR; Wide CPR rules not applied,0,0,0,0
2026-09-10,2026-09-10,CM,NSE,STK,14618,INE995D01025,CHEMBOND,EQ,,,,,CHEMBOND MATERIALTECH LTD,220.86,232.8,220.25,225.82,225.81,220.36,,225.79,,,47695,10798907.91,1582,F1,1,,,,,,Cash Only,Unclassified,False,226.29,226.525,226.05499999999998,226.525,226.05499999999998,0.4700000000000273,0.20813036932071,Narrow,Bearish,Below CPR,False,True,0.03333333333333333,60,1190721.46,Higher,True,Risk Off,True,13.713571428571429,160.5492,153.9395,0.03427261836554186,9.069214146858494,True,True,No setup,Neutral,0,Not applicable,No directional setup; confirmation score not applicable.,Narrow CPR,Not applicable,Not applicable,Narrow CPR; Wide CPR rules not applied,0,0,0,0
2026-09-10,2026-09-10,CM,NSE,STK,762792,INE689O01013,MERCANTILE,EQ,,,,,MERCANTILE VENTURES LTD.,24.12,24.94,23.27,24.03,23.99,24.12,,24.14,,,8086,194289.86,152,F1,1,,,,,,Cash Only,Unclassified,False,24.080000000000002,24.105,24.055000000000003,24.105,24.055000000000003,0.04999999999999716,0.20807324178109513,Narrow,Bearish,Below CPR,False,True,0.13333333333333333,60,68925.95,Lower,True,Risk Off,True,2.654285714285714,24.624200000000002,24.8768,0.018837459634014002,2.818820197617878,False,False,No setup,Neutral,0,Not applicable,No directional setup; confirmation score not applicable.,Narrow CPR,Not applicable,Not applicable,Narrow CPR; Wide CPR rules not applied,0,0,0,0
2026-09-10,2026-09-10,CM,NSE,STK,25855,INE692Z01013,AFFORDABLE,EQ,,,,,AFFORD ROBO & AUTO LTD,161.94,165.19,160.5,162.34,162.5,161.71,,162.36,,,29015,4735687.49,906,F1,1,,,,,,Cash Only,Unclassified,False,162.67666666666665,162.845,162.5083333333333,162.845,162.5083333333333,0.33666666666670153,0.20738368034169125,Narrow,Bearish,Below CPR,False,True,0.15,60,6659773.345000001,Higher,True,Risk Off,True,10.763571428571428,168.74200000000002,182.9786,0.031278341849716784,0.7110883876484237,False,False,No setup,Neutral,0,Not applicable,No directional setup; confirmation score not applicable.,Narrow CPR,Not applicable,Not applicable,Narrow CPR; Wide CPR rules not applied,0,0,0,0
2026-09-10,2026-09-10,CM,NSE,STK,15355,INE020B01018,RECLTD,EQ,,,,,REC LIMITED,313.9,316.9,312.65,313.8,313.8,314.5,,313.86,,,3526950,1109225947.45,31741,F1,1,,,,,,F&O + Cash,Financial Services,True,314.45,314.775,314.125,314.775,314.125,0.6499999999999773,0.20713830465263774,Narrow,Bearish,Below CPR,False,True,0.31666666666666665,60,1656782336.025,Lower,True,Risk Off,False,6.807142857142854,344.85900000000004,348.85400000000004,0.09548793284364833,0.6695061405056303,False,False,No setup,Neutral,0,Not applicable,No directional setup; confirmation score not applicable.,Narrow CPR,Not applicable,Not applicable,Narrow CPR; Wide CPR rules not applied,0,0,0,0
2026-09-10,2026-09-10,CM,NSE,STK,31181,INE745G01043,MCX,EQ,,,,,MULTI COMMODITY EXCHANGE,3311.9,3335.5,3285.0,3300.0,3300.0,3350.0,,3299.99,,,1308638,4327153796.2,88395,F1,1,,,,,,F&O + Cash,Financial Services,True,3306.8333333333335,3310.25,3303.416666666667,3310.25,3303.416666666667,6.83333333333303,0.20707070707069786,Narrow,Bearish,Below CPR,False,True,0.21666666666666667,60,6875272865.05,Lower,True,Risk Off,True,99.30714285714284,2945.796,2964.439,0.06881008894962413,0.6293792088161043,True,True,No setup,Neutral,0,Not applicable,No directional setup; confirmation score not applicable.,Narrow CPR,Not applicable,Not applicable,Narrow CPR; Wide CPR rules not applied,0,0,0,0
2026-09-10,2026-09-10,CM,NSE,STK,14766,INE945H01021,V2RETAIL,EQ,,,,,V2 RETAIL LIMITED,219.0,220.5,217.11,218.13,217.5,219.67,,218.2,,,528322,115593875.42,13031,F1,1,,,,,,Cash Only,Unclassified,False,218.58,218.805,218.35500000000002,218.805,218.35500000000002,0.44999999999998863,0.20629899601154753,Narrow,Bearish,Below CPR,False,True,0.2833333333333333,60,200502347.095,Overlapping,True,Risk Off,False,5.442857142857138,221.0156,223.08900000000003,0.0826771653543287,0.5765213080784061,False,False,No setup,Neutral,0,Not applicable,No directional setup; confirmation score not applicable.,Narrow CPR,Not applicable,Not applicable,Narrow CPR; Wide CPR rules not applied,0,0,0,0
2026-09-10,2026-09-10,CM,NSE,STK,17357,INE528A01020,GKWLIMITED,EQ,,,,,GKW LIMITED,1570.4,1572.2,1550.0,1556.3,1572.2,1588.8,,1556.3,,,114,177387.3,22,F1,1,,,,,,Cash Only,Unclassified,False,1559.5,1561.1,1557.9,1561.1,1557.9,3.199999999999818,0.20561588382701396,Narrow,Bearish,Below CPR,False,True,0.2833333333333333,60,556682.15,Lower,True,Risk Off,False,52.77857142857147,1640.504,1680.9980000000003,0.060630667208008415,0.318650957283254,False,False,No setup,Neutral,0,Not applicable,No directional setup; confirmation score not applicable.,Narrow CPR,Not applicable,Not applicable,Narrow CPR; Wide CPR rules not applied,0,0,0,0
2026-09-10,2026-09-10,CM,NSE,STK,3088,INE896L01010,INDOSTAR,EQ,,,,,INDOSTAR CAPITAL FIN LTD,247.7,250.0,245.3,246.89,246.5,247.49,,246.91,,,90897,22541629.48,2411,F1,1,,,,,,Cash Only,Unclassified,False,247.39666666666668,247.65,247.14333333333335,247.65,247.14333333333335,0.5066666666666606,0.20521959847165158,Narrow,Bearish,Below CPR,False,True,0.2,60,25455582.525,Lower,True,Risk Off,True,8.87,255.53979999999999,240.3364,0.05712138293874416,0.8855279370590637,False,True,No setup,Neutral,0,Not applicable,No directional setup; confirmation score not applicable.,Narrow CPR,Not applicable,Not applicable,Narrow CPR; Wide CPR rules not applied,0,0,0,0
2026-09-10,2026-09-10,CM,NSE,STK,5385,INE216P01012,AAVAS,EQ,,,,,AAVAS FINANCIERS LIMITED,1287.0,1302.9,1277.2,1286.1,1284.9,1290.3,,1286.18,,,69794,90063515.6,11715,F1,1,,,,,,Cash Only,Financial Services,True,1288.7333333333333,1290.0500000000002,1287.4166666666665,1290.0500000000002,1287.4166666666665,2.633333333333667,0.20475338879820132,Narrow,Bearish,Below CPR,False,True,0.31666666666666665,60,102613382.0,Lower,True,Risk Off,False,37.6642857142857,1389.7940000000003,1392.157,0.06991592388900314,0.8776975658009205,False,False,No setup,Neutral,0,Not applicable,No directional setup; confirmation score not applicable.,Narrow CPR,Not applicable,Not applicable,Narrow CPR; Wide CPR rules not applied,0,0,0,0
2026-09-10,2026-09-10,CM,NSE,STK,2168,INE00KV01022,RAJMET,EQ,,,,,RAJNANDINI METAL LIMITED,3.33,3.33,3.21,3.26,3.28,3.29,,3.26,,,251800,825915.27,734,F1,1,,,,,,Cash Only,Unclassified,False,3.266666666666667,3.27,3.263333333333334,3.27,3.263333333333334,0.0066666666666659324,0.20449897750509,Narrow,Bearish,Below CPR,False,True,0.16666666666666666,60,789069.005,Lower,True,Risk Off,True,0.20357142857142857,3.3396,3.5248000000000004,0.0327485380116923,1.0466958716747465,False,False,No setup,Neutral,0,Not applicable,No directional setup; confirmation score not applicable.,Narrow CPR,Not applicable,Not applicable,Narrow CPR; Wide CPR rules not applied,0,0,0,0
2026-09-10,2026-09-10,CM,NSE,STK,759152,INE0SJA01013,VMSTMT,EQ,,,,,VMS TMT LIMITED,44.03,44.45,44.0,44.09,44.0,44.11,,44.09,,,9836,433906.21,140,F1,1,,,,,,Cash Only,Unclassified,False,44.18000000000001,44.225,44.13500000000001,44.225,44.13500000000001,0.0899999999999892,0.20412792016327783,Narrow,Bearish,Below CPR,False,True,0.3,60,3804782.065,Overlapping,True,Risk Off,False,1.2728571428571418,45.34259999999999,46.252399999999994,0.07070707070706228,0.11404232951776176,False,False,No setup,Neutral,0,Not applicable,No directional setup; confirmation score not applicable.,Narrow CPR,Not applicable,Not applicable,Narrow CPR; Wide CPR rules not applied,0,0,0,0
2026-09-10,2026-09-10,CM,NSE,STK,526,INE029A01011,BPCL,EQ,,,,,BHARAT PETROLEUM CORP  LT,302.95,306.1,301.75,303.0,303.0,303.55,,303.0,,,3231631,980628171.2,40174,F1,1,,,,,,F&O + Cash,Oil Gas & Consumable Fuels,True,303.6166666666667,303.925,303.30833333333334,303.925,303.30833333333334,0.6166666666666742,0.20352035203520602,Narrow,Bearish,Below CPR,False,True,0.36666666666666664,60,1711787988.025,Higher,True,Risk Off,False,7.492857142857149,314.678,308.1315,0.08230060374960374,0.5728677722125004,False,False,No setup,Neutral,0,Not applicable,No directional setup; confirmation score not applicable.,Narrow CPR,Not applicable,Not applicable,Narrow CPR; Wide CPR rules not applied,0,0,0,0
2026-09-10,2026-09-10,CM,NSE,STK,13517,INE548C01032,EMAMILTD,EQ,,,,,EMAMI LIMITED,370.45,374.85,369.1,370.85,370.0,369.1,,370.86,,,3326974,1239321318.9,45414,F1,1,,,,,,Cash Only,Fast Moving Consumer Goods,True,371.6000000000001,371.975,371.22500000000014,371.975,371.22500000000014,0.7499999999998863,0.20223810165832176,Narrow,Bearish,Below CPR,False,True,0.2833333333333333,60,302559763.20000005,Higher,True,Risk Off,False,11.871428571428567,399.796,409.732,0.06317689530684965,4.09612073261961,False,False,No setup,Neutral,0,Not applicable,No directional setup; confirmation score not applicable.,Narrow CPR,Not applicable,Not applicable,Narrow CPR; Wide CPR rules not applied,0,0,0,0
2026-09-10,2026-09-10,CM,NSE,STK,764915,INE167H01014,SIMPLXREA,EQ,,,,,SIMPLEX REALTY LTD.,138.0,138.8,127.0,132.5,127.0,132.23,,132.5,,,414,57095.09,12,F1,1,,,,,,Cash Only,Unclassified,False,132.76666666666668,132.9,132.63333333333335,132.9,132.63333333333335,0.2666666666666515,0.20125786163520867,Narrow,Bearish,Below CPR,False,True,0.47058823529411764,17,1254.88,Lower,False,Risk Off,False,7.28428571428571,,,0.03660848532391766,45.498446066556156,False,False,No setup,Neutral,0,Not applicable,No directional setup; confirmation score not applicable.,Narrow CPR,Not applicable,Not applicable,Narrow CPR; Wide CPR rules not applied,0,0,0,0
2026-09-10,2026-09-10,CM,NSE,STK,12124,INE966A01022,DOLATALGO,EQ,,,,,DOLAT ALGOTECH LIMITED,69.6,70.95,69.01,69.77,70.11,69.38,,69.75,,,80374,5633228.7,1037,F1,1,,,,,,Cash Only,Unclassified,False,69.91000000000001,69.98,69.84000000000002,69.98,69.84000000000002,0.13999999999998636,0.20065930915864463,Narrow,Bearish,Below CPR,False,True,0.21666666666666667,60,7501970.21,Overlapping,True,Risk Off,True,2.230714285714286,70.775,73.3442,0.06276016650655808,0.7508999026003864,False,False,No setup,Neutral,0,Not applicable,No directional setup; confirmation score not applicable.,Narrow CPR,Not applicable,Not applicable,Narrow CPR; Wide CPR rules not applied,0,0,0,0
2026-09-10,2026-09-10,CM,NSE,STK,758675,INE886D01026,EFCIL,EQ,,,,,EFC (I) LIMITED,189.0,190.74,186.45,188.04,189.1,189.52,,188.04,,,109913,20689762.2,2159,F1,1,,,,,,Cash Only,Unclassified,False,188.41,188.595,188.225,188.595,188.225,0.37000000000000455,0.19676664539459932,Narrow,Bearish,Below CPR,False,True,0.16666666666666666,60,55011901.71,Inside,True,Risk Off,True,8.135,192.3684,190.145,0.045482483097726435,0.3760961093304476,False,False,No setup,Neutral,0,Not applicable,No directional setup; confirmation score not applicable.,Narrow CPR,Not applicable,Not applicable,Narrow CPR; Wide CPR rules not applied,0,0,0,0
2026-09-10,2026-09-10,CM,NSE,STK,18154,INE982F01036,HATHWAY,EQ,,,,,HATHWAY CABLE & DATACOM,10.15,10.3,10.1,10.17,10.18,10.22,,10.17,,,976509,9960835.47,1942,F1,1,,,,,,Cash Only,Unclassified,False,10.19,10.2,10.18,10.2,10.18,0.019999999999999574,0.19665683382497123,Narrow,Bearish,Below CPR,False,True,0.31666666666666665,60,14456362.465,Lower,True,Risk Off,False,0.22357142857142862,10.750599999999999,10.841800000000001,0.08945686900958275,0.6890277892599866,False,False,No setup,Neutral,0,Not applicable,No directional setup; confirmation score not applicable.,Narrow CPR,Not applicable,Not applicable,Narrow CPR; Wide CPR rules not applied,0,0,-2,-2
2026-09-10,2026-09-10,CM,NSE,STK,762909,INE997I01012,SHRIKRISH,EQ,,,,,SHRI KRISHNA DEVCON LTD.,37.99,38.0,37.0,37.39,37.4,36.15,,37.39,,,159,6025.59,28,F1,1,,,,,,Cash Only,Unclassified,False,37.46333333333333,37.5,37.42666666666666,37.5,37.42666666666666,0.07333333333333769,0.19613087278239552,Narrow,Bearish,Below CPR,False,True,0.15,60,31222.934999999998,Inside,True,Risk Off,True,2.730714285714286,40.1524,,0.026855000435959394,0.1929860213333564,False,False,No setup,Neutral,0,Not applicable,No directional setup; confirmation score not applicable.,Narrow CPR,Not applicable,Not applicable,Narrow CPR; Wide CPR rules not applied,0,0,0,0
2026-09-10,2026-09-10,CM,NSE,STK,1205,INE533A01012,GOODYEAR,EQ,,,,,GOODYEAR INDIA LIMITED,730.0,733.65,720.0,724.7,725.05,729.35,,724.71,,,3645,2650320.4,402,F1,1,,,,,,Cash Only,Unclassified,False,726.1166666666668,726.825,725.4083333333335,726.825,725.4083333333335,1.416666666666515,0.19548318844577273,Narrow,Bearish,Below CPR,False,True,0.38333333333333336,60,5754390.425,Overlapping,True,Risk Off,False,16.23928571428573,785.625,771.4075,0.08723700608458848,0.46057361497156324,False,False,No setup,Neutral,0,Not applicable,No directional setup; confirmation score not applicable.,Narrow CPR,Not applicable,Not applicable,Narrow CPR; Wide CPR rules not applied,0,0,0,0
2026-09-10,2026-09-10,CM,NSE,STK,495,INE233B01017,BLUEDART,EQ,,,,,BLUE DART EXPRESS LTD,4910.0,4925.8,4868.0,4882.6,4870.0,4928.4,,4882.77,,,5407,26450459.0,1859,F1,1,,,,,,Cash Only,Services,True,4892.133333333333,4896.9,4887.366666666667,4896.9,4887.366666666667,9.533333333332848,0.19525116399731388,Narrow,Bearish,Below CPR,False,True,0.36666666666666664,60,33576128.45,Lower,True,Risk Off,False,90.31428571428562,5016.862,5026.553,0.10555731308657072,0.787775727013577,False,False,No setup,Neutral,0,Not applicable,No directional setup; confirmation score not applicable.,Narrow CPR,Not applicable,Not applicable,Narrow CPR; Wide CPR rules not applied,0,0,0,0
2026-09-10,2026-09-10,CM,NSE,STK,17397,INE863B01029,PREMEXPLN,EQ,,,,,PREMIER EXPLOSIVES LTD,667.5,672.0,666.0,667.05,667.3,666.6,,667.04,,,239866,160055331.1,2225,F1,1,,,,,,Cash Only,Unclassified,False,668.35,669.0,667.7,669.0,667.7,1.2999999999999545,0.19488793943481816,Narrow,Bearish,Below CPR,False,True,0.31666666666666665,60,234900540.625,Overlapping,True,Risk Off,False,10.964285714285722,670.0070000000001,655.045,0.11856677524429544,0.6813748945580997,False,True,No setup,Neutral,0,Not applicable,No directional setup; confirmation score not applicable.,Narrow CPR,Not applicable,Not applicable,Narrow CPR; Wide CPR rules not applied,0,0,0,0
2026-09-10,2026-09-10,CM,NSE,STK,17963,INE239A01024,NESTLEIND,EQ,,,,,NESTLE INDIA LIMITED,1396.8,1402.8,1377.7,1386.2,1386.2,1393.0,,1386.32,,,568997,788925179.1,32888,F1,1,,,,,,F&O + Cash,Fast Moving Consumer Goods,True,1388.8999999999999,1390.25,1387.5499999999997,1390.25,1387.5499999999997,2.700000000000273,0.19477708844324576,Narrow,Bearish,Below CPR,False,True,0.35,60,2544437523.05,Lower,True,Risk Off,False,29.278571428571436,1464.816,1443.8029999999999,0.09221761405221715,0.31005877407212606,False,False,No setup,Neutral,0,Not applicable,No directional setup; confirmation score not applicable.,Narrow CPR,Not applicable,Not applicable,Narrow CPR; Wide CPR rules not applied,0,0,0,0
2026-09-10,2026-09-10,CM,NSE,STK,5926,INE306R01017,INTELLECT,EQ,,,,,INTELLECT DESIGN ARENA,685.9,693.6,680.5,685.05,687.95,684.9,,685.05,,,188883,129532811.45,10565,F1,1,,,,,,Cash Only,Information Technology,True,686.3833333333332,687.05,685.7166666666665,687.05,685.7166666666665,1.333333333333485,0.1946329951585264,Narrow,Bearish,Below CPR,False,True,0.25,60,233271646.25,Overlapping,True,Risk Off,True,16.760714285714307,719.3610000000001,725.6210000000001,0.07955110448186134,0.5552874236210351,False,False,No setup,Neutral,0,Not applicable,No directional setup; confirmation score not applicable.,Narrow CPR,Not applicable,Not applicable,Narrow CPR; Wide CPR rules not applied,0,0,0,0
2026-09-10,2026-09-10,CM,NSE,STK,2951,INE902B01017,S&SPOWER,EQ,,,,,S&S POWER SWITCHGEARS LTD,331.3,355.9,331.3,342.6,337.4,342.05,,342.53,,,3172,1105952.85,281,F1,1,,,,,,Cash Only,Unclassified,False,343.2666666666667,343.6,342.9333333333334,343.6,342.9333333333334,0.6666666666666288,0.19459038723485952,Narrow,Bearish,Below CPR,False,True,0.1,60,982368.9750000001,Overlapping,True,Risk Off,True,22.178571428571423,330.728,313.04650000000004,0.030059044551796473,1.1258018912903882,True,True,No setup,Neutral,0,Not applicable,No directional setup; confirmation score not applicable.,Narrow CPR,Not applicable,Not applicable,Narrow CPR; Wide CPR rules not applied,0,-2,0,-2
2026-09-10,2026-09-10,CM,NSE,STK,13620,INE242C01024,ANANTRAJ,EQ,,,,,ANANT RAJ LIMITED,610.05,615.95,605.3,608.85,610.0,613.6,,608.85,,,1181722,719446776.1,27960,F1,1,,,,,,Cash Only,Realty,True,610.0333333333333,610.625,609.4416666666666,610.625,609.4416666666666,1.183333333333394,0.19435547890833438,Narrow,Bearish,Below CPR,False,True,0.23333333333333334,60,948889641.275,Lower,True,Risk Off,True,19.14642857142856,604.628,562.271,0.06180438972828772,0.7581985773743898,True,True,No setup,Neutral,0,Not applicable,No directional setup; confirmation score not applicable.,Narrow CPR,Not applicable,Not applicable,Narrow CPR; Wide CPR rules not applied,0,0,0,0
2026-09-10,2026-09-10,CM,NSE,STK,14418,INE006I01046,ASTRAL,EQ,,,,,ASTRAL LIMITED,1468.2,1474.8,1451.7,1459.0,1459.0,1474.8,,1459.01,,,914375,1334645394.3,28858,F1,1,,,,,,F&O + Cash,Capital Goods,True,1461.8333333333333,1463.25,1460.4166666666665,1463.25,1460.4166666666665,2.833333333333485,0.19419693854239103,Narrow,Bearish,Below CPR,False,True,0.26666666666666666,60,779874108.45,Lower,True,Risk Off,False,30.49285714285715,1456.4319999999998,1491.4589999999998,0.09291793550402619,1.7113600513711218,True,False,No setup,Neutral,0,Not applicable,No directional setup; confirmation score not applicable.,Narrow CPR,Not applicable,Not applicable,Narrow CPR; Wide CPR rules not applied,0,0,0,0
2026-09-10,2026-09-10,CM,NSE,STK,13725,INE503A01015,DCBBANK,EQ,,,,,DCB BANK LIMITED,227.95,229.79,225.79,227.13,226.99,228.1,,227.13,,,925685,210071091.01,17543,F1,1,,,,,,Cash Only,Unclassified,False,227.57000000000002,227.79,227.35000000000005,227.79,227.35000000000005,0.4399999999999409,0.19372165720069603,Narrow,Bearish,Below CPR,False,True,0.21666666666666667,60,193040251.215,Lower,True,Risk Off,True,7.837142857142857,197.0886,190.0052,0.0561429092234704,1.0882242935750832,True,True,No setup,Neutral,0,Not applicable,No directional setup; confirmation score not applicable.,Narrow CPR,Not applicable,Not applicable,Narrow CPR; Wide CPR rules not applied,0,0,0,0
2026-09-10,2026-09-10,CM,NSE,STK,20372,INE00Y201027,FLAIR,EQ,,,,,FLAIR WRITING INDUST LTD,241.9,241.9,236.56,238.54,237.0,238.56,,238.55,,,98152,23561739.03,1288,F1,1,,,,,,Cash Only,Unclassified,False,239.0,239.23000000000002,238.76999999999998,239.23000000000002,238.76999999999998,0.4600000000000364,0.19283977529975535,Narrow,Bearish,Below CPR,False,True,0.3333333333333333,60,24359419.75,Overlapping,True,Risk Off,False,5.750714285714287,252.22639999999998,276.6802,0.07999006334617448,0.9672537060329609,False,False,No setup,Neutral,0,Not applicable,No directional setup; confirmation score not applicable.,Narrow CPR,Not applicable,Not applicable,Narrow CPR; Wide CPR rules not applied,0,0,0,0
2026-09-10,2026-09-10,CM,NSE,STK,764793,INE653C01022,NICCOPAR,EQ,,,,,NICCO PARKS & RESORTS LTD,80.5,81.5,79.0,80.02,80.5,80.27,,80.02,,,662,52925.7,8,F1,1,,,,,,Cash Only,Unclassified,False,80.17333333333333,80.25,80.09666666666666,80.25,80.09666666666666,0.15333333333333599,0.19161876197617594,Narrow,Bearish,Below CPR,False,True,0.05555555555555555,18,160634.96,Higher,False,Risk Off,False,6.288571428571429,,,0.024382856277450064,0.32947809119509225,False,False,No setup,Neutral,0,Not applicable,No directional setup; confirmation score not applicable.,Narrow CPR,Not applicable,Not applicable,Narrow CPR; Wide CPR rules not applied,0,0,0,0
2026-09-10,2026-09-10,CM,NSE,STK,23512,INE555Z01020,TARACHAND,EQ,,,,,TARA CHAND INFRA SOLN LTD,47.95,47.95,46.8,47.24,47.6,47.05,,47.24,,,59324,2799055.19,1543,F1,1,,,,,,Cash Only,Unclassified,False,47.330000000000005,47.375,47.28500000000001,47.375,47.28500000000001,0.0899999999999892,0.19051651143096782,Narrow,Bearish,Below CPR,False,True,0.18333333333333332,60,3494577.035,Inside,True,Risk Off,True,1.6078571428571442,51.9018,55.3808,0.055975122167918605,0.8009710937735844,False,False,No setup,Neutral,0,Not applicable,No directional setup; confirmation score not applicable.,Narrow CPR,Not applicable,Not applicable,Narrow CPR; Wide CPR rules not applied,0,0,0,0
2026-09-10,2026-09-10,CM,NSE,STK,25060,INE06HJ01020,ECOSMOBLTY,EQ,,,,,ECOS (INDIA) MOB & HOSP L,111.97,112.99,111.1,111.73,111.85,111.44,,111.74,,,36273,4054671.63,900,F1,1,,,,,,Cash Only,Unclassified,False,111.94,112.04499999999999,111.83500000000001,112.04499999999999,111.83500000000001,0.20999999999997954,0.18795310122615191,Narrow,Bearish,Below CPR,False,True,0.16666666666666666,60,31909752.125,Higher,True,Risk Off,True,9.631428571428572,131.1932,146.3254,0.02180361910412128,0.1270668482198371,False,False,No setup,Neutral,0,Not applicable,No directional setup; confirmation score not applicable.,Narrow CPR,Not applicable,Not applicable,Narrow CPR; Wide CPR rules not applied,0,0,-2,-2
2026-09-10,2026-09-10,CM,NSE,STK,25892,INE0OPA01027,DBEIL,EQ,,,,,DEEPAK BUILDERS & ENG I L,7.05,7.24,7.02,7.11,7.15,7.21,,7.11,,,148523,1055076.84,462,F1,1,,,,,,Cash Only,Unclassified,False,7.123333333333334,7.13,7.116666666666668,7.13,7.116666666666668,0.013333333333331865,0.18752930145333144,Narrow,Bearish,Below CPR,False,True,0.13333333333333333,60,4776700.095,Lower,True,Risk Off,True,8.757857142857143,69.5738,78.7251,0.0015224424326453479,0.2208798582737902,False,False,No setup,Neutral,0,Not applicable,No directional setup; confirmation score not applicable.,Narrow CPR,Not applicable,Not applicable,Narrow CPR; Wide CPR rules not applied,0,0,0,0
2026-09-10,2026-09-10,CM,NSE,STK,19097,INE203Y01012,CRESTO,EQ,,,,,CRESTO TECHNO LIMITED,16.0,16.61,15.5,16.01,16.37,16.0,,16.01,,,59749,966616.15,119,F1,1,,,,,,Cash Only,Unclassified,False,16.040000000000003,16.055,16.025000000000006,16.055,16.025000000000006,0.02999999999999403,0.1873828856964024,Narrow,Bearish,Below CPR,False,True,1.0,1,966616.15,Unknown,False,Risk Off,False,,,,,1.0,False,False,No setup,Neutral,0,Not applicable,No directional setup; confirmation score not applicable.,Narrow CPR,Not applicable,Not applicable,Narrow CPR; Wide CPR rules not applied,0,0,0,0
2026-09-10,2026-09-10,CM,NSE,STK,30134,INE0I0M01023,PRABHA,EQ,,,,,PRABHA ENERGY LIMITED,250.0,252.1,244.43,247.58,247.99,246.58,,247.57,,,118160,29271175.66,3005,F1,1,,,,,,Cash Only,Unclassified,False,248.03666666666666,248.265,247.80833333333334,248.265,247.80833333333334,0.45666666666664923,0.18445216361040845,Narrow,Bearish,Below CPR,False,True,0.16666666666666666,60,6539207.835,Lower,True,Risk Off,True,14.637857142857143,174.97220000000002,167.72850000000003,0.03119764472421358,4.47625712449924,True,True,No setup,Neutral,0,Not applicable,No directional setup; confirmation score not applicable.,Narrow CPR,Not applicable,Not applicable,Narrow CPR; Wide CPR rules not applied,0,0,0,0
2026-09-10,2026-09-10,CM,NSE,STK,11343,INE00WC01027,AFFLE,EQ,,,,,AFFLE 3I LIMITED,1581.4,1617.0,1579.8,1594.0,1596.0,1587.3,,1593.98,,,141274,225905439.3,16269,F1,1,,,,,,Cash Only,Information Technology,True,1596.9333333333334,1598.4,1595.4666666666667,1598.4,1595.4666666666667,2.933333333333394,0.18402342116269724,Narrow,Bearish,Below CPR,False,True,0.23333333333333334,60,285036995.15,Higher,True,Risk Off,True,52.50714285714287,1593.126,1529.26,0.05586541513626379,0.7925477855290954,True,True,No setup,Neutral,0,Not applicable,No directional setup; confirmation score not applicable.,Narrow CPR,Not applicable,Not applicable,Narrow CPR; Wide CPR rules not applied,0,0,0,0
2026-09-10,2026-09-10,CM,NSE,STK,18553,INE682M01020,JLHL,EQ,,,,,JUPITER LIFE LINE HOSP L,282.0,284.55,279.0,281.0,279.0,282.0,,280.95,,,23187,6543878.55,2411,F1,1,,,,,,Cash Only,Unclassified,False,281.51666666666665,281.775,281.2583333333333,281.775,281.2583333333333,0.5166666666666515,0.18386714116250943,Narrow,Bearish,Below CPR,False,True,0.3,60,38389337.35,Lower,True,Risk Off,False,10.271428571428572,667.5980000000001,991.401,0.05030134445989653,0.17046083630823597,False,False,No setup,Neutral,0,Not applicable,No directional setup; confirmation score not applicable.,Narrow CPR,Not applicable,Not applicable,Narrow CPR; Wide CPR rules not applied,0,0,0,0
2026-09-10,2026-09-10,CM,NSE,STK,2277,INE883A01011,MRF,EQ,,,,,MRF LTD,128400.0,129245.0,128000.0,128270.0,128390.0,128315.0,,128265.48,,,2102,269992950.0,1709,F1,1,,,,,,Cash Only,Automobile and Auto Components,True,128505.0,128622.5,128387.5,128622.5,128387.5,235.0,0.18320729710766354,Narrow,Bearish,Below CPR,False,True,0.43333333333333335,60,583072947.5,Higher,True,Risk Off,False,2168.9285714285716,132597.1,130427.7,0.10834842746583237,0.46305175219949646,False,False,No setup,Neutral,0,Not applicable,No directional setup; confirmation score not applicable.,Narrow CPR,Not applicable,Not applicable,Narrow CPR; Wide CPR rules not applied,0,0,0,0
2026-09-10,2026-09-10,CM,NSE,STK,20547,INF251K01SU9,BBNPPGOLD,EQ,,,,,BARODABNP - BBNPPGOLD,147.4,150.35,146.05,147.8,147.55,147.4,,147.8,,,777,115005.75,58,F1,1,,,,,,Cash Only,Unclassified,False,148.06666666666666,148.2,147.93333333333334,148.2,147.93333333333334,0.2666666666666515,0.1804239963915098,Narrow,Bearish,Below CPR,False,True,0.4,60,616739.5,Higher,True,Risk Off,False,3.528571428571429,143.436,144.54,0.07557354925775549,0.18647378674464665,True,True,No setup,Neutral,0,Not applicable,No directional setup; confirmation score not applicable.,Narrow CPR,Not applicable,Not applicable,Narrow CPR; Wide CPR rules not applied,0,0,0,0
2026-09-10,2026-09-10,CM,NSE,STK,21401,INF277KA1976,TATAGOLD,EQ,,,,,TATAAML-TATAGOLD,14.88,14.92,14.82,14.83,14.84,14.79,,14.83,,,42926312,638287171.9,65667,F1,1,,,,,,Cash Only,Unclassified,False,14.856666666666667,14.870000000000001,14.843333333333334,14.870000000000001,14.843333333333334,0.026666666666667282,0.17981568891886232,Narrow,Bearish,Below CPR,False,True,0.36666666666666664,60,657588637.885,Higher,True,Risk Off,False,0.3492857142857142,14.4004,14.501600000000002,0.07634628493524377,0.9706481151391556,True,True,No setup,Neutral,0,Not applicable,No directional setup; confirmation score not applicable.,Narrow CPR,Not applicable,Not applicable,Narrow CPR; Wide CPR rules not applied,0,0,0,0
2026-09-10,2026-09-10,CM,NSE,STK,11915,INE528G01035,YESBANK,EQ,,,,,YES BANK LIMITED,22.4,22.48,22.24,22.3,22.3,22.42,,22.3,,,47990386,1072422918.3,54449,F1,1,,,,,,F&O + Cash,Financial Services,True,22.34,22.36,22.32,22.36,22.32,0.03999999999999915,0.1793721973094132,Narrow,Bearish,Below CPR,False,True,0.35,60,1270477825.2350001,Lower,True,Risk Off,False,0.3814285714285707,22.936999999999998,22.761299999999995,0.10486891385767587,0.8441099065240545,False,False,No setup,Neutral,0,Not applicable,No directional setup; confirmation score not applicable.,Narrow CPR,Not applicable,Not applicable,Narrow CPR; Wide CPR rules not applied,0,0,0,0
2026-09-10,2026-09-10,CM,NSE,STK,305,INE118A01012,BAJAJHLDNG,EQ,,,,,BAJAJ HOLDINGS & INVS LTD,11078.0,11078.0,10965.0,10992.0,10992.0,11078.0,,10991.8,,,18035,198483976.0,4284,F1,1,,,,,,F&O + Cash,Financial Services,True,11011.666666666666,11021.5,11001.833333333332,11021.5,11001.833333333332,19.66666666666788,0.17891800097041374,Narrow,Bearish,Below CPR,False,True,0.31666666666666665,60,503107843.0,Lower,True,Risk Off,False,261.7857142857143,11056.76,10727.995,0.07512505684402464,0.39451576587725745,False,True,No setup,Neutral,0,Not applicable,No directional setup; confirmation score not applicable.,Narrow CPR,Not applicable,Not applicable,Narrow CPR; Wide CPR rules not applied,0,0,0,0
2026-09-10,2026-09-10,CM,NSE,STK,10447,INE854D01024,UNITDSPR,EQ,,,,,UNITED SPIRITS LIMITED,1405.2,1416.1,1391.4,1400.0,1400.0,1405.2,,1400.0,,,432902,608317587.3,20278,F1,1,,,,,,F&O + Cash,Fast Moving Consumer Goods,True,1402.5,1403.75,1401.25,1403.75,1401.25,2.5,0.17857142857142858,Narrow,Bearish,Below CPR,False,True,0.21666666666666667,60,916587547.15,Lower,True,Risk Off,True,30.514285714285716,1473.09,1390.615,0.08192883895131085,0.6636764695216272,False,True,No setup,Neutral,0,Not applicable,No directional setup; confirmation score not applicable.,Narrow CPR,Not applicable,Not applicable,Narrow CPR; Wide CPR rules not applied,0,0,0,0
2026-09-10,2026-09-10,CM,NSE,STK,20374,INE522F01014,COALINDIA,EQ,,,,,COAL INDIA LTD,433.0,436.3,430.0,432.0,432.0,431.0,,432.07,,,8811171,3816947709.65,55604,F1,1,,,,,,F&O + Cash,Oil Gas & Consumable Fuels,True,432.76666666666665,433.15,432.3833333333333,433.15,432.3833333333333,0.7666666666666515,0.17746913580246562,Narrow,Bearish,Below CPR,False,True,0.36666666666666664,60,2342973367.625,Higher,True,Risk Off,False,8.771428571428572,417.635,437.65549999999996,0.08740499457111661,1.6291041812050653,True,False,No setup,Neutral,0,Not applicable,No directional setup; confirmation score not applicable.,Narrow CPR,Not applicable,Not applicable,Narrow CPR; Wide CPR rules not applied,0,0,0,0
2026-09-10,2026-09-10,CM,NSE,STK,24226,INE01A001028,STANLEY,EQ,,,,,STANLEY LIFESTYLES LTD,139.31,139.45,136.14,137.43,136.14,138.41,,137.43,,,89312,12291235.86,1550,F1,1,,,,,,Cash Only,Unclassified,False,137.67333333333332,137.795,137.55166666666665,137.795,137.55166666666665,0.2433333333333394,0.17705983652284027,Narrow,Bearish,Below CPR,False,True,0.26666666666666666,60,14992781.485,Lower,True,Risk Off,False,3.4178571428571445,147.097,149.5315,0.07119470567746604,0.8198102448366338,False,False,No setup,Neutral,0,Not applicable,No directional setup; confirmation score not applicable.,Narrow CPR,Not applicable,Not applicable,Narrow CPR; Wide CPR rules not applied,0,-2,0,-2
2026-09-10,2026-09-10,CM,NSE,STK,3103,INE070A01015,SHREECEM,EQ,,,,,SHREE CEMENT LIMITED,22910.0,22990.0,22700.0,22785.0,22785.0,22950.0,,22784.91,,,9990,227700635.0,5443,F1,1,,,,,,F&O + Cash,Construction Materials,True,22825.0,22845.0,22805.0,22845.0,22805.0,40.0,0.17555409260478386,Narrow,Bearish,Below CPR,False,True,0.2833333333333333,60,419587185.0,Lower,True,Risk Off,False,526.4285714285714,25483.4,25207.9,0.07598371777476255,0.5426777631447443,False,False,No setup,Neutral,0,Not applicable,No directional setup; confirmation score not applicable.,Narrow CPR,Not applicable,Not applicable,Narrow CPR; Wide CPR rules not applied,0,0,0,0
2026-09-10,2026-09-10,CM,NSE,STK,11471,INE369A01029,EXCELINDUS,EQ,,,,,EXCEL INDUSTRIES LTD,989.4,1001.0,989.4,992.6,996.5,989.4,,992.93,,,4803,4775406.8,565,F1,1,,,,,,Cash Only,Unclassified,False,994.3333333333334,995.2,993.4666666666667,995.2,993.4666666666667,1.7333333333333485,0.1746255624958038,Narrow,Bearish,Below CPR,False,True,0.3333333333333333,60,5920764.6,Higher,True,Risk Off,False,29.025000000000016,990.421,967.6525,0.05971863336204471,0.8065523834539884,True,True,No setup,Neutral,0,Not applicable,No directional setup; confirmation score not applicable.,Narrow CPR,Not applicable,Not applicable,Narrow CPR; Wide CPR rules not applied,0,0,0,0
2026-09-10,2026-09-10,CM,NSE,STK,13528,INE776C01039,GMRAIRPORT,EQ,,,,,GMR AIRPORTS LIMITED,98.61,98.61,96.82,97.46,97.46,98.65,,97.46,,,9680394,944844110.52,31187,F1,1,,,,,,F&O + Cash,Services,True,97.63,97.715,97.54499999999999,97.715,97.54499999999999,0.17000000000001592,0.17443053560436686,Narrow,Bearish,Below CPR,False,True,0.18333333333333332,60,1170911810.4850001,Inside,True,Risk Off,True,2.307142857142859,104.73479999999999,102.8404,0.07368421052632262,0.8069302077742633,False,False,No setup,Neutral,0,Not applicable,No directional setup; confirmation score not applicable.,Narrow CPR,Not applicable,Not applicable,Narrow CPR; Wide CPR rules not applied,0,0,0,0
2026-09-10,2026-09-10,CM,NSE,STK,11403,INE511C01022,POONAWALLA,EQ,,,,,POONAWALLA FINCORP LTD,447.45,455.65,445.5,449.4,448.95,448.6,,449.39,,,502977,226122547.85,16990,F1,1,,,,,,Cash Only,Financial Services,True,450.18333333333334,450.575,449.7916666666667,450.575,449.7916666666667,0.783333333333303,0.17430648271769095,Narrow,Bearish,Below CPR,False,True,0.23333333333333334,60,496869669.375,Higher,True,Risk Off,True,11.724999999999994,473.966,444.165,0.06680881307746724,0.45509428686688386,False,True,No setup,Neutral,0,Not applicable,No directional setup; confirmation score not applicable.,Narrow CPR,Not applicable,Not applicable,Narrow CPR; Wide CPR rules not applied,0,0,0,0
2026-09-10,2026-09-10,CM,NSE,STK,23489,INE343G01021,BHARTIHEXA,EQ,,,,,BHARTI HEXACOM LIMITED,1553.2,1553.2,1533.2,1539.2,1537.3,1544.8,,1539.2,,,87669,135124285.2,10227,F1,1,,,,,,Cash Only,Telecommunication,True,1541.8666666666668,1543.2,1540.5333333333335,1543.2,1540.5333333333335,2.666666666666515,0.1732501732501634,Narrow,Bearish,Below CPR,False,True,0.16666666666666666,60,211722799.7,Lower,True,Risk Off,True,37.01428571428572,1573.8480000000002,1539.1809999999998,0.07204425575710383,0.6382131985382016,False,True,No setup,Neutral,0,Not applicable,No directional setup; confirmation score not applicable.,Narrow CPR,Not applicable,Not applicable,Narrow CPR; Wide CPR rules not applied,0,0,0,0
2026-09-10,2026-09-10,CM,NSE,STK,19913,INE192R01011,DMART,EQ,,,,,AVENUE SUPERMARTS LIMITED,3725.1,3735.0,3664.0,3690.0,3690.0,3735.0,,3689.92,,,265194,976157160.8,22186,F1,1,,,,,,F&O + Cash,Consumer Services,True,3696.3333333333335,3699.5,3693.166666666667,3699.5,3693.166666666667,6.33333333333303,0.17163504968382196,Narrow,Bearish,Below CPR,False,True,0.31666666666666665,60,1602427621.4499998,Lower,True,Risk Off,False,79.51428571428573,3935.5039999999995,4107.344,0.07965025751586634,0.6091739481604154,False,False,No setup,Neutral,0,Not applicable,No directional setup; confirmation score not applicable.,Narrow CPR,Not applicable,Not applicable,Narrow CPR; Wide CPR rules not applied,0,0,0,0
2026-09-10,2026-09-10,CM,NSE,STK,14150,INE0EEJ01023,BTML,EQ,,,,,BODHI TREE MULTIMEDIA LTD,7.8,8.04,7.58,7.79,7.7,7.87,,7.79,,,178696,1389954.34,294,F1,1,,,,,,Cash Only,Unclassified,False,7.803333333333334,7.81,7.796666666666668,7.81,7.796666666666668,0.013333333333331865,0.1711596063328866,Narrow,Bearish,Below CPR,False,True,0.11666666666666667,60,1790208.645,Lower,True,Risk Off,True,0.5478571428571428,7.385,6.887399999999999,0.02433724467622505,0.7764203037909025,True,True,No setup,Neutral,0,Not applicable,No directional setup; confirmation score not applicable.,Narrow CPR,Not applicable,Not applicable,Narrow CPR; Wide CPR rules not applied,0,0,0,0
2026-09-10,2026-09-10,CM,NSE,STK,4745,INE084A01016,BANKINDIA,EQ,,,,,BANK OF INDIA,141.3,142.72,140.0,141.0,141.0,141.06,,141.11,,,5321538,751902618.93,19512,F1,1,,,,,,F&O + Cash,Financial Services,True,141.24,141.36,141.12,141.36,141.12,0.2400000000000091,0.17021276595745327,Narrow,Bearish,Below CPR,False,True,0.35,60,1004841962.6600001,Overlapping,True,Risk Off,False,2.9671428571428566,142.34959999999998,142.741,0.0808858931150729,0.7482794776400226,False,False,No setup,Neutral,0,Not applicable,No directional setup; confirmation score not applicable.,Narrow CPR,Not applicable,Not applicable,Narrow CPR; Wide CPR rules not applied,0,0,0,0
2026-09-10,2026-09-10,CM,NSE,STK,3757,INE398A01010,VENKEYS,EQ,,,,,VENKY S (INDIA) LIMITED,1690.0,1740.0,1682.1,1706.7,1704.0,1694.7,,1706.67,,,83868,143617071.8,8210,F1,1,,,,,,Cash Only,Unclassified,False,1709.6000000000001,1711.05,1708.1500000000003,1711.05,1708.1500000000003,2.899999999999636,0.16991855627817637,Narrow,Bearish,Below CPR,False,True,0.18333333333333332,60,56074689.85,Higher,True,Risk Off,True,61.42857142857146,1543.918,1521.386,0.04720930232557545,2.5611746080839004,True,True,No setup,Neutral,0,Not applicable,No directional setup; confirmation score not applicable.,Narrow CPR,Not applicable,Not applicable,Narrow CPR; Wide CPR rules not applied,0,0,0,0
2026-09-10,2026-09-10,CM,NSE,STK,25358,INE457L01029,PGEL,EQ,,,,,PG ELECTROPLAST LTD,542.5,548.25,538.5,542.0,542.0,542.5,,542.12,,,786316,427088384.1,15625,F1,1,,,,,,F&O + Cash,Consumer Durables,True,542.9166666666666,543.375,542.4583333333333,543.375,542.4583333333333,0.9166666666667425,0.16912669126692667,Narrow,Bearish,Below CPR,False,True,0.15,60,881248936.075,Lower,True,Risk Off,True,13.410714285714286,591.688,552.5655,0.06835330670218052,0.4846398862076493,False,False,No setup,Neutral,0,Not applicable,No directional setup; confirmation score not applicable.,Narrow CPR,Not applicable,Not applicable,Narrow CPR; Wide CPR rules not applied,0,-2,0,-2
2026-09-10,2026-09-10,CM,NSE,STK,765020,INE030C01015,ANSALBU,EQ,,,,,ANSAL BUILDWELL LTD.,77.0,86.0,76.21,80.9,81.0,77.15,,80.92,,,2021,164201.37,54,F1,1,,,,,,Cash Only,Unclassified,False,81.03666666666666,81.10499999999999,80.96833333333333,81.10499999999999,80.96833333333333,0.13666666666665606,0.16893283889574295,Narrow,Bearish,Below CPR,False,True,0.2222222222222222,18,71828.11,Higher,False,Risk Off,False,7.734285714285714,,,0.01767023765545978,2.28603216762908,False,False,No setup,Neutral,0,Not applicable,No directional setup; confirmation score not applicable.,Narrow CPR,Not applicable,Not applicable,Narrow CPR; Wide CPR rules not applied,0,0,0,0
2026-09-10,2026-09-10,CM,NSE,STK,1593,INE0APB01032,MGEL,EQ,,,,,MANGALAM GLOBAL ENT LTD,16.6,16.6,15.54,16.03,16.03,15.84,,16.03,,,1085311,17435419.66,2355,F1,1,,,,,,Cash Only,Unclassified,False,16.05666666666667,16.07,16.043333333333337,16.07,16.043333333333337,0.02666666666666373,0.16635475150757162,Narrow,Bearish,Below CPR,False,True,0.11666666666666667,60,3787549.67,Higher,True,Risk Off,True,1.1535714285714285,13.4952,12.531,0.02311661506707692,4.603350762130072,True,True,No setup,Neutral,0,Not applicable,No directional setup; confirmation score not applicable.,Narrow CPR,Not applicable,Not applicable,Narrow CPR; Wide CPR rules not applied,0,0,0,0
2026-09-10,2026-09-10,CM,NSE,STK,24292,INE764D01017,VSTTILLERS,EQ,,,,,VST TILLERS TRACTORS LTD,4076.9,4120.3,4062.1,4081.3,4090.0,4074.3,,4081.34,,,5896,24094538.6,1407,F1,1,,,,,,Cash Only,Unclassified,False,4087.9,4091.2,4084.6000000000004,4091.2,4084.6000000000004,6.599999999999454,0.16171317962412599,Narrow,Bearish,Below CPR,False,True,0.3,60,26283711.3,Inside,True,Risk Off,False,90.99285714285702,4427.092000000001,4600.496,0.07253316586858662,0.9167099092280777,False,False,No setup,Neutral,0,Not applicable,No directional setup; confirmation score not applicable.,Narrow CPR,Not applicable,Not applicable,Narrow CPR; Wide CPR rules not applied,0,0,0,0
2026-09-10,2026-09-10,CM,NSE,STK,1720,INE364A01020,JAYSREETEA,EQ,,,,,JAYSHREE TEA & INDUSTRIES,95.69,97.42,93.2,95.08,94.39,94.88,,95.1,,,67073,6429611.19,766,F1,1,,,,,,Cash Only,Unclassified,False,95.23333333333333,95.31,95.15666666666667,95.31,95.15666666666667,0.15333333333333599,0.161267704389289,Narrow,Bearish,Below CPR,False,True,0.15,60,4149255.1550000003,Higher,True,Risk Off,True,4.885714285714285,89.5574,88.87559999999999,0.03138401559454246,1.549582021306183,True,True,No setup,Neutral,0,Not applicable,No directional setup; confirmation score not applicable.,Narrow CPR,Not applicable,Not applicable,Narrow CPR; Wide CPR rules not applied,0,0,0,0
2026-09-10,2026-09-10,CM,NSE,STK,22347,INE155Z01011,MACPOWER,EQ,,,,,MACPOWER CNC MACHINES LTD,1864.0,1889.7,1860.0,1870.4,1869.1,1863.8,,1870.4,,,15621,29261076.8,2487,F1,1,,,,,,Cash Only,Unclassified,False,1873.3666666666668,1874.85,1871.8833333333337,1874.85,1871.8833333333337,2.9666666666662422,0.1586113487310865,Narrow,Bearish,Below CPR,False,True,0.08333333333333333,60,56969167.75,Overlapping,True,Risk Off,True,112.26428571428575,1627.954,1373.3210000000001,0.02642573858454373,0.5136300556189888,True,True,No setup,Neutral,0,Not applicable,No directional setup; confirmation score not applicable.,Narrow CPR,Not applicable,Not applicable,Narrow CPR; Wide CPR rules not applied,0,0,0,0
2026-09-10,2026-09-10,CM,NSE,STK,22649,INE988S01028,PARKHOTELS,EQ,,,,,PARKHOTELS,113.19,113.19,110.6,111.63,111.77,111.64,,111.63,,,74993,8352954.68,1603,F1,1,,,,,,Cash Only,Unclassified,False,111.80666666666666,111.895,111.71833333333332,111.895,111.71833333333332,0.17666666666667652,0.15826092149661966,Narrow,Bearish,Below CPR,False,True,0.25,60,15395268.675,Overlapping,True,Risk Off,True,3.4014285714285726,120.0878,120.5818,0.051938961220778464,0.5425663466051851,False,False,No setup,Neutral,0,Not applicable,No directional setup; confirmation score not applicable.,Narrow CPR,Not applicable,Not applicable,Narrow CPR; Wide CPR rules not applied,0,0,0,0
2026-09-10,2026-09-10,CM,NSE,STK,756038,INE299N01021,WAAREERTL,EQ,,,,,WAAREE RENEWABLE TECH LTD,830.2,841.65,830.0,833.85,833.0,833.5,,833.86,,,94942,79303585.7,6604,F1,1,,,,,,Cash Only,Unclassified,False,835.1666666666666,835.825,834.5083333333332,835.825,834.5083333333332,1.3166666666668334,0.1579021006975875,Narrow,Bearish,Below CPR,False,True,0.3,60,125108430.45,Overlapping,True,Risk Off,False,14.696428571428596,921.0879999999999,957.3364999999999,0.08959092750102375,0.6338788314644707,False,False,No setup,Neutral,0,Not applicable,No directional setup; confirmation score not applicable.,Narrow CPR,Not applicable,Not applicable,Narrow CPR; Wide CPR rules not applied,0,0,-2,-2
2026-09-10,2026-09-10,CM,NSE,STK,15214,INE477B01010,DVL,EQ,,,,,DHUNSERI VENTURES LIMITED,290.85,291.5,280.05,285.1,283.6,289.2,,285.1,,,17742,5071176.45,488,F1,1,,,,,,Cash Only,Unclassified,False,285.55,285.775,285.32500000000005,285.775,285.32500000000005,0.4499999999999318,0.15783935461239276,Narrow,Bearish,Below CPR,False,True,0.18333333333333332,60,4117280.8200000003,Lower,True,Risk Off,True,12.930000000000003,261.3548,252.2184,0.03480278422273254,1.231680973852058,True,True,No setup,Neutral,0,Not applicable,No directional setup; confirmation score not applicable.,Narrow CPR,Not applicable,Not applicable,Narrow CPR; Wide CPR rules not applied,0,0,0,0
2026-09-10,2026-09-10,CM,NSE,STK,16657,INE087B01017,ANIKINDS,EQ,,,,,ANIK INDUSTRIES LTD,44.21,44.9,44.09,44.39,44.38,44.72,,44.39,,,2353,104503.92,34,F1,1,,,,,,Cash Only,Unclassified,False,44.46,44.495000000000005,44.425,44.495000000000005,44.425,0.07000000000000739,0.15769317413833608,Narrow,Bearish,Below CPR,False,True,0.1,60,402464.04500000004,Lower,True,Risk Off,True,2.543571428571429,42.4658,44.31229999999999,0.027520359449595713,0.259660263564662,True,True,No setup,Neutral,0,Not applicable,No directional setup; confirmation score not applicable.,Narrow CPR,Not applicable,Not applicable,Narrow CPR; Wide CPR rules not applied,0,-2,0,-2
2026-09-10,2026-09-10,CM,NSE,STK,19813,INE0J5401028,HONASA,EQ,,,,,HONASA CONSUMER LIMITED,471.0,483.9,469.65,475.65,474.8,471.05,,475.58,,,657000,313764880.15,22251,F1,1,,,,,,Cash Only,Fast Moving Consumer Goods,True,476.3999999999999,476.775,476.02499999999986,476.775,476.02499999999986,0.7500000000001137,0.15767896562600942,Narrow,Bearish,Below CPR,False,True,0.18333333333333332,60,409685315.05,Higher,True,Risk Off,True,15.485714285714286,469.096,427.996,0.04843173431735052,0.7658680177777585,True,True,No setup,Neutral,0,Not applicable,No directional setup; confirmation score not applicable.,Narrow CPR,Not applicable,Not applicable,Narrow CPR; Wide CPR rules not applied,0,0,0,0
2026-09-10,2026-09-10,CM,NSE,STK,27297,INE834M01019,RTNINDIA,EQ,,,,,RATTANINDIA ENT LIMITED,27.7,27.83,27.5,27.6,27.6,27.61,,27.6,,,600161,16587744.19,3935,F1,1,,,,,,Cash Only,Unclassified,False,27.643333333333334,27.665,27.62166666666667,27.665,27.62166666666667,0.04333333333332945,0.15700483091786033,Narrow,Bearish,Below CPR,False,True,0.16666666666666666,60,34094179.480000004,Lower,True,Risk Off,True,0.7364285714285705,31.011,33.170700000000004,0.05884254768832328,0.48652715633560095,False,False,No setup,Neutral,0,Not applicable,No directional setup; confirmation score not applicable.,Narrow CPR,Not applicable,Not applicable,Narrow CPR; Wide CPR rules not applied,0,0,0,0
2026-09-10,2026-09-10,CM,NSE,STK,13821,INE803H01014,RUCHIRA,EQ,,,,,RUCHIRA PAPERS LIMITED,109.8,112.8,108.8,110.54,110.0,109.8,,110.55,,,73974,8210893.72,1130,F1,1,,,,,,Cash Only,Unclassified,False,110.71333333333332,110.8,110.62666666666665,110.8,110.62666666666665,0.17333333333334622,0.15680598275135355,Narrow,Bearish,Below CPR,False,True,0.3,60,2462408.2199999997,Overlapping,True,Risk Off,False,2.8957142857142864,105.94699999999999,111.1207,0.059858575892127446,3.334497364535276,True,False,No setup,Neutral,0,Not applicable,No directional setup; confirmation score not applicable.,Narrow CPR,Not applicable,Not applicable,Narrow CPR; Wide CPR rules not applied,0,0,0,0
2026-09-10,2026-09-10,CM,NSE,STK,12024,INE128X01021,ACI,EQ,,,,,ARCHEAN CHEMICAL IND LTD,484.1,485.2,478.15,480.55,480.95,481.25,,480.56,,,159627,76851132.05,7184,F1,1,,,,,,Cash Only,Unclassified,False,481.29999999999995,481.67499999999995,480.92499999999995,481.67499999999995,480.92499999999995,0.75,0.1560711684528145,Narrow,Bearish,Below CPR,False,True,0.18333333333333332,60,96738317.375,Overlapping,True,Risk Off,True,17.975000000000005,521.809,538.665,0.04172461752433935,0.7944228733283775,False,False,No setup,Neutral,0,Not applicable,No directional setup; confirmation score not applicable.,Narrow CPR,Not applicable,Not applicable,Narrow CPR; Wide CPR rules not applied,0,0,0,0
2026-09-10,2026-09-10,CM,NSE,STK,20152,INE491J01022,ASKAUTOLTD,EQ,,,,,ASK AUTOMOTIVE LIMITED,627.25,631.45,616.25,622.4,622.0,627.25,,622.36,,,107736,67283660.75,7631,F1,1,,,,,,Cash Only,Unclassified,False,623.3666666666667,623.85,622.8833333333333,623.85,622.8833333333333,0.966666666666697,0.155312767780639,Narrow,Bearish,Below CPR,False,True,0.1,60,143930362.375,Inside,True,Risk Off,True,22.075000000000006,569.354,508.324,0.04379010947527505,0.46747371186836423,True,True,No setup,Neutral,0,Not applicable,No directional setup; confirmation score not applicable.,Narrow CPR,Not applicable,Not applicable,Narrow CPR; Wide CPR rules not applied,0,0,0,0
2026-09-10,2026-09-10,CM,NSE,STK,9362,INE278Y01022,CAMPUS,EQ,,,,,CAMPUS ACTIVEWEAR LIMITED,214.86,216.2,212.15,213.68,213.0,214.86,,213.68,,,588814,126437292.51,9390,F1,1,,,,,,Cash Only,Unclassified,False,214.01,214.175,213.84499999999997,214.175,213.84499999999997,0.3300000000000409,0.15443654062150922,Narrow,Bearish,Below CPR,False,True,0.2833333333333333,60,92336043.61500001,Lower,True,Risk Off,False,4.292142857142859,223.5522,232.77560000000003,0.07688467299052373,1.3693167647206863,False,False,No setup,Neutral,0,Not applicable,No directional setup; confirmation score not applicable.,Narrow CPR,Not applicable,Not applicable,Narrow CPR; Wide CPR rules not applied,0,0,0,0
2026-09-10,2026-09-10,CM,NSE,STK,16719,INE326B01035,ALMONDZ,EQ,,,,,ALMONDZ GLOBAL SEC LTD,19.42,19.85,19.32,19.54,19.69,19.0,,19.55,,,292639,5741670.37,691,F1,1,,,,,,Cash Only,Unclassified,False,19.57,19.585,19.555,19.585,19.555,0.030000000000001137,0.15353121801433542,Narrow,Bearish,Below CPR,False,True,0.16666666666666666,60,1600164.88,Higher,True,Risk Off,True,1.0721428571428568,14.708999999999998,14.6516,0.027981345769488075,3.58817421989664,True,True,No setup,Neutral,0,Not applicable,No directional setup; confirmation score not applicable.,Narrow CPR,Not applicable,Not applicable,Narrow CPR; Wide CPR rules not applied,0,0,0,0
2026-09-10,2026-09-10,CM,NSE,STK,21726,INE866R01028,MATRIMONY,EQ,,,,,MATRIMONY.COM LIMITED,514.0,514.95,508.6,510.6,513.0,515.75,,510.58,,,7124,3641387.45,470,F1,1,,,,,,Cash Only,Unclassified,False,511.3833333333334,511.77500000000003,510.99166666666673,511.77500000000003,510.99166666666673,0.783333333333303,0.1534142838490605,Narrow,Bearish,Below CPR,False,True,0.2833333333333333,60,5616108.975,Lower,True,Risk Off,False,15.164285714285707,478.994,447.164,0.05165646098288388,0.6483826197478656,True,True,No setup,Neutral,0,Not applicable,No directional setup; confirmation score not applicable.,Narrow CPR,Not applicable,Not applicable,Narrow CPR; Wide CPR rules not applied,0,0,0,0
2026-09-10,2026-09-10,CM,NSE,STK,2816,INE613A01020,RALLIS,EQ,,,,,RALLIS INDIA LTD,204.01,205.1,201.95,203.06,203.1,204.01,,203.06,,,593140,120736074.57,17144,F1,1,,,,,,Cash Only,Unclassified,False,203.36999999999998,203.52499999999998,203.21499999999997,203.52499999999998,203.21499999999997,0.3100000000000023,0.15266423717128055,Narrow,Bearish,Below CPR,False,True,0.2833333333333333,60,135865316.86,Lower,True,Risk Off,False,4.013571428571424,217.69280000000003,231.648,0.07723794269443027,0.8886452949166587,False,False,No setup,Neutral,0,Not applicable,No directional setup; confirmation score not applicable.,Narrow CPR,Not applicable,Not applicable,Narrow CPR; Wide CPR rules not applied,0,0,-2,-2
2026-09-10,2026-09-10,CM,NSE,STK,10871,INE192H01020,GRMOVER,EQ,,,,,GRM OVERSEAS LIMITED,88.0,88.99,86.37,87.48,86.5,88.14,,87.49,,,1190958,103986351.13,4350,F1,1,,,,,,Cash Only,Unclassified,False,87.61333333333334,87.68,87.54666666666668,87.68,87.54666666666668,0.13333333333332575,0.1524157902758639,Narrow,Bearish,Below CPR,False,True,0.16666666666666666,60,96437922.9,Inside,True,Risk Off,True,2.9164285714285723,90.59859999999999,114.0123,0.0457180177973686,1.0782724057405013,False,False,No setup,Neutral,0,Not applicable,No directional setup; confirmation score not applicable.,Narrow CPR,Not applicable,Not applicable,Narrow CPR; Wide CPR rules not applied,0,0,0,0
2026-09-10,2026-09-10,CM,NSE,STK,760183,INE647U01026,CLEANMAX,EQ,,,,,CLEAN MAX ENVIRO EN SOL L,1400.0,1411.3,1393.0,1399.0,1394.0,1397.6,,1398.93,,,108482,151822804.9,10491,F1,1,,,,,,Cash Only,Unclassified,False,1401.1000000000001,1402.15,1400.0500000000002,1402.15,1400.0500000000002,2.099999999999909,0.1501072194424524,Narrow,Bearish,Below CPR,False,True,0.1,60,219073802.39999998,Overlapping,True,Risk Off,True,59.3357142857143,1305.19,1261.5085,0.03539183820873808,0.6930212706254649,True,True,No setup,Neutral,0,Not applicable,No directional setup; confirmation score not applicable.,Narrow CPR,Not applicable,Not applicable,Narrow CPR; Wide CPR rules not applied,0,0,0,0
2026-09-10,2026-09-10,CM,NSE,STK,4717,INE129A01019,GAIL,EQ,,,,,GAIL (INDIA) LTD,174.0,176.5,173.25,174.49,174.49,174.9,,174.5,,,4397343,768170516.19,27673,F1,1,,,,,,F&O + Cash,Oil Gas & Consumable Fuels,True,174.74666666666667,174.875,174.61833333333334,174.875,174.61833333333334,0.2566666666666606,0.14709534452785866,Narrow,Bearish,Below CPR,False,True,0.3,60,1126458565.34,Overlapping,True,Risk Off,False,3.336428571428566,173.863,170.4633,0.07692856633126213,0.6819341073216861,True,True,No setup,Neutral,0,Not applicable,No directional setup; confirmation score not applicable.,Narrow CPR,Not applicable,Not applicable,Narrow CPR; Wide CPR rules not applied,0,0,0,0
2026-09-10,2026-09-10,CM,NSE,STK,762954,INE064A01026,TIMEX,EQ,,,,,TIMEX GROUP INDIA LTD.,625.0,638.65,618.3,627.1,627.9,623.35,,627.07,,,232843,146568056.8,15466,F1,1,,,,,,Cash Only,Unclassified,False,628.0166666666665,628.4749999999999,627.5583333333332,628.4749999999999,627.5583333333332,0.9166666666667425,0.1461755169297947,Narrow,Bearish,Below CPR,False,True,0.13333333333333333,60,187869488.5,Higher,True,Risk Off,True,30.950000000000006,576.496,495.8039999999999,0.029617662897148376,0.7801589176094447,True,True,No setup,Neutral,0,Not applicable,No directional setup; confirmation score not applicable.,Narrow CPR,Not applicable,Not applicable,Narrow CPR; Wide CPR rules not applied,0,0,0,0
2026-09-10,2026-09-10,CM,NSE,STK,919,INE230A01023,EIHOTEL,EQ,,,,,EIH LIMITED,288.95,290.0,281.35,285.05,284.0,289.35,,285.1,,,131511,37662103.2,5787,F1,1,,,,,,Cash Only,Consumer Services,True,285.4666666666667,285.675,285.2583333333334,285.675,285.2583333333334,0.41666666666662877,0.14617318599074855,Narrow,Bearish,Below CPR,False,True,0.23333333333333334,60,46461838.525000006,Lower,True,Risk Off,True,8.657142857142848,314.041,315.316,0.048129812981293804,0.8106029463241091,False,False,No setup,Neutral,0,Not applicable,No directional setup; confirmation score not applicable.,Narrow CPR,Not applicable,Not applicable,Narrow CPR; Wide CPR rules not applied,0,0,0,0
2026-09-10,2026-09-10,CM,NSE,STK,764203,INE536P01021,CPL,EQ,,,,,CAPTAIN POLYPLAST LIMITED,67.5,67.81,65.24,66.38,66.88,67.81,,66.33,,,138561,9165354.87,381,F1,1,,,,,,Cash Only,Unclassified,False,66.47666666666667,66.525,66.42833333333334,66.525,66.42833333333334,0.09666666666666401,0.1456261926282977,Narrow,Bearish,Below CPR,False,True,0.19444444444444445,36,7891868.555,Lower,True,Risk Off,True,2.7550000000000003,,,0.03508771929824465,1.1613668938002224,False,False,No setup,Neutral,0,Not applicable,No directional setup; confirmation score not applicable.,Narrow CPR,Not applicable,Not applicable,Narrow CPR; Wide CPR rules not applied,0,0,0,0
2026-09-10,2026-09-10,CM,NSE,STK,2316,INE578A01017,HEIDELBERG,EQ,,,,,HEIDELBERGCEMENT (I) LTD,160.0,160.26,158.01,158.79,159.0,159.86,,158.79,,,467802,74484855.22,4155,F1,1,,,,,,Cash Only,Unclassified,False,159.01999999999998,159.135,158.90499999999997,159.135,158.90499999999997,0.2300000000000182,0.14484539328674237,Narrow,Bearish,Below CPR,False,True,0.3333333333333333,60,13548024.530000001,Lower,True,Risk Off,False,2.4007142857142827,158.20159999999998,156.8517,0.09580481999405709,5.497838821819729,True,True,No setup,Neutral,0,Not applicable,No directional setup; confirmation score not applicable.,Narrow CPR,Not applicable,Not applicable,Narrow CPR; Wide CPR rules not applied,0,0,0,0
2026-09-10,2026-09-10,CM,NSE,STK,760224,INE14UN01029,VIDYAWIRES,EQ,,,,,VIDYA WIRES LIMITED,90.33,91.5,89.31,90.21,90.37,89.76,,90.21,,,700002,63120680.08,6468,F1,1,,,,,,Cash Only,Unclassified,False,90.33999999999999,90.405,90.27499999999998,90.405,90.27499999999998,0.13000000000002387,0.1441081919964792,Narrow,Bearish,Below CPR,False,True,0.05,60,79176814.80000001,Higher,True,Risk Off,True,3.1842857142857133,91.472,93.1308,0.04082548227905641,0.7972116615128093,False,False,No setup,Neutral,0,Not applicable,No directional setup; confirmation score not applicable.,Narrow CPR,Not applicable,Not applicable,Narrow CPR; Wide CPR rules not applied,0,0,-2,-2
2026-09-10,2026-09-10,CM,NSE,STK,21484,INE577L01016,STEL,EQ,,,,,STEL HOLDINGS LIMITED,579.2,603.75,579.2,590.2,590.0,590.0,,590.43,,,4036,2383156.3,263,F1,1,,,,,,Cash Only,Unclassified,False,591.0500000000001,591.475,590.6250000000001,591.475,590.6250000000001,0.849999999999909,0.14401897661808014,Narrow,Bearish,Below CPR,False,True,0.08333333333333333,60,1903134.9,Overlapping,True,Risk Off,True,29.685714285714287,575.439,540.515,0.028633301251200016,1.252226681356114,True,True,No setup,Neutral,0,Not applicable,No directional setup; confirmation score not applicable.,Narrow CPR,Not applicable,Not applicable,Narrow CPR; Wide CPR rules not applied,0,0,0,0
2026-09-10,2026-09-10,CM,NSE,STK,1624,INE242A01010,IOC,EQ,,,,,INDIAN OIL CORP LTD,134.31,136.15,134.31,134.94,134.94,135.6,,134.94,,,6629384,897137942.14,41419,F1,1,,,,,,F&O + Cash,Oil Gas & Consumable Fuels,True,135.13333333333335,135.23000000000002,135.0366666666667,135.23000000000002,135.0366666666667,0.19333333333332803,0.14327355367817401,Narrow,Bearish,Below CPR,False,True,0.2833333333333333,60,1292480507.72,Inside,True,Risk Off,False,2.52142857142857,139.465,140.4928,0.07667610953729728,0.694121061618636,False,False,No setup,Neutral,0,Not applicable,No directional setup; confirmation score not applicable.,Narrow CPR,Not applicable,Not applicable,Narrow CPR; Wide CPR rules not applied,0,0,0,0
2026-09-10,2026-09-10,CM,NSE,STK,17603,INE215D01010,MAHEPC,EQ,,,,,MAHINDRA EPC IRRIG LTD,102.14,103.73,102.01,102.65,102.78,102.14,,102.65,,,22418,2306791.62,184,F1,1,,,,,,Cash Only,Unclassified,False,102.79666666666667,102.87,102.72333333333333,102.87,102.72333333333333,0.14666666666667538,0.14288033771717035,Narrow,Bearish,Below CPR,False,True,0.23333333333333334,60,2672310.4450000003,Inside,True,Risk Off,True,2.849285714285714,108.93879999999999,112.9183,0.051474889278853235,0.8632199242854061,False,False,No setup,Neutral,0,Not applicable,No directional setup; confirmation score not applicable.,Narrow CPR,Not applicable,Not applicable,Narrow CPR; Wide CPR rules not applied,0,0,0,0
2026-09-10,2026-09-10,CM,NSE,STK,759842,INE351Y01019,BETA,EQ,,,,,BETA DRUGS LIMITED,2101.0,2107.5,2073.0,2085.8,2086.0,2107.6,,2085.8,,,11535,24119352.4,1461,F1,1,,,,,,Cash Only,Unclassified,False,2088.766666666667,2090.25,2087.2833333333338,2090.25,2087.2833333333338,2.9666666666662422,0.14223159778819838,Narrow,Bearish,Below CPR,False,True,0.06666666666666667,60,59747938.8,Lower,True,Risk Off,True,105.50714285714288,2292.166,1921.675,0.028118159456588843,0.40368509582794176,False,True,No setup,Neutral,0,Not applicable,No directional setup; confirmation score not applicable.,Narrow CPR,Not applicable,Not applicable,Narrow CPR; Wide CPR rules not applied,0,0,0,0
2026-09-10,2026-09-10,CM,NSE,STK,16705,INE020J01029,GOKUL,EQ,,,,,GOKUL REFOILS & SOLV LTD,43.8,43.8,41.6,42.61,42.3,42.78,,42.64,,,242171,10368683.82,2814,F1,1,,,,,,Cash Only,Unclassified,False,42.669999999999995,42.7,42.639999999999986,42.7,42.639999999999986,0.060000000000016485,0.14081201595873383,Narrow,Bearish,Below CPR,False,True,0.2,60,6478282.449999999,Overlapping,True,Risk Off,True,2.2107142857142863,40.7816,40.8799,0.02714054927302845,1.6005297546111164,True,True,No setup,Neutral,0,Not applicable,No directional setup; confirmation score not applicable.,Narrow CPR,Not applicable,Not applicable,Narrow CPR; Wide CPR rules not applied,0,0,0,0
2026-09-10,2026-09-10,CM,NSE,STK,14101,INE034D01049,PTL,EQ,,,,,PTL ENTERPRISES LTD,38.23,38.47,38.03,38.17,38.07,38.03,,38.17,,,21129,808327.69,737,F1,1,,,,,,Cash Only,Unclassified,False,38.223333333333336,38.25,38.19666666666667,38.25,38.19666666666667,0.05333333333332746,0.13972578814075834,Narrow,Bearish,Below CPR,False,True,0.25,60,1271867.1749999998,Inside,True,Risk Off,True,0.735000000000001,39.366600000000005,39.8429,0.0725623582766359,0.6355441086055232,False,False,No setup,Neutral,0,Not applicable,No directional setup; confirmation score not applicable.,Narrow CPR,Not applicable,Not applicable,Narrow CPR; Wide CPR rules not applied,0,0,0,0
2026-09-10,2026-09-10,CM,NSE,STK,15840,INE262Z01023,LATTEYS,EQ,,,,,LATTEYS INDUSTRIES LTD,21.61,21.95,21.2,21.53,21.5,21.52,,21.53,,,20743,447426.41,202,F1,1,,,,,,Cash Only,Unclassified,False,21.560000000000002,21.575,21.545000000000005,21.575,21.545000000000005,0.02999999999999403,0.1393404551787925,Narrow,Bearish,Below CPR,False,True,0.08333333333333333,60,1044837.53,Higher,True,Risk Off,True,1.1750000000000003,21.6776,22.045200000000005,0.025531914893611937,0.4282258218653382,False,False,No setup,Neutral,0,Not applicable,No directional setup; confirmation score not applicable.,Narrow CPR,Not applicable,Not applicable,Narrow CPR; Wide CPR rules not applied,0,0,0,0
2026-09-10,2026-09-10,CM,NSE,STK,11223,INE691A01018,UCOBANK,EQ,,,,,UCO BANK,23.99,24.2,23.76,23.93,23.99,23.98,,23.93,,,3531333,84651384.25,15182,F1,1,,,,,,Cash Only,Financial Services,True,23.963333333333335,23.98,23.94666666666667,23.98,23.94666666666667,0.03333333333333144,0.139295166457716,Narrow,Bearish,Below CPR,False,True,0.3,60,107263557.155,Lower,True,Risk Off,False,0.49714285714285616,25.888,26.004499999999997,0.0670498084291151,0.7891905367978378,False,False,No setup,Neutral,0,Not applicable,No directional setup; confirmation score not applicable.,Narrow CPR,Not applicable,Not applicable,Narrow CPR; Wide CPR rules not applied,0,0,0,0
2026-09-10,2026-09-10,CM,NSE,STK,762538,INE701G01012,AKCAPIT,EQ,,,,,A K CAPITAL SERVICES LTD.,1727.7,1736.0,1676.0,1702.5,1720.0,1691.6,,1702.67,,,1610,2766984.5,193,F1,1,,,,,,Cash Only,Unclassified,False,1704.8333333333333,1706.0,1703.6666666666665,1706.0,1703.6666666666665,2.333333333333485,0.13705335291239265,Narrow,Bearish,Below CPR,False,True,0.23333333333333334,60,3683778.45,Inside,True,Risk Off,True,68.06428571428572,1741.526,1700.493,0.034281316682410315,0.7511267405345725,False,True,No setup,Neutral,0,Not applicable,No directional setup; confirmation score not applicable.,Narrow CPR,Not applicable,Not applicable,Narrow CPR; Wide CPR rules not applied,0,0,0,0
2026-09-10,2026-09-10,CM,NSE,STK,764653,INE145E01017,CRAVATEX,EQ,,,,,CRAVATEX LTD.,313.35,324.9,313.0,318.3,317.25,325.4,,318.3,,,1421,447153.5,50,F1,1,,,,,,Cash Only,Unclassified,False,318.73333333333335,318.95,318.5166666666667,318.95,318.5166666666667,0.4333333333332803,0.13613990993819677,Narrow,Bearish,Below CPR,False,True,0.21052631578947367,19,58086.1,Lower,False,Risk Off,False,18.639285714285705,,,0.023248387302801023,7.698115383887023,False,False,No setup,Neutral,0,Not applicable,No directional setup; confirmation score not applicable.,Narrow CPR,Not applicable,Not applicable,Narrow CPR; Wide CPR rules not applied,0,0,0,0
2026-09-10,2026-09-10,CM,NSE,STK,19943,INE288B01029,DEEPAKNTR,EQ,,,,,DEEPAK NITRITE LTD,1642.0,1664.8,1633.5,1645.8,1649.8,1641.9,,1645.81,,,414991,682970169.2,13422,F1,1,,,,,,Cash Only,Chemicals,True,1648.0333333333335,1649.15,1646.916666666667,1649.15,1646.916666666667,2.233333333333121,0.13569895086481476,Narrow,Bearish,Below CPR,False,True,0.16666666666666666,60,396037994.0,Inside,True,Risk Off,True,51.29285714285715,1701.932,1705.578,0.043540825326087856,1.7245066876083612,False,False,No setup,Neutral,0,Not applicable,No directional setup; confirmation score not applicable.,Narrow CPR,Not applicable,Not applicable,Narrow CPR; Wide CPR rules not applied,0,0,0,0
2026-09-10,2026-09-10,CM,NSE,STK,11809,INE530B01024,IIFL,EQ,,,,,IIFL FINANCE LIMITED,609.8,616.5,601.25,607.65,613.0,605.15,,607.63,,,2214842,1345252413.05,53968,F1,1,,,,,,Cash Only,Financial Services,True,608.4666666666667,608.875,608.0583333333334,608.875,608.0583333333334,0.816666666666606,0.1343975424449282,Narrow,Bearish,Below CPR,False,True,0.16666666666666666,60,1071641160.575,Overlapping,True,Risk Off,True,30.41785714285715,603.1659999999999,542.6529999999999,0.02684826425580012,1.2553198426310828,True,True,No setup,Neutral,0,Not applicable,No directional setup; confirmation score not applicable.,Narrow CPR,Not applicable,Not applicable,Narrow CPR; Wide CPR rules not applied,0,0,0,0
2026-09-10,2026-09-10,CM,NSE,STK,762588,INE469A01019,BIMETAL,EQ,,,,,BIMETAL BEARINGS LTD.,650.0,659.0,633.6,645.0,645.0,650.0,,645.0,,,563,362997.05,81,F1,1,,,,,,Cash Only,Unclassified,False,645.8666666666667,646.3,645.4333333333334,646.3,645.4333333333334,0.8666666666665606,0.13436692506458303,Narrow,Bearish,Below CPR,False,True,0.2,60,291934.69999999995,Higher,True,Risk Off,True,27.91785714285715,649.645,629.0385,0.031043452304801954,1.2434186480743812,False,True,No setup,Neutral,0,Not applicable,No directional setup; confirmation score not applicable.,Narrow CPR,Not applicable,Not applicable,Narrow CPR; Wide CPR rules not applied,0,0,0,0
2026-09-10,2026-09-10,CM,NSE,STK,757801,INE05J901018,IGCL,EQ,,,,,INDOGULF CROPSCIENCES LTD,72.75,72.99,72.1,72.4,72.11,72.74,,72.39,,,105778,7672810.75,2539,F1,1,,,,,,Cash Only,Unclassified,False,72.49666666666666,72.54499999999999,72.44833333333332,72.54499999999999,72.44833333333332,0.09666666666666401,0.13351749539594476,Narrow,Bearish,Below CPR,False,True,0.18333333333333332,60,7827696.395,Overlapping,True,Risk Off,True,1.9757142857142864,72.668,67.3278,0.04892745239816687,0.9802131256522757,False,True,No setup,Neutral,0,Not applicable,No directional setup; confirmation score not applicable.,Narrow CPR,Not applicable,Not applicable,Narrow CPR; Wide CPR rules not applied,0,0,0,0
2026-09-10,2026-09-10,CM,NSE,STK,19142,INE240C01028,UMESLTD,EQ,,,,,USHA MARTIN EDU & SOL LTD,5.07,5.08,4.96,5.01,5.02,5.08,,5.01,,,6984,35152.37,59,F1,1,,,,,,Cash Only,Unclassified,False,5.016666666666667,5.02,5.013333333333334,5.02,5.013333333333334,0.0066666666666659324,0.13306719893544774,Narrow,Bearish,Below CPR,False,True,0.13333333333333333,60,99339.985,Lower,True,Risk Off,True,0.4728571428571429,5.5404,5.1981,0.014098690835849402,0.3538592239569998,False,False,No setup,Neutral,0,Not applicable,No directional setup; confirmation score not applicable.,Narrow CPR,Not applicable,Not applicable,Narrow CPR; Wide CPR rules not applied,0,0,0,0
2026-09-10,2026-09-10,CM,NSE,STK,5114,INE00QT01015,SGIL,EQ,,,,,SYNERGY GREEN IND. LTD,600.55,606.4,600.0,602.0,602.95,600.55,,601.27,,,3236,1943193.25,139,F1,1,,,,,,Cash Only,Unclassified,False,602.8000000000001,603.2,602.4000000000001,603.2,602.4000000000001,0.7999999999999545,0.13289036544849742,Narrow,Bearish,Below CPR,False,True,0.2,60,5321709.5,Higher,True,Risk Off,True,21.978571428571424,589.82,573.655,0.03639909002274737,0.365144555522995,True,True,No setup,Neutral,0,Not applicable,No directional setup; confirmation score not applicable.,Narrow CPR,Not applicable,Not applicable,Narrow CPR; Wide CPR rules not applied,0,0,0,0
2026-09-10,2026-09-10,CM,NSE,STK,13631,INE01IU01018,SKYGOLD,EQ,,,,,SKY GOLD AND DIAMONDS LTD,831.1,843.9,820.0,830.3,827.0,832.2,,830.3,,,750031,625447457.95,25816,F1,1,,,,,,Cash Only,Unclassified,False,831.4,831.95,830.8499999999999,831.95,830.8499999999999,1.1000000000001364,0.13248223533664175,Narrow,Bearish,Below CPR,False,True,0.13333333333333333,60,675047357.45,Higher,True,Risk Off,True,36.97142857142858,716.2959999999999,602.7955000000001,0.02975270479134835,0.9265238224361558,True,True,No setup,Neutral,0,Not applicable,No directional setup; confirmation score not applicable.,Narrow CPR,Not applicable,Not applicable,Narrow CPR; Wide CPR rules not applied,0,0,0,0
2026-09-10,2026-09-10,CM,NSE,STK,14732,INE271C01023,DLF,EQ,,,,,DLF LIMITED,653.6,662.4,651.9,655.85,655.85,655.1,,655.84,,,2509591,1651929490.15,45798,F1,1,,,,,,F&O + Cash,Realty,True,656.7166666666667,657.15,656.2833333333334,657.15,656.2833333333334,0.8666666666665606,0.13214403700031419,Narrow,Bearish,Below CPR,False,True,0.13333333333333333,60,2101918805.475,Lower,True,Risk Off,True,15.917857142857136,665.117,631.279,0.05444618951461455,0.785914986747878,False,True,No setup,Neutral,0,Not applicable,No directional setup; confirmation score not applicable.,Narrow CPR,Not applicable,Not applicable,Narrow CPR; Wide CPR rules not applied,0,0,0,0
2026-09-10,2026-09-10,CM,NSE,STK,16827,INE760A01029,KOKUYOCMLN,EQ,,,,,KOKUYO CAMLIN LIMITED,79.9,79.99,78.2,78.94,78.75,78.9,,78.94,,,17115,1353522.08,438,F1,1,,,,,,Cash Only,Unclassified,False,79.04333333333334,79.095,78.99166666666667,79.095,78.99166666666667,0.10333333333332462,0.13090110632546823,Narrow,Bearish,Below CPR,False,True,0.18333333333333332,60,2381069.88,Overlapping,True,Risk Off,True,2.5028571428571444,83.42139999999999,86.0192,0.041286149162857985,0.5684512207596361,False,False,No setup,Neutral,0,Not applicable,No directional setup; confirmation score not applicable.,Narrow CPR,Not applicable,Not applicable,Narrow CPR; Wide CPR rules not applied,0,0,0,0
2026-09-10,2026-09-10,CM,NSE,STK,3721,INE151A01013,TATACOMM,EQ,,,,,TATA COMMUNICATIONS LTD,1760.0,1782.0,1753.7,1764.4,1768.0,1772.8,,1764.39,,,187640,331772934.0,23786,F1,1,,,,,,Cash Only,Telecommunication,True,1766.7,1767.85,1765.5500000000002,1767.85,1765.5500000000002,2.299999999999727,0.13035592836090043,Narrow,Bearish,Below CPR,False,True,0.16666666666666666,60,448412184.0,Inside,True,Risk Off,True,43.735714285714266,1765.2859999999998,1786.3029999999999,0.05258860035929478,0.739883852040916,False,False,No setup,Neutral,0,Not applicable,No directional setup; confirmation score not applicable.,Narrow CPR,Not applicable,Not applicable,Narrow CPR; Wide CPR rules not applied,0,0,0,0
2026-09-10,2026-09-10,CM,NSE,STK,14912,INE930H01031,KPRMILL,EQ,,,,,KPR MILL LTD.,1133.3,1139.0,1120.0,1127.3,1126.0,1140.3,,1127.32,,,186138,210006993.5,22002,F1,1,,,,,,Cash Only,Textiles,True,1128.7666666666667,1129.5,1128.0333333333333,1129.5,1128.0333333333333,1.466666666666697,0.13010437919512968,Narrow,Bearish,Below CPR,False,True,0.16666666666666666,60,295084766.70000005,Lower,True,Risk Off,True,37.40000000000003,1113.2240000000002,1063.8139999999999,0.03921568627451059,0.7116836150119028,True,True,No setup,Neutral,0,Not applicable,No directional setup; confirmation score not applicable.,Narrow CPR,Not applicable,Not applicable,Narrow CPR; Wide CPR rules not applied,0,0,0,0
2026-09-10,2026-09-10,CM,NSE,STK,14894,INE483A01010,CENTRALBK,EQ,,,,,CENTRAL BANK OF INDIA,30.6,31.23,30.53,30.82,30.85,30.58,,30.82,,,5496244,169764452.47,17620,F1,1,,,,,,Cash Only,Financial Services,True,30.860000000000003,30.880000000000003,30.840000000000003,30.880000000000003,30.840000000000003,0.03999999999999915,0.12978585334198295,Narrow,Bearish,Below CPR,False,True,0.3,60,203495105.19,Higher,True,Risk Off,False,0.5192857142857138,31.3246,32.3269,0.0770288858321855,0.8342434198183477,False,False,No setup,Neutral,0,Not applicable,No directional setup; confirmation score not applicable.,Narrow CPR,Not applicable,Not applicable,Narrow CPR; Wide CPR rules not applied,0,0,0,0
2026-09-10,2026-09-10,CM,NSE,STK,18883,INE002L01015,SJVN,EQ,,,,,SJVN LTD,66.95,68.29,66.37,67.2,67.1,66.88,,67.19,,,3722427,251614703.23,22937,F1,1,,,,,,Cash Only,Power,True,67.28666666666668,67.33000000000001,67.24333333333334,67.33000000000001,67.24333333333334,0.08666666666667311,0.12896825396826356,Narrow,Bearish,Below CPR,False,True,0.26666666666666666,60,112208438.41,Higher,True,Risk Off,False,1.2999999999999992,67.7818,71.46839999999999,0.06666666666667166,2.2423866403934922,False,False,No setup,Neutral,0,Not applicable,No directional setup; confirmation score not applicable.,Narrow CPR,Not applicable,Not applicable,Narrow CPR; Wide CPR rules not applied,0,0,0,0
2026-09-10,2026-09-10,CM,NSE,STK,4204,INE775A01035,MOTHERSON,EQ,,,,,SAMVRDHNA MTHRSN INTL LTD,163.7,164.7,162.33,163.2,163.2,163.7,,163.23,,,5599332,914149722.68,46587,F1,1,,,,,,F&O + Cash,Automobile and Auto Components,True,163.41,163.515,163.305,163.515,163.305,0.20999999999997954,0.12867647058822276,Narrow,Bearish,Below CPR,False,True,0.18333333333333332,60,2115708528.54,Lower,True,Risk Off,True,3.784999999999999,156.4456,146.6208,0.05548216644649395,0.43207734446806473,True,True,No setup,Neutral,0,Not applicable,No directional setup; confirmation score not applicable.,Narrow CPR,Not applicable,Not applicable,Narrow CPR; Wide CPR rules not applied,0,0,0,0
2026-09-10,2026-09-10,CM,NSE,STK,14707,INE508G01029,TIMETECHNO,EQ,,,,,TIME TECHNOPLAST LTD.,184.6,187.44,183.0,184.87,185.47,184.99,,184.88,,,2051244,378983531.58,22604,F1,1,,,,,,Cash Only,Unclassified,False,185.10333333333332,185.22,184.98666666666665,185.22,184.98666666666665,0.2333333333333485,0.12621481761959674,Narrow,Bearish,Below CPR,False,True,0.18333333333333332,60,626180239.285,Lower,True,Risk Off,True,4.766428571428571,194.5758,186.67710000000002,0.04895349418053169,0.6052307431686761,False,False,No setup,Neutral,0,Not applicable,No directional setup; confirmation score not applicable.,Narrow CPR,Not applicable,Not applicable,Narrow CPR; Wide CPR rules not applied,0,0,0,0
2026-09-10,2026-09-10,CM,NSE,STK,11411,INE399G01023,RKFORGE,EQ,,,,,RAMKRISHNA FORGINGS LTD,721.9,737.8,719.05,727.05,728.0,720.7,,727.05,,,717946,524029767.9,26609,F1,1,,,,,,Cash Only,Automobile and Auto Components,True,727.9666666666666,728.425,727.5083333333332,728.425,727.5083333333332,0.9166666666667425,0.12608027875204492,Narrow,Bearish,Below CPR,False,True,0.1,60,524372744.65,Higher,True,Risk Off,True,26.178571428571413,668.035,621.8045,0.03501591632560546,0.9993459294871839,True,True,No setup,Neutral,0,Not applicable,No directional setup; confirmation score not applicable.,Narrow CPR,Not applicable,Not applicable,Narrow CPR; Wide CPR rules not applied,0,0,0,0
2026-09-10,2026-09-10,CM,NSE,STK,18143,INE758E01017,JIOFIN,EQ,,,,,JIO FIN SERVICES LTD,230.82,232.27,229.1,230.25,230.25,231.0,,230.31,,,8980169,2073619191.72,68220,F1,1,,,,,,F&O + Cash,Financial Services,True,230.54,230.685,230.39499999999998,230.685,230.39499999999998,0.29000000000002046,0.12595005428882539,Narrow,Bearish,Below CPR,False,True,0.23333333333333334,60,2425412474.09,Lower,True,Risk Off,True,3.8957142857142872,243.104,241.4939,0.07444077741107967,0.8549552762146196,False,False,No setup,Neutral,0,Not applicable,No directional setup; confirmation score not applicable.,Narrow CPR,Not applicable,Not applicable,Narrow CPR; Wide CPR rules not applied,0,0,0,0
2026-09-10,2026-09-10,CM,NSE,STK,9902,INE02EZ01022,AXITA,EQ,,,,,AXITA COTTON LIMITED,8.03,8.04,7.99,8.0,8.01,8.0,,8.0,,,424366,3398286.8,615,F1,1,,,,,,Cash Only,Unclassified,False,8.01,8.015,8.004999999999999,8.015,8.004999999999999,0.010000000000001563,0.12500000000001954,Narrow,Bearish,Below CPR,False,True,0.08333333333333333,60,2744751.875,Lower,True,Risk Off,True,0.2614285714285714,7.550999999999999,7.723,0.03825136612022456,1.2381034624486775,True,True,No setup,Neutral,0,Not applicable,No directional setup; confirmation score not applicable.,Narrow CPR,Not applicable,Not applicable,Narrow CPR; Wide CPR rules not applied,0,0,0,0
2026-09-10,2026-09-10,CM,NSE,STK,758558,INE227J01012,KALPATARU,EQ,,,,,KALPATARU LIMITED,266.5,269.8,266.0,267.4,266.1,266.35,,267.39,,,19849,5306706.0,730,F1,1,,,,,,Cash Only,Unclassified,False,267.7333333333333,267.9,267.5666666666666,267.9,267.5666666666666,0.33333333333337123,0.12465719272003414,Narrow,Bearish,Below CPR,False,True,0.13333333333333333,60,16395336.275,Inside,True,Risk Off,True,6.910714285714278,282.022,304.9395,0.048234280792425865,0.32367167778631,False,False,No setup,Neutral,0,Not applicable,No directional setup; confirmation score not applicable.,Narrow CPR,Not applicable,Not applicable,Narrow CPR; Wide CPR rules not applied,0,0,0,0
2026-09-10,2026-09-10,CM,NSE,STK,7560,INE368U01029,UNITEDPOLY,EQ,,,,,UNITED POLYFAB GUJ. LTD.,43.0,44.0,42.3,43.07,43.7,42.93,,43.07,,,88234,3807213.64,520,F1,1,,,,,,Cash Only,Unclassified,False,43.123333333333335,43.15,43.09666666666667,43.15,43.09666666666667,0.05333333333332746,0.12382942496709418,Narrow,Bearish,Below CPR,False,True,0.03333333333333333,60,5384063.335,Higher,True,Risk Off,True,2.3764285714285727,32.9634,,0.022442641017931593,0.7071264587937839,True,False,No setup,Neutral,0,Not applicable,No directional setup; confirmation score not applicable.,Narrow CPR,Not applicable,Not applicable,Narrow CPR; Wide CPR rules not applied,0,0,0,0
2026-09-10,2026-09-10,CM,NSE,STK,2909,INE209B01025,RICOAUTO,EQ,,,,,RICO AUTO INDUSTRIES LTD,130.25,131.5,129.6,130.31,130.0,130.42,,130.31,,,416899,54383213.43,5138,F1,1,,,,,,Cash Only,Unclassified,False,130.47,130.55,130.39,130.55,130.39,0.160000000000025,0.12278413015119716,Narrow,Bearish,Below CPR,False,True,0.1,60,190834161.38,Lower,True,Risk Off,True,4.130714285714286,134.419,129.59879999999998,0.03873422099257046,0.28497630108117283,False,True,No setup,Neutral,0,Not applicable,No directional setup; confirmation score not applicable.,Narrow CPR,Not applicable,Not applicable,Narrow CPR; Wide CPR rules not applied,0,0,0,0
2026-09-10,2026-09-10,CM,NSE,STK,17388,INE814H01029,ADANIPOWER,EQ,,,,,ADANI POWER LTD,214.5,215.28,212.5,213.5,213.5,214.9,,213.5,,,18719604,4007055802.22,73718,F1,1,,,,,,F&O + Cash,Power,True,213.76,213.89,213.63,213.89,213.63,0.2599999999999909,0.12177985948477327,Narrow,Bearish,Below CPR,False,True,0.2,60,4091538808.325,Overlapping,True,Risk Off,True,6.495714285714287,211.1966,218.15599999999998,0.04002639102704939,0.9793517769077239,True,False,No setup,Neutral,0,Not applicable,No directional setup; confirmation score not applicable.,Narrow CPR,Not applicable,Not applicable,Narrow CPR; Wide CPR rules not applied,0,0,0,0
2026-09-10,2026-09-10,CM,NSE,STK,2475,INE213A01029,ONGC,EQ,,,,,OIL AND NATURAL GAS CORP.,236.1,239.8,235.6,237.27,237.27,234.02,,237.27,,,12771340,3030638669.04,89690,F1,1,,,,,,F&O + Cash,Oil Gas & Consumable Fuels,True,237.55666666666664,237.7,237.4133333333333,237.7,237.4133333333333,0.28666666666669016,0.12081875781459525,Narrow,Bearish,Below CPR,False,True,0.31666666666666665,60,2773013600.435,Higher,True,Risk Off,False,3.660714285714288,240.46560000000002,255.73579999999998,0.07830894308943727,1.0929043653318493,False,False,No setup,Neutral,0,Not applicable,No directional setup; confirmation score not applicable.,Narrow CPR,Not applicable,Not applicable,Narrow CPR; Wide CPR rules not applied,0,0,0,0
2026-09-10,2026-09-10,CM,NSE,STK,3018,INE626A01014,SAURASHCEM,EQ,,,,,SAURASHTRA CEMENT LIMITED,55.78,56.16,55.0,55.48,55.1,55.78,,55.48,,,30104,1672908.09,664,F1,1,,,,,,Cash Only,Unclassified,False,55.54666666666666,55.58,55.51333333333332,55.58,55.51333333333332,0.06666666666667709,0.1201634222542846,Narrow,Bearish,Below CPR,False,True,0.1,60,5782938.075,Lower,True,Risk Off,True,1.869285714285714,58.264,59.15389999999999,0.03566424659279631,0.2892834175818146,False,False,No setup,Neutral,0,Not applicable,No directional setup; confirmation score not applicable.,Narrow CPR,Not applicable,Not applicable,Narrow CPR; Wide CPR rules not applied,0,0,0,0
2026-09-10,2026-09-10,CM,NSE,STK,14490,INE732C01016,NCLIND,EQ,,,,,NCL INDUSTRIES LIMITED,179.04,180.8,176.05,178.11,179.25,179.12,,178.11,,,32644,5805992.16,1016,F1,1,,,,,,Cash Only,Unclassified,False,178.32000000000002,178.425,178.21500000000003,178.425,178.21500000000003,0.20999999999997954,0.11790466565604375,Narrow,Bearish,Below CPR,False,True,0.21666666666666667,60,6820600.725,Lower,True,Risk Off,True,4.878571428571427,179.6584,179.85719999999998,0.0430453879941393,0.8512435185831817,False,False,No setup,Neutral,0,Not applicable,No directional setup; confirmation score not applicable.,Narrow CPR,Not applicable,Not applicable,Narrow CPR; Wide CPR rules not applied,0,0,-2,-2
2026-09-10,2026-09-10,CM,NSE,STK,5633,INE168A01041,J&KBANK,EQ,,,,,J & K BANK LTD.,145.19,147.29,144.76,145.77,146.49,145.81,,145.77,,,1192519,173878308.27,17567,F1,1,,,,,,Cash Only,Financial Services,True,145.93999999999997,146.02499999999998,145.85499999999996,146.02499999999998,145.85499999999996,0.17000000000001592,0.11662207587296144,Narrow,Bearish,Below CPR,False,True,0.15,60,497352484.045,Overlapping,True,Risk Off,True,3.731428571428566,160.59,152.4337,0.04555895865237799,0.34960780100229205,False,False,No setup,Neutral,0,Not applicable,No directional setup; confirmation score not applicable.,Narrow CPR,Not applicable,Not applicable,Narrow CPR; Wide CPR rules not applied,0,0,0,0
2026-09-10,2026-09-10,CM,NSE,STK,21770,INE765G01017,ICICIGI,EQ,,,,,ICICI LOMBARD GIC LIMITED,1473.7,1476.0,1459.1,1465.0,1465.0,1474.0,,1465.35,,,312999,458342464.4,20692,F1,1,,,,,,F&O + Cash,Financial Services,True,1466.7,1467.55,1465.8500000000001,1467.55,1465.8500000000001,1.699999999999818,0.11604095563138689,Narrow,Bearish,Below CPR,False,True,0.16666666666666666,60,1012086270.05,Lower,True,Risk Off,True,28.12857142857146,1639.698,1715.9430000000002,0.060436769933970104,0.4528689677584071,False,False,No setup,Neutral,0,Not applicable,No directional setup; confirmation score not applicable.,Narrow CPR,Not applicable,Not applicable,Narrow CPR; Wide CPR rules not applied,0,0,0,0
2026-09-10,2026-09-10,CM,NSE,STK,13786,INE813H01021,TORNTPOWER,EQ,,,,,TORRENT POWER LTD,1305.7,1309.3,1287.8,1296.3,1298.0,1305.7,,1296.27,,,110609,143123518.5,12847,F1,1,,,,,,Cash Only,Power,True,1297.8,1298.55,1297.05,1298.55,1297.05,1.5,0.11571395510298543,Narrow,Bearish,Below CPR,False,True,0.25,60,432916512.05,Inside,True,Risk Off,True,35.82857142857146,1342.18,1431.231,0.04186602870813394,0.3306030482003649,False,False,No setup,Neutral,0,Not applicable,No directional setup; confirmation score not applicable.,Narrow CPR,Not applicable,Not applicable,Narrow CPR; Wide CPR rules not applied,0,0,0,0
2026-09-10,2026-09-10,CM,NSE,STK,2107,INE00IN01015,STOVEKRAFT,EQ,,,,,STOVE KRAFT LIMITED,839.3,847.9,835.1,840.05,839.0,839.3,,840.07,,,48566,40838762.65,5484,F1,1,,,,,,Cash Only,Unclassified,False,841.0166666666668,841.5,840.5333333333335,841.5,840.5333333333335,0.9666666666664696,0.1150725155248461,Narrow,Bearish,Below CPR,False,True,0.2,60,99699482.17500001,Higher,True,Risk Off,True,32.403571428571425,793.2620000000002,704.615,0.029832102575400806,0.40961860341778644,True,True,No setup,Neutral,0,Not applicable,No directional setup; confirmation score not applicable.,Narrow CPR,Not applicable,Not applicable,Narrow CPR; Wide CPR rules not applied,0,0,0,0
2026-09-10,2026-09-10,CM,NSE,STK,19401,INE02PY01013,BOROLTD,EQ,,,,,BOROSIL LIMITED,253.61,274.86,253.61,263.78,264.9,255.46,,263.78,,,1214319,325765782.64,20537,F1,1,,,,,,Cash Only,Unclassified,False,264.0833333333333,264.235,263.9316666666666,264.235,263.9316666666666,0.3033333333333985,0.1149948189147769,Narrow,Bearish,Below CPR,False,True,0.11666666666666667,60,20310760.3,Higher,True,Risk Off,True,13.489285714285717,243.8524,239.1063,0.022486982614072427,16.039073763280047,True,True,No setup,Neutral,0,Not applicable,No directional setup; confirmation score not applicable.,Narrow CPR,Not applicable,Not applicable,Narrow CPR; Wide CPR rules not applied,0,0,0,0
2026-09-10,2026-09-10,CM,NSE,STK,10485,INE207E01023,RAMRAT,EQ,,,,,RAM RATNA WIRES LIMITED,529.0,547.45,527.9,536.75,539.0,527.35,,536.75,,,205735,110928702.45,7960,F1,1,,,,,,Cash Only,Unclassified,False,537.3666666666667,537.675,537.0583333333334,537.675,537.0583333333334,0.6166666666665606,0.11488899239246587,Narrow,Bearish,Below CPR,False,True,0.08333333333333333,60,84133208.75,Higher,True,Risk Off,True,30.22142857142856,467.51899999999995,441.38699999999994,0.020404947608914797,1.3184889070333954,True,True,No setup,Neutral,0,Not applicable,No directional setup; confirmation score not applicable.,Narrow CPR,Not applicable,Not applicable,Narrow CPR; Wide CPR rules not applied,0,0,0,0
2026-09-10,2026-09-10,CM,NSE,STK,762939,INE314H01012,TECHNVISN,EQ,,,,,TECHNVISION VENTURES LTD.,4950.0,4950.0,4682.5,4808.0,4893.5,4928.5,,4809.52,,,135,648387.0,62,F1,1,,,,,,Cash Only,Unclassified,False,4813.5,4816.25,4810.75,4816.25,4810.75,5.5,0.11439267886855242,Narrow,Bearish,Below CPR,False,True,0.1,60,2048868.2,Inside,True,Risk Off,True,273.00714285714287,4593.4839999999995,4975.834,0.02014599304047513,0.31646105884214515,True,False,No setup,Neutral,0,Not applicable,No directional setup; confirmation score not applicable.,Narrow CPR,Not applicable,Not applicable,Narrow CPR; Wide CPR rules not applied,0,0,0,0
2026-09-10,2026-09-10,CM,NSE,STK,757,INE007A01025,CRISIL,EQ,,,,,CRISIL LTD,4690.1,4779.6,4680.0,4721.7,4717.1,4690.6,,4721.66,,,22193,104859140.4,5626,F1,1,,,,,,Cash Only,Financial Services,True,4727.099999999999,4729.8,4724.399999999999,4729.8,4724.399999999999,5.400000000001455,0.11436558866513026,Narrow,Bearish,Below CPR,False,True,0.15,60,215859446.9,Higher,True,Risk Off,True,121.29285714285705,4438.0380000000005,4265.063,0.04452034626937191,0.4857750814518556,True,True,No setup,Neutral,0,Not applicable,No directional setup; confirmation score not applicable.,Narrow CPR,Not applicable,Not applicable,Narrow CPR; Wide CPR rules not applied,0,0,0,0
2026-09-10,2026-09-10,CM,NSE,STK,20413,INE485C01029,IOLCP,EQ,,,,,IOL CHEM AND PHARMA LTD,209.0,215.5,208.07,211.43,212.0,209.29,,211.42,,,3234389,685754771.61,33073,F1,1,,,,,,Cash Only,Unclassified,False,211.66666666666666,211.785,211.54833333333332,211.785,211.54833333333332,0.2366666666666788,0.111936180611398,Narrow,Bearish,Below CPR,False,True,0.06666666666666667,60,592934183.5699999,Higher,True,Risk Off,True,10.623571428571429,168.52140000000003,143.4525,0.0222775050987259,1.1565445046212992,True,True,No setup,Neutral,0,Not applicable,No directional setup; confirmation score not applicable.,Narrow CPR,Not applicable,Not applicable,Narrow CPR; Wide CPR rules not applied,0,0,0,0
2026-09-10,2026-09-10,CM,NSE,STK,757545,INE103V01028,TRAVELFOOD,EQ,,,,,TRAVEL FOOD SERVICES LTD,1298.0,1298.0,1278.1,1285.9,1281.1,1298.6,,1285.9,,,16562,21335011.4,2153,F1,1,,,,,,Cash Only,Consumer Services,True,1287.3333333333333,1288.05,1286.6166666666666,1288.05,1286.6166666666666,1.433333333333394,0.11146538092646349,Narrow,Bearish,Below CPR,False,True,0.1,60,36794261.3,Overlapping,True,Risk Off,True,43.9357142857143,1317.082,1280.515,0.03262342166585516,0.5798461674782964,False,True,No setup,Neutral,0,Not applicable,No directional setup; confirmation score not applicable.,Narrow CPR,Not applicable,Not applicable,Narrow CPR; Wide CPR rules not applied,0,0,0,0
2026-09-10,2026-09-10,CM,NSE,STK,619,INE485A01015,CENTENKA,EQ,,,,,CENTURY ENKA LTD,573.3,576.2,563.9,569.1,564.35,570.8,,569.11,,,139334,79303779.55,5996,F1,1,,,,,,Cash Only,Unclassified,False,569.7333333333332,570.05,569.4166666666665,570.05,569.4166666666665,0.6333333333334394,0.11128682715400447,Narrow,Bearish,Below CPR,False,True,0.11666666666666667,60,28682821.450000003,Lower,True,Risk Off,True,21.68928571428572,570.581,524.6175,0.029200285416328502,2.764852812274505,False,True,No setup,Neutral,0,Not applicable,No directional setup; confirmation score not applicable.,Narrow CPR,Not applicable,Not applicable,Narrow CPR; Wide CPR rules not applied,0,0,0,0
2026-09-10,2026-09-10,CM,NSE,STK,11435,INE572J01011,SPANDANA,EQ,,,,,SPANDANA SPHOORTY FIN LTD,232.76,235.18,229.93,232.17,232.75,232.61,,232.18,,,102678,23882106.97,6011,F1,1,,,,,,Cash Only,Unclassified,False,232.42666666666665,232.555,232.2983333333333,232.555,232.2983333333333,0.25666666666671745,0.1105511765804012,Narrow,Bearish,Below CPR,False,True,0.13333333333333333,60,51357915.2,Lower,True,Risk Off,True,6.195714285714284,263.3372,257.7865,0.04142648528169294,0.465013170355482,False,False,No setup,Neutral,0,Not applicable,No directional setup; confirmation score not applicable.,Narrow CPR,Not applicable,Not applicable,Narrow CPR; Wide CPR rules not applied,0,0,0,0
2026-09-10,2026-09-10,CM,NSE,STK,14952,INE227G01018,INDOWIND,EQ,,,,,INDOWIND ENERGY LTD,9.1,9.19,9.0,9.08,9.11,9.02,,9.1,,,157093,1427767.33,449,F1,1,,,,,,Cash Only,Unclassified,False,9.089999999999998,9.094999999999999,9.084999999999997,9.094999999999999,9.084999999999997,0.010000000000001563,0.11013215859032557,Narrow,Bearish,Below CPR,False,True,0.1,60,3429375.025,Higher,True,Risk Off,True,0.2914285714285713,9.3086,10.171999999999999,0.03431372549020146,0.4163345564692214,False,False,No setup,Neutral,0,Not applicable,No directional setup; confirmation score not applicable.,Narrow CPR,Not applicable,Not applicable,Narrow CPR; Wide CPR rules not applied,0,-2,0,-2
2026-09-10,2026-09-10,CM,NSE,STK,5610,INE203A01020,ASTRAZEN,EQ,,,,,ASTRAZENECA PHARMA IND LT,6880.5,6906.0,6837.5,6860.5,6843.0,6876.5,,6860.27,,,2286,15714356.0,952,F1,1,,,,,,Cash Only,Unclassified,False,6868.0,6871.75,6864.25,6871.75,6864.25,7.5,0.10932147802638291,Narrow,Bearish,Below CPR,False,True,0.13333333333333333,60,44134971.5,Lower,True,Risk Off,True,137.53571428571428,7731.23,8095.56,0.05453129057387692,0.35605225212391944,False,False,No setup,Neutral,0,Not applicable,No directional setup; confirmation score not applicable.,Narrow CPR,Not applicable,Not applicable,Narrow CPR; Wide CPR rules not applied,0,0,0,0
2026-09-10,2026-09-10,CM,NSE,STK,11253,INE192B01031,WELSPUNLIV,EQ,,,,,WELSPUN LIVING LIMITED,210.28,213.2,208.49,210.5,210.46,210.28,,210.5,,,1879096,395646839.99,22735,F1,1,,,,,,Cash Only,Textiles,True,210.73000000000002,210.845,210.61500000000004,210.845,210.61500000000004,0.22999999999996135,0.1092636579572263,Narrow,Bearish,Below CPR,False,True,0.08333333333333333,60,449033329.145,Inside,True,Risk Off,True,6.719999999999997,175.601,159.2887,0.03422619047618474,0.8811079586082115,True,True,No setup,Neutral,0,Not applicable,No directional setup; confirmation score not applicable.,Narrow CPR,Not applicable,Not applicable,Narrow CPR; Wide CPR rules not applied,0,0,0,0
2026-09-10,2026-09-10,CM,NSE,STK,18026,INE423Y01016,SBFC,EQ,,,,,SBFC FINANCE LIMITED,99.59,99.87,97.41,98.48,98.58,99.59,,98.46,,,716501,70618563.45,8740,F1,1,,,,,,Cash Only,Financial Services,True,98.58666666666666,98.64,98.53333333333332,98.64,98.53333333333332,0.10666666666668334,0.10831302464123004,Narrow,Bearish,Below CPR,False,True,0.23333333333333334,60,83466510.255,Inside,True,Risk Off,True,3.749285714285714,94.2234,93.54109999999999,0.028449863466061476,0.8460706364055715,True,True,No setup,Neutral,0,Not applicable,No directional setup; confirmation score not applicable.,Narrow CPR,Not applicable,Not applicable,Narrow CPR; Wide CPR rules not applied,0,0,0,0
2026-09-10,2026-09-10,CM,NSE,STK,10922,INE090B01011,OMAXAUTO,EQ,,,,,OMAX AUTOS LTD,175.0,179.45,174.0,176.44,177.73,175.79,,176.45,,,38738,6814625.89,1056,F1,1,,,,,,Cash Only,Unclassified,False,176.63,176.725,176.535,176.725,176.535,0.18999999999999773,0.10768533212423356,Narrow,Bearish,Below CPR,False,True,0.11666666666666667,60,6338831.515000001,Higher,True,Risk Off,True,8.574285714285717,156.0006,130.81550000000001,0.022159280239919754,1.0750602652672019,True,True,No setup,Neutral,0,Not applicable,No directional setup; confirmation score not applicable.,Narrow CPR,Not applicable,Not applicable,Narrow CPR; Wide CPR rules not applied,0,0,0,0
2026-09-10,2026-09-10,CM,NSE,STK,12000,INE963C01033,FAZE3Q,EQ,,,,,FAZE THREE LIMITED,486.1,492.25,482.1,486.4,487.45,484.8,,486.38,,,8746,4259486.05,439,F1,1,,,,,,Cash Only,Unclassified,False,486.9166666666667,487.175,486.65833333333336,487.175,486.65833333333336,0.5166666666666515,0.10622258771929513,Narrow,Bearish,Below CPR,False,True,0.13333333333333333,60,8970730.125,Inside,True,Risk Off,True,15.049999999999999,533.8009999999999,534.955,0.034330011074196115,0.4748204427786194,False,False,No setup,Neutral,0,Not applicable,No directional setup; confirmation score not applicable.,Narrow CPR,Not applicable,Not applicable,Narrow CPR; Wide CPR rules not applied,0,0,0,0
2026-09-10,2026-09-10,CM,NSE,STK,17903,INE358A01014,ABBOTINDIA,EQ,,,,,ABBOTT INDIA LIMITED,25245.0,25395.0,25205.0,25260.0,25230.0,25225.0,,25260.57,,,7222,182591985.0,3476,F1,1,,,,,,Cash Only,Healthcare,True,25286.666666666668,25300.0,25273.333333333336,25300.0,25273.333333333336,26.66666666666424,0.10556875164950215,Narrow,Bearish,Below CPR,False,True,0.23333333333333334,60,229168095.0,Overlapping,True,Risk Off,True,436.07142857142856,27066.8,26703.45,0.06115206115205559,0.796760059466393,False,False,No setup,Neutral,0,Not applicable,No directional setup; confirmation score not applicable.,Narrow CPR,Not applicable,Not applicable,Narrow CPR; Wide CPR rules not applied,0,0,0,0
2026-09-10,2026-09-10,CM,NSE,STK,24403,INE365D01021,ASHIANA,EQ,,,,,ASHIANA HOUSING LTD,351.4,352.0,344.9,347.9,349.8,349.1,,347.83,,,19176,6653330.9,696,F1,1,,,,,,Cash Only,Unclassified,False,348.26666666666665,348.45,348.0833333333333,348.45,348.0833333333333,0.36666666666667425,0.10539427038421222,Narrow,Bearish,Below CPR,False,True,0.1,60,14450177.100000001,Inside,True,Risk Off,True,7.717857142857132,373.46299999999997,368.81699999999995,0.047508869350610335,0.4604324814814899,False,False,No setup,Neutral,0,Not applicable,No directional setup; confirmation score not applicable.,Narrow CPR,Not applicable,Not applicable,Narrow CPR; Wide CPR rules not applied,0,0,0,0
2026-09-10,2026-09-10,CM,NSE,STK,1448,INE102A01024,HLVLTD,EQ,,,,,HLV LIMITED,6.47,6.47,6.31,6.38,6.43,6.47,,6.38,,,119034,759598.49,437,F1,1,,,,,,Cash Only,Unclassified,False,6.386666666666667,6.39,6.383333333333334,6.39,6.383333333333334,0.0066666666666659324,0.1044932079414723,Narrow,Bearish,Below CPR,False,True,0.13333333333333333,60,1169342.835,Lower,True,Risk Off,True,0.2278571428571429,6.989199999999999,7.5489,0.029258098223612236,0.6495943424496204,False,False,No setup,Neutral,0,Not applicable,No directional setup; confirmation score not applicable.,Narrow CPR,Not applicable,Not applicable,Narrow CPR; Wide CPR rules not applied,0,0,0,0
2026-09-10,2026-09-10,CM,NSE,STK,20321,INE274V01019,SHANKARA,EQ,,,,,SHANKARA BLDG PRODUCT LTD,148.99,148.99,148.29,148.41,148.3,148.29,,148.42,,,109702,16278665.3,2116,F1,1,,,,,,Cash Only,Unclassified,False,148.5633333333333,148.64,148.48666666666662,148.64,148.48666666666662,0.1533333333333644,0.10331738651934803,Narrow,Bearish,Below CPR,False,True,0.3,60,10410514.935,Higher,True,Risk Off,False,2.4564285714285705,138.40439999999998,122.6057,0.062421246486394376,1.5636753226558817,True,True,No setup,Neutral,0,Not applicable,No directional setup; confirmation score not applicable.,Narrow CPR,Not applicable,Not applicable,Narrow CPR; Wide CPR rules not applied,0,0,0,0
2026-09-10,2026-09-10,CM,NSE,STK,21001,INE608A01012,PSB,EQ,,,,,PUNJAB & SIND BANK,22.6,22.81,22.46,22.6,22.74,22.64,,22.6,,,1124783,25409640.43,3463,F1,1,,,,,,Cash Only,Unclassified,False,22.623333333333335,22.634999999999998,22.61166666666667,22.634999999999998,22.61166666666667,0.023333333333326323,0.10324483775808106,Narrow,Bearish,Below CPR,False,True,0.21666666666666667,60,28048474.6,Lower,True,Risk Off,True,0.43214285714285694,23.7548,24.0785,0.053994490358110526,0.9059187992348076,False,False,No setup,Neutral,0,Not applicable,No directional setup; confirmation score not applicable.,Narrow CPR,Not applicable,Not applicable,Narrow CPR; Wide CPR rules not applied,0,0,0,0
2026-09-10,2026-09-10,CM,NSE,STK,28125,INE115Q01022,IKS,EQ,,,,,INVENTURUS KNOWLEDGE SO L,1782.0,1802.2,1770.7,1783.7,1779.6,1792.1,,1783.66,,,76060,135989425.0,8032,F1,1,,,,,,Cash Only,Information Technology,True,1785.5333333333335,1786.45,1784.616666666667,1786.45,1784.616666666667,1.8333333333330302,0.10278260544559231,Narrow,Bearish,Below CPR,False,True,0.15,60,244148650.10000002,Lower,True,Risk Off,True,51.07142857142857,1813.0539999999999,1729.1480000000001,0.03589743589742996,0.55699437594392,False,True,No setup,Neutral,0,Not applicable,No directional setup; confirmation score not applicable.,Narrow CPR,Not applicable,Not applicable,Narrow CPR; Wide CPR rules not applied,0,0,0,0
2026-09-10,2026-09-10,CM,NSE,STK,1289,INE538A01037,GFLLIMITED,EQ,,,,,GFL LIMITED,57.5,59.9,57.16,58.44,58.0,57.35,,58.44,,,107699,6306954.15,1600,F1,1,,,,,,Cash Only,Unclassified,False,58.5,58.53,58.47,58.53,58.47,0.060000000000002274,0.10266940451745768,Narrow,Bearish,Below CPR,False,True,0.05,60,2623497.175,Inside,True,Risk Off,True,2.9828571428571435,50.6284,48.8071,0.020114942528736388,2.404025516055683,True,True,No setup,Neutral,0,Not applicable,No directional setup; confirmation score not applicable.,Narrow CPR,Not applicable,Not applicable,Narrow CPR; Wide CPR rules not applied,0,0,0,0
2026-09-10,2026-09-10,CM,NSE,STK,18944,INE473D01015,KINGFA,EQ,,,,,KINGFA SCI & TEC IND LTD.,6201.0,6347.0,6127.0,6227.5,6185.5,6157.5,,6227.31,,,56247,351286758.5,15717,F1,1,,,,,,Cash Only,Unclassified,False,6233.833333333333,6237.0,6230.666666666666,6237.0,6230.666666666666,6.33333333333394,0.10169945135823266,Narrow,Bearish,Below CPR,False,True,0.11666666666666667,60,41692223.5,Higher,True,Risk Off,True,175.17857142857142,5516.29,5317.328,0.036153584777441454,8.425714174251224,True,True,No setup,Neutral,0,Not applicable,No directional setup; confirmation score not applicable.,Narrow CPR,Not applicable,Not applicable,Narrow CPR; Wide CPR rules not applied,0,0,0,0
2026-09-10,2026-09-10,CM,NSE,STK,480,INE340A01012,BIRLACORPN,EQ,,,,,BIRLA CORPORATION LTD,839.0,844.95,831.0,836.7,838.5,836.9,,836.7,,,27535,23101167.35,4443,F1,1,,,,,,Cash Only,Unclassified,False,837.5500000000001,837.975,837.1250000000001,837.975,837.1250000000001,0.849999999999909,0.10158957810444712,Narrow,Bearish,Below CPR,False,True,0.11666666666666667,60,54332742.625,Lower,True,Risk Off,True,20.91785714285715,917.956,949.8965,0.04063513744237228,0.42517948172508624,False,False,No setup,Neutral,0,Not applicable,No directional setup; confirmation score not applicable.,Narrow CPR,Not applicable,Not applicable,Narrow CPR; Wide CPR rules not applied,0,0,0,0
2026-09-10,2026-09-10,CM,NSE,STK,15313,INE821I01022,IRB,EQ,,,,,IRB INFRA DEV LTD.,19.9,20.6,19.28,19.91,19.94,19.07,,19.91,,,78742444,1567342559.61,99372,F1,1,,,,,,Cash Only,Construction,True,19.930000000000003,19.94,19.920000000000005,19.94,19.920000000000005,0.01999999999999602,0.10045203415367163,Narrow,Bearish,Below CPR,False,True,0.2,60,142386631.36,Higher,True,Risk Off,True,0.536428571428571,19.6798,20.507199999999997,0.037283621837542545,11.007652506696678,True,False,No setup,Neutral,0,Not applicable,No directional setup; confirmation score not applicable.,Narrow CPR,Not applicable,Not applicable,Narrow CPR; Wide CPR rules not applied,0,0,-2,-2
2026-09-10,2026-09-10,CM,NSE,STK,2658,INE245B01011,PHOENXINTL,EQ,,,,,PHOENIX INTERNATIONAL LTD,29.61,30.8,29.59,30.15,30.15,30.2,,29.35,,,1802,53467.92,54,F1,1,,,,,,Cash Only,Unclassified,False,30.179999999999996,30.195,30.164999999999992,30.195,30.164999999999992,0.030000000000008242,0.09950248756221639,Narrow,Bearish,Below CPR,False,True,0.05263157894736842,19,61644.4,Higher,False,Risk Off,False,2.935,,,0.010221465076663796,0.8673605388323999,False,False,No setup,Neutral,0,Not applicable,No directional setup; confirmation score not applicable.,Narrow CPR,Not applicable,Not applicable,Narrow CPR; Wide CPR rules not applied,0,0,0,0
2026-09-10,2026-09-10,CM,NSE,STK,11058,INE650K01021,SECURKLOUD,EQ,,,,,SECUREKLOUD TECH LIMITED,17.0,17.19,16.7,16.92,16.78,16.96,,16.96,,,6278,105443.21,90,F1,1,,,,,,Cash Only,Unclassified,False,16.936666666666667,16.945,16.928333333333335,16.945,16.928333333333335,0.01666666666666572,0.09850275807722056,Narrow,Bearish,Below CPR,False,True,0.08333333333333333,60,229246.425,Lower,True,Risk Off,True,1.0049999999999997,17.9822,19.3884,0.016583747927030573,0.45995574412992485,False,False,No setup,Neutral,0,Not applicable,No directional setup; confirmation score not applicable.,Narrow CPR,Not applicable,Not applicable,Narrow CPR; Wide CPR rules not applied,0,0,0,0
2026-09-10,2026-09-10,CM,NSE,STK,338,INE164A01016,BALMLAWRIE,EQ,,,,,BALMER LAWRIE & CO LTD,175.9,176.57,172.1,174.08,173.62,175.6,,174.08,,,436931,76263167.8,5562,F1,1,,,,,,Cash Only,Unclassified,False,174.25,174.33499999999998,174.16500000000002,174.33499999999998,174.16500000000002,0.16999999999995907,0.09765624999997648,Narrow,Bearish,Below CPR,False,True,0.25,60,18061668.16,Lower,True,Risk Off,True,3.21285714285714,176.30559999999997,179.81470000000002,0.052912405513548894,4.2223767552597975,False,False,No setup,Neutral,0,Not applicable,No directional setup; confirmation score not applicable.,Narrow CPR,Not applicable,Not applicable,Narrow CPR; Wide CPR rules not applied,0,0,0,0
2026-09-10,2026-09-10,CM,NSE,STK,10407,INE013801027,KSHITIJPOL,EQ,,,,,KSHITIJ POLYLINE LIMITED,3.27,3.6,3.27,3.43,3.46,3.44,,3.43,,,4029786,13482609.52,1311,F1,1,,,,,,Cash Only,Unclassified,False,3.4333333333333336,3.435,3.431666666666667,3.435,3.431666666666667,0.0033333333333329662,0.09718172983478035,Narrow,Bearish,Below CPR,False,True,0.11666666666666667,60,743424.66,Lower,True,Risk Off,True,0.19428571428571423,2.6721999999999997,2.6275999999999997,0.017156862745096153,18.13581152930816,True,True,No setup,Neutral,0,Not applicable,No directional setup; confirmation score not applicable.,Narrow CPR,Not applicable,Not applicable,Narrow CPR; Wide CPR rules not applied,0,0,0,0
2026-09-10,2026-09-10,CM,NSE,STK,5900,INE238A01034,AXISBANK,EQ,,,,,AXIS BANK LIMITED,1242.1,1255.2,1240.4,1246.0,1246.0,1238.5,,1246.55,,,4150654,5181078962.9,89773,F1,1,,,,,,F&O + Cash,Financial Services,True,1247.2,1247.8000000000002,1246.6,1247.8000000000002,1246.6,1.2000000000002728,0.09630818619584855,Narrow,Bearish,Below CPR,False,True,0.16666666666666666,60,7103247382.5,Higher,True,Risk Off,True,22.60714285714289,1262.22,1285.02,0.05308056872039114,0.7293958219256768,False,False,No setup,Neutral,0,Not applicable,No directional setup; confirmation score not applicable.,Narrow CPR,Not applicable,Not applicable,Narrow CPR; Wide CPR rules not applied,0,0,0,0
2026-09-10,2026-09-10,CM,NSE,STK,14947,INE338I01027,MOTILALOFS,EQ,,,,,MOTILAL OSWAL FIN LTD,1023.0,1024.9,1008.0,1015.0,1015.0,1025.0,,1015.02,,,338388,343429300.6,17022,F1,1,,,,,,F&O + Cash,Financial Services,True,1015.9666666666667,1016.45,1015.4833333333333,1016.45,1015.4833333333333,0.966666666666697,0.09523809523809822,Narrow,Bearish,Below CPR,False,True,0.05,60,691321857.675,Lower,True,Risk Off,True,28.17857142857142,950.403,910.4455,0.03430502746092208,0.4967719402869668,True,True,No setup,Neutral,0,Not applicable,No directional setup; confirmation score not applicable.,Narrow CPR,Not applicable,Not applicable,Narrow CPR; Wide CPR rules not applied,0,0,0,0
2026-09-10,2026-09-10,CM,NSE,STK,3403,INE820Y01021,AJOONI,EQ,,,,,AJOONI BIOTECH LIMITED,3.5,3.57,3.44,3.5,3.49,3.5,,3.5,,,279132,974199.54,439,F1,1,,,,,,Cash Only,Unclassified,False,3.5033333333333334,3.505,3.501666666666667,3.505,3.501666666666667,0.0033333333333329662,0.09523809523808476,Narrow,Bearish,Below CPR,False,True,0.13333333333333333,60,1145834.155,Higher,True,Risk Off,True,0.15214285714285705,3.8412,3.9408999999999996,0.02190923317683641,0.850209897958575,False,False,No setup,Neutral,0,Not applicable,No directional setup; confirmation score not applicable.,Narrow CPR,Not applicable,Not applicable,Narrow CPR; Wide CPR rules not applied,0,0,0,0
2026-09-10,2026-09-10,CM,NSE,STK,2885,INE002A01018,RELIANCE,EQ,,,,,RELIANCE INDUSTRIES LTD,1278.5,1285.3,1266.3,1274.0,1274.0,1279.0,,1274.11,,,9296079,11838269882.3,179169,F1,1,,,,,,F&O + Cash,Oil Gas & Consumable Fuels,True,1275.2,1275.8,1274.6000000000001,1275.8,1274.6000000000001,1.199999999999818,0.09419152276293705,Narrow,Bearish,Below CPR,False,True,0.16666666666666666,60,13840791870.5,Lower,True,Risk Off,True,21.94285714285713,1302.128,1322.365,0.05468749999999174,0.8553173830705353,False,False,No setup,Neutral,0,Not applicable,No directional setup; confirmation score not applicable.,Narrow CPR,Not applicable,Not applicable,Narrow CPR; Wide CPR rules not applied,0,0,0,0
2026-09-10,2026-09-10,CM,NSE,STK,5258,INE095A01012,INDUSINDBK,EQ,,,,,INDUSIND BANK LIMITED,1001.9,1002.7,986.7,993.3,993.3,1004.0,,993.3,,,972483,965301135.9,25783,F1,1,,,,,,F&O + Cash,Financial Services,True,994.2333333333332,994.7,993.7666666666664,994.7,993.7666666666664,0.9333333333336213,0.09396288466058808,Narrow,Bearish,Below CPR,False,True,0.2,60,1381742900.1,Lower,True,Risk Off,True,21.107142857142865,1011.7920000000001,961.1965000000001,0.044218838127481196,0.6986112509281857,False,True,No setup,Neutral,0,Not applicable,No directional setup; confirmation score not applicable.,Narrow CPR,Not applicable,Not applicable,Narrow CPR; Wide CPR rules not applied,0,0,0,0
2026-09-10,2026-09-10,CM,NSE,STK,1162,INE043A01012,GTL,EQ,,,,,GTL LTD,7.17,7.29,7.13,7.2,7.2,7.16,,7.21,,,181256,1310359.91,615,F1,1,,,,,,Cash Only,Unclassified,False,7.206666666666667,7.21,7.203333333333334,7.21,7.203333333333334,0.0066666666666659324,0.09259259259258239,Narrow,Bearish,Below CPR,False,True,0.15,60,1468363.72,Higher,True,Risk Off,True,0.3235714285714285,7.3354,7.358299999999999,0.020603384841793172,0.8923946377536486,False,False,No setup,Neutral,0,Not applicable,No directional setup; confirmation score not applicable.,Narrow CPR,Not applicable,Not applicable,Narrow CPR; Wide CPR rules not applied,0,0,0,0
2026-09-10,2026-09-10,CM,NSE,STK,9553,INE00F201020,PRUDENT,EQ,,,,,PRUDENT CORP ADV SER LTD,3302.4,3355.0,3291.7,3318.8,3301.0,3302.5,,3318.71,,,8339,27729267.5,2808,F1,1,,,,,,Cash Only,Unclassified,False,3321.8333333333335,3323.35,3320.316666666667,3323.35,3320.316666666667,3.0333333333328483,0.09139849744886248,Narrow,Bearish,Below CPR,False,True,0.1,60,77645307.3,Higher,True,Risk Off,True,178.54285714285723,3197.6740000000004,3010.9730000000004,0.016989384968258865,0.3571274100682193,True,True,No setup,Neutral,0,Not applicable,No directional setup; confirmation score not applicable.,Narrow CPR,Not applicable,Not applicable,Narrow CPR; Wide CPR rules not applied,0,0,0,0
2026-09-10,2026-09-10,CM,NSE,STK,34,INE045A01017,ADOR,EQ,,,,,ADOR WELDING LTD,1635.4,1641.2,1610.0,1623.4,1621.8,1628.2,,1623.38,,,20760,33692898.0,2914,F1,1,,,,,,Cash Only,Unclassified,False,1624.8666666666668,1625.6,1624.1333333333337,1625.6,1624.1333333333337,1.4666666666662422,0.09034536569337452,Narrow,Bearish,Below CPR,False,True,0.13333333333333333,60,55238712.3,Lower,True,Risk Off,True,66.61428571428577,1507.3339999999998,1313.56,0.022017299306591652,0.6099508224778079,True,True,No setup,Neutral,0,Not applicable,No directional setup; confirmation score not applicable.,Narrow CPR,Not applicable,Not applicable,Narrow CPR; Wide CPR rules not applied,0,0,0,0
2026-09-10,2026-09-10,CM,NSE,STK,5938,INE950M01013,MONTECARLO,EQ,,,,,MONTE CARLO FASHIONS LTD.,553.0,560.6,553.0,556.05,556.3,553.3,,556.05,,,28781,16010484.1,1264,F1,1,,,,,,Cash Only,Unclassified,False,556.55,556.8,556.3,556.8,556.3,0.5,0.08991997122560921,Narrow,Bearish,Below CPR,False,True,0.13333333333333333,60,20633103.65,Higher,True,Risk Off,True,17.017857142857142,536.415,546.5575,0.029380902413431272,0.7759610173818906,True,True,No setup,Neutral,0,Not applicable,No directional setup; confirmation score not applicable.,Narrow CPR,Not applicable,Not applicable,Narrow CPR; Wide CPR rules not applied,0,0,0,0
2026-09-10,2026-09-10,CM,NSE,STK,18096,INE797F01020,JUBLFOOD,EQ,,,,,JUBILANT FOODWORKS LTD,474.95,480.9,467.95,473.8,473.8,475.95,,473.8,,,962855,455697485.85,22161,F1,1,,,,,,F&O + Cash,Consumer Services,True,474.21666666666664,474.42499999999995,474.0083333333333,474.42499999999995,474.0083333333333,0.41666666666662877,0.08794146616011582,Narrow,Bearish,Below CPR,False,True,0.11666666666666667,60,760959737.875,Lower,True,Risk Off,True,12.51071428571428,464.79799999999994,455.01349999999996,0.03330478637358153,0.5988457249033269,True,True,No setup,Neutral,0,Not applicable,No directional setup; confirmation score not applicable.,Narrow CPR,Not applicable,Not applicable,Narrow CPR; Wide CPR rules not applied,0,0,0,0
2026-09-10,2026-09-10,CM,NSE,STK,11703,INE540L01014,ALKEM,EQ,,,,,ALKEM LABORATORIES LTD.,5166.0,5185.0,5104.5,5138.0,5138.0,5139.0,,5137.98,,,41390,212367930.0,7361,F1,1,,,,,,F&O + Cash,Healthcare,True,5142.5,5144.75,5140.25,5144.75,5140.25,4.5,0.08758271701050993,Narrow,Bearish,Below CPR,False,True,0.23333333333333334,60,595913005.5,Lower,True,Risk Off,True,89.14285714285714,5496.32,5459.615,0.05048076923076923,0.35637404795656874,False,False,No setup,Neutral,0,Not applicable,No directional setup; confirmation score not applicable.,Narrow CPR,Not applicable,Not applicable,Narrow CPR; Wide CPR rules not applied,0,0,0,0
2026-09-10,2026-09-10,CM,NSE,STK,27176,INE0ONG01011,NTPCGREEN,EQ,,,,,NTPC GREEN ENERGY LIMITED,88.05,88.12,87.55,87.72,87.55,88.03,,87.72,,,1225146,107589931.58,17022,F1,1,,,,,,Cash Only,Power,True,87.79666666666667,87.83500000000001,87.75833333333333,87.83500000000001,87.75833333333333,0.0766666666666822,0.08739930080561127,Narrow,Bearish,Below CPR,False,True,0.23333333333333334,60,218966594.89,Lower,True,Risk Off,True,1.222857142857141,91.7278,97.71549999999999,0.06269470404985704,0.4913531748258169,False,False,No setup,Neutral,0,Not applicable,No directional setup; confirmation score not applicable.,Narrow CPR,Not applicable,Not applicable,Narrow CPR; Wide CPR rules not applied,0,0,-2,-2
2026-09-10,2026-09-10,CM,NSE,STK,3411,INE670A01012,TATAELXSI,EQ,,,,,TATA ELXSI LIMITED,3384.0,3456.9,3370.0,3409.0,3409.0,3383.0,,3408.94,,,208936,713864548.4,19931,F1,1,,,,,,F&O + Cash,Information Technology,True,3411.9666666666667,3413.45,3410.4833333333336,3413.45,3410.4833333333336,2.9666666666662422,0.08702454287668648,Narrow,Bearish,Below CPR,False,True,0.08333333333333333,60,877922451.0999999,Inside,True,Risk Off,True,86.36428571428577,3632.9159999999997,3900.5,0.03435061891764731,0.8131293914463148,False,False,No setup,Neutral,0,Not applicable,No directional setup; confirmation score not applicable.,Narrow CPR,Not applicable,Not applicable,Narrow CPR; Wide CPR rules not applied,0,0,0,0
2026-09-10,2026-09-10,CM,NSE,STK,20182,INE442H01029,ASHOKA,EQ,,,,,ASHOKA BUILDCON LTD,114.25,114.5,112.85,113.53,113.5,113.58,,113.53,,,492184,55818906.14,5138,F1,1,,,,,,Cash Only,Unclassified,False,113.62666666666667,113.675,113.57833333333333,113.675,113.57833333333333,0.09666666666666401,0.08514636366305295,Narrow,Bearish,Below CPR,False,True,0.18333333333333332,60,80980051.83,Outside,True,Risk Off,True,3.6485714285714295,119.90700000000001,124.6947,0.02649438788827909,0.6892920525314018,False,False,No setup,Neutral,0,Not applicable,No directional setup; confirmation score not applicable.,Narrow CPR,Not applicable,Not applicable,Narrow CPR; Wide CPR rules not applied,0,0,0,0
2026-09-10,2026-09-10,CM,NSE,STK,9117,INE716B01029,TIPSMUSIC,EQ,,,,,TIPS MUSIC LIMITED,658.55,674.4,644.05,658.4,659.85,650.8,,658.39,,,528038,349219011.0,35011,F1,1,,,,,,Cash Only,Unclassified,False,658.9499999999999,659.2249999999999,658.675,659.2249999999999,658.675,0.5499999999999545,0.08353584447143902,Narrow,Bearish,Below CPR,False,True,0.11666666666666667,60,139804041.425,Higher,True,Risk Off,True,17.04642857142856,668.605,659.3314999999999,0.032264822962494735,2.4979178530210358,False,False,No setup,Neutral,0,Not applicable,No directional setup; confirmation score not applicable.,Narrow CPR,Not applicable,Not applicable,Narrow CPR; Wide CPR rules not applied,0,0,0,0
2026-09-10,2026-09-10,CM,NSE,STK,2433,INE910A01012,NIRLON,EQ,,,,,NIRLON LTD,622.65,622.65,619.0,620.05,620.0,619.7,,620.07,,,3618,2243555.7,193,F1,1,,,,,,Cash Only,Unclassified,False,620.5666666666667,620.825,620.3083333333334,620.825,620.3083333333334,0.5166666666666515,0.08332661344514984,Narrow,Bearish,Below CPR,False,True,0.13333333333333333,60,2874290.55,Inside,True,Risk Off,True,13.199999999999998,626.792,613.5419999999999,0.039141414141413,0.7805598150124385,False,True,No setup,Neutral,0,Not applicable,No directional setup; confirmation score not applicable.,Narrow CPR,Not applicable,Not applicable,Narrow CPR; Wide CPR rules not applied,0,0,0,0
2026-09-10,2026-09-10,CM,NSE,STK,385,INE766P01016,MAHLOG,EQ,,,,,MAHINDRA LOGISTIC LIMITED,403.45,404.3,396.9,400.1,399.3,401.75,,400.1,,,75748,30315628.5,3671,F1,1,,,,,,Cash Only,Unclassified,False,400.4333333333334,400.6,400.26666666666677,400.6,400.26666666666677,0.33333333333325754,0.08331250520701262,Narrow,Bearish,Below CPR,False,True,0.1,60,63461939.325,Lower,True,Risk Off,True,11.032142857142857,400.767,386.1064999999999,0.030214740476954393,0.4776977952840082,False,True,No setup,Neutral,0,Not applicable,No directional setup; confirmation score not applicable.,Narrow CPR,Not applicable,Not applicable,Narrow CPR; Wide CPR rules not applied,0,0,0,0
2026-09-10,2026-09-10,CM,NSE,STK,17333,INE998I01010,MHRIL,EQ,,,,,MAHINDRA HOLIDAYS LTD,199.99,200.63,193.0,196.57,196.9,199.36,,196.6,,,313310,61390120.92,8650,F1,1,,,,,,Cash Only,Unclassified,False,196.73333333333335,196.815,196.6516666666667,196.815,196.6516666666667,0.16333333333329847,0.08309168913531997,Narrow,Bearish,Below CPR,False,True,0.08333333333333333,60,22609909.575000003,Lower,True,Risk Off,True,5.430000000000002,220.80360000000002,227.4567,0.03007980356046011,2.7151864856584678,False,False,No setup,Neutral,0,Not applicable,No directional setup; confirmation score not applicable.,Narrow CPR,Not applicable,Not applicable,Narrow CPR; Wide CPR rules not applied,0,0,0,0
2026-09-10,2026-09-10,CM,NSE,STK,809,INE032Z01020,BSHSL,EQ,,,,,BOMBAY SUPER HYBRID SEEDS,90.8,90.9,87.0,88.84,89.98,89.42,,88.47,,,3781,335750.45,133,F1,1,,,,,,Cash Only,Unclassified,False,88.91333333333334,88.95,88.87666666666668,88.95,88.87666666666668,0.07333333333332348,0.0825453999699724,Narrow,Bearish,Below CPR,False,True,0.13333333333333333,60,1322844.26,Lower,True,Risk Off,True,3.516428571428573,93.64659999999999,91.15369999999999,0.020854492518109453,0.25380950740187663,False,False,No setup,Neutral,0,Not applicable,No directional setup; confirmation score not applicable.,Narrow CPR,Not applicable,Not applicable,Narrow CPR; Wide CPR rules not applied,0,0,0,0
2026-09-10,2026-09-10,CM,NSE,STK,29135,INE121J01017,INDUSTOWER,EQ,,,,,INDUS TOWERS LIMITED,376.2,376.2,368.7,372.0,372.0,373.7,,372.0,,,4491149,1669363625.85,37976,F1,1,,,,,,F&O + Cash,Telecommunication,True,372.3,372.45,372.15000000000003,372.45,372.15000000000003,0.2999999999999545,0.08064516129031037,Narrow,Bearish,Below CPR,False,True,0.11666666666666667,60,1781047827.225,Lower,True,Risk Off,True,8.917857142857144,385.773,400.295,0.03364036844212545,0.9372929801952529,False,False,No setup,Neutral,0,Not applicable,No directional setup; confirmation score not applicable.,Narrow CPR,Not applicable,Not applicable,Narrow CPR; Wide CPR rules not applied,0,0,0,0
2026-09-10,2026-09-10,CM,NSE,STK,765105,INE348N01042,KDGREEN,EQ,,,,,KD GREEN INDUSTRIES LTD,50.2,51.75,48.65,50.14,49.94,50.01,,50.15,,,95699,4796335.12,762,F1,1,,,,,,Cash Only,Unclassified,False,50.18000000000001,50.2,50.16000000000001,50.2,50.16000000000001,0.03999999999999204,0.07977662544872764,Narrow,Bearish,Below CPR,False,True,0.16666666666666666,6,3245075.005,Higher,False,Risk Off,False,,,,,1.4780352110844355,False,False,No setup,Neutral,0,Not applicable,No directional setup; confirmation score not applicable.,Narrow CPR,Not applicable,Not applicable,Narrow CPR; Wide CPR rules not applied,0,0,0,0
2026-09-10,2026-09-10,CM,NSE,STK,10999,INE585B01010,MARUTI,EQ,,,,,MARUTI SUZUKI INDIA LTD.,12679.0,12693.0,12517.0,12590.0,12590.0,12618.0,,12585.19,,,338613,4271391293.0,45349,F1,1,,,,,,F&O + Cash,Automobile and Auto Components,True,12600.0,12605.0,12595.0,12605.0,12595.0,10.0,0.07942811755361398,Narrow,Bearish,Below CPR,False,True,0.13333333333333333,60,4707791391.5,Lower,True,Risk Off,True,244.0,13652.6,13492.75,0.040983606557377046,0.9073025836939317,False,False,No setup,Neutral,0,Not applicable,No directional setup; confirmation score not applicable.,Narrow CPR,Not applicable,Not applicable,Narrow CPR; Wide CPR rules not applied,0,0,0,0
2026-09-10,2026-09-10,CM,NSE,STK,3499,INE081A01020,TATASTEEL,EQ,,,,,TATA STEEL LIMITED,189.0,189.0,185.0,186.78,186.78,188.75,,186.75,,,23334612,4353785274.52,105406,F1,1,,,,,,F&O + Cash,Metals & Mining,True,186.92666666666665,187.0,186.8533333333333,187.0,186.8533333333333,0.1466666666667038,0.0785237534354341,Narrow,Bearish,Below CPR,False,True,0.18333333333333332,60,4378914190.440001,Inside,True,Risk Off,True,4.842857142857142,186.791,196.4567,0.03028515240905389,0.9942613819711605,False,False,No setup,Neutral,0,Not applicable,No directional setup; confirmation score not applicable.,Narrow CPR,Not applicable,Not applicable,Narrow CPR; Wide CPR rules not applied,0,0,-2,-2
2026-09-10,2026-09-10,CM,NSE,STK,757767,INE12NJ01018,SAMBHV,EQ,,,,,SAMBHV STEEL TUBES LTD,130.0,135.9,129.43,132.51,132.5,130.44,,132.52,,,2348033,312294492.85,23823,F1,1,,,,,,Cash Only,Unclassified,False,132.61333333333334,132.66500000000002,132.56166666666667,132.66500000000002,132.56166666666667,0.10333333333335304,0.07798153598472043,Narrow,Bearish,Below CPR,False,True,0.05,60,140295417.82999998,Higher,True,Risk Off,True,5.3085714285714305,122.12419999999999,117.22309999999999,0.01946537495515261,2.225977852166322,True,True,No setup,Neutral,0,Not applicable,No directional setup; confirmation score not applicable.,Narrow CPR,Not applicable,Not applicable,Narrow CPR; Wide CPR rules not applied,0,0,0,0
2026-09-10,2026-09-10,CM,NSE,STK,18564,INE010V01017,LTTS,EQ,,,,,L&T TECHNOLOGY SER. LTD.,3364.0,3411.2,3352.5,3377.9,3370.1,3364.0,,3377.87,,,47576,160593366.5,10900,F1,1,,,,,,Cash Only,Information Technology,True,3380.5333333333333,3381.85,3379.2166666666667,3381.85,3379.2166666666667,2.633333333333212,0.07795770547775872,Narrow,Bearish,Below CPR,False,True,0.11666666666666667,60,300105402.4,Higher,True,Risk Off,True,80.60000000000004,3465.986,3461.176,0.03267162944582148,0.5351232107642991,False,False,No setup,Neutral,0,Not applicable,No directional setup; confirmation score not applicable.,Narrow CPR,Not applicable,Not applicable,Narrow CPR; Wide CPR rules not applied,0,0,0,0
2026-09-10,2026-09-10,CM,NSE,STK,7053,INE793A01012,ACCELYA,EQ,,,,,ACCELYA SOLN INDIA LTD,1114.4,1128.8,1110.0,1118.1,1115.0,1119.9,,1118.13,,,5259,5881364.8,509,F1,1,,,,,,Cash Only,Unclassified,False,1118.9666666666667,1119.4,1118.5333333333333,1119.4,1118.5333333333333,0.8666666666667879,0.07751244671020374,Narrow,Bearish,Below CPR,False,True,0.16666666666666666,60,6154325.3,Lower,True,Risk Off,True,17.528571428571436,1133.634,1135.329,0.049443086117909645,0.955647372101049,False,False,No setup,Neutral,0,Not applicable,No directional setup; confirmation score not applicable.,Narrow CPR,Not applicable,Not applicable,Narrow CPR; Wide CPR rules not applied,0,0,0,0
2026-09-10,2026-09-10,CM,NSE,STK,1512,INE053A01029,INDHOTEL,EQ,,,,,THE INDIAN HOTELS CO. LTD,718.4,720.6,712.55,715.75,715.75,722.75,,715.76,,,991880,711523191.05,23424,F1,1,,,,,,F&O + Cash,Consumer Services,True,716.3000000000001,716.575,716.0250000000001,716.575,716.0250000000001,0.5499999999999545,0.07684247293048614,Narrow,Bearish,Below CPR,False,True,0.18333333333333332,60,1363829578.775,Lower,True,Risk Off,True,15.657142857142869,729.86,700.11,0.03512773722627444,0.5217097518071828,False,True,No setup,Neutral,0,Not applicable,No directional setup; confirmation score not applicable.,Narrow CPR,Not applicable,Not applicable,Narrow CPR; Wide CPR rules not applied,0,0,0,0
2026-09-10,2026-09-10,CM,NSE,STK,163,INE438A01022,APOLLOTYRE,EQ,,,,,APOLLO TYRES LTD,423.6,423.65,416.4,419.55,418.05,422.25,,419.55,,,284234,119122699.0,13234,F1,1,,,,,,Cash Only,Automobile and Auto Components,True,419.8666666666666,420.025,419.70833333333326,420.025,419.70833333333326,0.3166666666667197,0.0754776943550756,Narrow,Bearish,Below CPR,False,True,0.18333333333333332,60,243106239.05,Inside,True,Risk Off,True,10.603571428571419,435.11800000000005,421.131,0.029864151790731427,0.4900026402674917,False,False,No setup,Neutral,0,Not applicable,No directional setup; confirmation score not applicable.,Narrow CPR,Not applicable,Not applicable,Narrow CPR; Wide CPR rules not applied,0,0,0,0
2026-09-10,2026-09-10,CM,NSE,STK,16696,INE0PA801013,GHCLTEXTIL,EQ,,,,,GHCL TEXTILES LIMITED,134.72,134.88,130.5,132.54,133.0,133.67,,132.54,,,233354,30859597.62,3214,F1,1,,,,,,Cash Only,Unclassified,False,132.64,132.69,132.58999999999997,132.69,132.58999999999997,0.10000000000002274,0.07544892108044571,Narrow,Bearish,Below CPR,False,True,0.05,60,77850416.28999999,Lower,True,Risk Off,True,5.664285714285714,120.3574,106.53379999999999,0.01765447667087413,0.3963960514359377,True,True,No setup,Neutral,0,Not applicable,No directional setup; confirmation score not applicable.,Narrow CPR,Not applicable,Not applicable,Narrow CPR; Wide CPR rules not applied,0,0,0,0
2026-09-10,2026-09-10,CM,NSE,STK,25503,INE250Z01010,INDOUS,EQ,,,,,INDO US BIOTECH LTD,81.2,81.25,78.01,79.54,80.34,80.25,,79.49,,,5668,453046.36,433,F1,1,,,,,,Cash Only,Unclassified,False,79.60000000000001,79.63,79.57000000000002,79.63,79.57000000000002,0.05999999999997385,0.07543374402812905,Narrow,Bearish,Below CPR,False,True,0.05,60,1441204.77,Lower,True,Risk Off,True,4.897857142857142,83.49700000000001,91.1335,0.012250255213644947,0.31435252604666303,False,False,No setup,Neutral,0,Not applicable,No directional setup; confirmation score not applicable.,Narrow CPR,Not applicable,Not applicable,Narrow CPR; Wide CPR rules not applied,0,0,0,0
2026-09-10,2026-09-10,CM,NSE,STK,11773,INE755Q01025,VISHAL,EQ,,,,,VISHAL FABRICS LTD.,18.57,18.57,17.81,18.17,18.15,18.21,,18.17,,,58458,1060477.11,353,F1,1,,,,,,Cash Only,Unclassified,False,18.183333333333334,18.189999999999998,18.17666666666667,18.189999999999998,18.17666666666667,0.013333333333328312,0.07338103100345796,Narrow,Bearish,Below CPR,False,True,0.21052631578947367,19,838050.99,Lower,False,Risk Off,False,1.1100000000000008,,,0.01201201201200748,1.2654088148025457,False,False,No setup,Neutral,0,Not applicable,No directional setup; confirmation score not applicable.,Narrow CPR,Not applicable,Not applicable,Narrow CPR; Wide CPR rules not applied,0,0,0,0
2026-09-10,2026-09-10,CM,NSE,STK,3396,INE123C01018,TAINWALCHM,EQ,,,,,TAINWALA CHEMICAL AND PLA,209.0,213.5,207.0,210.02,212.99,209.11,,210.02,,,3826,804075.94,69,F1,1,,,,,,Cash Only,Unclassified,False,210.17333333333332,210.25,210.09666666666664,210.25,210.09666666666664,0.1533333333333644,0.07300891978543206,Narrow,Bearish,Below CPR,False,True,0.06666666666666667,60,768544.705,Overlapping,True,Risk Off,True,7.293571428571432,208.4534,204.91899999999998,0.021023079685310947,1.0462318389143024,True,True,No setup,Neutral,0,Not applicable,No directional setup; confirmation score not applicable.,Narrow CPR,Not applicable,Not applicable,Narrow CPR; Wide CPR rules not applied,0,0,0,0
2026-09-10,2026-09-10,CM,NSE,STK,1041,INE183A01024,FINPIPE,EQ,,,,,FINOLEX INDUSTRIES LTD,156.0,158.5,156.0,157.08,157.4,156.71,,157.08,,,286323,44905354.17,9200,F1,1,,,,,,Cash Only,Unclassified,False,157.19333333333336,157.25,157.1366666666667,157.25,157.1366666666667,0.1133333333332871,0.07215007215004271,Narrow,Bearish,Below CPR,False,True,0.15,60,71565024.71000001,Inside,True,Risk Off,True,3.7171428571428566,163.0686,168.71959999999999,0.030489367153459256,0.6274762616511084,False,False,No setup,Neutral,0,Not applicable,No directional setup; confirmation score not applicable.,Narrow CPR,Not applicable,Not applicable,Narrow CPR; Wide CPR rules not applied,0,0,0,0
2026-09-10,2026-09-10,CM,NSE,STK,2829,INE930P01018,ANURAS,EQ,,,,,ANUPAM RASAYAN INDIA LTD,1234.0,1235.5,1229.3,1231.1,1232.8,1229.6,,1231.11,,,33522,41300913.5,2712,F1,1,,,,,,Cash Only,Chemicals,True,1231.9666666666667,1232.4,1231.5333333333333,1232.4,1231.5333333333333,0.8666666666667879,0.07039774727209715,Narrow,Bearish,Below CPR,False,True,0.31666666666666665,60,283375820.7,Higher,True,Risk Off,False,18.87857142857144,1240.024,1281.076,0.04590742842729861,0.14574607458737215,False,False,No setup,Neutral,0,Not applicable,No directional setup; confirmation score not applicable.,Narrow CPR,Not applicable,Not applicable,Narrow CPR; Wide CPR rules not applied,0,0,0,0
2026-09-10,2026-09-10,CM,NSE,STK,21275,INE519C01017,SUMMITSEC,EQ,,,,,SUMMIT SECURITIES LTD,1425.0,1465.0,1415.2,1438.6,1436.0,1411.8,,1438.64,,,5431,7848327.1,625,F1,1,,,,,,Cash Only,Unclassified,False,1439.5999999999997,1440.1,1439.0999999999995,1440.1,1439.0999999999995,1.0000000000004547,0.06951202558045702,Narrow,Bearish,Below CPR,False,True,0.15,60,3165286.4000000004,Higher,True,Risk Off,True,36.99285714285717,1474.09,1516.9260000000002,0.027032245607272364,2.479499832937708,False,False,No setup,Neutral,0,Not applicable,No directional setup; confirmation score not applicable.,Narrow CPR,Not applicable,Not applicable,Narrow CPR; Wide CPR rules not applied,0,0,0,0
2026-09-10,2026-09-10,CM,NSE,STK,18232,INE846D01012,LORDSCHLO,EQ,,,,,LORDS CHLORO ALKALI LTD,139.8,142.44,136.01,139.08,140.0,139.66,,139.08,,,13339,1855588.54,606,F1,1,,,,,,Cash Only,Unclassified,False,139.17666666666665,139.225,139.1283333333333,139.225,139.1283333333333,0.09666666666669244,0.06950436199790942,Narrow,Bearish,Below CPR,False,True,0.08333333333333333,60,1780128.7650000001,Inside,True,Risk Off,True,6.090714285714284,140.407,139.43040000000002,0.01587115437238999,1.0423900655298943,False,False,No setup,Neutral,0,Not applicable,No directional setup; confirmation score not applicable.,Narrow CPR,Not applicable,Not applicable,Narrow CPR; Wide CPR rules not applied,0,0,0,0
2026-09-10,2026-09-10,CM,NSE,STK,757102,INE894V01022,BELRISE,EQ,,,,,BELRISE INDUSTRIES LTD,228.26,230.2,227.07,228.4,228.2,228.54,,228.4,,,1568821,359008652.57,34203,F1,1,,,,,,Cash Only,Automobile and Auto Components,True,228.55666666666664,228.635,228.4783333333333,228.635,228.4783333333333,0.1566666666666947,0.06859311150030416,Narrow,Bearish,Below CPR,False,True,0.08333333333333333,60,843924038.515,Lower,True,Risk Off,True,5.552142857142856,235.03619999999998,228.9393,0.028217333504872332,0.42540398920467404,False,False,No setup,Neutral,0,Not applicable,No directional setup; confirmation score not applicable.,Narrow CPR,Not applicable,Not applicable,Narrow CPR; Wide CPR rules not applied,0,0,0,0
2026-09-10,2026-09-10,CM,NSE,STK,14607,INE797H01018,TGBHOTELS,EQ,,,,,TGB BANQUETS&HOTELS LTD,10.17,10.17,9.57,9.86,9.96,9.82,,9.78,,,7344,72590.76,65,F1,1,,,,,,Cash Only,Unclassified,False,9.866666666666667,9.870000000000001,9.863333333333333,9.870000000000001,9.863333333333333,0.006666666666667709,0.06761325219744127,Narrow,Bearish,Below CPR,False,True,0.08333333333333333,60,150071.72,Inside,True,Risk Off,True,0.7285714285714284,9.2216,9.238399999999999,0.009150326797387053,0.4837071235006835,True,True,No setup,Neutral,0,Not applicable,No directional setup; confirmation score not applicable.,Narrow CPR,Not applicable,Not applicable,Narrow CPR; Wide CPR rules not applied,0,0,0,0
2026-09-10,2026-09-10,CM,NSE,STK,13643,INE205B01031,ELECON,EQ,,,,,ELECON ENG. CO. LTD,419.55,423.85,418.0,420.5,419.75,419.4,,420.5,,,155904,65607141.05,7961,F1,1,,,,,,Cash Only,Capital Goods,True,420.7833333333333,420.925,420.6416666666666,420.925,420.6416666666666,0.2833333333334167,0.06738010305194214,Narrow,Bearish,Below CPR,False,True,0.06666666666666667,60,158007761.325,Inside,True,Risk Off,True,13.596428571428573,445.773,483.5905,0.020838805708788197,0.41521467363274156,False,False,No setup,Neutral,0,Not applicable,No directional setup; confirmation score not applicable.,Narrow CPR,Not applicable,Not applicable,Narrow CPR; Wide CPR rules not applied,0,0,0,0
2026-09-10,2026-09-10,CM,NSE,STK,12026,INE087H01022,RENUKA,EQ,,,,,SHREE RENUKA SUGARS LTD,24.51,25.34,24.35,24.82,24.78,24.35,,24.82,,,18011981,449565071.08,27004,F1,1,,,,,,Cash Only,Unclassified,False,24.836666666666662,24.845,24.828333333333326,24.845,24.828333333333326,0.016666666666672825,0.06715014773034982,Narrow,Bearish,Below CPR,False,True,0.06666666666666667,60,105431610.9,Higher,True,Risk Off,True,1.2921428571428568,23.121199999999998,23.824500000000004,0.012898470609918165,4.264044409853553,True,True,No setup,Neutral,0,Not applicable,No directional setup; confirmation score not applicable.,Narrow CPR,Not applicable,Not applicable,Narrow CPR; Wide CPR rules not applied,0,0,0,0
2026-09-10,2026-09-10,CM,NSE,STK,20956,INE0Q3R01026,SUNCLAY,EQ,,,,,SUNDARAM CLAYTON LIMITED,1288.4,1311.0,1282.0,1295.2,1298.0,1286.0,,1295.1,,,4028,5225175.4,549,F1,1,,,,,,Cash Only,Unclassified,False,1296.0666666666666,1296.5,1295.6333333333332,1296.5,1295.6333333333332,0.8666666666667879,0.06691373275685515,Narrow,Bearish,Below CPR,False,True,0.03333333333333333,60,5525984.35,Higher,True,Risk Off,True,40.27142857142859,1302.576,1342.48,0.021520633794492774,0.9455646395379315,False,False,No setup,Neutral,0,Not applicable,No directional setup; confirmation score not applicable.,Narrow CPR,Not applicable,Not applicable,Narrow CPR; Wide CPR rules not applied,0,0,0,0
2026-09-10,2026-09-10,CM,NSE,STK,29678,INE0O9T01021,BAJAJINDEF,EQ,,,,,INDEF MANUFACTURING LTD,221.41,222.5,219.99,221.03,219.99,221.46,,221.02,,,19297,4268295.62,303,F1,1,,,,,,Cash Only,Unclassified,False,221.17333333333332,221.245,221.10166666666663,221.245,221.10166666666663,0.1433333333333735,0.06484790903197463,Narrow,Bearish,Below CPR,False,True,0.1,60,4075714.44,Lower,True,Risk Off,True,8.058571428571424,230.19580000000002,250.4014,0.017786444483843557,1.0472509011205409,False,False,No setup,Neutral,0,Not applicable,No directional setup; confirmation score not applicable.,Narrow CPR,Not applicable,Not applicable,Narrow CPR; Wide CPR rules not applied,0,0,0,0
2026-09-10,2026-09-10,CM,NSE,STK,16123,INE316L01019,BHARATWIRE,EQ,,,,,BHARAT WIRE ROPES LTD.,171.51,175.73,171.0,173.2,174.7,171.84,,173.18,,,111621,19255933.53,2383,F1,1,,,,,,Cash Only,Unclassified,False,173.31000000000003,173.365,173.25500000000005,173.365,173.25500000000005,0.1099999999999568,0.06351039260967482,Narrow,Bearish,Below CPR,False,True,0.05,60,25548142.475,Inside,True,Risk Off,True,6.045000000000002,194.77779999999998,207.55640000000002,0.018196856906527174,0.7537116856477057,False,False,No setup,Neutral,0,Not applicable,No directional setup; confirmation score not applicable.,Narrow CPR,Not applicable,Not applicable,Narrow CPR; Wide CPR rules not applied,0,0,0,0
2026-09-10,2026-09-10,CM,NSE,STK,1156,INE540A01017,GLFL,EQ,,,,,GUJARAT LEASE FINANCING L,5.37,5.4,5.13,5.26,5.21,5.37,,5.26,,,13469,70642.6,39,F1,1,,,,,,Cash Only,Unclassified,False,5.263333333333334,5.265000000000001,5.261666666666667,5.265000000000001,5.261666666666667,0.0033333333333338544,0.06337135614703145,Narrow,Bearish,Below CPR,False,True,0.23333333333333334,60,40341.435,Lower,True,Risk Off,True,0.36928571428571433,6.0292,,0.009026434558350862,1.7511176783869986,False,False,No setup,Neutral,0,Not applicable,No directional setup; confirmation score not applicable.,Narrow CPR,Not applicable,Not applicable,Narrow CPR; Wide CPR rules not applied,0,0,0,0
2026-09-10,2026-09-10,CM,NSE,STK,2595,INE105C01023,3PLAND,EQ,,,,,3P LAND HOLDINGS LIMITED,32.5,32.5,31.56,32.0,32.0,32.25,,33.02,,,1053,33898.18,88,F1,1,,,,,,Cash Only,Unclassified,False,32.02,32.03,32.010000000000005,32.03,32.010000000000005,0.01999999999999602,0.062499999999987566,Narrow,Bearish,Below CPR,False,True,0.05,60,76906.395,Overlapping,True,Risk Off,True,1.0278571428571426,32.0972,32.5349,0.019457956914520107,0.4407719280041666,False,False,No setup,Neutral,0,Not applicable,No directional setup; confirmation score not applicable.,Narrow CPR,Not applicable,Not applicable,Narrow CPR; Wide CPR rules not applied,0,0,0,0
2026-09-10,2026-09-10,CM,NSE,STK,25634,INE122M01019,ESSARSHPNG,EQ,,,,,ESSAR SHIPPING LTD,16.1,16.22,16.01,16.1,16.17,16.04,,16.09,,,67976,1095537.32,421,F1,1,,,,,,Cash Only,Unclassified,False,16.110000000000003,16.115000000000002,16.105000000000004,16.115000000000002,16.105000000000004,0.00999999999999801,0.062111801242223666,Narrow,Bearish,Below CPR,False,True,0.1,60,2823915.865,Higher,True,Risk Off,True,0.7599999999999989,19.0562,21.7638,0.013157894736839506,0.3879497026020639,False,False,No setup,Neutral,0,Not applicable,No directional setup; confirmation score not applicable.,Narrow CPR,Not applicable,Not applicable,Narrow CPR; Wide CPR rules not applied,0,0,0,0
2026-09-10,2026-09-10,CM,NSE,STK,9592,INE0JA001018,VENUSPIPES,EQ,,,,,VENUS PIPES & TUBES LTD,1931.8,1992.2,1909.6,1949.1,1954.0,1930.1,,1949.17,,,171606,335769485.5,16261,F1,1,,,,,,Cash Only,Unclassified,False,1950.3,1950.9,1949.6999999999998,1950.9,1949.6999999999998,1.2000000000002728,0.06156687702017715,Narrow,Bearish,Below CPR,False,True,0.03333333333333333,60,160839393.7,Inside,True,Risk Off,True,83.92142857142859,1680.132,1561.5655,0.014299089284197647,2.0876072570024866,True,True,No setup,Neutral,0,Not applicable,No directional setup; confirmation score not applicable.,Narrow CPR,Not applicable,Not applicable,Narrow CPR; Wide CPR rules not applied,0,0,0,0
2026-09-10,2026-09-10,CM,NSE,STK,13342,INE051B01021,VAKRANGEE,EQ,,,,,VAKRANGEE LIMITED,5.5,5.55,5.4,5.47,5.45,5.52,,5.47,,,939918,5150673.85,1779,F1,1,,,,,,Cash Only,Unclassified,False,5.473333333333333,5.475,5.471666666666666,5.475,5.471666666666666,0.0033333333333338544,0.06093845216332459,Narrow,Bearish,Below CPR,False,True,0.25,60,5932738.9,Lower,True,Risk Off,True,0.1764285714285713,5.9188,6.209,0.018893387314442914,0.8681780770766769,False,False,No setup,Neutral,0,Not applicable,No directional setup; confirmation score not applicable.,Narrow CPR,Not applicable,Not applicable,Narrow CPR; Wide CPR rules not applied,0,0,0,0
2026-09-10,2026-09-10,CM,NSE,STK,2799,INE783X01023,CHEMFAB,EQ,,,,,CHEMFAB ALKALIS LIMITED,370.2,399.5,370.2,384.5,386.45,373.75,,384.39,,,14633,5674359.0,738,F1,1,,,,,,Cash Only,Unclassified,False,384.73333333333335,384.85,384.6166666666667,384.85,384.6166666666667,0.2333333333333485,0.0606848721283091,Narrow,Bearish,Below CPR,False,True,0.06666666666666667,60,3100061.15,Higher,True,Risk Off,True,19.50714285714285,381.38599999999997,384.3785,0.011961430489442988,1.830402280935652,True,True,No setup,Neutral,0,Not applicable,No directional setup; confirmation score not applicable.,Narrow CPR,Not applicable,Not applicable,Narrow CPR; Wide CPR rules not applied,0,0,0,0
2026-09-10,2026-09-10,CM,NSE,STK,13868,INE0LRU01027,AARTIPHARM,EQ,,,,,AARTI PHARMALABS LIMITED,836.0,839.0,814.0,825.75,829.05,829.65,,825.72,,,285444,234957457.15,22019,F1,1,,,,,,Cash Only,Unclassified,False,826.25,826.5,826.0,826.5,826.0,0.5,0.060551014229488345,Narrow,Bearish,Below CPR,False,True,0.08333333333333333,60,173064199.25,Lower,True,Risk Off,True,33.64285714285715,767.8910000000001,729.0105,0.014861995753715494,1.3576317815482568,True,True,No setup,Neutral,0,Not applicable,No directional setup; confirmation score not applicable.,Narrow CPR,Not applicable,Not applicable,Narrow CPR; Wide CPR rules not applied,0,0,0,0
2026-09-10,2026-09-10,CM,NSE,STK,144,INE850D01014,GODREJAGRO,EQ,,,,,GODREJ AGROVET LIMITED,675.05,683.5,663.8,673.05,673.35,674.65,,673.02,,,424433,286016568.5,15943,F1,1,,,,,,Cash Only,Unclassified,False,673.4499999999999,673.65,673.2499999999999,673.65,673.2499999999999,0.40000000000009095,0.059430948666531605,Narrow,Bearish,Below CPR,False,True,0.08333333333333333,60,64008174.55,Higher,True,Risk Off,True,27.24285714285715,586.944,581.9855,0.014682747771371976,4.468438141078029,True,True,No setup,Neutral,0,Not applicable,No directional setup; confirmation score not applicable.,Narrow CPR,Not applicable,Not applicable,Narrow CPR; Wide CPR rules not applied,0,0,0,0
2026-09-10,2026-09-10,CM,NSE,STK,6545,INE388Y01029,NYKAA,EQ,,,,,FSN E COMMERCE VENTURES,343.05,345.4,339.1,341.95,341.95,343.0,,341.95,,,3136550,1077676351.85,37464,F1,1,,,,,,F&O + Cash,Consumer Services,True,342.15000000000003,342.25,342.05000000000007,342.25,342.05000000000007,0.1999999999999318,0.05848808305305799,Narrow,Bearish,Below CPR,False,True,0.05,60,1903903312.425,Overlapping,True,Risk Off,True,7.682142857142854,330.226,302.91880000000003,0.02603440260343139,0.5660352313150632,True,True,No setup,Neutral,0,Not applicable,No directional setup; confirmation score not applicable.,Narrow CPR,Not applicable,Not applicable,Narrow CPR; Wide CPR rules not applied,0,0,0,0
2026-09-10,2026-09-10,CM,NSE,STK,5948,INE683A01023,SOUTHBANK,EQ,,,,,THE SOUTH INDIAN BANK LTD,46.48,46.48,45.76,46.08,46.19,46.41,,46.08,,,5591541,257383150.94,21816,F1,1,,,,,,Cash Only,Unclassified,False,46.10666666666666,46.12,46.09333333333333,46.12,46.09333333333333,0.026666666666670835,0.05787037037037942,Narrow,Bearish,Below CPR,False,True,0.03333333333333333,60,476787428.19000006,Lower,True,Risk Off,True,1.0985714285714292,46.1614,44.3731,0.024273948851325843,0.5398278891645454,False,True,No setup,Neutral,0,Not applicable,No directional setup; confirmation score not applicable.,Narrow CPR,Not applicable,Not applicable,Narrow CPR; Wide CPR rules not applied,0,0,-2,-2
2026-09-10,2026-09-10,CM,NSE,STK,764753,INE953E01022,KSE,EQ,,,,,KSE LTD.,177.85,180.0,177.69,178.69,179.75,177.85,,178.69,,,13610,2433106.97,169,F1,1,,,,,,Cash Only,Unclassified,False,178.79333333333332,178.845,178.74166666666665,178.845,178.74166666666665,0.10333333333335304,0.05782826869626339,Narrow,Bearish,Below CPR,False,True,0.15789473684210525,19,3349195.74,Inside,False,Risk Off,False,6.3999999999999995,,,0.016145833333336412,0.7264749984424619,False,False,No setup,Neutral,0,Not applicable,No directional setup; confirmation score not applicable.,Narrow CPR,Not applicable,Not applicable,Narrow CPR; Wide CPR rules not applied,0,0,0,0
2026-09-10,2026-09-10,CM,NSE,STK,27047,INE677D01037,MASTERTR,EQ,,,,,MASTER TRUST LIMITED,92.73,94.05,90.81,92.35,92.27,93.07,,92.34,,,627564,58107250.96,3222,F1,1,,,,,,Cash Only,Unclassified,False,92.40333333333335,92.43,92.3766666666667,92.43,92.3766666666667,0.05333333333331325,0.05775130842805983,Narrow,Bearish,Below CPR,False,True,0.08333333333333333,60,18798435.740000002,Lower,True,Risk Off,True,4.636428571428569,83.71260000000001,82.8017,0.011503106865912585,3.0910684146105445,True,True,No setup,Neutral,0,Not applicable,No directional setup; confirmation score not applicable.,Narrow CPR,Not applicable,Not applicable,Narrow CPR; Wide CPR rules not applied,0,0,0,0
2026-09-10,2026-09-10,CM,NSE,STK,11399,INE457F01013,SALZERELEC,EQ,,,,,SALZER ELECTRONICS LTD,550.0,557.4,543.85,550.15,550.0,552.15,,550.13,,,30610,16831198.75,1850,F1,1,,,,,,Cash Only,Unclassified,False,550.4666666666667,550.625,550.3083333333334,550.625,550.3083333333334,0.31666666666660603,0.057560059377734445,Narrow,Bearish,Below CPR,False,True,0.11666666666666667,60,22065558.875,Lower,True,Risk Off,True,15.085714285714298,578.181,617.7365,0.02099116161615758,0.7627814389541493,False,False,No setup,Neutral,0,Not applicable,No directional setup; confirmation score not applicable.,Narrow CPR,Not applicable,Not applicable,Narrow CPR; Wide CPR rules not applied,0,0,0,0
2026-09-10,2026-09-10,CM,NSE,STK,762528,INE850B01026,ABMKNO,EQ,,,,,A B M KNOWLEDGEWARE LTD.,181.01,182.0,181.01,181.35,181.3,180.73,,181.35,,,220,39854.57,9,F1,1,,,,,,Cash Only,Unclassified,False,181.45333333333335,181.505,181.4016666666667,181.505,181.4016666666667,0.1033333333332962,0.056980056980036504,Narrow,Bearish,Below CPR,False,True,0.1,60,213977.285,Lower,True,Risk Off,True,7.407142857142858,196.0334,208.6323,0.013950498232074702,0.18625607853656054,False,False,No setup,Neutral,0,Not applicable,No directional setup; confirmation score not applicable.,Narrow CPR,Not applicable,Not applicable,Narrow CPR; Wide CPR rules not applied,0,0,0,0
2026-09-10,2026-09-10,CM,NSE,STK,8054,INE614B01018,KTKBANK,EQ,,,,,KARNATAKA BANK LIMITED,331.25,336.05,329.6,332.55,332.05,331.25,,332.55,,,1448556,481688405.15,18147,F1,1,,,,,,Cash Only,Unclassified,False,332.73333333333335,332.82500000000005,332.64166666666665,332.82500000000005,332.64166666666665,0.18333333333339397,0.0551295544529827,Narrow,Bearish,Below CPR,False,True,0.11666666666666667,60,617400465.25,Inside,True,Risk Off,True,9.164285714285707,302.143,282.8401,0.020005196154852044,0.7801879529762793,True,True,No setup,Neutral,0,Not applicable,No directional setup; confirmation score not applicable.,Narrow CPR,Not applicable,Not applicable,Narrow CPR; Wide CPR rules not applied,0,0,0,0
2026-09-10,2026-09-10,CM,NSE,STK,2385,INE060A01024,NAVNETEDUL,EQ,,,,,NAVNEET EDUCATION LTD,128.0,128.39,127.2,127.69,127.93,127.0,,127.69,,,41286,5272416.35,662,F1,1,,,,,,Cash Only,Unclassified,False,127.75999999999999,127.79499999999999,127.725,127.79499999999999,127.725,0.06999999999999318,0.054820267836160376,Narrow,Bearish,Below CPR,False,True,0.13333333333333333,60,23205436.72,Inside,True,Risk Off,True,2.492857142857145,138.00359999999998,140.5891,0.02808022922635827,0.2272060816444742,False,False,No setup,Neutral,0,Not applicable,No directional setup; confirmation score not applicable.,Narrow CPR,Not applicable,Not applicable,Narrow CPR; Wide CPR rules not applied,0,0,0,0
2026-09-10,2026-09-10,CM,NSE,STK,19761,INE982B01027,ADFFOODS,EQ,,,,,ADF FOODS LIMITED,278.0,278.0,270.55,274.05,274.95,278.2,,274.02,,,72441,19842949.6,2258,F1,1,,,,,,Cash Only,Unclassified,False,274.2,274.275,274.125,274.275,274.125,0.14999999999997726,0.05473453749314988,Narrow,Bearish,Below CPR,False,True,0.03333333333333333,60,39930557.625,Inside,True,Risk Off,True,9.935714285714274,283.34,280.7054,0.015097052480227779,0.49693645118485874,False,False,No setup,Neutral,0,Not applicable,No directional setup; confirmation score not applicable.,Narrow CPR,Not applicable,Not applicable,Narrow CPR; Wide CPR rules not applied,0,-2,0,-2
2026-09-10,2026-09-10,CM,NSE,STK,23621,INE0OAF01028,JNKINDIA,EQ,,,,,JNK INDIA LIMITED,433.05,438.2,420.2,428.85,428.6,430.85,,428.84,,,92881,39825826.8,3058,F1,1,,,,,,Cash Only,Unclassified,False,429.0833333333333,429.2,428.96666666666664,429.2,428.96666666666664,0.2333333333333485,0.05440907854339477,Narrow,Bearish,Below CPR,False,True,0.016666666666666666,60,120703815.075,Lower,True,Risk Off,True,16.874999999999993,456.08700000000005,432.7256,0.013827160493828065,0.3299467110899021,False,False,No setup,Neutral,0,Not applicable,No directional setup; confirmation score not applicable.,Narrow CPR,Not applicable,Not applicable,Narrow CPR; Wide CPR rules not applied,0,0,0,0
2026-09-10,2026-09-10,CM,NSE,STK,17778,INE0NN701020,ATL,EQ,,,,,ALLCARGO TERMINALS LTD,24.85,24.85,24.41,24.61,24.77,24.89,,24.61,,,127832,3154630.77,1065,F1,1,,,,,,Cash Only,Unclassified,False,24.623333333333335,24.630000000000003,24.616666666666667,24.630000000000003,24.616666666666667,0.013333333333335418,0.05417851821753522,Narrow,Bearish,Below CPR,False,True,0.03333333333333333,60,3219371.06,Lower,True,Risk Off,True,1.4921428571428572,24.2546,24.607200000000002,0.008935694909846617,0.9798903920071891,True,True,No setup,Neutral,0,Not applicable,No directional setup; confirmation score not applicable.,Narrow CPR,Not applicable,Not applicable,Narrow CPR; Wide CPR rules not applied,0,0,0,0
2026-09-10,2026-09-10,CM,NSE,STK,12032,INE128S01021,FIVESTAR,EQ,,,,,FIVE-STAR BUS FIN LTD,531.05,534.85,527.3,530.65,531.2,533.05,,530.61,,,155615,82504255.25,11965,F1,1,,,,,,Cash Only,Financial Services,True,530.9333333333334,531.075,530.7916666666667,531.075,530.7916666666667,0.283333333333303,0.05339363673481637,Narrow,Bearish,Below CPR,False,True,0.016666666666666666,60,262088049.7,Overlapping,True,Risk Off,True,17.46428571428573,540.672,506.066,0.016223585548737172,0.31479594489118745,False,True,No setup,Neutral,0,Not applicable,No directional setup; confirmation score not applicable.,Narrow CPR,Not applicable,Not applicable,Narrow CPR; Wide CPR rules not applied,0,0,0,0
2026-09-10,2026-09-10,CM,NSE,STK,22463,INE0G5901015,EPACK,EQ,,,,,EPACK DURABLE LIMITED,188.0,189.77,186.81,188.14,188.5,188.15,,188.14,,,315594,59451657.38,5256,F1,1,,,,,,Cash Only,Unclassified,False,188.24,188.29000000000002,188.19,188.29000000000002,188.19,0.10000000000002274,0.0531519081535148,Narrow,Bearish,Below CPR,False,True,0.03333333333333333,60,85220041.125,Lower,True,Risk Off,True,5.193571428571427,218.33520000000001,230.2059,0.01925457296108264,0.6976253073240934,False,False,No setup,Neutral,0,Not applicable,No directional setup; confirmation score not applicable.,Narrow CPR,Not applicable,Not applicable,Narrow CPR; Wide CPR rules not applied,0,0,0,0
2026-09-10,2026-09-10,CM,NSE,STK,24742,INE0AG901020,CEIGALL,EQ,,,,,CEIGALL INDIA LIMITED,377.0,389.25,369.55,379.1,379.5,376.4,,379.09,,,1175462,448350356.9,20189,F1,1,,,,,,Cash Only,Unclassified,False,379.3,379.4,379.20000000000005,379.4,379.20000000000005,0.1999999999999318,0.052756528620398785,Narrow,Bearish,Below CPR,False,True,0.06666666666666667,60,149775337.0,Higher,True,Risk Off,True,13.407142857142848,342.026,348.75699999999995,0.014917421417149957,2.993485882792572,True,True,No setup,Neutral,0,Not applicable,No directional setup; confirmation score not applicable.,Narrow CPR,Not applicable,Not applicable,Narrow CPR; Wide CPR rules not applied,0,0,0,0
2026-09-10,2026-09-10,CM,NSE,STK,4421,INE741K01010,CREDITACC,EQ,,,,,CREDITACCESS GRAMEEN LTD,1397.1,1414.6,1394.0,1403.2,1395.0,1396.2,,1403.18,,,88216,123861896.1,14243,F1,1,,,,,,Cash Only,Financial Services,True,1403.9333333333334,1404.3,1403.5666666666668,1404.3,1403.5666666666668,0.7333333333331211,0.05226149752944135,Narrow,Bearish,Below CPR,False,True,0.06666666666666667,60,415708417.1,Inside,True,Risk Off,True,43.45714285714288,1502.846,1425.392,0.016874863028704293,0.2979537844435914,False,False,No setup,Neutral,0,Not applicable,No directional setup; confirmation score not applicable.,Narrow CPR,Not applicable,Not applicable,Narrow CPR; Wide CPR rules not applied,0,0,0,0
2026-09-10,2026-09-10,CM,NSE,STK,11394,INE358U01012,ZOTA,EQ,,,,,ZOTA HEALTH CARE LIMITED,1115.0,1118.8,1081.9,1099.5,1095.0,1114.3,,1099.5,,,37277,41104688.2,1883,F1,1,,,,,,Cash Only,Unclassified,False,1100.0666666666666,1100.35,1099.7833333333333,1100.35,1099.7833333333333,0.566666666666606,0.05153857814157399,Narrow,Bearish,Below CPR,False,True,0.06666666666666667,60,67529402.1,Lower,True,Risk Off,True,39.89999999999999,1227.388,1244.328,0.014202172096907422,0.6086932050594893,False,False,No setup,Neutral,0,Not applicable,No directional setup; confirmation score not applicable.,Narrow CPR,Not applicable,Not applicable,Narrow CPR; Wide CPR rules not applied,0,0,0,0
2026-09-10,2026-09-10,CM,NSE,STK,10733,INE885H01029,SPORTKING,EQ,,,,,SPORTKING INDIA LIMITED,217.0,220.0,211.99,215.83,217.0,217.39,,215.81,,,180996,39054019.85,5100,F1,1,,,,,,Cash Only,Unclassified,False,215.94000000000003,215.995,215.88500000000005,215.995,215.88500000000005,0.1099999999999568,0.05096603808551026,Narrow,Bearish,Below CPR,False,True,0.03333333333333333,60,72383150.055,Lower,True,Risk Off,True,10.447142857142861,208.31400000000002,186.292,0.010529194584981503,0.5395457343363059,True,True,No setup,Neutral,0,Not applicable,No directional setup; confirmation score not applicable.,Narrow CPR,Not applicable,Not applicable,Narrow CPR; Wide CPR rules not applied,0,0,0,0
2026-09-10,2026-09-10,CM,NSE,STK,4751,INE681B01017,INDRAMEDCO,EQ,,,,,INDRAPRASTHA MEDICAL CORP,362.55,362.55,358.0,360.0,360.5,360.2,,360.0,,,106996,38506451.25,4274,F1,1,,,,,,Cash Only,Unclassified,False,360.18333333333334,360.275,360.0916666666667,360.275,360.0916666666667,0.18333333333328028,0.050925925925911185,Narrow,Bearish,Below CPR,False,True,0.11666666666666667,60,48570791.875,Higher,True,Risk Off,True,7.371428571428567,369.871,379.99799999999993,0.02487080103358455,0.7927902709327611,False,False,No setup,Neutral,0,Not applicable,No directional setup; confirmation score not applicable.,Narrow CPR,Not applicable,Not applicable,Narrow CPR; Wide CPR rules not applied,0,0,0,0
2026-09-10,2026-09-10,CM,NSE,STK,1247,INE026A01025,GSFC,EQ,,,,,GUJ STATE FERT & CHEM LTD,160.0,161.9,159.1,160.38,160.35,160.03,,160.39,,,1757556,281460603.75,18406,F1,1,,,,,,Cash Only,Unclassified,False,160.46,160.5,160.42000000000002,160.5,160.42000000000002,0.07999999999998408,0.04988153136300292,Narrow,Bearish,Below CPR,False,True,0.11666666666666667,60,94127986.155,Inside,True,Risk Off,True,2.844285714285714,160.0102,164.0621,0.02812656956302806,2.9901904337623932,True,False,No setup,Neutral,0,Not applicable,No directional setup; confirmation score not applicable.,Narrow CPR,Not applicable,Not applicable,Narrow CPR; Wide CPR rules not applied,0,0,0,0
2026-09-10,2026-09-10,CM,NSE,STK,762747,INE338F01015,KLBRENG-B,EQ,,,,,KILBURN ENGINEERING LTD.,465.05,490.45,465.05,477.4,478.0,466.4,,477.4,,,381171,184013940.7,9813,F1,1,,,,,,Cash Only,Unclassified,False,477.6333333333334,477.75,477.51666666666677,477.75,477.51666666666677,0.2333333333332348,0.0488758553274476,Narrow,Bearish,Below CPR,False,True,0.016666666666666666,60,36583643.025,Higher,True,Risk Off,True,21.032142857142848,424.151,459.07199999999995,0.011094130299423632,5.029951242806825,True,True,No setup,Neutral,0,Not applicable,No directional setup; confirmation score not applicable.,Narrow CPR,Not applicable,Not applicable,Narrow CPR; Wide CPR rules not applied,0,0,0,0
2026-09-10,2026-09-10,CM,NSE,STK,1030,INE721Z01010,AARON,EQ,,,,,AARON INDUSTRIES LIMITED,136.0,142.0,132.1,136.95,137.2,134.5,,136.95,,,14071,1946159.84,543,F1,1,,,,,,Cash Only,Unclassified,False,137.01666666666668,137.05,136.98333333333335,137.05,136.98333333333335,0.06666666666666288,0.04867956675185314,Narrow,Bearish,Below CPR,False,True,0.05,60,1235777.87,Higher,True,Risk Off,True,5.7821428571428575,129.7414,127.9972,0.01152975087502508,1.5748460036754015,True,True,No setup,Neutral,0,Not applicable,No directional setup; confirmation score not applicable.,Narrow CPR,Not applicable,Not applicable,Narrow CPR; Wide CPR rules not applied,0,-2,0,-2
2026-09-10,2026-09-10,CM,NSE,STK,13211,INE199G01027,JAGRAN,EQ,,,,,JAGRAN PRAKASHAN LIMITED,62.3,62.75,61.36,62.01,61.8,62.35,,62.01,,,268360,16644753.1,1893,F1,1,,,,,,Cash Only,Unclassified,False,62.04,62.055,62.025,62.055,62.025,0.030000000000001137,0.04837929366231437,Narrow,Bearish,Below CPR,False,True,0.16666666666666666,60,12179371.34,Lower,True,Risk Off,True,0.8578571428571442,62.62480000000001,64.8656,0.034970857618652394,1.3666348315807242,False,False,No setup,Neutral,0,Not applicable,No directional setup; confirmation score not applicable.,Narrow CPR,Not applicable,Not applicable,Narrow CPR; Wide CPR rules not applied,0,0,0,0
2026-09-10,2026-09-10,CM,NSE,STK,22,INE012A01025,ACC,EQ,,,,,ACC LIMITED,1259.2,1260.3,1250.1,1254.3,1255.0,1257.7,,1254.34,,,110068,138148587.4,11918,F1,1,,,,,,Cash Only,Construction Materials,True,1254.8999999999999,1255.1999999999998,1254.6,1255.1999999999998,1254.6,0.599999999999909,0.04783544606552731,Narrow,Bearish,Below CPR,False,True,0.05,60,180792591.2,Lower,True,Risk Off,True,19.342857142857138,1336.032,1353.2279999999998,0.031019202363363106,0.7641274815690567,False,False,No setup,Neutral,0,Not applicable,No directional setup; confirmation score not applicable.,Narrow CPR,Not applicable,Not applicable,Narrow CPR; Wide CPR rules not applied,0,0,0,0
2026-09-10,2026-09-10,CM,NSE,STK,13376,INE786F01031,UTTAMSUGAR,EQ,,,,,UTTAM SUGAR MILLS LTD.,285.6,287.0,278.2,282.4,283.4,283.75,,282.4,,,179791,50652551.35,5614,F1,1,,,,,,Cash Only,Unclassified,False,282.53333333333336,282.6,282.4666666666667,282.6,282.4666666666667,0.13333333333332575,0.04721435316335898,Narrow,Bearish,Below CPR,False,True,0.08333333333333333,60,30520584.605,Lower,True,Risk Off,True,18.71285714285714,262.8358,252.86939999999998,0.007125225844211623,1.6596193030228492,True,True,No setup,Neutral,0,Not applicable,No directional setup; confirmation score not applicable.,Narrow CPR,Not applicable,Not applicable,Narrow CPR; Wide CPR rules not applied,0,0,0,0
2026-09-10,2026-09-10,CM,NSE,STK,10440,INE326A01037,LUPIN,EQ,,,,,LUPIN LIMITED,2090.0,2098.2,2060.3,2077.8,2077.8,2100.0,,2077.78,,,624838,1298658248.8,33209,F1,1,,,,,,F&O + Cash,Healthcare,True,2078.766666666667,2079.25,2078.2833333333338,2079.25,2078.2833333333338,0.9666666666662422,0.04652356659285023,Narrow,Bearish,Below CPR,False,True,0.1,60,1729594668.6,Lower,True,Risk Off,True,36.56428571428575,2319.582,2313.5440000000003,0.02643745523213006,0.7508454277620916,False,False,No setup,Neutral,0,Not applicable,No directional setup; confirmation score not applicable.,Narrow CPR,Not applicable,Not applicable,Narrow CPR; Wide CPR rules not applied,0,0,0,0
2026-09-10,2026-09-10,CM,NSE,STK,25597,INE939X01013,MANBA,EQ,,,,,MANBA FINANCE LIMITED,129.14,134.0,129.14,131.48,130.7,130.16,,131.48,,,66636,8762558.01,748,F1,1,,,,,,Cash Only,Unclassified,False,131.54,131.57,131.51,131.57,131.51,0.060000000000002274,0.045634317006390535,Narrow,Bearish,Below CPR,False,True,0.11666666666666667,60,11515904.895,Higher,True,Risk Off,True,3.650000000000001,133.735,125.41609999999999,0.01643835616438418,0.7609092025242885,False,True,No setup,Neutral,0,Not applicable,No directional setup; confirmation score not applicable.,Narrow CPR,Not applicable,Not applicable,Narrow CPR; Wide CPR rules not applied,0,0,0,0
2026-09-10,2026-09-10,CM,NSE,STK,1476,INE008A01015,IDBI,EQ,,,,,IDBI BANK LIMITED,81.6,82.39,80.96,81.62,81.5,81.56,,81.62,,,8241363,674710270.67,32091,F1,1,,,,,,Cash Only,Financial Services,True,81.65666666666667,81.675,81.63833333333334,81.675,81.63833333333334,0.03666666666666174,0.04492362982928417,Narrow,Bearish,Below CPR,False,True,0.08333333333333333,60,670254765.73,Inside,True,Risk Off,True,4.389285714285717,85.345,80.9137,0.008353675074585258,1.0066474796865448,False,True,No setup,Neutral,0,Not applicable,No directional setup; confirmation score not applicable.,Narrow CPR,Not applicable,Not applicable,Narrow CPR; Wide CPR rules not applied,0,0,0,0
2026-09-10,2026-09-10,CM,NSE,STK,16807,INE947I01017,LOTUSEYE,EQ,,,,,LOTUS EYE HOSP & INST L,110.89,113.39,110.0,111.62,112.5,110.96,,111.45,,,16890,1883579.7,359,F1,1,,,,,,Cash Only,Unclassified,False,111.67,111.695,111.64500000000001,111.695,111.64500000000001,0.04999999999998295,0.04479483963445883,Narrow,Bearish,Below CPR,False,True,0.08333333333333333,60,1475829.4849999999,Higher,True,Risk Off,True,3.845714285714289,116.7914,117.68119999999999,0.013001485884096595,1.2762854510932882,False,False,No setup,Neutral,0,Not applicable,No directional setup; confirmation score not applicable.,Narrow CPR,Not applicable,Not applicable,Narrow CPR; Wide CPR rules not applied,0,0,0,0
2026-09-10,2026-09-10,CM,NSE,STK,764768,INE026D01011,LOTUSCHO,EQ,,,,,LOTUS CHOCOLATE CO. LTD.,590.6,605.0,590.0,597.1,594.0,587.7,,598.69,,,1262,750698.75,146,F1,1,,,,,,Cash Only,Unclassified,False,597.3666666666667,597.5,597.2333333333333,597.5,597.2333333333333,0.2666666666666515,0.044660302573547396,Narrow,Bearish,Below CPR,False,True,0.10526315789473684,19,1482573.2,Higher,False,Risk Off,False,28.589285714285715,,,0.00932750364355558,0.5063485229599456,False,False,No setup,Neutral,0,Not applicable,No directional setup; confirmation score not applicable.,Narrow CPR,Not applicable,Not applicable,Narrow CPR; Wide CPR rules not applied,0,0,0,0
2026-09-10,2026-09-10,CM,NSE,STK,17313,INE281B01032,LLOYDSME,EQ,,,,,LLOYDS METALS N ENERGY L,1805.5,1826.0,1805.0,1814.3,1806.1,1807.6,,1814.55,,,191914,348828084.2,15643,F1,1,,,,,,Cash Only,Metals & Mining,True,1815.1000000000001,1815.5,1814.7000000000003,1815.5,1814.7000000000003,0.7999999999997272,0.044094140991000785,Narrow,Bearish,Below CPR,False,True,0.08333333333333333,60,776010859.0,Higher,True,Risk Off,True,41.964285714285744,1891.246,1821.636,0.019063829787227527,0.449514436756097,False,False,No setup,Neutral,0,Not applicable,No directional setup; confirmation score not applicable.,Narrow CPR,Not applicable,Not applicable,Narrow CPR; Wide CPR rules not applied,0,0,0,0
2026-09-10,2026-09-10,CM,NSE,STK,21383,INE471W01019,PALASHSECU,EQ,,,,,PALASH SECURITIES LTD,88.0,89.89,86.2,87.99,88.0,88.86,,87.99,,,416,36546.35,25,F1,1,,,,,,Cash Only,Unclassified,False,88.02666666666666,88.045,88.00833333333331,88.045,88.00833333333331,0.03666666666669016,0.041671402053290334,Narrow,Bearish,Below CPR,False,True,0.06666666666666667,60,96093.34,Lower,True,Risk Off,True,3.7749999999999995,89.69239999999999,93.1417,0.009713024282566932,0.38032136254187854,False,False,No setup,Neutral,0,Not applicable,No directional setup; confirmation score not applicable.,Narrow CPR,Not applicable,Not applicable,Narrow CPR; Wide CPR rules not applied,0,0,0,0
2026-09-10,2026-09-10,CM,NSE,STK,17869,INE121E01018,JSWENERGY,EQ,,,,,JSW ENERGY LIMITED,529.9,534.05,527.5,530.45,530.45,534.8,,530.5,,,973912,517128651.85,20795,F1,1,,,,,,F&O + Cash,Power,True,530.6666666666666,530.775,530.5583333333333,530.775,530.5583333333333,0.21666666666669698,0.04084582272913507,Narrow,Bearish,Below CPR,False,True,0.1,60,1175650934.825,Lower,True,Risk Off,True,12.642857142857151,548.5740000000001,555.876,0.017137476459512746,0.4398658109577198,False,False,No setup,Neutral,0,Not applicable,No directional setup; confirmation score not applicable.,Narrow CPR,Not applicable,Not applicable,Narrow CPR; Wide CPR rules not applied,0,0,0,0
2026-09-10,2026-09-10,CM,NSE,STK,30125,INE148I01020,SAMMAANCAP,EQ,,,,,SAMMAAN CAPITAL LIMITED,150.5,152.22,147.5,149.77,150.0,150.13,,149.77,,,5094753,763380491.69,31290,F1,1,,,,,,Cash Only,Financial Services,True,149.83,149.86,149.8,149.86,149.8,0.060000000000002274,0.04006142752220222,Narrow,Bearish,Below CPR,False,True,0.016666666666666666,60,1165578037.88,Lower,True,Risk Off,True,4.442142857142855,158.607,160.0534,0.013506994693681175,0.6549372644996528,False,False,No setup,Neutral,0,Not applicable,No directional setup; confirmation score not applicable.,Narrow CPR,Not applicable,Not applicable,Narrow CPR; Wide CPR rules not applied,0,0,0,0
2026-09-10,2026-09-10,CM,NSE,STK,19795,INE0LMW01024,CELLO,EQ,,,,,CELLO WORLD LIMITED,337.45,341.2,337.0,338.9,340.0,337.4,,338.91,,,141109,47895104.5,5522,F1,1,,,,,,Cash Only,Unclassified,False,339.03333333333336,339.1,338.9666666666667,339.1,338.9666666666667,0.13333333333332575,0.03934297236155968,Narrow,Bearish,Below CPR,False,True,0.06666666666666667,60,79832832.9,Inside,True,Risk Off,True,8.042857142857128,357.55800000000005,376.01550000000003,0.01657785671995172,0.599942439221645,False,False,No setup,Neutral,0,Not applicable,No directional setup; confirmation score not applicable.,Narrow CPR,Not applicable,Not applicable,Narrow CPR; Wide CPR rules not applied,0,0,0,0
2026-09-10,2026-09-10,CM,NSE,STK,1127,INE539A01019,GHCL,EQ,,,,,GHCL LIMITED,426.3,428.9,421.0,424.7,425.0,426.3,,424.71,,,92301,39171550.95,5926,F1,1,,,,,,Cash Only,Unclassified,False,424.8666666666666,424.95,424.78333333333325,424.95,424.78333333333325,0.16666666666674246,0.039243387489225914,Narrow,Bearish,Below CPR,False,True,0.15,60,51016982.75,Lower,True,Risk Off,True,8.024999999999997,435.43600000000004,449.9765,0.020768431983394706,0.767813948189635,False,False,No setup,Neutral,0,Not applicable,No directional setup; confirmation score not applicable.,Narrow CPR,Not applicable,Not applicable,Narrow CPR; Wide CPR rules not applied,0,0,0,0
2026-09-10,2026-09-10,CM,NSE,STK,7390,INE07RO01027,SUPRIYA,EQ,,,,,SUPRIYA LIFESCIENCE LTD,912.0,933.15,902.8,917.45,919.4,911.4,,917.51,,,244416,224418197.35,15643,F1,1,,,,,,Cash Only,Unclassified,False,917.7999999999998,917.9749999999999,917.6249999999998,917.9749999999999,917.6249999999998,0.3500000000001364,0.03814921794104708,Narrow,Bearish,Below CPR,False,True,0.03333333333333333,60,212339727.725,Higher,True,Risk Off,True,28.696428571428573,848.7959999999999,836.94,0.012196639701311537,1.0568827593140873,True,True,No setup,Neutral,0,Not applicable,No directional setup; confirmation score not applicable.,Narrow CPR,Not applicable,Not applicable,Narrow CPR; Wide CPR rules not applied,0,0,0,0
2026-09-10,2026-09-10,CM,NSE,STK,25897,INE842C01021,MINDACORP,EQ,,,,,MINDA CORPORATION LTD,704.9,709.5,697.5,703.1,698.2,700.8,,703.1,,,74618,52521410.4,8819,F1,1,,,,,,Cash Only,Automobile and Auto Components,True,703.3666666666667,703.5,703.2333333333333,703.5,703.2333333333333,0.2666666666666515,0.03792727445123759,Narrow,Bearish,Below CPR,False,True,0.08333333333333333,60,220090289.5,Inside,True,Risk Off,True,19.53928571428573,704.4170000000001,648.6015,0.013647718272100597,0.2386357458991847,False,True,No setup,Neutral,0,Not applicable,No directional setup; confirmation score not applicable.,Narrow CPR,Not applicable,Not applicable,Narrow CPR; Wide CPR rules not applied,0,0,0,0
2026-09-10,2026-09-10,CM,NSE,STK,312,INE974X01010,TIINDIA,EQ,,,,,TUBE INVEST OF INDIA LTD,2670.0,2674.5,2632.5,2652.0,2652.0,2678.3,,2651.98,,,174561,462586498.5,13857,F1,1,,,,,,F&O + Cash,Automobile and Auto Components,True,2653.0,2653.5,2652.5,2653.5,2652.5,1.0,0.037707390648567124,Narrow,Bearish,Below CPR,False,True,0.03333333333333333,60,630169968.5999999,Inside,True,Risk Off,True,59.7357142857143,2829.25,2939.5880000000006,0.016740404161186172,0.7340662385541679,False,False,No setup,Neutral,0,Not applicable,No directional setup; confirmation score not applicable.,Narrow CPR,Not applicable,Not applicable,Narrow CPR; Wide CPR rules not applied,0,0,0,0
2026-09-10,2026-09-10,CM,NSE,STK,1442,INE058A01010,SANOFI,EQ,,,,,SANOFI INDIA LIMITED,3101.0,3120.0,3095.5,3106.0,3109.8,3104.2,,3106.35,,,10873,33785077.8,2105,F1,1,,,,,,Cash Only,Unclassified,False,3107.1666666666665,3107.75,3106.583333333333,3107.75,3106.583333333333,1.1666666666669698,0.037561708521151635,Narrow,Bearish,Below CPR,False,True,0.06666666666666667,60,57935777.5,Overlapping,True,Risk Off,True,55.94285714285719,3299.9739999999997,3299.054,0.020854613551248166,0.5831470510601157,False,False,No setup,Neutral,0,Not applicable,No directional setup; confirmation score not applicable.,Narrow CPR,Not applicable,Not applicable,Narrow CPR; Wide CPR rules not applied,0,0,0,0
2026-09-10,2026-09-10,CM,NSE,STK,762643,INE131C01011,DISAQ,EQ,,,,,DISA INDIA LTD.,11990.0,11999.0,11712.0,11849.0,11850.0,11929.0,,11849.0,,,277,3278473.0,209,F1,1,,,,,,Cash Only,Unclassified,False,11853.333333333334,11855.5,11851.166666666668,11855.5,11851.166666666668,4.333333333332121,0.03657129996904482,Narrow,Bearish,Below CPR,False,True,0.05,60,5338222.0,Lower,True,Risk Off,True,415.35714285714283,11969.16,11944.6415,0.010432788764686104,0.6141507415765024,False,False,No setup,Neutral,0,Not applicable,No directional setup; confirmation score not applicable.,Narrow CPR,Not applicable,Not applicable,Narrow CPR; Wide CPR rules not applied,0,0,0,0
2026-09-10,2026-09-10,CM,NSE,STK,235,INE087Z01024,AAKASH,EQ,,,,,AAKASH EXPLORATION SER L,8.5,9.98,8.31,9.14,9.3,8.49,,9.14,,,795578,7327933.96,1266,F1,1,,,,,,Cash Only,Unclassified,False,9.143333333333333,9.145,9.141666666666666,9.145,9.141666666666666,0.0033333333333338544,0.03646973012400278,Narrow,Bearish,Below CPR,False,True,0.03333333333333333,60,808622.24,Higher,True,Risk Off,True,0.4457142857142861,8.876,8.750499999999999,0.007478632478633641,9.062246371061969,True,True,No setup,Neutral,0,Not applicable,No directional setup; confirmation score not applicable.,Narrow CPR,Not applicable,Not applicable,Narrow CPR; Wide CPR rules not applied,0,0,0,0
2026-09-10,2026-09-10,CM,NSE,STK,758460,INE718I01012,JSWCEMENT,EQ,,,,,JSW CEMENT LIMITED,120.5,121.32,120.35,120.77,120.62,120.7,,120.77,,,681977,82423909.86,9568,F1,1,,,,,,Cash Only,Construction Materials,True,120.81333333333333,120.835,120.79166666666667,120.835,120.79166666666667,0.043333333333322344,0.03588087549335294,Narrow,Bearish,Below CPR,False,True,0.1,60,173129191.27499998,Inside,True,Risk Off,True,2.314285714285716,130.9768,129.3111,0.018724279835386184,0.47608326044264315,False,False,No setup,Neutral,0,Not applicable,No directional setup; confirmation score not applicable.,Narrow CPR,Not applicable,Not applicable,Narrow CPR; Wide CPR rules not applied,0,0,0,0
2026-09-10,2026-09-10,CM,NSE,STK,8477,INE01P501012,XELPMOC,EQ,,,,,XELPMOC DESIGN & TECH LTD,77.5,78.5,74.0,76.21,76.84,77.47,,76.39,,,17649,1338256.99,338,F1,1,,,,,,Cash Only,Unclassified,False,76.23666666666666,76.25,76.22333333333333,76.25,76.22333333333333,0.026666666666670835,0.03499103354765889,Narrow,Bearish,Below CPR,False,True,0.05,60,728496.46,Lower,True,Risk Off,True,4.087142857142857,81.1112,88.4105,0.006524525224281575,1.837012344576115,False,False,No setup,Neutral,0,Not applicable,No directional setup; confirmation score not applicable.,Narrow CPR,Not applicable,Not applicable,Narrow CPR; Wide CPR rules not applied,0,0,0,0
2026-09-10,2026-09-10,CM,NSE,STK,17400,INE848E01016,NHPC,EQ,,,,,NHPC LTD,76.69,76.85,75.93,76.35,76.35,76.69,,76.35,,,9030454,688718286.84,21856,F1,1,,,,,,F&O + Cash,Power,True,76.37666666666667,76.39,76.36333333333333,76.39,76.36333333333333,0.026666666666670835,0.034926871862044316,Narrow,Bearish,Below CPR,False,True,0.08333333333333333,60,775085607.75,Lower,True,Risk Off,True,1.4449999999999983,77.8646,78.2423,0.018454440599772227,0.8885706042707772,False,False,No setup,Neutral,0,Not applicable,No directional setup; confirmation score not applicable.,Narrow CPR,Not applicable,Not applicable,Narrow CPR; Wide CPR rules not applied,0,0,0,0
2026-09-10,2026-09-10,CM,NSE,STK,1270,INE079A01024,AMBUJACEM,EQ,,,,,AMBUJA CEMENTS LTD,395.5,397.55,394.05,395.6,395.6,397.0,,395.6,,,1427859,565161749.85,19749,F1,1,,,,,,F&O + Cash,Construction Materials,True,395.73333333333335,395.8,395.6666666666667,395.8,395.6666666666667,0.13333333333332575,0.03370407819345949,Narrow,Bearish,Below CPR,False,True,0.05,60,891105719.2750001,Lower,True,Risk Off,True,6.864285714285716,422.62299999999993,428.6960000000001,0.019424210891431426,0.6342252525433383,False,False,No setup,Neutral,0,Not applicable,No directional setup; confirmation score not applicable.,Narrow CPR,Not applicable,Not applicable,Narrow CPR; Wide CPR rules not applied,0,0,0,0
2026-09-10,2026-09-10,CM,NSE,STK,12022,INE132H01018,AURIONPRO,EQ,,,,,AURIONPRO SOLN LTD,664.95,678.0,664.95,671.15,669.9,664.95,,671.16,,,84200,56628102.45,4410,F1,1,,,,,,Cash Only,Unclassified,False,671.3666666666667,671.475,671.2583333333333,671.475,671.2583333333333,0.21666666666669698,0.032282897514221406,Narrow,Bearish,Below CPR,False,True,0.05,60,99438575.725,Higher,True,Risk Off,True,21.18928571428572,756.048,793.3934999999999,0.01022529355581917,0.5694782134310382,False,False,No setup,Neutral,0,Not applicable,No directional setup; confirmation score not applicable.,Narrow CPR,Not applicable,Not applicable,Narrow CPR; Wide CPR rules not applied,0,0,-2,-2
2026-09-10,2026-09-10,CM,NSE,STK,3002,INE066O01014,WONDERLA,EQ,,,,,WONDERLA HOLIDAYS LTD.,519.0,521.45,517.15,519.05,519.75,517.1,,519.04,,,17917,9302798.55,885,F1,1,,,,,,Cash Only,Unclassified,False,519.2166666666666,519.3,519.1333333333332,519.3,519.1333333333332,0.16666666666674246,0.03210994444981071,Narrow,Bearish,Below CPR,False,True,0.03333333333333333,60,27715903.8,Higher,True,Risk Off,True,15.492857142857174,491.79600000000005,492.94599999999997,0.010757645612422267,0.33564839224185794,True,True,No setup,Neutral,0,Not applicable,No directional setup; confirmation score not applicable.,Narrow CPR,Not applicable,Not applicable,Narrow CPR; Wide CPR rules not applied,0,0,0,0
2026-09-10,2026-09-10,CM,NSE,STK,11287,INE628A01036,UPL,EQ,,,,,UPL LIMITED,578.0,578.6,572.5,575.3,575.3,575.7,,575.3,,,1242223,715771956.35,16351,F1,1,,,,,,F&O + Cash,Chemicals,True,575.4666666666666,575.55,575.3833333333332,575.55,575.3833333333332,0.16666666666674246,0.028970392259124362,Narrow,Bearish,Below CPR,False,True,0.05,60,990391150.45,Higher,True,Risk Off,True,10.642857142857142,586.709,607.295,0.015659955257277817,0.7227164297911766,False,False,No setup,Neutral,0,Not applicable,No directional setup; confirmation score not applicable.,Narrow CPR,Not applicable,Not applicable,Narrow CPR; Wide CPR rules not applied,0,0,0,0
2026-09-10,2026-09-10,CM,NSE,STK,1594,INE009A01021,INFY,EQ,,,,,INFOSYS LIMITED,1039.6,1046.6,1027.3,1036.5,1036.5,1035.0,,1036.29,,,8998529,9314245718.7,132817,F1,1,,,,,,F&O + Cash,Information Technology,True,1036.8,1036.9499999999998,1036.65,1036.9499999999998,1036.65,0.29999999999972715,0.028943560057860796,Narrow,Bearish,Below CPR,False,True,0.016666666666666666,60,10587549466.55,Lower,True,Risk Off,True,29.31428571428572,1113.7579999999998,1131.022,0.010233918128645662,0.8797357450963664,False,False,No setup,Neutral,0,Not applicable,No directional setup; confirmation score not applicable.,Narrow CPR,Not applicable,Not applicable,Narrow CPR; Wide CPR rules not applied,0,0,0,0
2026-09-10,2026-09-10,CM,NSE,STK,9408,INE961O01016,RAINBOW,EQ,,,,,RAINBOW CHILDRENS MED LTD,1449.0,1478.9,1442.5,1460.1,1462.0,1451.1,,1460.11,,,75652,110954150.6,9798,F1,1,,,,,,Cash Only,Healthcare,True,1460.5,1460.7,1460.3,1460.7,1460.3,0.40000000000009095,0.02739538387782282,Narrow,Bearish,Below CPR,False,True,0.03333333333333333,60,116939570.3,Higher,True,Risk Off,True,35.31428571428574,1477.052,1411.7179999999998,0.011326860841426516,0.9488161305480699,False,True,No setup,Neutral,0,Not applicable,No directional setup; confirmation score not applicable.,Narrow CPR,Not applicable,Not applicable,Narrow CPR; Wide CPR rules not applied,0,0,0,0
2026-09-10,2026-09-10,CM,NSE,STK,10310,INE898S01029,AURUM,EQ,,,,,AURUM PROPTECH LIMITED,220.86,222.5,218.44,220.38,220.05,220.17,,220.33,,,65446,14426527.09,1402,F1,1,,,,,,Cash Only,Unclassified,False,220.43999999999997,220.47,220.40999999999994,220.47,220.40999999999994,0.06000000000005912,0.027225701061829165,Narrow,Bearish,Below CPR,False,True,0.05,60,34646022.82,Lower,True,Risk Off,True,7.4600000000000035,227.28900000000002,207.8454,0.00804289544236717,0.41639778294182855,False,True,No setup,Neutral,0,Not applicable,No directional setup; confirmation score not applicable.,Narrow CPR,Not applicable,Not applicable,Narrow CPR; Wide CPR rules not applied,0,-2,0,-2
2026-09-10,2026-09-10,CM,NSE,STK,23127,INE0PB301013,SCILAL,EQ,,,,,SHIPPING CORP OF ILA LTD,38.43,38.95,38.0,38.46,38.62,38.43,,38.45,,,200962,7727110.59,2012,F1,1,,,,,,Cash Only,Unclassified,False,38.47,38.475,38.464999999999996,38.475,38.464999999999996,0.010000000000005116,0.026001040041614965,Narrow,Bearish,Below CPR,False,True,0.08333333333333333,60,7813841.925000001,Lower,True,Risk Off,True,0.8735714285714283,41.021,43.5041,0.011447260834020577,0.9889002956762526,False,False,No setup,Neutral,0,Not applicable,No directional setup; confirmation score not applicable.,Narrow CPR,Not applicable,Not applicable,Narrow CPR; Wide CPR rules not applied,0,0,0,0
2026-09-10,2026-09-10,CM,NSE,STK,17029,INE619A01035,PATANJALI,EQ,,,,,PATANJALI FOODS LIMITED,340.95,342.0,337.75,339.75,339.75,341.0,,340.0,,,1115935,378936417.75,8190,F1,1,,,,,,F&O + Cash,Fast Moving Consumer Goods,True,339.8333333333333,339.875,339.79166666666663,339.875,339.79166666666663,0.08333333333337123,0.024527839097386674,Narrow,Bearish,Below CPR,False,True,0.06666666666666667,60,858313472.5,Lower,True,Risk Off,True,5.235714285714287,358.55800000000005,400.9275,0.015916325602553846,0.4414895372040196,False,False,No setup,Neutral,0,Not applicable,No directional setup; confirmation score not applicable.,Narrow CPR,Not applicable,Not applicable,Narrow CPR; Wide CPR rules not applied,0,0,0,0
2026-09-10,2026-09-10,CM,NSE,STK,1394,INE030A01027,HINDUNILVR,EQ,,,,,HINDUSTAN UNILEVER LTD.,1940.0,1950.0,1936.0,1942.3,1942.3,1945.0,,1942.09,,,1232506,2394313735.1,46159,F1,1,,,,,,F&O + Cash,Fast Moving Consumer Goods,True,1942.7666666666667,1943.0,1942.5333333333333,1943.0,1942.5333333333333,0.466666666666697,0.024026497794712297,Narrow,Bearish,Below CPR,False,True,0.06666666666666667,60,2504558977.3999996,Lower,True,Risk Off,True,27.792857142857137,2074.68,2144.945,0.01679088494817209,0.9559821735903197,False,False,No setup,Neutral,0,Not applicable,No directional setup; confirmation score not applicable.,Narrow CPR,Not applicable,Not applicable,Narrow CPR; Wide CPR rules not applied,0,0,0,0
2026-09-10,2026-09-10,CM,NSE,STK,765356,INE685T01010,HORIZONIND,EQ,,,,,HORIZON INDUSTRIAL PRKS L,55.5,56.15,54.99,55.55,55.5,55.67,,55.55,,,1975842,109592227.9,8504,F1,1,,,,,,Cash Only,Unclassified,False,55.56333333333333,55.57,55.556666666666665,55.57,55.556666666666665,0.013333333333335418,0.024002400240027755,Narrow,Bearish,Below CPR,False,True,0.07142857142857142,14,352844799.32500005,Lower,False,Risk Off,False,,,,,0.3105961264262712,False,False,No setup,Neutral,0,Not applicable,No directional setup; confirmation score not applicable.,Narrow CPR,Not applicable,Not applicable,Narrow CPR; Wide CPR rules not applied,0,0,0,0
2026-09-10,2026-09-10,CM,NSE,STK,756782,INE0GGO01015,KRISHIVAL,EQ,,,,,KRISHIVAL FOODS LIMITED,416.7,419.9,416.7,418.15,418.0,417.65,,418.15,,,11235,4701065.35,324,F1,1,,,,,,Cash Only,Unclassified,False,418.25,418.29999999999995,418.20000000000005,418.29999999999995,418.20000000000005,0.09999999999990905,0.023914863087387075,Narrow,Bearish,Below CPR,False,True,0.06666666666666667,60,4128745.25,Higher,True,Risk Off,True,7.567857142857134,399.43799999999993,390.50700000000006,0.013213780084933726,1.1386184095519092,True,True,No setup,Neutral,0,Not applicable,No directional setup; confirmation score not applicable.,Narrow CPR,Not applicable,Not applicable,Narrow CPR; Wide CPR rules not applied,0,0,0,0
2026-09-10,2026-09-10,CM,NSE,STK,23142,INE772T01024,PVSL,EQ,,,,,POPULAR VEHICLES N SER L,100.2,102.0,99.13,100.53,100.0,100.6,,100.53,,,10011,1008366.27,344,F1,1,,,,,,Cash Only,Unclassified,False,100.55333333333333,100.565,100.54166666666666,100.565,100.54166666666666,0.023333333333340533,0.023210318644524552,Narrow,Bearish,Below CPR,False,True,0.016666666666666666,60,3059757.03,Lower,True,Risk Off,True,4.688571428571431,105.0346,102.4786,0.004976640260005595,0.3295576283061927,False,False,No setup,Neutral,0,Not applicable,No directional setup; confirmation score not applicable.,Narrow CPR,Not applicable,Not applicable,Narrow CPR; Wide CPR rules not applied,0,0,0,0
2026-09-10,2026-09-10,CM,NSE,STK,913,INE063P01018,EQUITASBNK,EQ,,,,,EQUITAS SMALL FIN BNK LTD,72.9,73.35,71.96,72.63,72.05,72.7,,72.63,,,1259639,91212371.57,10614,F1,1,,,,,,Cash Only,Unclassified,False,72.64666666666666,72.655,72.63833333333332,72.655,72.63833333333332,0.01666666666667993,0.0229473587590251,Narrow,Bearish,Below CPR,False,True,0.03333333333333333,60,162623142.945,Higher,True,Risk Off,True,1.4435714285714292,76.1028,73.8432,0.011545439551386389,0.5608818641566194,False,False,No setup,Neutral,0,Not applicable,No directional setup; confirmation score not applicable.,Narrow CPR,Not applicable,Not applicable,Narrow CPR; Wide CPR rules not applied,0,0,-2,-2
2026-09-10,2026-09-10,CM,NSE,STK,15254,INE482A01020,CEATLTD,EQ,,,,,CEAT LIMITED,3292.3,3313.5,3280.1,3295.7,3291.0,3293.2,,3295.61,,,43713,144131758.6,9720,F1,1,,,,,,Cash Only,Automobile and Auto Components,True,3296.433333333333,3296.8,3296.0666666666657,3296.8,3296.0666666666657,0.7333333333344854,0.022251216231285776,Narrow,Bearish,Below CPR,False,True,0.06666666666666667,60,330066853.65,Lower,True,Risk Off,True,69.60714285714289,3569.77,3465.9439999999995,0.01053531725672939,0.4366744403630304,False,False,No setup,Neutral,0,Not applicable,No directional setup; confirmation score not applicable.,Narrow CPR,Not applicable,Not applicable,Narrow CPR; Wide CPR rules not applied,0,0,0,0
2026-09-10,2026-09-10,CM,NSE,STK,1467,INE133A01011,JSWDULUX,EQ,,,,,JSW DULUX LIMITED,3179.2,3199.7,3161.6,3179.7,3185.2,3179.2,,3179.71,,,6736,21433389.0,1818,F1,1,,,,,,Cash Only,Consumer Durables,True,3180.3333333333335,3180.6499999999996,3180.0166666666673,3180.6499999999996,3180.0166666666673,0.6333333333323026,0.019918021616262625,Narrow,Bearish,Below CPR,False,True,0.03333333333333333,60,51189158.8,Higher,True,Risk Off,True,60.53571428571435,3067.548,3066.653,0.010462143559471655,0.4187095373796219,True,True,No setup,Neutral,0,Not applicable,No directional setup; confirmation score not applicable.,Narrow CPR,Not applicable,Not applicable,Narrow CPR; Wide CPR rules not applied,0,0,0,0
2026-09-10,2026-09-10,CM,NSE,STK,29452,INE943P01029,AGARWALEYE,EQ,,,,,DR AGARWALS HEALTH CARE L,513.7,516.8,500.2,508.35,501.0,513.7,,508.23,,,154967,78960960.95,4651,F1,1,,,,,,Cash Only,Unclassified,False,508.45,508.5,508.4,508.5,508.4,0.10000000000002274,0.01967148618078543,Narrow,Bearish,Below CPR,False,True,0.016666666666666666,60,65643011.05,Lower,True,Risk Off,True,12.850000000000003,500.00700000000006,479.847,0.007782101167316943,1.2028845064687204,True,True,No setup,Neutral,0,Not applicable,No directional setup; confirmation score not applicable.,Narrow CPR,Not applicable,Not applicable,Narrow CPR; Wide CPR rules not applied,0,0,0,0
2026-09-10,2026-09-10,CM,NSE,STK,27061,INE622W01025,ACMESOLAR,EQ,,,,,ACME SOLAR HOLDINGS LTD,396.3,401.95,392.75,397.25,397.5,401.6,,397.23,,,743888,295099464.7,21200,F1,1,,,,,,Cash Only,Power,True,397.31666666666666,397.35,397.2833333333333,397.35,397.2833333333333,0.06666666666671972,0.01678204321377463,Narrow,Bearish,Below CPR,False,True,0.016666666666666666,60,575614811.5,Lower,True,Risk Off,True,16.864285714285703,382.38599999999997,351.04949999999997,0.003953127205989312,0.5126682962361541,True,True,No setup,Neutral,0,Not applicable,No directional setup; confirmation score not applicable.,Narrow CPR,Not applicable,Not applicable,Narrow CPR; Wide CPR rules not applied,0,0,0,0
2026-09-10,2026-09-10,CM,NSE,STK,13826,INE671H01015,SOBHA,EQ,,,,,SOBHA LIMITED,1234.0,1255.0,1217.0,1235.7,1247.0,1229.5,,1235.73,,,181083,221457028.3,6602,F1,1,,,,,,Cash Only,Realty,True,1235.8999999999999,1236.0,1235.7999999999997,1236.0,1235.7999999999997,0.20000000000027285,0.01618515820994358,Narrow,Bearish,Below CPR,False,True,0.05,60,127482074.8,Inside,True,Risk Off,True,32.09285714285714,1354.4460000000001,1374.464,0.0062319163142751394,1.7371620962981065,False,False,No setup,Neutral,0,Not applicable,No directional setup; confirmation score not applicable.,Narrow CPR,Not applicable,Not applicable,Narrow CPR; Wide CPR rules not applied,0,0,0,0
2026-09-10,2026-09-10,CM,NSE,STK,762648,INE934C01018,DRAGARWQ,EQ,,,,,DR. AGARWAL'S EYE HOSP L,5266.5,5348.0,5266.5,5306.0,5301.0,5241.5,,5306.15,,,2708,14365443.5,352,F1,1,,,,,,Cash Only,Unclassified,False,5306.833333333333,5307.25,5306.416666666666,5307.25,5306.416666666666,0.8333333333339397,0.015705490639539008,Narrow,Bearish,Below CPR,False,True,0.03333333333333333,60,4658463.05,Higher,True,Risk Off,True,139.89285714285714,5173.54,5104.0795,0.005956939834912002,3.083730265929661,True,True,No setup,Neutral,0,Not applicable,No directional setup; confirmation score not applicable.,Narrow CPR,Not applicable,Not applicable,Narrow CPR; Wide CPR rules not applied,0,0,0,0
2026-09-10,2026-09-10,CM,NSE,STK,25,INE423A01024,ADANIENT,EQ,,,,,ADANI ENTERPRISES LIMITED,3114.5,3114.5,3041.1,3077.2,3077.2,3104.7,,3078.07,,,1716315,5279446905.3,68558,F1,1,,,,,,F&O + Cash,Metals & Mining,True,3077.6,3077.8,3077.3999999999996,3077.8,3077.3999999999996,0.4000000000005457,0.012998830105308258,Narrow,Bearish,Below CPR,False,True,0.016666666666666666,60,4083727932.5,Inside,True,Risk Off,True,95.72857142857144,3052.18,2907.309,0.004178480823763348,1.2928008409384897,True,True,No setup,Neutral,0,Not applicable,No directional setup; confirmation score not applicable.,Narrow CPR,Not applicable,Not applicable,Narrow CPR; Wide CPR rules not applied,0,0,0,0
2026-09-10,2026-09-10,CM,NSE,STK,14599,INE0JSX01015,GSLSU,EQ,,,,,GLOBAL SURFACES LIMITED,28.0,28.0,26.45,27.22,27.5,27.84,,27.22,,,53432,1436779.59,524,F1,1,,,,,,Cash Only,Unclassified,False,27.223333333333333,27.225,27.221666666666664,27.225,27.221666666666664,0.003333333333337407,0.012245897624310829,Narrow,Bearish,Below CPR,False,True,0.03333333333333333,60,3212837.54,Lower,True,Risk Off,True,1.84,30.347399999999997,41.76700000000001,0.0018115942029007647,0.447199577355536,False,False,No setup,Neutral,0,Not applicable,No directional setup; confirmation score not applicable.,Narrow CPR,Not applicable,Not applicable,Narrow CPR; Wide CPR rules not applied,0,0,0,0
2026-09-10,2026-09-10,CM,NSE,STK,6782,INE567A01028,NIPPOBATRY,EQ,,,,,INDO-NATIONAL LIMITED,325.0,325.0,320.0,322.45,320.35,323.0,,322.45,,,1939,623111.75,272,F1,1,,,,,,Cash Only,Unclassified,False,322.48333333333335,322.5,322.4666666666667,322.5,322.4666666666667,0.03333333333330302,0.010337520028935654,Narrow,Bearish,Below CPR,False,True,0.03333333333333333,60,706988.65,Lower,True,Risk Off,True,9.710714285714285,330.119,344.4245,0.003432634547011712,0.8813603301835184,False,False,No setup,Neutral,0,Not applicable,No directional setup; confirmation score not applicable.,Narrow CPR,Not applicable,Not applicable,Narrow CPR; Wide CPR rules not applied,0,0,0,0
2026-09-10,2026-09-10,CM,NSE,STK,31415,INE095N01031,NBCC,EQ,,,,,NBCC (INDIA) LIMITED,83.2,84.7,83.2,83.94,83.94,83.6,,83.94,,,4868776,408387282.68,26572,F1,1,,,,,,F&O + Cash,Construction,True,83.94666666666667,83.95,83.94333333333334,83.95,83.94333333333334,0.006666666666660603,0.007942180922874199,Narrow,Bearish,Below CPR,False,True,0.016666666666666666,60,591999761.7049999,Inside,True,Risk Off,True,1.5971428571428572,92.5694,96.2705,0.004174120453186424,0.689843660584958,False,False,No setup,Neutral,0,Not applicable,No directional setup; confirmation score not applicable.,Narrow CPR,Not applicable,Not applicable,Narrow CPR; Wide CPR rules not applied,0,0,0,0
2026-09-10,2026-09-10,CM,NSE,STK,2181,INE323A01026,BOSCHLTD,EQ,,,,,BOSCH LIMITED,48865.0,49080.0,48480.0,48775.0,48775.0,49100.0,,48774.72,,,28128,1371323285.0,9424,F1,1,,,,,,F&O + Cash,Automobile and Auto Components,True,48778.333333333336,48780.0,48776.66666666667,48780.0,48776.66666666667,3.3333333333284827,0.006834102169817494,Narrow,Bearish,Below CPR,False,True,0.03333333333333333,60,1390626415.0,Inside,True,Risk Off,True,1111.0714285714287,44594.3,41188.05,0.0030001071466794443,0.9861191116522837,True,True,No setup,Neutral,0,Not applicable,No directional setup; confirmation score not applicable.,Narrow CPR,Not applicable,Not applicable,Narrow CPR; Wide CPR rules not applied,0,0,0,0
2026-09-10,2026-09-10,CM,NSE,STK,17351,INE498E01010,SALONA,EQ,,,,,SALONA COTSPIN LTD.,269.0,269.0,256.55,262.75,265.35,264.25,,262.8,,,28,7438.4,12,F1,1,,,,,,Cash Only,Unclassified,False,262.76666666666665,262.775,262.7583333333333,262.775,262.7583333333333,0.01666666666665151,0.006343165239448718,Narrow,Bearish,Below CPR,False,True,0.03333333333333333,60,89439.83499999999,Inside,True,Risk Off,True,13.82142857142857,257.031,265.509,0.0012058570198094116,0.08316652194181709,True,False,No setup,Neutral,0,Not applicable,No directional setup; confirmation score not applicable.,Narrow CPR,Not applicable,Not applicable,Narrow CPR; Wide CPR rules not applied,0,0,0,0
2026-09-10,2026-09-10,CM,NSE,STK,17770,INE646C01018,GROBTEA,EQ,,,,,THE GROB TEA COMPANY LTD,940.05,980.05,940.05,960.0,960.0,945.95,,960.0,,,127,122972.45,32,F1,1,,,,,,Cash Only,Unclassified,False,960.0333333333333,960.05,960.0166666666667,960.05,960.0166666666667,0.03333333333330302,0.0034722222222190644,Narrow,Bearish,Below CPR,False,True,0.06666666666666667,60,121121.075,Higher,True,Risk Off,True,34.27499999999999,932.0029999999999,922.0809999999999,0.0009725261366390379,1.0152853250353004,True,True,No setup,Neutral,0,Not applicable,No directional setup; confirmation score not applicable.,Narrow CPR,Not applicable,Not applicable,Narrow CPR; Wide CPR rules not applied,0,0,0,0
2026-09-10,2026-09-10,CM,NSE,STK,764975,INE693D01018,VADILENT,EQ,,,,,VADILAL ENTERPRISES LTD.,10400.0,10401.0,10400.0,10400.0,10400.0,10401.0,,10471.0,,,105,1092001.0,12,F1,1,,,,,,Cash Only,Unclassified,False,10400.333333333334,10400.5,10400.166666666668,10400.5,10400.166666666668,0.3333333333321207,0.003205128205116545,Narrow,Bearish,Below CPR,False,True,0.17647058823529413,17,271554.0,Lower,False,Risk Off,False,670.2857142857143,,,0.0004973003694213224,4.021303313521436,False,False,No setup,Neutral,0,Not applicable,No directional setup; confirmation score not applicable.,Narrow CPR,Not applicable,Not applicable,Narrow CPR; Wide CPR rules not applied,0,0,0,0
