TradDt,BizDt,Sgmt,Src,FinInstrmTp,FinInstrmId,ISIN,SYMBOL,SERIES,XpryDt,FininstrmActlXpryDt,StrkPric,OptnTp,NAME,OPEN,HIGH,LOW,CLOSE,LAST,PREVCLOSE,UndrlygPric,SttlmPric,OpnIntrst,ChngInOpnIntrst,VOLUME,VALUE,TtlNbOfTxsExctd,SsnId,NewBrdLotQty,Rmks,Rsvd1,Rsvd2,Rsvd3,Rsvd4,Segment,Industry,Nifty500,Pivot,BC,TC,CPR_Top,CPR_Bottom,CPR_Width,CPR_Width_Pct,CPR_Class,Bias,Price_Position,Bullish_CPR,Bearish_CPR,Width_Rank_Pct,History_Days,Value_60d,Overlay,History_OK,Regime,Own_Narrow,ATR14,SMA50,SMA100,Width_ATR,Value_Ratio,Above_SMA50,Above_SMA100,Setup,Signal_Direction,Signal_Score,Signal_Grade,Signal_Explanation,Strategy_Type,Strategy_Setup,Strategy_Confirmation,Strategy_Explanation,Daily_Signal,Weekly_Signal,Monthly_Signal,Confluence_Score
2026-09-04,2026-09-04,CM,NSE,STK,15244,INE641C01019,KAVDEFENCE,EQ,,,,,KAVVERI DFS & WIR TEC LTD,56.95,67.38,56.78,67.14,66.77,56.15,,67.18,,,1505543,99108521.05,6294,F1,1,,,,,,Cash Only,Unclassified,False,63.76666666666667,62.08,65.45333333333335,65.45333333333335,62.08,3.373333333333349,5.024327276338023,Wide,Bullish,Above CPR,False,False,1.0,60,5274549.99,Higher,True,Neutral,False,3.2192857142857148,59.013600000000004,62.198899999999995,1.0478514902743927,18.789948192338585,True,True,No setup,Neutral,0,Not applicable,No directional setup; confirmation score not applicable.,Wide CPR,Wide Upside Breakout,Confirmed,Wide CPR + close above CPR + trend aligned + participation confirmed,0,0,0,0
2026-09-04,2026-09-04,CM,NSE,STK,20642,INE247D01039,JINDWORLD,EQ,,,,,JINDAL WORLDWIDE LTD,49.67,57.78,49.02,57.51,57.78,48.15,,57.51,,,188275533,10239526628.67,320645,F1,1,,,,,,Cash Only,Unclassified,False,54.77,53.400000000000006,56.14,56.14,53.400000000000006,2.739999999999995,4.7643888019474785,Wide,Bullish,Above CPR,False,False,0.9666666666666667,60,111210280.30000001,Higher,True,Neutral,False,2.9142857142857146,35.7058,31.879100000000005,0.9401960784313707,92.07356191395193,True,True,No setup,Neutral,0,Not applicable,No directional setup; confirmation score not applicable.,Wide CPR,Wide Upside Breakout,Confirmed,Wide CPR + close above CPR + trend aligned + participation confirmed,0,0,0,0
2026-09-04,2026-09-04,CM,NSE,STK,23027,INE572G01025,LANCORHOL,EQ,,,,,LANCOR HOLDINGS LIMITED,35.13,40.88,34.21,40.35,40.52,34.75,,40.35,,,2381575,91709854.35,9124,F1,1,,,,,,Cash Only,Unclassified,False,38.48,37.545,39.41499999999999,39.41499999999999,37.545,1.8699999999999903,4.634448574968997,Wide,Bullish,Above CPR,False,False,1.0,60,2899150.27,Higher,True,Neutral,False,2.780714285714286,27.687800000000003,26.2453,0.6724890829694288,31.633356607624204,True,True,No setup,Neutral,0,Not applicable,No directional setup; confirmation score not applicable.,Wide CPR,Wide Upside Breakout,Confirmed,Wide CPR + close above CPR + trend aligned + participation confirmed,0,0,0,0
2026-09-04,2026-09-04,CM,NSE,STK,759381,INE296Q01012,MONEYBOXX,EQ,,,,,MONEYBOXX FINANCE LIMITED,56.93,68.66,56.93,58.8,58.79,57.22,,58.81,,,92042,5791805.15,1040,F1,1,,,,,,Cash Only,Unclassified,False,61.46333333333333,62.795,60.13166666666666,62.795,60.13166666666666,2.663333333333341,4.5294784580499,Wide,Bearish,Below CPR,False,False,0.9833333333333333,60,841677.26,Higher,True,Neutral,False,3.303571428571428,59.4836,65.73599999999999,0.8061981981982007,6.881266044897067,False,False,No setup,Neutral,0,Not applicable,No directional setup; confirmation score not applicable.,Wide CPR,Wide Downside Breakout,Confirmed,Wide CPR + close below CPR + trend aligned + participation confirmed,0,0,-2,-2
2026-09-04,2026-09-04,CM,NSE,STK,20314,INE740D01017,NRAIL,EQ,,,,,N R AGARWAL INDS LTD,498.95,595.25,496.05,584.0,595.0,496.05,,583.78,,,157426,89869362.85,5383,F1,1,,,,,,Cash Only,Unclassified,False,558.4333333333333,545.65,571.2166666666666,571.2166666666666,545.65,25.566666666666606,4.377853881278528,Wide,Bullish,Above CPR,False,False,1.0,60,2795059.8499999996,Higher,True,Neutral,False,21.946428571428566,477.101,472.49550000000005,1.164957960401408,32.15292969486861,True,True,No setup,Neutral,0,Not applicable,No directional setup; confirmation score not applicable.,Wide CPR,Wide Upside Breakout,Confirmed,Wide CPR + close above CPR + trend aligned + participation confirmed,0,0,0,0
2026-09-04,2026-09-04,CM,NSE,STK,17376,INE688J01023,LANDSMILL,EQ,,,,,LANDSMILL GREEN LIMITED,0.67,0.71,0.63,0.63,0.64,0.67,,0.63,,,10129295,6736156.04,1760,F1,1,,,,,,Cash Only,Unclassified,False,0.6566666666666666,0.6699999999999999,0.6433333333333333,0.6699999999999999,0.6433333333333333,0.026666666666666616,4.232804232804225,Wide,Bearish,Below CPR,False,False,1.0,60,1543222.4849999999,Lower,True,Neutral,False,0.029285714285714266,0.7628,0.8417999999999999,0.9105691056910559,4.36499345070131,False,False,No setup,Neutral,0,Not applicable,No directional setup; confirmation score not applicable.,Wide CPR,Wide Downside Breakout,Confirmed,Wide CPR + close below CPR + trend aligned + participation confirmed,0,0,0,0
2026-09-04,2026-09-04,CM,NSE,STK,399,INE470Y01017,NIACL,EQ,,,,,THE NEW INDIA ASSU CO LTD,196.49,234.39,196.49,229.91,231.0,195.33,,229.91,,,66928665,14930434679.0,399899,F1,1,,,,,,Cash Only,Financial Services,True,220.26333333333332,215.44,225.08666666666664,225.08666666666664,215.44,9.646666666666647,4.1958447508445245,Wide,Bullish,Above CPR,False,False,1.0,60,239648750.75,Higher,True,Neutral,False,9.594285714285713,181.46939999999998,173.14919999999998,1.0054595989676376,62.30132488600089,True,True,No setup,Neutral,0,Not applicable,No directional setup; confirmation score not applicable.,Wide CPR,Wide Upside Breakout,Confirmed,Wide CPR + close above CPR + trend aligned + participation confirmed,0,0,0,0
2026-09-04,2026-09-04,CM,NSE,STK,10343,INE583V01021,RADHIKAJWE,EQ,,,,,RADHIKA JEWELTECH LIMITED,71.55,85.0,71.55,83.16,84.2,71.32,,83.16,,,14544177,1179993917.43,82624,F1,1,,,,,,Cash Only,Unclassified,False,79.90333333333334,78.275,81.53166666666667,81.53166666666667,78.275,3.2566666666666606,3.9161455828122422,Wide,Bullish,Above CPR,False,False,1.0,60,34451405.620000005,Higher,True,Neutral,False,3.984285714285716,66.17240000000001,63.223200000000006,0.8173777937133959,34.25096585159302,True,True,No setup,Neutral,0,Not applicable,No directional setup; confirmation score not applicable.,Wide CPR,Wide Upside Breakout,Confirmed,Wide CPR + close above CPR + trend aligned + participation confirmed,0,0,0,0
2026-09-04,2026-09-04,CM,NSE,STK,21362,INE170V01027,SALASAR,EQ,,,,,SALASAR TECHNO ENGG. LTD.,5.12,5.88,5.12,5.2,5.21,5.08,,5.2,,,26712678,144034125.42,20032,F1,1,,,,,,Cash Only,Unclassified,False,5.3999999999999995,5.5,5.299999999999999,5.5,5.299999999999999,0.20000000000000107,3.8461538461538667,Wide,Bearish,Below CPR,False,False,1.0,60,15319107.625,Higher,True,Neutral,False,0.2385714285714285,5.935,6.541399999999999,0.8383233532934179,9.40225298665202,False,False,No setup,Neutral,0,Not applicable,No directional setup; confirmation score not applicable.,Wide CPR,Wide Downside Breakout,Confirmed,Wide CPR + close below CPR + trend aligned + participation confirmed,0,0,0,0
2026-09-04,2026-09-04,CM,NSE,STK,764855,INE005C01017,RTSPOWR,EQ,,,,,R T S POWER CORPN. LTD.,92.21,99.0,87.1,88.08,90.0,90.4,,88.96,,,2343,211519.23,62,F1,1,,,,,,Cash Only,Unclassified,False,91.39333333333333,93.05,89.73666666666666,93.05,89.73666666666666,3.3133333333333326,3.7617317590069623,Wide,Bearish,Below CPR,False,False,0.9333333333333333,15,111143.1,Outside,False,Neutral,False,7.039285714285716,,,0.47069169626247226,1.9031251602663593,False,False,No setup,Neutral,0,Not applicable,No directional setup; confirmation score not applicable.,Wide CPR,Wide Downside Breakout,Confirmed,Wide CPR + close below CPR + trend aligned + participation confirmed,0,0,0,0
2026-09-04,2026-09-04,CM,NSE,STK,761814,INE887D01024,TCC,EQ,,,,,TCC CONCEPT LIMITED,47.33,49.22,43.8,44.1,44.0,233.13,,44.1,,,578711,26914347.29,6528,F1,1,,,,,,Cash Only,Unclassified,False,45.70666666666667,46.51,44.90333333333334,46.51,44.90333333333334,1.606666666666655,3.6432350718064734,Wide,Bearish,Below CPR,False,False,0.9833333333333333,60,6521654.225,Lower,True,Neutral,False,28.02857142857142,274.1496,322.70029999999997,0.05732246007475325,4.1269203121543905,False,False,No setup,Neutral,0,Not applicable,No directional setup; confirmation score not applicable.,Wide CPR,Wide Downside Breakout,Confirmed,Wide CPR + close below CPR + trend aligned + participation confirmed,0,0,0,0
2026-09-04,2026-09-04,CM,NSE,STK,20323,INE688D01026,RESPONIND,EQ,,,,,RESPONSIVE INDUSTRIES LTD,151.25,176.14,150.37,154.9,151.99,151.87,,154.91,,,40184929,6773146067.6,227735,F1,1,,,,,,Cash Only,Unclassified,False,160.47,163.255,157.685,163.255,157.685,5.569999999999993,3.595868302130402,Wide,Bearish,Below CPR,False,False,0.9666666666666667,60,19177550.15,Higher,True,Neutral,False,6.850714285714283,175.4282,173.4352,0.8130539047023244,353.18098582054813,False,False,No setup,Neutral,0,Not applicable,No directional setup; confirmation score not applicable.,Wide CPR,Wide Downside Breakout,Confirmed,Wide CPR + close below CPR + trend aligned + participation confirmed,0,0,0,0
2026-09-04,2026-09-04,CM,NSE,STK,2658,INE245B01011,PHOENXINTL,EQ,,,,,PHOENIX INTERNATIONAL LTD,32.5,32.5,28.52,29.01,28.9,29.48,,29.01,,,5152,152635.81,84,F1,1,,,,,,Cash Only,Unclassified,False,30.01,30.509999999999998,29.510000000000005,30.509999999999998,29.510000000000005,0.9999999999999929,3.447087211306421,Wide,Bearish,Below CPR,False,False,0.9333333333333333,15,61644.4,Overlapping,False,Neutral,False,3.2235714285714283,,,0.3102149346332794,2.4760693590983123,False,False,No setup,Neutral,0,Not applicable,No directional setup; confirmation score not applicable.,Wide CPR,Wide Downside Breakout,Confirmed,Wide CPR + close below CPR + trend aligned + participation confirmed,0,0,0,0
2026-09-04,2026-09-04,CM,NSE,STK,11975,INE050H01012,RML,EQ,,,,,RANE (MADRAS) LIMITED,1127.5,1333.0,1125.1,1295.9,1295.4,1127.4,,1295.91,,,2195205,2841884791.2,80830,F1,1,,,,,,Cash Only,Unclassified,False,1251.3333333333333,1229.05,1273.6166666666666,1273.6166666666666,1229.05,44.566666666666606,3.4390513671322327,Wide,Bullish,Above CPR,False,False,0.9666666666666667,60,32419908.275,Higher,True,Neutral,False,46.40714285714288,1156.489,1025.9695,0.9603406700528432,87.65863145243584,True,True,No setup,Neutral,0,Not applicable,No directional setup; confirmation score not applicable.,Wide CPR,Wide Upside Breakout,Confirmed,Wide CPR + close above CPR + trend aligned + participation confirmed,0,0,-2,-2
2026-09-04,2026-09-04,CM,NSE,STK,764950,INE390D01011,TERAI,EQ,,,,,TERAI TEA CO. LTD.,121.1,132.95,121.1,121.43,121.26,124.3,,122.27,,,1068,131362.1,32,F1,1,,,,,,Cash Only,Unclassified,False,125.16000000000001,127.02499999999999,123.29500000000003,127.02499999999999,123.29500000000003,3.7299999999999613,3.0717285678991693,Wide,Bearish,Below CPR,False,False,0.8333333333333334,12,23524.074999999997,Overlapping,False,Neutral,False,,,,,5.584155806338826,False,False,No setup,Neutral,0,Not applicable,No directional setup; confirmation score not applicable.,Wide CPR,Wide Downside Breakout,Confirmed,Wide CPR + close below CPR + trend aligned + participation confirmed,0,0,0,0
2026-09-04,2026-09-04,CM,NSE,STK,3387,INE294B01019,SMLMAH,EQ,,,,,SML MAHINDRA LIMITED,5725.0,6298.5,5719.5,6298.5,6298.5,5726.0,,6300.26,,,427607,2603149814.0,63893,F1,1,,,,,,Cash Only,Unclassified,False,6105.5,6009.0,6202.0,6202.0,6009.0,193.0,3.0642216400730335,Wide,Bullish,Above CPR,False,False,0.9833333333333333,60,331366866.1,Higher,True,Neutral,False,237.75,4756.72,4310.061000000001,0.8117770767613038,7.855793926042142,True,True,No setup,Neutral,0,Not applicable,No directional setup; confirmation score not applicable.,Wide CPR,Wide Upside Breakout,Confirmed,Wide CPR + close above CPR + trend aligned + participation confirmed,0,0,0,0
2026-09-04,2026-09-04,CM,NSE,STK,765105,INE348N01042,KDGREEN,EQ,,,,,KD GREEN INDUSTRIES LTD,55.29,55.29,50.16,50.44,51.5,51.81,,50.47,,,21136,1077832.11,219,F1,1,,,,,,Cash Only,Unclassified,False,51.96333333333333,52.724999999999994,51.20166666666667,52.724999999999994,51.20166666666667,1.5233333333333263,3.020089875759965,Wide,Bearish,Below CPR,False,False,1.0,2,949087.055,Outside,False,Neutral,False,,,,,1.1356514708758725,False,False,No setup,Neutral,0,Not applicable,No directional setup; confirmation score not applicable.,Wide CPR,Wide Downside Breakout,Confirmed,Wide CPR + close below CPR + trend aligned + participation confirmed,0,0,0,0
2026-09-04,2026-09-04,CM,NSE,STK,29124,INE785M01021,PCJEWELLER,EQ,,,,,PC JEWELLER LTD,10.6,12.17,10.51,11.86,11.99,10.52,,11.86,,,1088942848,12427450209.39,285367,F1,1,,,,,,Cash Only,Unclassified,False,11.513333333333334,11.34,11.686666666666667,11.686666666666667,11.34,0.34666666666666757,2.92299044406971,Wide,Bullish,Above CPR,False,False,0.9666666666666667,60,2454195448.825,Higher,True,Neutral,False,0.6364285714285715,9.8994,9.4778,0.5447063224841017,5.063757336580473,True,True,No setup,Neutral,0,Not applicable,No directional setup; confirmation score not applicable.,Wide CPR,Wide Upside Breakout,Confirmed,Wide CPR + close above CPR + trend aligned + participation confirmed,0,0,0,0
2026-09-04,2026-09-04,CM,NSE,STK,778,INE055C01020,KEEPLEARN,EQ,,,,,DSJ KEEP LEARNING LTD,2.03,2.03,1.87,1.87,1.93,1.9,,1.87,,,39241,75476.75,116,F1,1,,,,,,Cash Only,Unclassified,False,1.9233333333333331,1.95,1.8966666666666663,1.95,1.8966666666666663,0.05333333333333368,2.8520499108734585,Wide,Bearish,Below CPR,False,False,0.9666666666666667,60,59226.14,Outside,True,Neutral,False,0.1507142857142856,1.8977999999999997,1.9718,0.3538704581358635,1.2743823926394664,False,False,No setup,Neutral,0,Not applicable,No directional setup; confirmation score not applicable.,Wide CPR,Wide Downside Breakout,Confirmed,Wide CPR + close below CPR + trend aligned + participation confirmed,0,0,0,0
2026-09-04,2026-09-04,CM,NSE,STK,4010,INE362A01016,PVP,EQ,,,,,PVP VENTURES LIMITED,64.89,68.14,62.11,67.94,68.14,64.9,,67.94,,,5145513,339808573.21,15960,F1,1,,,,,,Cash Only,Unclassified,False,66.06333333333333,65.125,67.00166666666667,67.00166666666667,65.125,1.8766666666666652,2.7622411932096926,Wide,Bullish,Above CPR,False,False,0.9333333333333333,60,13538308.16,Higher,True,Neutral,False,4.743571428571429,36.95439999999999,33.6379,0.3956231491241275,25.099781242533037,True,True,No setup,Neutral,0,Not applicable,No directional setup; confirmation score not applicable.,Wide CPR,Wide Upside Breakout,Confirmed,Wide CPR + close above CPR + trend aligned + participation confirmed,0,0,0,0
2026-09-04,2026-09-04,CM,NSE,STK,11842,INE278G01037,CYBERMEDIA,EQ,,,,,CYBER MEDIA (INDIA) LTD.,25.9,28.45,22.2,26.4,26.75,23.88,,26.41,,,2157521,57564647.54,7778,F1,1,,,,,,Cash Only,Unclassified,False,25.683333333333334,25.325,26.041666666666668,26.041666666666668,25.325,0.7166666666666686,2.714646464646472,Wide,Bullish,Above CPR,False,False,0.8,60,213793.78,Higher,True,Neutral,False,1.8550000000000002,16.433799999999998,15.8518,0.38634321653189674,269.253144502146,True,True,No setup,Neutral,0,Not applicable,No directional setup; confirmation score not applicable.,Wide CPR,Wide Upside Breakout,Confirmed,Wide CPR + close above CPR + trend aligned + participation confirmed,0,0,0,0
2026-09-04,2026-09-04,CM,NSE,STK,764773,INE987A01010,MAKERSL,EQ,,,,,MAKERS LABORATORIES LTD.,206.85,206.85,188.4,189.9,191.99,200.77,,190.03,,,6513,1272565.85,439,F1,1,,,,,,Cash Only,Unclassified,False,195.04999999999998,197.625,192.47499999999997,197.625,192.47499999999997,5.150000000000034,2.7119536598209764,Wide,Bearish,Below CPR,False,False,0.7333333333333333,15,1272565.85,Inside,False,Neutral,False,16.370714285714286,,,0.3145861512282407,1.0,False,False,No setup,Neutral,0,Not applicable,No directional setup; confirmation score not applicable.,Wide CPR,Wide Downside Breakout,Confirmed,Wide CPR + close below CPR + trend aligned + participation confirmed,0,0,0,0
2026-09-04,2026-09-04,CM,NSE,STK,760073,INE903A01025,JAYKAY,EQ,,,,,JAYKAY ENTERPRISES LTD,165.37,167.88,151.76,153.69,153.58,166.46,,153.7,,,470358,73794110.53,7012,F1,1,,,,,,Cash Only,Unclassified,False,157.77666666666667,159.82,155.73333333333335,159.82,155.73333333333335,4.086666666666645,2.659032251068153,Wide,Bearish,Below CPR,False,False,1.0,60,31142898.9,Lower,True,Neutral,False,11.27785714285714,163.6872,168.5877,0.36236198197056835,2.369532482090163,False,False,No setup,Neutral,0,Not applicable,No directional setup; confirmation score not applicable.,Wide CPR,Wide Downside Breakout,Confirmed,Wide CPR + close below CPR + trend aligned + participation confirmed,0,0,0,0
2026-09-04,2026-09-04,CM,NSE,STK,11511,INE281A01026,CENTEXT,EQ,,,,,CENTURY EXTRUSIONS LTD,21.29,22.2,19.75,20.19,20.5,21.24,,20.18,,,957330,19723997.33,3040,F1,1,,,,,,Cash Only,Unclassified,False,20.713333333333335,20.975,20.451666666666668,20.975,20.451666666666668,0.5233333333333334,2.592042265147763,Wide,Bearish,Below CPR,False,False,0.9666666666666667,60,2329200.0949999997,Lower,True,Neutral,False,1.1849999999999994,20.460600000000003,20.4396,0.44163150492264447,8.468142076904732,False,False,No setup,Neutral,0,Not applicable,No directional setup; confirmation score not applicable.,Wide CPR,Wide Downside Breakout,Confirmed,Wide CPR + close below CPR + trend aligned + participation confirmed,0,0,0,0
2026-09-04,2026-09-04,CM,NSE,STK,764743,INE533C01018,KJMCFIN,EQ,,,,,K J M C FINANCIAL SERV L,66.79,68.0,63.14,63.14,63.14,66.46,,63.14,,,2504,162263.98,47,F1,1,,,,,,Cash Only,Unclassified,False,64.75999999999999,65.57,63.94999999999999,65.57,63.94999999999999,1.6200000000000045,2.5657269559708653,Wide,Bearish,Below CPR,False,False,0.6666666666666666,15,162263.98,Overlapping,False,Neutral,False,7.677142857142859,,,0.21101600297729864,1.0,False,False,No setup,Neutral,0,Not applicable,No directional setup; confirmation score not applicable.,Wide CPR,Wide Downside Breakout,Confirmed,Wide CPR + close below CPR + trend aligned + participation confirmed,0,0,0,0
2026-09-04,2026-09-04,CM,NSE,STK,765387,INE1B3O01011,SUNSHINE,EQ,,,,,SUNSHINE PICTURES LIMITED,443.05,476.85,440.0,441.45,444.0,438.8,,441.47,,,2746047,1257856495.65,43350,F1,1,,,,,,Cash Only,Unclassified,False,452.76666666666665,458.425,447.1083333333333,458.425,447.1083333333333,11.31666666666672,2.563521727639986,Wide,Bearish,Below CPR,False,False,0.8888888888888888,9,1257856495.65,Higher,False,Neutral,False,,,,,1.0,False,False,No setup,Neutral,0,Not applicable,No directional setup; confirmation score not applicable.,Wide CPR,Wide Downside Breakout,Confirmed,Wide CPR + close below CPR + trend aligned + participation confirmed,0,0,0,0
2026-09-04,2026-09-04,CM,NSE,STK,6977,INE613B01010,ICDSLTD,EQ,,,,,ICDS LTD,70.0,71.45,66.2,71.45,71.45,64.96,,71.45,,,53177,3744800.9,575,F1,1,,,,,,Cash Only,Unclassified,False,69.7,68.825,70.575,70.575,68.825,1.75,2.44926522043387,Wide,Bullish,Above CPR,False,False,0.9,60,26986.78,Higher,True,Neutral,False,4.085714285714285,42.33559999999999,42.782399999999996,0.42832167832167833,138.7642727290918,True,True,No setup,Neutral,0,Not applicable,No directional setup; confirmation score not applicable.,Wide CPR,Wide Upside Breakout,Confirmed,Wide CPR + close above CPR + trend aligned + participation confirmed,0,0,0,0
2026-09-04,2026-09-04,CM,NSE,STK,764471,INE0MGM01017,ANNAPURNA,EQ,,,,,ANNAPURNA SWADISHT LTD,151.45,151.45,139.0,140.2,140.01,147.78,,140.2,,,96996,13774275.44,1165,F1,1,,,,,,Cash Only,Unclassified,False,143.54999999999998,145.225,141.87499999999997,145.225,141.87499999999997,3.3500000000000227,2.389443651925837,Wide,Bearish,Below CPR,False,False,0.9444444444444444,18,9008985.85,Lower,False,Neutral,False,8.589285714285714,,,0.3900207900207927,1.5289485042314723,False,False,No setup,Neutral,0,Not applicable,No directional setup; confirmation score not applicable.,Wide CPR,Wide Downside Breakout,Confirmed,Wide CPR + close below CPR + trend aligned + participation confirmed,0,0,0,0
2026-09-04,2026-09-04,CM,NSE,STK,13771,INE273D01027,VGL,EQ,,,,,VARVEE GLOBAL LIMITED,57.0,58.95,51.35,53.31,52.5,56.56,,53.31,,,123080,6632028.29,651,F1,1,,,,,,Cash Only,Unclassified,False,54.53666666666667,55.150000000000006,53.92333333333333,55.150000000000006,53.92333333333333,1.2266666666666737,2.3010066904270747,Wide,Bearish,Below CPR,False,False,0.9666666666666667,60,1446625.685,Lower,True,Neutral,False,3.7357142857142867,60.68679999999999,62.9194,0.32836201402167164,4.584481223282027,False,False,No setup,Neutral,0,Not applicable,No directional setup; confirmation score not applicable.,Wide CPR,Wide Downside Breakout,Confirmed,Wide CPR + close below CPR + trend aligned + participation confirmed,0,0,0,0
2026-09-04,2026-09-04,CM,NSE,STK,10321,INE431F01018,PKTEA,EQ,,,,,THE P K TEA PROD CO LTD,777.7,810.0,740.05,802.65,798.0,751.75,,802.65,,,6257,4961437.85,86,F1,1,,,,,,Cash Only,Unclassified,False,784.2333333333332,775.025,793.4416666666665,793.4416666666665,775.025,18.416666666666515,2.2944828588633297,Wide,Bullish,Above CPR,False,False,0.95,60,74972.4,Higher,True,Neutral,False,47.39642857142859,729.9989999999999,766.064,0.38856654861477075,66.17685775031879,True,True,No setup,Neutral,0,Not applicable,No directional setup; confirmation score not applicable.,Wide CPR,Wide Upside Breakout,Confirmed,Wide CPR + close above CPR + trend aligned + participation confirmed,0,0,0,0
2026-09-04,2026-09-04,CM,NSE,STK,15129,INE722H01024,RGL,EQ,,,,,RENAISSANCE GLOBAL LTD,137.94,150.38,137.89,149.26,149.35,137.12,,149.26,,,3035236,447380963.07,26139,F1,1,,,,,,Cash Only,Unclassified,False,145.84333333333333,144.135,147.55166666666668,147.55166666666668,144.135,3.4166666666666856,2.2890705257046,Wide,Bullish,Above CPR,False,False,0.95,60,61484394.629999995,Higher,True,Neutral,False,8.647142857142857,123.60040000000001,114.42269999999999,0.395120876700261,7.276333543856834,True,True,No setup,Neutral,0,Not applicable,No directional setup; confirmation score not applicable.,Wide CPR,Wide Upside Breakout,Confirmed,Wide CPR + close above CPR + trend aligned + participation confirmed,0,0,0,0
2026-09-04,2026-09-04,CM,NSE,STK,9428,INE439E01022,SKIPPER,EQ,,,,,SKIPPER LIMITED,538.15,609.0,533.75,591.1,591.75,546.9,,591.12,,,10118419,5970106374.95,190678,F1,1,,,,,,Cash Only,Unclassified,False,577.9499999999999,571.375,584.5249999999999,584.5249999999999,571.375,13.149999999999864,2.2246658771781194,Wide,Bullish,Above CPR,False,False,1.0,60,310632099.525,Higher,True,Neutral,False,24.989285714285725,543.011,520.5325,0.5262255252250908,19.21921908289301,True,True,No setup,Neutral,0,Not applicable,No directional setup; confirmation score not applicable.,Wide CPR,Wide Upside Breakout,Confirmed,Wide CPR + close above CPR + trend aligned + participation confirmed,0,0,0,0
2026-09-04,2026-09-04,CM,NSE,STK,761386,INE415B01044,MARSONS,EQ,,,,,MARSONS LIMITED,125.89,140.73,125.3,137.56,137.91,125.53,,137.56,,,12724657,1725581959.66,82782,F1,1,,,,,,Cash Only,Unclassified,False,134.53,133.015,136.04500000000002,136.04500000000002,133.015,3.0300000000000296,2.202675196278009,Wide,Bullish,Above CPR,False,False,1.0,60,180418851.44,Higher,True,Neutral,False,7.285714285714285,113.81700000000001,128.0668,0.4158823529411806,9.564310746285061,True,True,No setup,Neutral,0,Not applicable,No directional setup; confirmation score not applicable.,Wide CPR,Wide Upside Breakout,Confirmed,Wide CPR + close above CPR + trend aligned + participation confirmed,0,0,0,0
2026-09-04,2026-09-04,CM,NSE,STK,764537,INE551C01044,SHUKRAPHAR,EQ,,,,,SHUKRA PHARMACEUTICALS L,53.39,55.54,51.66,51.93,51.8,51.93,,51.93,,,4036493,215195744.32,13652,F1,1,,,,,,Cash Only,Unclassified,False,53.04333333333333,53.599999999999994,52.486666666666665,53.599999999999994,52.486666666666665,1.1133333333333297,2.143911675974061,Wide,Bearish,Below CPR,False,False,0.9375,16,50248878.31,Higher,False,Neutral,False,2.4271428571428575,,,0.4587011967824195,4.2825979714889275,False,False,No setup,Neutral,0,Not applicable,No directional setup; confirmation score not applicable.,Wide CPR,Wide Downside Breakout,Confirmed,Wide CPR + close below CPR + trend aligned + participation confirmed,0,0,0,0
2026-09-04,2026-09-04,CM,NSE,STK,18139,INE920A01037,DOLPHIN,EQ,,,,,DOLPHIN OFF ENT (IND) L,625.0,681.55,623.3,674.0,677.0,619.6,,674.01,,,169333,112078167.5,3757,F1,1,,,,,,Cash Only,Unclassified,False,659.6166666666667,652.425,666.8083333333334,666.8083333333334,652.425,14.38333333333344,2.1340257171117862,Wide,Bullish,Above CPR,False,False,0.9333333333333333,60,7236323.475,Higher,True,Neutral,False,42.282142857142844,461.765,432.798,0.3401751274037811,15.488274935083663,True,True,No setup,Neutral,0,Not applicable,No directional setup; confirmation score not applicable.,Wide CPR,Wide Upside Breakout,Confirmed,Wide CPR + close above CPR + trend aligned + participation confirmed,0,0,0,0
2026-09-04,2026-09-04,CM,NSE,STK,28859,INE195N01013,PROZONER,EQ,,,,,PROZONE REALTY LIMITED,46.02,50.7,45.75,49.76,49.9,46.42,,49.75,,,722413,35255816.95,3869,F1,1,,,,,,Cash Only,Unclassified,False,48.73666666666667,48.225,49.24833333333334,49.24833333333334,48.225,1.0233333333333405,2.056538049303337,Wide,Bullish,Above CPR,False,False,0.9833333333333333,60,6609670.92,Higher,True,Neutral,False,2.4921428571428583,43.7104,48.40599999999999,0.4106238654819937,5.333974622446106,True,True,No setup,Neutral,0,Not applicable,No directional setup; confirmation score not applicable.,Wide CPR,Wide Upside Breakout,Confirmed,Wide CPR + close above CPR + trend aligned + participation confirmed,0,0,0,0
2026-09-04,2026-09-04,CM,NSE,STK,445,INE618L01018,5PAISA,EQ,,,,,5PAISA CAPITAL LIMITED,342.45,367.9,336.35,342.1,341.8,342.45,,342.04,,,258086,90740393.4,7643,F1,1,,,,,,Cash Only,Unclassified,False,348.7833333333333,352.125,345.4416666666666,352.125,345.4416666666666,6.683333333333394,1.9536197992789808,Wide,Bearish,Below CPR,False,False,1.0,60,19743693.5,Higher,True,Neutral,False,16.024999999999995,370.05300000000005,347.09069999999997,0.4170566822672946,4.5959178509330085,False,False,No setup,Neutral,0,Not applicable,No directional setup; confirmation score not applicable.,Wide CPR,Wide Downside Breakout,Confirmed,Wide CPR + close below CPR + trend aligned + participation confirmed,0,0,0,0
2026-09-04,2026-09-04,CM,NSE,STK,1630,INE570A01022,IONEXCHANG,EQ,,,,,ION EXCHANGE (INDIA) LTD,384.1,412.0,382.55,409.2,411.8,382.2,,409.23,,,1293430,521802392.5,34620,F1,1,,,,,,Cash Only,Unclassified,False,401.25,397.275,405.225,405.225,397.275,7.9500000000000455,1.9428152492668733,Wide,Bullish,Above CPR,False,False,0.9666666666666667,60,157917971.2,Higher,True,Neutral,False,11.257142857142854,402.9789999999999,394.3925,0.7062182741116794,3.3042622605577145,True,True,No setup,Neutral,0,Not applicable,No directional setup; confirmation score not applicable.,Wide CPR,Wide Upside Breakout,Confirmed,Wide CPR + close above CPR + trend aligned + participation confirmed,0,0,0,0
2026-09-04,2026-09-04,CM,NSE,STK,21131,INE010J01012,TEJASNET,EQ,,,,,TEJAS NETWORKS LIMITED,570.0,622.8,570.0,614.15,612.0,567.45,,614.14,,,26085952,15898465329.3,340750,F1,1,,,,,,Cash Only,Telecommunication,True,602.3166666666666,596.4,608.2333333333332,608.2333333333332,596.4,11.833333333333258,1.9267822736030706,Wide,Bullish,Above CPR,False,False,1.0,60,1014821843.6500001,Higher,True,Neutral,False,24.182142857142857,538.344,519.8485000000001,0.4893418008172075,15.666262436880684,True,True,No setup,Neutral,0,Not applicable,No directional setup; confirmation score not applicable.,Wide CPR,Wide Upside Breakout,Confirmed,Wide CPR + close above CPR + trend aligned + participation confirmed,0,0,0,0
2026-09-04,2026-09-04,CM,NSE,STK,14602,INE855C01023,WEBELSOLAR,EQ,,,,,WEBSOL ENERGY SYSTEM LTD,77.6,79.8,73.55,74.53,74.25,77.33,,74.54,,,2610445,199205752.9,15138,F1,1,,,,,,Cash Only,Unclassified,False,75.96,76.675,75.24499999999999,76.675,75.24499999999999,1.4300000000000068,1.918690460217371,Wide,Bearish,Below CPR,False,False,0.9833333333333333,60,163916329.22,Overlapping,True,Neutral,False,3.616428571428571,92.38,99.3433,0.3954177365198518,1.215289250606853,False,False,No setup,Neutral,0,Not applicable,No directional setup; confirmation score not applicable.,Wide CPR,Wide Downside Breakout,Confirmed,Wide CPR + close below CPR + trend aligned + participation confirmed,0,0,0,0
2026-09-04,2026-09-04,CM,NSE,STK,4201,INE314C01013,SOMATEX,EQ,,,,,SOMA TEXTILES & INDUST LT,96.74,97.38,88.25,90.22,90.9,92.75,,90.65,,,33507,3117750.96,544,F1,1,,,,,,Cash Only,Unclassified,False,91.95,92.815,91.08500000000001,92.815,91.08500000000001,1.7299999999999898,1.9175349146530591,Wide,Bearish,Below CPR,False,False,0.9,60,1181289.98,Overlapping,True,Neutral,False,4.880000000000001,95.1952,,0.35450819672130934,2.639276564421549,False,False,No setup,Neutral,0,Not applicable,No directional setup; confirmation score not applicable.,Wide CPR,Wide Downside Breakout,Confirmed,Wide CPR + close below CPR + trend aligned + participation confirmed,0,0,0,0
2026-09-04,2026-09-04,CM,NSE,STK,11935,INE978G01016,SPLIL,EQ,,,,,SPL INDUSTRIES LIMITED,31.4,32.5,29.97,30.39,30.69,30.97,,30.39,,,20970,639141.55,148,F1,1,,,,,,Cash Only,Unclassified,False,30.953333333333333,31.235,30.671666666666667,31.235,30.671666666666667,0.5633333333333326,1.8536799385762834,Wide,Bearish,Below CPR,False,False,0.9,60,239132.28,Overlapping,True,Neutral,False,2.1485714285714286,31.4698,31.3943,0.2621897163120564,2.672753130610389,False,False,No setup,Neutral,0,Not applicable,No directional setup; confirmation score not applicable.,Wide CPR,Wide Downside Breakout,Confirmed,Wide CPR + close below CPR + trend aligned + participation confirmed,0,0,0,0
2026-09-04,2026-09-04,CM,NSE,STK,14900,INE280H01015,SAHYADRI,EQ,,,,,SAHYADRI INDUSTRIES LTD,360.0,402.7,360.0,392.15,388.0,359.4,,392.04,,,111187,43409306.6,5879,F1,1,,,,,,Cash Only,Unclassified,False,384.95,381.35,388.54999999999995,388.54999999999995,381.35,7.199999999999932,1.8360321305622676,Wide,Bullish,Above CPR,False,False,0.9833333333333333,60,2239527.95,Higher,True,Neutral,False,18.703571428571422,319.116,299.5947,0.3849532174909264,19.383239490268473,True,True,No setup,Neutral,0,Not applicable,No directional setup; confirmation score not applicable.,Wide CPR,Wide Upside Breakout,Confirmed,Wide CPR + close above CPR + trend aligned + participation confirmed,0,0,0,0
2026-09-04,2026-09-04,CM,NSE,STK,11626,INE625G01013,WELENT,EQ,,,,,WELSPUN ENTERPRISES LTD.,761.8,825.0,757.4,813.6,818.0,764.75,,813.58,,,2915318,2347717221.8,76010,F1,1,,,,,,Cash Only,Unclassified,False,798.6666666666666,791.2,806.1333333333332,806.1333333333332,791.2,14.933333333333167,1.8354637823664168,Wide,Bullish,Above CPR,False,False,1.0,60,153931679.39999998,Higher,True,Neutral,False,34.92857142857142,619.8969999999999,571.1165,0.42753919563735043,15.251683285409543,True,True,No setup,Neutral,0,Not applicable,No directional setup; confirmation score not applicable.,Wide CPR,Wide Upside Breakout,Confirmed,Wide CPR + close above CPR + trend aligned + participation confirmed,0,0,0,0
2026-09-04,2026-09-04,CM,NSE,STK,759820,INE15B701018,PINELABS,EQ,,,,,PINE LABS LIMITED,157.4,168.2,155.38,166.37,166.52,156.5,,166.36,,,46587163,7653141490.06,205278,F1,1,,,,,,Cash Only,Financial Services,True,163.31666666666666,161.79,164.84333333333333,164.84333333333333,161.79,3.0533333333333417,1.8352667748592546,Wide,Bullish,Above CPR,False,False,0.95,60,2213715248.135,Higher,True,Neutral,False,6.718571428571424,155.64499999999998,161.24519999999998,0.4544616911191453,3.457148111758087,True,True,No setup,Neutral,0,Not applicable,No directional setup; confirmation score not applicable.,Wide CPR,Wide Upside Breakout,Confirmed,Wide CPR + close above CPR + trend aligned + participation confirmed,0,0,0,0
2026-09-04,2026-09-04,CM,NSE,STK,21077,INE272L01022,SURANASOL,EQ,,,,,SURANA SOLAR LIMITED,26.0,27.75,25.9,26.11,26.07,25.94,,26.12,,,96327,2529435.48,603,F1,1,,,,,,Cash Only,Unclassified,False,26.586666666666662,26.825,26.348333333333326,26.825,26.348333333333326,0.4766666666666737,1.8256096004085551,Wide,Bearish,Below CPR,False,False,0.9833333333333333,60,1207909.325,Higher,True,Neutral,False,0.9821428571428574,26.1694,26.5411,0.48533333333334033,2.0940607276129772,False,False,No setup,Neutral,0,Not applicable,No directional setup; confirmation score not applicable.,Wide CPR,Wide Downside Breakout,Confirmed,Wide CPR + close below CPR + trend aligned + participation confirmed,0,0,0,0
2026-09-04,2026-09-04,CM,NSE,STK,13631,INE01IU01018,SKYGOLD,EQ,,,,,SKY GOLD AND DIAMONDS LTD,742.0,788.0,733.0,781.45,788.0,742.0,,781.43,,,1069790,811262101.05,32306,F1,1,,,,,,Cash Only,Unclassified,False,767.4833333333332,760.5,774.4666666666665,774.4666666666665,760.5,13.96666666666647,1.7872757907308807,Wide,Bullish,Above CPR,False,False,0.95,60,645265601.2249999,Higher,True,Neutral,False,35.228571428571456,693.7309999999999,586.9305,0.39645850229791246,1.2572529815782294,True,True,No setup,Neutral,0,Not applicable,No directional setup; confirmation score not applicable.,Wide CPR,Wide Upside Breakout,Confirmed,Wide CPR + close above CPR + trend aligned + participation confirmed,0,0,0,0
2026-09-04,2026-09-04,CM,NSE,STK,25468,INE420C01059,PAISALO,EQ,,,,,PAISALO DIGITAL LIMITED,71.65,74.2,70.05,74.1,74.02,70.28,,74.09,,,31201929,2279945788.2,54941,F1,1,,,,,,Cash Only,Unclassified,False,72.78333333333333,72.125,73.44166666666666,73.44166666666666,72.125,1.3166666666666629,1.7768780926675614,Wide,Bullish,Above CPR,False,False,0.9666666666666667,60,730048234.295,Higher,True,Neutral,False,2.1978571428571447,69.9454,60.666599999999995,0.5990683566244155,3.1230070577483415,True,True,No setup,Neutral,0,Not applicable,No directional setup; confirmation score not applicable.,Wide CPR,Wide Upside Breakout,Confirmed,Wide CPR + close above CPR + trend aligned + participation confirmed,0,0,0,0
2026-09-04,2026-09-04,CM,NSE,STK,14403,INE952H01027,RAJTV,EQ,,,,,RAJ TV NETWORK LTD,8.21,8.5,8.07,8.07,8.07,8.49,,8.07,,,220386,1781351.41,305,F1,1,,,,,,Cash Only,Unclassified,False,8.213333333333333,8.285,8.141666666666666,8.285,8.141666666666666,0.14333333333333442,1.7761255679471426,Wide,Bearish,Below CPR,False,False,0.8833333333333333,60,367490.27,Lower,True,Neutral,False,0.5664285714285715,11.010399999999999,14.910600000000002,0.2530474989491402,4.847343060266602,False,False,No setup,Neutral,0,Not applicable,No directional setup; confirmation score not applicable.,Wide CPR,Wide Downside Breakout,Confirmed,Wide CPR + close below CPR + trend aligned + participation confirmed,0,0,0,0
2026-09-04,2026-09-04,CM,NSE,STK,13689,INE035801013,AERONEU,EQ,,,,,AEROFLEX NEU LIMITED,78.25,87.7,77.71,80.57,79.89,78.99,,80.57,,,80348,6549152.23,1953,F1,1,,,,,,Cash Only,Unclassified,False,81.99333333333333,82.705,81.28166666666665,82.705,81.28166666666665,1.4233333333333462,1.7665797856936158,Wide,Bearish,Below CPR,False,False,0.9166666666666666,60,4548478.925,Higher,True,Neutral,False,5.3378571428571435,86.10799999999999,86.59450000000001,0.2666488246576588,1.4398554633294252,False,False,No setup,Neutral,0,Not applicable,No directional setup; confirmation score not applicable.,Wide CPR,Wide Downside Breakout,Confirmed,Wide CPR + close below CPR + trend aligned + participation confirmed,0,0,0,0
2026-09-04,2026-09-04,CM,NSE,STK,5162,INE0GK401011,TATVA,EQ,,,,,TATVA CHIN PHARM CHEM LTD,1609.9,1688.0,1580.1,1678.5,1677.0,1596.2,,1678.52,,,85803,141769366.0,9319,F1,1,,,,,,Cash Only,Unclassified,False,1648.8666666666668,1634.05,1663.6833333333336,1663.6833333333336,1634.05,29.633333333333667,1.7654651971006057,Wide,Bullish,Above CPR,False,False,0.9166666666666666,60,69044882.95,Higher,True,Neutral,False,66.37857142857145,1568.4820000000002,1403.525,0.4464292119516531,2.0532928718651697,True,True,No setup,Neutral,0,Not applicable,No directional setup; confirmation score not applicable.,Wide CPR,Wide Upside Breakout,Confirmed,Wide CPR + close above CPR + trend aligned + participation confirmed,0,0,0,0
2026-09-04,2026-09-04,CM,NSE,STK,13693,INE669A01022,INFOMEDIA,EQ,,,,,INFOMEDIA PRESS LIMITED,5.18,5.81,5.17,5.35,5.37,5.18,,5.35,,,22935,122216.58,140,F1,1,,,,,,Cash Only,Unclassified,False,5.4433333333333325,5.49,5.396666666666665,5.49,5.396666666666665,0.09333333333333549,1.7445482866044015,Wide,Bearish,Below CPR,False,False,0.9,60,62769.03,Higher,True,Neutral,False,0.35857142857142854,5.4418,5.614199999999999,0.26029216467464084,1.9470840954528055,False,False,No setup,Neutral,0,Not applicable,No directional setup; confirmation score not applicable.,Wide CPR,Wide Downside Breakout,Confirmed,Wide CPR + close below CPR + trend aligned + participation confirmed,0,0,-2,-2
2026-09-04,2026-09-04,CM,NSE,STK,27037,INE760L01018,TBZ,EQ,,,,,TRIB BHIMJI ZAVERI LTD,456.0,480.85,456.0,480.85,480.85,437.15,,480.31,,,3486401,1646736158.6,34113,F1,1,,,,,,Cash Only,Unclassified,False,472.56666666666666,468.425,476.7083333333333,476.7083333333333,468.425,8.283333333333303,1.7226439291532292,Wide,Bullish,Above CPR,False,False,0.8,60,355231442.7,Higher,True,Neutral,False,27.878571428571433,268.2054,212.9201,0.29712187206422297,4.635671172809726,True,True,No setup,Neutral,0,Not applicable,No directional setup; confirmation score not applicable.,Wide CPR,Wide Upside Breakout,Confirmed,Wide CPR + close above CPR + trend aligned + participation confirmed,0,0,0,0
2026-09-04,2026-09-04,CM,NSE,STK,22947,INE777F01014,EXICOM,EQ,,,,,EXICOM TELE SYSTEMS LTD,166.8,179.75,166.8,177.85,178.4,166.13,,177.87,,,5389417,947959724.68,51639,F1,1,,,,,,Cash Only,Unclassified,False,174.79999999999998,173.275,176.32499999999996,176.32499999999996,173.275,3.0499999999999545,1.7149283103738853,Wide,Bullish,Above CPR,False,False,0.8333333333333334,60,273532618.94,Higher,True,Neutral,False,7.835,162.0084,148.7847,0.38927887683471024,3.4656185735856866,True,True,No setup,Neutral,0,Not applicable,No directional setup; confirmation score not applicable.,Wide CPR,Wide Upside Breakout,Confirmed,Wide CPR + close above CPR + trend aligned + participation confirmed,0,0,0,0
2026-09-04,2026-09-04,CM,NSE,STK,3965,INE474C01023,REMSONSIND,EQ,,,,,REMSONS INDUSTRIES LTD,93.69,99.9,93.69,99.35,99.2,95.05,,99.32,,,158912,15606485.47,3980,F1,1,,,,,,Cash Only,Unclassified,False,97.64666666666666,96.795,98.49833333333332,98.49833333333332,96.795,1.703333333333319,1.7144774366716848,Wide,Bullish,Above CPR,False,False,0.9666666666666667,60,7856096.295,Higher,True,Neutral,False,5.12714285714286,84.1234,90.4835,0.33221881675489623,1.9865445742986532,True,True,No setup,Neutral,0,Not applicable,No directional setup; confirmation score not applicable.,Wide CPR,Wide Upside Breakout,Confirmed,Wide CPR + close above CPR + trend aligned + participation confirmed,0,0,0,0
2026-09-04,2026-09-04,CM,NSE,STK,9867,INE747B01016,NEXTMEDIA,EQ,,,,,NEXT MEDIAWORKS LIMITED,3.86,4.12,3.86,3.89,3.87,4.0,,3.89,,,54384,214224.2,149,F1,1,,,,,,Cash Only,Unclassified,False,3.956666666666667,3.99,3.923333333333334,3.99,3.923333333333334,0.06666666666666643,1.7137960582690597,Wide,Bearish,Below CPR,False,False,0.95,60,30593.975,Lower,True,Neutral,False,0.42071428571428576,3.9568,4.0438,0.158460667798528,7.002169544820509,False,False,No setup,Neutral,0,Not applicable,No directional setup; confirmation score not applicable.,Wide CPR,Wide Downside Breakout,Confirmed,Wide CPR + close below CPR + trend aligned + participation confirmed,0,0,0,0
2026-09-04,2026-09-04,CM,NSE,STK,14853,INE800H01010,OMAXE,EQ,,,,,OMAXE LIMITED,128.42,138.89,127.01,136.38,136.05,127.29,,136.36,,,5607789,750341842.41,33417,F1,1,,,,,,Cash Only,Unclassified,False,134.09333333333333,132.95,135.23666666666668,135.23666666666668,132.95,2.28666666666669,1.676687686366542,Wide,Bullish,Above CPR,False,False,0.8333333333333334,60,50870893.085,Higher,True,Neutral,False,10.096428571428573,95.868,87.48209999999999,0.22648272609362333,14.749924699695292,True,True,No setup,Neutral,0,Not applicable,No directional setup; confirmation score not applicable.,Wide CPR,Wide Upside Breakout,Confirmed,Wide CPR + close above CPR + trend aligned + participation confirmed,0,0,0,0
2026-09-04,2026-09-04,CM,NSE,STK,16395,INE511Y01018,MMP,EQ,,,,,MMP INDUSTRIES LIMITED,399.9,404.95,383.35,404.15,400.0,395.95,,404.15,,,112103,44513699.2,2401,F1,1,,,,,,Cash Only,Unclassified,False,397.4833333333333,394.15,400.8166666666666,400.8166666666666,394.15,6.666666666666629,1.6495525588683977,Wide,Bullish,Above CPR,False,False,0.9166666666666666,60,14989458.850000001,Overlapping,True,Neutral,False,24.949999999999996,323.61800000000005,296.5443,0.26720106880427374,2.969666860254932,True,True,No setup,Neutral,0,Not applicable,No directional setup; confirmation score not applicable.,Wide CPR,Wide Upside Breakout,Confirmed,Wide CPR + close above CPR + trend aligned + participation confirmed,0,0,0,0
2026-09-04,2026-09-04,CM,NSE,STK,3908,INE309M01020,PREMIERPOL,EQ,,,,,PREMIER POLYFILM LTD,93.5,98.8,87.21,95.36,96.0,92.35,,95.35,,,1113475,105573162.2,12281,F1,1,,,,,,Cash Only,Unclassified,False,93.79,93.005,94.57500000000002,94.57500000000002,93.005,1.5700000000000216,1.6463926174496872,Wide,Bullish,Above CPR,False,False,0.7833333333333333,60,23789363.185000002,Higher,True,Neutral,False,5.775714285714287,75.8728,64.37389999999999,0.27182785060598935,4.437830528669529,True,True,No setup,Neutral,0,Not applicable,No directional setup; confirmation score not applicable.,Wide CPR,Wide Upside Breakout,Confirmed,Wide CPR + close above CPR + trend aligned + participation confirmed,0,0,0,0
2026-09-04,2026-09-04,CM,NSE,STK,2610,INE844A01013,PEARLPOLY,EQ,,,,,PEARL POLYMERS LTD,15.05,15.9,15.0,15.08,15.05,15.29,,15.12,,,14296,220500.86,168,F1,1,,,,,,Cash Only,Unclassified,False,15.326666666666666,15.45,15.203333333333333,15.45,15.203333333333333,0.24666666666666615,1.6357206012378394,Wide,Bearish,Below CPR,False,False,0.85,60,219705.575,Outside,True,Neutral,False,0.8150000000000001,16.507,18.5566,0.3026584867075658,1.0036197761481473,False,False,No setup,Neutral,0,Not applicable,No directional setup; confirmation score not applicable.,Wide CPR,Wide Downside Breakout,Confirmed,Wide CPR + close below CPR + trend aligned + participation confirmed,0,0,0,0
2026-09-04,2026-09-04,CM,NSE,STK,2112,INE882A01013,MARALOVER,EQ,,,,,MARAL OVERSEAS LTD,55.0,65.69,55.0,61.83,62.8,55.26,,61.82,,,313426,19533074.05,2285,F1,1,,,,,,Cash Only,Unclassified,False,60.839999999999996,60.345,61.334999999999994,61.334999999999994,60.345,0.9899999999999949,1.6011644832605447,Wide,Bullish,Above CPR,False,False,0.8166666666666667,60,480365.85,Higher,True,Neutral,False,3.1499999999999995,47.726800000000004,45.0833,0.3142857142857127,40.66291150796836,True,True,No setup,Neutral,0,Not applicable,No directional setup; confirmation score not applicable.,Wide CPR,Wide Upside Breakout,Confirmed,Wide CPR + close above CPR + trend aligned + participation confirmed,0,0,0,0
2026-09-04,2026-09-04,CM,NSE,STK,1841,INE805C01028,KCP,EQ,,,,,KCP LTD,168.99,170.5,162.04,162.38,162.2,168.17,,162.38,,,228887,37700700.16,3391,F1,1,,,,,,Cash Only,Unclassified,False,164.97333333333333,166.26999999999998,163.67666666666668,166.26999999999998,163.67666666666668,2.5933333333333053,1.5970768156997817,Wide,Bearish,Below CPR,False,False,0.95,60,20979735.145,Lower,True,Neutral,False,7.821428571428574,164.17700000000002,166.0189,0.33156773211567364,1.7970055341230093,False,False,No setup,Neutral,0,Not applicable,No directional setup; confirmation score not applicable.,Wide CPR,Wide Downside Breakout,Confirmed,Wide CPR + close below CPR + trend aligned + participation confirmed,0,0,0,0
2026-09-04,2026-09-04,CM,NSE,STK,4157,INE681C01015,KEYFINSERV,EQ,,,,,KEYNOTE FIN SERV LTD.,244.2,258.55,243.25,245.05,245.0,248.7,,244.95,,,2872,710600.65,142,F1,1,,,,,,Cash Only,Unclassified,False,248.95000000000002,250.9,247.00000000000003,250.9,247.00000000000003,3.8999999999999773,1.5915119363395132,Wide,Bearish,Below CPR,False,False,0.9666666666666667,60,325810.775,Overlapping,True,Neutral,False,9.699999999999998,259.117,265.2168,0.40206185567010083,2.1810225582625375,False,False,No setup,Neutral,0,Not applicable,No directional setup; confirmation score not applicable.,Wide CPR,Wide Downside Breakout,Confirmed,Wide CPR + close below CPR + trend aligned + participation confirmed,0,0,0,0
2026-09-04,2026-09-04,CM,NSE,STK,15199,INE015D01022,MANAKSIA,EQ,,,,,MANAKSIA LTD.,59.69,63.89,59.2,63.05,63.4,59.12,,63.06,,,235473,14753757.53,2316,F1,1,,,,,,Cash Only,Unclassified,False,62.04666666666666,61.545,62.54833333333332,62.54833333333332,61.545,1.003333333333316,1.5913296325667188,Wide,Bullish,Above CPR,False,False,0.9666666666666667,60,1004484.55,Higher,True,Neutral,False,2.059285714285714,57.7382,58.703399999999995,0.48722395652675776,14.687888957575304,True,True,No setup,Neutral,0,Not applicable,No directional setup; confirmation score not applicable.,Wide CPR,Wide Upside Breakout,Confirmed,Wide CPR + close above CPR + trend aligned + participation confirmed,0,0,0,0
2026-09-04,2026-09-04,CM,NSE,STK,2439,INE542C01019,NKIND,EQ,,,,,NK INDUSTRIES LTD,58.85,59.9,57.01,57.1,57.1,56.32,,57.14,,,937,55511.18,24,F1,1,,,,,,Cash Only,Unclassified,False,58.00333333333333,58.455,57.55166666666666,58.455,57.55166666666666,0.903333333333336,1.5820198482195025,Wide,Bearish,Below CPR,False,False,0.7333333333333333,60,26065.9,Overlapping,True,Neutral,False,5.461428571428571,61.03980000000001,63.5571,0.16540238904874058,2.1296475471784975,False,False,No setup,Neutral,0,Not applicable,No directional setup; confirmation score not applicable.,Wide CPR,Wide Downside Breakout,Confirmed,Wide CPR + close below CPR + trend aligned + participation confirmed,0,0,-2,-2
2026-09-04,2026-09-04,CM,NSE,STK,756015,INE345H01024,CIFL,EQ,,,,,CAPITAL INDIA FINANCE LTD,20.59,21.1,19.8,19.98,20.36,20.17,,19.98,,,231565,4664461.66,364,F1,1,,,,,,Cash Only,Unclassified,False,20.293333333333337,20.450000000000003,20.13666666666667,20.450000000000003,20.13666666666667,0.3133333333333326,1.568234901568231,Wide,Bearish,Below CPR,False,False,0.85,60,1597308.74,Overlapping,True,Neutral,False,0.9164285714285713,21.3556,23.8298,0.3419069888282663,2.920200424120887,False,False,No setup,Neutral,0,Not applicable,No directional setup; confirmation score not applicable.,Wide CPR,Wide Downside Breakout,Confirmed,Wide CPR + close below CPR + trend aligned + participation confirmed,0,0,0,0
2026-09-04,2026-09-04,CM,NSE,STK,8119,INE425Y01011,RPSGVENT,EQ,,,,,RPSG VENTURES LIMITED,836.55,872.85,829.0,831.4,829.0,833.3,,831.41,,,23012,19496528.55,1386,F1,1,,,,,,Cash Only,Unclassified,False,844.4166666666666,850.925,837.9083333333333,850.925,837.9083333333333,13.016666666666652,1.5656322668591114,Wide,Bearish,Below CPR,False,False,1.0,60,17125408.450000003,Overlapping,True,Neutral,False,19.439285714285713,887.541,900.1260000000001,0.6696062220589128,1.1384562655496837,False,False,No setup,Neutral,0,Not applicable,No directional setup; confirmation score not applicable.,Wide CPR,Wide Downside Breakout,Confirmed,Wide CPR + close below CPR + trend aligned + participation confirmed,0,0,0,0
2026-09-04,2026-09-04,CM,NSE,STK,758551,INE1SY401010,RAYMONDREL,EQ,,,,,RAYMOND REALTY LIMITED,542.5,559.0,524.0,529.15,532.9,536.75,,529.16,,,936640,508150364.8,20735,F1,1,,,,,,Cash Only,Unclassified,False,537.3833333333333,541.5,533.2666666666667,541.5,533.2666666666667,8.233333333333348,1.5559545182525463,Wide,Bearish,Below CPR,False,False,0.9833333333333333,60,246031298.05,Higher,True,Neutral,False,21.385714285714283,630.467,592.248,0.384992206635494,2.065389114423688,False,False,No setup,Neutral,0,Not applicable,No directional setup; confirmation score not applicable.,Wide CPR,Wide Downside Breakout,Confirmed,Wide CPR + close below CPR + trend aligned + participation confirmed,0,0,0,0
2026-09-04,2026-09-04,CM,NSE,STK,13496,INE367G01038,PFOCUS,EQ,,,,,PRIME FOCUS LIMITED,298.95,309.95,289.85,307.0,307.05,291.65,,306.84,,,1960283,588946594.5,31885,F1,1,,,,,,Cash Only,Media Entertainment & Publication,True,302.26666666666665,299.9,304.6333333333333,304.6333333333333,299.9,4.7333333333333485,1.541802388707931,Wide,Bullish,Above CPR,False,False,0.8166666666666667,60,241197111.65,Higher,True,Neutral,False,14.032142857142848,293.7924,293.1406,0.337320777127345,2.4417647063478007,True,True,No setup,Neutral,0,Not applicable,No directional setup; confirmation score not applicable.,Wide CPR,Wide Upside Breakout,Confirmed,Wide CPR + close above CPR + trend aligned + participation confirmed,0,0,0,0
2026-09-04,2026-09-04,CM,NSE,STK,21314,INE256H01015,DYNPRO,EQ,,,,,DYNEMIC PRODUCTS LIMITED,240.0,248.0,235.0,236.06,236.89,237.81,,236.05,,,37117,8974459.43,1061,F1,1,,,,,,Cash Only,Unclassified,False,239.68666666666664,241.5,237.87333333333328,241.5,237.87333333333328,3.626666666666722,1.5363325708153528,Wide,Bearish,Below CPR,False,False,0.95,60,2462700.35,Higher,True,Neutral,False,10.732142857142858,239.2548,237.80899999999997,0.33792567942318874,3.6441540400966765,False,False,No setup,Neutral,0,Not applicable,No directional setup; confirmation score not applicable.,Wide CPR,Wide Downside Breakout,Confirmed,Wide CPR + close below CPR + trend aligned + participation confirmed,0,0,0,0
2026-09-04,2026-09-04,CM,NSE,STK,21794,INE179G01029,DAVANGERE,EQ,,,,,DAVANGERE SUGAR COMPANY L,2.07,2.07,1.94,1.96,1.95,2.04,,1.96,,,15393852,30556545.65,5021,F1,1,,,,,,Cash Only,Unclassified,False,1.99,2.005,1.975,2.005,1.975,0.029999999999999805,1.5306122448979493,Wide,Bearish,Below CPR,False,False,0.8333333333333334,60,19354562.65,Lower,True,Neutral,False,0.2021428571428571,3.1002000000000005,3.4194999999999998,0.14840989399293192,1.5787773768166238,False,False,No setup,Neutral,0,Not applicable,No directional setup; confirmation score not applicable.,Wide CPR,Wide Downside Breakout,Confirmed,Wide CPR + close below CPR + trend aligned + participation confirmed,0,0,0,0
2026-09-04,2026-09-04,CM,NSE,STK,15404,INE09KD01013,ATAM,EQ,,,,,ATAM VALVES LIMITED,55.99,58.4,50.0,52.99,52.67,54.79,,53.07,,,42586,2280440.59,445,F1,1,,,,,,Cash Only,Unclassified,False,53.796666666666674,54.2,53.393333333333345,54.2,53.393333333333345,0.8066666666666578,1.5222998049946364,Wide,Bearish,Below CPR,False,False,0.9166666666666666,60,471854.83999999997,Lower,True,Neutral,False,3.379999999999999,63.4042,67.68700000000001,0.23865877712031303,4.832928258190591,False,False,No setup,Neutral,0,Not applicable,No directional setup; confirmation score not applicable.,Wide CPR,Wide Downside Breakout,Confirmed,Wide CPR + close below CPR + trend aligned + participation confirmed,0,0,0,0
2026-09-04,2026-09-04,CM,NSE,STK,10407,INE013801027,KSHITIJPOL,EQ,,,,,KSHITIJ POLYLINE LIMITED,3.15,3.3,3.15,3.3,3.3,3.15,,3.3,,,2941441,9633333.3,1040,F1,1,,,,,,Cash Only,Unclassified,False,3.25,3.2249999999999996,3.2750000000000004,3.2750000000000004,3.2249999999999996,0.05000000000000071,1.5151515151515367,Wide,Bullish,Above CPR,False,False,0.75,60,691299.575,Higher,True,Neutral,False,0.15285714285714283,2.588,2.602,0.32710280373832246,13.935106643165522,True,True,No setup,Neutral,0,Not applicable,No directional setup; confirmation score not applicable.,Wide CPR,Wide Upside Breakout,Confirmed,Wide CPR + close above CPR + trend aligned + participation confirmed,0,0,0,0
2026-09-04,2026-09-04,CM,NSE,STK,14922,INE323I01011,PURVA,EQ,,,,,PURAVANKARA LIMITED,215.0,236.0,215.0,230.72,227.5,211.09,,230.72,,,17390475,4000964936.51,139958,F1,1,,,,,,Cash Only,Unclassified,False,227.24,225.5,228.98000000000002,228.98000000000002,225.5,3.480000000000018,1.5083217753120743,Wide,Bullish,Above CPR,False,False,0.95,60,25268770.049999997,Higher,True,Neutral,False,8.415000000000003,217.69299999999998,217.47469999999998,0.41354723707665086,158.3363546620268,True,True,No setup,Neutral,0,Not applicable,No directional setup; confirmation score not applicable.,Wide CPR,Wide Upside Breakout,Confirmed,Wide CPR + close above CPR + trend aligned + participation confirmed,0,0,0,0
2026-09-04,2026-09-04,CM,NSE,STK,18119,INE559N01010,SRGHFL,EQ,,,,,SRG HOUSING FINANCE L,249.7,261.0,241.0,245.45,244.95,249.7,,245.42,,,3956,968274.45,114,F1,1,,,,,,Cash Only,Unclassified,False,249.15,251.0,247.3,251.0,247.3,3.6999999999999886,1.5074353228763449,Wide,Bearish,Below CPR,False,False,0.9,60,567843.1499999999,Overlapping,True,Neutral,False,9.264285714285709,285.938,285.5351,0.39938319198149475,1.7051794144210424,False,False,No setup,Neutral,0,Not applicable,No directional setup; confirmation score not applicable.,Wide CPR,Wide Downside Breakout,Confirmed,Wide CPR + close below CPR + trend aligned + participation confirmed,0,0,0,0
2026-09-04,2026-09-04,CM,NSE,STK,6663,INE0D0K01022,SIGACHI,EQ,,,,,SIGACHI INDUSTRIES LTD,32.55,35.6,32.31,34.74,34.84,32.55,,34.73,,,9215095,317743261.6,27794,F1,1,,,,,,Cash Only,Unclassified,False,34.21666666666667,33.955,34.47833333333334,34.47833333333334,33.955,0.5233333333333405,1.506428708501268,Wide,Bullish,Above CPR,False,False,0.8333333333333334,60,65570482.489999995,Higher,True,Neutral,False,2.2285714285714278,23.5896,24.7516,0.23482905982906316,4.845827719026748,True,True,No setup,Neutral,0,Not applicable,No directional setup; confirmation score not applicable.,Wide CPR,Wide Upside Breakout,Confirmed,Wide CPR + close above CPR + trend aligned + participation confirmed,0,0,0,0
2026-09-04,2026-09-04,CM,NSE,STK,11045,INE170E01023,SATIA,EQ,,,,,SATIA INDUSTRIES LIMITED,60.74,63.85,60.01,63.36,63.8,60.37,,63.36,,,251939,15846293.08,2801,F1,1,,,,,,Cash Only,Unclassified,False,62.406666666666666,61.93,62.88333333333333,62.88333333333333,61.93,0.9533333333333331,1.5046296296296293,Wide,Bullish,Above CPR,False,False,0.9666666666666667,60,5140293.115,Higher,True,Neutral,False,2.259999999999999,58.8624,60.5195,0.4218289085545724,3.0827605985655935,True,True,No setup,Neutral,0,Not applicable,No directional setup; confirmation score not applicable.,Wide CPR,Wide Upside Breakout,Confirmed,Wide CPR + close above CPR + trend aligned + participation confirmed,0,0,0,0
2026-09-04,2026-09-04,CM,NSE,STK,17728,INE563J01010,ASTEC,EQ,,,,,ASTEC LIFESCIENCES LTD,581.8,581.8,552.1,554.45,552.35,573.25,,554.56,,,43913,24704757.9,2181,F1,1,,,,,,Cash Only,Unclassified,False,562.7833333333334,566.95,558.6166666666668,566.95,558.6166666666668,8.333333333333258,1.502990951994455,Wide,Bearish,Below CPR,False,False,0.9166666666666666,60,18740598.075000003,Lower,True,Neutral,False,24.88214285714286,638.828,689.0115000000001,0.33491220515764486,1.318248105056807,False,False,No setup,Neutral,0,Not applicable,No directional setup; confirmation score not applicable.,Wide CPR,Wide Downside Breakout,Confirmed,Wide CPR + close below CPR + trend aligned + participation confirmed,0,0,0,0
2026-09-04,2026-09-04,CM,NSE,STK,1289,INE538A01037,GFLLIMITED,EQ,,,,,GFL LIMITED,59.69,63.89,58.9,62.81,63.3,58.65,,62.8,,,497897,30851291.86,4337,F1,1,,,,,,Cash Only,Unclassified,False,61.86666666666667,61.394999999999996,62.33833333333334,62.33833333333334,61.394999999999996,0.9433333333333422,1.5018839887491517,Wide,Bullish,Above CPR,False,False,0.9,60,2605067.645,Higher,True,Neutral,False,3.085714285714286,49.541199999999996,48.302299999999995,0.30570987654321274,11.84279875388802,True,True,No setup,Neutral,0,Not applicable,No directional setup; confirmation score not applicable.,Wide CPR,Wide Upside Breakout,Confirmed,Wide CPR + close above CPR + trend aligned + participation confirmed,0,0,0,0
2026-09-04,2026-09-04,CM,NSE,STK,6198,INE045J01034,FCL,EQ,,,,,FINEOTEX CHEMICAL LIMITED,48.68,52.1,48.6,51.51,51.7,48.41,,51.51,,,20692198,1054990708.86,50149,F1,1,,,,,,Cash Only,Unclassified,False,50.73666666666667,50.35,51.12333333333334,51.12333333333334,50.35,0.7733333333333405,1.5013266032485741,Wide,Bullish,Above CPR,False,False,0.8166666666666667,60,461115518.24,Higher,True,Neutral,False,2.900000000000001,41.961000000000006,37.4554,0.26666666666666905,2.287909790775902,True,True,No setup,Neutral,0,Not applicable,No directional setup; confirmation score not applicable.,Wide CPR,Wide Upside Breakout,Confirmed,Wide CPR + close above CPR + trend aligned + participation confirmed,0,0,0,0
2026-09-04,2026-09-04,CM,NSE,STK,11058,INE650K01021,SECURKLOUD,EQ,,,,,SECUREKLOUD TECH LIMITED,17.58,17.8,16.98,17.01,17.3,17.41,,17.02,,,24259,414284.7,152,F1,1,,,,,,Cash Only,Unclassified,False,17.263333333333335,17.39,17.13666666666667,17.39,17.13666666666667,0.2533333333333303,1.4893200078385083,Wide,Bearish,Below CPR,False,False,0.8833333333333333,60,238872.625,Lower,True,Neutral,False,1.0314285714285714,18.1376,19.5874,0.24561403508771637,1.7343330990731987,False,False,No setup,Neutral,0,Not applicable,No directional setup; confirmation score not applicable.,Wide CPR,Wide Downside Breakout,Confirmed,Wide CPR + close below CPR + trend aligned + participation confirmed,0,0,0,0
2026-09-04,2026-09-04,CM,NSE,STK,595,INE120A01034,CARBORUNIV,EQ,,,,,CARBORUNDUM UNIVERSAL LTD,1078.7,1140.9,1069.9,1130.6,1130.0,1078.0,,1130.62,,,338864,380595339.9,21605,F1,1,,,,,,Cash Only,Capital Goods,True,1113.8,1105.4,1122.1999999999998,1122.1999999999998,1105.4,16.799999999999727,1.4859366707942445,Wide,Bullish,Above CPR,False,False,0.9,60,188611523.85,Higher,True,Neutral,False,41.91428571428571,1105.0339999999999,1069.3215,0.400817995910014,2.0178795660581264,True,True,No setup,Neutral,0,Not applicable,No directional setup; confirmation score not applicable.,Wide CPR,Wide Upside Breakout,Confirmed,Wide CPR + close above CPR + trend aligned + participation confirmed,0,0,0,0
2026-09-04,2026-09-04,CM,NSE,STK,2275,INE01GN01025,IRISDOREME,EQ,,,,,IRIS CLOTHINGS LIMITED,60.28,64.13,60.2,63.58,63.8,59.98,,63.58,,,2431238,151623790.51,7464,F1,1,,,,,,Cash Only,Unclassified,False,62.63666666666666,62.165,63.10833333333333,63.10833333333333,62.165,0.943333333333328,1.483695082310991,Wide,Bullish,Above CPR,False,False,0.9,60,27406138.345,Higher,True,Neutral,False,2.298571428571429,51.493,44.021800000000006,0.410399834265587,5.532475557165184,True,True,No setup,Neutral,0,Not applicable,No directional setup; confirmation score not applicable.,Wide CPR,Wide Upside Breakout,Confirmed,Wide CPR + close above CPR + trend aligned + participation confirmed,0,0,0,0
2026-09-04,2026-09-04,CM,NSE,STK,759291,INE304W01038,BLUESTONE,EQ,,,,,BLUESTONE JEWEL LFSTL LTD,802.0,848.0,800.05,842.75,845.0,804.9,,842.74,,,1065449,889184612.2,38110,F1,1,,,,,,Cash Only,Unclassified,False,830.2666666666668,824.025,836.5083333333336,836.5083333333336,824.025,12.483333333333576,1.4812617423119046,Wide,Bullish,Above CPR,False,False,0.85,60,425070166.075,Higher,True,Neutral,False,32.00000000000001,738.916,623.3945,0.39010416666667413,2.0918537294925352,True,True,No setup,Neutral,0,Not applicable,No directional setup; confirmation score not applicable.,Wide CPR,Wide Upside Breakout,Confirmed,Wide CPR + close above CPR + trend aligned + participation confirmed,0,0,0,0
2026-09-04,2026-09-04,CM,NSE,STK,7506,INE049B01025,WOCKPHARMA,EQ,,,,,WOCKHARDT LIMITED,1980.0,2108.5,1976.1,2088.7,2097.0,1950.6,,2088.47,,,3557646,7325712597.3,156657,F1,1,,,,,,Cash Only,Healthcare,True,2057.7666666666664,2042.3,2073.2333333333327,2073.2333333333327,2042.3,30.933333333332712,1.480984982684575,Wide,Bullish,Above CPR,False,False,0.9666666666666667,60,1259873682.25,Higher,True,Neutral,False,73.69285714285716,1909.156,1806.8169999999998,0.4197602662272539,5.814640547310313,True,True,No setup,Neutral,0,Not applicable,No directional setup; confirmation score not applicable.,Wide CPR,Wide Upside Breakout,Confirmed,Wide CPR + close above CPR + trend aligned + participation confirmed,0,0,0,0
2026-09-04,2026-09-04,CM,NSE,STK,13288,INE00ZE01026,AFSL,EQ,,,,,ABANS FINANCIAL SRVCS LTD,211.8,211.8,201.3,202.07,202.0,208.77,,202.07,,,9724,1981541.43,258,F1,1,,,,,,Cash Only,Unclassified,False,205.0566666666667,206.55,203.5633333333334,206.55,203.5633333333334,2.986666666666622,1.4780356642087504,Wide,Bearish,Below CPR,False,False,1.0,60,1292177.275,Lower,True,Neutral,False,6.390714285714286,202.99419999999998,202.47439999999997,0.46734473380275743,1.5334903873773822,False,False,No setup,Neutral,0,Not applicable,No directional setup; confirmation score not applicable.,Wide CPR,Wide Downside Breakout,Confirmed,Wide CPR + close below CPR + trend aligned + participation confirmed,0,0,0,0
2026-09-04,2026-09-04,CM,NSE,STK,9617,INE663A01033,SPLPETRO,EQ,,,,,SUPREME PETROCHEM LIMITED,725.0,783.0,724.95,771.05,768.2,725.8,,771.06,,,1726190,1327866602.65,53198,F1,1,,,,,,Cash Only,Chemicals,True,759.6666666666666,753.975,765.3583333333332,765.3583333333332,753.975,11.383333333333212,1.4763417850117648,Wide,Bullish,Above CPR,False,False,0.9666666666666667,60,48474499.875,Higher,True,Neutral,False,21.403571428571436,717.955,721.18,0.5318427053784913,27.393095464092195,True,True,No setup,Neutral,0,Not applicable,No directional setup; confirmation score not applicable.,Wide CPR,Wide Upside Breakout,Confirmed,Wide CPR + close above CPR + trend aligned + participation confirmed,0,0,0,0
2026-09-04,2026-09-04,CM,NSE,STK,1372,INE310C01029,HINDCOMPOS,EQ,,,,,HINDUSTAN COMPOSITES LTD.,392.1,415.0,392.1,394.85,392.1,393.1,,394.85,,,5640,2252730.35,319,F1,1,,,,,,Cash Only,Unclassified,False,400.65000000000003,403.55,397.75000000000006,403.55,397.75000000000006,5.7999999999999545,1.468912245156377,Wide,Bearish,Below CPR,False,False,0.9666666666666667,60,1565928.475,Higher,True,Neutral,False,12.59642857142857,424.783,429.44050000000004,0.4604479727813971,1.4385908334670265,False,False,No setup,Neutral,0,Not applicable,No directional setup; confirmation score not applicable.,Wide CPR,Wide Downside Breakout,Confirmed,Wide CPR + close below CPR + trend aligned + participation confirmed,0,0,0,0
2026-09-04,2026-09-04,CM,NSE,STK,757520,INE0U4101014,BLUSPRING,EQ,,,,,BLUSPRING ENTERPRISES LTD,135.4,139.8,132.0,138.96,137.2,134.25,,138.98,,,605059,83054803.33,8224,F1,1,,,,,,Cash Only,Unclassified,False,136.92,135.9,137.93999999999997,137.93999999999997,135.9,2.0399999999999636,1.4680483592400428,Wide,Bullish,Above CPR,False,False,0.7,60,59083196.85,Higher,True,Neutral,False,8.405000000000001,116.7316,97.39630000000001,0.24271267102914496,1.4057262937355766,True,True,No setup,Neutral,0,Not applicable,No directional setup; confirmation score not applicable.,Wide CPR,Wide Upside Breakout,Confirmed,Wide CPR + close above CPR + trend aligned + participation confirmed,0,0,0,0
2026-09-04,2026-09-04,CM,NSE,STK,2088,INE271B01025,MAHSEAMLES,EQ,,,,,MAHARASHTRA SEAMLESS LTD,654.75,695.8,651.5,688.1,688.0,653.5,,688.1,,,1179393,807572228.75,42816,F1,1,,,,,,Cash Only,Unclassified,False,678.4666666666667,673.65,683.2833333333334,683.2833333333334,673.65,9.63333333333344,1.399990311485749,Wide,Bullish,Above CPR,False,False,0.9833333333333333,60,63559607.425,Higher,True,Neutral,False,22.924999999999994,605.249,619.8425,0.42021083242457763,12.705746014918846,True,True,No setup,Neutral,0,Not applicable,No directional setup; confirmation score not applicable.,Wide CPR,Wide Upside Breakout,Confirmed,Wide CPR + close above CPR + trend aligned + participation confirmed,0,0,0,0
2026-09-04,2026-09-04,CM,NSE,STK,13295,INE286H01012,VISACHROME,EQ,,,,,VISA CHROME LIMITED,40.49,40.49,37.8,38.34,38.09,39.53,,38.34,,,33107,1275080.0,207,F1,1,,,,,,Cash Only,Unclassified,False,38.876666666666665,39.144999999999996,38.608333333333334,39.144999999999996,38.608333333333334,0.5366666666666617,1.3997565640757998,Wide,Bearish,Below CPR,False,False,0.8,15,989484.44,Overlapping,False,Neutral,False,2.049285714285714,,,0.2618798652259765,1.2886306731614698,False,False,No setup,Neutral,0,Not applicable,No directional setup; confirmation score not applicable.,Wide CPR,Wide Downside Breakout,Confirmed,Wide CPR + close below CPR + trend aligned + participation confirmed,0,0,0,0
2026-09-04,2026-09-04,CM,NSE,STK,759397,INE880Y01017,SOLEX,EQ,,,,,SOLEX ENERGY LIMITED,734.8,761.0,720.0,725.3,721.55,728.95,,725.3,,,113401,83505239.55,7475,F1,1,,,,,,Cash Only,Unclassified,False,735.4333333333334,740.5,730.3666666666668,740.5,730.3666666666668,10.133333333333212,1.3971230295509738,Wide,Bearish,Below CPR,False,False,0.9666666666666667,60,30593511.875,Overlapping,True,Neutral,False,35.56785714285716,907.2159999999999,1069.475,0.2849014291930212,2.729508135293147,False,False,No setup,Neutral,0,Not applicable,No directional setup; confirmation score not applicable.,Wide CPR,Wide Downside Breakout,Confirmed,Wide CPR + close below CPR + trend aligned + participation confirmed,0,-2,0,-2
2026-09-04,2026-09-04,CM,NSE,STK,29075,INE0M4D01010,SETL,EQ,,,,,STANDARD ENGNG TCNLGY LTD,395.0,410.7,390.1,408.95,408.5,391.15,,409.01,,,1430578,580074954.4,18974,F1,1,,,,,,Cash Only,Unclassified,False,403.25,400.4,406.1,406.1,400.4,5.7000000000000455,1.3938134246240483,Wide,Bullish,Above CPR,False,False,0.7166666666666667,60,236048868.525,Higher,True,Neutral,False,17.592857142857145,298.0,223.7042,0.3239951278928162,2.457435860738151,True,True,No setup,Neutral,0,Not applicable,No directional setup; confirmation score not applicable.,Wide CPR,Wide Upside Breakout,Confirmed,Wide CPR + close above CPR + trend aligned + participation confirmed,0,0,0,0
2026-09-04,2026-09-04,CM,NSE,STK,4957,INE691Z01023,GANGAFORGE,EQ,,,,,GANGA FORGING LIMITED,1.68,1.75,1.68,1.68,1.7,1.76,,1.68,,,8689563,14659134.13,2873,F1,1,,,,,,Cash Only,Unclassified,False,1.7033333333333331,1.7149999999999999,1.6916666666666664,1.7149999999999999,1.6916666666666664,0.023333333333333428,1.3888888888888946,Wide,Bearish,Below CPR,False,False,0.7166666666666667,60,1565556.31,Lower,True,Neutral,False,0.10142857142857145,2.2758000000000003,2.4917000000000002,0.2300469483568084,9.363530418142545,False,False,No setup,Neutral,0,Not applicable,No directional setup; confirmation score not applicable.,Wide CPR,Wide Downside Breakout,Confirmed,Wide CPR + close below CPR + trend aligned + participation confirmed,0,0,0,0
2026-09-04,2026-09-04,CM,NSE,STK,19205,INE759V01019,HEADSUP,EQ,,,,,HEADS UP VENTURES LIMITED,6.63,7.5,6.62,7.21,7.1,6.69,,7.21,,,52608,384627.88,124,F1,1,,,,,,Cash Only,Unclassified,False,7.11,7.0600000000000005,7.16,7.16,7.0600000000000005,0.09999999999999964,1.3869625520110906,Wide,Bullish,Above CPR,False,False,0.85,60,95654.695,Higher,True,Neutral,False,0.42642857142857166,6.8660000000000005,7.0808,0.2345058626465652,4.021003673682719,True,True,No setup,Neutral,0,Not applicable,No directional setup; confirmation score not applicable.,Wide CPR,Wide Upside Breakout,Confirmed,Wide CPR + close above CPR + trend aligned + participation confirmed,0,0,0,0
2026-09-04,2026-09-04,CM,NSE,STK,7048,INE782E01017,HESTERBIO,EQ,,,,,HESTER BIOSCIENCES LTD,2199.9,2540.9,2170.0,2405.4,2391.0,2201.7,,2405.44,,,93542,229059408.2,8472,F1,1,,,,,,Cash Only,Unclassified,False,2372.1,2355.45,2388.75,2388.75,2355.45,33.30000000000018,1.3843851334497457,Wide,Bullish,Above CPR,False,False,0.9333333333333333,60,14959602.850000001,Higher,True,Neutral,False,92.93571428571431,2361.502,2094.384,0.35831219737145675,15.311864258481966,True,True,No setup,Neutral,0,Not applicable,No directional setup; confirmation score not applicable.,Wide CPR,Wide Upside Breakout,Confirmed,Wide CPR + close above CPR + trend aligned + participation confirmed,0,0,0,0
2026-09-04,2026-09-04,CM,NSE,STK,11343,INE00WC01027,AFFLE,EQ,,,,,AFFLE 3I LIMITED,1529.0,1645.0,1521.0,1616.5,1626.0,1519.2,,1616.58,,,3213241,5160546853.4,162220,F1,1,,,,,,Cash Only,Information Technology,True,1594.1666666666667,1583.0,1605.3333333333335,1605.3333333333335,1583.0,22.333333333333485,1.3815857304876884,Wide,Bullish,Above CPR,False,False,0.95,60,322665774.25,Higher,True,Neutral,False,50.0857142857143,1579.01,1522.9089999999999,0.4459022627876051,15.993474564803488,True,True,No setup,Neutral,0,Not applicable,No directional setup; confirmation score not applicable.,Wide CPR,Wide Upside Breakout,Confirmed,Wide CPR + close above CPR + trend aligned + participation confirmed,0,0,0,0
2026-09-04,2026-09-04,CM,NSE,STK,1570,INE541A01023,GMMPFAUDLR,EQ,,,,,GMM PFAUDLER LIMITED,1073.5,1175.0,1073.5,1147.9,1160.0,1073.5,,1147.89,,,1049404,1202920783.2,54027,F1,1,,,,,,Cash Only,Unclassified,False,1132.1333333333334,1124.25,1140.0166666666669,1140.0166666666669,1124.25,15.766666666666879,1.3735226645759107,Wide,Bullish,Above CPR,False,False,0.95,60,81828141.875,Higher,True,Neutral,False,42.55714285714287,900.449,872.6545,0.37048226474208834,14.70057556772549,True,True,No setup,Neutral,0,Not applicable,No directional setup; confirmation score not applicable.,Wide CPR,Wide Upside Breakout,Confirmed,Wide CPR + close above CPR + trend aligned + participation confirmed,0,0,0,0
2026-09-04,2026-09-04,CM,NSE,STK,760433,INE987S01020,KSHINTL,EQ,,,,,KSH INTERNATIONAL LIMITED,1035.1,1098.0,1032.8,1087.8,1090.9,1022.7,,1087.81,,,542413,581945367.5,39159,F1,1,,,,,,Cash Only,Unclassified,False,1072.8666666666668,1065.4,1080.3333333333335,1080.3333333333335,1065.4,14.933333333333394,1.3728013728013784,Wide,Bullish,Above CPR,False,False,0.85,60,201010510.4,Higher,True,Neutral,False,40.067857142857136,914.143,816.568,0.3727010725851993,2.895099198255655,True,True,No setup,Neutral,0,Not applicable,No directional setup; confirmation score not applicable.,Wide CPR,Wide Upside Breakout,Confirmed,Wide CPR + close above CPR + trend aligned + participation confirmed,0,0,0,0
2026-09-04,2026-09-04,CM,NSE,STK,5194,INE414B01021,ANTGRAPHIC,EQ,,,,,ANTARCTICA LTD,0.75,0.76,0.73,0.73,0.74,0.75,,0.73,,,202908,150438.62,173,F1,1,,,,,,Cash Only,Unclassified,False,0.7399999999999999,0.745,0.7349999999999998,0.745,0.7349999999999998,0.010000000000000231,1.3698630136986618,Wide,Bearish,Below CPR,False,False,0.875,60,104149.13,Overlapping,True,Neutral,False,0.03928571428571431,0.754,0.7921,0.25454545454546024,1.4444539287078058,False,False,No setup,Neutral,0,Not applicable,No directional setup; confirmation score not applicable.,Wide CPR,Wide Downside Breakout,Confirmed,Wide CPR + close below CPR + trend aligned + participation confirmed,0,0,0,0
2026-09-04,2026-09-04,CM,NSE,STK,22980,INE0CG401037,MUKKA,EQ,,,,,MUKKA PROTEINS LIMITED,29.99,32.44,28.96,31.34,31.3,28.72,,31.34,,,6910108,212354826.68,25607,F1,1,,,,,,Cash Only,Unclassified,False,30.91333333333333,30.7,31.12666666666666,31.12666666666666,30.7,0.4266666666666623,1.3614124654328728,Wide,Bullish,Above CPR,False,False,0.9,60,6808219.385,Higher,True,Neutral,False,1.5028571428571422,24.435,23.9892,0.28390367553865375,31.190949449699616,True,True,No setup,Neutral,0,Not applicable,No directional setup; confirmation score not applicable.,Wide CPR,Wide Upside Breakout,Confirmed,Wide CPR + close above CPR + trend aligned + participation confirmed,0,0,0,0
2026-09-04,2026-09-04,CM,NSE,STK,9553,INE00F201020,PRUDENT,EQ,,,,,PRUDENT CORP ADV SER LTD,3328.4,3358.5,3200.0,3347.6,3350.0,3328.5,,3347.94,,,53800,177108004.3,11099,F1,1,,,,,,Cash Only,Unclassified,False,3302.0333333333333,3279.25,3324.8166666666666,3324.8166666666666,3279.25,45.566666666666606,1.361174174532997,Wide,Bullish,Above CPR,False,False,0.95,60,84547152.2,Outside,True,Neutral,False,181.4214285714286,3170.9,2985.3860000000004,0.251164744018793,2.0947837945037255,True,True,No setup,Neutral,0,Not applicable,No directional setup; confirmation score not applicable.,Wide CPR,Wide Upside Breakout,Confirmed,Wide CPR + close above CPR + trend aligned + participation confirmed,0,0,0,0
2026-09-04,2026-09-04,CM,NSE,STK,8998,INE398B01018,UMIYA-MRO,EQ,,,,,UMIYA BUILDCON LIMITED,98.7,105.9,98.7,104.42,103.9,96.84,,104.54,,,137662,14254903.24,1798,F1,1,,,,,,Cash Only,Unclassified,False,103.00666666666667,102.30000000000001,103.71333333333334,103.71333333333334,102.30000000000001,1.413333333333327,1.3535082678924792,Wide,Bullish,Above CPR,False,False,0.95,60,911477.4750000001,Higher,True,Neutral,False,4.2578571428571435,90.74619999999999,88.6751,0.33193535760219045,15.639336825081715,True,True,No setup,Neutral,0,Not applicable,No directional setup; confirmation score not applicable.,Wide CPR,Wide Upside Breakout,Confirmed,Wide CPR + close above CPR + trend aligned + participation confirmed,0,0,0,0
2026-09-04,2026-09-04,CM,NSE,STK,18423,INE05CZ01011,RATNAVEER,EQ,,,,,RATNAVEER PRECISION ENG L,289.0,308.25,288.95,304.75,308.0,286.1,,304.77,,,4493978,1352427213.05,29102,F1,1,,,,,,Cash Only,Unclassified,False,300.65000000000003,298.6,302.70000000000005,302.70000000000005,298.6,4.100000000000023,1.3453650533224029,Wide,Bullish,Above CPR,False,False,0.7333333333333333,60,741196054.1949999,Higher,True,Neutral,False,18.75857142857143,215.38580000000002,192.7694,0.21856675043789628,1.8246551710516694,True,True,No setup,Neutral,0,Not applicable,No directional setup; confirmation score not applicable.,Wide CPR,Wide Upside Breakout,Confirmed,Wide CPR + close above CPR + trend aligned + participation confirmed,0,0,0,0
2026-09-04,2026-09-04,CM,NSE,STK,756802,INE0BYP01024,OSWALPUMPS,EQ,,,,,OSWAL PUMPS LIMITED,282.85,291.5,278.0,279.2,280.0,279.55,,279.2,,,858028,241820863.7,14523,F1,1,,,,,,Cash Only,Unclassified,False,282.90000000000003,284.75,281.05000000000007,284.75,281.05000000000007,3.699999999999932,1.3252148997134428,Wide,Bearish,Below CPR,False,False,0.9333333333333333,60,177556649.925,Higher,True,Neutral,False,8.764285714285705,345.71,372.74150000000003,0.42216788916054687,1.361936394959835,False,False,No setup,Neutral,0,Not applicable,No directional setup; confirmation score not applicable.,Wide CPR,Wide Downside Breakout,Confirmed,Wide CPR + close below CPR + trend aligned + participation confirmed,0,0,0,0
2026-09-04,2026-09-04,CM,NSE,STK,19401,INE02PY01013,BOROLTD,EQ,,,,,BOROSIL LIMITED,249.0,260.0,247.79,258.96,258.71,248.63,,258.89,,,265545,68025456.75,5949,F1,1,,,,,,Cash Only,Unclassified,False,255.58333333333334,253.89499999999998,257.2716666666667,257.2716666666667,253.89499999999998,3.376666666666722,1.3039336834517772,Wide,Bullish,Above CPR,False,False,0.9166666666666666,60,19777046.655,Higher,True,Neutral,False,13.677857142857146,242.27019999999996,239.2033,0.24687102894842602,3.4396165381347226,True,True,No setup,Neutral,0,Not applicable,No directional setup; confirmation score not applicable.,Wide CPR,Wide Upside Breakout,Confirmed,Wide CPR + close above CPR + trend aligned + participation confirmed,0,0,0,0
2026-09-04,2026-09-04,CM,NSE,STK,3481,INE332A01027,THOMASCOOK,EQ,,,,,THOMAS COOK (INDIA) LTD,106.0,112.94,106.0,111.65,111.5,106.31,,111.66,,,2297803,253665469.92,19887,F1,1,,,,,,Cash Only,Unclassified,False,110.19666666666667,109.47,110.92333333333335,110.92333333333335,109.47,1.4533333333333474,1.3016868189282107,Wide,Bullish,Above CPR,False,False,0.95,60,97959326.265,Higher,True,Neutral,False,5.147142857142861,105.0986,102.85600000000001,0.2823572948468894,2.589497902770207,True,True,No setup,Neutral,0,Not applicable,No directional setup; confirmation score not applicable.,Wide CPR,Wide Upside Breakout,Confirmed,Wide CPR + close above CPR + trend aligned + participation confirmed,0,0,0,0
2026-09-04,2026-09-04,CM,NSE,STK,759453,INE078V01014,VIKRAMSOLR,EQ,,,,,VIKRAM SOLAR LIMITED,173.0,175.6,167.85,168.45,168.5,171.65,,168.45,,,3550735,608902886.21,29320,F1,1,,,,,,Cash Only,Unclassified,False,170.63333333333333,171.725,169.54166666666666,171.725,169.54166666666666,2.183333333333337,1.296131394083311,Wide,Bearish,Below CPR,False,False,0.8666666666666667,60,389109229.63,Overlapping,True,Neutral,False,5.82857142857143,179.40900000000002,195.42430000000002,0.3745915032679744,1.5648636419881368,False,False,No setup,Neutral,0,Not applicable,No directional setup; confirmation score not applicable.,Wide CPR,Wide Downside Breakout,Confirmed,Wide CPR + close below CPR + trend aligned + participation confirmed,0,0,-2,-2
2026-09-04,2026-09-04,CM,NSE,STK,3292,INE0FHS01024,DEEPINDS,EQ,,,,,DEEP INDUSTRIES LIMITED,757.75,793.7,749.0,786.45,783.0,744.85,,786.47,,,1324171,1028587195.1,35441,F1,1,,,,,,Cash Only,Unclassified,False,776.3833333333333,771.35,781.4166666666666,781.4166666666666,771.35,10.066666666666606,1.2800135630576142,Wide,Bullish,Above CPR,False,False,0.8,60,127230989.375,Higher,True,Neutral,False,40.567857142857164,577.0419999999999,530.3660000000001,0.24814390938169278,8.084407738655141,True,True,No setup,Neutral,0,Not applicable,No directional setup; confirmation score not applicable.,Wide CPR,Wide Upside Breakout,Confirmed,Wide CPR + close above CPR + trend aligned + participation confirmed,0,0,0,0
2026-09-04,2026-09-04,CM,NSE,STK,14203,INE703H01016,HUBTOWN,EQ,,,,,HUBTOWN LIMITED,192.0,197.48,188.3,189.26,189.98,192.2,,189.27,,,598031,114247996.29,6200,F1,1,,,,,,Cash Only,Unclassified,False,191.67999999999998,192.89,190.46999999999997,192.89,190.46999999999997,2.420000000000016,1.2786642713727232,Wide,Bearish,Below CPR,False,False,0.8833333333333333,60,83999164.56,Overlapping,True,Neutral,False,8.276428571428568,194.05219999999997,200.23329999999999,0.29239665141969656,1.3601087211813099,False,False,No setup,Neutral,0,Not applicable,No directional setup; confirmation score not applicable.,Wide CPR,Wide Downside Breakout,Confirmed,Wide CPR + close below CPR + trend aligned + participation confirmed,0,0,0,0
2026-09-04,2026-09-04,CM,NSE,STK,3546,INE690A01028,TTKPRESTIG,EQ,,,,,TTK PRESTIGE LTD,582.05,586.65,560.3,562.75,563.5,583.95,,562.75,,,90200,51336550.4,6382,F1,1,,,,,,Cash Only,Unclassified,False,569.9,573.4749999999999,566.325,573.4749999999999,566.325,7.149999999999864,1.2705464238116149,Wide,Bearish,Below CPR,False,False,0.9833333333333333,60,42059415.075,Lower,True,Neutral,False,15.957142857142872,623.557,576.165,0.44807520143239926,1.2205721432040146,False,False,No setup,Neutral,0,Not applicable,No directional setup; confirmation score not applicable.,Wide CPR,Wide Downside Breakout,Confirmed,Wide CPR + close below CPR + trend aligned + participation confirmed,0,0,0,0
2026-09-04,2026-09-04,CM,NSE,STK,15347,INE871H01011,GSS,EQ,,,,,GSS INFOTECH LIMITED,11.75,11.75,10.73,11.03,11.05,11.16,,11.03,,,198815,2198602.38,369,F1,1,,,,,,Cash Only,Unclassified,False,11.17,11.24,11.1,11.24,11.1,0.14000000000000057,1.2692656391659163,Wide,Bearish,Below CPR,False,False,0.65,60,740103.1699999999,Lower,True,Neutral,False,0.8271428571428565,12.5814,13.4367,0.169257340241797,2.9706701296793527,False,False,No setup,Neutral,0,Not applicable,No directional setup; confirmation score not applicable.,Wide CPR,Wide Downside Breakout,Confirmed,Wide CPR + close below CPR + trend aligned + participation confirmed,0,0,0,0
2026-09-04,2026-09-04,CM,NSE,STK,758958,INE1VXE01018,STLNETWORK,EQ,,,,,STL NETWORKS LIMITED,28.01,28.87,27.78,28.87,28.87,27.5,,28.86,,,2164957,62075793.03,3184,F1,1,,,,,,Cash Only,Unclassified,False,28.50666666666667,28.325000000000003,28.68833333333334,28.68833333333334,28.325000000000003,0.36333333333333684,1.258515183004284,Wide,Bullish,Above CPR,False,False,0.7,60,56107698.665,Higher,True,Neutral,False,1.2114285714285715,26.0352,22.9699,0.29992138364780163,1.1063685466879236,True,True,No setup,Neutral,0,Not applicable,No directional setup; confirmation score not applicable.,Wide CPR,Wide Upside Breakout,Confirmed,Wide CPR + close above CPR + trend aligned + participation confirmed,0,0,0,0
2026-09-04,2026-09-04,CM,NSE,STK,15303,INE863I01016,BANG,EQ,,,,,BANG OVERSEAS LTD.,34.16,34.97,33.3,34.79,34.83,34.17,,34.79,,,78335,2706437.32,468,F1,1,,,,,,Cash Only,Unclassified,False,34.35333333333333,34.135,34.571666666666665,34.571666666666665,34.135,0.4366666666666674,1.255149947302867,Wide,Bullish,Above CPR,False,False,0.7833333333333333,60,974904.885,Overlapping,True,Neutral,False,2.1435714285714282,30.303800000000003,33.6315,0.20370987448628275,2.7761039683373827,True,True,No setup,Neutral,0,Not applicable,No directional setup; confirmation score not applicable.,Wide CPR,Wide Upside Breakout,Confirmed,Wide CPR + close above CPR + trend aligned + participation confirmed,0,0,0,0
2026-09-04,2026-09-04,CM,NSE,STK,6600,INE949P01018,GENUSPAPER,EQ,,,,,GENUS P&B LIMITED,12.57,12.83,12.21,12.76,12.7,12.44,,12.76,,,216963,2754825.86,413,F1,1,,,,,,Cash Only,Unclassified,False,12.6,12.52,12.68,12.68,12.52,0.16000000000000014,1.2539184952978069,Wide,Bullish,Above CPR,False,False,0.9,60,735137.73,Higher,True,Neutral,False,0.6107142857142855,11.899399999999998,12.4123,0.26198830409356755,3.74736018514517,True,True,No setup,Neutral,0,Not applicable,No directional setup; confirmation score not applicable.,Wide CPR,Wide Upside Breakout,Confirmed,Wide CPR + close above CPR + trend aligned + participation confirmed,0,0,0,0
2026-09-04,2026-09-04,CM,NSE,STK,15017,INE215I01027,MAANALU,EQ,,,,,MAAN ALUMINIUM LIMITED,120.15,123.0,117.21,117.9,117.82,120.77,,117.9,,,74246,8789296.95,816,F1,1,,,,,,Cash Only,Unclassified,False,119.37,120.10499999999999,118.63500000000002,120.10499999999999,118.63500000000002,1.4699999999999704,1.2468193384223667,Wide,Bearish,Below CPR,False,False,0.9166666666666666,60,5583130.3149999995,Overlapping,True,Neutral,False,4.70357142857143,120.30300000000001,129.1228,0.3125284738040938,1.5742596812376213,False,False,No setup,Neutral,0,Not applicable,No directional setup; confirmation score not applicable.,Wide CPR,Wide Downside Breakout,Confirmed,Wide CPR + close below CPR + trend aligned + participation confirmed,0,0,0,0
2026-09-04,2026-09-04,CM,NSE,STK,24538,INE683C01011,MAITHANALL,EQ,,,,,MAITHAN ALLOYS LTD,1044.0,1105.0,1035.5,1090.55,1099.0,1038.5,,1090.63,,,400161,432536086.95,18948,F1,1,,,,,,Cash Only,Unclassified,False,1077.0166666666667,1070.25,1083.7833333333333,1083.7833333333333,1070.25,13.533333333333303,1.2409640395519053,Wide,Bullish,Above CPR,False,False,0.9333333333333333,60,34573949.125,Higher,True,Neutral,False,30.407142857142862,993.4910000000001,1002.1415,0.4450708636755138,12.510462295938257,True,True,No setup,Neutral,0,Not applicable,No directional setup; confirmation score not applicable.,Wide CPR,Wide Upside Breakout,Confirmed,Wide CPR + close above CPR + trend aligned + participation confirmed,0,0,-2,-2
2026-09-04,2026-09-04,CM,NSE,STK,5426,INE118D01016,NUVOCO,EQ,,,,,NUVOCO VISTAS CORP LTD,336.65,354.8,336.45,352.15,352.3,338.1,,352.15,,,1482368,518937072.5,33070,F1,1,,,,,,Cash Only,Construction Materials,True,347.8,345.625,349.975,349.975,345.625,4.350000000000023,1.2352690614794897,Wide,Bullish,Above CPR,False,False,0.9833333333333333,60,94835337.225,Higher,True,Neutral,False,8.903571428571427,334.36400000000003,324.3745,0.48856799037304716,5.471980041245644,True,True,No setup,Neutral,0,Not applicable,No directional setup; confirmation score not applicable.,Wide CPR,Wide Upside Breakout,Confirmed,Wide CPR + close above CPR + trend aligned + participation confirmed,0,0,0,0
2026-09-04,2026-09-04,CM,NSE,STK,6673,INE976E01023,FOODSIN,EQ,,,,,FOODS & INNS LIMITED,56.0,57.9,54.72,57.37,57.69,56.06,,57.37,,,89638,5094782.4,1022,F1,1,,,,,,Cash Only,Unclassified,False,56.663333333333334,56.31,57.016666666666666,57.016666666666666,56.31,0.7066666666666634,1.2317703794085124,Wide,Bullish,Above CPR,False,False,0.8333333333333334,60,4176492.925,Higher,True,Neutral,False,2.2928571428571423,56.012,57.023999999999994,0.30820353063343586,1.2198709518944058,True,True,No setup,Neutral,0,Not applicable,No directional setup; confirmation score not applicable.,Wide CPR,Wide Upside Breakout,Confirmed,Wide CPR + close above CPR + trend aligned + participation confirmed,0,0,0,0
2026-09-04,2026-09-04,CM,NSE,STK,23402,INE0R6Z01013,SRM,EQ,,,,,SRM CONTRACTORS LIMITED,475.0,483.6,457.95,462.35,459.0,470.3,,462.35,,,129358,60603464.1,3278,F1,1,,,,,,Cash Only,Unclassified,False,467.9666666666667,470.775,465.1583333333334,470.775,465.1583333333334,5.616666666666561,1.214808406329958,Wide,Bearish,Below CPR,False,False,0.9,60,42566198.35,Outside,True,Neutral,False,19.592857142857135,491.865,498.6925,0.2866690970956321,1.4237462223355917,False,False,No setup,Neutral,0,Not applicable,No directional setup; confirmation score not applicable.,Wide CPR,Wide Downside Breakout,Confirmed,Wide CPR + close below CPR + trend aligned + participation confirmed,0,0,0,0
2026-09-04,2026-09-04,CM,NSE,STK,8167,INE825V01034,MANYAVAR,EQ,,,,,VEDANT FASHIONS LIMITED,567.9,604.0,563.0,594.2,597.0,568.2,,594.2,,,775723,456761488.0,30614,F1,1,,,,,,Cash Only,Unclassified,False,587.0666666666667,583.5,590.6333333333334,590.6333333333334,583.5,7.133333333333439,1.2004936609447052,Wide,Bullish,Above CPR,False,False,0.9166666666666666,60,113540211.8,Higher,True,Neutral,False,18.753571428571433,467.19899999999996,446.4035,0.3803719926363288,4.022905019805503,True,True,No setup,Neutral,0,Not applicable,No directional setup; confirmation score not applicable.,Wide CPR,Wide Upside Breakout,Confirmed,Wide CPR + close above CPR + trend aligned + participation confirmed,0,0,0,0
2026-09-04,2026-09-04,CM,NSE,STK,760183,INE647U01026,CLEANMAX,EQ,,,,,CLEAN MAX ENVIRO EN SOL L,1306.0,1357.9,1289.7,1347.9,1344.0,1298.7,,1347.88,,,256257,343150661.4,20896,F1,1,,,,,,Cash Only,Unclassified,False,1331.8333333333335,1323.8000000000002,1339.8666666666668,1339.8666666666668,1323.8000000000002,16.066666666666606,1.1919776442367092,Wide,Bullish,Above CPR,False,False,0.7166666666666667,60,234401583.8,Higher,True,Neutral,False,59.56428571428574,1300.022,1244.7730000000001,0.2697365791261931,1.4639434420067257,True,True,No setup,Neutral,0,Not applicable,No directional setup; confirmation score not applicable.,Wide CPR,Wide Upside Breakout,Confirmed,Wide CPR + close above CPR + trend aligned + participation confirmed,0,0,0,0
2026-09-04,2026-09-04,CM,NSE,STK,12092,INE918Z01012,KAYNES,EQ,,,,,KAYNES TECHNOLOGY IND LTD,3487.8,3617.9,3450.0,3598.0,3598.0,3485.0,,3596.9,,,1211084,4300443267.4,89485,F1,1,,,,,,F&O + Cash,Capital Goods,True,3555.2999999999997,3533.95,3576.6499999999996,3576.6499999999996,3533.95,42.69999999999982,1.186770428015559,Wide,Bullish,Above CPR,False,False,0.8833333333333333,60,3607224520.2,Overlapping,True,Neutral,False,145.83571428571426,3551.772,3576.7339999999995,0.29279521966988176,1.1921751039665158,True,True,No setup,Neutral,0,Not applicable,No directional setup; confirmation score not applicable.,Wide CPR,Wide Upside Breakout,Confirmed,Wide CPR + close above CPR + trend aligned + participation confirmed,0,0,0,0
2026-09-04,2026-09-04,CM,NSE,STK,13421,INE296H01011,EMKAY,EQ,,,,,EMKAY GLOBAL FIN SERV LTD,259.0,270.0,255.15,267.25,267.0,257.75,,267.23,,,54753,14479020.1,1159,F1,1,,,,,,Cash Only,Unclassified,False,264.1333333333333,262.575,265.69166666666666,265.69166666666666,262.575,3.1166666666666742,1.1661989398191484,Wide,Bullish,Above CPR,False,False,0.7833333333333333,60,7958386.05,Higher,True,Neutral,False,10.798571428571421,249.34059999999997,247.6766,0.2886184239537867,1.8193412595258558,True,True,No setup,Neutral,0,Not applicable,No directional setup; confirmation score not applicable.,Wide CPR,Wide Upside Breakout,Confirmed,Wide CPR + close above CPR + trend aligned + participation confirmed,0,0,0,0
2026-09-04,2026-09-04,CM,NSE,STK,20159,INE643K01018,ARIHANTSUP,EQ,,,,,ARIHANT SUPERSTRUCT LTD,239.0,239.0,228.0,229.5,229.0,236.15,,229.69,,,37696,8916907.3,412,F1,1,,,,,,Cash Only,Unclassified,False,232.16666666666666,233.5,230.83333333333331,233.5,230.83333333333331,2.6666666666666856,1.161946259985484,Wide,Bearish,Below CPR,False,False,0.9833333333333333,60,2485398.25,Lower,True,Neutral,False,9.778571428571436,257.418,259.7736,0.2727051375700042,3.5877177027866662,False,False,No setup,Neutral,0,Not applicable,No directional setup; confirmation score not applicable.,Wide CPR,Wide Downside Breakout,Confirmed,Wide CPR + close below CPR + trend aligned + participation confirmed,0,0,0,0
2026-09-04,2026-09-04,CM,NSE,STK,14329,INE812G01025,SMSPHARMA,EQ,,,,,SMS PHARMACEUTICALS LTD.,374.0,398.4,373.0,392.5,393.95,374.15,,392.51,,,473075,184207087.8,11260,F1,1,,,,,,Cash Only,Unclassified,False,387.9666666666667,385.7,390.2333333333334,390.2333333333334,385.7,4.533333333333417,1.1549893842887686,Wide,Bullish,Above CPR,False,False,0.8666666666666667,60,52563861.275000006,Higher,True,Neutral,False,11.853571428571419,380.681,386.918,0.38244451139902313,3.5044436107210237,True,True,No setup,Neutral,0,Not applicable,No directional setup; confirmation score not applicable.,Wide CPR,Wide Upside Breakout,Confirmed,Wide CPR + close above CPR + trend aligned + participation confirmed,0,0,0,0
2026-09-04,2026-09-04,CM,NSE,STK,16713,INE686F01025,UBL,EQ,,,,,UNITED BREWERIES LTD,1299.0,1326.0,1277.0,1279.4,1279.0,1284.2,,1279.4,,,352868,455984062.8,27321,F1,1,,,,,,Cash Only,Fast Moving Consumer Goods,True,1294.1333333333334,1301.5,1286.7666666666669,1301.5,1286.7666666666669,14.733333333333121,1.151581470480938,Wide,Bearish,Below CPR,False,False,1.0,60,127051701.0,Overlapping,True,Neutral,False,31.050000000000004,1365.9759999999997,1375.6779999999999,0.47450348899623573,3.5889646436138625,False,False,No setup,Neutral,0,Not applicable,No directional setup; confirmation score not applicable.,Wide CPR,Wide Downside Breakout,Confirmed,Wide CPR + close below CPR + trend aligned + participation confirmed,0,0,0,0
2026-09-04,2026-09-04,CM,NSE,STK,11253,INE192B01031,WELSPUNLIV,EQ,,,,,WELSPUN LIVING LIMITED,201.0,209.93,199.9,208.51,209.0,200.61,,208.48,,,7470859,1540684488.28,54289,F1,1,,,,,,Cash Only,Textiles,True,206.11333333333334,204.91500000000002,207.31166666666667,207.31166666666667,204.91500000000002,2.396666666666647,1.1494252873563124,Wide,Bullish,Above CPR,False,False,0.8166666666666667,60,409235084.805,Higher,True,Neutral,False,7.674999999999999,171.8484,155.8919,0.3122692725298563,3.7647908145855435,True,True,No setup,Neutral,0,Not applicable,No directional setup; confirmation score not applicable.,Wide CPR,Wide Upside Breakout,Confirmed,Wide CPR + close above CPR + trend aligned + participation confirmed,0,0,0,0
2026-09-04,2026-09-04,CM,NSE,STK,765165,INE009C01019,SRIKPRIND,EQ,,,,,SRI KPR INDUSTRIES LTD.,36.8,36.8,31.11,33.38,34.2,33.46,,33.39,,,388915,13268023.35,3208,F1,1,,,,,,Cash Only,Unclassified,False,33.76333333333333,33.955,33.57166666666666,33.955,33.57166666666666,0.38333333333333997,1.1483922508488313,Wide,Bearish,Below CPR,False,False,0.42857142857142855,14,73985.645,Higher,False,Neutral,False,,,,,179.33240090020163,False,False,No setup,Neutral,0,Not applicable,No directional setup; confirmation score not applicable.,Wide CPR,Wide Downside Breakout,Confirmed,Wide CPR + close below CPR + trend aligned + participation confirmed,0,0,0,0
2026-09-04,2026-09-04,CM,NSE,STK,761494,INE00SW01015,BCPL,EQ,,,,,BCPL RAILWAY INFRA LTD,67.77,72.0,67.25,68.45,68.9,67.77,,68.45,,,15587,1079191.11,476,F1,1,,,,,,Cash Only,Unclassified,False,69.23333333333333,69.625,68.84166666666667,69.625,68.84166666666667,0.7833333333333314,1.1443876308741145,Wide,Bearish,Below CPR,False,False,0.9333333333333333,60,597446.595,Higher,True,Neutral,False,2.2649999999999997,70.4924,73.3604,0.3458425312729941,1.8063390419021472,False,False,No setup,Neutral,0,Not applicable,No directional setup; confirmation score not applicable.,Wide CPR,Wide Downside Breakout,Confirmed,Wide CPR + close below CPR + trend aligned + participation confirmed,0,0,0,0
2026-09-04,2026-09-04,CM,NSE,STK,7835,INE02WG01024,WEL,EQ,,,,,WONDER ELECTRICALS LTD,79.25,79.25,75.41,76.03,76.0,79.37,,76.03,,,1935872,147960005.65,8169,F1,1,,,,,,Cash Only,Unclassified,False,76.89666666666666,77.33,76.46333333333332,77.33,76.46333333333332,0.8666666666666742,1.1399009163049774,Wide,Bearish,Below CPR,False,False,0.8166666666666667,60,33526365.285,Lower,True,Neutral,False,14.320714285714287,113.824,105.9728,0.06051839659500942,4.413243260706184,False,False,No setup,Neutral,0,Not applicable,No directional setup; confirmation score not applicable.,Wide CPR,Wide Downside Breakout,Confirmed,Wide CPR + close below CPR + trend aligned + participation confirmed,0,0,0,0
2026-09-04,2026-09-04,CM,NSE,STK,4747,INE092B01025,INDNIPPON,EQ,,,,,INDIA NIPPON ELECT  LTD,1115.1,1175.0,1101.8,1158.2,1170.0,1109.4,,1158.21,,,63581,72459133.6,3995,F1,1,,,,,,Cash Only,Unclassified,False,1145.0,1138.4,1151.6,1151.6,1138.4,13.199999999999818,1.139699533759266,Wide,Bullish,Above CPR,False,False,0.9,60,31123219.725,Higher,True,Neutral,False,37.28571428571437,1120.885,979.34,0.35402298850574143,2.3281374562220036,True,True,No setup,Neutral,0,Not applicable,No directional setup; confirmation score not applicable.,Wide CPR,Wide Upside Breakout,Confirmed,Wide CPR + close above CPR + trend aligned + participation confirmed,0,0,0,0
2026-09-04,2026-09-04,CM,NSE,STK,760715,INE115S01010,HALDER,EQ,,,,,HALDER VENTURE LIMITED,282.0,295.0,282.0,293.5,294.0,284.9,,292.93,,,26009,7592634.25,398,F1,1,,,,,,Cash Only,Unclassified,False,290.1666666666667,288.5,291.83333333333337,291.83333333333337,288.5,3.3333333333333712,1.1357183418512338,Wide,Bullish,Above CPR,False,False,0.8166666666666667,60,6850202.08,Higher,True,Neutral,False,18.36499999999999,258.4198,248.4816,0.1815046737453511,1.1083810610737486,True,True,No setup,Neutral,0,Not applicable,No directional setup; confirmation score not applicable.,Wide CPR,Wide Upside Breakout,Confirmed,Wide CPR + close above CPR + trend aligned + participation confirmed,0,0,0,0
2026-09-04,2026-09-04,CM,NSE,STK,22846,INE486R01017,GPTHEALTH,EQ,,,,,GPT HEALTHCARE LIMITED,153.29,159.0,151.96,158.17,158.9,153.68,,158.18,,,259291,40487627.52,3723,F1,1,,,,,,Cash Only,Unclassified,False,156.37666666666667,155.48000000000002,157.2733333333333,157.2733333333333,155.48000000000002,1.793333333333294,1.133801184379651,Wide,Bullish,Above CPR,False,False,0.9166666666666666,60,16541503.579999998,Higher,True,Neutral,False,3.8214285714285694,156.13060000000002,149.4238,0.46928348909656314,2.4476388935376336,True,True,No setup,Neutral,0,Not applicable,No directional setup; confirmation score not applicable.,Wide CPR,Wide Upside Breakout,Confirmed,Wide CPR + close above CPR + trend aligned + participation confirmed,0,0,0,0
2026-09-04,2026-09-04,CM,NSE,STK,19292,INE482B01010,TERASOFT,EQ,,,,,TERA SOFTWARE LIMITED,282.0,296.55,279.7,283.4,282.05,281.3,,283.44,,,41365,11896447.8,1207,F1,1,,,,,,Cash Only,Unclassified,False,286.55,288.125,284.975,288.125,284.975,3.1499999999999773,1.1115031757233513,Wide,Bearish,Below CPR,False,False,0.7166666666666667,60,5855537.025,Overlapping,True,Neutral,False,20.12142857142857,368.426,371.856,0.15654952076677203,2.0316578563517838,False,False,No setup,Neutral,0,Not applicable,No directional setup; confirmation score not applicable.,Wide CPR,Wide Downside Breakout,Confirmed,Wide CPR + close below CPR + trend aligned + participation confirmed,0,0,0,0
2026-09-04,2026-09-04,CM,NSE,STK,17263,INE109C01017,ARMANFIN,EQ,,,,,ARMAN FIN SERV LTD,1987.2,2083.0,1987.2,2069.3,2073.0,1991.9,,2069.31,,,42583,87630756.3,4530,F1,1,,,,,,Cash Only,Unclassified,False,2046.5,2035.1,2057.9,2057.9,2035.1,22.800000000000182,1.101821872130681,Wide,Bullish,Above CPR,False,False,0.9,60,58745799.0,Higher,True,Neutral,False,64.05000000000004,1922.114,1783.195,0.35597189695550613,1.4916940069195415,True,True,No setup,Neutral,0,Not applicable,No directional setup; confirmation score not applicable.,Wide CPR,Wide Upside Breakout,Confirmed,Wide CPR + close above CPR + trend aligned + participation confirmed,0,0,0,0
2026-09-04,2026-09-04,CM,NSE,STK,765005,INE855A01019,WHBRADY,EQ,,,,,W H BRADY & CO. LTD.,500.3,500.3,480.0,482.2,481.3,497.85,,482.2,,,248,120912.2,21,F1,1,,,,,,Cash Only,Unclassified,False,487.5,490.15,484.85,490.15,484.85,5.2999999999999545,1.0991289921194431,Wide,Bearish,Below CPR,False,False,0.6666666666666666,12,36602.05,Lower,False,Neutral,False,,,,,3.3034269938432406,False,False,No setup,Neutral,0,Not applicable,No directional setup; confirmation score not applicable.,Wide CPR,Wide Downside Breakout,Confirmed,Wide CPR + close below CPR + trend aligned + participation confirmed,0,0,0,0
2026-09-04,2026-09-04,CM,NSE,STK,21551,INE320X01016,HALEOSLABS,EQ,,,,,HALEOS LABS LIMITED,1509.4,1509.4,1441.0,1451.3,1443.0,1482.1,,1451.35,,,5164,7528865.9,100,F1,1,,,,,,Cash Only,Unclassified,False,1467.2333333333333,1475.2,1459.2666666666667,1475.2,1459.2666666666667,15.933333333333394,1.0978662808057185,Wide,Bearish,Below CPR,False,False,0.7666666666666667,60,891042.05,Lower,True,Neutral,False,58.935714285714326,1518.86,1493.443,0.2703510685573474,8.449506844261727,False,False,No setup,Neutral,0,Not applicable,No directional setup; confirmation score not applicable.,Wide CPR,Wide Downside Breakout,Confirmed,Wide CPR + close below CPR + trend aligned + participation confirmed,0,0,0,0
2026-09-04,2026-09-04,CM,NSE,STK,13753,INE784W01015,MANOMAY,EQ,,,,,MANOMAY TEX INDIA LTD,232.0,237.8,224.5,234.97,235.0,226.83,,234.98,,,390666,89664728.67,4222,F1,1,,,,,,Cash Only,Unclassified,False,232.42333333333332,231.15,233.69666666666663,233.69666666666663,231.15,2.5466666666666242,1.0838263040671678,Wide,Bullish,Above CPR,False,False,0.85,60,15199545.855,Higher,True,Neutral,False,8.265000000000004,203.9714,198.89430000000002,0.3081266384351631,5.899171562451923,True,True,No setup,Neutral,0,Not applicable,No directional setup; confirmation score not applicable.,Wide CPR,Wide Upside Breakout,Confirmed,Wide CPR + close above CPR + trend aligned + participation confirmed,0,0,0,0
2026-09-04,2026-09-04,CM,NSE,STK,2188,INE854S01022,GENCON,EQ,,,,,GENERIC ENG CONS PROJ LTD,42.5,45.37,42.45,44.63,45.0,42.36,,44.63,,,345096,15235746.59,1905,F1,1,,,,,,Cash Only,Unclassified,False,44.15,43.91,44.39,44.39,43.91,0.480000000000004,1.0755097468070893,Wide,Bullish,Above CPR,False,False,0.75,60,11519725.935,Higher,True,Neutral,False,2.920714285714286,41.3552,40.8465,0.16434336023477758,1.3225789116831101,True,True,No setup,Neutral,0,Not applicable,No directional setup; confirmation score not applicable.,Wide CPR,Wide Upside Breakout,Confirmed,Wide CPR + close above CPR + trend aligned + participation confirmed,0,0,0,0
2026-09-04,2026-09-04,CM,NSE,STK,1826,INE967C01018,KAMATHOTEL,EQ,,,,,KAMAT HOTELS (I) LTD,216.96,227.88,215.88,225.51,225.0,217.66,,225.66,,,107699,24149119.8,2471,F1,1,,,,,,Cash Only,Unclassified,False,223.09,221.88,224.3,224.3,221.88,2.420000000000016,1.073123143097874,Wide,Bullish,Above CPR,False,False,0.8166666666666667,60,8393466.69,Inside,True,Neutral,False,13.350714285714291,189.25,180.0352,0.18126370980686005,2.8771329763864233,True,True,No setup,Neutral,0,Not applicable,No directional setup; confirmation score not applicable.,Wide CPR,Wide Upside Breakout,Confirmed,Wide CPR + close above CPR + trend aligned + participation confirmed,0,0,0,0
2026-09-04,2026-09-04,CM,NSE,STK,10473,INE211R01019,POWERMECH,EQ,,,,,POWER MECH PROJECTS LTD.,2399.9,2416.0,2270.1,2306.1,2336.0,2399.8,,2305.63,,,135843,315522739.7,18425,F1,1,,,,,,Cash Only,Unclassified,False,2330.7333333333336,2343.05,2318.416666666667,2343.05,2318.416666666667,24.633333333333212,1.0681814896723132,Wide,Bearish,Below CPR,False,False,0.9166666666666666,60,140010768.35000002,Lower,True,Neutral,False,67.06428571428576,2560.0,2557.137,0.3673092626122747,2.253560518368514,False,False,No setup,Neutral,0,Not applicable,No directional setup; confirmation score not applicable.,Wide CPR,Wide Downside Breakout,Confirmed,Wide CPR + close below CPR + trend aligned + participation confirmed,0,0,0,0
2026-09-04,2026-09-04,CM,NSE,STK,10948,INE655A01013,STCINDIA,EQ,,,,,THE STATE TRADING CORPN,115.61,119.5,114.71,115.28,115.1,114.65,,115.28,,,60350,7063306.76,1147,F1,1,,,,,,Cash Only,Unclassified,False,116.49666666666667,117.10499999999999,115.88833333333335,117.10499999999999,115.88833333333335,1.2166666666666401,1.0554013416608605,Wide,Bearish,Below CPR,False,False,0.8666666666666667,60,4558908.8,Higher,True,Neutral,False,3.3857142857142852,119.73899999999999,120.501,0.35935302390997814,1.5493415354130358,False,False,No setup,Neutral,0,Not applicable,No directional setup; confirmation score not applicable.,Wide CPR,Wide Downside Breakout,Confirmed,Wide CPR + close below CPR + trend aligned + participation confirmed,0,0,0,0
2026-09-04,2026-09-04,CM,NSE,STK,25017,INE338D01028,BODALCHEM,EQ,,,,,BODAL CHEMICALS LTD,147.26,159.99,146.36,155.62,155.49,150.76,,155.61,,,5050468,785378513.84,40463,F1,1,,,,,,Cash Only,Unclassified,False,153.99,153.175,154.805,154.805,153.175,1.6299999999999955,1.0474232103842664,Wide,Bullish,Above CPR,False,False,0.65,60,23275176.68,Higher,True,Neutral,False,11.510000000000003,72.17,60.3324,0.14161598609904388,33.743181615238335,True,True,No setup,Neutral,0,Not applicable,No directional setup; confirmation score not applicable.,Wide CPR,Wide Upside Breakout,Confirmed,Wide CPR + close above CPR + trend aligned + participation confirmed,0,0,0,0
2026-09-04,2026-09-04,CM,NSE,STK,13337,INE297H01019,GALLANTT,EQ,,,,,GALLANTT ISPAT LIMITED,585.0,597.45,568.45,574.0,573.5,572.65,,573.99,,,300142,174201650.9,19112,F1,1,,,,,,Cash Only,Capital Goods,True,579.9666666666667,582.95,576.9833333333333,582.95,576.9833333333333,5.966666666666697,1.0394889663182398,Wide,Bearish,Below CPR,False,False,0.7,60,45256711.35,Higher,True,Neutral,False,17.457142857142863,611.36,682.3215000000001,0.341789416257503,3.849189340179487,False,False,No setup,Neutral,0,Not applicable,No directional setup; confirmation score not applicable.,Wide CPR,Wide Downside Breakout,Confirmed,Wide CPR + close below CPR + trend aligned + participation confirmed,0,0,0,0
2026-09-04,2026-09-04,CM,NSE,STK,3078,INE631A01022,SHANTIGEAR,EQ,,,,,SHANTHI GEARS LTD,600.0,637.45,586.85,621.75,615.55,582.8,,621.68,,,1612281,1001532765.4,42943,F1,1,,,,,,Cash Only,Unclassified,False,615.35,612.1500000000001,618.55,618.55,612.1500000000001,6.399999999999864,1.0293526336951933,Wide,Bullish,Above CPR,False,False,0.9,60,7055890.275,Higher,True,Neutral,False,37.89285714285715,447.5110000000001,450.5325,0.16889726672949681,141.9427919604376,True,True,No setup,Neutral,0,Not applicable,No directional setup; confirmation score not applicable.,Wide CPR,Wide Upside Breakout,Confirmed,Wide CPR + close above CPR + trend aligned + participation confirmed,0,0,0,0
2026-09-04,2026-09-04,CM,NSE,STK,3987,INE461C01038,GREENPLY,EQ,,,,,GREENPLY INDUSTRIES LTD,292.1,307.9,292.1,304.7,305.9,293.0,,304.72,,,387224,117191688.65,6481,F1,1,,,,,,Cash Only,Unclassified,False,301.56666666666666,300.0,303.1333333333333,303.1333333333333,300.0,3.1333333333333258,1.0283338803194375,Wide,Bullish,Above CPR,False,False,0.9333333333333333,60,44303037.11,Higher,True,Neutral,False,9.378571428571425,298.1548,281.9481,0.33409494795633343,2.6452292279426532,True,True,No setup,Neutral,0,Not applicable,No directional setup; confirmation score not applicable.,Wide CPR,Wide Upside Breakout,Confirmed,Wide CPR + close above CPR + trend aligned + participation confirmed,0,0,0,0
2026-09-04,2026-09-04,CM,NSE,STK,18608,INE07K301024,ZAGGLE,EQ,,,,,ZAGGLE PREPA OCEAN SER L,183.5,186.98,180.1,180.77,181.11,182.63,,180.78,,,912980,166114727.54,9981,F1,1,,,,,,Cash Only,Unclassified,False,182.61666666666667,183.54,181.69333333333336,183.54,181.69333333333336,1.8466666666666356,1.021555936641387,Wide,Bearish,Below CPR,False,False,0.85,60,140968753.915,Overlapping,True,Neutral,False,9.509285714285712,199.90179999999998,214.32489999999999,0.1941961491274161,1.178379768045352,False,False,No setup,Neutral,0,Not applicable,No directional setup; confirmation score not applicable.,Wide CPR,Wide Downside Breakout,Confirmed,Wide CPR + close below CPR + trend aligned + participation confirmed,0,0,0,0
2026-09-04,2026-09-04,CM,NSE,STK,23507,INE899L01030,UEL,EQ,,,,,UJAAS ENERGY LIMITED,236.99,241.6,234.2,241.6,241.6,230.1,,243.03,,,18811,4510893.79,301,F1,1,,,,,,Cash Only,Unclassified,False,239.13333333333333,237.89999999999998,240.36666666666667,240.36666666666667,237.89999999999998,2.466666666666697,1.0209713024282685,Wide,Bullish,Above CPR,False,False,0.8,60,905483.6799999999,Higher,True,Neutral,False,10.571428571428571,171.1652,160.015,0.2333333333333362,4.981750515923158,True,True,No setup,Neutral,0,Not applicable,No directional setup; confirmation score not applicable.,Wide CPR,Wide Upside Breakout,Confirmed,Wide CPR + close above CPR + trend aligned + participation confirmed,0,0,0,0
2026-09-04,2026-09-04,CM,NSE,STK,13310,INE878B01027,KEI,EQ,,,,,KEI INDUSTRIES LTD.,5000.0,5028.0,4820.0,4850.0,4850.0,5327.0,,4850.0,,,2381568,11729999998.5,162655,F1,1,,,,,,F&O + Cash,Capital Goods,True,4899.333333333333,4924.0,4874.666666666666,4924.0,4874.666666666666,49.33333333333394,1.0171821305842048,Wide,Bearish,Below CPR,False,False,0.8666666666666667,60,1678646642.75,Lower,True,Neutral,False,211.37142857142862,5301.722000000001,5230.226,0.23339641344507805,6.987771994279646,False,False,No setup,Neutral,0,Not applicable,No directional setup; confirmation score not applicable.,Wide CPR,Wide Downside Breakout,Confirmed,Wide CPR + close below CPR + trend aligned + participation confirmed,0,0,0,0
2026-09-04,2026-09-04,CM,NSE,STK,760923,INE0KNW01016,KNAGRI,EQ,,,,,KN AGRI RESOURCES LIMITED,210.0,210.0,194.88,199.4,200.99,206.23,,199.4,,,15550,3153384.93,365,F1,1,,,,,,Cash Only,Unclassified,False,201.42666666666665,202.44,200.4133333333333,202.44,200.4133333333333,2.0266666666666993,1.0163824807756767,Wide,Bearish,Below CPR,False,False,0.8,60,1993098.975,Lower,True,Neutral,False,9.968571428571432,209.92539999999997,203.3544,0.20330562720932777,1.5821516992150377,False,False,No setup,Neutral,0,Not applicable,No directional setup; confirmation score not applicable.,Wide CPR,Wide Downside Breakout,Confirmed,Wide CPR + close below CPR + trend aligned + participation confirmed,0,0,0,0
2026-09-04,2026-09-04,CM,NSE,STK,25780,INE702C01027,APLAPOLLO,EQ,,,,,APL APOLLO TUBES LTD,2154.6,2281.0,2150.4,2250.0,2250.0,2159.4,,2250.0,,,955928,2123707808.8,31541,F1,1,,,,,,F&O + Cash,Capital Goods,True,2227.133333333333,2215.7,2238.5666666666666,2238.5666666666666,2215.7,22.866666666666788,1.0162962962963018,Wide,Bullish,Above CPR,False,False,0.9166666666666666,60,1015741733.8,Higher,True,Neutral,False,57.164285714285725,1957.776,1927.438,0.40001666041901157,2.090795069387352,True,True,No setup,Neutral,0,Not applicable,No directional setup; confirmation score not applicable.,Wide CPR,Wide Upside Breakout,Confirmed,Wide CPR + close above CPR + trend aligned + participation confirmed,0,0,0,0
2026-09-04,2026-09-04,CM,NSE,STK,764895,INE960A01017,SHILGRAVQ,EQ,,,,,SHILP GRAVURES LTD.,149.42,151.0,143.0,144.8,149.89,150.42,,144.64,,,9295,1360858.03,225,F1,1,,,,,,Cash Only,Unclassified,False,146.26666666666668,147.0,145.53333333333336,147.0,145.53333333333336,1.4666666666666401,1.0128913443830387,Wide,Bearish,Below CPR,False,False,0.6666666666666666,15,299896.72,Lower,False,Neutral,False,9.941428571428572,,,0.14753077549456073,4.537755631338682,False,False,No setup,Neutral,0,Not applicable,No directional setup; confirmation score not applicable.,Wide CPR,Wide Downside Breakout,Confirmed,Wide CPR + close below CPR + trend aligned + participation confirmed,0,0,0,0
2026-09-04,2026-09-04,CM,NSE,STK,31181,INE745G01043,MCX,EQ,,,,,MULTI COMMODITY EXCHANGE,3187.8,3287.4,3165.6,3275.4,3275.4,3170.2,,3275.39,,,2485731,8037835436.7,89140,F1,1,,,,,,F&O + Cash,Financial Services,True,3242.7999999999997,3226.5,3259.0999999999995,3259.0999999999995,3226.5,32.599999999999454,0.9952982841790149,Wide,Bullish,Above CPR,False,False,0.8166666666666667,60,7058684105.450001,Overlapping,True,Neutral,False,111.48571428571427,2912.09,2945.5019999999995,0.2924141465914867,1.1387158451380475,True,True,No setup,Neutral,0,Not applicable,No directional setup; confirmation score not applicable.,Wide CPR,Wide Upside Breakout,Confirmed,Wide CPR + close above CPR + trend aligned + participation confirmed,0,0,0,0
2026-09-04,2026-09-04,CM,NSE,STK,15068,INE621H01010,RELIGARE,EQ,,,,,RELIGARE ENTER. LTD.,251.0,258.4,248.11,257.08,256.8,251.89,,257.08,,,1795582,453549885.53,16103,F1,1,,,,,,Cash Only,Unclassified,False,254.52999999999997,253.255,255.80499999999995,255.80499999999995,253.255,2.5499999999999545,0.9919091333436886,Wide,Bullish,Above CPR,False,False,0.8833333333333333,60,213320993.945,Higher,True,Neutral,False,7.580714285714279,250.50119999999998,241.7547,0.33637991142937335,2.126138066124601,True,True,No setup,Neutral,0,Not applicable,No directional setup; confirmation score not applicable.,Wide CPR,Wide Upside Breakout,Confirmed,Wide CPR + close above CPR + trend aligned + participation confirmed,0,0,0,0
2026-09-04,2026-09-04,CM,NSE,STK,16859,INE325D01025,SINDHUTRAD,EQ,,,,,SINDHU TRADE LINKS LTD,24.15,25.9,23.91,25.28,25.05,23.95,,25.28,,,11832177,299881716.1,16007,F1,1,,,,,,Cash Only,Unclassified,False,25.03,24.905,25.155,25.155,24.905,0.25,0.9889240506329113,Wide,Bullish,Above CPR,False,False,0.8,60,19836431.23,Higher,True,Neutral,False,1.2357142857142853,24.8452,24.721099999999996,0.20231213872832376,15.117725190732306,True,True,No setup,Neutral,0,Not applicable,No directional setup; confirmation score not applicable.,Wide CPR,Wide Upside Breakout,Confirmed,Wide CPR + close above CPR + trend aligned + participation confirmed,0,0,0,0
2026-09-04,2026-09-04,CM,NSE,STK,764813,INE031G01022,OPTIFIN,EQ,,,,,OPTIMUS FINANCE LTD.,14.98,15.87,14.25,14.84,14.98,14.98,,14.79,,,167616,2557840.68,491,F1,1,,,,,,Cash Only,Unclassified,False,14.986666666666665,15.059999999999999,14.91333333333333,15.059999999999999,14.91333333333333,0.14666666666666828,0.9883198562443953,Wide,Bearish,Below CPR,False,False,0.6,15,387353.4,Higher,False,Neutral,False,1.3135714285714282,,,0.1116548849012157,6.603377380965289,False,False,No setup,Neutral,0,Not applicable,No directional setup; confirmation score not applicable.,Wide CPR,Wide Downside Breakout,Confirmed,Wide CPR + close below CPR + trend aligned + participation confirmed,0,0,0,0
2026-09-04,2026-09-04,CM,NSE,STK,6843,INE017W01010,SMLT,EQ,,,,,SARTHAK METALS LIMITED,65.8,70.0,63.12,65.59,64.65,64.59,,65.58,,,7074,458475.26,193,F1,1,,,,,,Cash Only,Unclassified,False,66.23666666666666,66.56,65.91333333333333,66.56,65.91333333333333,0.6466666666666754,0.9859226508106043,Wide,Bearish,Below CPR,False,False,0.8333333333333334,60,319035.80000000005,Higher,True,Neutral,False,2.91142857142857,68.1796,70.1612,0.22211318285901518,1.4370652447154832,False,False,No setup,Neutral,0,Not applicable,No directional setup; confirmation score not applicable.,Wide CPR,Wide Downside Breakout,Confirmed,Wide CPR + close below CPR + trend aligned + participation confirmed,0,0,0,0
2026-09-04,2026-09-04,CM,NSE,STK,3475,INE152A01029,THERMAX,EQ,,,,,THERMAX LTD,3739.0,3765.6,3617.0,3637.6,3650.0,3733.9,,3637.31,,,258180,945066957.2,35265,F1,1,,,,,,Cash Only,Capital Goods,True,3673.4,3691.3,3655.5,3691.3,3655.5,35.80000000000018,0.9841653837695233,Wide,Bearish,Below CPR,False,False,0.8333333333333334,60,725247180.4,Lower,True,Neutral,False,94.59285714285716,4321.6320000000005,4404.718,0.3784640942384675,1.3030963549265528,False,False,No setup,Neutral,0,Not applicable,No directional setup; confirmation score not applicable.,Wide CPR,Wide Downside Breakout,Confirmed,Wide CPR + close below CPR + trend aligned + participation confirmed,0,0,0,0
2026-09-04,2026-09-04,CM,NSE,STK,6803,INE124E01038,STEELCAS,EQ,,,,,STEELCAST LIMITED,318.0,332.4,314.05,328.05,324.5,317.85,,328.04,,,106510,34572007.2,4903,F1,1,,,,,,Cash Only,Unclassified,False,324.8333333333333,323.225,326.4416666666666,326.4416666666666,323.225,3.2166666666665833,0.9805415841080881,Wide,Bullish,Above CPR,False,False,0.7166666666666667,60,25173468.35,Overlapping,True,Neutral,False,14.646428571428563,324.08299999999997,306.4241,0.21962123059415845,1.3733509709241158,True,True,No setup,Neutral,0,Not applicable,No directional setup; confirmation score not applicable.,Wide CPR,Wide Upside Breakout,Confirmed,Wide CPR + close above CPR + trend aligned + participation confirmed,0,0,0,0
2026-09-04,2026-09-04,CM,NSE,STK,764793,INE653C01022,NICCOPAR,EQ,,,,,NICCO PARKS & RESORTS LTD,77.51,83.99,77.43,79.55,79.55,78.2,,80.0,,,2885,230703.55,71,F1,1,,,,,,Cash Only,Unclassified,False,80.32333333333334,80.71000000000001,79.93666666666667,80.71000000000001,79.93666666666667,0.7733333333333405,0.9721349256233068,Wide,Bearish,Below CPR,False,False,0.6428571428571429,14,202523.96,Higher,False,Neutral,False,,,,,1.139142005716262,False,False,No setup,Neutral,0,Not applicable,No directional setup; confirmation score not applicable.,Wide CPR,Wide Downside Breakout,Confirmed,Wide CPR + close below CPR + trend aligned + participation confirmed,0,0,0,0
2026-09-04,2026-09-04,CM,NSE,STK,10993,INE156A01020,INDORAMA,EQ,,,,,INDO RAMA SYNTHETICS LTD,69.79,74.25,69.55,72.96,73.5,68.87,,72.99,,,1609101,117104870.58,15322,F1,1,,,,,,Cash Only,Unclassified,False,72.25333333333333,71.9,72.60666666666665,72.60666666666665,71.9,0.7066666666666492,0.9685672514619645,Wide,Bullish,Above CPR,False,False,0.6833333333333333,60,9499927.76,Higher,True,Neutral,False,4.400714285714285,55.3562,48.1321,0.1605799924254681,12.326922218616955,True,True,No setup,Neutral,0,Not applicable,No directional setup; confirmation score not applicable.,Wide CPR,Wide Upside Breakout,Confirmed,Wide CPR + close above CPR + trend aligned + participation confirmed,0,0,0,0
2026-09-04,2026-09-04,CM,NSE,STK,765000,INE285C01015,VOITHPAPR,EQ,,,,,VOITH PAPER FABRICS IND L,1490.0,1504.4,1455.1,1458.6,1455.1,1480.2,,1461.21,,,643,950431.4,57,F1,1,,,,,,Cash Only,Unclassified,False,1472.7,1479.75,1465.65,1479.75,1465.65,14.099999999999909,0.9666803784450781,Wide,Bearish,Below CPR,False,False,0.7333333333333333,15,561026.5,Outside,False,Neutral,False,64.47142857142863,,,0.21870152891646194,1.6940935945093503,False,False,No setup,Neutral,0,Not applicable,No directional setup; confirmation score not applicable.,Wide CPR,Wide Downside Breakout,Confirmed,Wide CPR + close below CPR + trend aligned + participation confirmed,0,0,0,0
2026-09-04,2026-09-04,CM,NSE,STK,765055,INE00IY01012,DEEP,EQ,,,,,DEEP POLYMERS LTD.,36.8,36.8,34.21,35.0,35.54,36.0,,34.99,,,23168,820982.64,193,F1,1,,,,,,Cash Only,Unclassified,False,35.336666666666666,35.504999999999995,35.16833333333334,35.504999999999995,35.16833333333334,0.3366666666666589,0.9619047619047397,Wide,Bearish,Below CPR,False,False,0.7333333333333333,15,231897.23,Lower,False,Neutral,False,2.342857142857142,,,0.14369918699186665,3.540286531236272,False,False,No setup,Neutral,0,Not applicable,No directional setup; confirmation score not applicable.,Wide CPR,Wide Downside Breakout,Confirmed,Wide CPR + close below CPR + trend aligned + participation confirmed,0,0,0,0
2026-09-04,2026-09-04,CM,NSE,STK,5650,INE933X01016,SHANTI,EQ,,,,,SHANTI OVERSEAS INDIA LTD,6.31,6.57,6.11,6.25,6.22,6.31,,6.25,,,24947,157869.49,91,F1,1,,,,,,Cash Only,Unclassified,False,6.31,6.34,6.279999999999999,6.34,6.279999999999999,0.0600000000000005,0.9600000000000078,Wide,Bearish,Below CPR,False,False,0.6166666666666667,60,151001.29,Lower,True,Neutral,False,0.4628571428571428,6.637,6.7056,0.12962962962963073,1.0454843796367566,False,False,No setup,Neutral,0,Not applicable,No directional setup; confirmation score not applicable.,Wide CPR,Wide Downside Breakout,Confirmed,Wide CPR + close below CPR + trend aligned + participation confirmed,0,0,0,0
2026-09-04,2026-09-04,CM,NSE,STK,4422,INE061A01014,INDIANCARD,EQ,,,,,INDIAN CARD CLOTHING CO.,214.79,225.01,208.61,219.97,223.98,214.82,,219.94,,,3224,703064.87,91,F1,1,,,,,,Cash Only,Unclassified,False,217.86333333333334,216.81,218.91666666666669,218.91666666666669,216.81,2.1066666666666833,0.9577063538967512,Wide,Bullish,Above CPR,False,False,0.7,60,347707.70999999996,Higher,True,Neutral,False,8.292857142857144,219.95100000000002,216.3049,0.25403387884008233,2.021999655975417,True,True,No setup,Neutral,0,Not applicable,No directional setup; confirmation score not applicable.,Wide CPR,Wide Upside Breakout,Confirmed,Wide CPR + close above CPR + trend aligned + participation confirmed,0,0,0,0
2026-09-04,2026-09-04,CM,NSE,STK,2144,INE171Z01026,BDL,EQ,,,,,BHARAT DYNAMICS LIMITED,1253.0,1293.0,1253.0,1255.0,1255.0,1257.7,,1255.07,,,1391949,1772334434.5,42408,F1,1,,,,,,F&O + Cash,Capital Goods,True,1267.0,1273.0,1261.0,1273.0,1261.0,12.0,0.9561752988047808,Wide,Bearish,Below CPR,False,False,0.8666666666666667,60,1398582699.85,Higher,True,Neutral,False,39.54285714285715,1310.376,1316.381,0.3034682080924855,1.267236063115957,False,False,No setup,Neutral,0,Not applicable,No directional setup; confirmation score not applicable.,Wide CPR,Wide Downside Breakout,Confirmed,Wide CPR + close below CPR + trend aligned + participation confirmed,0,0,0,0
2026-09-04,2026-09-04,CM,NSE,STK,759176,INE906O01029,TIGERLOGS,EQ,,,,,TIGER LOGISTICS (INDIA) L,29.88,29.88,28.16,28.61,28.6,29.22,,28.62,,,168111,4870254.39,557,F1,1,,,,,,Cash Only,Unclassified,False,28.883333333333336,29.02,28.746666666666673,29.02,28.746666666666673,0.2733333333333263,0.9553769078410567,Wide,Bearish,Below CPR,False,False,0.55,60,3589133.005,Lower,True,Neutral,False,1.6271428571428577,30.788199999999996,31.194499999999998,0.1679836113549854,1.356944527610227,False,False,No setup,Neutral,0,Not applicable,No directional setup; confirmation score not applicable.,Wide CPR,Wide Downside Breakout,Confirmed,Wide CPR + close below CPR + trend aligned + participation confirmed,0,0,-2,-2
2026-09-04,2026-09-04,CM,NSE,STK,4598,INE978A01027,HERITGFOOD,EQ,,,,,HERITAGE FOODS LTD,373.4,384.7,369.1,382.35,381.0,371.55,,382.33,,,1034903,392493886.55,16079,F1,1,,,,,,Cash Only,Unclassified,False,378.7166666666667,376.9,380.5333333333334,380.5333333333334,376.9,3.6333333333334394,0.9502637199773609,Wide,Bullish,Above CPR,False,False,0.9166666666666666,60,90647759.725,Higher,True,Neutral,False,14.217857142857136,348.505,343.6955,0.25554718244997826,4.329879610270755,True,True,No setup,Neutral,0,Not applicable,No directional setup; confirmation score not applicable.,Wide CPR,Wide Upside Breakout,Confirmed,Wide CPR + close above CPR + trend aligned + participation confirmed,0,0,0,0
2026-09-04,2026-09-04,CM,NSE,STK,8146,INE060X01034,DEVIT,EQ,,,,,DEV INFO TECHNOLOGY LTD,24.9,25.5,23.61,24.21,24.4,24.52,,24.19,,,69859,1696624.67,477,F1,1,,,,,,Cash Only,Unclassified,False,24.439999999999998,24.555,24.324999999999996,24.555,24.324999999999996,0.23000000000000398,0.9500206526228995,Wide,Bearish,Below CPR,False,False,0.6833333333333333,60,836820.245,Lower,True,Neutral,False,1.3007142857142855,26.6034,28.0284,0.17682591982427548,2.0274660898052246,False,False,No setup,Neutral,0,Not applicable,No directional setup; confirmation score not applicable.,Wide CPR,Wide Downside Breakout,Confirmed,Wide CPR + close below CPR + trend aligned + participation confirmed,0,-2,0,-2
2026-09-04,2026-09-04,CM,NSE,STK,18131,INE616Z01012,YASHO,EQ,,,,,YASHO INDUSTRIES LIMITED,4080.0,4184.6,3966.1,4134.1,4142.0,4051.2,,4134.05,,,38997,159014984.1,7784,F1,1,,,,,,Cash Only,Unclassified,False,4094.933333333334,4075.3500000000004,4114.516666666667,4114.516666666667,4075.3500000000004,39.16666666666697,0.9474049168299501,Wide,Bullish,Above CPR,False,False,0.5166666666666667,60,103977758.80000001,Overlapping,True,Neutral,False,251.8214285714286,3668.48,2854.349,0.1555334940670366,1.5293172879967862,True,True,No setup,Neutral,0,Not applicable,No directional setup; confirmation score not applicable.,Wide CPR,Wide Upside Breakout,Confirmed,Wide CPR + close above CPR + trend aligned + participation confirmed,0,-2,0,-2
2026-09-04,2026-09-04,CM,NSE,STK,25392,INE305C01029,PANAMAPET,EQ,,,,,PANAMA PETROCHEM LTD,489.0,497.85,479.0,495.45,497.0,484.55,,495.45,,,242825,118972200.1,6523,F1,1,,,,,,Cash Only,Unclassified,False,490.76666666666665,488.425,493.1083333333333,493.1083333333333,488.425,4.68333333333328,0.9452686110270017,Wide,Bullish,Above CPR,False,False,0.6,60,118292526.925,Higher,True,Neutral,False,17.125,462.71100000000007,396.3079,0.2734793187347901,1.0057456983350346,True,True,No setup,Neutral,0,Not applicable,No directional setup; confirmation score not applicable.,Wide CPR,Wide Upside Breakout,Confirmed,Wide CPR + close above CPR + trend aligned + participation confirmed,0,0,0,0
2026-09-04,2026-09-04,CM,NSE,STK,11293,INE037A01022,UNIENTER,EQ,,,,,UNIPHOS ENTERPRISES LTD,96.0,96.0,93.0,93.19,93.07,94.06,,93.13,,,6732,631623.98,130,F1,1,,,,,,Cash Only,Unclassified,False,94.06333333333333,94.5,93.62666666666667,94.5,93.62666666666667,0.8733333333333348,0.9371534857101994,Wide,Bearish,Below CPR,False,False,0.7666666666666667,60,586102.595,Overlapping,True,Neutral,False,3.461428571428574,99.5966,103.0677,0.2523043059568031,1.0776679465136987,False,False,No setup,Neutral,0,Not applicable,No directional setup; confirmation score not applicable.,Wide CPR,Wide Downside Breakout,Confirmed,Wide CPR + close below CPR + trend aligned + participation confirmed,0,0,0,0
2026-09-04,2026-09-04,CM,NSE,STK,758002,INE06ZD01017,SHANTIGOLD,EQ,,,,,SHANTI GOLD INTERNATION L,247.01,259.48,246.0,256.34,258.3,245.05,,256.38,,,2489253,634970088.05,32519,F1,1,,,,,,Cash Only,Unclassified,False,253.93999999999997,252.74,255.13999999999993,255.13999999999993,252.74,2.3999999999999204,0.9362565342903646,Wide,Bullish,Above CPR,False,False,0.75,60,269750371.81500006,Higher,True,Neutral,False,15.048571428571426,229.3008,222.84399999999997,0.15948357698879292,2.3539173784178304,True,True,No setup,Neutral,0,Not applicable,No directional setup; confirmation score not applicable.,Wide CPR,Wide Upside Breakout,Confirmed,Wide CPR + close above CPR + trend aligned + participation confirmed,0,0,0,0
2026-09-04,2026-09-04,CM,NSE,STK,21062,INE0DUT01020,INNOVACAP,EQ,,,,,INNOVA CAPTAB LIMITED,1130.6,1199.9,1118.0,1175.4,1178.9,1125.4,,1175.37,,,321751,377036055.0,26774,F1,1,,,,,,Cash Only,Unclassified,False,1164.4333333333334,1158.95,1169.9166666666667,1169.9166666666667,1158.95,10.966666666666697,0.9330157109636462,Wide,Bullish,Above CPR,False,False,0.8333333333333334,60,43157252.925,Higher,True,Neutral,False,50.8214285714286,1005.949,928.387,0.2157882408058098,8.736331194555522,True,True,No setup,Neutral,0,Not applicable,No directional setup; confirmation score not applicable.,Wide CPR,Wide Upside Breakout,Confirmed,Wide CPR + close above CPR + trend aligned + participation confirmed,0,0,0,0
2026-09-04,2026-09-04,CM,NSE,STK,759448,INE1B6101010,SHREEJISPG,EQ,,,,,SHREEJI SHIPPING GLOBAL L,670.65,684.0,657.3,680.15,684.0,664.25,,680.14,,,2336669,1560690901.8,21704,F1,1,,,,,,Cash Only,Unclassified,False,673.8166666666666,670.65,676.9833333333332,676.9833333333332,670.65,6.3333333333332575,0.9311671445024271,Wide,Bullish,Above CPR,False,False,0.7666666666666667,60,474045965.875,Higher,True,Neutral,False,26.575000000000014,609.655,523.169,0.2383192223267452,3.2922775725329867,True,True,No setup,Neutral,0,Not applicable,No directional setup; confirmation score not applicable.,Wide CPR,Wide Upside Breakout,Confirmed,Wide CPR + close above CPR + trend aligned + participation confirmed,0,0,0,0
2026-09-04,2026-09-04,CM,NSE,STK,6863,INE411U01027,BAJAJHCARE,EQ,,,,,BAJAJ HEALTHCARE LIMITED,327.8,331.9,319.85,321.45,320.75,325.2,,321.46,,,458849,148591192.7,5529,F1,1,,,,,,Cash Only,Unclassified,False,324.40000000000003,325.875,322.92500000000007,325.875,322.92500000000007,2.949999999999932,0.9177165966713119,Wide,Bearish,Below CPR,False,False,0.8166666666666667,60,52306080.6,Lower,True,Neutral,False,8.821428571428543,335.35200000000003,323.194,0.3344129554655804,2.8408015090314374,False,False,No setup,Neutral,0,Not applicable,No directional setup; confirmation score not applicable.,Wide CPR,Wide Downside Breakout,Confirmed,Wide CPR + close below CPR + trend aligned + participation confirmed,0,0,0,0
2026-09-04,2026-09-04,CM,NSE,STK,11787,INE705X01026,GOYALALUM,EQ,,,,,GOYAL ALUMINIUMS LIMITED,6.31,6.45,6.16,6.22,6.27,6.31,,6.22,,,74465,466947.27,368,F1,1,,,,,,Cash Only,Unclassified,False,6.276666666666666,6.305,6.248333333333333,6.305,6.248333333333333,0.05666666666666664,0.911039657020364,Wide,Bearish,Below CPR,False,False,0.8666666666666667,60,353794.315,Outside,True,Neutral,False,0.18642857142857153,6.5236,6.7298,0.30395913154533816,1.3198269452125029,False,False,No setup,Neutral,0,Not applicable,No directional setup; confirmation score not applicable.,Wide CPR,Wide Downside Breakout,Confirmed,Wide CPR + close below CPR + trend aligned + participation confirmed,0,0,0,0
2026-09-04,2026-09-04,CM,NSE,STK,3273,INE647A01010,SRF,EQ,,,,,SRF LTD,2631.1,2631.1,2532.2,2547.0,2547.0,2617.0,,2547.09,,,352418,901947197.4,33775,F1,1,,,,,,F&O + Cash,Chemicals,True,2570.1,2581.6499999999996,2558.55,2581.6499999999996,2558.55,23.099999999999454,0.9069493521790128,Wide,Bearish,Below CPR,False,False,0.95,60,878015323.0,Lower,True,Neutral,False,43.43571428571431,2674.366,2664.584,0.5318204242723108,1.0272567844468017,False,False,No setup,Neutral,0,Not applicable,No directional setup; confirmation score not applicable.,Wide CPR,Wide Downside Breakout,Confirmed,Wide CPR + close below CPR + trend aligned + participation confirmed,0,0,0,0
2026-09-04,2026-09-04,CM,NSE,STK,14501,INE050E01027,BALAMINES,EQ,,,,,BALAJI AMINES LIMITED,2432.0,2550.0,2432.0,2525.2,2516.0,2417.8,,2525.27,,,608894,1533578295.5,55081,F1,1,,,,,,Cash Only,Unclassified,False,2502.4,2491.0,2513.8,2513.8,2491.0,22.800000000000182,0.9028987802946374,Wide,Bullish,Above CPR,False,False,0.48333333333333334,60,380723151.45,Higher,True,Neutral,False,107.72857142857141,2219.524,1965.6505000000002,0.21164301816735354,4.028066824040784,True,True,No setup,Neutral,0,Not applicable,No directional setup; confirmation score not applicable.,Wide CPR,Wide Upside Breakout,Confirmed,Wide CPR + close above CPR + trend aligned + participation confirmed,0,0,0,0
2026-09-04,2026-09-04,CM,NSE,STK,761037,INE016Q01014,CEINSYS,EQ,,,,,CEINSYS TECH LIMITED,682.0,702.0,672.0,677.85,680.8,678.65,,677.87,,,71954,49369137.8,4494,F1,1,,,,,,Cash Only,Unclassified,False,683.9499999999999,687.0,680.8999999999999,687.0,680.8999999999999,6.100000000000136,0.8999041085786141,Wide,Bearish,Below CPR,False,False,0.7833333333333333,60,37196103.65,Overlapping,True,Neutral,False,25.396428571428583,831.605,914.3075,0.24019125298833321,1.3272663788805201,False,False,No setup,Neutral,0,Not applicable,No directional setup; confirmation score not applicable.,Wide CPR,Wide Downside Breakout,Confirmed,Wide CPR + close below CPR + trend aligned + participation confirmed,0,0,0,0
2026-09-04,2026-09-04,CM,NSE,STK,764803,INE839E01023,ODYCORP,EQ,,,,,ODYSSEY CORPORATION LTD.,6.93,8.31,6.81,7.46,7.39,6.93,,7.47,,,311228,2401186.19,678,F1,1,,,,,,Cash Only,Unclassified,False,7.526666666666667,7.5600000000000005,7.493333333333334,7.5600000000000005,7.493333333333334,0.06666666666666643,0.8936550491510246,Wide,Bearish,Below CPR,False,False,0.3333333333333333,15,359248.38,Higher,False,Neutral,False,1.0050000000000001,,,0.06633499170812579,6.683916542643838,False,False,No setup,Neutral,0,Not applicable,No directional setup; confirmation score not applicable.,Wide CPR,Wide Downside Breakout,Confirmed,Wide CPR + close below CPR + trend aligned + participation confirmed,0,0,0,0
2026-09-04,2026-09-04,CM,NSE,STK,765015,INE178T01024,ADVIKCA,EQ,,,,,ADVIK CAPITAL LTD.,1.15,1.16,1.11,1.12,1.14,1.13,,1.13,,,329513,372742.22,336,F1,1,,,,,,Cash Only,Unclassified,False,1.1300000000000001,1.135,1.1250000000000002,1.135,1.1250000000000002,0.009999999999999787,0.8928571428571237,Wide,Bearish,Below CPR,False,False,0.8666666666666667,15,314303.13,Outside,False,Neutral,False,0.05857142857142856,,,0.17073170731706958,1.1859322559084917,False,False,No setup,Neutral,0,Not applicable,No directional setup; confirmation score not applicable.,Wide CPR,Wide Downside Breakout,Confirmed,Wide CPR + close below CPR + trend aligned + participation confirmed,0,0,0,0
2026-09-04,2026-09-04,CM,NSE,STK,1162,INE043A01012,GTL,EQ,,,,,GTL LTD,7.21,7.34,7.07,7.11,7.15,7.2,,7.1,,,293515,2098866.94,698,F1,1,,,,,,Cash Only,Unclassified,False,7.173333333333333,7.205,7.141666666666666,7.205,7.141666666666666,0.06333333333333435,0.8907641819034368,Wide,Bearish,Below CPR,False,False,0.85,60,1509232.45,Lower,True,Neutral,False,0.3771428571428571,7.380400000000001,7.3389,0.16792929292929565,1.390685006805943,False,False,No setup,Neutral,0,Not applicable,No directional setup; confirmation score not applicable.,Wide CPR,Wide Downside Breakout,Confirmed,Wide CPR + close below CPR + trend aligned + participation confirmed,0,0,0,0
2026-09-04,2026-09-04,CM,NSE,STK,758986,INE199P01028,GCSL,EQ,,,,,GRETEX CORPORATE SERVICES,592.0,596.85,577.7,595.15,595.6,586.7,,595.15,,,726731,427375209.7,8753,F1,1,,,,,,Cash Only,Unclassified,False,589.9000000000001,587.2750000000001,592.5250000000001,592.5250000000001,587.2750000000001,5.25,0.8821305553221878,Wide,Bullish,Above CPR,False,False,0.75,60,296002307.95,Higher,True,Neutral,False,24.55,511.714,451.31,0.21384928716904275,1.4438239102250217,True,True,No setup,Neutral,0,Not applicable,No directional setup; confirmation score not applicable.,Wide CPR,Wide Upside Breakout,Confirmed,Wide CPR + close above CPR + trend aligned + participation confirmed,0,0,0,0
2026-09-04,2026-09-04,CM,NSE,STK,765382,INE1WFC01025,SHANKESH,EQ,,,,,SHANKESH JEWELLERS LTD,97.35,103.45,97.0,98.92,98.78,97.4,,98.92,,,8474688,854506536.7,48883,F1,1,,,,,,Cash Only,Unclassified,False,99.79,100.225,99.35500000000002,100.225,99.35500000000002,0.8699999999999761,0.8794985847148971,Wide,Bearish,Below CPR,False,False,0.2222222222222222,9,486643125.4,Higher,False,Neutral,False,,,,,1.7559202875775384,False,False,No setup,Neutral,0,Not applicable,No directional setup; confirmation score not applicable.,Wide CPR,Wide Downside Breakout,Confirmed,Wide CPR + close below CPR + trend aligned + participation confirmed,0,0,0,0
2026-09-04,2026-09-04,CM,NSE,STK,166,INE435A01051,ANDHRAPAP,EQ,,,,,ANDHRA PAPER LIMITED,63.8,64.98,62.22,64.45,63.9,63.29,,64.45,,,342517,21883284.51,2631,F1,1,,,,,,Cash Only,Unclassified,False,63.88333333333333,63.6,64.16666666666666,64.16666666666666,63.6,0.5666666666666558,0.8792345487457809,Wide,Bullish,Above CPR,False,False,0.9166666666666666,60,6569964.885,Higher,True,Neutral,False,1.9442857142857153,61.313199999999995,62.9445,0.2914523634582357,3.3308069210479507,True,True,No setup,Neutral,0,Not applicable,No directional setup; confirmation score not applicable.,Wide CPR,Wide Upside Breakout,Confirmed,Wide CPR + close above CPR + trend aligned + participation confirmed,0,0,0,0
2026-09-04,2026-09-04,CM,NSE,STK,11829,INE802C01033,SSWL,EQ,,,,,STEEL STRIPS WHEELS LTD.,360.75,365.7,348.5,361.85,360.9,360.8,,361.85,,,1006017,358415129.25,20263,F1,1,,,,,,Cash Only,Unclassified,False,358.6833333333334,357.1,360.26666666666677,360.26666666666677,357.1,3.1666666666667425,0.875132421353252,Wide,Bullish,Above CPR,False,False,0.7166666666666667,60,174475400.005,Outside,True,Neutral,False,15.174999999999999,290.1724,253.67510000000001,0.20867655134541963,2.0542444908550364,True,True,No setup,Neutral,0,Not applicable,No directional setup; confirmation score not applicable.,Wide CPR,Wide Upside Breakout,Confirmed,Wide CPR + close above CPR + trend aligned + participation confirmed,0,0,0,0
2026-09-04,2026-09-04,CM,NSE,STK,184,INE822C01015,TCPLPACK,EQ,,,,,TCPL PACKAGING LIMITED,3971.4,4157.2,3921.0,4091.9,4140.0,3956.6,,4091.42,,,15468,63228594.2,3729,F1,1,,,,,,Cash Only,Unclassified,False,4056.7000000000003,4039.1,4074.3000000000006,4074.3000000000006,4039.1,35.20000000000073,0.8602360761504613,Wide,Bullish,Above CPR,False,False,0.6666666666666666,60,17358488.55,Higher,True,Neutral,False,166.32142857142858,3467.1440000000002,3068.6859999999997,0.21163839381576557,3.6425172628293145,True,True,No setup,Neutral,0,Not applicable,No directional setup; confirmation score not applicable.,Wide CPR,Wide Upside Breakout,Confirmed,Wide CPR + close above CPR + trend aligned + participation confirmed,0,0,0,0
2026-09-04,2026-09-04,CM,NSE,STK,6792,INE04AK01028,SBC,EQ,,,,,SBC EXPORTS LIMITED,43.48,46.89,43.45,45.76,45.95,43.25,,45.77,,,13241116,597265711.23,14431,F1,1,,,,,,Cash Only,Unclassified,False,45.36666666666667,45.17,45.56333333333333,45.56333333333333,45.17,0.39333333333333087,0.8595571095571042,Wide,Bullish,Above CPR,False,False,0.9,60,342556692.235,Higher,True,Neutral,False,1.149999999999999,41.495,38.8522,0.34202898550724453,1.743552891444506,True,True,No setup,Neutral,0,Not applicable,No directional setup; confirmation score not applicable.,Wide CPR,Wide Upside Breakout,Confirmed,Wide CPR + close above CPR + trend aligned + participation confirmed,0,0,0,0
2026-09-04,2026-09-04,CM,NSE,STK,19113,INE851I01011,UDS,EQ,,,,,UPDATER SERVICES LIMITED,240.0,240.3,231.6,239.03,238.35,236.61,,238.95,,,487592,115242109.14,9651,F1,1,,,,,,Cash Only,Unclassified,False,236.97666666666666,235.95,238.00333333333333,238.00333333333333,235.95,2.0533333333333417,0.8590274581991137,Wide,Bullish,Above CPR,False,False,0.7,60,61089672.485,Higher,True,Neutral,False,7.375,206.15379999999996,189.26199999999997,0.2784180790960463,1.8864417577012977,True,True,No setup,Neutral,0,Not applicable,No directional setup; confirmation score not applicable.,Wide CPR,Wide Upside Breakout,Confirmed,Wide CPR + close above CPR + trend aligned + participation confirmed,0,0,0,0
2026-09-04,2026-09-04,CM,NSE,STK,17778,INE0NN701020,ATL,EQ,,,,,ALLCARGO TERMINALS LTD,24.49,25.65,24.32,25.31,25.2,24.26,,25.32,,,220494,5518913.51,2019,F1,1,,,,,,Cash Only,Unclassified,False,25.093333333333334,24.985,25.201666666666668,25.201666666666668,24.985,0.21666666666666856,0.8560516264980979,Wide,Bullish,Above CPR,False,False,0.6333333333333333,60,3120841.85,Higher,True,Neutral,False,1.5028571428571424,24.1534,24.6353,0.14416983523447532,1.7684053775426012,True,True,No setup,Neutral,0,Not applicable,No directional setup; confirmation score not applicable.,Wide CPR,Wide Upside Breakout,Confirmed,Wide CPR + close above CPR + trend aligned + participation confirmed,0,0,0,0
2026-09-04,2026-09-04,CM,NSE,STK,11407,INE445C01015,XPROINDIA,EQ,,,,,XPRO INDIA LIMITED,1279.0,1337.4,1279.0,1325.1,1321.5,1280.3,,1325.08,,,154351,202552331.0,8506,F1,1,,,,,,Cash Only,Unclassified,False,1313.8333333333333,1308.2,1319.4666666666665,1319.4666666666665,1308.2,11.266666666666424,0.8502502955751584,Wide,Bullish,Above CPR,False,False,0.6166666666666667,60,54046800.3,Higher,True,Neutral,False,56.292857142857166,1282.65,1213.9769999999999,0.2001438057776042,3.747721046864638,True,True,No setup,Neutral,0,Not applicable,No directional setup; confirmation score not applicable.,Wide CPR,Wide Upside Breakout,Confirmed,Wide CPR + close above CPR + trend aligned + participation confirmed,0,0,0,0
2026-09-04,2026-09-04,CM,NSE,STK,14567,INE243D01012,BFUTILITIE,EQ,,,,,BF UTILITIES LIMITED,543.05,561.55,537.0,542.45,537.0,544.0,,542.49,,,272295,149617948.2,12608,F1,1,,,,,,Cash Only,Unclassified,False,547.0,549.275,544.725,549.275,544.725,4.5499999999999545,0.8387869849755654,Wide,Bearish,Below CPR,False,False,0.6833333333333333,60,29124819.3,Higher,True,Neutral,False,19.892857142857128,563.807,582.309,0.22872531418312175,5.1371288061519405,False,False,No setup,Neutral,0,Not applicable,No directional setup; confirmation score not applicable.,Wide CPR,Wide Downside Breakout,Confirmed,Wide CPR + close below CPR + trend aligned + participation confirmed,0,0,0,0
2026-09-04,2026-09-04,CM,NSE,STK,14366,INE669E01016,IDEA,EQ,,,,,VODAFONE IDEA LIMITED,14.53,15.16,14.51,15.02,15.02,14.48,,15.02,,,525960563,7870972078.36,774211,F1,1,,,,,,F&O + Cash,Telecommunication,True,14.896666666666667,14.835,14.958333333333332,14.958333333333332,14.835,0.1233333333333313,0.8211273857079313,Wide,Bullish,Above CPR,False,False,0.8,60,4770019055.335,Higher,True,Neutral,False,0.517857142857143,13.8074,13.2472,0.2381609195402259,1.650092376372534,True,True,No setup,Neutral,0,Not applicable,No directional setup; confirmation score not applicable.,Wide CPR,Wide Upside Breakout,Confirmed,Wide CPR + close above CPR + trend aligned + participation confirmed,0,0,0,0
2026-09-04,2026-09-04,CM,NSE,STK,17738,INE0JO301016,YATHARTH,EQ,,,,,YATHARTH HOSP & TRA C S L,971.5,994.7,963.1,991.1,992.2,962.3,,991.09,,,314144,309134504.7,14526,F1,1,,,,,,Cash Only,Unclassified,False,982.9666666666667,978.9000000000001,987.0333333333333,987.0333333333333,978.9000000000001,8.133333333333212,0.8206370026569682,Wide,Bullish,Above CPR,False,False,0.8333333333333334,60,200471043.425,Higher,True,Neutral,False,35.392857142857146,870.3509999999999,842.034,0.22980154725865784,1.542040682876243,True,True,No setup,Neutral,0,Not applicable,No directional setup; confirmation score not applicable.,Wide CPR,Wide Upside Breakout,Confirmed,Wide CPR + close above CPR + trend aligned + participation confirmed,0,0,0,0
2026-09-04,2026-09-04,CM,NSE,STK,14582,INE917H01012,SRHHYPOLTD,EQ,,,,,SREE RAYALSEEMA HHP LTD.,512.95,542.0,507.1,531.05,531.2,508.9,,531.01,,,49199,26098554.3,3306,F1,1,,,,,,Cash Only,Unclassified,False,526.7166666666666,524.55,528.8833333333332,528.8833333333332,524.55,4.3333333333332575,0.8159934720522094,Wide,Bullish,Above CPR,False,False,0.9166666666666666,60,3482497.2,Higher,True,Neutral,False,15.692857142857134,490.47900000000004,497.902,0.27613412228796375,7.494206829513028,True,True,No setup,Neutral,0,Not applicable,No directional setup; confirmation score not applicable.,Wide CPR,Wide Upside Breakout,Confirmed,Wide CPR + close above CPR + trend aligned + participation confirmed,0,0,0,0
2026-09-04,2026-09-04,CM,NSE,STK,9158,INE794B01026,BALAJITELE,EQ,,,,,BALAJI TELEFILMS LIMITED.,91.25,95.7,88.36,93.17,93.0,91.31,,93.18,,,1526021,141071087.04,10826,F1,1,,,,,,Cash Only,Unclassified,False,92.41000000000001,92.03,92.79000000000002,92.79000000000002,92.03,0.7600000000000193,0.8157132124074481,Wide,Bullish,Above CPR,False,False,0.8333333333333334,60,10965633.06,Higher,True,Neutral,False,3.491428571428575,89.6608,92.51129999999999,0.21767594108020172,12.864837467030835,True,True,No setup,Neutral,0,Not applicable,No directional setup; confirmation score not applicable.,Wide CPR,Wide Upside Breakout,Confirmed,Wide CPR + close above CPR + trend aligned + participation confirmed,0,0,0,0
2026-09-04,2026-09-04,CM,NSE,STK,3834,INE838B01021,BHARATRAS,EQ,,,,,BHARAT RASAYAN LTD,1190.1,1207.0,1165.2,1171.8,1179.9,1184.2,,1171.84,,,25242,29857744.3,2734,F1,1,,,,,,Cash Only,Unclassified,False,1181.3333333333333,1186.1,1176.5666666666666,1186.1,1176.5666666666666,9.533333333333303,0.8135631791545744,Wide,Bearish,Below CPR,False,False,0.8333333333333334,60,11477273.2,Lower,True,Neutral,False,34.18571428571431,1308.128,1367.86,0.2788689232483622,2.60146672294949,False,False,No setup,Neutral,0,Not applicable,No directional setup; confirmation score not applicable.,Wide CPR,Wide Downside Breakout,Confirmed,Wide CPR + close below CPR + trend aligned + participation confirmed,0,0,0,0
2026-09-04,2026-09-04,CM,NSE,STK,9741,INE088F01024,PARADEEP,EQ,,,,,PARADEEP PHOSPHATES LTD,154.0,157.68,152.5,157.0,157.21,153.53,,157.0,,,3778120,587418878.95,39668,F1,1,,,,,,Cash Only,Chemicals,True,155.72666666666666,155.09,156.36333333333332,156.36333333333332,155.09,1.2733333333333121,0.8110403397027465,Wide,Bullish,Above CPR,False,False,0.7166666666666667,60,504173332.985,Overlapping,True,Neutral,False,5.734999999999998,146.7204,137.4064,0.22202848009299261,1.165112949294914,True,True,No setup,Neutral,0,Not applicable,No directional setup; confirmation score not applicable.,Wide CPR,Wide Upside Breakout,Confirmed,Wide CPR + close above CPR + trend aligned + participation confirmed,0,0,0,0
2026-09-04,2026-09-04,CM,NSE,STK,30249,INE561M01018,ISHANCH,EQ,,,,,ISHAN DYES N CHEMICALS L,45.98,46.1,43.55,44.29,44.4,45.4,,44.28,,,38670,1745676.07,992,F1,1,,,,,,Cash Only,Unclassified,False,44.64666666666667,44.825,44.468333333333334,44.825,44.468333333333334,0.35666666666666913,0.8052984119816418,Wide,Bearish,Below CPR,False,False,0.55,60,1065831.335,Lower,True,Neutral,False,2.9135714285714287,50.917,56.1675,0.12241562474462779,1.6378539574462785,False,False,No setup,Neutral,0,Not applicable,No directional setup; confirmation score not applicable.,Wide CPR,Wide Downside Breakout,Confirmed,Wide CPR + close below CPR + trend aligned + participation confirmed,0,0,0,0
2026-09-04,2026-09-04,CM,NSE,STK,16913,INE025R01021,ARTEMISMED,EQ,,,,,ARTEMIS MED SERVICE LTD,321.0,339.3,318.3,332.8,332.95,319.85,,332.79,,,885338,295886045.55,23561,F1,1,,,,,,Cash Only,Unclassified,False,330.1333333333334,328.8,331.46666666666675,331.46666666666675,328.8,2.6666666666667425,0.8012820512820741,Wide,Bullish,Above CPR,False,False,0.8,60,51940597.45,Higher,True,Neutral,False,10.260714285714275,296.23,278.16519999999997,0.25989093862397794,5.696623837159963,True,True,No setup,Neutral,0,Not applicable,No directional setup; confirmation score not applicable.,Wide CPR,Wide Upside Breakout,Confirmed,Wide CPR + close above CPR + trend aligned + participation confirmed,0,0,0,0
2026-09-04,2026-09-04,CM,NSE,STK,16725,INE105J01010,RPGLIFE,EQ,,,,,RPG LIFE SCIENCES LTD,2652.4,2739.0,2638.9,2721.6,2720.2,2652.4,,2721.1,,,20463,55050361.6,2723,F1,1,,,,,,Cash Only,Unclassified,False,2699.8333333333335,2688.95,2710.716666666667,2710.716666666667,2688.95,21.766666666667334,0.7997746423672595,Wide,Bullish,Above CPR,False,False,0.7666666666666667,60,31034828.549999997,Higher,True,Neutral,False,82.16428571428573,2689.522,2451.399,0.26491639862065774,1.7738252206326433,True,True,No setup,Neutral,0,Not applicable,No directional setup; confirmation score not applicable.,Wide CPR,Wide Upside Breakout,Confirmed,Wide CPR + close above CPR + trend aligned + participation confirmed,0,0,0,0
2026-09-04,2026-09-04,CM,NSE,STK,764865,INE531X01018,SAICAPI,EQ,,,,,SAI CAPITAL LTD.,160.2,163.8,155.1,157.56,158.45,157.05,,157.61,,,1101,177483.93,41,F1,1,,,,,,Cash Only,Unclassified,False,158.82,159.45,158.19,159.45,158.19,1.259999999999991,0.7996953541507938,Wide,Bearish,Below CPR,False,False,0.5714285714285714,14,36592.259999999995,Higher,False,Neutral,False,,,,,4.850313426937828,False,False,No setup,Neutral,0,Not applicable,No directional setup; confirmation score not applicable.,Wide CPR,Wide Downside Breakout,Confirmed,Wide CPR + close below CPR + trend aligned + participation confirmed,0,0,0,0
2026-09-04,2026-09-04,CM,NSE,STK,14450,INE069I01010,EMBDL,EQ,,,,,EMBASSY DEVELOPMENTS LTD,58.65,59.19,57.25,57.53,57.6,58.59,,57.52,,,2533639,147091517.57,11846,F1,1,,,,,,Cash Only,Unclassified,False,57.99,58.22,57.760000000000005,58.22,57.760000000000005,0.45999999999999375,0.7995828263514579,Wide,Bearish,Below CPR,False,False,0.7833333333333333,60,127741652.865,Lower,True,Neutral,False,2.012142857142858,62.495599999999996,64.2266,0.2286119985800465,1.1514765487295622,False,False,No setup,Neutral,0,Not applicable,No directional setup; confirmation score not applicable.,Wide CPR,Wide Downside Breakout,Confirmed,Wide CPR + close below CPR + trend aligned + participation confirmed,0,0,0,0
2026-09-04,2026-09-04,CM,NSE,STK,3892,INE473B01035,HATSUN,EQ,,,,,HATSUN AGRO PRODUCT LTD.,1159.9,1185.0,1124.9,1168.8,1161.5,1160.8,,1168.83,,,65825,76284092.7,5965,F1,1,,,,,,Cash Only,Unclassified,False,1159.5666666666666,1154.95,1164.1833333333332,1164.1833333333332,1154.95,9.233333333333121,0.7899840292037237,Wide,Bullish,Above CPR,False,False,0.8833333333333333,60,32262640.325,Lower,True,Neutral,False,57.33571428571429,963.8,951.3025,0.16103982392757404,2.364471473244185,True,True,No setup,Neutral,0,Not applicable,No directional setup; confirmation score not applicable.,Wide CPR,Wide Upside Breakout,Confirmed,Wide CPR + close above CPR + trend aligned + participation confirmed,0,0,0,0
2026-09-04,2026-09-04,CM,NSE,STK,764845,INE035S01028,POEL,EQ,,,,,P O C L ENTERPRISES LTD.,143.05,147.94,141.0,142.78,142.9,144.2,,142.69,,,51934,7422842.32,928,F1,1,,,,,,Cash Only,Unclassified,False,143.90666666666667,144.47,143.34333333333333,144.47,143.34333333333333,1.1266666666666652,0.7890927767661192,Wide,Bearish,Below CPR,False,False,0.5333333333333333,15,4778125.22,Lower,False,Neutral,False,8.071428571428571,,,0.13958702064896736,1.5535051883801405,False,False,No setup,Neutral,0,Not applicable,No directional setup; confirmation score not applicable.,Wide CPR,Wide Downside Breakout,Confirmed,Wide CPR + close below CPR + trend aligned + participation confirmed,0,0,0,0
2026-09-04,2026-09-04,CM,NSE,STK,15067,INE0N7W01012,BLAL,EQ,,,,,BEML LAND ASSETS LIMITED,162.0,164.95,160.61,160.88,161.3,161.93,,160.88,,,43253,7011275.35,854,F1,1,,,,,,Cash Only,Unclassified,False,162.14666666666668,162.78,161.51333333333335,162.78,161.51333333333335,1.2666666666666515,0.7873363169235776,Wide,Bearish,Below CPR,False,False,0.9333333333333333,60,2540704.925,Overlapping,True,Neutral,False,2.982142857142857,174.9738,182.1687,0.4247504990019909,2.7595787613943403,False,False,No setup,Neutral,0,Not applicable,No directional setup; confirmation score not applicable.,Wide CPR,Wide Downside Breakout,Confirmed,Wide CPR + close below CPR + trend aligned + participation confirmed,0,0,0,0
2026-09-04,2026-09-04,CM,NSE,STK,24398,INE168P01015,EMCURE,EQ,,,,,EMCURE PHARMACEUTICALS L,1888.0,1935.0,1874.7,1927.6,1925.9,1854.7,,1927.65,,,276608,529689047.4,24433,F1,1,,,,,,Cash Only,Healthcare,True,1912.4333333333332,1904.85,1920.0166666666664,1920.0166666666664,1904.85,15.166666666666515,0.7868160752576527,Wide,Bullish,Above CPR,False,False,0.8333333333333334,60,238793844.85000002,Higher,True,Neutral,False,45.607142857142904,1882.48,1793.276,0.3325502479770258,2.218185513670705,True,True,No setup,Neutral,0,Not applicable,No directional setup; confirmation score not applicable.,Wide CPR,Wide Upside Breakout,Confirmed,Wide CPR + close above CPR + trend aligned + participation confirmed,0,0,0,0
2026-09-04,2026-09-04,CM,NSE,STK,14068,INE229C01021,SAGCEM,EQ,,,,,SAGAR CEMENTS LIMITED,156.01,157.04,152.25,152.86,152.5,154.38,,152.86,,,244455,37418653.13,1466,F1,1,,,,,,Cash Only,Unclassified,False,154.04999999999998,154.64499999999998,153.45499999999998,154.64499999999998,153.45499999999998,1.1899999999999977,0.778490121679967,Wide,Bearish,Below CPR,False,False,0.8166666666666667,60,6291495.1,Lower,True,Neutral,False,5.550714285714284,172.33379999999997,176.01489999999998,0.21438682280272772,5.947497778389751,False,False,No setup,Neutral,0,Not applicable,No directional setup; confirmation score not applicable.,Wide CPR,Wide Downside Breakout,Confirmed,Wide CPR + close below CPR + trend aligned + participation confirmed,0,0,0,0
2026-09-04,2026-09-04,CM,NSE,STK,764598,INE372M01010,ARCL,EQ,,,,,ARCL ORGANICS LTD.,238.25,238.25,216.89,225.0,225.0,228.3,,225.0,,,998,220537.69,54,F1,1,,,,,,Cash Only,Unclassified,False,226.71333333333334,227.57,225.85666666666668,227.57,225.85666666666668,1.7133333333333098,0.7614814814814711,Wide,Bearish,Below CPR,False,False,0.5333333333333333,15,51149.38,Lower,False,Neutral,False,12.077857142857145,,,0.14185739349852938,4.311639554575247,False,False,No setup,Neutral,0,Not applicable,No directional setup; confirmation score not applicable.,Wide CPR,Wide Downside Breakout,Confirmed,Wide CPR + close below CPR + trend aligned + participation confirmed,0,0,0,0
2026-09-04,2026-09-04,CM,NSE,STK,19277,INE778K01012,EMAMIREAL,EQ,,,,,EMAMI REALTY LIMITED,69.29,69.3,65.7,66.74,66.45,68.7,,66.14,,,24880,1664774.66,382,F1,1,,,,,,Cash Only,Unclassified,False,67.24666666666667,67.5,66.99333333333334,67.5,66.99333333333334,0.5066666666666606,0.7591649185895425,Wide,Bearish,Below CPR,False,False,0.43333333333333335,60,1501969.015,Lower,True,Neutral,False,2.743571428571429,68.3198,70.11399999999999,0.18467413000086558,1.1083948093296718,False,False,No setup,Neutral,0,Not applicable,No directional setup; confirmation score not applicable.,Wide CPR,Wide Downside Breakout,Confirmed,Wide CPR + close below CPR + trend aligned + participation confirmed,0,0,0,0
2026-09-04,2026-09-04,CM,NSE,STK,764312,INE0NG701011,XTRANET,EQ,,,,,XTRANET TECHNOLOGIES LTD,197.2,234.24,193.11,234.24,234.24,195.2,,234.24,,,5584599,1262045286.66,39510,F1,1,,,,,,Cash Only,Unclassified,False,220.53,213.675,227.385,227.385,213.675,13.70999999999998,5.852971311475401,Wide,Bullish,Above CPR,False,False,1.0,17,155387377.49,Higher,False,Neutral,False,17.309285714285714,,,0.7920604134857414,8.121929252208528,False,False,No setup,Neutral,0,Not applicable,No directional setup; confirmation score not applicable.,Wide CPR,Wide Upside Watch,Watch,Wide CPR + close above CPR; trend opposes; participation confirmed,0,0,0,0
2026-09-04,2026-09-04,CM,NSE,STK,764758,INE519D01015,LADDERUP,EQ,,,,,LADDERUP FINANCE LTD.,50.3,51.45,42.7,51.4,51.4,51.7,,47.5,,,23,1105.5,8,F1,1,,,,,,Cash Only,Unclassified,False,48.51666666666667,47.075,49.95833333333334,49.95833333333334,47.075,2.88333333333334,5.609597924773036,Wide,Bullish,Above CPR,False,False,1.0,15,4953.6,Lower,False,Neutral,False,3.3521428571428573,,,0.8601463172100311,0.22317102713178294,False,False,No setup,Neutral,0,Not applicable,No directional setup; confirmation score not applicable.,Wide CPR,Wide Upside Watch,Watch,Wide CPR + close above CPR; trend opposes; participation light,0,0,0,0
2026-09-04,2026-09-04,CM,NSE,STK,765553,INE0DRI01029,ESDS,EQ,,,,,ESDS SOFTWARE SOLUTION L,757.0,908.4,756.0,908.4,908.4,429.0,,907.65,,,15790052,13115874910.25,192111,F1,1,,,,,,Cash Only,Unclassified,False,857.6,832.2,883.0,883.0,832.2,50.799999999999955,5.592250110083659,Wide,Bullish,Above CPR,False,False,1.0,1,13115874910.25,Unknown,False,Neutral,False,,,,,1.0,False,False,No setup,Neutral,0,Not applicable,No directional setup; confirmation score not applicable.,Wide CPR,Wide Upside Watch,Watch,Wide CPR + close above CPR; trend opposes; participation confirmed,0,0,0,0
2026-09-04,2026-09-04,CM,NSE,STK,2998,INE018401013,SUVIDHAA,EQ,,,,,SUVIDHAA INFOSERVE LTD,2.16,2.47,2.01,2.42,2.46,2.06,,2.42,,,651333,1529412.51,653,F1,1,,,,,,Cash Only,Unclassified,False,2.3000000000000003,2.24,2.3600000000000003,2.3600000000000003,2.24,0.1200000000000001,4.958677685950417,Wide,Bullish,Above CPR,False,False,1.0,60,242511.61,Higher,True,Neutral,False,0.24428571428571436,2.487,2.6153000000000004,0.4912280701754389,6.306553776951133,False,False,No setup,Neutral,0,Not applicable,No directional setup; confirmation score not applicable.,Wide CPR,Wide Upside Watch,Watch,Wide CPR + close above CPR; trend opposes; participation confirmed,0,0,0,0
2026-09-04,2026-09-04,CM,NSE,STK,10417,INE600Y01019,DYCL,EQ,,,,,DYNAMIC CABLES LIMITED,541.9,546.8,484.0,487.9,488.0,544.3,,487.9,,,1789647,903416046.0,44589,F1,1,,,,,,Cash Only,Unclassified,False,506.2333333333333,515.4,497.0666666666666,515.4,497.0666666666666,18.33333333333337,3.7576006012161036,Wide,Bearish,Below CPR,False,False,0.9833333333333333,60,164067054.325,Lower,True,Neutral,False,29.59642857142856,420.03399999999993,381.1564,0.6194441092474171,5.5063830439134085,True,True,No setup,Neutral,0,Not applicable,No directional setup; confirmation score not applicable.,Wide CPR,Wide Downside Watch,Watch,Wide CPR + close below CPR; trend opposes; participation confirmed,0,0,0,0
2026-09-04,2026-09-04,CM,NSE,STK,762985,INE967G01019,ZSARACOM,EQ,,,,,SARASWATI COMM (INDIA) L,10096.0,11600.0,9808.0,11302.0,11448.0,10227.0,,11309.17,,,221,2367989.0,127,F1,1,,,,,,Cash Only,Unclassified,False,10903.333333333334,10704.0,11102.666666666668,11102.666666666668,10704.0,398.6666666666679,3.5273992803633685,Wide,Bullish,Above CPR,False,False,0.9666666666666667,60,542084.25,Higher,True,Neutral,False,656.0,11756.28,,0.6077235772357742,4.36830437335156,False,False,No setup,Neutral,0,Not applicable,No directional setup; confirmation score not applicable.,Wide CPR,Wide Upside Watch,Watch,Wide CPR + close above CPR; trend opposes; participation confirmed,0,0,0,0
2026-09-04,2026-09-04,CM,NSE,STK,381,INE129Z01016,SINTERCOM,EQ,,,,,SINTERCOM INDIA LIMITED,81.2,90.0,79.62,80.8,79.71,79.61,,80.8,,,10325,853570.36,139,F1,1,,,,,,Cash Only,Unclassified,False,83.47333333333334,84.81,82.13666666666668,84.81,82.13666666666668,2.673333333333318,3.3085808580857896,Wide,Bearish,Below CPR,False,False,1.0,60,375487.53,Higher,True,Neutral,False,5.009999999999999,80.2596,78.37849999999999,0.5335994677312013,2.273232242892327,True,True,No setup,Neutral,0,Not applicable,No directional setup; confirmation score not applicable.,Wide CPR,Wide Downside Watch,Watch,Wide CPR + close below CPR; trend opposes; participation confirmed,0,0,0,0
2026-09-04,2026-09-04,CM,NSE,STK,14702,INE123B01028,NAGREEKEXP,EQ,,,,,NAGREEKA EXPORTS LTD.,21.1,25.0,20.81,24.1,22.5,21.3,,24.08,,,411783,9398787.95,516,F1,1,,,,,,Cash Only,Unclassified,False,23.30333333333333,22.905,23.70166666666666,23.70166666666666,22.905,0.7966666666666598,3.305670816044231,Wide,Bullish,Above CPR,False,False,1.0,60,253495.41,Higher,True,Neutral,False,1.3078571428571426,23.267,25.1725,0.6091389040597072,37.076757918417535,True,False,No setup,Neutral,0,Not applicable,No directional setup; confirmation score not applicable.,Wide CPR,Wide Upside Watch,Watch,Wide CPR + close above CPR; trend mixed; participation confirmed,0,0,0,0
2026-09-04,2026-09-04,CM,NSE,STK,14106,INE718H01014,AUTOIND,EQ,,,,,AUTOLINE INDUSTRIES LTD,94.0,95.9,85.21,86.45,86.87,92.75,,86.46,,,600314,53498993.66,6554,F1,1,,,,,,Cash Only,Unclassified,False,89.18666666666667,90.555,87.81833333333333,90.555,87.81833333333333,2.736666666666679,3.1656063235010743,Wide,Bearish,Below CPR,False,False,0.9666666666666667,60,10020310.14,Lower,True,Neutral,False,6.848571428571431,71.7494,72.6827,0.3995967181198737,5.339055669189097,True,True,No setup,Neutral,0,Not applicable,No directional setup; confirmation score not applicable.,Wide CPR,Wide Downside Watch,Watch,Wide CPR + close below CPR; trend opposes; participation confirmed,0,0,0,0
2026-09-04,2026-09-04,CM,NSE,STK,14917,INE142I01023,TAKE,EQ,,,,,TAKE LIMITED,12.52,13.82,12.52,13.82,13.82,13.17,,13.84,,,918186,11878318.31,912,F1,1,,,,,,Cash Only,Unclassified,False,13.386666666666665,13.17,13.60333333333333,13.60333333333333,13.17,0.43333333333333,3.1355523396044136,Wide,Bullish,Above CPR,False,False,0.9666666666666667,60,2834344.35,Outside,True,Neutral,False,0.9992857142857143,18.1174,,0.43364307838932237,4.190852219491256,False,False,No setup,Neutral,0,Not applicable,No directional setup; confirmation score not applicable.,Wide CPR,Wide Upside Watch,Watch,Wide CPR + close above CPR; trend opposes; participation confirmed,0,-2,0,-2
2026-09-04,2026-09-04,CM,NSE,STK,3594,INE694A01020,UNITECH,EQ,,,,,UNITECH LTD,3.71,4.08,3.71,4.08,4.08,3.71,,4.08,,,14406516,57902067.46,3337,F1,1,,,,,,Cash Only,Unclassified,False,3.956666666666667,3.895,4.018333333333334,4.018333333333334,3.895,0.1233333333333344,3.0228758169934906,Wide,Bullish,Above CPR,False,False,1.0,60,16537799.425,Higher,True,Neutral,False,0.14142857142857143,4.2652,4.557499999999999,0.8720538720538796,3.5011954113115022,False,False,No setup,Neutral,0,Not applicable,No directional setup; confirmation score not applicable.,Wide CPR,Wide Upside Watch,Watch,Wide CPR + close above CPR; trend opposes; participation confirmed,0,0,0,0
2026-09-04,2026-09-04,CM,NSE,STK,19578,INE071E01023,UGARSUGAR,EQ,,,,,THE UGAR SUGAR WORKS LTD,58.4,58.5,53.01,53.35,53.29,58.56,,53.35,,,1348315,73344806.93,8614,F1,1,,,,,,Cash Only,Unclassified,False,54.953333333333326,55.754999999999995,54.15166666666666,55.754999999999995,54.15166666666666,1.6033333333333388,3.005310840362397,Wide,Bearish,Below CPR,False,False,0.9833333333333333,60,7134264.795,Lower,True,Neutral,False,4.867857142857145,45.5004,43.4327,0.3293714844705317,10.280639846926233,True,True,No setup,Neutral,0,Not applicable,No directional setup; confirmation score not applicable.,Wide CPR,Wide Downside Watch,Watch,Wide CPR + close below CPR; trend opposes; participation confirmed,0,0,0,0
2026-09-04,2026-09-04,CM,NSE,STK,30189,INE117B01020,CURAA,EQ,,,,,CURA TECHNOLOGIES LIMITED,78.5,78.5,60.0,72.46,74.0,66.2,,72.46,,,2020,145016.75,114,F1,1,,,,,,Cash Only,Unclassified,False,70.32,69.25,71.38999999999999,71.38999999999999,69.25,2.1399999999999864,2.9533535743858494,Wide,Bullish,Above CPR,False,False,0.95,60,33708.39,Higher,True,Neutral,False,5.837142857142858,73.7762,,0.3666177190406241,4.302096599689277,False,False,No setup,Neutral,0,Not applicable,No directional setup; confirmation score not applicable.,Wide CPR,Wide Upside Watch,Watch,Wide CPR + close above CPR; trend opposes; participation confirmed,0,0,0,0
2026-09-04,2026-09-04,CM,NSE,STK,25672,INE184O01015,DIFFNKG,EQ,,,,,DIFFUSION ENGINEERS LTD,487.0,519.9,470.0,474.9,476.8,477.6,,474.94,,,2072376,1030652502.7,52420,F1,1,,,,,,Cash Only,Unclassified,False,488.26666666666665,494.95,481.5833333333333,494.95,481.5833333333333,13.366666666666674,2.8146276409068594,Wide,Bearish,Below CPR,False,False,0.95,60,46626780.075,Higher,True,Neutral,False,21.960714285714282,408.176,368.4396,0.6086626551742835,22.10430360068135,True,True,No setup,Neutral,0,Not applicable,No directional setup; confirmation score not applicable.,Wide CPR,Wide Downside Watch,Watch,Wide CPR + close below CPR; trend opposes; participation confirmed,0,0,0,0
2026-09-04,2026-09-04,CM,NSE,STK,4130,INE277C01012,REGENCERAM,EQ,,,,,REGENCY CERAMICS LTD.,38.2,38.2,34.41,34.86,34.68,36.47,,34.79,,,1624,58167.65,58,F1,1,,,,,,Cash Only,Unclassified,False,35.82333333333333,36.305,35.34166666666666,36.305,35.34166666666666,0.9633333333333383,2.763434691145549,Wide,Bearish,Below CPR,False,False,0.8833333333333333,60,91401.61,Outside,True,Neutral,False,2.604285714285715,36.019,39.3812,0.36990309014445233,0.6363963391892112,False,False,No setup,Neutral,0,Not applicable,No directional setup; confirmation score not applicable.,Wide CPR,Wide Downside Watch,Watch,Wide CPR + close below CPR; trend aligned; participation light,0,0,0,0
2026-09-04,2026-09-04,CM,NSE,STK,16908,INE486Y01013,TOUCHWOOD,EQ,,,,,TOUCHWOOD ENTERTAIN LTD.,58.61,62.86,57.6,62.81,62.86,59.2,,62.81,,,1237,74666.25,54,F1,1,,,,,,Cash Only,Unclassified,False,61.09,60.230000000000004,61.95,61.95,60.230000000000004,1.7199999999999989,2.7384174494507225,Wide,Bullish,Above CPR,False,False,0.9833333333333333,60,64877.225,Higher,True,Neutral,False,2.3542857142857145,65.7618,69.2247,0.7305825242718441,1.1508853838924213,False,False,No setup,Neutral,0,Not applicable,No directional setup; confirmation score not applicable.,Wide CPR,Wide Upside Watch,Watch,Wide CPR + close above CPR; trend opposes; participation confirmed,0,0,0,0
2026-09-04,2026-09-04,CM,NSE,STK,762227,INE1SJO01012,RAMBHAJO,EQ,,,,,ADVIT JEWELS LIMITED,249.9,268.68,247.06,268.68,268.68,244.26,,268.92,,,1915247,500788031.23,24492,F1,1,,,,,,Cash Only,Unclassified,False,261.47333333333336,257.87,265.0766666666667,265.0766666666667,257.87,7.206666666666706,2.6822490198997717,Wide,Bullish,Above CPR,False,False,0.9210526315789473,38,62539731.16,Higher,True,Neutral,False,21.719285714285714,,,0.33180956139485607,8.007518131934356,False,False,No setup,Neutral,0,Not applicable,No directional setup; confirmation score not applicable.,Wide CPR,Wide Upside Watch,Watch,Wide CPR + close above CPR; trend opposes; participation confirmed,0,0,0,0
2026-09-04,2026-09-04,CM,NSE,STK,765361,INE0K9O01026,LALITHAA,EQ,,,,,LALITHAA JEWELLERY MART L,283.0,308.3,280.6,306.7,308.3,280.3,,306.93,,,23781731,7051735553.4,156381,F1,1,,,,,,Cash Only,Unclassified,False,298.53333333333336,294.45000000000005,302.6166666666667,302.6166666666667,294.45000000000005,8.166666666666629,2.66275404847298,Wide,Bullish,Above CPR,False,False,0.9,10,5183160121.87,Higher,False,Neutral,False,,,,,1.3605089149466307,False,False,No setup,Neutral,0,Not applicable,No directional setup; confirmation score not applicable.,Wide CPR,Wide Upside Watch,Watch,Wide CPR + close above CPR; trend opposes; participation confirmed,0,0,0,0
2026-09-04,2026-09-04,CM,NSE,STK,759987,INE1SPP01016,KSR,EQ,,,,,KSR FOOTWEAR LIMITED,32.5,34.69,31.9,34.61,34.19,31.54,,34.61,,,388546,12848288.28,432,F1,1,,,,,,Cash Only,Unclassified,False,33.733333333333334,33.295,34.17166666666667,34.17166666666667,33.295,0.8766666666666652,2.532986612732347,Wide,Bullish,Above CPR,False,False,0.8,60,348173.45,Higher,True,Neutral,False,2.0892857142857144,29.5872,,0.4196011396011389,36.90197595480068,True,False,No setup,Neutral,0,Not applicable,No directional setup; confirmation score not applicable.,Wide CPR,Wide Upside Watch,Watch,Wide CPR + close above CPR; trend mixed; participation confirmed,0,0,0,0
2026-09-04,2026-09-04,CM,NSE,STK,2306,INE052T01021,BESTAGRO,EQ,,,,,BEST AGROLIFE LIMITED,20.99,21.2,18.83,19.29,19.15,20.34,,19.28,,,2082129,40865213.11,5742,F1,1,,,,,,Cash Only,Unclassified,False,19.773333333333333,20.015,19.531666666666666,20.015,19.531666666666666,0.4833333333333343,2.505616035942635,Wide,Bearish,Below CPR,False,False,0.9666666666666667,60,7554213.26,Lower,True,Neutral,False,0.928571428571428,17.29,34.3931,0.5205128205128218,5.409592197559961,True,False,No setup,Neutral,0,Not applicable,No directional setup; confirmation score not applicable.,Wide CPR,Wide Downside Watch,Watch,Wide CPR + close below CPR; trend mixed; participation confirmed,0,0,0,0
2026-09-04,2026-09-04,CM,NSE,STK,11961,INE617A01013,SEMAC,EQ,,,,,SEMAC CONSTRUCTION LTD,298.9,298.9,276.05,277.25,277.0,290.55,,277.27,,,4531,1260927.65,135,F1,1,,,,,,Cash Only,Unclassified,False,284.06666666666666,287.475,280.6583333333333,287.475,280.6583333333333,6.81666666666672,2.4586714758040467,Wide,Bearish,Below CPR,False,False,0.9,60,233906.335,Lower,True,Neutral,False,18.446428571428562,287.0216,270.372,0.369538560826076,5.390737493279094,False,True,No setup,Neutral,0,Not applicable,No directional setup; confirmation score not applicable.,Wide CPR,Wide Downside Watch,Watch,Wide CPR + close below CPR; trend mixed; participation confirmed,0,0,0,0
2026-09-04,2026-09-04,CM,NSE,STK,30134,INE0I0M01023,PRABHA,EQ,,,,,PRABHA ENERGY LIMITED,221.99,258.4,218.81,230.6,234.99,220.97,,230.6,,,11908766,2898374986.87,138252,F1,1,,,,,,Cash Only,Unclassified,False,235.93666666666664,238.605,233.2683333333333,238.605,233.2683333333333,5.3366666666667015,2.314252674183305,Wide,Bearish,Below CPR,False,False,0.9833333333333333,60,6397700.295,Higher,True,Neutral,False,17.305,167.3466,164.32659999999998,0.30838871231821446,453.0338798669843,True,True,No setup,Neutral,0,Not applicable,No directional setup; confirmation score not applicable.,Wide CPR,Wide Downside Watch,Watch,Wide CPR + close below CPR; trend opposes; participation confirmed,0,0,0,0
2026-09-04,2026-09-04,CM,NSE,STK,14058,INE989A01032,SANGHVIMOV,EQ,,,,,SANGHVI MOVERS LTD,456.4,472.0,436.65,439.2,439.5,453.0,,439.18,,,455750,205817384.2,20233,F1,1,,,,,,Cash Only,Unclassified,False,449.2833333333333,454.325,444.2416666666666,454.325,444.2416666666666,10.083333333333371,2.295840922890112,Wide,Bearish,Below CPR,False,False,0.9833333333333333,60,168053776.10000002,Overlapping,True,Neutral,False,22.360714285714273,457.32099999999997,404.1132,0.4509396794974198,1.2247114523480198,False,True,No setup,Neutral,0,Not applicable,No directional setup; confirmation score not applicable.,Wide CPR,Wide Downside Watch,Watch,Wide CPR + close below CPR; trend mixed; participation confirmed,0,0,0,0
2026-09-04,2026-09-04,CM,NSE,STK,765480,INE0PX301025,SKYWAYS,EQ,,,,,SKYWAYS AIR SERVICES LTD,131.5,133.65,120.1,122.72,121.15,130.06,,122.72,,,8338807,1075533753.03,45579,F1,1,,,,,,Cash Only,Unclassified,False,125.49000000000001,126.875,124.10500000000002,126.875,124.10500000000002,2.769999999999982,2.257170795306374,Wide,Bearish,Below CPR,False,False,1.0,4,1808712913.205,Lower,False,Neutral,False,,,,,0.5946403905107183,False,False,No setup,Neutral,0,Not applicable,No directional setup; confirmation score not applicable.,Wide CPR,Wide Downside Watch,Watch,Wide CPR + close below CPR; trend aligned; participation light,0,0,0,0
2026-09-04,2026-09-04,CM,NSE,STK,4656,INE386D01027,SBCL,EQ,,,,,SHIVALIK BIMETAL CON. LTD,1189.3,1215.7,1102.4,1121.1,1115.0,1155.9,,1121.07,,,810275,919033802.7,44614,F1,1,,,,,,Cash Only,Unclassified,False,1146.4,1159.0500000000002,1133.75,1159.0500000000002,1133.75,25.300000000000182,2.256712157702273,Wide,Bearish,Below CPR,False,False,0.9333333333333333,60,292828457.775,Overlapping,True,Neutral,False,57.88214285714291,869.488,763.2625,0.4370950823718174,3.138471614689021,True,True,No setup,Neutral,0,Not applicable,No directional setup; confirmation score not applicable.,Wide CPR,Wide Downside Watch,Watch,Wide CPR + close below CPR; trend opposes; participation confirmed,0,0,0,0
2026-09-04,2026-09-04,CM,NSE,STK,759205,INE1FF001016,JKIPL,EQ,,,,,JINKUSHAL INDUSTRIES LTD,107.5,107.5,100.38,100.56,101.0,105.66,,100.7,,,19248,1978149.29,475,F1,1,,,,,,Cash Only,Unclassified,False,102.81333333333333,103.94,101.68666666666667,103.94,101.68666666666667,2.2533333333333303,2.2407849376823092,Wide,Bearish,Below CPR,False,False,0.9166666666666666,60,4071149.75,Lower,True,Neutral,False,4.674285714285715,75.3988,77.3497,0.482070089649551,0.4858945043718915,True,True,No setup,Neutral,0,Not applicable,No directional setup; confirmation score not applicable.,Wide CPR,Wide Downside Watch,Watch,Wide CPR + close below CPR; trend opposes; participation light,0,0,0,0
2026-09-04,2026-09-04,CM,NSE,STK,25503,INE250Z01010,INDOUS,EQ,,,,,INDO US BIOTECH LTD,77.02,79.78,70.0,77.48,77.2,78.82,,77.48,,,41730,3237959.31,280,F1,1,,,,,,Cash Only,Unclassified,False,75.75333333333333,74.89,76.61666666666666,76.61666666666666,74.89,1.7266666666666595,2.228532094303897,Wide,Bullish,Above CPR,False,False,1.0,60,1441204.77,Lower,True,Neutral,False,5.044285714285713,84.23280000000001,92.28229999999999,0.342301519871612,2.2467031593296767,False,False,No setup,Neutral,0,Not applicable,No directional setup; confirmation score not applicable.,Wide CPR,Wide Upside Watch,Watch,Wide CPR + close above CPR; trend opposes; participation confirmed,0,0,0,0
2026-09-04,2026-09-04,CM,NSE,STK,762762,INE515C01023,LAHOTIOV,EQ,,,,,LAHOTI OVERSEAS LTD.,46.0,46.0,43.0,43.08,43.01,45.08,,43.12,,,3701,161729.06,67,F1,1,,,,,,Cash Only,Unclassified,False,44.026666666666664,44.5,43.55333333333333,44.5,43.55333333333333,0.9466666666666725,2.1974620860414866,Wide,Bearish,Below CPR,False,False,0.9333333333333333,60,147164.39,Overlapping,True,Neutral,False,2.1214285714285723,42.57759999999999,,0.44624017957351547,1.0989687111127902,True,False,No setup,Neutral,0,Not applicable,No directional setup; confirmation score not applicable.,Wide CPR,Wide Downside Watch,Watch,Wide CPR + close below CPR; trend mixed; participation confirmed,0,0,0,0
2026-09-04,2026-09-04,CM,NSE,STK,25082,INE040M01013,TREEHOUSE,EQ,,,,,TREE HOUSE EDU LTD,6.42,6.44,5.73,6.29,6.35,6.22,,6.29,,,26470,161401.2,171,F1,1,,,,,,Cash Only,Unclassified,False,6.153333333333333,6.085000000000001,6.221666666666666,6.221666666666666,6.085000000000001,0.13666666666666494,2.1727609962903807,Wide,Bullish,Above CPR,False,False,0.9666666666666667,60,128605.14499999999,Overlapping,True,Neutral,False,0.4828571428571428,6.340199999999999,6.921500000000001,0.2830374753451641,1.2550135533069071,False,False,No setup,Neutral,0,Not applicable,No directional setup; confirmation score not applicable.,Wide CPR,Wide Upside Watch,Watch,Wide CPR + close above CPR; trend opposes; participation confirmed,0,0,0,0
2026-09-04,2026-09-04,CM,NSE,STK,16639,INE415I01015,KIRIINDUS,EQ,,,,,KIRI INDUSTRIES LIMITED,578.75,599.35,555.1,559.1,561.0,578.95,,559.1,,,2243746,1297310880.35,48383,F1,1,,,,,,Cash Only,Unclassified,False,571.1833333333334,577.225,565.1416666666668,577.225,565.1416666666668,12.083333333333258,2.161211470816179,Wide,Bearish,Below CPR,False,False,0.9833333333333333,60,78764637.67500001,Overlapping,True,Neutral,False,33.75000000000001,430.657,416.893,0.3580246913580224,16.470727456437825,True,True,No setup,Neutral,0,Not applicable,No directional setup; confirmation score not applicable.,Wide CPR,Wide Downside Watch,Watch,Wide CPR + close below CPR; trend opposes; participation confirmed,0,0,0,0
2026-09-04,2026-09-04,CM,NSE,STK,11796,INE05X901010,HPIL,EQ,,,,,HINDPRAKASH INDUSTRY LTD,118.7,125.08,114.4,123.75,122.5,122.01,,122.51,,,1499,182164.13,44,F1,1,,,,,,Cash Only,Unclassified,False,121.07666666666667,119.74000000000001,122.41333333333333,122.41333333333333,119.74000000000001,2.673333333333318,2.1602693602693477,Wide,Bullish,Above CPR,False,False,0.9833333333333333,60,100263.125,Overlapping,True,Neutral,False,5.307857142857141,125.445,128.9224,0.5036558560983241,1.8168606853217473,False,False,No setup,Neutral,0,Not applicable,No directional setup; confirmation score not applicable.,Wide CPR,Wide Upside Watch,Watch,Wide CPR + close above CPR; trend opposes; participation confirmed,0,0,0,0
2026-09-04,2026-09-04,CM,NSE,STK,13730,INE020G01017,INSPIRISYS,EQ,,,,,INSPIRISYS SOLUTIONS LTD,94.0,95.77,89.0,89.53,91.6,93.03,,89.62,,,2978,272667.6,101,F1,1,,,,,,Cash Only,Unclassified,False,91.43333333333332,92.38499999999999,90.48166666666665,92.38499999999999,90.48166666666665,1.903333333333336,2.1259168249004086,Wide,Bearish,Below CPR,False,False,0.9166666666666666,60,617920.79,Overlapping,True,Neutral,False,10.807142857142859,93.21780000000001,92.95100000000001,0.17611808768451223,0.44126626650642387,False,False,No setup,Neutral,0,Not applicable,No directional setup; confirmation score not applicable.,Wide CPR,Wide Downside Watch,Watch,Wide CPR + close below CPR; trend aligned; participation light,0,0,0,0
2026-09-04,2026-09-04,CM,NSE,STK,9641,INE060B01014,KHANDSE,EQ,,,,,KHANDWALA SECURITIES LTD,18.4,18.41,17.2,18.38,18.38,18.11,,18.69,,,698,12435.97,43,F1,1,,,,,,Cash Only,Unclassified,False,17.996666666666666,17.805,18.188333333333333,18.188333333333333,17.805,0.38333333333333286,2.085600290170473,Wide,Bullish,Above CPR,False,False,0.9,60,28891.53,Outside,True,Neutral,False,1.2499999999999993,17.4144,17.4516,0.3066666666666665,0.4304365327831375,True,True,No setup,Neutral,0,Not applicable,No directional setup; confirmation score not applicable.,Wide CPR,Wide Upside Watch,Watch,Wide CPR + close above CPR; trend aligned; participation light,0,0,0,0
2026-09-04,2026-09-04,CM,NSE,STK,25690,INE417B01040,DSSL,EQ,,,,,DYNACONS SYS & SOLN LTD,992.6,1053.1,990.0,1053.1,1053.1,1003.0,,1053.47,,,34708,36005221.9,2982,F1,1,,,,,,Cash Only,Unclassified,False,1032.0666666666666,1021.55,1042.5833333333333,1042.5833333333333,1021.55,21.033333333333303,1.997277878010949,Wide,Bullish,Above CPR,False,False,0.95,60,38982432.85,Higher,True,Neutral,False,41.5,1202.338,1271.5884999999998,0.5068273092369471,0.923626856192994,False,False,No setup,Neutral,0,Not applicable,No directional setup; confirmation score not applicable.,Wide CPR,Wide Upside Watch,Watch,Wide CPR + close above CPR; trend opposes; participation light,0,0,0,0
2026-09-04,2026-09-04,CM,NSE,STK,24735,INE912T01018,RPEL,EQ,,,,,RAGHAV PRODUCTIVITY ENH L,1889.8,1943.7,1778.4,1807.2,1800.0,1885.2,,1807.26,,,209791,389159355.2,27169,F1,1,,,,,,Cash Only,Unclassified,False,1843.1000000000001,1861.0500000000002,1825.15,1861.0500000000002,1825.15,35.90000000000009,1.986498450641882,Wide,Bearish,Below CPR,False,False,0.95,60,90600405.35,Overlapping,True,Neutral,False,105.0,1404.43,1163.3725,0.34190476190476277,4.295337903805526,True,True,No setup,Neutral,0,Not applicable,No directional setup; confirmation score not applicable.,Wide CPR,Wide Downside Watch,Watch,Wide CPR + close below CPR; trend opposes; participation confirmed,0,0,0,0
2026-09-04,2026-09-04,CM,NSE,STK,15058,INE0LCL01028,AVALON,EQ,,,,,AVALON TECHNOLOGIES LTD,2320.0,2347.7,2175.0,2196.6,2184.3,2248.6,,2196.6,,,683759,1543324603.5,62829,F1,1,,,,,,Cash Only,Unclassified,False,2239.7666666666664,2261.35,2218.183333333333,2261.35,2218.183333333333,43.16666666666697,1.965158274909723,Wide,Bearish,Below CPR,False,False,0.9,60,661019336.9,Overlapping,True,Neutral,False,139.56428571428572,1908.694,1654.829,0.3092959380384552,2.3347646844005663,True,True,No setup,Neutral,0,Not applicable,No directional setup; confirmation score not applicable.,Wide CPR,Wide Downside Watch,Watch,Wide CPR + close below CPR; trend opposes; participation confirmed,0,0,0,0
2026-09-04,2026-09-04,CM,NSE,STK,14485,INE083B01024,THEMISMED,EQ,,,,,THEMIS MEDICARE LTD.,125.27,128.08,119.71,120.42,120.25,124.87,,120.42,,,159319,19659158.21,2791,F1,1,,,,,,Cash Only,Unclassified,False,122.73666666666668,123.89500000000001,121.57833333333335,123.89500000000001,121.57833333333335,2.316666666666663,1.9238221779327875,Wide,Bearish,Below CPR,False,False,0.9333333333333333,60,9343795.559999999,Lower,True,Neutral,False,6.6871428571428595,113.34360000000001,107.2398,0.3464359467350274,2.1039799173431404,True,True,No setup,Neutral,0,Not applicable,No directional setup; confirmation score not applicable.,Wide CPR,Wide Downside Watch,Watch,Wide CPR + close below CPR; trend opposes; participation confirmed,0,0,0,0
2026-09-04,2026-09-04,CM,NSE,STK,762593,INE372E01025,BIRLAPREC,EQ,,,,,BIRLA PRECISION TECH L,53.25,59.79,52.73,57.92,57.4,51.67,,57.92,,,2574084,147065385.94,15177,F1,1,,,,,,Cash Only,Unclassified,False,56.81333333333333,56.26,57.36666666666667,57.36666666666667,56.26,1.1066666666666691,1.91068139963168,Wide,Bullish,Above CPR,False,False,0.8833333333333333,60,1237588.4049999998,Higher,True,Neutral,False,4.114285714285716,38.3344,,0.268981481481482,118.8322267288857,True,False,No setup,Neutral,0,Not applicable,No directional setup; confirmation score not applicable.,Wide CPR,Wide Upside Watch,Watch,Wide CPR + close above CPR; trend mixed; participation confirmed,0,0,0,0
2026-09-04,2026-09-04,CM,NSE,STK,14139,INE05ST01028,SBGLP,EQ,,,,,SURATWWALA BUS GROUP LTD,25.68,25.68,23.6,23.96,23.9,24.68,,23.96,,,12199,295701.08,187,F1,1,,,,,,Cash Only,Unclassified,False,24.413333333333338,24.64,24.186666666666675,24.64,24.186666666666675,0.45333333333332604,1.892042292710042,Wide,Bearish,Below CPR,False,False,0.9833333333333333,60,565698.395,Overlapping,True,Neutral,False,1.645,24.8818,25.7484,0.27558257345490944,0.5227186122739486,False,False,No setup,Neutral,0,Not applicable,No directional setup; confirmation score not applicable.,Wide CPR,Wide Downside Watch,Watch,Wide CPR + close below CPR; trend aligned; participation light,0,-2,0,-2
2026-09-04,2026-09-04,CM,NSE,STK,23647,INE185E01021,FILATFASH,EQ,,,,,FILATEX FASHIONS LIMITED,0.19,0.19,0.18,0.18,0.19,0.18,,0.18,,,21161213,3871529.79,1613,F1,1,,,,,,Cash Only,Unclassified,False,0.18333333333333335,0.185,0.1816666666666667,0.185,0.1816666666666667,0.0033333333333332993,1.851851851851833,Wide,Bearish,Below CPR,False,False,0.5583333333333333,60,13071436.89,Inside,True,Neutral,False,0.011428571428571436,0.1834,0.24480000000000002,0.2916666666666635,0.296182418396697,False,False,No setup,Neutral,0,Not applicable,No directional setup; confirmation score not applicable.,Wide CPR,Wide Downside Watch,Watch,Wide CPR + close below CPR; trend aligned; participation light,0,0,1,1
2026-09-04,2026-09-04,CM,NSE,STK,9668,INE475B01022,HIKAL,EQ,,,,,HIKAL LIMITED,234.0,236.74,220.1,222.3,222.9,240.36,,222.3,,,5359400,1229709067.34,59686,F1,1,,,,,,Cash Only,Unclassified,False,226.38000000000002,228.42000000000002,224.34000000000003,228.42000000000002,224.34000000000003,4.079999999999984,1.835357624831302,Wide,Bearish,Below CPR,False,False,0.9666666666666667,60,57130537.975,Inside,True,Neutral,False,9.900000000000004,220.545,208.87510000000003,0.41212121212121033,21.52454905777561,True,True,No setup,Neutral,0,Not applicable,No directional setup; confirmation score not applicable.,Wide CPR,Wide Downside Watch,Watch,Wide CPR + close below CPR; trend opposes; participation confirmed,0,0,0,0
2026-09-04,2026-09-04,CM,NSE,STK,2717,INE372C01037,PRECWIRE,EQ,,,,,PRECISION WIRES INDIA LTD,491.75,501.85,469.55,472.8,472.0,487.85,,472.7,,,830119,402085823.05,28644,F1,1,,,,,,Cash Only,Unclassified,False,481.40000000000003,485.70000000000005,477.1,485.70000000000005,477.1,8.600000000000023,1.8189509306260625,Wide,Bearish,Below CPR,False,False,0.8833333333333333,60,147171230.475,Overlapping,True,Neutral,False,26.182142857142857,410.88300000000004,409.0,0.328468148956487,2.732095272644353,True,True,No setup,Neutral,0,Not applicable,No directional setup; confirmation score not applicable.,Wide CPR,Wide Downside Watch,Watch,Wide CPR + close below CPR; trend opposes; participation confirmed,0,0,0,0
2026-09-04,2026-09-04,CM,NSE,STK,9862,INE082W01014,WEWIN,EQ,,,,,WE WIN LIMITED,42.0,45.25,40.83,41.91,41.25,42.53,,41.91,,,2680,111994.61,55,F1,1,,,,,,Cash Only,Unclassified,False,42.663333333333334,43.04,42.28666666666667,43.04,42.28666666666667,0.7533333333333303,1.7975025849041526,Wide,Bearish,Below CPR,False,False,0.6333333333333333,60,252790.15,Overlapping,True,Neutral,False,1.8728571428571432,50.1286,48.070100000000004,0.4022374777523502,0.4430339156806545,False,False,No setup,Neutral,0,Not applicable,No directional setup; confirmation score not applicable.,Wide CPR,Wide Downside Watch,Watch,Wide CPR + close below CPR; trend aligned; participation light,0,0,0,0
2026-09-04,2026-09-04,CM,NSE,STK,6711,INE050B01023,IVC,EQ,,,,,IL&FS INVESTMENT MANAGERS,10.84,10.84,10.19,10.24,10.24,10.09,,10.24,,,1022586,10602756.57,1918,F1,1,,,,,,Cash Only,Unclassified,False,10.423333333333334,10.515,10.331666666666667,10.515,10.331666666666667,0.18333333333333357,1.7903645833333357,Wide,Bearish,Below CPR,False,False,0.95,60,1408055.81,Overlapping,True,Neutral,False,0.4650000000000003,8.3878,8.163,0.3942652329749107,7.5300684068765715,True,True,No setup,Neutral,0,Not applicable,No directional setup; confirmation score not applicable.,Wide CPR,Wide Downside Watch,Watch,Wide CPR + close below CPR; trend opposes; participation confirmed,0,0,0,0
2026-09-04,2026-09-04,CM,NSE,STK,18479,INE566K01011,ISFT,EQ,,,,,INTRASOFT TECH. LTD,85.12,86.79,80.8,81.61,82.77,84.79,,81.51,,,132771,11294509.59,1587,F1,1,,,,,,Cash Only,Unclassified,False,83.06666666666666,83.795,82.33833333333332,83.795,82.33833333333332,1.4566666666666777,1.7849119797410582,Wide,Bearish,Below CPR,False,False,0.95,60,1392160.9249999998,Lower,True,Neutral,False,5.658571428571429,81.0284,80.908,0.2574265757805287,8.112933919618525,True,True,No setup,Neutral,0,Not applicable,No directional setup; confirmation score not applicable.,Wide CPR,Wide Downside Watch,Watch,Wide CPR + close below CPR; trend opposes; participation confirmed,0,0,0,0
2026-09-04,2026-09-04,CM,NSE,STK,13376,INE786F01031,UTTAMSUGAR,EQ,,,,,UTTAM SUGAR MILLS LTD.,300.9,302.0,275.3,281.2,281.0,299.0,,281.19,,,383064,109430728.8,8840,F1,1,,,,,,Cash Only,Unclassified,False,286.1666666666667,288.65,283.6833333333334,288.65,283.6833333333334,4.966666666666583,1.7662399241346314,Wide,Bearish,Below CPR,False,False,0.9166666666666666,60,22482988.195,Lower,True,Neutral,False,22.710000000000004,258.5568,251.335,0.21869954498752014,4.86726799173147,True,True,No setup,Neutral,0,Not applicable,No directional setup; confirmation score not applicable.,Wide CPR,Wide Downside Watch,Watch,Wide CPR + close below CPR; trend opposes; participation confirmed,0,0,0,0
2026-09-04,2026-09-04,CM,NSE,STK,762971,INE731F01037,WELSPLSOL,EQ,,,,,WELSPUN SPECIALTY SOL L,56.95,59.95,56.01,59.55,59.85,56.02,,59.55,,,4319775,253749951.0,19334,F1,1,,,,,,Cash Only,Unclassified,False,58.50333333333333,57.980000000000004,59.02666666666666,59.02666666666666,57.980000000000004,1.0466666666666526,1.757626644276495,Wide,Bullish,Above CPR,False,False,0.9,60,31747381.555,Higher,True,Neutral,False,3.1214285714285728,51.8134,,0.3353165522501861,7.992783611473498,True,False,No setup,Neutral,0,Not applicable,No directional setup; confirmation score not applicable.,Wide CPR,Wide Upside Watch,Watch,Wide CPR + close above CPR; trend mixed; participation confirmed,0,0,0,0
2026-09-04,2026-09-04,CM,NSE,STK,758981,INE012Q01039,RNBDENIMS,EQ,,,,,R&B DENIMS LIMITED,10.81,10.81,10.27,10.27,10.27,10.81,,10.27,,,424488,4383747.18,764,F1,1,,,,,,Cash Only,Unclassified,False,10.45,10.54,10.36,10.54,10.36,0.17999999999999972,1.752677702044788,Wide,Bearish,Below CPR,False,False,0.9,60,2273262.7750000004,Lower,True,Neutral,False,0.505,9.527999999999999,46.3346,0.35643564356435586,1.9283943889856723,True,False,No setup,Neutral,0,Not applicable,No directional setup; confirmation score not applicable.,Wide CPR,Wide Downside Watch,Watch,Wide CPR + close below CPR; trend mixed; participation confirmed,0,0,0,0
2026-09-04,2026-09-04,CM,NSE,STK,3316,INE737D01021,MODISONLTD,EQ,,,,,MODISON LIMITED,479.2,494.65,469.95,469.95,469.95,494.65,,469.93,,,412447,196800998.2,6839,F1,1,,,,,,Cash Only,Unclassified,False,478.18333333333334,482.29999999999995,474.0666666666667,482.29999999999995,474.0666666666667,8.233333333333235,1.7519594283079551,Wide,Bearish,Below CPR,False,False,0.8666666666666667,60,6914298.465,Lower,True,Neutral,False,37.80285714285714,191.30919999999998,167.3504,0.21779658881918465,28.46290179635744,True,True,No setup,Neutral,0,Not applicable,No directional setup; confirmation score not applicable.,Wide CPR,Wide Downside Watch,Watch,Wide CPR + close below CPR; trend opposes; participation confirmed,0,0,0,0
2026-09-04,2026-09-04,CM,NSE,STK,3693,INE287Z01012,GAYAHWS,EQ,,,,,GAYATRI HIGHWAYS LIMITED,2.0,2.04,1.92,1.93,1.93,1.96,,1.93,,,206145,402168.63,316,F1,1,,,,,,Cash Only,Unclassified,False,1.9633333333333332,1.98,1.9466666666666663,1.98,1.9466666666666663,0.03333333333333366,1.7271157167530395,Wide,Bearish,Below CPR,False,False,0.9,60,430042.61,Overlapping,True,Neutral,False,0.11857142857142856,1.9404,2.1250999999999998,0.28112449799197065,0.9351832135889977,False,False,No setup,Neutral,0,Not applicable,No directional setup; confirmation score not applicable.,Wide CPR,Wide Downside Watch,Watch,Wide CPR + close below CPR; trend aligned; participation light,0,0,0,0
2026-09-04,2026-09-04,CM,NSE,STK,5265,INE03Q201024,ALIVUS,EQ,,,,,ALIVUS LIFE SCIENCES LTD,1418.9,1446.9,1356.4,1366.3,1369.9,1418.8,,1366.34,,,169642,235034344.1,15579,F1,1,,,,,,Cash Only,Unclassified,False,1389.8666666666668,1401.65,1378.0833333333335,1401.65,1378.0833333333335,23.566666666666606,1.724853009343966,Wide,Bearish,Below CPR,False,False,0.9833333333333333,60,91845028.85,Lower,True,Neutral,False,56.342857142857156,1252.458,1157.3635000000002,0.4182724814063545,2.5590317412154637,True,True,No setup,Neutral,0,Not applicable,No directional setup; confirmation score not applicable.,Wide CPR,Wide Downside Watch,Watch,Wide CPR + close below CPR; trend opposes; participation confirmed,0,0,0,0
2026-09-04,2026-09-04,CM,NSE,STK,13585,INE285H01022,ATLANTAA,EQ,,,,,ATLANTAA LIMITED,41.28,41.28,39.0,39.15,39.29,39.86,,39.15,,,20793,819155.34,370,F1,1,,,,,,Cash Only,Unclassified,False,39.81,40.14,39.480000000000004,40.14,39.480000000000004,0.6599999999999966,1.6858237547892632,Wide,Bearish,Below CPR,False,False,0.9333333333333333,60,1466700.795,Outside,True,Neutral,False,1.8314285714285714,38.5578,40.0258,0.3603744149765972,0.5585020085845116,True,False,No setup,Neutral,0,Not applicable,No directional setup; confirmation score not applicable.,Wide CPR,Wide Downside Watch,Watch,Wide CPR + close below CPR; trend mixed; participation light,0,0,0,0
2026-09-04,2026-09-04,CM,NSE,STK,764563,INE757C01021,ADDIND,EQ,,,,,ADDI INDUSTRIES LTD.,81.55,83.68,79.0,79.34,79.0,76.69,,79.38,,,486,39273.15,34,F1,1,,,,,,Cash Only,Unclassified,False,80.67333333333333,81.34,80.00666666666666,81.34,80.00666666666666,1.3333333333333428,1.68053104781112,Wide,Bearish,Below CPR,False,False,0.7857142857142857,14,48457.29,Inside,False,Neutral,False,,,,,0.8104693844827063,False,False,No setup,Neutral,0,Not applicable,No directional setup; confirmation score not applicable.,Wide CPR,Wide Downside Watch,Watch,Wide CPR + close below CPR; trend aligned; participation light,0,0,0,0
2026-09-04,2026-09-04,CM,NSE,STK,761528,INE0ADB01012,INNOVISION,EQ,,,,,INNOVISION LIMITED,269.0,269.0,253.6,254.9,254.25,255.65,,254.93,,,11734,3015196.9,765,F1,1,,,,,,Cash Only,Unclassified,False,259.1666666666667,261.3,257.03333333333336,261.3,257.03333333333336,4.2666666666666515,1.6738590296848377,Wide,Bearish,Below CPR,False,False,0.9833333333333333,60,4259037.625,Overlapping,True,Neutral,False,11.110714285714282,279.021,294.2405,0.3840137147755264,0.7079526328439045,False,False,No setup,Neutral,0,Not applicable,No directional setup; confirmation score not applicable.,Wide CPR,Wide Downside Watch,Watch,Wide CPR + close below CPR; trend aligned; participation light,0,0,0,0
2026-09-04,2026-09-04,CM,NSE,STK,765130,INE154B01023,MOHITE,EQ,,,,,MOHITE INDUSTRIES LTD.,2.8,2.84,2.6,2.79,2.8,2.8,,2.79,,,133842,367484.0,151,F1,1,,,,,,Cash Only,Unclassified,False,2.7433333333333336,2.7199999999999998,2.7666666666666675,2.7666666666666675,2.7199999999999998,0.046666666666667744,1.6726403823178402,Wide,Bullish,Above CPR,False,False,0.6666666666666666,15,129029.23,Lower,False,Neutral,False,0.2921428571428571,,,0.15973920130399719,2.8480678370319654,False,False,No setup,Neutral,0,Not applicable,No directional setup; confirmation score not applicable.,Wide CPR,Wide Upside Watch,Watch,Wide CPR + close above CPR; trend opposes; participation confirmed,0,0,0,0
2026-09-04,2026-09-04,CM,NSE,STK,6858,INE506Z01015,DHRUV,EQ,,,,,DHRUV CONSULTANCY SER LTD,23.45,23.45,22.29,22.32,22.85,23.45,,22.32,,,7195,162783.44,100,F1,1,,,,,,Cash Only,Unclassified,False,22.686666666666667,22.869999999999997,22.503333333333337,22.869999999999997,22.503333333333337,0.36666666666666003,1.6427718040620969,Wide,Bearish,Below CPR,False,False,0.7833333333333333,60,504491.935,Lower,True,Neutral,False,1.3542857142857139,29.7596,32.021,0.27074542897327225,0.3226680719881082,False,False,No setup,Neutral,0,Not applicable,No directional setup; confirmation score not applicable.,Wide CPR,Wide Downside Watch,Watch,Wide CPR + close below CPR; trend aligned; participation light,0,0,0,0
2026-09-04,2026-09-04,CM,NSE,STK,8024,INE039B01026,CINEVISTA,EQ,,,,,CINEVISTA LIMITED,14.49,14.98,14.2,14.24,14.5,14.19,,14.42,,,2982,43047.91,57,F1,1,,,,,,Cash Only,Unclassified,False,14.473333333333334,14.59,14.35666666666667,14.59,14.35666666666667,0.23333333333333073,1.6385767790261991,Wide,Bearish,Below CPR,False,False,0.95,60,177507.245,Overlapping,True,Neutral,False,0.7242857142857142,15.128,15.376900000000001,0.3221564760026263,0.24251353796854885,False,False,No setup,Neutral,0,Not applicable,No directional setup; confirmation score not applicable.,Wide CPR,Wide Downside Watch,Watch,Wide CPR + close below CPR; trend aligned; participation light,0,0,0,0
2026-09-04,2026-09-04,CM,NSE,STK,13587,INE731H01025,ACE,EQ,,,,,ACTION CONST EQUIP LTD,1148.4,1189.0,1117.1,1125.4,1127.0,1145.5,,1125.47,,,557111,645285823.5,33114,F1,1,,,,,,Cash Only,Capital Goods,True,1143.8333333333333,1153.05,1134.6166666666666,1153.05,1134.6166666666666,18.433333333333394,1.6379361412238664,Wide,Bearish,Below CPR,False,False,0.9666666666666667,60,327601241.5,Overlapping,True,Neutral,False,42.70714285714286,1068.347,989.52,0.4316217873668966,1.9697294813212727,True,True,No setup,Neutral,0,Not applicable,No directional setup; confirmation score not applicable.,Wide CPR,Wide Downside Watch,Watch,Wide CPR + close below CPR; trend opposes; participation confirmed,0,0,0,0
2026-09-04,2026-09-04,CM,NSE,STK,2595,INE105C01023,3PLAND,EQ,,,,,3P LAND HOLDINGS LIMITED,32.3,32.45,30.75,32.39,32.39,32.45,,32.16,,,11543,365106.68,223,F1,1,,,,,,Cash Only,Unclassified,False,31.863333333333333,31.6,32.126666666666665,32.126666666666665,31.6,0.5266666666666637,1.6260162601625925,Wide,Bullish,Above CPR,False,False,0.9333333333333333,60,82685.755,Lower,True,Neutral,False,1.0292857142857144,32.080999999999996,32.679300000000005,0.5116817025213943,4.4155934719347965,True,False,No setup,Neutral,0,Not applicable,No directional setup; confirmation score not applicable.,Wide CPR,Wide Upside Watch,Watch,Wide CPR + close above CPR; trend mixed; participation confirmed,0,0,0,0
2026-09-04,2026-09-04,CM,NSE,STK,762949,INE403F01017,THAKDEV,EQ,,,,,THAKKERS DEVELOPERS LTD.,144.0,144.0,137.0,144.0,144.0,147.0,,147.95,,,33,4682.05,7,F1,1,,,,,,Cash Only,Unclassified,False,141.66666666666666,140.5,142.83333333333331,142.83333333333331,140.5,2.3333333333333144,1.6203703703703571,Wide,Bullish,Above CPR,False,False,0.7166666666666667,60,14178.425,Overlapping,True,Neutral,False,9.397857142857143,140.81,,0.24828354994806112,0.33022356150277626,True,False,No setup,Neutral,0,Not applicable,No directional setup; confirmation score not applicable.,Wide CPR,Wide Upside Watch,Watch,Wide CPR + close above CPR; trend mixed; participation light,0,0,0,0
2026-09-04,2026-09-04,CM,NSE,STK,12749,INE0B1K01014,DJML,EQ,,,,,DJ MEDIAPRINT & LOG LTD,70.71,76.9,70.71,75.64,74.69,70.71,,75.64,,,234263,17534023.77,2757,F1,1,,,,,,Cash Only,Unclassified,False,74.41666666666667,73.805,75.02833333333334,75.02833333333334,73.805,1.2233333333333292,1.617310065221218,Wide,Bullish,Above CPR,False,False,0.8333333333333334,60,41963125.86,Higher,True,Neutral,False,7.8000000000000025,103.3848,97.88029999999999,0.15683760683760625,0.41784360460891556,False,False,No setup,Neutral,0,Not applicable,No directional setup; confirmation score not applicable.,Wide CPR,Wide Upside Watch,Watch,Wide CPR + close above CPR; trend opposes; participation light,0,0,0,0
2026-09-04,2026-09-04,CM,NSE,STK,13557,INE323B01024,AVONMORE,EQ,,,,,AVONMORE CAP&MGT SERV LTD,13.74,13.74,12.93,13.02,13.05,13.12,,13.02,,,310318,4072896.71,722,F1,1,,,,,,Cash Only,Unclassified,False,13.229999999999999,13.335,13.124999999999996,13.335,13.124999999999996,0.2100000000000044,1.6129032258064855,Wide,Bearish,Below CPR,False,False,0.95,60,1871494.12,Outside,True,Neutral,False,0.7135714285714287,11.3028,11.3292,0.2942942942943004,2.1762807942992626,True,True,No setup,Neutral,0,Not applicable,No directional setup; confirmation score not applicable.,Wide CPR,Wide Downside Watch,Watch,Wide CPR + close below CPR; trend opposes; participation confirmed,0,0,0,0
2026-09-04,2026-09-04,CM,NSE,STK,765075,INE299D01022,HAMPTON,EQ,,,,,HAMPTON SKY REALTY LTD.,8.06,8.3,7.8,7.86,8.09,8.1,,7.87,,,9884,79438.87,114,F1,1,,,,,,Cash Only,Unclassified,False,7.986666666666667,8.05,7.923333333333334,8.05,7.923333333333334,0.12666666666666693,1.6115351993214622,Wide,Bearish,Below CPR,False,False,0.6,15,163902.2,Overlapping,False,Neutral,False,0.8592857142857143,,,0.14740925464117513,0.48467238389722644,False,False,No setup,Neutral,0,Not applicable,No directional setup; confirmation score not applicable.,Wide CPR,Wide Downside Watch,Watch,Wide CPR + close below CPR; trend aligned; participation light,0,0,0,0
2026-09-04,2026-09-04,CM,NSE,STK,29731,INE942C01045,GUJTHEM,EQ,,,,,GUJARAT THEMIS BIOSYN LTD,428.7,433.85,408.5,411.35,412.0,425.1,,411.37,,,605159,251461658.8,15623,F1,1,,,,,,Cash Only,Unclassified,False,417.90000000000003,421.175,414.62500000000006,421.175,414.62500000000006,6.5499999999999545,1.5923179773915046,Wide,Bearish,Below CPR,False,False,0.9833333333333333,60,29159547.3,Lower,True,Neutral,False,21.164285714285707,376.941,375.64099999999996,0.3094836314546048,8.623647555735545,True,True,No setup,Neutral,0,Not applicable,No directional setup; confirmation score not applicable.,Wide CPR,Wide Downside Watch,Watch,Wide CPR + close below CPR; trend opposes; participation confirmed,0,0,0,0
2026-09-04,2026-09-04,CM,NSE,STK,9558,INE256Z01025,AKSHAR,EQ,,,,,AKSHAR SPINTEX LIMITED,0.42,0.44,0.42,0.42,0.43,0.42,,0.42,,,1110421,474351.4,300,F1,1,,,,,,Cash Only,Unclassified,False,0.4266666666666667,0.43,0.4233333333333334,0.43,0.4233333333333334,0.006666666666666599,1.5873015873015712,Wide,Bearish,Below CPR,False,False,0.7833333333333333,60,288258.8,Overlapping,True,Neutral,False,0.017857142857142867,0.4194,0.44520000000000004,0.3733333333333293,1.6455747404762666,True,False,No setup,Neutral,0,Not applicable,No directional setup; confirmation score not applicable.,Wide CPR,Wide Downside Watch,Watch,Wide CPR + close below CPR; trend mixed; participation confirmed,0,-1,0,-1
2026-09-04,2026-09-04,CM,NSE,STK,14599,INE0JSX01015,GSLSU,EQ,,,,,GLOBAL SURFACES LIMITED,27.02,28.37,27.02,28.37,28.37,27.02,,28.79,,,31054,867167.25,127,F1,1,,,,,,Cash Only,Unclassified,False,27.92,27.695,28.145000000000003,28.145000000000003,27.695,0.45000000000000284,1.5861825872400523,Wide,Bullish,Above CPR,False,False,0.5666666666666667,60,3764642.455,Higher,True,Neutral,False,1.9800000000000002,31.386,43.1404,0.22727272727272868,0.23034518161167578,False,False,No setup,Neutral,0,Not applicable,No directional setup; confirmation score not applicable.,Wide CPR,Wide Upside Watch,Watch,Wide CPR + close above CPR; trend opposes; participation light,0,0,0,0
2026-09-04,2026-09-04,CM,NSE,STK,765150,INE914G01029,POLYSPIN,EQ,,,,,POLYSPIN EXPORTS LTD.,28.0,29.87,28.0,29.64,29.64,28.35,,28.59,,,1968,55976.43,21,F1,1,,,,,,Cash Only,Unclassified,False,29.17,28.935000000000002,29.405,29.405,28.935000000000002,0.46999999999999886,1.5856950067476345,Wide,Bullish,Above CPR,False,False,0.4666666666666667,15,22443.62,Overlapping,False,Neutral,False,2.781428571428571,,,0.1689779147406262,2.4940909710643826,False,False,No setup,Neutral,0,Not applicable,No directional setup; confirmation score not applicable.,Wide CPR,Wide Upside Watch,Watch,Wide CPR + close above CPR; trend opposes; participation confirmed,0,0,0,0
2026-09-04,2026-09-04,CM,NSE,STK,7529,INE938A01021,LCCINFOTEC,EQ,,,,,LCC INFOTECH LTD,4.07,4.08,3.72,3.81,3.86,3.85,,3.86,,,44787,172107.3,258,F1,1,,,,,,Cash Only,Unclassified,False,3.8700000000000006,3.9000000000000004,3.8400000000000007,3.9000000000000004,3.8400000000000007,0.05999999999999961,1.5748031496062889,Wide,Bearish,Below CPR,False,False,0.7166666666666667,60,205846.05,Outside,True,Neutral,False,0.3814285714285714,4.1452,4.3692,0.15730337078651585,0.8360971706768238,False,False,No setup,Neutral,0,Not applicable,No directional setup; confirmation score not applicable.,Wide CPR,Wide Downside Watch,Watch,Wide CPR + close below CPR; trend aligned; participation light,0,0,0,0
2026-09-04,2026-09-04,CM,NSE,STK,24730,INE642C01025,RUBFILA,EQ,,,,,RUBFILA INTERNATIONAL LTD,66.42,72.0,66.05,70.69,70.75,66.42,,70.69,,,76949,5385090.43,666,F1,1,,,,,,Cash Only,Unclassified,False,69.58,69.025,70.13499999999999,70.13499999999999,69.025,1.1099999999999852,1.5702362427500143,Wide,Bullish,Above CPR,False,False,0.9666666666666667,60,1218806.85,Higher,True,Neutral,False,2.944285714285713,71.1032,72.476,0.37700145560407083,4.418329639351796,False,False,No setup,Neutral,0,Not applicable,No directional setup; confirmation score not applicable.,Wide CPR,Wide Upside Watch,Watch,Wide CPR + close above CPR; trend opposes; participation confirmed,0,0,0,0
2026-09-04,2026-09-04,CM,NSE,STK,14771,INE924H01018,TARMAT,EQ,,,,,TARMAT LIMITED,64.49,64.79,60.55,61.23,60.55,64.49,,61.24,,,36316,2277858.47,623,F1,1,,,,,,Cash Only,Unclassified,False,62.19,62.67,61.709999999999994,62.67,61.709999999999994,0.960000000000008,1.5678588926996702,Wide,Bearish,Below CPR,False,False,0.85,60,680812.6799999999,Lower,True,Neutral,False,4.597857142857145,52.74620000000001,53.465700000000005,0.2087929159546389,3.3457932510892725,True,True,No setup,Neutral,0,Not applicable,No directional setup; confirmation score not applicable.,Wide CPR,Wide Downside Watch,Watch,Wide CPR + close below CPR; trend opposes; participation confirmed,0,0,0,0
2026-09-04,2026-09-04,CM,NSE,STK,765140,INE258R01028,PANORAMA,EQ,,,,,PANORAMA STUDIOS INTL. L,46.0,48.0,44.6,47.41,46.87,45.83,,47.48,,,473879,22283573.07,1614,F1,1,,,,,,Cash Only,Unclassified,False,46.669999999999995,46.3,47.03999999999999,47.03999999999999,46.3,0.7399999999999949,1.5608521408985339,Wide,Bullish,Above CPR,False,False,0.8,15,12186350.04,Higher,False,Neutral,False,3.3921428571428565,,,0.21815118972415098,1.8285682749024335,False,False,No setup,Neutral,0,Not applicable,No directional setup; confirmation score not applicable.,Wide CPR,Wide Upside Watch,Watch,Wide CPR + close above CPR; trend opposes; participation confirmed,0,0,0,0
2026-09-04,2026-09-04,CM,NSE,STK,781,INE495A01022,DALMIASUG,EQ,,,,,DALMIA BHARAT SUG IN LTD,460.95,462.5,435.05,438.55,439.0,461.05,,438.54,,,342704,151924209.35,8816,F1,1,,,,,,Cash Only,Unclassified,False,445.3666666666666,448.775,441.95833333333326,448.775,441.95833333333326,6.81666666666672,1.5543647626648545,Wide,Bearish,Below CPR,False,False,0.8833333333333333,60,77880057.82499999,Lower,True,Neutral,False,29.628571428571423,401.587,379.093,0.23007071681131652,1.950745975194068,True,True,No setup,Neutral,0,Not applicable,No directional setup; confirmation score not applicable.,Wide CPR,Wide Downside Watch,Watch,Wide CPR + close below CPR; trend opposes; participation confirmed,0,0,0,0
2026-09-04,2026-09-04,CM,NSE,STK,21017,INE360L01017,FMNL,EQ,,,,,FUTURE MKT NETWORKS LTD,9.81,10.1,9.63,10.1,10.1,9.62,,10.13,,,18463,182286.74,90,F1,1,,,,,,Cash Only,Unclassified,False,9.943333333333333,9.865,10.021666666666667,10.021666666666667,9.865,0.1566666666666663,1.5511551155115475,Wide,Bullish,Above CPR,False,False,0.5,60,465843.36,Higher,True,Neutral,False,0.8542857142857146,9.3262,8.7628,0.183389074693422,0.39130479395477485,True,True,No setup,Neutral,0,Not applicable,No directional setup; confirmation score not applicable.,Wide CPR,Wide Upside Watch,Watch,Wide CPR + close above CPR; trend aligned; participation light,0,0,0,0
2026-09-04,2026-09-04,CM,NSE,STK,10661,INE838E01017,PONNIERODE,EQ,,,,,PONNIE SUGARS (ERODE) LTD,402.9,402.9,379.6,382.45,383.4,398.65,,382.45,,,31436,12169613.7,1966,F1,1,,,,,,Cash Only,Unclassified,False,388.31666666666666,391.25,385.3833333333333,391.25,385.3833333333333,5.866666666666674,1.5339695820804482,Wide,Bearish,Below CPR,False,False,0.9166666666666666,60,4812713.125,Lower,True,Neutral,False,27.817857142857143,342.14799999999997,325.885,0.21089570762186016,2.5286389161207277,True,True,No setup,Neutral,0,Not applicable,No directional setup; confirmation score not applicable.,Wide CPR,Wide Downside Watch,Watch,Wide CPR + close below CPR; trend opposes; participation confirmed,0,0,0,0
2026-09-04,2026-09-04,CM,NSE,STK,6568,INE801V01019,LAXMICOT,EQ,,,,,LAXMI COTSPIN LIMITED,12.58,14.25,12.58,13.73,13.98,12.71,,13.73,,,72640,992845.73,401,F1,1,,,,,,Cash Only,Unclassified,False,13.520000000000001,13.415,13.625000000000004,13.625000000000004,13.415,0.2100000000000044,1.529497450837614,Wide,Bullish,Above CPR,False,False,0.7666666666666667,60,162538.945,Higher,True,Neutral,False,1.0785714285714285,14.240599999999999,14.7476,0.194701986754971,6.108355938941279,False,False,No setup,Neutral,0,Not applicable,No directional setup; confirmation score not applicable.,Wide CPR,Wide Upside Watch,Watch,Wide CPR + close above CPR; trend opposes; participation confirmed,0,0,0,0
2026-09-04,2026-09-04,CM,NSE,STK,13580,INE855R01021,RADIANTCMS,EQ,,,,,RADIANT CASH MGMT SER LTD,40.22,45.25,40.22,41.78,42.19,39.87,,41.73,,,1713450,73368366.51,7743,F1,1,,,,,,Cash Only,Unclassified,False,42.416666666666664,42.735,42.09833333333333,42.735,42.09833333333333,0.6366666666666703,1.5238551140896845,Wide,Bearish,Below CPR,False,False,0.9333333333333333,60,4990036.515000001,Higher,True,Neutral,False,2.0635714285714295,37.8702,39.327999999999996,0.3085265951309581,14.702971869936306,True,True,No setup,Neutral,0,Not applicable,No directional setup; confirmation score not applicable.,Wide CPR,Wide Downside Watch,Watch,Wide CPR + close below CPR; trend opposes; participation confirmed,0,0,0,0
2026-09-04,2026-09-04,CM,NSE,STK,761330,INE757T01025,AEPL,EQ,,,,,ARTEMIS ELECTRICALS & P L,16.81,18.2,16.0,17.5,17.31,17.09,,17.5,,,170886,2989103.37,888,F1,1,,,,,,Cash Only,Unclassified,False,17.233333333333334,17.1,17.366666666666667,17.366666666666667,17.1,0.2666666666666657,1.5238095238095184,Wide,Bullish,Above CPR,False,False,0.8833333333333333,60,235653.76,Higher,True,Neutral,False,1.2014285714285715,15.6296,,0.22195798652397858,12.684301621158092,True,False,No setup,Neutral,0,Not applicable,No directional setup; confirmation score not applicable.,Wide CPR,Wide Upside Watch,Watch,Wide CPR + close above CPR; trend mixed; participation confirmed,0,0,0,0
2026-09-04,2026-09-04,CM,NSE,STK,29590,INE03CC01015,JUBLCPL,EQ,,,,,JUBILANT AGRI N CON PRO L,2329.1,2342.6,2203.5,2222.6,2234.1,2304.8,,2223.87,,,7185,16309967.4,1167,F1,1,,,,,,Cash Only,Unclassified,False,2256.2333333333336,2273.05,2239.416666666667,2273.05,2239.416666666667,33.63333333333321,1.51324274873271,Wide,Bearish,Below CPR,False,False,0.85,60,10520191.2,Lower,True,Neutral,False,137.02857142857152,2048.554,1930.632,0.24544759521823636,1.5503489518327387,True,True,No setup,Neutral,0,Not applicable,No directional setup; confirmation score not applicable.,Wide CPR,Wide Downside Watch,Watch,Wide CPR + close below CPR; trend opposes; participation confirmed,0,0,0,0
2026-09-04,2026-09-04,CM,NSE,STK,1782,INE694E01014,KANPRPLA,EQ,,,,,KANPUR PLASTIPACK LIMITED,263.8,263.8,247.9,250.2,247.95,256.4,,250.2,,,11967,3039451.9,795,F1,1,,,,,,Cash Only,Unclassified,False,253.9666666666667,255.85000000000002,252.08333333333337,255.85000000000002,252.08333333333337,3.7666666666666515,1.5054622968291973,Wide,Bearish,Below CPR,False,False,0.7833333333333333,60,3524037.0549999997,Lower,True,Neutral,False,17.262142857142848,224.2666,211.9436,0.21820388684293934,0.8624914700279734,True,True,No setup,Neutral,0,Not applicable,No directional setup; confirmation score not applicable.,Wide CPR,Wide Downside Watch,Watch,Wide CPR + close below CPR; trend opposes; participation light,0,0,0,0
2026-09-04,2026-09-04,CM,NSE,STK,14667,INE157H01023,KMSUGAR,EQ,,,,,K M SUGAR MILLS LTD,32.0,32.33,30.4,30.68,30.55,32.0,,30.68,,,302618,9334203.42,1900,F1,1,,,,,,Cash Only,Unclassified,False,31.136666666666667,31.365,30.908333333333335,31.365,30.908333333333335,0.45666666666666345,1.4884832681442746,Wide,Bearish,Below CPR,False,False,0.9,60,3861496.965,Lower,True,Neutral,False,2.2685714285714287,29.0698,28.574900000000003,0.20130142737195492,2.4172499692745455,True,True,No setup,Neutral,0,Not applicable,No directional setup; confirmation score not applicable.,Wide CPR,Wide Downside Watch,Watch,Wide CPR + close below CPR; trend opposes; participation confirmed,0,0,0,0
2026-09-04,2026-09-04,CM,NSE,STK,1547,INE786W01010,RKEC,EQ,,,,,RKEC PROJECTS LIMITED,21.67,22.59,19.9,21.73,21.5,21.64,,21.73,,,65608,1397043.94,431,F1,1,,,,,,Cash Only,Unclassified,False,21.406666666666666,21.244999999999997,21.568333333333335,21.568333333333335,21.244999999999997,0.3233333333333377,1.4879582758091932,Wide,Bullish,Above CPR,False,False,0.6666666666666666,60,768899.03,Lower,True,Neutral,False,1.9614285714285713,25.4402,29.1019,0.16484583636805272,1.8169406976622144,False,False,No setup,Neutral,0,Not applicable,No directional setup; confirmation score not applicable.,Wide CPR,Wide Upside Watch,Watch,Wide CPR + close above CPR; trend opposes; participation confirmed,0,0,0,0
2026-09-04,2026-09-04,CM,NSE,STK,13750,INE09N301011,FLUOROCHEM,EQ,,,,,GUJARAT FLUOROCHEM LTD,4839.3,4850.0,4461.1,4554.0,4565.0,4694.6,,4553.98,,,473510,2186635509.1,77614,F1,1,,,,,,Cash Only,Chemicals,True,4621.7,4655.55,4587.849999999999,4655.55,4587.849999999999,67.70000000000073,1.486605182257372,Wide,Bearish,Below CPR,False,False,0.9666666666666667,60,542682239.7,Lower,True,Neutral,False,138.91428571428554,4406.178000000001,4021.962,0.4873508844097138,4.029310983732936,True,True,No setup,Neutral,0,Not applicable,No directional setup; confirmation score not applicable.,Wide CPR,Wide Downside Watch,Watch,Wide CPR + close below CPR; trend opposes; participation confirmed,0,0,0,0
2026-09-04,2026-09-04,CM,NSE,STK,762608,INE00HZ01011,BNAGROCHEM,EQ,,,,,BN AGROCHEM LTD.,226.28,227.69,215.4,216.73,215.5,226.73,,216.16,,,1260,283171.03,107,F1,1,,,,,,Cash Only,Unclassified,False,219.94000000000003,221.54500000000002,218.33500000000004,221.54500000000002,218.33500000000004,3.2099999999999795,1.4811055230009595,Wide,Bearish,Below CPR,False,False,0.7692307692307693,39,468660.99,Lower,True,Neutral,False,12.33785714285714,,,0.2601748393446403,0.6042129301182076,False,False,No setup,Neutral,0,Not applicable,No directional setup; confirmation score not applicable.,Wide CPR,Wide Downside Watch,Watch,Wide CPR + close below CPR; trend aligned; participation light,0,0,0,0
2026-09-04,2026-09-04,CM,NSE,STK,764643,INE084D01010,CGVAK,EQ,,,,,C G V A K SOFTWARE & EX L,155.0,155.0,148.0,148.21,148.2,148.01,,148.18,,,1852,275043.86,41,F1,1,,,,,,Cash Only,Unclassified,False,150.40333333333334,151.5,149.30666666666667,151.5,149.30666666666667,2.193333333333328,1.4798821492027043,Wide,Bearish,Below CPR,False,False,0.7333333333333333,15,309873.64,Overlapping,False,Neutral,False,8.934285714285712,,,0.24549621575524944,0.8876000552999602,False,False,No setup,Neutral,0,Not applicable,No directional setup; confirmation score not applicable.,Wide CPR,Wide Downside Watch,Watch,Wide CPR + close below CPR; trend aligned; participation light,0,0,0,0
2026-09-04,2026-09-04,CM,NSE,STK,7463,INE824Q01011,MANAKSTEEL,EQ,,,,,MANAKSIA STEELS LTD,109.0,113.0,106.35,107.3,107.5,111.91,,107.31,,,171136,18635112.7,1885,F1,1,,,,,,Cash Only,Unclassified,False,108.88333333333333,109.675,108.09166666666665,109.675,108.09166666666665,1.5833333333333428,1.4756135445790706,Wide,Bearish,Below CPR,False,False,0.7166666666666667,60,3854492.16,Lower,True,Neutral,False,4.536428571428571,75.6654,67.3935,0.34902640004199026,4.834647970849679,True,True,No setup,Neutral,0,Not applicable,No directional setup; confirmation score not applicable.,Wide CPR,Wide Downside Watch,Watch,Wide CPR + close below CPR; trend opposes; participation confirmed,0,0,0,0
2026-09-04,2026-09-04,CM,NSE,STK,18727,INE885F01015,MASKINVEST,EQ,,,,,MASK INVESTMENTS LIMITED,140.0,150.72,140.0,148.64,146.15,143.55,,148.64,,,22,3239.78,7,F1,1,,,,,,Cash Only,Unclassified,False,146.45333333333335,145.36,147.54666666666668,147.54666666666668,145.36,2.1866666666666674,1.4711158952278443,Wide,Bullish,Above CPR,False,False,0.65,60,24798.644999999997,Higher,True,Neutral,False,5.239285714285714,140.5686,147.8184,0.4173596909793231,0.1306434283002156,True,True,No setup,Neutral,0,Not applicable,No directional setup; confirmation score not applicable.,Wide CPR,Wide Upside Watch,Watch,Wide CPR + close above CPR; trend aligned; participation light,0,0,0,0
2026-09-04,2026-09-04,CM,NSE,STK,29087,INE0LRY01011,QUADFUTURE,EQ,,,,,QUADRANT FUTURE TEK LTD,427.0,439.0,415.1,417.9,420.95,425.6,,417.94,,,294130,124379673.25,7422,F1,1,,,,,,Cash Only,Unclassified,False,424.0,427.05,420.95,427.05,420.95,6.100000000000023,1.459679349126591,Wide,Bearish,Below CPR,False,False,0.8333333333333334,60,128757213.375,Overlapping,True,Neutral,False,26.925,396.35799999999995,364.18800000000005,0.22655524605385413,0.9660015931515185,True,True,No setup,Neutral,0,Not applicable,No directional setup; confirmation score not applicable.,Wide CPR,Wide Downside Watch,Watch,Wide CPR + close below CPR; trend opposes; participation light,0,0,0,0
2026-09-04,2026-09-04,CM,NSE,STK,13941,INE505C01016,PRAENG,EQ,,,,,PRAJAY ENG. SYN. LTD.,25.49,26.1,24.36,24.69,24.63,25.75,,24.61,,,154995,3901465.0,492,F1,1,,,,,,Cash Only,Unclassified,False,25.05,25.23,24.87,25.23,24.87,0.35999999999999943,1.4580801944106903,Wide,Bearish,Below CPR,False,False,0.9,60,746505.325,Lower,True,Neutral,False,1.42,20.4314,21.245699999999996,0.253521126760563,5.226305652943601,True,True,No setup,Neutral,0,Not applicable,No directional setup; confirmation score not applicable.,Wide CPR,Wide Downside Watch,Watch,Wide CPR + close below CPR; trend opposes; participation confirmed,0,0,0,0
2026-09-04,2026-09-04,CM,NSE,STK,2809,INE562B01019,RAJSREESUG,EQ,,,,,RAJSHREE SUGAR & CHEMICAL,37.14,37.14,35.35,35.47,35.55,36.43,,35.47,,,29765,1063398.44,461,F1,1,,,,,,Cash Only,Unclassified,False,35.98666666666667,36.245000000000005,35.72833333333334,36.245000000000005,35.72833333333334,0.5166666666666657,1.4566300159759396,Wide,Bearish,Below CPR,False,False,0.9,60,1069291.45,Overlapping,True,Neutral,False,2.6557142857142852,32.772000000000006,33.45419999999999,0.19454904070288653,0.9944888645654092,True,True,No setup,Neutral,0,Not applicable,No directional setup; confirmation score not applicable.,Wide CPR,Wide Downside Watch,Watch,Wide CPR + close below CPR; trend opposes; participation light,0,0,0,0
2026-09-04,2026-09-04,CM,NSE,STK,16657,INE087B01017,ANIKINDS,EQ,,,,,ANIK INDUSTRIES LTD,45.2,46.95,45.0,45.0,45.6,44.99,,45.0,,,2038,92546.22,35,F1,1,,,,,,Cash Only,Unclassified,False,45.65,45.975,45.324999999999996,45.975,45.324999999999996,0.6500000000000057,1.444444444444457,Wide,Bearish,Below CPR,False,False,0.6833333333333333,60,449523.88,Overlapping,True,Neutral,False,2.571428571428572,42.0574,44.6115,0.25277777777777993,0.20587609272281598,True,True,No setup,Neutral,0,Not applicable,No directional setup; confirmation score not applicable.,Wide CPR,Wide Downside Watch,Watch,Wide CPR + close below CPR; trend opposes; participation light,0,-2,0,-2
2026-09-04,2026-09-04,CM,NSE,STK,1156,INE540A01017,GLFL,EQ,,,,,GUJARAT LEASE FINANCING L,5.64,5.8,5.55,5.8,5.8,5.66,,5.8,,,4293,24874.6,17,F1,1,,,,,,Cash Only,Unclassified,False,5.716666666666666,5.675,5.758333333333332,5.758333333333332,5.675,0.08333333333333215,1.436781609195382,Wide,Bullish,Above CPR,False,False,0.6833333333333333,60,40341.435,Overlapping,True,Neutral,False,0.3721428571428573,6.0822,,0.22392834293025907,0.6166017644141811,False,False,No setup,Neutral,0,Not applicable,No directional setup; confirmation score not applicable.,Wide CPR,Wide Upside Watch,Watch,Wide CPR + close above CPR; trend opposes; participation light,0,0,0,0
2026-09-04,2026-09-04,CM,NSE,STK,762695,INE926B01016,GRANDOAK,EQ,,,,,GRAND OAK CANYONS DIST L,35.85,36.7,34.48,34.84,36.4,34.98,,35.71,,,4351,153815.07,320,F1,1,,,,,,Cash Only,Unclassified,False,35.34,35.59,35.09,35.59,35.09,0.5,1.4351320321469574,Wide,Bearish,Below CPR,False,False,0.5666666666666667,60,393082.9,Higher,True,Neutral,False,2.2764285714285726,40.185,,0.21964229683087533,0.39130440423635826,False,False,No setup,Neutral,0,Not applicable,No directional setup; confirmation score not applicable.,Wide CPR,Wide Downside Watch,Watch,Wide CPR + close below CPR; trend aligned; participation light,0,0,0,0
2026-09-04,2026-09-04,CM,NSE,STK,1204,INE546Y01022,PRAXIS,EQ,,,,,PRAXIS HOME RETAIL LTD,4.46,4.65,4.45,4.65,4.65,4.43,,4.68,,,292373,1346001.15,210,F1,1,,,,,,Cash Only,Unclassified,False,4.583333333333334,4.550000000000001,4.616666666666667,4.616666666666667,4.550000000000001,0.06666666666666643,1.4336917562723963,Wide,Bullish,Above CPR,False,False,0.5833333333333334,60,965312.5549999999,Higher,True,Neutral,False,0.30642857142857155,6.314,7.040900000000001,0.2175602175602167,1.3943682209748116,False,False,No setup,Neutral,0,Not applicable,No directional setup; confirmation score not applicable.,Wide CPR,Wide Upside Watch,Watch,Wide CPR + close above CPR; trend opposes; participation confirmed,0,0,0,0
2026-09-04,2026-09-04,CM,NSE,STK,29711,INE0SII01026,QPOWER,EQ,,,,,QUALITY POWER ELEC EQUP L,1435.0,1495.3,1431.2,1495.3,1495.3,1424.1,,1495.29,,,228191,338343853.2,13078,F1,1,,,,,,Cash Only,Unclassified,False,1473.9333333333334,1463.25,1484.6166666666668,1484.6166666666668,1463.25,21.366666666666788,1.4289217325397439,Wide,Bullish,Above CPR,False,False,0.8,60,876490697.9,Higher,True,Neutral,False,62.82142857142857,1238.263,1011.3985,0.34011749099867544,0.38602104279103494,True,True,No setup,Neutral,0,Not applicable,No directional setup; confirmation score not applicable.,Wide CPR,Wide Upside Watch,Watch,Wide CPR + close above CPR; trend aligned; participation light,0,0,0,0
2026-09-04,2026-09-04,CM,NSE,STK,5186,INE239C01020,STYLAMIND,EQ,,,,,STYLAM INDUSTRIES LIMITED,3272.4,3400.0,3230.1,3387.4,3399.9,3240.9,,3387.62,,,65092,218070442.9,11811,F1,1,,,,,,Cash Only,Unclassified,False,3339.1666666666665,3315.05,3363.283333333333,3363.283333333333,3315.05,48.233333333332666,1.4239042726968374,Wide,Bullish,Above CPR,False,False,0.9,60,102375828.15,Higher,True,Neutral,False,124.8285714285715,3416.262,3075.1760000000004,0.3863965819790896,2.13009698520324,False,True,No setup,Neutral,0,Not applicable,No directional setup; confirmation score not applicable.,Wide CPR,Wide Upside Watch,Watch,Wide CPR + close above CPR; trend mixed; participation confirmed,0,0,0,0
2026-09-04,2026-09-04,CM,NSE,STK,15283,INE634I01029,KNRCON,EQ,,,,,KNR CONSTRU LTD.,119.8,125.95,118.05,124.66,124.79,119.27,,124.66,,,2626704,321938154.27,22699,F1,1,,,,,,Cash Only,Unclassified,False,122.88666666666666,122.0,123.77333333333331,123.77333333333331,122.0,1.7733333333333121,1.4225359644900628,Wide,Bullish,Above CPR,False,False,0.9166666666666666,60,115292913.26,Higher,True,Neutral,False,4.655000000000001,127.2132,128.0647,0.3809523809523763,2.7923498952965913,False,False,No setup,Neutral,0,Not applicable,No directional setup; confirmation score not applicable.,Wide CPR,Wide Upside Watch,Watch,Wide CPR + close above CPR; trend opposes; participation confirmed,0,0,0,0
2026-09-04,2026-09-04,CM,NSE,STK,764965,INE551B01012,UDAYJEW,EQ,,,,,UDAY JEWELLERY INDS. LTD.,143.0,143.2,136.7,143.0,143.0,138.14,,141.92,,,3159,448973.81,110,F1,1,,,,,,Cash Only,Unclassified,False,140.96666666666667,139.95,141.98333333333335,141.98333333333335,139.95,2.03333333333336,1.4219114219114406,Wide,Bullish,Above CPR,False,False,0.7333333333333333,15,421591.79,Overlapping,False,Neutral,False,10.350000000000003,,,0.196457326892112,1.0649491300577747,False,False,No setup,Neutral,0,Not applicable,No directional setup; confirmation score not applicable.,Wide CPR,Wide Upside Watch,Watch,Wide CPR + close above CPR; trend opposes; participation confirmed,0,0,0,0
2026-09-04,2026-09-04,CM,NSE,STK,154,INE116A01032,APCOTEXIND,EQ,,,,,APCOTEX INDUSTRIES LIMITE,658.0,665.0,632.7,635.5,634.0,650.4,,635.51,,,172649,111377373.6,8268,F1,1,,,,,,Cash Only,Unclassified,False,644.4,648.85,639.9499999999999,648.85,639.9499999999999,8.900000000000091,1.4004720692368358,Wide,Bearish,Below CPR,False,False,0.8666666666666667,60,69784282.475,Outside,True,Neutral,False,22.210714285714282,582.9490000000001,529.7825,0.4007075092458636,1.5960237699642552,True,True,No setup,Neutral,0,Not applicable,No directional setup; confirmation score not applicable.,Wide CPR,Wide Downside Watch,Watch,Wide CPR + close below CPR; trend opposes; participation confirmed,0,0,0,0
2026-09-04,2026-09-04,CM,NSE,STK,765020,INE030C01015,ANSALBU,EQ,,,,,ANSAL BUILDWELL LTD.,75.0,83.0,75.0,80.68,83.0,76.35,,80.76,,,905,71967.57,13,F1,1,,,,,,Cash Only,Unclassified,False,79.56,79.0,80.12,80.12,79.0,1.1200000000000045,1.3882002974714978,Wide,Bullish,Above CPR,False,False,0.6428571428571429,14,66601.42,Higher,False,Neutral,False,,,,,1.0805711049404052,False,False,No setup,Neutral,0,Not applicable,No directional setup; confirmation score not applicable.,Wide CPR,Wide Upside Watch,Watch,Wide CPR + close above CPR; trend opposes; participation confirmed,0,0,0,0
2026-09-04,2026-09-04,CM,NSE,STK,13598,INE818A01017,ANTELOPUS,EQ,,,,,ANTELOPUS SELAN ENRGY LTD,1001.0,1028.8,925.2,957.15,949.0,1013.3,,957.62,,,4816181,4805165352.5,130208,F1,1,,,,,,Cash Only,Unclassified,False,970.3833333333333,977.0,963.7666666666667,977.0,963.7666666666667,13.233333333333348,1.382576746939701,Wide,Bearish,Below CPR,False,False,0.8,60,101239178.95,Lower,True,Neutral,False,50.432142857142836,829.273,785.7035,0.2623987913981545,47.46349587518064,True,True,No setup,Neutral,0,Not applicable,No directional setup; confirmation score not applicable.,Wide CPR,Wide Downside Watch,Watch,Wide CPR + close below CPR; trend opposes; participation confirmed,0,0,0,0
2026-09-04,2026-09-04,CM,NSE,STK,764850,INE0AK901016,RRECL,EQ,,,,,RDB REAL ESTATE CONS L,138.0,138.0,129.99,136.83,136.83,138.37,,136.83,,,309,40537.45,12,F1,1,,,,,,Cash Only,Unclassified,False,134.94000000000003,133.995,135.88500000000005,135.88500000000005,133.995,1.8900000000000432,1.3812760359570584,Wide,Bullish,Above CPR,False,False,0.35714285714285715,14,71696.225,Lower,False,Neutral,False,,,,,0.565405640255118,False,False,No setup,Neutral,0,Not applicable,No directional setup; confirmation score not applicable.,Wide CPR,Wide Upside Watch,Watch,Wide CPR + close above CPR; trend opposes; participation light,0,0,0,0
2026-09-04,2026-09-04,CM,NSE,STK,761056,INE0B9A01018,BONLON,EQ,,,,,BONLON INDUSTRIES LIMITED,40.74,41.87,40.05,40.13,40.06,40.66,,40.14,,,3268,132078.08,99,F1,1,,,,,,Cash Only,Unclassified,False,40.68333333333333,40.959999999999994,40.406666666666666,40.959999999999994,40.406666666666666,0.5533333333333275,1.3788520641249125,Wide,Bearish,Below CPR,False,False,0.7666666666666667,60,260380.645,Overlapping,True,Neutral,False,2.7471428571428573,41.238,44.2218,0.20142139018893873,0.5072499916420439,False,False,No setup,Neutral,0,Not applicable,No directional setup; confirmation score not applicable.,Wide CPR,Wide Downside Watch,Watch,Wide CPR + close below CPR; trend aligned; participation light,0,0,0,0
2026-09-04,2026-09-04,CM,NSE,STK,857,INE041A01016,DHAMPURSUG,EQ,,,,,DHAMPUR SUGAR MILLS LTD.,176.45,176.45,165.63,167.59,167.4,177.05,,167.59,,,832821,140824914.24,11069,F1,1,,,,,,Cash Only,Unclassified,False,169.89,171.04,168.73999999999998,171.04,168.73999999999998,2.3000000000000114,1.372396921057349,Wide,Bearish,Below CPR,False,False,0.9333333333333333,60,43562222.535,Lower,True,Neutral,False,11.705714285714283,154.7194,149.8322,0.19648523309738936,3.2327302429726688,True,True,No setup,Neutral,0,Not applicable,No directional setup; confirmation score not applicable.,Wide CPR,Wide Downside Watch,Watch,Wide CPR + close below CPR; trend opposes; participation confirmed,0,0,0,0
2026-09-04,2026-09-04,CM,NSE,STK,14607,INE797H01018,TGBHOTELS,EQ,,,,,TGB BANQUETS&HOTELS LTD,10.0,10.0,9.35,9.48,9.5,9.69,,9.48,,,24575,233202.48,150,F1,1,,,,,,Cash Only,Unclassified,False,9.610000000000001,9.675,9.545000000000002,9.675,9.545000000000002,0.129999999999999,1.3713080168776266,Wide,Bearish,Below CPR,False,False,0.8166666666666667,60,150071.72,Outside,True,Neutral,False,0.6778571428571428,9.1736,9.2455,0.19178082191780677,1.5539402093878847,True,True,No setup,Neutral,0,Not applicable,No directional setup; confirmation score not applicable.,Wide CPR,Wide Downside Watch,Watch,Wide CPR + close below CPR; trend opposes; participation confirmed,0,0,0,0
2026-09-04,2026-09-04,CM,NSE,STK,15184,INE791I01019,BRIGADE,EQ,,,,,BRIGADE ENTER. LTD,714.0,735.0,685.8,696.1,693.0,712.3,,696.1,,,1980508,1402448960.65,67648,F1,1,,,,,,Cash Only,Realty,True,705.6333333333333,710.4,700.8666666666667,710.4,700.8666666666667,9.533333333333303,1.3695350284920704,Wide,Bearish,Below CPR,False,False,0.9,60,280267642.075,Overlapping,True,Neutral,False,31.067857142857154,581.303,636.0555,0.30685519408361006,5.003963177007437,True,True,No setup,Neutral,0,Not applicable,No directional setup; confirmation score not applicable.,Wide CPR,Wide Downside Watch,Watch,Wide CPR + close below CPR; trend opposes; participation confirmed,0,0,0,0
2026-09-04,2026-09-04,CM,NSE,STK,15840,INE262Z01023,LATTEYS,EQ,,,,,LATTEYS INDUSTRIES LTD,21.49,21.49,20.35,20.5,20.51,20.98,,20.5,,,44829,928083.23,245,F1,1,,,,,,Cash Only,Unclassified,False,20.78,20.92,20.64,20.92,20.64,0.28000000000000114,1.365853658536591,Wide,Bearish,Below CPR,False,False,0.6833333333333333,60,1097561.795,Lower,True,Neutral,False,1.2000000000000004,21.4888,21.9904,0.2333333333333342,0.8455863116117303,False,False,No setup,Neutral,0,Not applicable,No directional setup; confirmation score not applicable.,Wide CPR,Wide Downside Watch,Watch,Wide CPR + close below CPR; trend aligned; participation light,0,0,0,0
2026-09-04,2026-09-04,CM,NSE,STK,19813,INE0J5401028,HONASA,EQ,,,,,HONASA CONSUMER LIMITED,480.25,492.6,468.8,471.05,470.0,477.05,,471.04,,,996548,477488987.9,24279,F1,1,,,,,,Cash Only,Fast Moving Consumer Goods,True,477.48333333333335,480.70000000000005,474.26666666666665,480.70000000000005,474.26666666666665,6.433333333333394,1.3657431978204848,Wide,Bearish,Below CPR,False,False,0.9666666666666667,60,409685315.05,Outside,True,Neutral,False,15.34285714285714,468.07,422.83349999999996,0.4193047796399792,1.1655018385067692,True,True,No setup,Neutral,0,Not applicable,No directional setup; confirmation score not applicable.,Wide CPR,Wide Downside Watch,Watch,Wide CPR + close below CPR; trend opposes; participation confirmed,0,0,0,0
2026-09-04,2026-09-04,CM,NSE,STK,761420,INE638A01035,SINGERIND,EQ,,,,,SINGER INDIA LIMITED,76.63,81.99,75.12,76.98,77.5,75.88,,76.97,,,170692,13378394.19,2126,F1,1,,,,,,Cash Only,Unclassified,False,78.03000000000002,78.555,77.50500000000002,78.555,77.50500000000002,1.049999999999983,1.363990646921256,Wide,Bearish,Below CPR,False,False,0.8333333333333334,60,3656257.8099999996,Higher,True,Neutral,False,4.564285714285714,72.008,71.8321,0.23004694835680378,3.659040167629755,True,True,No setup,Neutral,0,Not applicable,No directional setup; confirmation score not applicable.,Wide CPR,Wide Downside Watch,Watch,Wide CPR + close below CPR; trend opposes; participation confirmed,0,-2,0,-2
2026-09-04,2026-09-04,CM,NSE,STK,40,INE208C01025,AEGISLOG,EQ,,,,,AEGIS LOGISTICS LIMITED,1288.1,1327.3,1265.0,1270.2,1270.0,1287.2,,1270.21,,,665965,861114864.4,35153,F1,1,,,,,,Cash Only,Oil Gas & Consumable Fuels,True,1287.5,1296.15,1278.85,1296.15,1278.85,17.300000000000182,1.3619902377578477,Wide,Bearish,Below CPR,False,False,0.7833333333333333,60,1841548850.8,Overlapping,True,Neutral,False,61.89285714285719,1307.6689999999999,1046.1970000000001,0.27951529140219544,0.4676035957590357,False,True,No setup,Neutral,0,Not applicable,No directional setup; confirmation score not applicable.,Wide CPR,Wide Downside Watch,Watch,Wide CPR + close below CPR; trend mixed; participation light,0,0,0,0
2026-09-04,2026-09-04,CM,NSE,STK,7780,INE977Y01011,BCONCEPTS,EQ,,,,,BRAND CONCEPTS LIMITED,166.0,176.43,165.0,167.33,170.55,165.43,,167.33,,,11790,2006386.4,613,F1,1,,,,,,Cash Only,Unclassified,False,169.58666666666667,170.715,168.45833333333334,170.715,168.45833333333334,2.2566666666666606,1.3486324428773444,Wide,Bearish,Below CPR,False,False,0.8,60,2550783.1550000003,Higher,True,Neutral,False,8.845,180.6598,197.56519999999998,0.25513472771810747,0.7865766229744448,False,False,No setup,Neutral,0,Not applicable,No directional setup; confirmation score not applicable.,Wide CPR,Wide Downside Watch,Watch,Wide CPR + close below CPR; trend aligned; participation light,0,0,0,0
2026-09-04,2026-09-04,CM,NSE,STK,14942,INE245I01016,NAGREEKCAP,EQ,,,,,NAGREEKA CAP & INFR.LTD,22.87,23.34,22.22,23.25,23.34,22.87,,23.25,,,2918,66232.31,88,F1,1,,,,,,Cash Only,Unclassified,False,22.936666666666667,22.78,23.093333333333334,23.093333333333334,22.78,0.3133333333333326,1.347670250896054,Wide,Bullish,Above CPR,False,False,0.6166666666666667,60,126374.68000000001,Overlapping,True,Neutral,False,1.3842857142857137,24.1934,25.6543,0.22635018919848596,0.5240947791123981,False,False,No setup,Neutral,0,Not applicable,No directional setup; confirmation score not applicable.,Wide CPR,Wide Upside Watch,Watch,Wide CPR + close above CPR; trend opposes; participation light,0,0,0,0
2026-09-04,2026-09-04,CM,NSE,STK,1315,INE600K01018,GALAXYSURF,EQ,,,,,GALAXY SURFACTANTS LTD,2251.6,2273.9,2143.5,2165.0,2172.5,2251.6,,2164.95,,,43774,95516434.0,8192,F1,1,,,,,,Cash Only,Unclassified,False,2194.133333333333,2208.7,2179.5666666666666,2208.7,2179.5666666666666,29.133333333333212,1.345650500384906,Wide,Bearish,Below CPR,False,False,0.9333333333333333,60,27007261.4,Lower,True,Neutral,False,88.2357142857143,2091.26,1959.036,0.3301762055101311,3.5366945424536826,True,True,No setup,Neutral,0,Not applicable,No directional setup; confirmation score not applicable.,Wide CPR,Wide Downside Watch,Watch,Wide CPR + close below CPR; trend opposes; participation confirmed,0,0,0,0
2026-09-04,2026-09-04,CM,NSE,STK,19867,INE275D01022,AMNPLST,EQ,,,,,AMINES & PLASTICIZERS LTD,179.95,179.95,172.8,172.89,172.8,176.07,,172.91,,,5639,984167.66,291,F1,1,,,,,,Cash Only,Unclassified,False,175.21333333333334,176.375,174.05166666666668,176.375,174.05166666666668,2.3233333333333235,1.3438216978039932,Wide,Bearish,Below CPR,False,False,0.9,60,1259489.62,Lower,True,Neutral,False,7.475714285714285,192.804,188.38839999999996,0.310784126377475,0.7814019618518173,False,False,No setup,Neutral,0,Not applicable,No directional setup; confirmation score not applicable.,Wide CPR,Wide Downside Watch,Watch,Wide CPR + close below CPR; trend aligned; participation light,0,0,0,0
2026-09-04,2026-09-04,CM,NSE,STK,20203,INE550C01020,URJA,EQ,,,,,URJA GLOBAL LIMITED,9.06,9.69,9.04,9.18,9.19,9.15,,9.18,,,672065,6186504.63,1966,F1,1,,,,,,Cash Only,Unclassified,False,9.303333333333333,9.364999999999998,9.241666666666667,9.364999999999998,9.241666666666667,0.1233333333333313,1.343500363108184,Wide,Bearish,Below CPR,False,False,0.9666666666666667,60,6430397.494999999,Higher,True,Neutral,False,0.23357142857142868,9.416,10.068100000000001,0.5280326197757301,0.9620718835515782,False,False,No setup,Neutral,0,Not applicable,No directional setup; confirmation score not applicable.,Wide CPR,Wide Downside Watch,Watch,Wide CPR + close below CPR; trend aligned; participation light,0,0,0,0
2026-09-04,2026-09-04,CM,NSE,STK,761025,INE947T01022,GICL,EQ,,,,,GLOBE INTL CARRIERS LTD,24.0,24.9,23.33,24.6,24.64,24.0,,24.6,,,162762,3956977.79,479,F1,1,,,,,,Cash Only,Unclassified,False,24.276666666666667,24.115,24.438333333333336,24.438333333333336,24.115,0.3233333333333377,1.314363143631454,Wide,Bullish,Above CPR,False,False,0.7333333333333333,60,4265045.83,Higher,True,Neutral,False,0.9835714285714283,19.883200000000002,27.2454,0.32873396272089533,0.9277691137963692,True,False,No setup,Neutral,0,Not applicable,No directional setup; confirmation score not applicable.,Wide CPR,Wide Upside Watch,Watch,Wide CPR + close above CPR; trend mixed; participation light,0,0,0,0
2026-09-04,2026-09-04,CM,NSE,STK,27084,INE0CJD01029,KMEW,EQ,,,,,KNOWLEDGE MARINE & EN W L,3175.0,3175.0,3011.1,3033.4,3035.0,3150.4,,3032.36,,,98630,302397689.9,17405,F1,1,,,,,,Cash Only,Unclassified,False,3073.1666666666665,3093.05,3053.283333333333,3093.05,3053.283333333333,39.766666666667334,1.310960198676974,Wide,Bearish,Below CPR,False,False,0.8166666666666667,60,184337793.25,Overlapping,True,Neutral,False,128.1857142857143,2563.2960000000003,2265.5789999999997,0.31022697722798537,1.6404541063909042,True,True,No setup,Neutral,0,Not applicable,No directional setup; confirmation score not applicable.,Wide CPR,Wide Downside Watch,Watch,Wide CPR + close below CPR; trend opposes; participation confirmed,0,0,0,0
2026-09-04,2026-09-04,CM,NSE,STK,11677,INE873D01024,INDOCO,EQ,,,,,INDOCO REMEDIES LTD.,272.95,274.7,260.59,262.51,266.5,272.56,,262.5,,,368891,98297234.29,8462,F1,1,,,,,,Cash Only,Unclassified,False,265.93333333333334,267.645,264.2216666666667,267.645,264.2216666666667,3.4233333333332894,1.304077304991539,Wide,Bearish,Below CPR,False,False,0.9,60,27394466.595,Lower,True,Neutral,False,13.508571428571429,236.44799999999998,227.33519999999996,0.2534193457416775,3.5882149392878153,True,True,No setup,Neutral,0,Not applicable,No directional setup; confirmation score not applicable.,Wide CPR,Wide Downside Watch,Watch,Wide CPR + close below CPR; trend opposes; participation confirmed,0,0,0,0
2026-09-04,2026-09-04,CM,NSE,STK,277,INE481Y01014,GICRE,EQ,,,,,GENERAL INS CORP OF INDIA,343.65,361.3,341.6,358.45,359.1,356.15,,358.46,,,4931565,1747092626.4,51131,F1,1,,,,,,Cash Only,Financial Services,True,353.78333333333336,351.45000000000005,356.1166666666667,356.1166666666667,351.45000000000005,4.666666666666629,1.3019017064211547,Wide,Bullish,Above CPR,False,False,1.0,60,235756069.675,Lower,True,Neutral,False,6.84999999999999,358.37799999999993,372.3085,0.6812652068126476,7.410594470837774,True,False,No setup,Neutral,0,Not applicable,No directional setup; confirmation score not applicable.,Wide CPR,Wide Upside Watch,Watch,Wide CPR + close above CPR; trend mixed; participation confirmed,0,0,0,0
2026-09-04,2026-09-04,CM,NSE,STK,765025,INE822B01017,ASIANTNE,EQ,,,,,ASIAN TEA & EXPORTS LTD.,9.5,9.76,9.34,9.74,9.74,9.76,,9.74,,,16866,161341.41,64,F1,1,,,,,,Cash Only,Unclassified,False,9.613333333333335,9.55,9.67666666666667,9.67666666666667,9.55,0.1266666666666687,1.300479123887769,Wide,Bullish,Above CPR,False,False,0.6666666666666666,15,45406.28,Lower,False,Neutral,False,0.6835714285714285,,,0.1853012887495676,3.5532840391241036,False,False,No setup,Neutral,0,Not applicable,No directional setup; confirmation score not applicable.,Wide CPR,Wide Upside Watch,Watch,Wide CPR + close above CPR; trend opposes; participation confirmed,0,0,0,0
2026-09-04,2026-09-04,CM,NSE,STK,758973,INE01R501028,VIKRAN,EQ,,,,,VIKRAN ENGINEERING LTD,57.68,61.5,57.67,60.77,60.98,57.68,,60.76,,,1930821,115452290.56,8512,F1,1,,,,,,Cash Only,Unclassified,False,59.98,59.585,60.37499999999999,60.37499999999999,59.585,0.789999999999992,1.2999835445120818,Wide,Bullish,Above CPR,False,False,0.95,60,108888312.7,Higher,True,Neutral,False,1.9350000000000007,68.7208,69.9687,0.4082687338501249,1.060281748309247,False,False,No setup,Neutral,0,Not applicable,No directional setup; confirmation score not applicable.,Wide CPR,Wide Upside Watch,Watch,Wide CPR + close above CPR; trend opposes; participation confirmed,0,0,0,0
2026-09-04,2026-09-04,CM,NSE,STK,17433,INE0NT901020,NETWEB,EQ,,,,,NETWEB TECH INDIA LTD,5297.5,5424.0,5164.5,5193.0,5190.0,5270.0,,5193.04,,,1816227,9614867528.5,130017,F1,1,,,,,,Cash Only,Information Technology,True,5260.5,5294.25,5226.75,5294.25,5226.75,67.5,1.2998266897746966,Wide,Bearish,Below CPR,False,False,0.7833333333333333,60,6438732053.95,Outside,True,Neutral,False,264.15714285714284,4727.66,4496.799,0.2555297171596993,1.4932858593799567,True,True,No setup,Neutral,0,Not applicable,No directional setup; confirmation score not applicable.,Wide CPR,Wide Downside Watch,Watch,Wide CPR + close below CPR; trend opposes; participation confirmed,0,-2,0,-2
2026-09-04,2026-09-04,CM,NSE,STK,758675,INE886D01026,EFCIL,EQ,,,,,EFC (I) LIMITED,198.09,202.0,192.0,193.24,193.0,200.84,,193.22,,,235570,46246415.84,4668,F1,1,,,,,,Cash Only,Unclassified,False,195.74666666666667,197.0,194.49333333333334,197.0,194.49333333333334,2.5066666666666606,1.2971779479748813,Wide,Bearish,Below CPR,False,False,0.85,60,57385584.67,Lower,True,Neutral,False,9.081428571428573,192.3844,190.55790000000002,0.27602118399664344,0.8058890766024847,True,True,No setup,Neutral,0,Not applicable,No directional setup; confirmation score not applicable.,Wide CPR,Wide Downside Watch,Watch,Wide CPR + close below CPR; trend opposes; participation light,0,0,0,0
2026-09-04,2026-09-04,CM,NSE,STK,10590,INE970D01010,LOYALTEX,EQ,,,,,LOYAL TEXTILE MILLS LTD,210.0,221.82,206.0,218.14,212.3,211.82,,218.14,,,2285,501279.42,47,F1,1,,,,,,Cash Only,Unclassified,False,215.32000000000002,213.91,216.73000000000005,216.73000000000005,213.91,2.82000000000005,1.2927477766572155,Wide,Bullish,Above CPR,False,False,0.55,60,122714.45000000001,Higher,True,Neutral,False,18.275714285714283,218.64239999999998,214.8482,0.15430313452669706,4.084925776874687,False,True,No setup,Neutral,0,Not applicable,No directional setup; confirmation score not applicable.,Wide CPR,Wide Upside Watch,Watch,Wide CPR + close above CPR; trend mixed; participation confirmed,0,0,0,0
2026-09-04,2026-09-04,CM,NSE,STK,19496,INE0BTM01013,SECMARK,EQ,,,,,SECMARK CONSULTANCY LTD,148.46,150.0,144.4,144.4,144.4,148.46,,144.4,,,1139,165991.91,51,F1,1,,,,,,Cash Only,Unclassified,False,146.26666666666665,147.2,145.33333333333331,147.2,145.33333333333331,1.8666666666666742,1.2927054478301068,Wide,Bearish,Below CPR,False,False,0.6833333333333333,60,134509.13,Inside,True,Neutral,False,10.254285714285714,128.7216,123.9983,0.18203770781090442,1.2340568257336881,True,True,No setup,Neutral,0,Not applicable,No directional setup; confirmation score not applicable.,Wide CPR,Wide Downside Watch,Watch,Wide CPR + close below CPR; trend opposes; participation confirmed,0,0,0,0
2026-09-04,2026-09-04,CM,NSE,STK,9384,INE230B01021,CREATIVEYE,EQ,,,,,CREATIVE EYE LIMITED,6.15,6.25,5.89,6.19,6.19,6.13,,6.19,,,16063,98897.9,55,F1,1,,,,,,Cash Only,Unclassified,False,6.11,6.07,6.15,6.15,6.07,0.08000000000000007,1.2924071082390964,Wide,Bullish,Above CPR,False,False,0.7166666666666667,60,52966.425,Outside,True,Neutral,False,0.4000000000000002,6.1652,6.490500000000001,0.2000000000000001,1.867180954727452,True,False,No setup,Neutral,0,Not applicable,No directional setup; confirmation score not applicable.,Wide CPR,Wide Upside Watch,Watch,Wide CPR + close above CPR; trend mixed; participation confirmed,0,0,0,0
2026-09-04,2026-09-04,CM,NSE,STK,7902,INE850E01012,LFIC,EQ,,,,,LAKSHMI FIN IND CORP LTD,140.0,140.0,134.5,134.64,134.6,135.28,,134.64,,,387,52463.84,13,F1,1,,,,,,Cash Only,Unclassified,False,136.38,137.25,135.51,137.25,135.51,1.740000000000009,1.2923351158645344,Wide,Bearish,Below CPR,False,False,0.8166666666666667,60,123854.445,Outside,True,Neutral,False,5.356428571428572,140.9102,142.3161,0.32484331244166054,0.42359270997500326,False,False,No setup,Neutral,0,Not applicable,No directional setup; confirmation score not applicable.,Wide CPR,Wide Downside Watch,Watch,Wide CPR + close below CPR; trend aligned; participation light,0,-2,0,-2
2026-09-04,2026-09-04,CM,NSE,STK,13111,INE569C01020,ORIENTCER,EQ,,,,,ORIENT CERATECH LIMITED,44.3,45.8,43.72,43.91,44.04,43.94,,43.92,,,73584,3251822.33,1770,F1,1,,,,,,Cash Only,Unclassified,False,44.47666666666667,44.76,44.193333333333335,44.76,44.193333333333335,0.5666666666666629,1.2905184847794646,Wide,Bearish,Below CPR,False,False,0.8333333333333334,60,2443331.385,Higher,True,Neutral,False,2.4814285714285704,42.2154,41.3665,0.2283630781040093,1.3308969671340756,True,True,No setup,Neutral,0,Not applicable,No directional setup; confirmation score not applicable.,Wide CPR,Wide Downside Watch,Watch,Wide CPR + close below CPR; trend opposes; participation confirmed,0,0,0,0
2026-09-04,2026-09-04,CM,NSE,STK,11262,INE203G01027,IGL,EQ,,,,,INDRAPRASTHA GAS LTD,150.5,159.5,150.5,158.04,158.31,149.42,,158.04,,,8174532,1283408019.19,62988,F1,1,,,,,,Cash Only,Oil Gas & Consumable Fuels,True,156.01333333333332,155.0,157.02666666666664,157.02666666666664,155.0,2.0266666666666424,1.2823757698472806,Wide,Bullish,Above CPR,False,False,0.9833333333333333,60,253653077.25,Higher,True,Neutral,False,3.5550000000000046,152.3624,158.15900000000002,0.5700890764181827,5.059698203168557,True,False,No setup,Neutral,0,Not applicable,No directional setup; confirmation score not applicable.,Wide CPR,Wide Upside Watch,Watch,Wide CPR + close above CPR; trend mixed; participation confirmed,0,0,0,0
2026-09-04,2026-09-04,CM,NSE,STK,759130,INE08PH01015,ABCOTS,EQ,,,,,A B COTSPIN INDIA LIMITED,209.7,217.99,206.3,208.15,207.0,207.46,,208.15,,,4500,943697.12,298,F1,1,,,,,,Cash Only,Unclassified,False,210.81333333333336,212.145,209.4816666666667,212.145,209.4816666666667,2.6633333333332985,1.2795259828649044,Wide,Bearish,Below CPR,False,False,0.8666666666666667,60,2496537.675,Overlapping,True,Neutral,False,11.218571428571432,206.83539999999996,227.7955,0.2374039645146197,0.3780023548012349,True,False,No setup,Neutral,0,Not applicable,No directional setup; confirmation score not applicable.,Wide CPR,Wide Downside Watch,Watch,Wide CPR + close below CPR; trend mixed; participation light,0,0,0,0
2026-09-04,2026-09-04,CM,NSE,STK,21808,INE123W01016,SBILIFE,EQ,,,,,SBI LIFE INSURANCE CO LTD,1715.0,1775.0,1707.4,1775.0,1775.0,1715.0,,1774.99,,,1720166,3022210304.3,54483,F1,1,,,,,,F&O + Cash,Financial Services,True,1752.4666666666665,1741.2,1763.733333333333,1763.733333333333,1741.2,22.53333333333285,1.26948356807509,Wide,Bullish,Above CPR,False,False,1.0,60,1616052344.75,Higher,True,Neutral,False,32.69285714285714,1814.95,1823.13,0.6892433180394579,1.8701190676886954,False,False,No setup,Neutral,0,Not applicable,No directional setup; confirmation score not applicable.,Wide CPR,Wide Upside Watch,Watch,Wide CPR + close above CPR; trend opposes; participation confirmed,0,0,0,0
2026-09-04,2026-09-04,CM,NSE,STK,11667,INE366A01041,DWARKESH,EQ,,,,,DWARIKESH SUGAR IND LTD,49.41,49.41,47.01,47.31,47.47,49.32,,47.31,,,2333510,111445405.92,9152,F1,1,,,,,,Cash Only,Unclassified,False,47.91,48.209999999999994,47.61,48.209999999999994,47.61,0.5999999999999943,1.2682308180088655,Wide,Bearish,Below CPR,False,False,0.85,60,38900372.045,Lower,True,Neutral,False,4.0649999999999995,44.7474,44.889300000000006,0.14760147601475876,2.8648930604334533,True,True,No setup,Neutral,0,Not applicable,No directional setup; confirmation score not applicable.,Wide CPR,Wide Downside Watch,Watch,Wide CPR + close below CPR; trend opposes; participation confirmed,0,0,0,0
2026-09-04,2026-09-04,CM,NSE,STK,21399,INE335W01016,GANGESSECU,EQ,,,,,GANGES SECURITIES LIMITED,120.05,123.9,118.02,118.71,118.5,119.9,,118.71,,,1203,144804.81,85,F1,1,,,,,,Cash Only,Unclassified,False,120.21,120.96000000000001,119.45999999999998,120.96000000000001,119.45999999999998,1.5000000000000284,1.2635835228708858,Wide,Bearish,Below CPR,False,False,0.8666666666666667,60,172196.64,Outside,True,Neutral,False,4.010714285714287,118.2708,121.39020000000001,0.3739982190561067,0.8409270355101005,True,False,No setup,Neutral,0,Not applicable,No directional setup; confirmation score not applicable.,Wide CPR,Wide Downside Watch,Watch,Wide CPR + close below CPR; trend mixed; participation light,0,0,0,0
2026-09-04,2026-09-04,CM,NSE,STK,3321,INE937A01023,SPMLINFRA,EQ,,,,,SPML INFRA LIMITED,173.6,183.58,172.38,181.41,180.2,173.31,,181.41,,,407685,73291756.45,6363,F1,1,,,,,,Cash Only,Unclassified,False,179.12333333333333,177.98000000000002,180.26666666666665,180.26666666666665,177.98000000000002,2.2866666666666333,1.2604964812670931,Wide,Bullish,Above CPR,False,False,0.9,60,36335382.805,Higher,True,Neutral,False,6.417142857142862,192.50979999999998,198.3541,0.3563371920451118,2.017090526975666,False,False,No setup,Neutral,0,Not applicable,No directional setup; confirmation score not applicable.,Wide CPR,Wide Upside Watch,Watch,Wide CPR + close above CPR; trend opposes; participation confirmed,0,0,0,0
2026-09-04,2026-09-04,CM,NSE,STK,30108,INE647O01011,ABFRL,EQ,,,,,ADITYA BIRLA FASHION & RT,50.76,53.5,50.45,52.97,53.07,50.41,,52.97,,,8157673,426909612.43,38913,F1,1,,,,,,Cash Only,Consumer Services,True,52.30666666666667,51.975,52.63833333333334,52.63833333333334,51.975,0.6633333333333411,1.2522811654395716,Wide,Bullish,Above CPR,False,False,0.95,60,212986650.79,Higher,True,Neutral,False,1.3700000000000006,57.413199999999996,60.185,0.4841849148418546,2.00439610110083,False,False,No setup,Neutral,0,Not applicable,No directional setup; confirmation score not applicable.,Wide CPR,Wide Upside Watch,Watch,Wide CPR + close above CPR; trend opposes; participation confirmed,0,0,0,0
2026-09-04,2026-09-04,CM,NSE,STK,18252,INE212I01016,SPAL,EQ,,,,,S. P. APPARELS LIMITED,1062.8,1077.0,1025.0,1071.1,1061.0,1062.8,,1071.11,,,64434,67674687.8,6330,F1,1,,,,,,Cash Only,Unclassified,False,1057.7,1051.0,1064.4,1064.4,1051.0,13.400000000000091,1.2510503220987856,Wide,Bullish,Above CPR,False,False,0.7166666666666667,60,126770198.275,Lower,True,Neutral,False,46.28571428571429,1030.666,927.5334999999999,0.2895061728395081,0.5338375163947814,True,True,No setup,Neutral,0,Not applicable,No directional setup; confirmation score not applicable.,Wide CPR,Wide Upside Watch,Watch,Wide CPR + close above CPR; trend aligned; participation light,0,0,0,0
2026-09-04,2026-09-04,CM,NSE,STK,181,INE610C01014,ARENTERP,EQ,,,,,RAJDARSHAN INDUSTRIES LTD,36.0,36.0,34.6,34.65,34.6,35.06,,34.65,,,597,20991.39,22,F1,1,,,,,,Cash Only,Unclassified,False,35.083333333333336,35.3,34.866666666666674,35.3,34.866666666666674,0.4333333333333229,1.2506012506012207,Wide,Bearish,Below CPR,False,False,0.5833333333333334,60,56184.104999999996,Overlapping,True,Neutral,False,1.561428571428571,37.5152,38.2516,0.27752363525464424,0.37361794763839346,False,False,No setup,Neutral,0,Not applicable,No directional setup; confirmation score not applicable.,Wide CPR,Wide Downside Watch,Watch,Wide CPR + close below CPR; trend aligned; participation light,0,0,0,0
2026-09-04,2026-09-04,CM,NSE,STK,21578,INE073V01015,COMSYN,EQ,,,,,COMMERCIAL SYN BAGS LTD,300.5,306.0,285.3,301.3,300.0,302.7,,301.32,,,108742,32623991.7,1784,F1,1,,,,,,Cash Only,Unclassified,False,297.5333333333333,295.65,299.41666666666663,299.41666666666663,295.65,3.7666666666666515,1.250138289633804,Wide,Bullish,Above CPR,False,False,0.65,60,49711745.665,Lower,True,Neutral,False,14.345714285714276,230.23719999999997,193.8052,0.2625638982938317,0.6562632485257748,True,True,No setup,Neutral,0,Not applicable,No directional setup; confirmation score not applicable.,Wide CPR,Wide Upside Watch,Watch,Wide CPR + close above CPR; trend aligned; participation light,0,0,0,0
2026-09-04,2026-09-04,CM,NSE,STK,6262,INE105I01020,SELMC,EQ,,,,,SEL MANUFACTURING CO LTD,29.5,29.5,26.53,27.5,27.5,27.17,,27.68,,,4456,122905.99,82,F1,1,,,,,,Cash Only,Unclassified,False,27.843333333333334,28.015,27.671666666666667,28.015,27.671666666666667,0.3433333333333337,1.2484848484848499,Wide,Bearish,Below CPR,False,False,0.7833333333333333,60,124805.505,Higher,True,Neutral,False,1.9878571428571423,28.060800000000004,29.326,0.17271529524493975,0.9847801985978103,False,False,No setup,Neutral,0,Not applicable,No directional setup; confirmation score not applicable.,Wide CPR,Wide Downside Watch,Watch,Wide CPR + close below CPR; trend aligned; participation light,0,0,0,0
2026-09-04,2026-09-04,CM,NSE,STK,757658,INE771F01041,FISCHER,EQ,,,,,FISCHER MEDICAL VENTURE L,37.44,37.62,35.8,36.04,36.16,37.03,,36.04,,,329518,11981060.9,1374,F1,1,,,,,,Cash Only,Unclassified,False,36.48666666666666,36.709999999999994,36.26333333333332,36.709999999999994,36.26333333333332,0.44666666666667254,1.2393636699963166,Wide,Bearish,Below CPR,False,False,0.85,60,70355195.63,Lower,True,Neutral,False,1.6528571428571428,38.0422,37.2173,0.27023912417171203,0.17029390356625182,False,False,No setup,Neutral,0,Not applicable,No directional setup; confirmation score not applicable.,Wide CPR,Wide Downside Watch,Watch,Wide CPR + close below CPR; trend aligned; participation light,0,0,0,0
2026-09-04,2026-09-04,CM,NSE,STK,6422,INE370D01013,MANORG,EQ,,,,,MANGALAM ORGANICS LIMITED,487.8,513.0,484.2,489.5,489.85,490.25,,489.36,,,16738,8248603.55,1863,F1,1,,,,,,Cash Only,Unclassified,False,495.56666666666666,498.6,492.5333333333333,498.6,492.5333333333333,6.06666666666672,1.2393598910452952,Wide,Bearish,Below CPR,False,False,0.8333333333333334,60,4737546.275,Higher,True,Neutral,False,23.985714285714288,484.841,453.27549999999997,0.25292833035537243,1.7411130300780016,True,True,No setup,Neutral,0,Not applicable,No directional setup; confirmation score not applicable.,Wide CPR,Wide Downside Watch,Watch,Wide CPR + close below CPR; trend opposes; participation confirmed,0,0,0,0
2026-09-04,2026-09-04,CM,NSE,STK,2844,INE384A01010,RANEHOLDIN,EQ,,,,,RANE HOLDINGS LIMITED,1635.3,1740.0,1623.5,1651.1,1645.0,1635.3,,1651.07,,,102623,173124399.7,10412,F1,1,,,,,,Cash Only,Unclassified,False,1671.5333333333335,1681.75,1661.316666666667,1681.75,1661.316666666667,20.43333333333294,1.2375587991843584,Wide,Bearish,Below CPR,False,False,0.9,60,22432925.299999997,Higher,True,Neutral,False,54.50714285714287,1706.61,1522.1285,0.37487441576026875,7.717424160459359,False,True,No setup,Neutral,0,Not applicable,No directional setup; confirmation score not applicable.,Wide CPR,Wide Downside Watch,Watch,Wide CPR + close below CPR; trend mixed; participation confirmed,0,0,0,0
2026-09-04,2026-09-04,CM,NSE,STK,3453,INE014B01011,TECILCHEM,EQ,,,,,TECIL CHEMICALS,10.1,10.2,9.6,9.72,9.9,9.98,,9.73,,,21289,208490.98,78,F1,1,,,,,,Cash Only,Unclassified,False,9.839999999999998,9.899999999999999,9.779999999999998,9.899999999999999,9.779999999999998,0.120000000000001,1.234567901234578,Wide,Bearish,Below CPR,False,False,0.5333333333333333,60,95068.11,Lower,True,Neutral,False,1.1285714285714288,9.587,10.883600000000001,0.10632911392405149,2.193069579273218,True,False,No setup,Neutral,0,Not applicable,No directional setup; confirmation score not applicable.,Wide CPR,Wide Downside Watch,Watch,Wide CPR + close below CPR; trend mixed; participation confirmed,0,0,0,0
2026-09-04,2026-09-04,CM,NSE,STK,764121,INE302D01024,RIR,EQ,,,,,RIR POWER ELECTRONICS L,158.0,175.45,158.0,169.86,174.49,157.58,,163.78,,,335333,56131301.82,3982,F1,1,,,,,,Cash Only,Unclassified,False,167.77,166.725,168.81500000000003,168.81500000000003,166.725,2.090000000000032,1.2304250559284302,Wide,Bullish,Above CPR,False,False,0.9459459459459459,37,15057775.15,Higher,True,Neutral,False,6.552142857142861,,,0.31897961408481884,3.727728782030591,False,False,No setup,Neutral,0,Not applicable,No directional setup; confirmation score not applicable.,Wide CPR,Wide Upside Watch,Watch,Wide CPR + close above CPR; trend opposes; participation confirmed,0,0,0,0
2026-09-04,2026-09-04,CM,NSE,STK,24932,INE0URU01010,GLOBALE,EQ,,,,,GLOBALE TESSILE LIMITED,11.38,11.5,10.86,11.39,10.9,11.38,,11.39,,,18110,204152.92,43,F1,1,,,,,,Cash Only,Unclassified,False,11.25,11.18,11.32,11.32,11.18,0.14000000000000057,1.2291483757682227,Wide,Bullish,Above CPR,False,False,0.5666666666666667,60,91379.14499999999,Overlapping,True,Neutral,False,0.6907142857142855,11.529399999999999,11.5903,0.2026887280248199,2.2341303368509307,False,False,No setup,Neutral,0,Not applicable,No directional setup; confirmation score not applicable.,Wide CPR,Wide Upside Watch,Watch,Wide CPR + close above CPR; trend opposes; participation confirmed,0,0,0,0
2026-09-04,2026-09-04,CM,NSE,STK,765524,INE185Q01025,LUMINO,EQ,,,,,LUMINO INDUSTRIES LIMITED,112.4,122.0,111.22,114.5,114.95,110.32,,114.5,,,139069849,16228033158.85,451001,F1,1,,,,,,Cash Only,Unclassified,False,115.90666666666668,116.61,115.20333333333336,116.61,115.20333333333336,1.4066666666666379,1.2285298398835265,Wide,Bearish,Below CPR,False,False,0.5,2,18210610815.920002,Higher,False,Neutral,False,,,,,0.8911306338315241,False,False,No setup,Neutral,0,Not applicable,No directional setup; confirmation score not applicable.,Wide CPR,Wide Downside Watch,Watch,Wide CPR + close below CPR; trend aligned; participation light,0,0,0,0
2026-09-04,2026-09-04,CM,NSE,STK,762939,INE314H01012,TECHNVISN,EQ,,,,,TECHNVISION VENTURES LTD.,5135.0,5135.0,4880.0,4917.5,4880.0,5136.5,,4916.6,,,1147,5639657.0,260,F1,1,,,,,,Cash Only,Unclassified,False,4977.5,5007.5,4947.5,5007.5,4947.5,60.0,1.2201321809862735,Wide,Bearish,Below CPR,False,False,0.6166666666666667,60,2048868.2,Lower,True,Neutral,False,276.1642857142857,4561.812,,0.21726198173964772,2.7525718833451562,True,False,No setup,Neutral,0,Not applicable,No directional setup; confirmation score not applicable.,Wide CPR,Wide Downside Watch,Watch,Wide CPR + close below CPR; trend mixed; participation confirmed,0,0,0,0
2026-09-04,2026-09-04,CM,NSE,STK,7177,INE0CLI01024,RATEGAIN,EQ,,,,,RATEGAIN TRAVEL TECHN LTD,870.0,888.45,845.0,851.15,852.0,869.75,,851.16,,,551109,473111819.2,24016,F1,1,,,,,,Cash Only,Unclassified,False,861.5333333333333,866.725,856.3416666666666,866.725,856.3416666666666,10.38333333333344,1.2199181499539964,Wide,Bearish,Below CPR,False,False,0.8,60,365193033.925,Lower,True,Neutral,False,36.73214285714287,928.9580000000001,814.2105,0.28267703775725445,1.29551162056712,False,True,No setup,Neutral,0,Not applicable,No directional setup; confirmation score not applicable.,Wide CPR,Wide Downside Watch,Watch,Wide CPR + close below CPR; trend mixed; participation confirmed,0,0,0,0
2026-09-04,2026-09-04,CM,NSE,STK,4160,INE369C01017,NORBTEAEXP,EQ,,,,,NORBEN TEA & EXPORTS LTD,71.8,71.8,67.0,70.69,70.69,68.55,,70.69,,,752,52937.8,16,F1,1,,,,,,Cash Only,Unclassified,False,69.83,69.4,70.25999999999999,70.25999999999999,69.4,0.8599999999999852,1.2165794313198264,Wide,Bullish,Above CPR,False,False,0.6833333333333333,60,93540.84,Higher,True,Neutral,False,3.667142857142855,68.2768,71.5966,0.2345149980521971,0.5659324846772811,True,False,No setup,Neutral,0,Not applicable,No directional setup; confirmation score not applicable.,Wide CPR,Wide Upside Watch,Watch,Wide CPR + close above CPR; trend mixed; participation light,0,0,0,0
2026-09-04,2026-09-04,CM,NSE,STK,4055,INE922B01023,PANACEABIO,EQ,,,,,PANACEA BIOTEC LTD,389.0,396.4,380.0,381.25,380.1,389.05,,381.25,,,56486,21703758.9,2070,F1,1,,,,,,Cash Only,Unclassified,False,385.8833333333334,388.2,383.5666666666668,388.2,383.5666666666668,4.633333333333212,1.2153005464480555,Wide,Bearish,Below CPR,False,False,0.8166666666666667,60,85615575.175,Lower,True,Neutral,False,14.63571428571428,455.607,446.4925,0.31657719212623225,0.2535024597526451,False,False,No setup,Neutral,0,Not applicable,No directional setup; confirmation score not applicable.,Wide CPR,Wide Downside Watch,Watch,Wide CPR + close below CPR; trend aligned; participation light,0,-2,0,-2
2026-09-04,2026-09-04,CM,NSE,STK,760657,INE0ALI01010,ADVAIT,EQ,,,,,ADVAIT ENRGY TRANSITION L,2230.0,2244.9,2136.0,2151.3,2165.0,2210.9,,2151.63,,,66736,145660106.8,8813,F1,1,,,,,,Cash Only,Unclassified,False,2177.4,2190.45,2164.3500000000004,2190.45,2164.3500000000004,26.099999999999454,1.2132199135406243,Wide,Bearish,Below CPR,False,False,0.8833333333333333,60,98207401.6,Overlapping,True,Neutral,False,81.70000000000002,2187.992,2145.6259999999997,0.3194614443084388,1.4831886846296525,False,True,No setup,Neutral,0,Not applicable,No directional setup; confirmation score not applicable.,Wide CPR,Wide Downside Watch,Watch,Wide CPR + close below CPR; trend mixed; participation confirmed,0,0,0,0
2026-09-04,2026-09-04,CM,NSE,STK,6643,INE284S01014,SJS,EQ,,,,,SJS ENTERPRISES LIMITED,2411.1,2411.1,2285.0,2306.1,2320.0,2411.1,,2306.12,,,229418,536181194.3,24799,F1,1,,,,,,Cash Only,Unclassified,False,2334.066666666667,2348.05,2320.083333333334,2348.05,2320.083333333334,27.966666666666242,1.2127256696008952,Wide,Bearish,Below CPR,False,False,0.95,60,239697045.9,Lower,True,Neutral,False,76.88571428571429,2353.464,2155.463,0.36374334200420605,2.236911983152647,False,True,No setup,Neutral,0,Not applicable,No directional setup; confirmation score not applicable.,Wide CPR,Wide Downside Watch,Watch,Wide CPR + close below CPR; trend mixed; participation confirmed,0,0,0,0
2026-09-04,2026-09-04,CM,NSE,STK,765155,INE286N01028,PRISMX,EQ,,,,,PRISMX GLOBAL VENTURES L,0.52,0.56,0.52,0.55,0.56,0.52,,0.54,,,111170,59981.96,126,F1,1,,,,,,Cash Only,Unclassified,False,0.5433333333333333,0.54,0.5466666666666666,0.5466666666666666,0.54,0.006666666666666599,1.2121212121211997,Wide,Bullish,Above CPR,False,False,0.5,15,70986.04,Higher,False,Neutral,False,0.032142857142857174,,,0.2074074074074051,0.8449824782450184,False,False,No setup,Neutral,0,Not applicable,No directional setup; confirmation score not applicable.,Wide CPR,Wide Upside Watch,Watch,Wide CPR + close above CPR; trend opposes; participation light,0,0,0,0
2026-09-04,2026-09-04,CM,NSE,STK,14618,INE995D01025,CHEMBOND,EQ,,,,,CHEMBOND MATERIALTECH LTD,178.96,178.96,169.01,170.9,172.0,173.02,,170.79,,,6660,1145702.24,219,F1,1,,,,,,Cash Only,Unclassified,False,172.95666666666668,173.985,171.92833333333334,173.985,171.92833333333334,2.056666666666672,1.2034328067095799,Wide,Bearish,Below CPR,False,False,0.7,60,1039633.1950000001,Lower,True,Neutral,False,12.02642857142857,154.1368,152.09629999999999,0.17101225475639018,1.1020254504282156,True,True,No setup,Neutral,0,Not applicable,No directional setup; confirmation score not applicable.,Wide CPR,Wide Downside Watch,Watch,Wide CPR + close below CPR; trend opposes; participation confirmed,0,0,0,0
2026-09-04,2026-09-04,CM,NSE,STK,1565,INE09E501017,RVHL,EQ,,,,,RAVINDER HEIGHTS LIMITED,39.87,40.0,38.25,39.84,40.0,39.09,,39.75,,,8503,335592.41,93,F1,1,,,,,,Cash Only,Unclassified,False,39.36333333333334,39.125,39.601666666666674,39.601666666666674,39.125,0.4766666666666737,1.196452476572976,Wide,Bullish,Above CPR,False,False,0.7833333333333333,60,503734.96,Overlapping,True,Neutral,False,2.5092857142857143,43.54820000000001,42.83560000000001,0.18996109687826448,0.6662082973157153,False,False,No setup,Neutral,0,Not applicable,No directional setup; confirmation score not applicable.,Wide CPR,Wide Upside Watch,Watch,Wide CPR + close above CPR; trend opposes; participation light,0,0,0,0
2026-09-04,2026-09-04,CM,NSE,STK,24809,INE00U401027,UNIECOM,EQ,,,,,UNICOMMERCE ESOLUTIONS L,86.85,88.0,84.1,87.62,87.34,85.93,,87.62,,,273184,23714542.91,2434,F1,1,,,,,,Cash Only,Unclassified,False,86.57333333333334,86.05,87.09666666666668,87.09666666666668,86.05,1.046666666666681,1.194552233127917,Wide,Bullish,Above CPR,False,False,0.9666666666666667,60,23959731.705,Outside,True,Neutral,False,3.382857142857143,86.6128,88.9294,0.3094031531531574,0.9897666301935747,True,False,No setup,Neutral,0,Not applicable,No directional setup; confirmation score not applicable.,Wide CPR,Wide Upside Watch,Watch,Wide CPR + close above CPR; trend mixed; participation light,0,0,0,0
2026-09-04,2026-09-04,CM,NSE,STK,758680,INE0MHO01029,REGAAL,EQ,,,,,REGAAL RESOURCES LIMITED,89.76,92.69,87.5,88.51,88.29,89.17,,88.51,,,576781,51873586.61,2770,F1,1,,,,,,Cash Only,Unclassified,False,89.56666666666666,90.095,89.03833333333333,90.095,89.03833333333333,1.056666666666672,1.1938387376191073,Wide,Bearish,Below CPR,False,False,0.6666666666666666,60,40093848.545,Overlapping,True,Neutral,False,5.086428571428571,82.9888,74.68350000000001,0.20774235828301374,1.293804124385286,True,True,No setup,Neutral,0,Not applicable,No directional setup; confirmation score not applicable.,Wide CPR,Wide Downside Watch,Watch,Wide CPR + close below CPR; trend opposes; participation confirmed,0,0,0,0
2026-09-04,2026-09-04,CM,NSE,STK,3646,INE835A01029,VARDMNPOLY,EQ,,,,,VARDHMAN POLYTEX LTD.,6.1,6.1,5.85,5.87,5.85,5.94,,5.87,,,118267,699020.62,310,F1,1,,,,,,Cash Only,Unclassified,False,5.94,5.975,5.905000000000001,5.975,5.905000000000001,0.06999999999999851,1.1925042589437564,Wide,Bearish,Below CPR,False,False,0.8166666666666667,60,1189715.9649999999,Overlapping,True,Neutral,False,0.24785714285714283,6.282,6.5339,0.2824207492795329,0.5875525256148009,False,False,No setup,Neutral,0,Not applicable,No directional setup; confirmation score not applicable.,Wide CPR,Wide Downside Watch,Watch,Wide CPR + close below CPR; trend aligned; participation light,0,0,0,0
2026-09-04,2026-09-04,CM,NSE,STK,765200,INE330E01023,TRANSCOR,EQ,,,,,TRANSCORP INTERNATIONAL L,24.9,25.6,24.47,25.49,25.49,24.97,,25.49,,,2509,63206.05,28,F1,1,,,,,,Cash Only,Unclassified,False,25.186666666666667,25.035,25.338333333333335,25.338333333333335,25.035,0.30333333333333456,1.1900091539165734,Wide,Bullish,Above CPR,False,False,0.6,15,74996.01,Outside,False,Neutral,False,1.8707142857142856,,,0.16214840269823155,0.8427921698767709,False,False,No setup,Neutral,0,Not applicable,No directional setup; confirmation score not applicable.,Wide CPR,Wide Upside Watch,Watch,Wide CPR + close above CPR; trend opposes; participation light,0,0,0,0
2026-09-04,2026-09-04,CM,NSE,STK,10397,INE175A01038,JISLJALEQS,EQ,,,,,JAIN IRRIGATION SYSTEMS,28.29,32.39,28.25,30.87,31.2,28.16,,30.87,,,29548721,917440484.92,56608,F1,1,,,,,,Cash Only,Unclassified,False,30.503333333333334,30.32,30.686666666666667,30.686666666666667,30.32,0.36666666666666714,1.1877766979807811,Wide,Bullish,Above CPR,False,False,0.8333333333333334,60,57059471.435,Higher,True,Neutral,False,1.2121428571428574,30.304000000000002,31.221700000000002,0.30249459831074477,16.078671285364315,True,False,No setup,Neutral,0,Not applicable,No directional setup; confirmation score not applicable.,Wide CPR,Wide Upside Watch,Watch,Wide CPR + close above CPR; trend mixed; participation confirmed,0,0,0,0
2026-09-04,2026-09-04,CM,NSE,STK,13796,INE201A01024,MANALIPETC,EQ,,,,,MANALI PETROCHEMICALS LT,89.56,90.61,86.0,86.76,86.55,89.73,,86.76,,,6435710,568828644.91,27514,F1,1,,,,,,Cash Only,Unclassified,False,87.79,88.305,87.275,88.305,87.275,1.0300000000000011,1.1871830336560638,Wide,Bearish,Below CPR,False,False,0.7666666666666667,60,29086372.18,Inside,True,Neutral,False,5.2200000000000015,68.46340000000001,63.8353,0.19731800766283542,19.556534633808017,True,True,No setup,Neutral,0,Not applicable,No directional setup; confirmation score not applicable.,Wide CPR,Wide Downside Watch,Watch,Wide CPR + close below CPR; trend opposes; participation confirmed,0,0,0,0
2026-09-04,2026-09-04,CM,NSE,STK,11992,INE312C01025,SYNCOMF,EQ,,,,,SYNCOM FORMU (I) LTD,20.93,21.88,20.01,20.58,20.5,21.36,,20.58,,,16788160,346402035.74,39261,F1,1,,,,,,Cash Only,Unclassified,False,20.823333333333334,20.945,20.701666666666668,20.945,20.701666666666668,0.2433333333333323,1.1823777129899529,Wide,Bearish,Below CPR,False,False,0.8666666666666667,60,24975794.215,Lower,True,Neutral,False,1.3628571428571417,15.038999999999998,14.634400000000001,0.17854647099930057,13.86951032499929,True,True,No setup,Neutral,0,Not applicable,No directional setup; confirmation score not applicable.,Wide CPR,Wide Downside Watch,Watch,Wide CPR + close below CPR; trend opposes; participation confirmed,0,0,0,0
2026-09-04,2026-09-04,CM,NSE,STK,7457,INE293B01029,HAVISHA,EQ,,,,,SRI HAVISHA HOSP & INFR L,1.47,1.47,1.4,1.41,1.43,1.4,,1.41,,,107777,153753.58,134,F1,1,,,,,,Cash Only,Unclassified,False,1.4266666666666667,1.435,1.4183333333333334,1.435,1.4183333333333334,0.016666666666666607,1.1820330969267097,Wide,Bearish,Below CPR,False,False,0.6666666666666666,60,56210.18,Higher,True,Neutral,False,0.12928571428571423,1.3082,1.3569,0.12891344383057052,2.735333350649295,True,True,No setup,Neutral,0,Not applicable,No directional setup; confirmation score not applicable.,Wide CPR,Wide Downside Watch,Watch,Wide CPR + close below CPR; trend opposes; participation confirmed,0,0,0,0
2026-09-04,2026-09-04,CM,NSE,STK,29439,INE822E01011,SUPREME,EQ,,,,,SUPREME HOLDIN N HOSP I L,37.7,37.7,36.12,36.27,36.22,36.21,,36.27,,,8259,301570.01,102,F1,1,,,,,,Cash Only,Unclassified,False,36.696666666666665,36.91,36.483333333333334,36.91,36.483333333333334,0.4266666666666623,1.1763624666850352,Wide,Bearish,Below CPR,False,False,0.75,60,946703.14,Overlapping,True,Neutral,False,2.1021428571428578,43.74139999999999,46.58690000000001,0.20296749348736903,0.31854759666266663,False,False,No setup,Neutral,0,Not applicable,No directional setup; confirmation score not applicable.,Wide CPR,Wide Downside Watch,Watch,Wide CPR + close below CPR; trend aligned; participation light,0,0,0,0
2026-09-04,2026-09-04,CM,NSE,STK,13565,INE278B01020,RAMANEWS,EQ,,,,,SHREE RAMA NEWSPRINT LTD,32.96,32.96,31.66,31.75,31.9,32.35,,31.75,,,4990,158599.09,89,F1,1,,,,,,Cash Only,Unclassified,False,32.123333333333335,32.31,31.936666666666667,32.31,31.936666666666667,0.37333333333333485,1.1758530183727083,Wide,Bearish,Below CPR,False,False,0.85,60,369502.065,Overlapping,True,Neutral,False,1.6764285714285714,30.567600000000002,30.652599999999996,0.22269563982388957,0.42922382585331426,True,True,No setup,Neutral,0,Not applicable,No directional setup; confirmation score not applicable.,Wide CPR,Wide Downside Watch,Watch,Wide CPR + close below CPR; trend opposes; participation light,0,0,0,0
2026-09-04,2026-09-04,CM,NSE,STK,25718,INE205C01021,POLYMED,EQ,,,,,POLY MEDICURE LIMITED,1760.0,1774.9,1690.1,1702.5,1699.9,1768.7,,1702.48,,,171700,296233247.7,20605,F1,1,,,,,,Cash Only,Healthcare,True,1722.5,1732.5,1712.5,1732.5,1712.5,20.0,1.1747430249632893,Wide,Bearish,Below CPR,False,False,0.9,60,177357128.5,Lower,True,Neutral,False,63.69285714285718,1714.832,1611.76,0.3140069530111022,1.6702641174076067,False,True,No setup,Neutral,0,Not applicable,No directional setup; confirmation score not applicable.,Wide CPR,Wide Downside Watch,Watch,Wide CPR + close below CPR; trend mixed; participation confirmed,0,0,0,0
2026-09-04,2026-09-04,CM,NSE,STK,21334,INE980O01024,JYOTICNC,EQ,,,,,JYOTI CNC AUTOMATION LTD,1026.85,1043.0,1000.1,1003.9,1002.5,1026.85,,1003.86,,,1051995,1069801515.15,35102,F1,1,,,,,,Cash Only,Capital Goods,True,1015.6666666666666,1021.55,1009.7833333333333,1021.55,1009.7833333333333,11.766666666666652,1.1720954942391326,Wide,Bearish,Below CPR,False,False,0.8333333333333334,60,785728057.5,Overlapping,True,Neutral,False,44.48571428571429,854.9279999999999,778.18,0.26450438878184507,1.3615417000047754,True,True,No setup,Neutral,0,Not applicable,No directional setup; confirmation score not applicable.,Wide CPR,Wide Downside Watch,Watch,Wide CPR + close below CPR; trend opposes; participation confirmed,0,0,0,0
2026-09-04,2026-09-04,CM,NSE,STK,25643,INE0Q3J01015,KRN,EQ,,,,,KRN HEAT EXCHANGE N REF L,1540.9,1581.1,1521.2,1578.7,1581.1,1505.9,,1578.78,,,408862,644204498.1,8835,F1,1,,,,,,Cash Only,Unclassified,False,1560.3333333333333,1551.15,1569.5166666666664,1569.5166666666664,1551.15,18.366666666666333,1.163404488925466,Wide,Bullish,Above CPR,False,False,0.6333333333333333,60,702905068.9749999,Higher,True,Neutral,False,79.3285714285714,1286.706,1042.3725,0.23152650219100376,0.9164886220544702,True,True,No setup,Neutral,0,Not applicable,No directional setup; confirmation score not applicable.,Wide CPR,Wide Upside Watch,Watch,Wide CPR + close above CPR; trend aligned; participation light,0,0,0,0
2026-09-04,2026-09-04,CM,NSE,STK,10717,INE289C01025,TEAMGTY,EQ,,,,,TEAM INDIA GUARANTY LTD,243.68,243.68,235.1,235.29,235.1,243.68,,235.29,,,684,161520.01,35,F1,1,,,,,,Cash Only,Unclassified,False,238.0233333333333,239.39,236.65666666666664,239.39,236.65666666666664,2.7333333333333485,1.1616869961891065,Wide,Bearish,Below CPR,False,False,0.7333333333333333,60,160116.38,Lower,True,Neutral,False,11.33214285714286,228.77399999999997,240.8454,0.24120180691249207,1.0087663111044605,True,False,No setup,Neutral,0,Not applicable,No directional setup; confirmation score not applicable.,Wide CPR,Wide Downside Watch,Watch,Wide CPR + close below CPR; trend mixed; participation confirmed,0,0,0,0
2026-09-04,2026-09-04,CM,NSE,STK,762904,INE220Z01013,SHINDL,EQ,,,,,SHARAT INDUSTRIES LTD.,159.07,163.0,156.2,162.42,160.26,159.35,,162.42,,,220380,35488787.87,881,F1,1,,,,,,Cash Only,Unclassified,False,160.54,159.6,161.48,161.48,159.6,1.8799999999999955,1.1574929195911807,Wide,Bullish,Above CPR,False,False,0.8666666666666667,60,20709444.025,Outside,True,Neutral,False,6.956428571428573,159.29139999999998,,0.27025361946811716,1.7136523716985685,True,False,No setup,Neutral,0,Not applicable,No directional setup; confirmation score not applicable.,Wide CPR,Wide Upside Watch,Watch,Wide CPR + close above CPR; trend mixed; participation confirmed,0,0,0,0
2026-09-04,2026-09-04,CM,NSE,STK,1494,INE07T201019,RBA,EQ,,,,,RESTAURANT BRAND ASIA LTD,98.47,101.16,96.5,97.15,96.85,97.89,,97.15,,,2606009,257215040.53,14332,F1,1,,,,,,Cash Only,Unclassified,False,98.27,98.83,97.71,98.83,97.71,1.1200000000000045,1.1528564076170917,Wide,Bearish,Below CPR,False,False,0.8166666666666667,60,396115517.19,Outside,True,Neutral,False,4.922857142857142,83.91760000000001,76.0047,0.22751015670342523,0.6493435105866472,True,True,No setup,Neutral,0,Not applicable,No directional setup; confirmation score not applicable.,Wide CPR,Wide Downside Watch,Watch,Wide CPR + close below CPR; trend opposes; participation light,0,0,0,0
2026-09-04,2026-09-04,CM,NSE,STK,765451,INE16W401027,AUGMONT,EQ,,,,,AUGMONT ENTERPRISES LTD,922.7,940.1,894.0,901.5,900.0,922.7,,901.71,,,942895,864620013.85,33716,F1,1,,,,,,Cash Only,Unclassified,False,911.8666666666667,917.05,906.6833333333334,917.05,906.6833333333334,10.36666666666656,1.1499352930301232,Wide,Bearish,Below CPR,False,False,0.4,5,3464618762.35,Lower,False,Neutral,False,,,,,0.24955704311418697,False,False,No setup,Neutral,0,Not applicable,No directional setup; confirmation score not applicable.,Wide CPR,Wide Downside Watch,Watch,Wide CPR + close below CPR; trend aligned; participation light,0,0,0,0
2026-09-04,2026-09-04,CM,NSE,STK,757885,INE0CZ201020,ANTHEM,EQ,,,,,ANTHEM BIOSCIENCES LTD,970.0,973.5,926.8,934.05,933.35,950.7,,934.04,,,872940,821102343.75,49939,F1,1,,,,,,Cash Only,Healthcare,True,944.7833333333333,950.15,939.4166666666666,950.15,939.4166666666666,10.733333333333348,1.1491176418107543,Wide,Bearish,Below CPR,False,False,0.9333333333333333,60,430913869.8,Outside,True,Neutral,False,29.607142857142858,827.7769999999999,797.8264999999999,0.36252513067953407,1.9054906358226484,True,True,No setup,Neutral,0,Not applicable,No directional setup; confirmation score not applicable.,Wide CPR,Wide Downside Watch,Watch,Wide CPR + close below CPR; trend opposes; participation confirmed,0,0,0,0
2026-09-04,2026-09-04,CM,NSE,STK,764301,INE084101034,INDOMIM,EQ,,,,,INDO-MIM LIMITED,926.0,983.6,926.0,971.5,967.0,922.4,,971.46,,,4512815,4357475831.9,135739,F1,1,,,,,,Cash Only,Unclassified,False,960.3666666666667,954.8,965.9333333333334,965.9333333333334,954.8,11.13333333333344,1.1459941670955676,Wide,Bullish,Above CPR,False,False,0.6296296296296297,27,2253150080.3,Higher,True,Neutral,False,46.34642857142858,,,0.24021987619121232,1.9339483286083698,False,False,No setup,Neutral,0,Not applicable,No directional setup; confirmation score not applicable.,Wide CPR,Wide Upside Watch,Watch,Wide CPR + close above CPR; trend opposes; participation confirmed,0,0,0,0
2026-09-04,2026-09-04,CM,NSE,STK,9750,INE04TZ01018,ETHOSLTD,EQ,,,,,ETHOS LIMITED,2794.0,2905.6,2776.0,2792.8,2800.0,2793.1,,2792.8,,,79319,226257286.1,7746,F1,1,,,,,,Cash Only,Unclassified,False,2824.8000000000006,2840.8,2808.800000000001,2840.8,2808.800000000001,31.99999999999909,1.1458034947006261,Wide,Bearish,Below CPR,False,False,0.9166666666666666,60,54978993.8,Overlapping,True,Neutral,False,84.27857142857147,2702.384,2557.172,0.3796931943384923,4.1153406139637285,True,True,No setup,Neutral,0,Not applicable,No directional setup; confirmation score not applicable.,Wide CPR,Wide Downside Watch,Watch,Wide CPR + close below CPR; trend opposes; participation confirmed,0,0,0,0
2026-09-04,2026-09-04,CM,NSE,STK,14223,INE545H01011,TIIL,EQ,,,,,TECHNOCRAFT IND LTD,3283.7,3346.2,3152.3,3194.6,3192.2,3267.4,,3194.76,,,25085,81072924.9,4689,F1,1,,,,,,Cash Only,Unclassified,False,3231.0333333333333,3249.25,3212.8166666666666,3249.25,3212.8166666666666,36.433333333333394,1.1404662033848805,Wide,Bearish,Below CPR,False,False,0.9,60,26487926.45,Lower,True,Neutral,False,150.54999999999998,2799.29,2662.6940000000004,0.24200154987268946,3.060750151697888,True,True,No setup,Neutral,0,Not applicable,No directional setup; confirmation score not applicable.,Wide CPR,Wide Downside Watch,Watch,Wide CPR + close below CPR; trend opposes; participation confirmed,0,0,0,0
2026-09-04,2026-09-04,CM,NSE,STK,21713,INE670X01014,LASA,EQ,,,,,LASA SUPERGENERICS LTD,6.99,7.0,6.69,6.73,6.69,6.82,,6.74,,,24575,168015.52,156,F1,1,,,,,,Cash Only,Unclassified,False,6.8066666666666675,6.845000000000001,6.768333333333334,6.845000000000001,6.768333333333334,0.07666666666666622,1.1391778107974178,Wide,Bearish,Below CPR,False,False,0.7666666666666667,60,181646.95,Overlapping,True,Neutral,False,0.5000000000000001,7.2212,7.322399999999999,0.1533333333333324,0.9249564608709366,False,False,No setup,Neutral,0,Not applicable,No directional setup; confirmation score not applicable.,Wide CPR,Wide Downside Watch,Watch,Wide CPR + close below CPR; trend aligned; participation light,0,0,0,0
2026-09-04,2026-09-04,CM,NSE,STK,761148,INE0L4K01016,VITAL,EQ,,,,,VITAL CHEMTECH LIMITED,54.0,56.0,53.55,55.72,56.0,54.49,,55.72,,,15658,856987.1,58,F1,1,,,,,,Cash Only,Unclassified,False,55.089999999999996,54.775,55.404999999999994,55.404999999999994,54.775,0.6299999999999955,1.1306532663316502,Wide,Bullish,Above CPR,False,False,0.5714285714285714,28,676082.175,Higher,True,Neutral,False,4.168571428571429,,,0.1511309115832751,1.2675783088054347,False,False,No setup,Neutral,0,Not applicable,No directional setup; confirmation score not applicable.,Wide CPR,Wide Upside Watch,Watch,Wide CPR + close above CPR; trend opposes; participation confirmed,0,0,0,0
2026-09-04,2026-09-04,CM,NSE,STK,20293,INE142M01025,TATATECH,EQ,,,,,TATA TECHNOLOGIES LIMITED,808.05,830.95,796.1,800.0,802.0,805.1,,800.0,,,1067933,865988164.05,49944,F1,1,,,,,,Cash Only,Information Technology,True,809.0166666666668,813.5250000000001,804.5083333333334,813.5250000000001,804.5083333333334,9.016666666666652,1.1270833333333314,Wide,Bearish,Below CPR,False,False,0.85,60,742140405.425,Outside,True,Neutral,False,28.264285714285734,773.173,722.2835,0.31901272007412945,1.1668791480960754,True,True,No setup,Neutral,0,Not applicable,No directional setup; confirmation score not applicable.,Wide CPR,Wide Downside Watch,Watch,Wide CPR + close below CPR; trend opposes; participation confirmed,0,0,0,0
2026-09-04,2026-09-04,CM,NSE,STK,19525,INE886A01014,IITL,EQ,,,,,INDUSTRIAL INV TRUST LTD,151.08,152.65,145.1,146.4,145.8,151.92,,146.41,,,100778,15223633.69,1053,F1,1,,,,,,Cash Only,Unclassified,False,148.04999999999998,148.875,147.22499999999997,148.875,147.22499999999997,1.650000000000034,1.1270491803278921,Wide,Bearish,Below CPR,False,False,0.7166666666666667,60,13923602.985,Lower,True,Neutral,False,8.080714285714283,140.2276,146.9196,0.20418987006099606,1.0933688432800428,True,False,No setup,Neutral,0,Not applicable,No directional setup; confirmation score not applicable.,Wide CPR,Wide Downside Watch,Watch,Wide CPR + close below CPR; trend mixed; participation confirmed,0,0,0,0
2026-09-04,2026-09-04,CM,NSE,STK,14314,INE592B01024,TTL,EQ,,,,,T T LIMITED,7.03,7.08,6.77,6.81,6.87,6.86,,6.81,,,210015,1440475.54,356,F1,1,,,,,,Cash Only,Unclassified,False,6.886666666666667,6.925,6.848333333333334,6.925,6.848333333333334,0.07666666666666622,1.1257953989231457,Wide,Bearish,Below CPR,False,False,0.75,60,917999.085,Higher,True,Neutral,False,0.4471428571428571,6.4472000000000005,7.2058,0.17145899893503627,1.5691470324286871,True,False,No setup,Neutral,0,Not applicable,No directional setup; confirmation score not applicable.,Wide CPR,Wide Downside Watch,Watch,Wide CPR + close below CPR; trend mixed; participation confirmed,0,0,0,0
2026-09-04,2026-09-04,CM,NSE,STK,16192,INE07S101038,PAVNAIND,EQ,,,,,PAVNA INDUSTRIES LIMITED,16.72,18.3,16.72,17.22,17.2,16.87,,17.22,,,48040,831863.6,462,F1,1,,,,,,Cash Only,Unclassified,False,17.41333333333333,17.509999999999998,17.316666666666663,17.509999999999998,17.316666666666663,0.19333333333333513,1.1227255129694258,Wide,Bearish,Below CPR,False,False,0.5,60,1272913.405,Higher,True,Neutral,False,1.1928571428571426,17.888,19.063399999999998,0.16207584830339475,0.6535115403235148,False,False,No setup,Neutral,0,Not applicable,No directional setup; confirmation score not applicable.,Wide CPR,Wide Downside Watch,Watch,Wide CPR + close below CPR; trend aligned; participation light,0,-2,0,-2
2026-09-04,2026-09-04,CM,NSE,STK,759969,INE111F01024,PAUSHAKLTD,EQ,,,,,PAUSHAK LIMITED,808.0,816.45,781.0,785.5,790.0,806.15,,785.48,,,31723,25198556.45,2491,F1,1,,,,,,Cash Only,Unclassified,False,794.3166666666666,798.725,789.9083333333332,798.725,789.9083333333332,8.816666666666833,1.1224273286654147,Wide,Bearish,Below CPR,False,False,0.8,60,16677702.5,Lower,True,Neutral,False,39.55714285714284,649.4209999999999,562.3989999999999,0.2228843144336145,1.510912935999428,True,True,No setup,Neutral,0,Not applicable,No directional setup; confirmation score not applicable.,Wide CPR,Wide Downside Watch,Watch,Wide CPR + close below CPR; trend opposes; participation confirmed,0,0,0,0
2026-09-04,2026-09-04,CM,NSE,STK,17358,INE735W01017,UTKARSHBNK,EQ,,,,,UTKARSH SMALL FIN BANK L,15.0,15.1,14.51,14.56,14.59,14.89,,14.56,,,5961768,88159940.97,5603,F1,1,,,,,,Cash Only,Unclassified,False,14.723333333333334,14.805,14.64166666666667,14.805,14.64166666666667,0.16333333333333044,1.1217948717948518,Wide,Bearish,Below CPR,False,False,0.9166666666666666,60,66010421.845,Lower,True,Neutral,False,0.4400000000000001,14.544400000000001,14.1616,0.37121212121211455,1.3355457896786298,True,True,No setup,Neutral,0,Not applicable,No directional setup; confirmation score not applicable.,Wide CPR,Wide Downside Watch,Watch,Wide CPR + close below CPR; trend opposes; participation confirmed,0,0,0,0
2026-09-04,2026-09-04,CM,NSE,STK,29423,INE954E01012,MOHITIND,EQ,,,,,MOHIT INDUSTRIES LTD,24.99,24.99,23.37,23.78,23.73,23.72,,23.78,,,10348,244749.72,86,F1,1,,,,,,Cash Only,Unclassified,False,24.046666666666667,24.18,23.913333333333334,24.18,23.913333333333334,0.2666666666666657,1.121390524250066,Wide,Bearish,Below CPR,False,False,0.65,60,203085.47,Higher,True,Neutral,False,1.5885714285714283,23.788599999999995,23.636800000000004,0.16786570743405219,1.205156232988997,False,True,No setup,Neutral,0,Not applicable,No directional setup; confirmation score not applicable.,Wide CPR,Wide Downside Watch,Watch,Wide CPR + close below CPR; trend mixed; participation confirmed,0,0,0,0
2026-09-04,2026-09-04,CM,NSE,STK,6407,INE112F01022,LAMBODHARA,EQ,,,,,LAMBODHARA TEXTILES LTD.,138.81,139.91,133.96,134.67,134.5,137.47,,134.67,,,4467,611464.48,283,F1,1,,,,,,Cash Only,Unclassified,False,136.17999999999998,136.935,135.42499999999995,136.935,135.42499999999995,1.5100000000000477,1.1212593747679869,Wide,Bearish,Below CPR,False,False,0.7666666666666667,60,949870.275,Lower,True,Neutral,False,9.185714285714285,118.2176,112.73530000000001,0.16438569206843445,0.6437347247233313,True,True,No setup,Neutral,0,Not applicable,No directional setup; confirmation score not applicable.,Wide CPR,Wide Downside Watch,Watch,Wide CPR + close below CPR; trend opposes; participation light,0,0,0,0
2026-09-04,2026-09-04,CM,NSE,STK,19876,INE258Y01016,LGHL,EQ,,,,,LAXMI GOLDORNA HOUSE LTD,175.2,183.48,173.26,175.42,176.0,178.95,,175.42,,,6577,1173669.33,235,F1,1,,,,,,Cash Only,Unclassified,False,177.38666666666666,178.37,176.4033333333333,178.37,176.4033333333333,1.966666666666697,1.1211188385969086,Wide,Bearish,Below CPR,False,False,0.85,60,4212770.8,Overlapping,True,Neutral,False,9.130714285714287,198.72580000000002,220.6988,0.21539023181830363,0.27859795505608803,False,False,No setup,Neutral,0,Not applicable,No directional setup; confirmation score not applicable.,Wide CPR,Wide Downside Watch,Watch,Wide CPR + close below CPR; trend aligned; participation light,0,0,0,0
2026-09-04,2026-09-04,CM,NSE,STK,11427,INE155G01029,NDTV,EQ,,,,,NDTV LTD,71.0,75.3,70.75,74.27,74.4,70.66,,74.28,,,236637,17345340.29,1764,F1,1,,,,,,Cash Only,Unclassified,False,73.44,73.025,73.85499999999999,73.85499999999999,73.025,0.8299999999999841,1.1175440958664118,Wide,Bullish,Above CPR,False,False,0.9666666666666667,60,8729532.8,Higher,True,Neutral,False,2.357142857142855,77.2444,78.7541,0.3521212121212057,1.9869723486232846,False,False,No setup,Neutral,0,Not applicable,No directional setup; confirmation score not applicable.,Wide CPR,Wide Upside Watch,Watch,Wide CPR + close above CPR; trend opposes; participation confirmed,0,0,0,0
2026-09-04,2026-09-04,CM,NSE,STK,14304,INE684F01012,FSL,EQ,,,,,FIRSTSOURCE SOLU. LTD.,265.6,273.85,263.75,264.4,264.0,265.3,,264.4,,,942732,252426174.9,19537,F1,1,,,,,,Cash Only,Services,True,267.3333333333333,268.8,265.8666666666666,268.8,265.8666666666666,2.933333333333394,1.1094301563288178,Wide,Bearish,Below CPR,False,False,0.85,60,294188808.33500004,Overlapping,True,Neutral,False,7.864285714285712,268.7248,256.4506,0.372994247653656,0.8580413929701776,False,True,No setup,Neutral,0,Not applicable,No directional setup; confirmation score not applicable.,Wide CPR,Wide Downside Watch,Watch,Wide CPR + close below CPR; trend mixed; participation light,0,0,0,0
2026-09-04,2026-09-04,CM,NSE,STK,31468,INE142K01011,AURUS,EQ,,,,,AURUS GEM CORP LIMITED,4.7,4.95,4.57,4.84,4.85,4.62,,4.84,,,26293,127387.94,155,F1,1,,,,,,Cash Only,Unclassified,False,4.786666666666666,4.76,4.813333333333333,4.813333333333333,4.76,0.05333333333333279,1.101928374655636,Wide,Bullish,Above CPR,False,False,0.8974358974358975,39,63212.78,Higher,True,Neutral,False,0.2042857142857145,,,0.26107226107225817,2.0152244530299095,False,False,No setup,Neutral,0,Not applicable,No directional setup; confirmation score not applicable.,Wide CPR,Wide Upside Watch,Watch,Wide CPR + close above CPR; trend opposes; participation confirmed,0,0,0,0
2026-09-04,2026-09-04,CM,NSE,STK,9046,INE740V01019,AGROPHOS,EQ,,,,,AGRO PHOS INDIA LIMITED,26.19,26.89,25.5,25.77,26.24,26.19,,25.77,,,12923,335196.88,175,F1,1,,,,,,Cash Only,Unclassified,False,26.05333333333333,26.195,25.91166666666666,26.195,25.91166666666666,0.28333333333333854,1.0994696675721325,Wide,Bearish,Below CPR,False,False,0.8,60,431607.75,Outside,True,Neutral,False,1.5300000000000005,28.3604,29.895500000000002,0.18518518518518853,0.7766238673888501,False,False,No setup,Neutral,0,Not applicable,No directional setup; confirmation score not applicable.,Wide CPR,Wide Downside Watch,Watch,Wide CPR + close below CPR; trend aligned; participation light,0,0,0,0
2026-09-04,2026-09-04,CM,NSE,STK,765090,INE398L01017,KANCOTEA,EQ,,,,,KANCO TEA & INDS. LTD.,58.4,58.4,53.1,54.85,54.85,56.79,,56.39,,,28,1526.99,8,F1,1,,,,,,Cash Only,Unclassified,False,55.449999999999996,55.75,55.14999999999999,55.75,55.14999999999999,0.6000000000000085,1.093892433910681,Wide,Bearish,Below CPR,False,False,0.7333333333333333,15,15835.72,Overlapping,False,Neutral,False,3.6692857142857145,,,0.1635195639478318,0.09642693859199329,False,False,No setup,Neutral,0,Not applicable,No directional setup; confirmation score not applicable.,Wide CPR,Wide Downside Watch,Watch,Wide CPR + close below CPR; trend aligned; participation light,0,0,0,0
2026-09-04,2026-09-04,CM,NSE,STK,763800,INE2FMX01012,AASTHA,EQ,,,,,AASTHA SPINTEX LIMITED,79.56,80.87,77.92,78.12,78.3,80.05,,78.13,,,228188,17965074.04,1615,F1,1,,,,,,Cash Only,Unclassified,False,78.97000000000001,79.39500000000001,78.54500000000002,79.39500000000001,78.54500000000002,0.8499999999999943,1.088069636456726,Wide,Bearish,Below CPR,False,False,0.6857142857142857,35,82163113.75,Lower,True,Neutral,False,3.8350000000000017,,,0.22164276401564378,0.21865132928947692,False,False,No setup,Neutral,0,Not applicable,No directional setup; confirmation score not applicable.,Wide CPR,Wide Downside Watch,Watch,Wide CPR + close below CPR; trend aligned; participation light,0,0,0,0
2026-09-04,2026-09-04,CM,NSE,STK,25855,INE692Z01013,AFFORDABLE,EQ,,,,,AFFORD ROBO & AUTO LTD,164.93,164.93,155.15,157.47,161.49,159.68,,157.44,,,21622,3443318.48,547,F1,1,,,,,,Cash Only,Unclassified,False,159.18333333333337,160.04000000000002,158.3266666666667,160.04000000000002,158.3266666666667,1.7133333333333098,1.088037933151273,Wide,Bearish,Below CPR,False,False,0.55,60,6659773.345000001,Lower,True,Neutral,False,12.234285714285713,172.0198,185.283,0.14004359333644523,0.5170323825787797,False,False,No setup,Neutral,0,Not applicable,No directional setup; confirmation score not applicable.,Wide CPR,Wide Downside Watch,Watch,Wide CPR + close below CPR; trend aligned; participation light,0,0,0,0
2026-09-04,2026-09-04,CM,NSE,STK,8529,INE0CU601026,GMRP&UI,EQ,,,,,GMR POW AND URBAN INFRA L,91.61,96.78,90.71,95.3,95.29,91.69,,95.3,,,1966833,185567727.58,12699,F1,1,,,,,,Cash Only,Unclassified,False,94.26333333333334,93.745,94.78166666666667,94.78166666666667,93.745,1.0366666666666617,1.0877929345925097,Wide,Bullish,Above CPR,False,False,0.9333333333333333,60,78756695.68,Higher,True,Neutral,False,3.3321428571428586,97.237,102.40029999999999,0.3111111111111095,2.3562152522750432,False,False,No setup,Neutral,0,Not applicable,No directional setup; confirmation score not applicable.,Wide CPR,Wide Upside Watch,Watch,Wide CPR + close above CPR; trend opposes; participation confirmed,0,0,0,0
2026-09-04,2026-09-04,CM,NSE,STK,11813,INE498B01024,SHOPERSTOP,EQ,,,,,SHOPPERS STOP LIMITED,391.45,394.95,381.0,381.75,381.0,391.45,,381.79,,,14069,5445545.85,1118,F1,1,,,,,,Cash Only,Unclassified,False,385.90000000000003,387.975,383.82500000000005,387.975,383.82500000000005,4.149999999999977,1.0870988867059534,Wide,Bearish,Below CPR,False,False,0.85,60,15769629.375,Overlapping,True,Neutral,False,14.646428571428556,390.337,363.05449999999996,0.2833455254815886,0.3453185690358052,False,True,No setup,Neutral,0,Not applicable,No directional setup; confirmation score not applicable.,Wide CPR,Wide Downside Watch,Watch,Wide CPR + close below CPR; trend mixed; participation light,0,0,0,0
2026-09-04,2026-09-04,CM,NSE,STK,762767,INE631R01026,MADHAVIPL,EQ,,,,,MADHAV INFRA PROJECTS L,7.92,8.3,7.92,7.98,7.98,7.92,,7.99,,,78511,632542.32,310,F1,1,,,,,,Cash Only,Unclassified,False,8.066666666666666,8.11,8.023333333333333,8.11,8.023333333333333,0.086666666666666,1.0860484544694988,Wide,Bearish,Below CPR,False,False,0.8,60,895549.995,Higher,True,Neutral,False,0.4207142857142859,7.921,,0.2059988681380855,0.7063171498314842,True,False,No setup,Neutral,0,Not applicable,No directional setup; confirmation score not applicable.,Wide CPR,Wide Downside Watch,Watch,Wide CPR + close below CPR; trend mixed; participation light,0,0,0,0
2026-09-04,2026-09-04,CM,NSE,STK,759041,INE056801025,IVALUE,EQ,,,,,IVALUE INFOSOLUTIONS LTD,237.04,239.39,228.61,230.26,229.1,236.18,,230.3,,,133823,31111363.11,4062,F1,1,,,,,,Cash Only,Unclassified,False,232.75333333333333,234.0,231.50666666666666,234.0,231.50666666666666,2.4933333333333394,1.0828338979125074,Wide,Bearish,Below CPR,False,False,0.8166666666666667,60,74704389.75,Lower,True,Neutral,False,12.088571428571422,278.7778,265.5143,0.20625541637122885,0.4164596379692667,False,False,No setup,Neutral,0,Not applicable,No directional setup; confirmation score not applicable.,Wide CPR,Wide Downside Watch,Watch,Wide CPR + close below CPR; trend aligned; participation light,0,0,0,0
2026-09-04,2026-09-04,CM,NSE,STK,13436,INE397H01017,LOKESHMACH,EQ,,,,,LOKESH MACHINES LTD,378.8,378.8,362.2,364.6,367.0,360.3,,364.52,,,56473,20900044.8,1499,F1,1,,,,,,Cash Only,Unclassified,False,368.5333333333333,370.5,366.5666666666666,370.5,366.5666666666666,3.933333333333394,1.078807825927974,Wide,Bearish,Below CPR,False,False,0.7,60,12195426.41,Higher,True,Neutral,False,26.92428571428572,223.33520000000001,195.78810000000001,0.14608867901169287,1.713760888496887,True,True,No setup,Neutral,0,Not applicable,No directional setup; confirmation score not applicable.,Wide CPR,Wide Downside Watch,Watch,Wide CPR + close below CPR; trend opposes; participation confirmed,0,0,0,0
2026-09-04,2026-09-04,CM,NSE,STK,765060,INE715T01031,DHATRE,EQ,,,,,DHATRE UDYOG LTD.,4.33,4.59,4.21,4.33,4.43,4.35,,4.38,,,17330,75111.74,109,F1,1,,,,,,Cash Only,Unclassified,False,4.376666666666667,4.4,4.3533333333333335,4.4,4.3533333333333335,0.046666666666666856,1.0777521170130913,Wide,Bearish,Below CPR,False,False,0.6666666666666666,15,87379.63,Outside,False,Neutral,False,0.4164285714285712,,,0.11206403659233899,0.8596024039012297,False,False,No setup,Neutral,0,Not applicable,No directional setup; confirmation score not applicable.,Wide CPR,Wide Downside Watch,Watch,Wide CPR + close below CPR; trend aligned; participation light,0,0,0,0
2026-09-04,2026-09-04,CM,NSE,STK,6994,INE836A01035,BSOFT,EQ,,,,,BIRLASOFT LIMITED,295.0,299.55,288.45,289.35,288.6,293.25,,289.35,,,1083783,316444757.25,30305,F1,1,,,,,,Cash Only,Information Technology,True,292.45,294.0,290.9,294.0,290.9,3.1000000000000227,1.0713668567478911,Wide,Bearish,Below CPR,False,False,0.8,60,374449118.8,Outside,True,Neutral,False,9.875000000000004,297.28,318.851,0.31392405063291356,0.8450941432686848,False,False,No setup,Neutral,0,Not applicable,No directional setup; confirmation score not applicable.,Wide CPR,Wide Downside Watch,Watch,Wide CPR + close below CPR; trend aligned; participation light,0,0,0,0
2026-09-04,2026-09-04,CM,NSE,STK,7,INE769A01020,AARTIIND,EQ,,,,,AARTI INDUSTRIES LTD,503.6,509.9,490.0,492.05,493.25,501.9,,492.04,,,767774,381121164.5,23817,F1,1,,,,,,Cash Only,Chemicals,True,497.31666666666666,499.95,494.68333333333334,499.95,494.68333333333334,5.2666666666666515,1.0703519290045018,Wide,Bearish,Below CPR,False,False,0.9,60,388455123.95000005,Lower,True,Neutral,False,16.178571428571427,500.38399999999996,486.04299999999995,0.325533480500367,0.9811201886708951,False,True,No setup,Neutral,0,Not applicable,No directional setup; confirmation score not applicable.,Wide CPR,Wide Downside Watch,Watch,Wide CPR + close below CPR; trend mixed; participation light,0,0,0,0
2026-09-04,2026-09-04,CM,NSE,STK,761153,INE00XB01019,SEDEMAC,EQ,,,,,SEDEMAC MECHATRONICS LTD,2916.2,2919.0,2800.0,2814.4,2808.3,2905.9,,2814.38,,,102621,292271604.1,10840,F1,1,,,,,,Cash Only,Unclassified,False,2844.4666666666667,2859.5,2829.4333333333334,2859.5,2829.4333333333334,30.066666666666606,1.0683153306803086,Wide,Bearish,Below CPR,False,False,0.8166666666666667,60,312756948.8,Lower,True,Neutral,False,131.77142857142863,2879.262,2525.902,0.2281728823359347,0.9345007528094929,False,True,No setup,Neutral,0,Not applicable,No directional setup; confirmation score not applicable.,Wide CPR,Wide Downside Watch,Watch,Wide CPR + close below CPR; trend mixed; participation light,0,0,0,0
2026-09-04,2026-09-04,CM,NSE,STK,17794,INE323J01019,SOMICONVEY,EQ,,,,,SOMI CONVEYOR BELT. LTD.,95.0,95.0,90.56,91.33,91.03,92.21,,91.33,,,8738,798513.67,240,F1,1,,,,,,Cash Only,Unclassified,False,92.29666666666667,92.78,91.81333333333333,92.78,91.81333333333333,0.9666666666666686,1.0584327895178678,Wide,Bearish,Below CPR,False,False,0.8,60,1503191.645,Overlapping,True,Neutral,False,6.37,95.6614,100.8834,0.15175300889586632,0.5312121529254509,False,False,No setup,Neutral,0,Not applicable,No directional setup; confirmation score not applicable.,Wide CPR,Wide Downside Watch,Watch,Wide CPR + close below CPR; trend aligned; participation light,0,0,-2,-2
2026-09-04,2026-09-04,CM,NSE,STK,762807,INE166R01015,NATIONSTD,EQ,,,,,NATIONAL STAND (INDIA) L,106.5,108.06,104.0,107.74,106.49,104.75,,107.76,,,16687,1784538.65,651,F1,1,,,,,,Cash Only,Unclassified,False,106.60000000000001,106.03,107.17000000000002,107.17000000000002,106.03,1.1400000000000148,1.0581028401707953,Wide,Bullish,Above CPR,False,False,0.65,60,952045.77,Higher,True,Neutral,False,8.247142857142858,365.46700000000004,,0.1382296899359103,1.874425270541352,False,False,No setup,Neutral,0,Not applicable,No directional setup; confirmation score not applicable.,Wide CPR,Wide Upside Watch,Watch,Wide CPR + close above CPR; trend opposes; participation confirmed,0,0,0,0
2026-09-04,2026-09-04,CM,NSE,STK,764875,INE327G01032,SAYAJIIND,EQ,,,,,SAYAJI INDUSTRIES LTD.,119.89,119.89,116.01,116.11,116.21,119.89,,115.74,,,103,12340.11,4,F1,1,,,,,,Cash Only,Unclassified,False,117.33666666666666,117.95,116.72333333333331,117.95,116.72333333333331,1.2266666666666879,1.0564694398989647,Wide,Bearish,Below CPR,False,False,0.6666666666666666,15,97985.95,Lower,False,Neutral,False,5.513571428571429,,,0.22248132314203434,0.1259375451276433,False,False,No setup,Neutral,0,Not applicable,No directional setup; confirmation score not applicable.,Wide CPR,Wide Downside Watch,Watch,Wide CPR + close below CPR; trend aligned; participation light,0,0,0,0
2026-09-04,2026-09-04,CM,NSE,STK,7560,INE368U01029,UNITEDPOLY,EQ,,,,,UNITED POLYFAB GUJ. LTD.,40.5,42.0,40.0,41.66,42.0,40.41,,41.66,,,210611,8730415.1,1047,F1,1,,,,,,Cash Only,Unclassified,False,41.22,41.0,41.44,41.44,41.0,0.4399999999999977,1.0561689870379207,Wide,Bullish,Above CPR,False,False,0.6166666666666667,60,5207008.945,Higher,True,Neutral,False,3.017142857142858,31.54,,0.14583333333333254,1.676666046134476,True,False,No setup,Neutral,0,Not applicable,No directional setup; confirmation score not applicable.,Wide CPR,Wide Upside Watch,Watch,Wide CPR + close above CPR; trend mixed; participation confirmed,0,0,0,0
2026-09-04,2026-09-04,CM,NSE,STK,759934,INE04VU01023,STYL,EQ,,,,,SESHAASAI TECHNOLOGIES L,393.0,399.0,380.1,383.5,384.4,387.05,,383.45,,,123059,47756858.25,3455,F1,1,,,,,,Cash Only,Unclassified,False,387.5333333333333,389.55,385.5166666666666,389.55,385.5166666666666,4.033333333333417,1.0517166449370057,Wide,Bearish,Below CPR,False,False,0.65,60,54757960.3,Outside,True,Neutral,False,18.857142857142854,375.81699999999995,320.1753,0.21388888888889335,0.872144579315165,True,True,No setup,Neutral,0,Not applicable,No directional setup; confirmation score not applicable.,Wide CPR,Wide Downside Watch,Watch,Wide CPR + close below CPR; trend opposes; participation light,0,-2,0,-2
2026-09-04,2026-09-04,CM,NSE,STK,4870,INE915B01019,INDSWFTLAB,EQ,,,,,IND SWIFT LABORATORIES LT,373.1,373.1,350.0,355.95,351.5,372.7,,355.9,,,695062,249450525.95,11918,F1,1,,,,,,Cash Only,Unclassified,False,359.68333333333334,361.55,357.81666666666666,361.55,357.81666666666666,3.7333333333333485,1.04883644706654,Wide,Bearish,Below CPR,False,False,0.7,60,177662264.885,Lower,True,Neutral,False,20.804285714285722,268.332,209.16389999999998,0.1794502048570585,1.4040715180090055,True,True,No setup,Neutral,0,Not applicable,No directional setup; confirmation score not applicable.,Wide CPR,Wide Downside Watch,Watch,Wide CPR + close below CPR; trend opposes; participation confirmed,0,0,0,0
2026-09-04,2026-09-04,CM,NSE,STK,2018,INE162B01018,LUMAXIND,EQ,,,,,LUMAX INDUSTRIES LTD,6450.0,6450.0,6107.5,6181.5,6178.0,6380.5,,6181.62,,,15590,97493365.5,3627,F1,1,,,,,,Cash Only,Unclassified,False,6246.333333333333,6278.75,6213.916666666666,6278.75,6213.916666666666,64.83333333333394,1.048828493623456,Wide,Bearish,Below CPR,False,False,0.9333333333333333,60,63705850.0,Lower,True,Neutral,False,255.25,5601.02,5480.477999999999,0.25399934704538274,1.5303675486631134,True,True,No setup,Neutral,0,Not applicable,No directional setup; confirmation score not applicable.,Wide CPR,Wide Downside Watch,Watch,Wide CPR + close below CPR; trend opposes; participation confirmed,0,0,0,0
2026-09-04,2026-09-04,CM,NSE,STK,24159,INE916Y01027,AFIL,EQ,,,,,AKME FINTRADE (INDIA) LTD,9.5,9.54,9.19,9.22,9.25,9.31,,9.22,,,579665,5389185.34,493,F1,1,,,,,,Cash Only,Unclassified,False,9.316666666666665,9.364999999999998,9.26833333333333,9.364999999999998,9.26833333333333,0.09666666666666757,1.0484454085321862,Wide,Bearish,Below CPR,False,False,0.6833333333333333,60,5432499.07,Overlapping,True,Neutral,False,0.4378571428571429,8.4862,7.2888,0.22077215878194875,0.992026923623569,True,True,No setup,Neutral,0,Not applicable,No directional setup; confirmation score not applicable.,Wide CPR,Wide Downside Watch,Watch,Wide CPR + close below CPR; trend opposes; participation light,0,0,0,0
2026-09-04,2026-09-04,CM,NSE,STK,18341,INE0AE001013,VPRPL,EQ,,,,,VISHNU PRAKASH R PUNGLI L,36.99,37.7,36.0,36.28,36.4,35.99,,36.3,,,589692,21596467.63,3806,F1,1,,,,,,Cash Only,Unclassified,False,36.660000000000004,36.85,36.470000000000006,36.85,36.470000000000006,0.37999999999999545,1.0474090407938133,Wide,Bearish,Below CPR,False,False,0.5,60,47011433.465,Inside,True,Neutral,False,2.027857142857144,37.2208,41.7334,0.18738992603029,0.45938755826449246,False,False,No setup,Neutral,0,Not applicable,No directional setup; confirmation score not applicable.,Wide CPR,Wide Downside Watch,Watch,Wide CPR + close below CPR; trend aligned; participation light,0,0,0,0
2026-09-04,2026-09-04,CM,NSE,STK,4503,INE356A01018,MPHASIS,EQ,,,,,MPHASIS LIMITED,2482.0,2502.7,2417.3,2422.0,2422.0,2471.0,,2422.0,,,160732,393634995.0,13534,F1,1,,,,,,F&O + Cash,Information Technology,True,2447.3333333333335,2460.0,2434.666666666667,2460.0,2434.666666666667,25.33333333333303,1.0459675199559468,Wide,Bearish,Below CPR,False,False,0.85,60,1202915898.9,Lower,True,Neutral,False,67.00714285714278,2385.298,2329.082,0.37806914685711845,0.32723401142171066,True,True,No setup,Neutral,0,Not applicable,No directional setup; confirmation score not applicable.,Wide CPR,Wide Downside Watch,Watch,Wide CPR + close below CPR; trend opposes; participation light,0,0,0,0
2026-09-04,2026-09-04,CM,NSE,STK,24145,INE03DD01011,RETAIL,EQ,,,,,JHS SVENDGAARD RETAIL V L,17.1,17.44,16.5,17.24,17.24,17.45,,17.15,,,2441,41096.2,44,F1,1,,,,,,Cash Only,Unclassified,False,17.06,16.97,17.15,17.15,16.97,0.17999999999999972,1.044083526682133,Wide,Bullish,Above CPR,False,False,0.48333333333333334,60,59104.82,Lower,True,Neutral,False,1.3692857142857142,17.4492,18.5605,0.13145539906103265,0.6953104670651226,False,False,No setup,Neutral,0,Not applicable,No directional setup; confirmation score not applicable.,Wide CPR,Wide Upside Watch,Watch,Wide CPR + close above CPR; trend opposes; participation light,0,0,0,0
2026-09-04,2026-09-04,CM,NSE,STK,760229,INE0VDM01015,MEESHO,EQ,,,,,MEESHO LIMITED,209.74,216.67,207.87,209.0,209.98,209.74,,208.98,,,22949812,4878476094.93,129113,F1,1,,,,,,Cash Only,Consumer Services,True,211.17999999999998,212.26999999999998,210.08999999999997,212.26999999999998,210.08999999999997,2.180000000000007,1.043062200956941,Wide,Bearish,Below CPR,False,False,0.8666666666666667,60,2587873496.415,Outside,True,Neutral,False,8.127142857142854,193.6482,187.3716,0.2682369484971006,1.8851292776436672,True,True,No setup,Neutral,0,Not applicable,No directional setup; confirmation score not applicable.,Wide CPR,Wide Downside Watch,Watch,Wide CPR + close below CPR; trend opposes; participation confirmed,0,0,0,0
2026-09-04,2026-09-04,CM,NSE,STK,20878,INE220Q01020,MUFTI,EQ,,,,,CREDO BRANDS MARKETING L,72.85,75.6,72.51,75.23,75.55,72.87,,75.23,,,149617,11150002.93,1414,F1,1,,,,,,Cash Only,Unclassified,False,74.44666666666667,74.055,74.83833333333334,74.83833333333334,74.055,0.7833333333333314,1.0412512738712367,Wide,Bullish,Above CPR,False,False,0.9333333333333333,60,7061105.965,Higher,True,Neutral,False,2.3985714285714295,81.8832,82.6622,0.3265832837006145,1.5790731629390014,False,False,No setup,Neutral,0,Not applicable,No directional setup; confirmation score not applicable.,Wide CPR,Wide Upside Watch,Watch,Wide CPR + close above CPR; trend opposes; participation confirmed,0,0,0,0
2026-09-04,2026-09-04,CM,NSE,STK,16863,INE197J01017,LPDC,EQ,,,,,LANDMARK PR.DEV.CO.LTD,7.03,7.06,6.61,6.73,6.66,6.69,,6.73,,,41802,285082.51,183,F1,1,,,,,,Cash Only,Unclassified,False,6.8,6.835,6.765,6.835,6.765,0.07000000000000028,1.0401188707280873,Wide,Bearish,Below CPR,False,False,0.5166666666666667,60,191192.04499999998,Higher,True,Neutral,False,0.5821428571428572,6.614,6.5862,0.12024539877300662,1.4910793490388161,True,True,No setup,Neutral,0,Not applicable,No directional setup; confirmation score not applicable.,Wide CPR,Wide Downside Watch,Watch,Wide CPR + close below CPR; trend opposes; participation confirmed,0,0,0,0
2026-09-04,2026-09-04,CM,NSE,STK,1164,INE619B01017,NEWGEN,EQ,,,,,NEWGEN SOFTWARE TECH LTD,522.0,543.95,522.0,524.8,526.5,517.65,,524.81,,,2160906,1150974790.5,48574,F1,1,,,,,,Cash Only,Information Technology,True,530.25,532.975,527.525,532.975,527.525,5.4500000000000455,1.0384908536585453,Wide,Bearish,Below CPR,False,False,0.8166666666666667,60,524521060.025,Higher,True,Neutral,False,20.95714285714285,527.365,500.98150000000004,0.26005453306067033,2.194334752631556,False,True,No setup,Neutral,0,Not applicable,No directional setup; confirmation score not applicable.,Wide CPR,Wide Downside Watch,Watch,Wide CPR + close below CPR; trend mixed; participation confirmed,0,0,0,0
2026-09-04,2026-09-04,CM,NSE,STK,11309,INE618N01022,BALAXI,EQ,,,,,BALAXI PHARMA LTD,26.6,26.6,24.93,25.37,24.93,25.8,,25.37,,,50780,1302032.6,216,F1,1,,,,,,Cash Only,Unclassified,False,25.633333333333336,25.765,25.501666666666672,25.765,25.501666666666672,0.2633333333333283,1.0379713572460714,Wide,Bearish,Below CPR,False,False,0.7666666666666667,60,1363734.58,Overlapping,True,Neutral,False,1.3214285714285716,22.694200000000002,22.594100000000005,0.19927927927927544,0.9547551401094486,True,True,No setup,Neutral,0,Not applicable,No directional setup; confirmation score not applicable.,Wide CPR,Wide Downside Watch,Watch,Wide CPR + close below CPR; trend opposes; participation light,0,0,0,0
2026-09-04,2026-09-04,CM,NSE,STK,15157,INE508K01013,RHL,EQ,,,,,ROBUST HOTELS LIMITED,167.15,174.79,166.2,167.89,166.6,167.6,,167.9,,,1284,215982.07,45,F1,1,,,,,,Cash Only,Unclassified,False,169.62666666666667,170.495,168.75833333333333,170.495,168.75833333333333,1.7366666666666788,1.034407449321984,Wide,Bearish,Below CPR,False,False,0.85,60,649600.365,Overlapping,True,Neutral,False,5.3092857142857195,171.8832,177.53239999999997,0.32709986994932705,0.33248452685213625,False,False,No setup,Neutral,0,Not applicable,No directional setup; confirmation score not applicable.,Wide CPR,Wide Downside Watch,Watch,Wide CPR + close below CPR; trend aligned; participation light,0,0,0,0
2026-09-04,2026-09-04,CM,NSE,STK,2951,INE902B01017,S&SPOWER,EQ,,,,,S&S POWER SWITCHGEARS LTD,317.9,327.8,310.05,323.95,327.8,319.85,,323.95,,,1826,579981.9,201,F1,1,,,,,,Cash Only,Unclassified,False,320.59999999999997,318.925,322.2749999999999,322.2749999999999,318.925,3.349999999999909,1.0341102021916682,Wide,Bullish,Above CPR,False,False,0.5666666666666667,60,951764.875,Outside,True,Neutral,False,22.65714285714285,332.88599999999997,311.2899,0.14785624211853324,0.6093751883835806,False,True,No setup,Neutral,0,Not applicable,No directional setup; confirmation score not applicable.,Wide CPR,Wide Upside Watch,Watch,Wide CPR + close above CPR; trend mixed; participation light,0,-2,0,-2
2026-09-04,2026-09-04,CM,NSE,STK,2388,INE045B01015,NELCO,EQ,,,,,NELCO LTD,939.5,942.75,908.0,911.25,912.0,933.75,,911.26,,,159766,147264082.25,7697,F1,1,,,,,,Cash Only,Unclassified,False,920.6666666666666,925.375,915.9583333333333,925.375,915.9583333333333,9.416666666666742,1.0333790580704245,Wide,Bearish,Below CPR,False,False,0.7333333333333333,60,229887143.325,Lower,True,Neutral,False,43.42142857142854,939.7879999999999,828.454,0.21686680923397678,0.6405929453906315,False,True,No setup,Neutral,0,Not applicable,No directional setup; confirmation score not applicable.,Wide CPR,Wide Downside Watch,Watch,Wide CPR + close below CPR; trend mixed; participation light,0,0,0,0
2026-09-04,2026-09-04,CM,NSE,STK,9683,INE04I401011,KPITTECH,EQ,,,,,KPIT TECHNOLOGIES LIMITED,584.0,593.6,575.0,575.45,575.45,583.5,,575.46,,,1239906,719954163.65,22622,F1,1,,,,,,F&O + Cash,Information Technology,True,581.35,584.3,578.4000000000001,584.3,578.4000000000001,5.899999999999864,1.025284559909612,Wide,Bearish,Below CPR,False,False,0.8666666666666667,60,971355775.5,Lower,True,Neutral,False,15.257142857142858,590.793,668.875,0.38670411985017833,0.7411848282668702,False,False,No setup,Neutral,0,Not applicable,No directional setup; confirmation score not applicable.,Wide CPR,Wide Downside Watch,Watch,Wide CPR + close below CPR; trend aligned; participation light,0,0,0,0
2026-09-04,2026-09-04,CM,NSE,STK,16822,INE0LOJ01019,IKIO,EQ,,,,,IKIO TECHNOLOGIES LIMITED,209.99,222.0,209.2,212.34,211.0,208.31,,212.35,,,831128,179665389.52,13990,F1,1,,,,,,Cash Only,Unclassified,False,214.51333333333332,215.6,213.42666666666665,215.6,213.42666666666665,2.173333333333346,1.0235157451885402,Wide,Bearish,Below CPR,False,False,0.8166666666666667,60,39288977.230000004,Higher,True,Neutral,False,9.262142857142857,200.2504,178.32299999999998,0.2346469242435941,4.572921012125822,True,True,No setup,Neutral,0,Not applicable,No directional setup; confirmation score not applicable.,Wide CPR,Wide Downside Watch,Watch,Wide CPR + close below CPR; trend opposes; participation confirmed,0,0,0,0
2026-09-04,2026-09-04,CM,NSE,STK,18566,INE777K01022,RRKABEL,EQ,,,,,R R KABEL LIMITED,2550.0,2609.0,2374.4,2454.1,2458.0,2617.7,,2453.95,,,2596720,6401107136.3,180021,F1,1,,,,,,Cash Only,Capital Goods,True,2479.1666666666665,2491.7,2466.633333333333,2491.7,2466.633333333333,25.066666666666606,1.02141993670456,Wide,Bearish,Below CPR,False,False,0.7833333333333333,60,1252457748.15,Lower,True,Neutral,False,123.88571428571433,2583.442,2261.1929999999998,0.20233702337023315,5.110836789308899,False,True,No setup,Neutral,0,Not applicable,No directional setup; confirmation score not applicable.,Wide CPR,Wide Downside Watch,Watch,Wide CPR + close below CPR; trend mixed; participation confirmed,0,0,0,0
2026-09-04,2026-09-04,CM,NSE,STK,1879,INE482D01024,CARYSIL,EQ,,,,,CARYSIL LIMITED,1161.9,1180.0,1136.5,1140.8,1146.0,1157.0,,1140.78,,,72848,84433023.3,5628,F1,1,,,,,,Cash Only,Unclassified,False,1152.4333333333334,1158.25,1146.6166666666668,1158.25,1146.6166666666668,11.633333333333212,1.019752220663851,Wide,Bearish,Below CPR,False,False,0.8333333333333334,60,86402860.19999999,Outside,True,Neutral,False,35.421428571428564,1166.586,1096.1,0.32842643005982053,0.9772017165237316,False,True,No setup,Neutral,0,Not applicable,No directional setup; confirmation score not applicable.,Wide CPR,Wide Downside Watch,Watch,Wide CPR + close below CPR; trend mixed; participation light,0,0,0,0
2026-09-04,2026-09-04,CM,NSE,STK,10557,INE278M01019,NAVKARCORP,EQ,,,,,NAVKAR CORPORATION LTD.,97.51,99.41,96.0,96.24,97.0,97.44,,96.25,,,230610,22356555.54,2050,F1,1,,,,,,Cash Only,Unclassified,False,97.21666666666665,97.705,96.72833333333331,97.705,96.72833333333331,0.9766666666666879,1.0148240509836741,Wide,Bearish,Below CPR,False,False,0.8,60,38900095.43,Outside,True,Neutral,False,2.1599999999999997,102.4926,101.56279999999998,0.4521604938271704,0.5747172415098623,False,False,No setup,Neutral,0,Not applicable,No directional setup; confirmation score not applicable.,Wide CPR,Wide Downside Watch,Watch,Wide CPR + close below CPR; trend aligned; participation light,0,0,0,0
2026-09-04,2026-09-04,CM,NSE,STK,25597,INE939X01013,MANBA,EQ,,,,,MANBA FINANCE LIMITED,131.5,133.32,128.5,128.95,130.5,129.45,,128.96,,,26727,3489233.89,285,F1,1,,,,,,Cash Only,Unclassified,False,130.25666666666666,130.91,129.60333333333332,130.91,129.60333333333332,1.306666666666672,1.0133126534832666,Wide,Bearish,Below CPR,False,False,0.9166666666666666,60,12450801.28,Overlapping,True,Neutral,False,3.410714285714287,134.201,124.60520000000001,0.3831064572425843,0.28024171388911606,False,True,No setup,Neutral,0,Not applicable,No directional setup; confirmation score not applicable.,Wide CPR,Wide Downside Watch,Watch,Wide CPR + close below CPR; trend mixed; participation light,0,0,0,0
2026-09-04,2026-09-04,CM,NSE,STK,29224,INE013P01021,ONESOURCE,EQ,,,,,ONESOURCE SPECL PHARMA L,1585.0,1596.3,1526.0,1537.8,1534.5,1575.7,,1537.74,,,112994,175398108.3,12742,F1,1,,,,,,Cash Only,Healthcare,True,1553.3666666666668,1561.15,1545.5833333333335,1561.15,1545.5833333333335,15.566666666666606,1.0122686088351285,Wide,Bearish,Below CPR,False,False,0.7833333333333333,60,281532723.3,Lower,True,Neutral,False,41.5,1601.448,1664.2779999999998,0.3751004016064242,0.6230114433734816,False,False,No setup,Neutral,0,Not applicable,No directional setup; confirmation score not applicable.,Wide CPR,Wide Downside Watch,Watch,Wide CPR + close below CPR; trend aligned; participation light,0,0,0,0
2026-09-04,2026-09-04,CM,NSE,STK,23056,INE0MB501011,JGCHEM,EQ,,,,,J.G.CHEMICALS LIMITED,618.8,622.0,592.45,598.15,600.0,612.2,,598.13,,,210794,126649542.6,8687,F1,1,,,,,,Cash Only,Unclassified,False,604.1999999999999,607.225,601.1749999999998,607.225,601.1749999999998,6.050000000000182,1.0114519769288943,Wide,Bearish,Below CPR,False,False,0.6833333333333333,60,89817523.925,Lower,True,Neutral,False,37.310714285714276,528.578,470.577,0.1621518139178761,1.4100760861071577,True,True,No setup,Neutral,0,Not applicable,No directional setup; confirmation score not applicable.,Wide CPR,Wide Downside Watch,Watch,Wide CPR + close below CPR; trend opposes; participation confirmed,0,0,0,0
2026-09-04,2026-09-04,CM,NSE,STK,764573,INE782D01027,ALFREDHE,EQ,,,,,ALFRED HERBERT INDIA L,2898.0,2900.0,2810.0,2898.9,2898.9,2898.3,,2854.98,,,23,65135.5,9,F1,1,,,,,,Cash Only,Unclassified,False,2869.633333333333,2855.0,2884.2666666666664,2884.2666666666664,2855.0,29.266666666666424,1.0095783458093215,Wide,Bullish,Above CPR,False,False,0.7333333333333333,15,72262.4,Lower,False,Neutral,False,123.95714285714283,,,0.23610310783296648,0.9013747121601277,False,False,No setup,Neutral,0,Not applicable,No directional setup; confirmation score not applicable.,Wide CPR,Wide Upside Watch,Watch,Wide CPR + close above CPR; trend opposes; participation light,0,0,0,0
2026-09-04,2026-09-04,CM,NSE,STK,13951,INE074B01023,PARACABLES,EQ,,,,,PARAMOUNT COMM LTD,64.1,69.0,64.0,65.51,65.4,64.3,,65.51,,,4472304,300610733.88,19294,F1,1,,,,,,Cash Only,Unclassified,False,66.17,66.5,65.84,66.5,65.84,0.6599999999999966,1.0074797740802877,Wide,Bearish,Below CPR,False,False,0.75,60,98389226.095,Higher,True,Neutral,False,2.9435714285714285,65.32639999999999,60.5958,0.22421742295559216,3.0553216628591473,True,True,No setup,Neutral,0,Not applicable,No directional setup; confirmation score not applicable.,Wide CPR,Wide Downside Watch,Watch,Wide CPR + close below CPR; trend opposes; participation confirmed,0,0,0,0
2026-09-04,2026-09-04,CM,NSE,STK,22423,INE336X01012,TOTAL,EQ,,,,,TOTAL TRANSPORT SYS LTD,69.61,74.8,69.1,70.88,71.45,70.31,,70.88,,,4743,334498.8,116,F1,1,,,,,,Cash Only,Unclassified,False,71.59333333333332,71.94999999999999,71.23666666666665,71.94999999999999,71.23666666666665,0.7133333333333383,1.0063957863055,Wide,Bearish,Below CPR,False,False,0.6666666666666666,60,417990.83999999997,Higher,True,Neutral,False,4.187857142857141,59.632999999999996,56.8697,0.1703337313093423,0.8002539003007817,True,True,No setup,Neutral,0,Not applicable,No directional setup; confirmation score not applicable.,Wide CPR,Wide Downside Watch,Watch,Wide CPR + close below CPR; trend opposes; participation light,0,0,0,0
2026-09-04,2026-09-04,CM,NSE,STK,1919,INE082A01010,KOPRAN,EQ,,,,,KOPRAN LTD,232.4,242.8,229.29,232.54,233.0,232.24,,232.55,,,661197,155487728.32,12742,F1,1,,,,,,Cash Only,Unclassified,False,234.87666666666667,236.04500000000002,233.70833333333331,236.04500000000002,233.70833333333331,2.3366666666667015,1.0048450445801589,Wide,Bearish,Below CPR,False,False,0.6333333333333333,60,35873417.71,Higher,True,Neutral,False,16.121428571428574,160.6516,146.7775,0.144941662974452,4.334343874814485,True,True,No setup,Neutral,0,Not applicable,No directional setup; confirmation score not applicable.,Wide CPR,Wide Downside Watch,Watch,Wide CPR + close below CPR; trend opposes; participation confirmed,0,0,0,0
2026-09-04,2026-09-04,CM,NSE,STK,764833,INE383L01019,PARNAXLAB,EQ,,,,,PARNAX LAB LTD.,135.54,135.54,130.0,134.8,134.8,135.54,,130.85,,,736,98274.97,40,F1,1,,,,,,Cash Only,Unclassified,False,133.44666666666666,132.76999999999998,134.12333333333333,134.12333333333333,132.76999999999998,1.353333333333353,1.0039564787339412,Wide,Bullish,Above CPR,False,False,0.4666666666666667,15,180178.35,Lower,False,Neutral,False,8.26,,,0.16384180790960692,0.5454316237217179,False,False,No setup,Neutral,0,Not applicable,No directional setup; confirmation score not applicable.,Wide CPR,Wide Upside Watch,Watch,Wide CPR + close above CPR; trend opposes; participation light,0,0,0,0
2026-09-04,2026-09-04,CM,NSE,STK,3721,INE151A01013,TATACOMM,EQ,,,,,TATA COMMUNICATIONS LTD,1696.4,1763.0,1696.4,1756.1,1751.6,1696.4,,1756.08,,,276930,483458135.3,26714,F1,1,,,,,,Cash Only,Telecommunication,True,1738.5,1729.7,1747.3,1747.3,1729.7,17.59999999999991,1.0022208302488418,Wide,Bullish,Above CPR,False,False,0.95,60,484983357.55,Higher,True,Neutral,False,43.892857142857125,1780.99,1777.615,0.4009764035801446,0.9968551039406692,False,False,No setup,Neutral,0,Not applicable,No directional setup; confirmation score not applicable.,Wide CPR,Wide Upside Watch,Watch,Wide CPR + close above CPR; trend opposes; participation light,0,0,0,0
2026-09-04,2026-09-04,CM,NSE,STK,11943,INE942G01012,MCLEODRUSS,EQ,,,,,MCLEOD RUSSEL INDIA LTD.,46.41,47.99,46.0,46.3,46.25,46.61,,46.31,,,185910,8684197.66,1097,F1,1,,,,,,Cash Only,Unclassified,False,46.76333333333334,46.995000000000005,46.53166666666668,46.995000000000005,46.53166666666668,0.46333333333332405,1.0007199424045876,Wide,Bearish,Below CPR,False,False,0.6166666666666667,60,14684568.219999999,Overlapping,True,Neutral,False,2.3814285714285726,41.6008,42.0817,0.19456108778243952,0.591382567733408,True,True,No setup,Neutral,0,Not applicable,No directional setup; confirmation score not applicable.,Wide CPR,Wide Downside Watch,Watch,Wide CPR + close below CPR; trend opposes; participation light,0,0,0,0
2026-09-04,2026-09-04,CM,NSE,STK,31234,INE839M01018,SCHNEIDER,EQ,,,,,SCHNEIDER ELECTRIC INFRA,1198.0,1235.7,1192.2,1232.4,1224.2,1191.0,,1232.45,,,255402,311385997.6,20576,F1,1,,,,,,Cash Only,Capital Goods,True,1220.1000000000001,1213.95,1226.2500000000002,1226.2500000000002,1213.95,12.300000000000182,0.998052580331076,Wide,Bullish,Above CPR,False,False,0.6,60,439121942.65,Higher,True,Neutral,False,50.342857142857156,1327.606,1176.725,0.24432463110102512,0.7091105393660292,False,True,No setup,Neutral,0,Not applicable,No directional setup; confirmation score not applicable.,Wide CPR,Wide Upside Watch,Watch,Wide CPR + close above CPR; trend mixed; participation light,0,0,0,0
2026-09-04,2026-09-04,CM,NSE,STK,15049,INE306C01019,ENERGYDEV,EQ,,,,,ENERGY DEVE. CO.LTD,15.99,15.99,15.45,15.49,15.5,15.5,,15.52,,,11133,174359.58,171,F1,1,,,,,,Cash Only,Unclassified,False,15.643333333333333,15.719999999999999,15.566666666666666,15.719999999999999,15.566666666666666,0.15333333333333243,0.9898859479233857,Wide,Bearish,Below CPR,False,False,0.75,60,392472.985,Overlapping,True,Neutral,False,0.5535714285714286,16.6806,16.757399999999997,0.27698924731182634,0.4442588067558331,False,False,No setup,Neutral,0,Not applicable,No directional setup; confirmation score not applicable.,Wide CPR,Wide Downside Watch,Watch,Wide CPR + close below CPR; trend aligned; participation light,0,0,0,0
2026-09-04,2026-09-04,CM,NSE,STK,20242,INE093I01010,OBEROIRLTY,EQ,,,,,OBEROI REALTY LIMITED,1914.0,1932.8,1874.0,1875.6,1875.6,1902.0,,1875.6,,,585940,1116248950.9,45289,F1,1,,,,,,F&O + Cash,Realty,True,1894.1333333333332,1903.4,1884.8666666666663,1903.4,1884.8666666666663,18.533333333333758,0.9881282434065771,Wide,Bearish,Below CPR,False,False,0.8833333333333333,60,743599944.4000001,Outside,True,Neutral,False,45.47857142857141,1856.4159999999997,1764.149,0.4075179309983865,1.501141789084835,True,True,No setup,Neutral,0,Not applicable,No directional setup; confirmation score not applicable.,Wide CPR,Wide Downside Watch,Watch,Wide CPR + close below CPR; trend opposes; participation confirmed,0,0,0,0
2026-09-04,2026-09-04,CM,NSE,STK,11618,INE386C01029,ASTRAMICRO,EQ,,,,,ASTRA MICROWAVE LTD,1666.1,1741.0,1666.1,1729.0,1734.4,1665.1,,1728.95,,,502645,863137245.1,26428,F1,1,,,,,,Cash Only,Unclassified,False,1712.0333333333335,1703.55,1720.516666666667,1720.516666666667,1703.55,16.96666666666715,0.9812994023520619,Wide,Bullish,Above CPR,False,False,0.7666666666666667,60,716971746.4,Higher,True,Neutral,False,55.907142857142894,1747.4360000000001,1513.8725,0.3034794088837868,1.2038650747869972,False,True,No setup,Neutral,0,Not applicable,No directional setup; confirmation score not applicable.,Wide CPR,Wide Upside Watch,Watch,Wide CPR + close above CPR; trend mixed; participation confirmed,0,0,0,0
2026-09-04,2026-09-04,CM,NSE,STK,21749,INE264T01014,CAPACITE,EQ,,,,,CAPACITE INFRAPROJECT LTD,209.95,217.9,208.22,216.22,216.5,208.88,,216.24,,,373452,79914783.99,5699,F1,1,,,,,,Cash Only,Unclassified,False,214.11333333333334,213.06,215.16666666666669,215.16666666666669,213.06,2.1066666666666833,0.9743162827983921,Wide,Bullish,Above CPR,False,False,0.75,60,78926664.71000001,Higher,True,Neutral,False,8.412142857142857,222.98559999999998,230.4986,0.25043163227760523,1.01251946073777,False,False,No setup,Neutral,0,Not applicable,No directional setup; confirmation score not applicable.,Wide CPR,Wide Upside Watch,Watch,Wide CPR + close above CPR; trend opposes; participation confirmed,0,0,-2,-2
2026-09-04,2026-09-04,CM,NSE,STK,16821,INE250B01029,VINYLINDIA,EQ,,,,,VINYL CHEMICALS (I) LTD.,227.94,234.0,224.0,232.38,233.6,227.94,,232.33,,,10241,2379015.87,314,F1,1,,,,,,Cash Only,Unclassified,False,230.12666666666667,229.0,231.25333333333333,231.25333333333333,229.0,2.2533333333333303,0.9696761052299382,Wide,Bullish,Above CPR,False,False,0.9166666666666666,60,2040155.625,Higher,True,Neutral,False,6.56928571428572,244.08939999999998,252.28370000000004,0.3430104019426617,1.166095292362807,False,False,No setup,Neutral,0,Not applicable,No directional setup; confirmation score not applicable.,Wide CPR,Wide Upside Watch,Watch,Wide CPR + close above CPR; trend opposes; participation confirmed,0,0,0,0
2026-09-04,2026-09-04,CM,NSE,STK,15124,INE094I01018,KOLTEPATIL,EQ,,,,,KOLTE PATIL DEV. LTD.,450.65,456.5,440.05,441.85,441.5,449.55,,441.91,,,72213,32185239.3,2754,F1,1,,,,,,Cash Only,Unclassified,False,446.1333333333334,448.275,443.9916666666668,448.275,443.9916666666668,4.283333333333189,0.9694089245973043,Wide,Bearish,Below CPR,False,False,0.7833333333333333,60,27502751.475,Overlapping,True,Neutral,False,17.085714285714285,415.024,394.85949999999997,0.2506967670011064,1.1702552498885932,True,True,No setup,Neutral,0,Not applicable,No directional setup; confirmation score not applicable.,Wide CPR,Wide Downside Watch,Watch,Wide CPR + close below CPR; trend opposes; participation confirmed,0,0,0,0
2026-09-04,2026-09-04,CM,NSE,STK,762954,INE064A01026,TIMEX,EQ,,,,,TIMEX GROUP INDIA LTD.,654.85,674.0,646.3,669.85,670.0,649.55,,669.9,,,323553,214305591.2,23545,F1,1,,,,,,Cash Only,Unclassified,False,663.3833333333333,660.15,666.6166666666667,666.6166666666667,660.15,6.466666666666697,0.9653902615013357,Wide,Bullish,Above CPR,False,False,0.7166666666666667,60,185260934.225,Higher,True,Neutral,False,28.928571428571438,568.556,,0.22353909465020674,1.156777018838333,True,False,No setup,Neutral,0,Not applicable,No directional setup; confirmation score not applicable.,Wide CPR,Wide Upside Watch,Watch,Wide CPR + close above CPR; trend mixed; participation confirmed,0,0,0,0
2026-09-04,2026-09-04,CM,NSE,STK,967,INE754A01055,SUBEXLTD,EQ,,,,,SUBEX LTD,17.65,17.85,17.21,17.28,17.28,17.69,,17.28,,,1970415,34467156.4,2978,F1,1,,,,,,Cash Only,Unclassified,False,17.44666666666667,17.53,17.363333333333337,17.53,17.363333333333337,0.1666666666666643,0.9645061728394924,Wide,Bearish,Below CPR,False,False,0.55,60,23716671.115000002,Lower,True,Neutral,False,1.3142857142857147,11.506400000000001,10.626799999999998,0.1268115942028967,1.4532881209539004,True,True,No setup,Neutral,0,Not applicable,No directional setup; confirmation score not applicable.,Wide CPR,Wide Downside Watch,Watch,Wide CPR + close below CPR; trend opposes; participation confirmed,0,0,0,0
2026-09-04,2026-09-04,CM,NSE,STK,509,INE249Z01020,MAZDOCK,EQ,,,,,MAZAGON DOCK SHIPBUIL LTD,2489.0,2546.6,2475.0,2475.0,2475.0,2474.0,,2475.05,,,735425,1848934118.9,32127,F1,1,,,,,,F&O + Cash,Capital Goods,True,2498.866666666667,2510.8,2486.9333333333334,2510.8,2486.9333333333334,23.866666666666788,0.9643097643097693,Wide,Bearish,Below CPR,False,False,0.95,60,1633949607.9,Higher,True,Neutral,False,59.949999999999946,2463.196,2495.932,0.398109535724217,1.131573525866752,True,False,No setup,Neutral,0,Not applicable,No directional setup; confirmation score not applicable.,Wide CPR,Wide Downside Watch,Watch,Wide CPR + close below CPR; trend mixed; participation confirmed,0,-2,0,-2
2026-09-04,2026-09-04,CM,NSE,STK,1076,INE520A01027,ZENSARTECH,EQ,,,,,ZENSAR TECHNOLOGIES  LTD,468.5,475.95,460.5,461.55,461.7,465.45,,461.54,,,499424,232508256.0,16414,F1,1,,,,,,Cash Only,Information Technology,True,466.0,468.225,463.775,468.225,463.775,4.4500000000000455,0.9641425631025988,Wide,Bearish,Below CPR,False,False,0.7833333333333333,60,416881222.85,Overlapping,True,Neutral,False,14.18214285714285,489.94199999999995,496.12950000000006,0.31377486779149166,0.5577326184433591,False,False,No setup,Neutral,0,Not applicable,No directional setup; confirmation score not applicable.,Wide CPR,Wide Downside Watch,Watch,Wide CPR + close below CPR; trend aligned; participation light,0,0,0,0
2026-09-04,2026-09-04,CM,NSE,STK,11432,INE798K01010,KRITINUT,EQ,,,,,KRITI NUTRIENTS LIMITED,87.4,87.4,83.0,86.45,86.39,83.36,,86.42,,,13358,1148214.16,189,F1,1,,,,,,Cash Only,Unclassified,False,85.61666666666667,85.2,86.03333333333335,86.03333333333335,85.2,0.8333333333333428,0.9639483323693959,Wide,Bullish,Above CPR,False,False,0.6166666666666667,60,1636438.005,Higher,True,Neutral,False,4.393571428571429,78.42060000000001,74.5711,0.1896710561968265,0.7016545426662832,True,True,No setup,Neutral,0,Not applicable,No directional setup; confirmation score not applicable.,Wide CPR,Wide Upside Watch,Watch,Wide CPR + close above CPR; trend aligned; participation light,0,0,0,0
2026-09-04,2026-09-04,CM,NSE,STK,11411,INE399G01023,RKFORGE,EQ,,,,,RAMKRISHNA FORGINGS LTD,732.5,732.5,689.45,700.85,701.95,726.85,,700.85,,,1116062,785298809.3,32766,F1,1,,,,,,Cash Only,Automobile and Auto Components,True,707.6,710.975,704.225,710.975,704.225,6.75,0.9631162160234001,Wide,Bearish,Below CPR,False,False,0.8333333333333334,60,486613301.6,Lower,True,Neutral,False,24.989285714285707,656.1569999999999,614.61,0.27011576389881387,1.6138046508755772,True,True,No setup,Neutral,0,Not applicable,No directional setup; confirmation score not applicable.,Wide CPR,Wide Downside Watch,Watch,Wide CPR + close below CPR; trend opposes; participation confirmed,0,0,0,0
2026-09-04,2026-09-04,CM,NSE,STK,15399,INE276C01014,EIHAHOTELS,EQ,,,,,EIH ASSOCIATED HOTELS LTD,305.45,308.6,295.3,297.65,299.55,303.85,,296.98,,,11705,3509537.65,1161,F1,1,,,,,,Cash Only,Unclassified,False,300.5166666666667,301.95000000000005,299.08333333333337,301.95000000000005,299.08333333333337,2.8666666666666742,0.9630998376168906,Wide,Bearish,Below CPR,False,False,0.9333333333333333,60,4540040.15,Lower,True,Neutral,False,7.928571428571424,310.04699999999997,313.99649999999997,0.3615615615615627,0.7730190778158647,False,False,No setup,Neutral,0,Not applicable,No directional setup; confirmation score not applicable.,Wide CPR,Wide Downside Watch,Watch,Wide CPR + close below CPR; trend aligned; participation light,0,0,-2,-2
2026-09-04,2026-09-04,CM,NSE,STK,3147,INE843L01012,SIEL,EQ,,,,,SUPERIOR INDUSTRIAL ENT L,32.0,32.0,30.88,31.9,31.9,30.89,,31.9,,,748,23816.28,10,F1,1,,,,,,Cash Only,Unclassified,False,31.593333333333334,31.439999999999998,31.74666666666667,31.74666666666667,31.439999999999998,0.30666666666667197,0.9613375130616676,Wide,Bullish,Above CPR,False,False,0.4,15,107422.32,Inside,False,Neutral,False,2.3364285714285713,,,0.13125445837155023,0.2217069972050501,False,False,No setup,Neutral,0,Not applicable,No directional setup; confirmation score not applicable.,Wide CPR,Wide Upside Watch,Watch,Wide CPR + close above CPR; trend opposes; participation light,0,0,0,0
2026-09-04,2026-09-04,CM,NSE,STK,11226,INE116D01028,BAGFILMS,EQ,,,,,B.A.G FILMS AND MEDIA LTD,4.35,4.6,4.29,4.51,4.49,4.32,,4.51,,,225253,1010761.2,226,F1,1,,,,,,Cash Only,Unclassified,False,4.466666666666667,4.445,4.488333333333333,4.488333333333333,4.445,0.043333333333333,0.9608277900960754,Wide,Bullish,Above CPR,False,False,0.85,60,313544.19499999995,Higher,True,Neutral,False,0.17642857142857146,4.4639999999999995,4.769699999999999,0.24561403508771737,3.2236642110372995,True,False,No setup,Neutral,0,Not applicable,No directional setup; confirmation score not applicable.,Wide CPR,Wide Upside Watch,Watch,Wide CPR + close above CPR; trend mixed; participation confirmed,0,0,0,0
2026-09-04,2026-09-04,CM,NSE,STK,757336,INE0INX01018,AEGISVOPAK,EQ,,,,,AEGIS VOPAK TERMINALS LTD,286.5,294.1,283.1,284.5,284.0,286.85,,284.5,,,788218,226886490.15,17726,F1,1,,,,,,Cash Only,Oil Gas & Consumable Fuels,True,287.23333333333335,288.6,285.8666666666667,288.6,285.8666666666667,2.7333333333333485,0.9607498535442349,Wide,Bearish,Below CPR,False,False,0.65,60,293948253.90999997,Overlapping,True,Neutral,False,11.496428571428567,277.0796,241.4157,0.23775499637568745,0.7718586082143128,True,True,No setup,Neutral,0,Not applicable,No directional setup; confirmation score not applicable.,Wide CPR,Wide Downside Watch,Watch,Wide CPR + close below CPR; trend opposes; participation light,0,0,0,0
2026-09-04,2026-09-04,CM,NSE,STK,757772,INE756I01012,HDBFS,EQ,,,,,HDB FINANCIAL SERVICES L,693.45,705.0,680.05,682.7,682.35,693.45,,682.69,,,366577,253453839.45,17760,F1,1,,,,,,Cash Only,Financial Services,True,689.25,692.525,685.975,692.525,685.975,6.5499999999999545,0.9594258092866492,Wide,Bearish,Below CPR,False,False,0.9166666666666666,60,315703925.8,Overlapping,True,Neutral,False,16.014285714285727,704.637,689.3539999999999,0.4090098126672582,0.8028213105292972,False,False,No setup,Neutral,0,Not applicable,No directional setup; confirmation score not applicable.,Wide CPR,Wide Downside Watch,Watch,Wide CPR + close below CPR; trend aligned; participation light,0,0,0,0
2026-09-04,2026-09-04,CM,NSE,STK,764648,INE823B01015,COMPEAU,EQ,,,,,COMPETENT AUTOMOB CO. L,368.7,379.95,353.0,371.8,370.0,361.8,,372.11,,,2858,1053347.55,99,F1,1,,,,,,Cash Only,Unclassified,False,368.25,366.475,370.025,370.025,366.475,3.5499999999999545,0.9548144163528656,Wide,Bullish,Above CPR,False,False,0.5333333333333333,15,527151.85,Higher,False,Neutral,False,26.275,,,0.13510941960037887,1.998186196254457,False,False,No setup,Neutral,0,Not applicable,No directional setup; confirmation score not applicable.,Wide CPR,Wide Upside Watch,Watch,Wide CPR + close above CPR; trend opposes; participation confirmed,0,0,0,0
2026-09-04,2026-09-04,CM,NSE,STK,21427,INE924D01017,THEINVEST,EQ,,,,,THE INVEST TRUST OF IND L,98.11,98.11,94.61,95.0,94.75,98.1,,95.0,,,3714,355882.32,172,F1,1,,,,,,Cash Only,Unclassified,False,95.90666666666668,96.36,95.45333333333336,96.36,95.45333333333336,0.9066666666666379,0.9543859649122504,Wide,Bearish,Below CPR,False,False,0.8,60,406900.015,Lower,True,Neutral,False,3.4100000000000006,97.2702,100.5244,0.26588465298141867,0.8746185964136669,False,False,No setup,Neutral,0,Not applicable,No directional setup; confirmation score not applicable.,Wide CPR,Wide Downside Watch,Watch,Wide CPR + close below CPR; trend aligned; participation light,0,0,0,0
2026-09-04,2026-09-04,CM,NSE,STK,22233,INE320L01011,DHUNINV,EQ,,,,,DHUNSERI INVESTMENTS LTD,1046.25,1054.8,1012.65,1019.15,1015.0,1046.25,,1019.15,,,1224,1260977.95,204,F1,1,,,,,,Cash Only,Unclassified,False,1028.8666666666666,1033.725,1024.0083333333332,1033.725,1024.0083333333332,9.716666666666697,0.9534088864903789,Wide,Bearish,Below CPR,False,False,0.6666666666666666,60,648007.45,Overlapping,True,Neutral,False,58.66428571428571,945.2330000000001,906.961,0.16563172206664284,1.9459312543397458,True,True,No setup,Neutral,0,Not applicable,No directional setup; confirmation score not applicable.,Wide CPR,Wide Downside Watch,Watch,Wide CPR + close below CPR; trend opposes; participation confirmed,0,0,0,0
2026-09-04,2026-09-04,CM,NSE,STK,30323,INE418N01035,ESSENTIA,EQ,,,,,INTEGRA ESSENTIA LIMITED,1.05,1.08,1.05,1.05,1.07,1.05,,1.05,,,2849052,3029362.19,825,F1,1,,,,,,Cash Only,Unclassified,False,1.0599999999999998,1.065,1.0549999999999997,1.065,1.0549999999999997,0.010000000000000231,0.9523809523809743,Wide,Bearish,Below CPR,False,False,0.5166666666666667,60,3324267.58,Overlapping,True,Neutral,False,0.06071428571428572,1.3229999999999997,1.3448,0.16470588235294495,0.9112871082417499,False,False,No setup,Neutral,0,Not applicable,No directional setup; confirmation score not applicable.,Wide CPR,Wide Downside Watch,Watch,Wide CPR + close below CPR; trend aligned; participation light,0,0,0,0
2026-09-04,2026-09-04,CM,NSE,STK,762346,INE655V01019,RMC,EQ,,,,,RMC SWITCHGEARS LIMITED,225.3,236.0,224.41,233.54,233.5,225.97,,233.57,,,40561,9353969.52,1963,F1,1,,,,,,Cash Only,Unclassified,False,231.31666666666663,230.20499999999998,232.42833333333328,232.42833333333328,230.20499999999998,2.2233333333333007,0.9520139305186696,Wide,Bullish,Above CPR,False,False,0.5925925925925926,54,9698457.2,Higher,True,Neutral,False,11.494999999999992,278.7716,,0.19341742786718594,0.9644801566995626,False,False,No setup,Neutral,0,Not applicable,No directional setup; confirmation score not applicable.,Wide CPR,Wide Upside Watch,Watch,Wide CPR + close above CPR; trend opposes; participation light,0,0,0,0
2026-09-04,2026-09-04,CM,NSE,STK,762538,INE701G01012,AKCAPIT,EQ,,,,,A K CAPITAL SERVICES LTD.,1698.9,1740.0,1684.2,1736.9,1740.0,1697.4,,1736.9,,,674,1163226.6,128,F1,1,,,,,,Cash Only,Unclassified,False,1720.3666666666668,1712.1,1728.6333333333337,1728.6333333333337,1712.1,16.533333333333758,0.9518874623371384,Wide,Bullish,Above CPR,False,False,0.8,60,3561144.2,Higher,True,Neutral,False,58.31428571428574,1744.9579999999999,,0.28352114976319515,0.326644060074849,False,False,No setup,Neutral,0,Not applicable,No directional setup; confirmation score not applicable.,Wide CPR,Wide Upside Watch,Watch,Wide CPR + close above CPR; trend opposes; participation light,0,0,0,0
2026-09-04,2026-09-04,CM,NSE,STK,14245,INE421C01016,TVSSRICHAK,EQ,,,,,TVS SRICHAKRA LIMITED,5330.0,5404.5,5220.0,5237.5,5220.0,5249.0,,5237.43,,,12133,64335300.0,2823,F1,1,,,,,,Cash Only,Unclassified,False,5287.333333333333,5312.25,5262.416666666666,5312.25,5262.416666666666,49.83333333333394,0.9514717581543474,Wide,Bearish,Below CPR,False,False,0.85,60,18359303.1,Overlapping,True,Neutral,False,250.1714285714284,4384.59,4140.539000000001,0.19919674128217096,3.5042343192209726,True,True,No setup,Neutral,0,Not applicable,No directional setup; confirmation score not applicable.,Wide CPR,Wide Downside Watch,Watch,Wide CPR + close below CPR; trend opposes; participation confirmed,0,0,0,0
2026-09-04,2026-09-04,CM,NSE,STK,764523,INE00GO01025,LEAPIND,EQ,,,,,LEAP INDIA LIMITED,153.5,155.3,149.5,150.26,150.11,152.41,,150.28,,,5589910,851623129.86,43498,F1,1,,,,,,Cash Only,Unclassified,False,151.68666666666667,152.4,150.97333333333333,152.4,150.97333333333333,1.4266666666666765,0.9494653711344846,Wide,Bearish,Below CPR,False,False,0.625,16,1143962679.2,Lower,False,Neutral,False,7.900714285714287,,,0.18057439050116145,0.7444500990675326,False,False,No setup,Neutral,0,Not applicable,No directional setup; confirmation score not applicable.,Wide CPR,Wide Downside Watch,Watch,Wide CPR + close below CPR; trend aligned; participation light,0,0,0,0
2026-09-04,2026-09-04,CM,NSE,STK,2814,INE006Z01016,ARVEE,EQ,,,,,ARVEE LABORATORIES I LTD,165.61,171.9,163.0,165.1,171.9,165.0,,165.1,,,790,130858.86,41,F1,1,,,,,,Cash Only,Unclassified,False,166.66666666666666,167.45,165.88333333333333,167.45,165.88333333333333,1.5666666666666629,0.9489198465576396,Wide,Bearish,Below CPR,False,False,0.75,60,166825.175,Overlapping,True,Neutral,False,11.20714285714286,162.966,163.9375,0.13979179944763082,0.7844071495803916,True,True,No setup,Neutral,0,Not applicable,No directional setup; confirmation score not applicable.,Wide CPR,Wide Downside Watch,Watch,Wide CPR + close below CPR; trend opposes; participation light,0,0,0,0
2026-09-04,2026-09-04,CM,NSE,STK,760188,INE19GK01015,SRTL,EQ,,,,,SHREE RAM TWISTEX LIMITED,36.72,37.85,36.5,37.71,37.64,36.72,,37.73,,,29437,1097636.24,452,F1,1,,,,,,Cash Only,Unclassified,False,37.35333333333333,37.175,37.531666666666666,37.531666666666666,37.175,0.35666666666666913,0.9458145496331718,Wide,Bullish,Above CPR,False,False,0.9166666666666666,60,1481039.665,Higher,True,Neutral,False,1.6164285714285727,39.873200000000004,42.3027,0.22065105317425382,0.7411254849815248,False,False,No setup,Neutral,0,Not applicable,No directional setup; confirmation score not applicable.,Wide CPR,Wide Upside Watch,Watch,Wide CPR + close above CPR; trend opposes; participation light,0,0,0,0
2026-09-04,2026-09-04,CM,NSE,STK,10238,INE552D01024,CONFIPET,EQ,,,,,CONFIDENCE PETRO IND LTD.,84.7,85.3,82.0,82.48,82.3,84.28,,82.48,,,2371168,197624634.41,14601,F1,1,,,,,,Cash Only,Unclassified,False,83.26,83.65,82.87,83.65,82.87,0.7800000000000011,0.945683802133852,Wide,Bearish,Below CPR,False,False,0.6333333333333333,60,182308664.175,Lower,True,Neutral,False,4.238571428571432,76.6518,69.9573,0.18402426693629942,1.084011203221247,True,True,No setup,Neutral,0,Not applicable,No directional setup; confirmation score not applicable.,Wide CPR,Wide Downside Watch,Watch,Wide CPR + close below CPR; trend opposes; participation confirmed,0,0,0,0
2026-09-04,2026-09-04,CM,NSE,STK,1190,INE529A01010,FMGOETZE,EQ,,,,,FEDERAL-MOGUL GOETZE (IND,511.0,517.5,499.6,501.45,503.0,613.7,,501.45,,,1030188,519971975.3,20491,F1,1,,,,,,Cash Only,Unclassified,False,506.18333333333334,508.55,503.81666666666666,508.55,503.81666666666666,4.7333333333333485,0.9439292717785119,Wide,Bearish,Below CPR,False,False,0.9166666666666666,60,19960609.8,Lower,True,Neutral,False,35.91071428571429,491.13599999999997,469.07449999999994,0.13180838720371332,26.04990431204161,True,True,No setup,Neutral,0,Not applicable,No directional setup; confirmation score not applicable.,Wide CPR,Wide Downside Watch,Watch,Wide CPR + close below CPR; trend opposes; participation confirmed,0,0,0,0
2026-09-04,2026-09-04,CM,NSE,STK,18571,INE934S01014,GNA,EQ,,,,,GNA AXLES LIMITED,537.0,557.0,529.55,551.05,554.0,531.8,,551.13,,,276542,151513510.85,8707,F1,1,,,,,,Cash Only,Unclassified,False,545.8666666666667,543.275,548.4583333333334,548.4583333333334,543.275,5.183333333333394,0.9406284971115859,Wide,Bullish,Above CPR,False,False,0.6666666666666666,60,173458766.625,Higher,True,Neutral,False,20.582142857142863,523.673,461.689,0.2518364277864567,0.8734843086804405,True,True,No setup,Neutral,0,Not applicable,No directional setup; confirmation score not applicable.,Wide CPR,Wide Upside Watch,Watch,Wide CPR + close above CPR; trend aligned; participation light,0,0,0,0
2026-09-04,2026-09-04,CM,NSE,STK,21339,INE503B01021,STEELXIND,EQ,,,,,STEEL EXCHANGE INDIA LTD,11.78,11.8,11.2,11.34,11.3,11.31,,11.34,,,3888782,44308992.09,4524,F1,1,,,,,,Cash Only,Unclassified,False,11.446666666666667,11.5,11.393333333333334,11.5,11.393333333333334,0.10666666666666558,0.9406231628453755,Wide,Bearish,Below CPR,False,False,0.7833333333333333,60,18075027.755000003,Higher,True,Neutral,False,0.4314285714285715,11.443400000000002,11.25,0.2472406181015427,2.4513927552749144,False,True,No setup,Neutral,0,Not applicable,No directional setup; confirmation score not applicable.,Wide CPR,Wide Downside Watch,Watch,Wide CPR + close below CPR; trend mixed; participation confirmed,0,0,-2,-2
2026-09-04,2026-09-04,CM,NSE,STK,13620,INE242C01024,ANANTRAJ,EQ,,,,,ANANT RAJ LIMITED,633.0,646.4,622.1,625.45,625.3,628.3,,625.4,,,4215356,2673085693.55,66431,F1,1,,,,,,Cash Only,Realty,True,631.3166666666667,634.25,628.3833333333334,634.25,628.3833333333334,5.866666666666561,0.9379913129213463,Wide,Bearish,Below CPR,False,False,0.8833333333333333,60,937896087.575,Higher,True,Neutral,False,18.96071428571427,596.688,557.741,0.30941169083944964,2.85008726335714,True,True,No setup,Neutral,0,Not applicable,No directional setup; confirmation score not applicable.,Wide CPR,Wide Downside Watch,Watch,Wide CPR + close below CPR; trend opposes; participation confirmed,0,0,0,0
2026-09-04,2026-09-04,CM,NSE,STK,3972,INE162C01024,PARASPETRO,EQ,,,,,PARAS PETROFILS LTD.,2.23,2.23,2.11,2.14,2.13,2.13,,2.14,,,112807,241498.83,216,F1,1,,,,,,Cash Only,Unclassified,False,2.16,2.17,2.1500000000000004,2.17,2.1500000000000004,0.019999999999999574,0.9345794392523165,Wide,Bearish,Below CPR,False,False,0.5333333333333333,60,372564.76,Higher,True,Neutral,False,0.1335714285714285,2.2134,2.1011,0.1497326203208525,0.6482063145209976,False,True,No setup,Neutral,0,Not applicable,No directional setup; confirmation score not applicable.,Wide CPR,Wide Downside Watch,Watch,Wide CPR + close below CPR; trend mixed; participation light,0,0,0,0
2026-09-04,2026-09-04,CM,NSE,STK,25312,INE953R01016,PNGJL,EQ,,,,,P N GADGIL JEWELLERS LTD,589.0,614.4,586.7,609.05,609.8,591.25,,608.46,,,436673,265105299.1,17468,F1,1,,,,,,Cash Only,Unclassified,False,603.3833333333333,600.55,606.2166666666667,606.2166666666667,600.55,5.6666666666667425,0.9304107489806654,Wide,Bullish,Above CPR,False,False,0.8666666666666667,60,235116115.225,Higher,True,Neutral,False,18.003571428571426,609.56,603.543,0.31475236394895617,1.1275505247536994,False,True,No setup,Neutral,0,Not applicable,No directional setup; confirmation score not applicable.,Wide CPR,Wide Upside Watch,Watch,Wide CPR + close above CPR; trend mixed; participation confirmed,0,0,0,0
2026-09-04,2026-09-04,CM,NSE,STK,9897,INE645W01026,AIRAN,EQ,,,,,AIRAN LIMITED,15.13,15.55,14.9,15.44,15.54,14.8,,15.47,,,208770,3213186.77,843,F1,1,,,,,,Cash Only,Unclassified,False,15.296666666666667,15.225000000000001,15.368333333333332,15.368333333333332,15.225000000000001,0.14333333333333087,0.9283246977547337,Wide,Bullish,Above CPR,False,False,0.8166666666666667,60,654237.02,Higher,True,Neutral,False,0.5514285714285716,15.293000000000001,16.0161,0.25993091537132534,4.911349666516884,True,False,No setup,Neutral,0,Not applicable,No directional setup; confirmation score not applicable.,Wide CPR,Wide Upside Watch,Watch,Wide CPR + close above CPR; trend mixed; participation confirmed,0,0,0,0
2026-09-04,2026-09-04,CM,NSE,STK,245,INE0CHO01012,ADL,EQ,,,,,ARCHIDPLY DECOR LIMITED,75.0,75.0,71.0,72.0,72.0,72.79,,72.0,,,757,55232.18,24,F1,1,,,,,,Cash Only,Unclassified,False,72.66666666666667,73.0,72.33333333333334,73.0,72.33333333333334,0.6666666666666572,0.9259259259259127,Wide,Bearish,Below CPR,False,False,0.45,60,56531.815,Lower,True,Neutral,False,4.284999999999999,71.5504,72.5575,0.15558148580318723,0.9770105559143997,True,False,No setup,Neutral,0,Not applicable,No directional setup; confirmation score not applicable.,Wide CPR,Wide Downside Watch,Watch,Wide CPR + close below CPR; trend mixed; participation light,0,0,0,0
2026-09-04,2026-09-04,CM,NSE,STK,7229,INE860A01027,HCLTECH,EQ,,,,,HCL TECHNOLOGIES LTD,1324.9,1331.4,1291.2,1293.4,1293.4,1319.0,,1293.4,,,2210569,2884545119.5,71268,F1,1,,,,,,F&O + Cash,Information Technology,True,1305.3333333333335,1311.3000000000002,1299.3666666666668,1311.3000000000002,1299.3666666666668,11.933333333333394,0.9226328539766038,Wide,Bearish,Below CPR,False,False,0.8833333333333333,60,3897051334.7,Lower,True,Neutral,False,32.421428571428564,1266.49,1231.274,0.36806932510832246,0.7401865851279724,True,True,No setup,Neutral,0,Not applicable,No directional setup; confirmation score not applicable.,Wide CPR,Wide Downside Watch,Watch,Wide CPR + close below CPR; trend opposes; participation light,0,0,0,0
2026-09-04,2026-09-04,CM,NSE,STK,11979,INE501G01024,HTMEDIA,EQ,,,,,HT MEDIA LIMITED,26.56,26.9,26.06,26.12,26.3,26.56,,26.12,,,43144,1135940.64,334,F1,1,,,,,,Cash Only,Unclassified,False,26.36,26.479999999999997,26.240000000000002,26.479999999999997,26.240000000000002,0.23999999999999488,0.9188361408881885,Wide,Bearish,Below CPR,False,False,0.75,60,2828740.94,Overlapping,True,Neutral,False,1.1078571428571427,25.836399999999998,24.088900000000002,0.21663442940038227,0.4015711102905026,True,True,No setup,Neutral,0,Not applicable,No directional setup; confirmation score not applicable.,Wide CPR,Wide Downside Watch,Watch,Wide CPR + close below CPR; trend opposes; participation light,0,0,0,0
2026-09-04,2026-09-04,CM,NSE,STK,12188,INE510W01014,INOXGREEN,EQ,,,,,INOX GREEN ENERGY SER LTD,171.01,176.7,168.7,175.1,176.5,171.01,,175.09,,,1333015,231096646.83,13176,F1,1,,,,,,Cash Only,Unclassified,False,173.5,172.7,174.3,174.3,172.7,1.6000000000000227,0.9137635636779113,Wide,Bullish,Above CPR,False,False,0.7166666666666667,60,263190541.435,Higher,True,Neutral,False,6.718571428571431,188.349,180.0832,0.23814586434191273,0.8780583282742089,False,False,No setup,Neutral,0,Not applicable,No directional setup; confirmation score not applicable.,Wide CPR,Wide Upside Watch,Watch,Wide CPR + close above CPR; trend opposes; participation light,0,0,-2,-2
2026-09-04,2026-09-04,CM,NSE,STK,395,INE258A01024,BEML,EQ,,,,,BEML LIMITED,2082.0,2127.0,2045.0,2057.8,2058.0,2079.4,,2057.67,,,687676,1435602230.9,41468,F1,1,,,,,,Cash Only,Capital Goods,True,2076.6,2086.0,2067.2,2086.0,2067.2,18.800000000000182,0.9135970453882875,Wide,Bearish,Below CPR,False,False,0.8666666666666667,60,413822305.65,Overlapping,True,Neutral,False,60.16428571428575,1850.8220000000001,1824.3880000000001,0.3124777395227382,3.4691272348044833,True,True,No setup,Neutral,0,Not applicable,No directional setup; confirmation score not applicable.,Wide CPR,Wide Downside Watch,Watch,Wide CPR + close below CPR; trend opposes; participation confirmed,0,0,0,0
2026-09-04,2026-09-04,CM,NSE,STK,764608,INE759F01012,AUSTENG,EQ,,,,,AUSTIN ENGINEERING CO. L,124.7,124.7,121.3,124.7,124.7,124.7,,124.89,,,951,117527.11,37,F1,1,,,,,,Cash Only,Unclassified,False,123.56666666666666,123.0,124.13333333333333,124.13333333333333,123.0,1.1333333333333258,0.9088479016305739,Wide,Bullish,Above CPR,False,False,0.5333333333333333,15,135529.44,Overlapping,False,Neutral,False,8.423571428571432,,,0.1345430905339316,0.8671703358325689,False,False,No setup,Neutral,0,Not applicable,No directional setup; confirmation score not applicable.,Wide CPR,Wide Upside Watch,Watch,Wide CPR + close above CPR; trend opposes; participation light,0,0,0,0
2026-09-04,2026-09-04,CM,NSE,STK,762670,INE507F01023,EMPOWER,EQ,,,,,EMPOWER INDIA LTD.,1.73,1.9,1.73,1.84,1.89,1.82,,1.84,,,26427168,46944709.51,4753,F1,1,,,,,,Cash Only,Unclassified,False,1.8233333333333333,1.815,1.8316666666666666,1.8316666666666666,1.815,0.016666666666666607,0.9057971014492721,Wide,Bullish,Above CPR,False,False,0.7391304347826086,23,7789813.44,Outside,True,Neutral,False,0.11928571428571426,,,0.13972055888223506,6.026422824061881,False,False,No setup,Neutral,0,Not applicable,No directional setup; confirmation score not applicable.,Wide CPR,Wide Upside Watch,Watch,Wide CPR + close above CPR; trend opposes; participation confirmed,0,0,0,0
2026-09-04,2026-09-04,CM,NSE,STK,761581,INE05HV01027,CMPDI,EQ,,,,,CENTRAL MINE P N D INST L,239.39,244.55,236.67,243.92,243.6,239.66,,243.93,,,2694037,651945967.52,29485,F1,1,,,,,,Cash Only,Unclassified,False,241.71333333333334,240.61,242.81666666666666,242.81666666666666,240.61,2.2066666666666492,0.9046681972231262,Wide,Bullish,Above CPR,False,False,0.7166666666666667,60,560245063.105,Higher,True,Neutral,False,8.968571428571435,247.919,234.9088,0.24604438780927895,1.163679986587965,False,True,No setup,Neutral,0,Not applicable,No directional setup; confirmation score not applicable.,Wide CPR,Wide Upside Watch,Watch,Wide CPR + close above CPR; trend mixed; participation confirmed,0,0,0,0
2026-09-04,2026-09-04,CM,NSE,STK,3384,INE277A01016,SWARAJENG,EQ,,,,,SWARAJ ENGINES LTD,3544.1,3672.0,3540.0,3557.8,3550.0,3554.7,,3557.55,,,6552,23425777.0,1529,F1,1,,,,,,Cash Only,Unclassified,False,3589.933333333333,3606.0,3573.866666666666,3606.0,3573.866666666666,32.13333333333412,0.903179867708531,Wide,Bearish,Below CPR,False,False,0.95,60,29165757.2,Higher,True,Neutral,False,51.95000000000001,3664.482,3763.298,0.6185434712865084,0.8031945421255856,False,False,No setup,Neutral,0,Not applicable,No directional setup; confirmation score not applicable.,Wide CPR,Wide Downside Watch,Watch,Wide CPR + close below CPR; trend aligned; participation light,0,0,0,0
2026-09-04,2026-09-04,CM,NSE,STK,764638,INE700F01024,CFEL,EQ,,,,,CONFIDENCE FUTURIST ENE L,32.1,32.67,31.41,32.48,32.48,32.05,,32.48,,,14038,454299.91,79,F1,1,,,,,,Cash Only,Unclassified,False,32.18666666666667,32.04,32.333333333333336,32.333333333333336,32.04,0.29333333333333655,0.90311986863712,Wide,Bullish,Above CPR,False,False,0.4,15,446413.49,Outside,False,Neutral,False,2.532857142857143,,,0.11581124271479729,1.0176661776058784,False,False,No setup,Neutral,0,Not applicable,No directional setup; confirmation score not applicable.,Wide CPR,Wide Upside Watch,Watch,Wide CPR + close above CPR; trend opposes; participation confirmed,0,0,0,0
2026-09-04,2026-09-04,CM,NSE,STK,28899,INE602G01020,KITEX,EQ,,,,,KITEX GARMENTS LTD,123.65,130.57,123.65,128.85,129.6,123.64,,128.85,,,679715,86615640.62,6901,F1,1,,,,,,Cash Only,Unclassified,False,127.69,127.11,128.26999999999998,128.26999999999998,127.11,1.1599999999999824,0.9002716336825631,Wide,Bullish,Above CPR,False,False,0.9,60,62813508.925,Higher,True,Neutral,False,4.222857142857142,142.0066,151.91899999999998,0.2746955345060852,1.378933323457857,False,False,No setup,Neutral,0,Not applicable,No directional setup; confirmation score not applicable.,Wide CPR,Wide Upside Watch,Watch,Wide CPR + close above CPR; trend opposes; participation confirmed,0,0,0,0
2026-09-04,2026-09-04,CM,NSE,STK,2259,INE083A01026,MOREPENLAB,EQ,,,,,MOREPEN LAB. LTD,117.91,118.0,112.55,113.74,113.6,117.45,,113.74,,,17563502,2017342713.96,68746,F1,1,,,,,,Cash Only,Unclassified,False,114.76333333333334,115.275,114.25166666666667,115.275,114.25166666666667,1.0233333333333405,0.8997127952640589,Wide,Bearish,Below CPR,False,False,0.6,60,837059960.03,Inside,True,Neutral,False,6.723571428571428,74.4436,59.742799999999995,0.152200856970857,2.4100337016331532,True,True,No setup,Neutral,0,Not applicable,No directional setup; confirmation score not applicable.,Wide CPR,Wide Downside Watch,Watch,Wide CPR + close below CPR; trend opposes; participation confirmed,0,0,0,0
2026-09-04,2026-09-04,CM,NSE,STK,18431,INE412U01025,BIGBLOC,EQ,,,,,BIGBLOC CONSTRUCTION LTD,41.95,42.4,40.31,41.92,42.4,41.29,,41.92,,,56466,2332106.71,623,F1,1,,,,,,Cash Only,Unclassified,False,41.54333333333334,41.355000000000004,41.73166666666667,41.73166666666667,41.355000000000004,0.37666666666666515,0.8985368956742966,Wide,Bullish,Above CPR,False,False,0.8666666666666667,60,2271083.64,Outside,True,Neutral,False,1.471428571428571,45.7896,48.670199999999994,0.25598705501618024,1.026869582839318,False,False,No setup,Neutral,0,Not applicable,No directional setup; confirmation score not applicable.,Wide CPR,Wide Upside Watch,Watch,Wide CPR + close above CPR; trend opposes; participation confirmed,0,0,0,0
2026-09-04,2026-09-04,CM,NSE,STK,1814,INE220B01022,KPIL,EQ,,,,,KALPATARU PROJECT INT LTD,1421.1,1449.0,1402.0,1406.6,1408.0,1417.7,,1406.6,,,145207,206832487.7,20841,F1,1,,,,,,Cash Only,Construction,True,1419.2,1425.5,1412.9,1425.5,1412.9,12.599999999999909,0.8957770510450668,Wide,Bearish,Below CPR,False,False,0.9,60,210486949.55,Overlapping,True,Neutral,False,31.70714285714293,1347.6440000000002,1316.93,0.3973867988285612,0.9826380597095787,True,True,No setup,Neutral,0,Not applicable,No directional setup; confirmation score not applicable.,Wide CPR,Wide Downside Watch,Watch,Wide CPR + close below CPR; trend opposes; participation light,0,0,0,0
2026-09-04,2026-09-04,CM,NSE,STK,760896,INE0OU201013,DCMSIL,EQ,,,,,DCM SHRIRAM INTERNATNL L,71.3,71.3,68.06,68.76,69.0,70.29,,68.77,,,99773,6965654.31,1074,F1,1,,,,,,Cash Only,Unclassified,False,69.37333333333333,69.68,69.06666666666666,69.68,69.06666666666666,0.6133333333333439,0.8919914679077136,Wide,Bearish,Below CPR,False,False,0.4074074074074074,27,8920785.01,Lower,True,Neutral,False,4.933571428571428,,,0.12431832440519497,0.7808342317623009,False,False,No setup,Neutral,0,Not applicable,No directional setup; confirmation score not applicable.,Wide CPR,Wide Downside Watch,Watch,Wide CPR + close below CPR; trend aligned; participation light,0,0,0,0
2026-09-04,2026-09-04,CM,NSE,STK,20776,INE458B01036,BHAGYANGR,EQ,,,,,BHAGYANAGAR INDIA LIMITED,373.05,381.8,369.0,370.45,369.75,373.45,,370.45,,,77510,28929252.8,2681,F1,1,,,,,,Cash Only,Unclassified,False,373.75,375.4,372.1,375.4,372.1,3.2999999999999545,0.8908084761776095,Wide,Bearish,Below CPR,False,False,0.6166666666666667,60,32019818.625,Overlapping,True,Neutral,False,15.867857142857142,256.399,,0.2079675894665738,0.9034795961465256,True,False,No setup,Neutral,0,Not applicable,No directional setup; confirmation score not applicable.,Wide CPR,Wide Downside Watch,Watch,Wide CPR + close below CPR; trend mixed; participation light,0,0,0,0
2026-09-04,2026-09-04,CM,NSE,STK,14299,INE134E01011,PFC,EQ,,,,,POWER FIN CORP LTD.,344.9,357.7,344.0,355.6,355.6,345.5,,355.61,,,19206290,6784877905.9,93027,F1,1,,,,,,F&O + Cash,Financial Services,True,352.4333333333334,350.85,354.01666666666677,354.01666666666677,350.85,3.1666666666667425,0.8905136857892977,Wide,Bullish,Above CPR,False,False,0.9333333333333333,60,2508888461.8,Higher,True,Neutral,False,8.046428571428565,395.36799999999994,418.89599999999996,0.39354934161859234,2.704336206732839,False,False,No setup,Neutral,0,Not applicable,No directional setup; confirmation score not applicable.,Wide CPR,Wide Upside Watch,Watch,Wide CPR + close above CPR; trend opposes; participation confirmed,0,0,0,0
2026-09-04,2026-09-04,CM,NSE,STK,25807,INE080I01025,LLOYDSENT,EQ,,,,,LLOYDS ENTERPRISES LTD,71.79,74.69,71.79,74.23,74.2,71.97,,74.23,,,3684805,271090260.49,15028,F1,1,,,,,,Cash Only,Unclassified,False,73.57000000000001,73.24000000000001,73.9,73.9,73.24000000000001,0.6599999999999966,0.8891283847500964,Wide,Bullish,Above CPR,False,False,0.7166666666666667,60,264493032.445,Higher,True,Neutral,False,2.5642857142857136,77.2146,73.4118,0.2573816155988845,1.024942918095099,False,True,No setup,Neutral,0,Not applicable,No directional setup; confirmation score not applicable.,Wide CPR,Wide Upside Watch,Watch,Wide CPR + close above CPR; trend mixed; participation confirmed,0,0,0,0
2026-09-04,2026-09-04,CM,NSE,STK,25835,INE498Q01014,VINCOFE,EQ,,,,,VINTAGE COFFEE N BVRGS L,176.8,177.66,168.18,170.65,171.1,176.48,,170.65,,,2286890,397812133.51,19538,F1,1,,,,,,Cash Only,Unclassified,False,172.16333333333333,172.92000000000002,171.40666666666664,172.92000000000002,171.40666666666664,1.513333333333378,0.8868053520851907,Wide,Bearish,Below CPR,False,False,0.7,60,345159575.70500004,Lower,True,Neutral,False,8.706428571428564,158.26760000000002,150.4461,0.17381792326415055,1.1525455514234404,True,True,No setup,Neutral,0,Not applicable,No directional setup; confirmation score not applicable.,Wide CPR,Wide Downside Watch,Watch,Wide CPR + close below CPR; trend opposes; participation confirmed,0,0,0,0
2026-09-04,2026-09-04,CM,NSE,STK,20152,INE491J01022,ASKAUTOLTD,EQ,,,,,ASK AUTOMOTIVE LIMITED,639.0,639.0,615.15,618.85,619.0,632.2,,618.86,,,164992,102854566.55,7129,F1,1,,,,,,Cash Only,Unclassified,False,624.3333333333334,627.075,621.5916666666667,627.075,621.5916666666667,5.4833333333333485,0.8860520858581802,Wide,Bearish,Below CPR,False,False,0.7666666666666667,60,128196107.42500001,Lower,True,Neutral,False,22.810714285714287,556.129,501.115,0.24038411356401088,0.8023220721438374,True,True,No setup,Neutral,0,Not applicable,No directional setup; confirmation score not applicable.,Wide CPR,Wide Downside Watch,Watch,Wide CPR + close below CPR; trend opposes; participation light,0,0,0,0
2026-09-04,2026-09-04,CM,NSE,STK,34,INE045A01017,ADOR,EQ,,,,,ADOR WELDING LTD,1720.0,1731.0,1662.2,1674.4,1674.0,1714.6,,1674.4,,,26990,45410047.8,3997,F1,1,,,,,,Cash Only,Unclassified,False,1689.2,1696.6,1681.8000000000002,1696.6,1681.8000000000002,14.799999999999727,0.8838987099856501,Wide,Bearish,Below CPR,False,False,0.7333333333333333,60,54447356.599999994,Lower,True,Neutral,False,74.85000000000005,1477.994,1288.128,0.19772879091515988,0.8340174920447837,True,True,No setup,Neutral,0,Not applicable,No directional setup; confirmation score not applicable.,Wide CPR,Wide Downside Watch,Watch,Wide CPR + close below CPR; trend opposes; participation light,0,0,0,0
2026-09-04,2026-09-04,CM,NSE,STK,4279,INE244A01016,DENORA,EQ,,,,,DE NORA INDIA LIMITED,822.3,836.0,810.1,812.3,812.0,824.55,,812.29,,,2711,2216710.1,276,F1,1,,,,,,Cash Only,Unclassified,False,819.4666666666666,823.05,815.8833333333332,823.05,815.8833333333332,7.1666666666667425,0.882268455825033,Wide,Bearish,Below CPR,False,False,0.7166666666666667,60,4869076.225,Overlapping,True,Neutral,False,28.08571428571429,862.4359999999999,819.8995,0.25517124448966017,0.4552629693120075,False,False,No setup,Neutral,0,Not applicable,No directional setup; confirmation score not applicable.,Wide CPR,Wide Downside Watch,Watch,Wide CPR + close below CPR; trend aligned; participation light,0,0,0,0
2026-09-04,2026-09-04,CM,NSE,STK,24403,INE365D01021,ASHIANA,EQ,,,,,ASHIANA HOUSING LTD,366.2,370.4,358.2,359.55,358.75,366.55,,359.58,,,40739,14826575.1,991,F1,1,,,,,,Cash Only,Unclassified,False,362.71666666666664,364.29999999999995,361.1333333333333,364.29999999999995,361.1333333333333,3.1666666666666288,0.8807305428081292,Wide,Bearish,Below CPR,False,False,0.85,60,14864999.024999999,Lower,True,Neutral,False,7.935714285714271,376.869,368.2010000000001,0.399039903990395,0.9974151411019013,False,False,No setup,Neutral,0,Not applicable,No directional setup; confirmation score not applicable.,Wide CPR,Wide Downside Watch,Watch,Wide CPR + close below CPR; trend aligned; participation light,0,0,0,0
2026-09-04,2026-09-04,CM,NSE,STK,13101,INE579C01029,VIMTALABS,EQ,,,,,VIMTA LABS LIMITED,655.45,657.0,631.05,635.65,639.5,652.25,,635.64,,,219490,141175175.35,11395,F1,1,,,,,,Cash Only,Unclassified,False,641.2333333333332,644.025,638.4416666666665,644.025,638.4416666666665,5.583333333333485,0.8783659770838488,Wide,Bearish,Below CPR,False,False,0.7,60,117644549.075,Lower,True,Neutral,False,23.235714285714298,604.611,550.2755,0.2402910134235129,1.2000145902212511,True,True,No setup,Neutral,0,Not applicable,No directional setup; confirmation score not applicable.,Wide CPR,Wide Downside Watch,Watch,Wide CPR + close below CPR; trend opposes; participation confirmed,0,0,0,0
2026-09-04,2026-09-04,CM,NSE,STK,24014,INE02L001032,BOROSCI,EQ,,,,,BOROSIL SCIENTIFIC LTD,136.41,136.8,131.0,132.16,131.0,134.93,,132.16,,,46065,6134322.6,876,F1,1,,,,,,Cash Only,Unclassified,False,133.32000000000002,133.9,132.74000000000004,133.9,132.74000000000004,1.1599999999999682,0.8777239709442858,Wide,Bearish,Below CPR,False,False,0.8,60,12072935.515,Lower,True,Neutral,False,4.60142857142857,146.8244,140.7106,0.2520956224774846,0.5081053064831184,False,False,No setup,Neutral,0,Not applicable,No directional setup; confirmation score not applicable.,Wide CPR,Wide Downside Watch,Watch,Wide CPR + close below CPR; trend aligned; participation light,0,0,0,0
2026-09-04,2026-09-04,CM,NSE,STK,20063,INE019J01013,HEALTHX,EQ,,,,,HEALTH X PLATFORM LIMITED,295.0,303.7,289.0,300.3,301.5,292.05,,300.3,,,17264,5103394.6,414,F1,1,,,,,,Cash Only,Unclassified,False,297.6666666666667,296.35,298.98333333333335,298.98333333333335,296.35,2.6333333333333258,0.8769008769008744,Wide,Bullish,Above CPR,False,False,0.5833333333333334,60,1710644.225,Higher,True,Neutral,False,14.667857142857136,308.998,,0.17953088223358452,2.9833173522682657,False,False,No setup,Neutral,0,Not applicable,No directional setup; confirmation score not applicable.,Wide CPR,Wide Upside Watch,Watch,Wide CPR + close above CPR; trend opposes; participation confirmed,0,0,0,0
2026-09-04,2026-09-04,CM,NSE,STK,25178,INE419M01035,TDPOWERSYS,EQ,,,,,TD POWER SYSTEMS LTD.,723.0,742.8,717.95,740.1,739.5,722.55,,739.76,,,1283741,941803466.95,71146,F1,1,,,,,,Cash Only,Unclassified,False,733.6166666666667,730.375,736.8583333333333,736.8583333333333,730.375,6.4833333333333485,0.8760077467008983,Wide,Bullish,Above CPR,False,False,0.55,60,1193211634.65,Inside,True,Neutral,False,94.18571428571424,1130.171,1166.198,0.06883563375297051,0.7893012769911981,False,False,No setup,Neutral,0,Not applicable,No directional setup; confirmation score not applicable.,Wide CPR,Wide Upside Watch,Watch,Wide CPR + close above CPR; trend opposes; participation light,0,0,0,0
2026-09-04,2026-09-04,CM,NSE,STK,12489,INE00M201021,SWSOLAR,EQ,,,,,STRLNG & WIL REN ENE LTD,188.2,191.85,185.5,186.23,187.2,187.79,,186.23,,,580711,108774565.72,8709,F1,1,,,,,,Cash Only,Unclassified,False,187.86,188.675,187.04500000000002,188.675,187.04500000000002,1.6299999999999955,0.8752617730763012,Wide,Bearish,Below CPR,False,False,0.8,60,225091481.965,Overlapping,True,Neutral,False,5.768571428571426,212.175,210.1378,0.28256562654779527,0.48324603299254837,False,False,No setup,Neutral,0,Not applicable,No directional setup; confirmation score not applicable.,Wide CPR,Wide Downside Watch,Watch,Wide CPR + close below CPR; trend aligned; participation light,0,0,0,0
2026-09-04,2026-09-04,CM,NSE,STK,20936,INE146L01010,KIRLOSENG,EQ,,,,,KIRLOSKAR OIL ENG LTD,2270.0,2279.0,2182.2,2201.9,2192.0,2267.6,,2201.95,,,365394,815677512.5,30188,F1,1,,,,,,Cash Only,Capital Goods,True,2221.0333333333333,2230.6,2211.4666666666667,2230.6,2211.4666666666667,19.133333333333212,0.8689465158877884,Wide,Bearish,Below CPR,False,False,0.6166666666666667,60,929873049.4000001,Inside,True,Neutral,False,80.19285714285716,2212.894,2012.871,0.23859149075146066,0.8771923361219204,False,True,No setup,Neutral,0,Not applicable,No directional setup; confirmation score not applicable.,Wide CPR,Wide Downside Watch,Watch,Wide CPR + close below CPR; trend mixed; participation light,0,0,0,0
2026-09-04,2026-09-04,CM,NSE,STK,13352,INE383H01017,MALUPAPER,EQ,,,,,MALU PAPER MILLS LIMITED,32.97,32.97,31.15,31.65,31.65,32.44,,31.65,,,8353,268478.48,105,F1,1,,,,,,Cash Only,Unclassified,False,31.923333333333336,32.06,31.78666666666667,32.06,31.78666666666667,0.27333333333333343,0.8636124275934706,Wide,Bearish,Below CPR,False,False,0.8,60,287196.085,Lower,True,Neutral,False,1.3085714285714285,31.8688,32.172000000000004,0.2088791848617177,0.9348263922190999,False,False,No setup,Neutral,0,Not applicable,No directional setup; confirmation score not applicable.,Wide CPR,Wide Downside Watch,Watch,Wide CPR + close below CPR; trend aligned; participation light,0,0,0,0
2026-09-04,2026-09-04,CM,NSE,STK,12384,INE518E01015,ZIMLAB,EQ,,,,,ZIM LABORATORIES LIMITED,128.66,129.0,125.25,125.5,125.25,128.02,,125.5,,,54799,6951981.07,871,F1,1,,,,,,Cash Only,Unclassified,False,126.58333333333333,127.125,126.04166666666666,127.125,126.04166666666666,1.0833333333333428,0.8632138114209903,Wide,Bearish,Below CPR,False,False,0.4166666666666667,60,6419924.49,Lower,True,Neutral,False,7.325000000000003,92.9144,81.99510000000001,0.14789533560864743,1.0828758314570146,True,True,No setup,Neutral,0,Not applicable,No directional setup; confirmation score not applicable.,Wide CPR,Wide Downside Watch,Watch,Wide CPR + close below CPR; trend opposes; participation confirmed,0,0,0,0
2026-09-04,2026-09-04,CM,NSE,STK,760277,INE537F01012,MODINATUR,EQ,,,,,MODI NATURALS LIMITED,345.1,345.1,328.0,340.95,338.4,334.3,,340.95,,,3782,1289992.2,147,F1,1,,,,,,Cash Only,Unclassified,False,338.01666666666665,336.55,339.4833333333333,339.4833333333333,336.55,2.9333333333332803,0.8603412035000089,Wide,Bullish,Above CPR,False,False,0.5333333333333333,60,2714237.125,Inside,True,Neutral,False,43.76071428571428,358.027,342.124,0.06703120324274207,0.4752687921472594,False,False,No setup,Neutral,0,Not applicable,No directional setup; confirmation score not applicable.,Wide CPR,Wide Upside Watch,Watch,Wide CPR + close above CPR; trend opposes; participation light,0,0,0,0
2026-09-04,2026-09-04,CM,NSE,STK,5352,INE0GFE01026,EXXARO,EQ,,,,,EXXARO TILES LIMITED,6.6,6.85,6.5,6.59,6.58,6.7,,6.59,,,298855,1979669.48,712,F1,1,,,,,,Cash Only,Unclassified,False,6.646666666666666,6.675,6.618333333333331,6.675,6.618333333333331,0.05666666666666842,0.859888720283284,Wide,Bearish,Below CPR,False,False,0.6833333333333333,60,1255385.145,Lower,True,Neutral,False,0.42857142857142866,6.3919999999999995,6.5834,0.1322222222222263,1.5769419352178171,True,True,No setup,Neutral,0,Not applicable,No directional setup; confirmation score not applicable.,Wide CPR,Wide Downside Watch,Watch,Wide CPR + close below CPR; trend opposes; participation confirmed,0,0,0,0
2026-09-04,2026-09-04,CM,NSE,STK,3727,INE02AR01019,ANMOL,EQ,,,,,ANMOL INDIA LIMITED,10.0,10.2,9.7,10.08,10.16,10.04,,10.07,,,48326,485464.22,241,F1,1,,,,,,Cash Only,Unclassified,False,9.993333333333332,9.95,10.036666666666665,10.036666666666665,9.95,0.086666666666666,0.8597883597883531,Wide,Bullish,Above CPR,False,False,0.9,60,251919.275,Lower,True,Neutral,False,0.3249999999999998,10.388399999999999,11.043199999999999,0.2666666666666648,1.9270626275024012,False,False,No setup,Neutral,0,Not applicable,No directional setup; confirmation score not applicable.,Wide CPR,Wide Upside Watch,Watch,Wide CPR + close above CPR; trend opposes; participation confirmed,0,0,-2,-2
2026-09-04,2026-09-04,CM,NSE,STK,765080,INE638B01025,HBPOR,EQ,,,,,HB PORTFOLIO LTD.,59.66,60.0,58.26,58.38,58.36,59.66,,58.38,,,115,6739.96,10,F1,1,,,,,,Cash Only,Unclassified,False,58.879999999999995,59.129999999999995,58.629999999999995,59.129999999999995,58.629999999999995,0.5,0.8564576909900651,Wide,Bearish,Below CPR,False,False,0.3333333333333333,15,54181.88,Lower,False,Neutral,False,3.850714285714287,,,0.12984603969578923,0.12439509297204158,False,False,No setup,Neutral,0,Not applicable,No directional setup; confirmation score not applicable.,Wide CPR,Wide Downside Watch,Watch,Wide CPR + close below CPR; trend aligned; participation light,0,0,0,0
2026-09-04,2026-09-04,CM,NSE,STK,760346,INE428V01029,NEPHROPLUS,EQ,,,,,NEPHROCARE HEALTH SERV L,711.85,720.0,692.0,697.05,700.0,706.75,,697.07,,,197509,139836547.6,11171,F1,1,,,,,,Cash Only,Unclassified,False,703.0166666666668,706.0,700.0333333333335,706.0,700.0333333333335,5.96666666666647,0.8559883317791364,Wide,Bearish,Below CPR,False,False,0.75,60,101996588.8,Overlapping,True,Neutral,False,24.34642857142855,677.4459999999999,649.702,0.24507359053346237,1.3709923953848935,True,True,No setup,Neutral,0,Not applicable,No directional setup; confirmation score not applicable.,Wide CPR,Wide Downside Watch,Watch,Wide CPR + close below CPR; trend opposes; participation confirmed,0,0,0,0
2026-09-04,2026-09-04,CM,NSE,STK,5394,INE0CT101020,MOL,EQ,,,,,MEGHMANI ORGANICS LIMITED,68.23,68.75,66.28,66.66,66.28,67.52,,66.66,,,1538689,103459938.08,7566,F1,1,,,,,,Cash Only,Unclassified,False,67.23,67.515,66.94500000000001,67.515,66.94500000000001,0.5699999999999932,0.8550855085508449,Wide,Bearish,Below CPR,False,False,0.6666666666666666,60,55991322.865,Outside,True,Neutral,False,3.154285714285713,55.3166,53.282700000000006,0.18070652173912835,1.8477852064587044,True,True,No setup,Neutral,0,Not applicable,No directional setup; confirmation score not applicable.,Wide CPR,Wide Downside Watch,Watch,Wide CPR + close below CPR; trend opposes; participation confirmed,0,0,0,0
2026-09-04,2026-09-04,CM,NSE,STK,3499,INE081A01020,TATASTEEL,EQ,,,,,TATA STEEL LIMITED,184.2,189.9,182.84,188.79,188.79,184.2,,188.79,,,36500951,6838451656.64,121419,F1,1,,,,,,F&O + Cash,Metals & Mining,True,187.17666666666665,186.37,187.9833333333333,187.9833333333333,186.37,1.613333333333287,0.8545650369899291,Wide,Bullish,Above CPR,False,False,1.0,60,4419259491.465,Higher,True,Neutral,False,4.2542857142857144,186.8946,197.43630000000002,0.37922543093797884,1.5474202566849111,True,False,No setup,Neutral,0,Not applicable,No directional setup; confirmation score not applicable.,Wide CPR,Wide Upside Watch,Watch,Wide CPR + close above CPR; trend mixed; participation confirmed,0,0,-2,-2
2026-09-04,2026-09-04,CM,NSE,STK,17801,INE093R01011,LLOYDSENGG,EQ,,,,,LLOYDS ENGG WORK LIMITED,85.11,86.63,83.94,84.21,84.66,84.95,,84.21,,,4801657,408703407.49,23635,F1,1,,,,,,Cash Only,Unclassified,False,84.92666666666666,85.285,84.56833333333333,85.285,84.56833333333333,0.7166666666666686,0.8510469857103296,Wide,Bearish,Below CPR,False,False,0.5166666666666667,60,766670274.6500001,Overlapping,True,Neutral,False,3.0328571428571425,88.885,78.8271,0.2363008321557551,0.5330888923228191,False,True,No setup,Neutral,0,Not applicable,No directional setup; confirmation score not applicable.,Wide CPR,Wide Downside Watch,Watch,Wide CPR + close below CPR; trend mixed; participation light,0,-2,0,-2
2026-09-04,2026-09-04,CM,NSE,STK,762802,INE200D01020,MMWL,EQ,,,,,MEDIA MATRIX WORLDWIDE L,14.1,14.59,14.1,14.53,14.23,14.07,,14.46,,,8751,126608.37,170,F1,1,,,,,,Cash Only,Unclassified,False,14.406666666666666,14.344999999999999,14.468333333333334,14.468333333333334,14.344999999999999,0.12333333333333485,0.8488185363615612,Wide,Bullish,Above CPR,False,False,0.28205128205128205,39,585183.1,Higher,True,Neutral,False,0.9242857142857144,,,0.13343637300360803,0.21635684625888887,False,False,No setup,Neutral,0,Not applicable,No directional setup; confirmation score not applicable.,Wide CPR,Wide Upside Watch,Watch,Wide CPR + close above CPR; trend opposes; participation light,0,0,0,0
2026-09-04,2026-09-04,CM,NSE,STK,9436,INE555B01013,AXISCADES,EQ,,,,,AXISCADES TECH LTD,1735.2,1765.0,1701.7,1711.6,1710.1,1730.4,,1711.6,,,168634,292321339.6,14233,F1,1,,,,,,Cash Only,Unclassified,False,1726.0999999999997,1733.35,1718.8499999999995,1733.35,1718.8499999999995,14.500000000000455,0.8471605515307581,Wide,Bearish,Below CPR,False,False,0.6,60,253274134.95,Overlapping,True,Neutral,False,62.121428571428574,1595.85,1764.736,0.23341382085777435,1.1541697286132613,True,False,No setup,Neutral,0,Not applicable,No directional setup; confirmation score not applicable.,Wide CPR,Wide Downside Watch,Watch,Wide CPR + close below CPR; trend mixed; participation confirmed,0,0,0,0
2026-09-04,2026-09-04,CM,NSE,STK,9678,INE980Y01015,SOUTHWEST,EQ,,,,,SOUTH WEST PINNACLE LTD,211.25,220.0,211.25,212.92,212.2,213.12,,212.93,,,139283,30014878.22,2892,F1,1,,,,,,Cash Only,Unclassified,False,214.72333333333333,215.625,213.82166666666666,215.625,213.82166666666666,1.8033333333333417,0.8469534723526873,Wide,Bearish,Below CPR,False,False,0.7166666666666667,60,38017965.474999994,Higher,True,Neutral,False,10.013571428571426,223.7026,234.2024,0.18008892693249726,0.7894919637332329,False,False,No setup,Neutral,0,Not applicable,No directional setup; confirmation score not applicable.,Wide CPR,Wide Downside Watch,Watch,Wide CPR + close below CPR; trend aligned; participation light,0,0,0,0
2026-09-04,2026-09-04,CM,NSE,STK,10700,INE130B01031,SURANAT&P,EQ,,,,,SURANA TELECOM AND POW LT,16.49,16.6,16.12,16.57,16.58,16.21,,16.57,,,29385,483109.05,231,F1,1,,,,,,Cash Only,Unclassified,False,16.43,16.36,16.5,16.5,16.36,0.14000000000000057,0.8449004224502146,Wide,Bullish,Above CPR,False,False,0.7166666666666667,60,983748.86,Higher,True,Neutral,False,0.606428571428571,17.5934,18.0857,0.2308598351001189,0.4910898194077704,False,False,No setup,Neutral,0,Not applicable,No directional setup; confirmation score not applicable.,Wide CPR,Wide Upside Watch,Watch,Wide CPR + close above CPR; trend opposes; participation light,0,0,0,0
2026-09-04,2026-09-04,CM,NSE,STK,11817,INE584F01014,MANGALAM,EQ,,,,,MANGALAM DRUG & CHEM LTD,30.9,30.9,29.9,30.02,30.0,30.3,,30.03,,,18726,567675.87,225,F1,1,,,,,,Cash Only,Unclassified,False,30.27333333333333,30.4,30.14666666666666,30.4,30.14666666666666,0.2533333333333374,0.8438818565400981,Wide,Bearish,Below CPR,False,False,0.6666666666666666,60,675184.54,Overlapping,True,Neutral,False,2.199285714285714,28.2192,27.9238,0.11518891414961756,0.8407714282083532,True,True,No setup,Neutral,0,Not applicable,No directional setup; confirmation score not applicable.,Wide CPR,Wide Downside Watch,Watch,Wide CPR + close below CPR; trend opposes; participation light,0,0,0,0
2026-09-04,2026-09-04,CM,NSE,STK,11536,INE467B01029,TCS,EQ,,,,,TATA CONSULTANCY SERV LT,2330.0,2363.9,2302.4,2304.0,2304.0,2320.1,,2303.97,,,2564322,5951009095.3,112846,F1,1,,,,,,F&O + Cash,Information Technology,True,2323.4333333333334,2333.15,2313.7166666666667,2333.15,2313.7166666666667,19.433333333333394,0.8434606481481508,Wide,Bearish,Below CPR,False,False,0.85,60,7275742051.35,Overlapping,True,Neutral,False,55.22142857142853,2271.054,2295.123,0.35191652653818095,0.8179246945946635,True,True,No setup,Neutral,0,Not applicable,No directional setup; confirmation score not applicable.,Wide CPR,Wide Downside Watch,Watch,Wide CPR + close below CPR; trend opposes; participation light,0,0,0,0
2026-09-04,2026-09-04,CM,NSE,STK,765185,INE967A01012,SWARNSAR,EQ,,,,,SWARNSARITA JEWELS IND L,35.05,35.44,34.17,35.25,35.25,35.48,,35.25,,,6016,211514.7,35,F1,1,,,,,,Cash Only,Unclassified,False,34.95333333333333,34.805,35.10166666666667,35.10166666666667,34.805,0.29666666666666686,0.8416075650118208,Wide,Bullish,Above CPR,False,False,0.6,15,121131.29,Overlapping,False,Neutral,False,1.9678571428571432,,,0.15075620084694502,1.7461607153692495,False,False,No setup,Neutral,0,Not applicable,No directional setup; confirmation score not applicable.,Wide CPR,Wide Upside Watch,Watch,Wide CPR + close above CPR; trend opposes; participation confirmed,0,0,0,0
2026-09-04,2026-09-04,CM,NSE,STK,11905,INE955D01029,GENUSPOWER,EQ,,,,,GENUS POWER INFRASTRU LTD,340.8,349.35,334.75,337.8,339.4,339.7,,337.73,,,2486451,847296283.05,50287,F1,1,,,,,,Cash Only,Unclassified,False,340.6333333333334,342.05,339.21666666666675,342.05,339.21666666666675,2.8333333333332575,0.8387606078547238,Wide,Bearish,Below CPR,False,False,0.75,60,529559234.675,Outside,True,Neutral,False,14.374999999999991,318.43600000000004,316.1775,0.19710144927535717,1.6000028468392224,True,True,No setup,Neutral,0,Not applicable,No directional setup; confirmation score not applicable.,Wide CPR,Wide Downside Watch,Watch,Wide CPR + close below CPR; trend opposes; participation confirmed,0,0,0,0
2026-09-04,2026-09-04,CM,NSE,STK,4568,INE446A01025,ATLASCYCLE,EQ,,,,,ATLAS CYCLE (HARYANA) LTD,96.44,96.44,93.5,96.18,96.2,95.44,,96.1,,,3691,351615.8,109,F1,1,,,,,,Cash Only,Unclassified,False,95.37333333333333,94.97,95.77666666666667,95.77666666666667,94.97,0.806666666666672,0.838705205517438,Wide,Bullish,Above CPR,False,False,0.7833333333333333,60,306243.985,Lower,True,Neutral,False,3.0857142857142827,97.34119999999999,99.1709,0.26141975308642174,1.148155775206491,False,False,No setup,Neutral,0,Not applicable,No directional setup; confirmation score not applicable.,Wide CPR,Wide Upside Watch,Watch,Wide CPR + close above CPR; trend opposes; participation confirmed,0,0,0,0
2026-09-04,2026-09-04,CM,NSE,STK,14014,INE872H01027,LUMAXTECH,EQ,,,,,LUMAX AUTO TECH LTD,1995.2,2010.0,1942.9,1951.9,1954.7,1985.4,,1951.99,,,81128,159397507.7,11010,F1,1,,,,,,Cash Only,Unclassified,False,1968.2666666666667,1976.45,1960.0833333333333,1976.45,1960.0833333333333,16.366666666666788,0.838499240056703,Wide,Bearish,Below CPR,False,False,0.7833333333333333,60,219329638.1,Lower,True,Neutral,False,74.07142857142858,1707.682,1688.336,0.2209578913532642,0.7267486012415939,True,True,No setup,Neutral,0,Not applicable,No directional setup; confirmation score not applicable.,Wide CPR,Wide Downside Watch,Watch,Wide CPR + close below CPR; trend opposes; participation light,0,0,0,0
2026-09-04,2026-09-04,CM,NSE,STK,24823,INE545L01039,MANCREDIT,EQ,,,,,MANGAL CREDIT N FINCORP L,233.82,235.38,227.01,228.33,229.24,231.4,,228.3,,,6769,1553413.85,383,F1,1,,,,,,Cash Only,Unclassified,False,230.24,231.195,229.28500000000003,231.195,229.28500000000003,1.9099999999999682,0.8365085621687769,Wide,Bearish,Below CPR,False,False,0.48333333333333334,60,60728118.905,Lower,True,Neutral,False,13.088571428571427,233.49040000000002,210.9011,0.14592883649857868,0.025579811757879118,False,True,No setup,Neutral,0,Not applicable,No directional setup; confirmation score not applicable.,Wide CPR,Wide Downside Watch,Watch,Wide CPR + close below CPR; trend mixed; participation light,0,0,0,0
2026-09-04,2026-09-04,CM,NSE,STK,13162,INE185H01016,CELEBRITY,EQ,,,,,CELEBRITY FASHIONS LTD,6.83,6.83,6.6,6.8,6.82,6.74,,6.8,,,23532,158675.41,83,F1,1,,,,,,Cash Only,Unclassified,False,6.743333333333333,6.715,6.7716666666666665,6.7716666666666665,6.715,0.05666666666666664,0.8333333333333329,Wide,Bullish,Above CPR,False,False,0.6666666666666666,60,126475.23999999999,Outside,True,Neutral,False,0.3264285714285715,7.0922,7.4253,0.173595915390226,1.2545966309295007,False,False,No setup,Neutral,0,Not applicable,No directional setup; confirmation score not applicable.,Wide CPR,Wide Upside Watch,Watch,Wide CPR + close above CPR; trend opposes; participation confirmed,0,0,0,0
2026-09-04,2026-09-04,CM,NSE,STK,20854,INE330T01021,HAPPYFORGE,EQ,,,,,HAPPY FORGINGS LIMITED,2265.1,2306.2,2226.6,2238.5,2240.0,2294.4,,2238.58,,,69563,156763624.9,15374,F1,1,,,,,,Cash Only,Unclassified,False,2257.1,2266.3999999999996,2247.8,2266.3999999999996,2247.8,18.599999999999454,0.8309135581862611,Wide,Bearish,Below CPR,False,False,0.8,60,137497330.39999998,Lower,True,Neutral,False,103.9571428571428,1853.374,1619.192,0.17891988456781127,1.1401212259463622,True,True,No setup,Neutral,0,Not applicable,No directional setup; confirmation score not applicable.,Wide CPR,Wide Downside Watch,Watch,Wide CPR + close below CPR; trend opposes; participation confirmed,0,0,0,0
2026-09-04,2026-09-04,CM,NSE,STK,15377,INE865T01018,PDMJEPAPER,EQ,,,,,PUDUMJEE PAPER PRO. LTD,96.0,96.06,92.7,93.22,94.0,94.57,,93.21,,,86197,8107159.55,1518,F1,1,,,,,,Cash Only,Unclassified,False,93.99333333333334,94.38,93.60666666666668,94.38,93.60666666666668,0.7733333333333121,0.8295787742258229,Wide,Bearish,Below CPR,False,False,0.8166666666666667,60,7466523.13,Overlapping,True,Neutral,False,4.196428571428571,89.77420000000001,86.80069999999999,0.18428368794325736,1.0858011699482943,True,True,No setup,Neutral,0,Not applicable,No directional setup; confirmation score not applicable.,Wide CPR,Wide Downside Watch,Watch,Wide CPR + close below CPR; trend opposes; participation confirmed,0,0,0,0
2026-09-04,2026-09-04,CM,NSE,STK,12686,INE900L01028,MBAPL,EQ,,,,,MADHYA BHARAT AGRO P. LTD,162.08,167.39,160.73,166.12,166.95,162.08,,166.12,,,983522,161283576.66,8749,F1,1,,,,,,Cash Only,Unclassified,False,164.74666666666667,164.06,165.43333333333334,165.43333333333334,164.06,1.3733333333333348,0.8267116140942299,Wide,Bullish,Above CPR,False,False,0.65,60,134497673.8,Higher,True,Neutral,False,5.785000000000001,186.76319999999998,365.32310000000007,0.23739556323826008,1.199155138547831,False,False,No setup,Neutral,0,Not applicable,No directional setup; confirmation score not applicable.,Wide CPR,Wide Upside Watch,Watch,Wide CPR + close above CPR; trend opposes; participation confirmed,0,0,0,0
2026-09-04,2026-09-04,CM,NSE,STK,16045,INE689W01016,PRINCEPIPE,EQ,,,,,PRINCE PIPES FITTINGS LTD,284.5,291.5,281.5,283.0,284.0,289.5,,282.99,,,140756,39969794.4,3824,F1,1,,,,,,Cash Only,Unclassified,False,285.3333333333333,286.5,284.16666666666663,286.5,284.16666666666663,2.3333333333333712,0.8244994110718625,Wide,Bearish,Below CPR,False,False,0.8,60,44811970.375,Lower,True,Neutral,False,7.996428571428559,275.692,271.257,0.29179693315468735,0.891944586803945,True,True,No setup,Neutral,0,Not applicable,No directional setup; confirmation score not applicable.,Wide CPR,Wide Downside Watch,Watch,Wide CPR + close below CPR; trend opposes; participation light,0,0,0,0
2026-09-04,2026-09-04,CM,NSE,STK,15716,INE557Z01018,PIGL,EQ,,,,,POWER INSTRUMENT (G) LTD,101.8,101.8,98.2,98.78,98.99,99.83,,98.78,,,28460,2832921.73,516,F1,1,,,,,,Cash Only,Unclassified,False,99.59333333333332,100.0,99.18666666666664,100.0,99.18666666666664,0.813333333333361,0.8233785516636576,Wide,Bearish,Below CPR,False,False,0.6,60,6382689.415,Lower,True,Neutral,False,4.510714285714285,107.7858,108.44669999999998,0.18031142781737222,0.44384452161221133,False,False,No setup,Neutral,0,Not applicable,No directional setup; confirmation score not applicable.,Wide CPR,Wide Downside Watch,Watch,Wide CPR + close below CPR; trend aligned; participation light,0,0,0,0
2026-09-04,2026-09-04,CM,NSE,STK,13251,INE190H01024,SAKUMA,EQ,,,,,SAKUMA EXPORTS LIMITED,1.6,1.65,1.55,1.62,1.65,1.58,,1.62,,,721220,1155562.78,898,F1,1,,,,,,Cash Only,Unclassified,False,1.6066666666666667,1.6,1.6133333333333333,1.6133333333333333,1.6,0.013333333333333197,0.8230452674897035,Wide,Bullish,Above CPR,False,False,0.6666666666666666,60,1864630.0899999999,Higher,True,Neutral,False,0.09785714285714285,1.6378,1.7832000000000001,0.13625304136252903,0.619727626512774,False,False,No setup,Neutral,0,Not applicable,No directional setup; confirmation score not applicable.,Wide CPR,Wide Upside Watch,Watch,Wide CPR + close above CPR; trend opposes; participation light,0,0,0,0
2026-09-04,2026-09-04,CM,NSE,STK,756324,INE0FFK01017,NPST,EQ,,,,,NETWORK PEOPLE SRV TECH L,1720.9,1775.0,1705.0,1718.8,1724.6,1718.4,,1718.95,,,56393,98435352.1,5758,F1,1,,,,,,Cash Only,Unclassified,False,1732.9333333333334,1740.0,1725.8666666666668,1740.0,1725.8666666666668,14.133333333333212,0.8222791094562026,Wide,Bearish,Below CPR,False,False,0.7833333333333333,60,47828504.3,Higher,True,Neutral,False,78.15000000000005,1595.608,1448.395,0.1808487950522483,2.058089700705945,True,True,No setup,Neutral,0,Not applicable,No directional setup; confirmation score not applicable.,Wide CPR,Wide Downside Watch,Watch,Wide CPR + close below CPR; trend opposes; participation confirmed,0,0,0,0
2026-09-04,2026-09-04,CM,NSE,STK,5020,INE308E01029,SVPGLOB,EQ,,,,,SVP GLOBAL TEXTILES LTD,3.58,3.71,3.5,3.65,3.65,3.59,,3.66,,,48032,172877.78,120,F1,1,,,,,,Cash Only,Unclassified,False,3.6199999999999997,3.605,3.6349999999999993,3.6349999999999993,3.605,0.02999999999999936,0.8219178082191606,Wide,Bullish,Above CPR,False,False,0.45,60,280868.06,Higher,True,Neutral,False,0.2085714285714285,3.6172000000000004,3.6155,0.14383561643835316,0.6155124224520225,True,True,No setup,Neutral,0,Not applicable,No directional setup; confirmation score not applicable.,Wide CPR,Wide Upside Watch,Watch,Wide CPR + close above CPR; trend aligned; participation light,0,-2,0,-2
2026-09-04,2026-09-04,CM,NSE,STK,13192,INE265F01028,ENIL,EQ,,,,,ENTERTAIN NET. IND. LTD.,99.67,103.1,99.67,102.65,103.0,99.61,,102.65,,,27341,2774564.67,582,F1,1,,,,,,Cash Only,Unclassified,False,101.80666666666666,101.38499999999999,102.22833333333332,102.22833333333332,101.38499999999999,0.8433333333333337,0.8215619418736811,Wide,Bullish,Above CPR,False,False,0.7166666666666667,60,1962058.695,Overlapping,True,Neutral,False,3.8521428571428546,104.8328,109.22370000000001,0.2189257679708266,1.4141089036074936,False,False,No setup,Neutral,0,Not applicable,No directional setup; confirmation score not applicable.,Wide CPR,Wide Upside Watch,Watch,Wide CPR + close above CPR; trend opposes; participation confirmed,0,0,0,0
2026-09-04,2026-09-04,CM,NSE,STK,759956,INE549H01021,ARSSBL,EQ,,,,,ANAND RATHI SH N STK BR L,520.65,529.4,513.35,515.05,516.0,514.95,,514.94,,,153131,79767694.15,4296,F1,1,,,,,,Cash Only,Unclassified,False,519.2666666666667,521.375,517.1583333333333,521.375,517.1583333333333,4.216666666666697,0.8186907419991646,Wide,Bearish,Below CPR,False,False,0.9,60,92685238.6,Higher,True,Neutral,False,16.29642857142857,526.6179999999999,541.0715,0.2587478997735427,0.8606299703694134,False,False,No setup,Neutral,0,Not applicable,No directional setup; confirmation score not applicable.,Wide CPR,Wide Downside Watch,Watch,Wide CPR + close below CPR; trend aligned; participation light,0,0,-2,-2
2026-09-04,2026-09-04,CM,NSE,STK,136,INE715B01021,ANDHRSUGAR,EQ,,,,,ANDHRA SUGARS LTD,102.19,102.71,98.75,99.51,99.5,101.29,,99.51,,,477164,47824065.33,5143,F1,1,,,,,,Cash Only,Unclassified,False,100.32333333333332,100.72999999999999,99.91666666666666,100.72999999999999,99.91666666666666,0.8133333333333326,0.8173382909590318,Wide,Bearish,Below CPR,False,False,0.75,60,32575333.615,Overlapping,True,Neutral,False,4.477857142857144,90.41460000000001,89.68530000000001,0.1816344977933746,1.4681066937094513,True,True,No setup,Neutral,0,Not applicable,No directional setup; confirmation score not applicable.,Wide CPR,Wide Downside Watch,Watch,Wide CPR + close below CPR; trend opposes; participation confirmed,0,0,0,0
2026-09-04,2026-09-04,CM,NSE,STK,5382,INE071N01016,EPIGRAL,EQ,,,,,EPIGRAL LIMITED,1230.0,1254.8,1214.5,1219.7,1227.4,1236.7,,1219.69,,,48188,59337209.5,6030,F1,1,,,,,,Cash Only,Unclassified,False,1229.6666666666667,1234.65,1224.6833333333334,1234.65,1224.6833333333334,9.966666666666697,0.8171408269793142,Wide,Bearish,Below CPR,False,False,0.7,60,50495426.3,Lower,True,Neutral,False,46.30000000000002,1115.838,1157.5325,0.21526277897768237,1.1751006744149421,True,True,No setup,Neutral,0,Not applicable,No directional setup; confirmation score not applicable.,Wide CPR,Wide Downside Watch,Watch,Wide CPR + close below CPR; trend opposes; participation confirmed,0,0,0,0
2026-09-04,2026-09-04,CM,NSE,STK,764910,INE564J01026,SHRJAGP,EQ,,,,,SHRI JAGDAMBA POLYMERS L,621.3,636.0,600.05,625.65,620.05,621.3,,626.95,,,782,485480.3,89,F1,1,,,,,,Cash Only,Unclassified,False,620.5666666666666,618.025,623.1083333333332,623.1083333333332,618.025,5.0833333333332575,0.812488345454049,Wide,Bullish,Above CPR,False,False,0.7333333333333333,15,502544.95,Lower,False,Neutral,False,38.22500000000002,,,0.13298452147372805,0.9660435350111467,False,False,No setup,Neutral,0,Not applicable,No directional setup; confirmation score not applicable.,Wide CPR,Wide Upside Watch,Watch,Wide CPR + close above CPR; trend opposes; participation light,0,0,0,0
2026-09-04,2026-09-04,CM,NSE,STK,2229,INE832A01018,MODIRUBBER,EQ,,,,,MODI RUBBER LTD,135.38,135.38,130.42,131.3,131.0,131.83,,131.3,,,1186,157077.78,72,F1,1,,,,,,Cash Only,Unclassified,False,132.36666666666665,132.89999999999998,131.83333333333331,132.89999999999998,131.83333333333331,1.0666666666666629,0.8123889312008095,Wide,Bearish,Below CPR,False,False,0.6666666666666666,60,239169.185,Higher,True,Neutral,False,9.10785714285714,126.678,128.9134,0.11711499751653427,0.6567642900986597,True,True,No setup,Neutral,0,Not applicable,No directional setup; confirmation score not applicable.,Wide CPR,Wide Downside Watch,Watch,Wide CPR + close below CPR; trend opposes; participation light,0,0,0,0
2026-09-04,2026-09-04,CM,NSE,STK,17140,INE349Y01013,IDEAFORGE,EQ,,,,,IDEAFORGE TECHNO LTD,783.95,799.0,774.0,777.05,776.55,776.55,,777.07,,,208626,163808064.6,15451,F1,1,,,,,,Cash Only,Unclassified,False,783.35,786.5,780.2,786.5,780.2,6.2999999999999545,0.8107586384402491,Wide,Bearish,Below CPR,False,False,0.48333333333333334,60,368297264.20000005,Overlapping,True,Neutral,False,34.03928571428571,671.252,547.214,0.1850802644003764,0.4447713315379006,True,True,No setup,Neutral,0,Not applicable,No directional setup; confirmation score not applicable.,Wide CPR,Wide Downside Watch,Watch,Wide CPR + close below CPR; trend opposes; participation light,0,0,0,0
2026-09-04,2026-09-04,CM,NSE,STK,764718,INE684B01029,ISTLTD,EQ,,,,,I S T LTD.,672.75,675.0,650.0,654.55,650.0,659.55,,654.55,,,357,236776.6,46,F1,1,,,,,,Cash Only,Unclassified,False,659.85,662.5,657.2,662.5,657.2,5.2999999999999545,0.8097165991902765,Wide,Bearish,Below CPR,False,False,0.4666666666666667,15,241730.4,Higher,False,Neutral,False,37.896428571428565,,,0.13985486759023538,0.9795069217607716,False,False,No setup,Neutral,0,Not applicable,No directional setup; confirmation score not applicable.,Wide CPR,Wide Downside Watch,Watch,Wide CPR + close below CPR; trend aligned; participation light,0,0,0,0
2026-09-04,2026-09-04,CM,NSE,STK,762432,INE25E901019,OMPOWER,EQ,,,,,OM POWER TRANSMISSION LTD,171.23,176.9,170.2,175.68,175.5,171.09,,175.8,,,75803,13222768.76,1189,F1,1,,,,,,Cash Only,Unclassified,False,174.26,173.55,174.96999999999997,174.96999999999997,173.55,1.419999999999959,0.8082877959926907,Wide,Bullish,Above CPR,False,False,0.8,60,18458682.685,Higher,True,Neutral,False,6.238571428571428,170.80559999999997,,0.22761621250285582,0.7163441175975771,True,False,No setup,Neutral,0,Not applicable,No directional setup; confirmation score not applicable.,Wide CPR,Wide Upside Watch,Watch,Wide CPR + close above CPR; trend mixed; participation light,0,0,0,0
2026-09-04,2026-09-04,CM,NSE,STK,11233,INE495B01038,SUVEN,EQ,,,,,SUVEN LIFE SCIENCES LTD,382.0,388.45,376.7,378.0,378.4,378.35,,378.01,,,494667,188268634.65,19774,F1,1,,,,,,Cash Only,Unclassified,False,381.05,382.575,379.52500000000003,382.575,379.52500000000003,3.0499999999999545,0.806878306878295,Wide,Bearish,Below CPR,False,False,0.4,60,279062876.475,Higher,True,Neutral,False,21.771428571428572,334.85400000000004,287.8638,0.14009186351705827,0.6746459329457465,True,True,No setup,Neutral,0,Not applicable,No directional setup; confirmation score not applicable.,Wide CPR,Wide Downside Watch,Watch,Wide CPR + close below CPR; trend opposes; participation light,0,0,0,0
2026-09-04,2026-09-04,CM,NSE,STK,1805,INE900B01029,KABRAEXTRU,EQ,,,,,KABRA EXTRUSION TECHNIK L,566.0,583.95,560.35,579.15,580.0,564.8,,579.19,,,130668,75304633.0,3898,F1,1,,,,,,Cash Only,Unclassified,False,574.4833333333335,572.1500000000001,576.8166666666668,576.8166666666668,572.1500000000001,4.6666666666667425,0.8057785835563744,Wide,Bullish,Above CPR,False,False,0.48333333333333334,60,76440234.625,Overlapping,True,Neutral,False,30.882142857142863,428.2442,332.7289,0.1511121390848488,0.9851439280560685,True,True,No setup,Neutral,0,Not applicable,No directional setup; confirmation score not applicable.,Wide CPR,Wide Upside Watch,Watch,Wide CPR + close above CPR; trend aligned; participation light,0,0,0,0
2026-09-04,2026-09-04,CM,NSE,STK,11039,INE08KP01019,DCMNVL,EQ,,,,,DCM NOUVELLE LIMITED,188.94,191.14,183.25,184.96,185.78,182.04,,184.99,,,16490,3106832.8,245,F1,1,,,,,,Cash Only,Unclassified,False,186.45000000000002,187.195,185.70500000000004,187.195,185.70500000000004,1.4899999999999523,0.8055795847750606,Wide,Bearish,Below CPR,False,False,0.5666666666666667,60,2066202.8250000002,Higher,True,Neutral,False,9.343571428571428,151.87199999999999,139.0299,0.1594679305863415,1.5036436706062482,True,True,No setup,Neutral,0,Not applicable,No directional setup; confirmation score not applicable.,Wide CPR,Wide Downside Watch,Watch,Wide CPR + close below CPR; trend opposes; participation confirmed,0,0,0,0
2026-09-04,2026-09-04,CM,NSE,STK,762854,INE641R01017,QUINT,EQ,,,,,QUINT DIGITAL LTD.,41.0,41.35,39.03,40.68,41.35,39.91,,40.7,,,9343,373966.08,86,F1,1,,,,,,Cash Only,Unclassified,False,40.35333333333333,40.19,40.516666666666666,40.516666666666666,40.19,0.326666666666668,0.8030154047853195,Wide,Bullish,Above CPR,False,False,0.55,60,101223.58499999999,Higher,True,Neutral,False,3.2935714285714286,39.184200000000004,,0.09918311284609307,3.6944559906666026,True,False,No setup,Neutral,0,Not applicable,No directional setup; confirmation score not applicable.,Wide CPR,Wide Upside Watch,Watch,Wide CPR + close above CPR; trend mixed; participation confirmed,0,0,0,0
2026-09-04,2026-09-04,CM,NSE,STK,24385,INE725L01011,KARMAENG,EQ,,,,,KARMA ENERGY LIMITED,39.0,39.0,36.8,37.45,37.45,37.7,,37.45,,,4181,155720.22,128,F1,1,,,,,,Cash Only,Unclassified,False,37.75,37.9,37.6,37.9,37.6,0.29999999999999716,0.8010680907877094,Wide,Bearish,Below CPR,False,False,0.4666666666666667,60,170492.89,Overlapping,True,Neutral,False,2.0971428571428596,39.0336,42.801100000000005,0.1430517711171647,0.9133531609441308,False,False,No setup,Neutral,0,Not applicable,No directional setup; confirmation score not applicable.,Wide CPR,Wide Downside Watch,Watch,Wide CPR + close below CPR; trend aligned; participation light,0,0,0,0
2026-09-04,2026-09-04,CM,NSE,STK,11491,INE372A01015,APARINDS,EQ,,,,,APAR INDUSTRIES LTD.,17689.0,17895.0,17365.0,17421.0,17437.0,17704.0,,17420.85,,,93101,1640579285.0,27628,F1,1,,,,,,Cash Only,Capital Goods,True,17560.333333333332,17630.0,17490.666666666664,17630.0,17490.666666666664,139.33333333333576,0.7998010064481703,Wide,Bearish,Below CPR,False,False,0.5166666666666667,60,2428426961.0,Overlapping,True,Neutral,False,664.6428571428571,15491.3,14405.82,0.20963639620276203,0.6755728343274641,True,True,No setup,Neutral,0,Not applicable,No directional setup; confirmation score not applicable.,Wide CPR,Wide Downside Watch,Watch,Wide CPR + close below CPR; trend opposes; participation light,0,0,0,0
2026-09-04,2026-09-04,CM,NSE,STK,2202,INE831A01028,ONIDA,EQ,,,,,ONIDA ELECTRONICS LIMITED,34.3,34.89,33.56,34.64,34.55,34.35,,34.64,,,244072,8369120.44,1221,F1,1,,,,,,Cash Only,Unclassified,False,34.36333333333334,34.225,34.50166666666667,34.50166666666667,34.225,0.27666666666667084,0.7986913010007819,Wide,Bullish,Above CPR,False,False,0.5263157894736842,19,13363903.88,Lower,False,Neutral,False,1.7528571428571422,,,0.15783754414561504,0.6262481768164289,False,False,No setup,Neutral,0,Not applicable,No directional setup; confirmation score not applicable.,Wide CPR,Wide Upside Watch,Watch,Wide CPR + close above CPR; trend opposes; participation light,0,0,0,0
2026-09-04,2026-09-04,CM,NSE,STK,764255,INE11XY01018,CMLL,EQ,,,,,CALIBER MINING AND LOG L,508.0,517.05,501.1,503.05,502.0,501.4,,503.06,,,314875,159964559.45,8230,F1,1,,,,,,Cash Only,Unclassified,False,507.06666666666666,509.075,505.05833333333334,509.075,505.05833333333334,4.0166666666666515,0.7984627107974658,Wide,Bearish,Below CPR,False,False,0.5483870967741935,31,439988841.2,Higher,True,Neutral,False,21.107142857142854,,,0.19029892836999368,0.36356503727167705,False,False,No setup,Neutral,0,Not applicable,No directional setup; confirmation score not applicable.,Wide CPR,Wide Downside Watch,Watch,Wide CPR + close below CPR; trend aligned; participation light,0,0,0,0
2026-09-04,2026-09-04,CM,NSE,STK,1802,INE197A01024,JYOTISTRUC,EQ,,,,,JYOTI STRUCTURES LTD,9.85,10.2,9.6,10.02,10.09,9.8,,10.02,,,10113711,100615811.04,10569,F1,1,,,,,,Cash Only,Unclassified,False,9.94,9.899999999999999,9.98,9.98,9.899999999999999,0.08000000000000185,0.798403193612793,Wide,Bullish,Above CPR,False,False,0.7166666666666667,60,45381155.675,Higher,True,Neutral,False,0.32785714285714296,11.013799999999998,11.8585,0.24400871459695544,2.2171275619458983,False,False,No setup,Neutral,0,Not applicable,No directional setup; confirmation score not applicable.,Wide CPR,Wide Upside Watch,Watch,Wide CPR + close above CPR; trend opposes; participation confirmed,0,0,0,0
2026-09-04,2026-09-04,CM,NSE,STK,18863,INE188Y01031,VERTOZ,EQ,,,,,VERTOZ LIMITED,38.13,39.22,37.0,37.66,37.0,38.63,,37.66,,,51344,1955283.68,503,F1,1,,,,,,Cash Only,Unclassified,False,37.96,38.11,37.81,38.11,37.81,0.29999999999999716,0.7966011683483728,Wide,Bearish,Below CPR,False,False,0.43333333333333335,60,3959854.795,Lower,True,Neutral,False,2.79,44.1392,48.9296,0.10752688172042908,0.493776610816357,False,False,No setup,Neutral,0,Not applicable,No directional setup; confirmation score not applicable.,Wide CPR,Wide Downside Watch,Watch,Wide CPR + close below CPR; trend aligned; participation light,0,0,0,0
2026-09-04,2026-09-04,CM,NSE,STK,5507,INE782X01033,SERVOTECH,EQ,,,,,SERVOTECH REN POW SYS LTD,80.7,82.26,78.88,79.62,79.55,80.25,,79.62,,,492370,39260240.06,4199,F1,1,,,,,,Cash Only,Unclassified,False,80.25333333333333,80.57,79.93666666666667,80.57,79.93666666666667,0.6333333333333258,0.7954450305618258,Wide,Bearish,Below CPR,False,False,0.7666666666666667,60,51266826.019999996,Outside,True,Neutral,False,1.9628571428571442,89.738,92.77420000000001,0.3226589034449256,0.7658020421370335,False,False,No setup,Neutral,0,Not applicable,No directional setup; confirmation score not applicable.,Wide CPR,Wide Downside Watch,Watch,Wide CPR + close below CPR; trend aligned; participation light,0,0,0,0
2026-09-04,2026-09-04,CM,NSE,STK,3745,INE054C01015,WATERBASE,EQ,,,,,WATERBASE LTD.,48.73,48.99,47.11,48.63,48.94,47.36,,48.59,,,22127,1066004.85,174,F1,1,,,,,,Cash Only,Unclassified,False,48.24333333333333,48.05,48.43666666666667,48.43666666666667,48.05,0.38666666666667027,0.7951196106655773,Wide,Bullish,Above CPR,False,False,0.6,15,1120918.15,Higher,False,Neutral,False,2.9692857142857148,,,0.13022211530751462,0.9510104283707068,False,False,No setup,Neutral,0,Not applicable,No directional setup; confirmation score not applicable.,Wide CPR,Wide Upside Watch,Watch,Wide CPR + close above CPR; trend opposes; participation light,0,0,0,0
2026-09-04,2026-09-04,CM,NSE,STK,6543,INE137I01015,GRPLTD,EQ,,,,,GRP LIMITED,1998.2,2019.0,1959.0,2013.0,2010.0,1979.7,,2013.0,,,1281,2568607.1,217,F1,1,,,,,,Cash Only,Unclassified,False,1997.0,1989.0,2005.0,2005.0,1989.0,16.0,0.7948335817188277,Wide,Bullish,Above CPR,False,False,0.7,60,3000827.75,Higher,True,Neutral,False,63.07142857142859,1960.3740000000003,1892.0510000000002,0.25368063420158543,0.855966191328376,True,True,No setup,Neutral,0,Not applicable,No directional setup; confirmation score not applicable.,Wide CPR,Wide Upside Watch,Watch,Wide CPR + close above CPR; trend aligned; participation light,0,0,0,0
2026-09-04,2026-09-04,CM,NSE,STK,10893,INE0I3401014,DBOL,EQ,,,,,DHAMPUR BIO ORGANICS LTD,128.96,128.96,124.0,124.99,125.2,129.64,,124.98,,,232171,29060113.38,3660,F1,1,,,,,,Cash Only,Unclassified,False,125.98333333333333,126.48,125.48666666666666,126.48,125.48666666666666,0.9933333333333394,0.7947302450862784,Wide,Bearish,Below CPR,False,False,0.6,60,23003577.009999998,Lower,True,Neutral,False,7.4071428571428575,114.5234,104.5446,0.13410478945676713,1.2632867213376047,True,True,No setup,Neutral,0,Not applicable,No directional setup; confirmation score not applicable.,Wide CPR,Wide Downside Watch,Watch,Wide CPR + close below CPR; trend opposes; participation confirmed,0,0,0,0
2026-09-04,2026-09-04,CM,NSE,STK,20302,INE811K01011,PRESTIGE,EQ,,,,,PRESTIGE ESTATE LTD,1620.1,1646.6,1565.2,1587.0,1587.0,1615.2,,1589.32,,,588022,941515111.2,23708,F1,1,,,,,,F&O + Cash,Realty,True,1599.6000000000001,1605.9,1593.3000000000002,1605.9,1593.3000000000002,12.599999999999909,0.79395085066162,Wide,Bearish,Below CPR,False,False,0.7333333333333333,60,1129724323.8,Lower,True,Neutral,False,50.199999999999996,1628.9219999999998,1519.976,0.2509960159362532,0.8334025313654135,False,True,No setup,Neutral,0,Not applicable,No directional setup; confirmation score not applicable.,Wide CPR,Wide Downside Watch,Watch,Wide CPR + close below CPR; trend mixed; participation light,0,0,0,0
2026-09-04,2026-09-04,CM,NSE,STK,2841,INE576O01020,LXCHEM,EQ,,,,,LAXMI ORGANIC INDUS LTD,174.4,176.46,171.7,172.04,172.2,175.58,,172.04,,,416497,72319759.24,7250,F1,1,,,,,,Cash Only,Unclassified,False,173.39999999999998,174.07999999999998,172.71999999999997,174.07999999999998,172.71999999999997,1.3600000000000136,0.7905138339921027,Wide,Bearish,Below CPR,False,False,0.6666666666666666,60,126428031.395,Overlapping,True,Neutral,False,5.509285714285714,172.1706,162.21689999999998,0.24685595747439634,0.5720231379230359,False,True,No setup,Neutral,0,Not applicable,No directional setup; confirmation score not applicable.,Wide CPR,Wide Downside Watch,Watch,Wide CPR + close below CPR; trend mixed; participation light,0,0,0,0
2026-09-04,2026-09-04,CM,NSE,STK,3607,INE279A01012,UNIVCABLES,EQ,,,,,UNIVERSAL CABLES LTD,1631.0,1649.9,1540.0,1576.3,1576.0,1626.8,,1576.35,,,278353,439649790.3,23447,F1,1,,,,,,Cash Only,Unclassified,False,1588.7333333333333,1594.95,1582.5166666666667,1594.95,1582.5166666666667,12.433333333333394,0.7887669436866963,Wide,Bearish,Below CPR,False,False,0.5166666666666667,60,188928587.8,Lower,True,Neutral,False,79.37142857142858,1407.92,1236.1695,0.15664746820254455,2.327068631695981,True,True,No setup,Neutral,0,Not applicable,No directional setup; confirmation score not applicable.,Wide CPR,Wide Downside Watch,Watch,Wide CPR + close below CPR; trend opposes; participation confirmed,0,0,0,0
2026-09-04,2026-09-04,CM,NSE,STK,3509,INE148A01019,TNPETRO,EQ,,,,,TAMILNADU PETROPRODUCTS L,136.99,136.99,131.55,132.7,133.0,137.81,,132.7,,,1119931,150742895.75,12495,F1,1,,,,,,Cash Only,Unclassified,False,133.74666666666667,134.27,133.22333333333333,134.27,133.22333333333333,1.046666666666681,0.7887465460939571,Wide,Bearish,Below CPR,False,False,0.7,60,16809974.935000002,Lower,True,Neutral,False,6.535714285714286,104.1968,96.9323,0.160145719489984,8.967467014845967,True,True,No setup,Neutral,0,Not applicable,No directional setup; confirmation score not applicable.,Wide CPR,Wide Downside Watch,Watch,Wide CPR + close below CPR; trend opposes; participation confirmed,0,0,0,0
2026-09-04,2026-09-04,CM,NSE,STK,2979,INE749B01020,ORTINGLOBE,EQ,,,,,ORTIN GLOBAL LIMITED,15.7,15.77,15.2,15.67,15.23,15.02,,15.67,,,9743,153252.74,66,F1,1,,,,,,Cash Only,Unclassified,False,15.546666666666667,15.485,15.608333333333334,15.608333333333334,15.485,0.12333333333333485,0.7870665815783973,Wide,Bullish,Above CPR,False,False,0.2962962962962963,54,149782.45,Higher,True,Neutral,False,0.8457142857142858,14.787,,0.14583333333333512,1.0231688692500356,True,False,No setup,Neutral,0,Not applicable,No directional setup; confirmation score not applicable.,Wide CPR,Wide Upside Watch,Watch,Wide CPR + close above CPR; trend mixed; participation confirmed,0,0,0,0
2026-09-04,2026-09-04,CM,NSE,STK,757645,INE0LEZ01016,ATHERENERG,EQ,,,,,ATHER ENERGY LIMITED,1644.0,1644.5,1560.9,1584.0,1584.0,1638.9,,1584.0,,,5585636,8886302451.8,146553,F1,1,,,,,,F&O + Cash,Automobile and Auto Components,True,1596.4666666666665,1602.7,1590.233333333333,1602.7,1590.233333333333,12.466666666667152,0.7870370370370676,Wide,Bearish,Below CPR,False,False,0.6166666666666667,60,4121341848.95,Lower,True,Neutral,False,64.4142857142857,1362.1759999999997,1155.1190000000001,0.19353884822947456,2.1561672817953634,True,True,No setup,Neutral,0,Not applicable,No directional setup; confirmation score not applicable.,Wide CPR,Wide Downside Watch,Watch,Wide CPR + close below CPR; trend opposes; participation confirmed,0,0,0,0
2026-09-04,2026-09-04,CM,NSE,STK,14111,INE870H01013,NETWORK18,EQ,,,,,NETWORK18 MEDIA & INV LTD,27.56,28.53,27.56,28.38,28.31,27.55,,28.38,,,3493333,98244784.81,8433,F1,1,,,,,,Cash Only,Unclassified,False,28.156666666666666,28.045,28.26833333333333,28.26833333333333,28.045,0.22333333333332916,0.7869391590321677,Wide,Bullish,Above CPR,False,False,0.8,60,104685932.06,Higher,True,Neutral,False,1.2600000000000002,29.8538,31.4866,0.1772486772486739,0.9384717017535049,False,False,No setup,Neutral,0,Not applicable,No directional setup; confirmation score not applicable.,Wide CPR,Wide Upside Watch,Watch,Wide CPR + close above CPR; trend opposes; participation light,0,0,0,0
2026-09-04,2026-09-04,CM,NSE,STK,19599,INE696K01024,PRAKASHSTL,EQ,,,,,PRAKASH STEELAGE LTD,3.65,3.9,3.65,3.82,3.83,3.65,,3.82,,,213981,809051.87,354,F1,1,,,,,,Cash Only,Unclassified,False,3.7899999999999996,3.775,3.8049999999999993,3.8049999999999993,3.775,0.02999999999999936,0.7853403141361089,Wide,Bullish,Above CPR,False,False,0.8333333333333334,60,387278.815,Higher,True,Neutral,False,0.15857142857142859,4.0074000000000005,4.264799999999999,0.18918918918918515,2.0890682336961808,False,False,No setup,Neutral,0,Not applicable,No directional setup; confirmation score not applicable.,Wide CPR,Wide Upside Watch,Watch,Wide CPR + close above CPR; trend opposes; participation confirmed,0,0,-2,-2
2026-09-04,2026-09-04,CM,NSE,STK,8840,INE228A01035,USHAMART,EQ,,,,,USHA MARTIN LTD.,518.0,529.3,511.1,514.15,512.0,515.65,,514.16,,,1631592,849128754.9,39970,F1,1,,,,,,Cash Only,Capital Goods,True,518.1833333333334,520.2,516.1666666666667,520.2,516.1666666666667,4.033333333333303,0.784466271191929,Wide,Bearish,Below CPR,False,False,0.9,60,192875790.52499998,Higher,True,Neutral,False,14.142857142857135,501.395,487.55199999999996,0.2851851851851832,4.402464158869843,True,True,No setup,Neutral,0,Not applicable,No directional setup; confirmation score not applicable.,Wide CPR,Wide Downside Watch,Watch,Wide CPR + close below CPR; trend opposes; participation confirmed,0,0,0,0
2026-09-04,2026-09-04,CM,NSE,STK,14174,INE848A01014,IZMO,EQ,,,,,IZMO LIMITED,915.0,926.1,900.0,902.45,902.6,921.95,,902.48,,,87266,79268960.2,7045,F1,1,,,,,,Cash Only,Unclassified,False,909.5166666666668,913.05,905.9833333333336,913.05,905.9833333333336,7.066666666666379,0.7830535394389028,Wide,Bearish,Below CPR,False,False,0.36666666666666664,60,90601753.17500001,Lower,True,Neutral,False,44.51785714285713,978.8309999999999,900.568,0.15873779917100575,0.8749164052806971,False,True,No setup,Neutral,0,Not applicable,No directional setup; confirmation score not applicable.,Wide CPR,Wide Downside Watch,Watch,Wide CPR + close below CPR; trend mixed; participation light,0,0,0,0
2026-09-04,2026-09-04,CM,NSE,STK,764763,INE938C01019,LAKSHMIMIL,EQ,,,,,LAKSHMI MILLS CO. LTD.,7621.0,7800.0,7621.0,7621.0,7621.0,7800.0,,7810.5,,,29,224783.0,11,F1,1,,,,,,Cash Only,Unclassified,False,7680.666666666667,7710.5,7650.833333333334,7710.5,7650.833333333334,59.66666666666606,0.7829243756287373,Wide,Bearish,Below CPR,False,False,0.5714285714285714,14,232988.0,Lower,False,Neutral,False,,,,,0.9647835940048415,False,False,No setup,Neutral,0,Not applicable,No directional setup; confirmation score not applicable.,Wide CPR,Wide Downside Watch,Watch,Wide CPR + close below CPR; trend aligned; participation light,0,0,0,0
2026-09-04,2026-09-04,CM,NSE,STK,762929,INE524T01011,TAALTECH,EQ,,,,,TAAL TECH LTD.,4600.0,4634.8,4475.2,4502.2,4510.0,4496.0,,4502.34,,,5834,26583039.4,1322,F1,1,,,,,,Cash Only,Unclassified,False,4537.400000000001,4555.0,4519.800000000001,4555.0,4519.800000000001,35.19999999999891,0.7818399893385213,Wide,Bearish,Below CPR,False,False,0.6166666666666667,60,10252297.600000001,Overlapping,True,Neutral,False,168.3428571428571,4075.19,,0.20909708078750205,2.5928860473187973,True,False,No setup,Neutral,0,Not applicable,No directional setup; confirmation score not applicable.,Wide CPR,Wide Downside Watch,Watch,Wide CPR + close below CPR; trend mixed; participation confirmed,0,0,0,0
2026-09-04,2026-09-04,CM,NSE,STK,3435,INE676A01027,BBOX,EQ,,,,,BLACK BOX LIMITED,722.0,731.2,710.0,712.25,714.0,720.9,,712.24,,,198315,142108721.0,12698,F1,1,,,,,,Cash Only,Unclassified,False,717.8166666666666,720.6,715.0333333333332,720.6,715.0333333333332,5.566666666666833,0.781560781560805,Wide,Bearish,Below CPR,False,False,0.6,60,241338470.875,Lower,True,Neutral,False,26.835714285714307,809.5840000000001,830.344,0.20743501020318234,0.588835756208982,False,False,No setup,Neutral,0,Not applicable,No directional setup; confirmation score not applicable.,Wide CPR,Wide Downside Watch,Watch,Wide CPR + close below CPR; trend aligned; participation light,0,0,0,0
2026-09-04,2026-09-04,CM,NSE,STK,7030,INE276G01015,ASIANENE,EQ,,,,,ASIAN ENERGY SERVICES LTD,527.05,538.0,509.0,517.45,519.0,523.0,,517.47,,,476280,249638101.8,15683,F1,1,,,,,,Cash Only,Unclassified,False,521.4833333333333,523.5,519.4666666666667,523.5,519.4666666666667,4.033333333333303,0.7794633942087743,Wide,Bearish,Below CPR,False,False,0.6666666666666666,60,123175354.4,Overlapping,True,Neutral,False,28.16428571428571,402.161,369.4881,0.1432073717135842,2.0266887236981233,True,True,No setup,Neutral,0,Not applicable,No directional setup; confirmation score not applicable.,Wide CPR,Wide Downside Watch,Watch,Wide CPR + close below CPR; trend opposes; participation confirmed,0,0,0,0
2026-09-04,2026-09-04,CM,NSE,STK,11634,INE658G01014,SALSTEEL,EQ,,,,,S.A.L. STEEL LTD.,82.2,84.63,80.01,81.37,81.49,82.04,,81.4,,,233867,19199256.3,1594,F1,1,,,,,,Cash Only,Unclassified,False,82.00333333333333,82.32,81.68666666666667,82.32,81.68666666666667,0.6333333333333258,0.778337634672884,Wide,Bearish,Below CPR,False,False,0.4727272727272727,55,14064632.68,Overlapping,True,Neutral,False,5.060000000000002,58.7878,,0.12516469038208014,1.3650734247259417,True,False,No setup,Neutral,0,Not applicable,No directional setup; confirmation score not applicable.,Wide CPR,Wide Downside Watch,Watch,Wide CPR + close below CPR; trend mixed; participation confirmed,0,0,0,0
2026-09-04,2026-09-04,CM,NSE,STK,760234,INE947N01017,AEQUS,EQ,,,,,AEQUS LIMITED,247.9,249.0,241.0,242.18,241.0,247.23,,242.19,,,1802739,439026679.44,29668,F1,1,,,,,,Cash Only,Unclassified,False,244.06000000000003,245.0,243.12000000000006,245.0,243.12000000000006,1.8799999999999386,0.7762821042199762,Wide,Bearish,Below CPR,False,False,0.6166666666666667,60,985942776.5799999,Lower,True,Neutral,False,8.95285714285714,242.07739999999998,218.78810000000001,0.2099888303813559,0.44528616656930003,True,True,No setup,Neutral,0,Not applicable,No directional setup; confirmation score not applicable.,Wide CPR,Wide Downside Watch,Watch,Wide CPR + close below CPR; trend opposes; participation light,0,0,0,0
2026-09-04,2026-09-04,CM,NSE,STK,1581,INE0EK901012,TARC,EQ,,,,,TARC LIMITED,124.2,127.98,123.05,126.99,127.0,124.19,,127.0,,,355398,44989660.89,4209,F1,1,,,,,,Cash Only,Unclassified,False,126.00666666666666,125.515,126.49833333333332,126.49833333333332,125.515,0.9833333333333201,0.7743391868125995,Wide,Bullish,Above CPR,False,False,0.8,60,47294995.155,Higher,True,Neutral,False,4.235,125.57260000000001,128.4514,0.2321920503738654,0.9512562744230183,True,False,No setup,Neutral,0,Not applicable,No directional setup; confirmation score not applicable.,Wide CPR,Wide Upside Watch,Watch,Wide CPR + close above CPR; trend mixed; participation light,0,0,0,0
2026-09-04,2026-09-04,CM,NSE,STK,7929,INE010B01027,ZYDUSLIFE,EQ,,,,,ZYDUS LIFESCIENCES LTD,1146.0,1146.0,1120.0,1120.0,1120.0,1143.0,,1120.0,,,516768,584161932.3,17541,F1,1,,,,,,F&O + Cash,Healthcare,True,1128.6666666666667,1133.0,1124.3333333333335,1133.0,1124.3333333333335,8.666666666666515,0.7738095238095103,Wide,Bearish,Below CPR,False,False,0.8333333333333334,60,1238374663.4,Lower,True,Neutral,False,28.978571428571463,1135.4080000000001,1075.1129999999998,0.29907156355270165,0.47171663759347543,False,True,No setup,Neutral,0,Not applicable,No directional setup; confirmation score not applicable.,Wide CPR,Wide Downside Watch,Watch,Wide CPR + close below CPR; trend mixed; participation light,0,0,0,0
2026-09-04,2026-09-04,CM,NSE,STK,757862,INE18JU01028,EBGNG,EQ,,,,,GNG ELECTRONICS LIMITED,622.0,633.4,583.0,601.25,604.0,622.1,,601.27,,,1005022,608153509.8,40195,F1,1,,,,,,Cash Only,Unclassified,False,605.8833333333333,608.2,603.5666666666666,608.2,603.5666666666666,4.633333333333439,0.7706167706167882,Wide,Bearish,Below CPR,False,False,0.45,60,336241723.2,Lower,True,Neutral,False,35.075,586.931,511.8035,0.13209788548349077,1.8086794940622646,True,True,No setup,Neutral,0,Not applicable,No directional setup; confirmation score not applicable.,Wide CPR,Wide Downside Watch,Watch,Wide CPR + close below CPR; trend opposes; participation confirmed,0,0,0,0
2026-09-04,2026-09-04,CM,NSE,STK,764548,INE869T01028,MOLBIO,EQ,,,,,MOLBIO DIAGNOSTICS LTD,1139.9,1177.0,1117.2,1160.5,1158.9,1135.2,,1160.57,,,594273,680920445.3,23770,F1,1,,,,,,Cash Only,Unclassified,False,1151.5666666666666,1147.1,1156.0333333333333,1156.0333333333333,1147.1,8.933333333333394,0.7697831394513912,Wide,Bullish,Above CPR,False,False,0.4,15,2055297654.6,Higher,False,Neutral,False,84.81785714285714,,,0.10532373292910652,0.33130016169483734,False,False,No setup,Neutral,0,Not applicable,No directional setup; confirmation score not applicable.,Wide CPR,Wide Upside Watch,Watch,Wide CPR + close above CPR; trend opposes; participation light,0,0,0,0
2026-09-04,2026-09-04,CM,NSE,STK,13786,INE813H01021,TORNTPOWER,EQ,,,,,TORRENT POWER LTD,1289.9,1308.0,1260.2,1299.1,1302.0,1289.3,,1299.0,,,398524,513745258.5,29173,F1,1,,,,,,Cash Only,Power,True,1289.1,1284.1,1294.1,1294.1,1284.1,10.0,0.7697636825494574,Wide,Bullish,Above CPR,False,False,0.8833333333333333,60,438140912.65,Overlapping,True,Neutral,False,33.88571428571429,1351.856,1441.7480000000003,0.29510961214165254,1.1725571469523894,False,False,No setup,Neutral,0,Not applicable,No directional setup; confirmation score not applicable.,Wide CPR,Wide Upside Watch,Watch,Wide CPR + close above CPR; trend opposes; participation confirmed,0,0,0,0
2026-09-04,2026-09-04,CM,NSE,STK,18827,INE747K01017,TARAPUR,EQ,,,,,TARAPUR TRANSFORMERS LTD,13.55,13.55,12.21,13.03,13.21,13.33,,13.15,,,46363,597490.73,303,F1,1,,,,,,Cash Only,Unclassified,False,12.93,12.88,12.979999999999999,12.979999999999999,12.88,0.09999999999999787,0.7674597083652945,Wide,Bullish,Above CPR,False,False,0.35,60,488404.485,Lower,True,Neutral,False,1.2592857142857141,16.085,18.9751,0.07941009642654398,1.2233522589375894,False,False,No setup,Neutral,0,Not applicable,No directional setup; confirmation score not applicable.,Wide CPR,Wide Upside Watch,Watch,Wide CPR + close above CPR; trend opposes; participation confirmed,0,0,0,0
2026-09-04,2026-09-04,CM,NSE,STK,10285,INE193B01039,AYMSYNTEX,EQ,,,,,AYM SYNTEX LIMITED,317.25,323.45,305.1,310.7,315.1,317.25,,310.77,,,124761,39242961.35,4405,F1,1,,,,,,Cash Only,Unclassified,False,313.0833333333333,314.275,311.89166666666665,314.275,311.89166666666665,2.3833333333333258,0.7670850767085052,Wide,Bearish,Below CPR,False,False,0.5166666666666667,60,7871582.17,Lower,True,Neutral,False,17.867857142857137,253.1518,237.4824,0.13338663468585477,4.985396900201577,True,True,No setup,Neutral,0,Not applicable,No directional setup; confirmation score not applicable.,Wide CPR,Wide Downside Watch,Watch,Wide CPR + close below CPR; trend opposes; participation confirmed,0,0,0,0
2026-09-04,2026-09-04,CM,NSE,STK,11082,INE908V01012,LIBAS,EQ,,,,,LIBAS CONSU PRODUCTS LTD,10.65,10.9,10.26,10.46,10.4,10.48,,10.46,,,19725,205757.9,97,F1,1,,,,,,Cash Only,Unclassified,False,10.540000000000001,10.58,10.500000000000002,10.58,10.500000000000002,0.0799999999999983,0.764818355640519,Wide,Bearish,Below CPR,False,False,0.5166666666666667,60,223920.68,Overlapping,True,Neutral,False,0.7092857142857144,10.352,11.241800000000001,0.11278952668680522,0.9188874381767687,True,False,No setup,Neutral,0,Not applicable,No directional setup; confirmation score not applicable.,Wide CPR,Wide Downside Watch,Watch,Wide CPR + close below CPR; trend mixed; participation light,0,0,0,0
2026-09-04,2026-09-04,CM,NSE,STK,759461,INE06XZ01023,GEMAROMA,EQ,,,,,GEM AROMATICS LIMITED,163.04,166.7,160.0,161.5,162.9,162.22,,161.44,,,90914,14768858.33,1692,F1,1,,,,,,Cash Only,Unclassified,False,162.73333333333332,163.35,162.11666666666665,163.35,162.11666666666665,1.2333333333333485,0.7636738906088845,Wide,Bearish,Below CPR,False,False,0.5833333333333334,60,19026983.240000002,Overlapping,True,Neutral,False,6.187857142857145,181.9774,181.36350000000002,0.19931509484782262,0.776205988290974,False,False,No setup,Neutral,0,Not applicable,No directional setup; confirmation score not applicable.,Wide CPR,Wide Downside Watch,Watch,Wide CPR + close below CPR; trend aligned; participation light,0,0,0,0
2026-09-04,2026-09-04,CM,NSE,STK,762899,INE402H01015,SHBAJRG,EQ,,,,,SHRI BAJRANG ALLIANCE L,161.05,165.0,160.02,160.67,162.97,160.83,,159.8,,,2205,358531.37,89,F1,1,,,,,,Cash Only,Unclassified,False,161.89666666666665,162.51,161.2833333333333,162.51,161.2833333333333,1.2266666666666879,0.7634696375594,Wide,Bearish,Below CPR,False,False,0.48333333333333334,60,665884.885,Higher,True,Neutral,False,8.327857142857146,180.4966,,0.14729679503674092,0.5384284552426806,False,False,No setup,Neutral,0,Not applicable,No directional setup; confirmation score not applicable.,Wide CPR,Wide Downside Watch,Watch,Wide CPR + close below CPR; trend aligned; participation light,0,0,0,0
2026-09-04,2026-09-04,CM,NSE,STK,3009,INE080B01012,KOHINOOR,EQ,,,,,KOHINOOR FOODS LIMITED,33.79,33.79,32.5,32.77,32.5,33.52,,32.77,,,131797,4369429.28,1926,F1,1,,,,,,Cash Only,Unclassified,False,33.02,33.144999999999996,32.89500000000001,33.144999999999996,32.89500000000001,0.2499999999999858,0.7628928898382232,Wide,Bearish,Below CPR,False,False,0.8333333333333334,60,3013427.1799999997,Lower,True,Neutral,False,2.5507142857142857,26.7296,26.08,0.09801176141136379,1.44998668260502,True,True,No setup,Neutral,0,Not applicable,No directional setup; confirmation score not applicable.,Wide CPR,Wide Downside Watch,Watch,Wide CPR + close below CPR; trend opposes; participation confirmed,0,0,0,0
2026-09-04,2026-09-04,CM,NSE,STK,764683,INE194R01017,FREDUN,EQ,,,,,FREDUN PHARMACEUTICALS L,1502.9,1517.0,1458.0,1470.7,1462.3,1488.3,,1471.46,,,15103,22472687.6,1248,F1,1,,,,,,Cash Only,Unclassified,False,1481.8999999999999,1487.5,1476.2999999999997,1487.5,1476.2999999999997,11.200000000000273,0.7615421227986858,Wide,Bearish,Below CPR,False,False,0.9333333333333333,15,22534435.3,Lower,False,Neutral,False,62.59999999999999,,,0.17891373801917373,0.997259851459424,False,False,No setup,Neutral,0,Not applicable,No directional setup; confirmation score not applicable.,Wide CPR,Wide Downside Watch,Watch,Wide CPR + close below CPR; trend aligned; participation light,0,0,0,0
2026-09-04,2026-09-04,CM,NSE,STK,5279,INE645S01024,ROLEXRINGS,EQ,,,,,ROLEX RINGS LIMITED,176.0,176.36,171.0,171.72,172.6,174.83,,171.71,,,743997,128892337.58,9140,F1,1,,,,,,Cash Only,Unclassified,False,173.02666666666667,173.68,172.37333333333333,173.68,172.37333333333333,1.306666666666672,0.7609286435282273,Wide,Bearish,Below CPR,False,False,0.75,60,207264744.105,Lower,True,Neutral,False,6.679285714285718,157.97119999999998,151.0602,0.1956297009232531,0.6218729487090353,True,True,No setup,Neutral,0,Not applicable,No directional setup; confirmation score not applicable.,Wide CPR,Wide Downside Watch,Watch,Wide CPR + close below CPR; trend opposes; participation light,0,0,0,0
2026-09-04,2026-09-04,CM,NSE,STK,3466,INE305A01023,TFCILTD,EQ,,,,,TOURISM FINANCE CORP. OF,147.19,147.39,142.4,143.26,143.16,146.71,,143.26,,,8211306,1185422062.43,17636,F1,1,,,,,,Cash Only,Unclassified,False,144.35,144.89499999999998,143.805,144.89499999999998,143.805,1.089999999999975,0.7608543906184385,Wide,Bearish,Below CPR,False,False,0.6333333333333333,60,1107931717.005,Lower,True,Neutral,False,5.9364285714285705,105.5482,90.288,0.18361208037540191,1.0699414451591607,True,True,No setup,Neutral,0,Not applicable,No directional setup; confirmation score not applicable.,Wide CPR,Wide Downside Watch,Watch,Wide CPR + close below CPR; trend opposes; participation confirmed,0,0,0,0
2026-09-04,2026-09-04,CM,NSE,STK,761670,INE05TO01019,AEROPLANE,EQ,,,,,AMIR CHAND JAG KUM (E) L,188.0,197.0,187.15,194.29,196.2,188.07,,194.17,,,724408,139871004.1,9550,F1,1,,,,,,Cash Only,Unclassified,False,192.8133333333333,192.075,193.55166666666662,193.55166666666662,192.075,1.476666666666631,0.760032254190453,Wide,Bullish,Above CPR,False,False,0.4857142857142857,35,69854360.88,Higher,True,Neutral,False,8.358571428571427,,,0.1766649575571085,2.0023231525985725,False,False,No setup,Neutral,0,Not applicable,No directional setup; confirmation score not applicable.,Wide CPR,Wide Upside Watch,Watch,Wide CPR + close above CPR; trend opposes; participation confirmed,0,0,0,0
2026-09-04,2026-09-04,CM,NSE,STK,17351,INE498E01010,SALONA,EQ,,,,,SALONA COTSPIN LTD.,259.5,274.75,259.0,269.95,269.95,262.9,,268.62,,,74,19418.2,19,F1,1,,,,,,Cash Only,Unclassified,False,267.90000000000003,266.875,268.92500000000007,268.92500000000007,266.875,2.050000000000068,0.7593998888683342,Wide,Bullish,Above CPR,False,False,0.45,60,91019.595,Higher,True,Neutral,False,14.504999999999992,256.476,266.3125,0.14133057566356907,0.21334087456662493,True,True,No setup,Neutral,0,Not applicable,No directional setup; confirmation score not applicable.,Wide CPR,Wide Upside Watch,Watch,Wide CPR + close above CPR; trend aligned; participation light,0,0,0,0
2026-09-04,2026-09-04,CM,NSE,STK,15555,INE075I01017,HCG,EQ,,,,,HEALTHCARE GLOB. ENT. LTD,707.8,718.25,698.1,700.2,703.95,703.45,,700.24,,,65274,46237662.25,4683,F1,1,,,,,,Cash Only,Unclassified,False,705.5166666666668,708.175,702.8583333333336,708.175,702.8583333333336,5.316666666666379,0.7593068647052811,Wide,Bearish,Below CPR,False,False,0.8,60,87909599.17500001,Outside,True,Neutral,False,26.325000000000014,682.9,648.6115,0.2019626464070798,0.5259682979324651,True,True,No setup,Neutral,0,Not applicable,No directional setup; confirmation score not applicable.,Wide CPR,Wide Downside Watch,Watch,Wide CPR + close below CPR; trend opposes; participation light,0,0,0,0
2026-09-04,2026-09-04,CM,NSE,STK,17945,INE03QK01018,COHANCE,EQ,,,,,COHANCE LIFESCIENCES LTD,463.3,470.0,453.6,456.6,456.0,460.85,,456.6,,,572792,264348542.2,26506,F1,1,,,,,,Cash Only,Healthcare,True,460.06666666666666,461.8,458.3333333333333,461.8,458.3333333333333,3.466666666666697,0.7592349248065478,Wide,Bearish,Below CPR,False,False,0.8,60,239339297.175,Outside,True,Neutral,False,17.332142857142852,444.81299999999993,437.208,0.2000137372072276,1.1044928489395276,True,True,No setup,Neutral,0,Not applicable,No directional setup; confirmation score not applicable.,Wide CPR,Wide Downside Watch,Watch,Wide CPR + close below CPR; trend opposes; participation confirmed,0,0,0,0
2026-09-04,2026-09-04,CM,NSE,STK,2969,INE623A01011,SAKHTISUG,EQ,,,,,SAKTHI SUGARS LTD,20.35,20.4,19.61,19.78,19.87,20.35,,19.78,,,175324,3479670.72,907,F1,1,,,,,,Cash Only,Unclassified,False,19.93,20.005,19.855,20.005,19.855,0.14999999999999858,0.7583417593528745,Wide,Bearish,Below CPR,False,False,0.7666666666666667,60,1349312.425,Lower,True,Neutral,False,1.4585714285714282,18.0598,18.058899999999998,0.10284035259549366,2.5788473118077158,True,True,No setup,Neutral,0,Not applicable,No directional setup; confirmation score not applicable.,Wide CPR,Wide Downside Watch,Watch,Wide CPR + close below CPR; trend opposes; participation confirmed,0,0,0,0
2026-09-04,2026-09-04,CM,NSE,STK,11423,INE365B01017,DATAMATICS,EQ,,,,,DATAMATICS GLOBAL SER LTD,771.45,785.0,762.2,764.9,766.0,774.85,,764.91,,,55826,43093997.8,3293,F1,1,,,,,,Cash Only,Unclassified,False,770.6999999999999,773.6,767.7999999999998,773.6,767.7999999999998,5.800000000000182,0.7582690547784262,Wide,Bearish,Below CPR,False,False,0.8333333333333334,60,57197297.775000006,Overlapping,True,Neutral,False,19.42857142857142,831.453,799.6,0.29852941176471537,0.7534271631069199,False,False,No setup,Neutral,0,Not applicable,No directional setup; confirmation score not applicable.,Wide CPR,Wide Downside Watch,Watch,Wide CPR + close below CPR; trend aligned; participation light,0,0,0,0
2026-09-04,2026-09-04,CM,NSE,STK,14008,INE488D01021,AVTNPL,EQ,,,,,AVT NATURAL PRODUCTS LTD,93.66,93.66,90.45,91.02,91.5,91.64,,91.01,,,309025,28318141.42,3137,F1,1,,,,,,Cash Only,Unclassified,False,91.71,92.055,91.36499999999998,92.055,91.36499999999998,0.6900000000000261,0.7580751483190795,Wide,Bearish,Below CPR,False,False,0.8333333333333334,60,3464406.205,Overlapping,True,Neutral,False,4.769285714285715,76.0234,72.47,0.14467575258350104,8.174024564189349,True,True,No setup,Neutral,0,Not applicable,No directional setup; confirmation score not applicable.,Wide CPR,Wide Downside Watch,Watch,Wide CPR + close below CPR; trend opposes; participation confirmed,0,0,0,0
2026-09-04,2026-09-04,CM,NSE,STK,764885,INE414Y01015,SGRL,EQ,,,,,SHREE GANESH REMEDIES LTD,684.0,717.0,684.0,708.55,708.95,684.1,,708.4,,,22022,15451083.05,1184,F1,1,,,,,,Cash Only,Unclassified,False,703.1833333333334,700.5,705.8666666666668,705.8666666666668,700.5,5.366666666666788,0.7574153788253176,Wide,Bullish,Above CPR,False,False,0.5333333333333333,15,3959591.2,Higher,False,Neutral,False,39.685714285714276,,,0.13522918166546985,3.902191481282209,False,False,No setup,Neutral,0,Not applicable,No directional setup; confirmation score not applicable.,Wide CPR,Wide Upside Watch,Watch,Wide CPR + close above CPR; trend opposes; participation confirmed,0,0,0,0
2026-09-04,2026-09-04,CM,NSE,STK,715,INE492A01029,SUDARCOLOR,EQ,,,,,SUDARSHAN COLORNT IND LTD,390.6,394.6,381.0,383.45,384.25,388.0,,383.45,,,7856,3051873.35,292,F1,1,,,,,,Cash Only,Unclassified,False,386.34999999999997,387.8,384.8999999999999,387.8,384.8999999999999,2.900000000000091,0.7562915634372386,Wide,Bearish,Below CPR,False,False,0.7166666666666667,60,2382814.175,Lower,True,Neutral,False,13.853571428571424,379.67199999999997,369.60650000000004,0.20933230213973336,1.2807852924578143,True,True,No setup,Neutral,0,Not applicable,No directional setup; confirmation score not applicable.,Wide CPR,Wide Downside Watch,Watch,Wide CPR + close below CPR; trend opposes; participation confirmed,0,0,0,0
2026-09-04,2026-09-04,CM,NSE,STK,14319,INE804H01012,TFL,EQ,,,,,TRANSWARRANTY FIN. LTD.,12.56,12.74,12.26,12.36,12.4,12.56,,12.36,,,23861,296263.94,50,F1,1,,,,,,Cash Only,Unclassified,False,12.453333333333333,12.5,12.406666666666666,12.5,12.406666666666666,0.09333333333333371,0.755124056094933,Wide,Bearish,Below CPR,False,False,0.38333333333333336,60,87521.375,Lower,True,Neutral,False,0.8557142857142853,11.487400000000001,11.906799999999999,0.10907067334446349,3.3850466814535305,True,True,No setup,Neutral,0,Not applicable,No directional setup; confirmation score not applicable.,Wide CPR,Wide Downside Watch,Watch,Wide CPR + close below CPR; trend opposes; participation confirmed,0,0,0,0
2026-09-04,2026-09-04,CM,NSE,STK,762712,INE640B01021,HBESD,EQ,,,,,H B ESTATE DEVELOPERS L,75.0,76.9,75.0,75.1,75.1,75.0,,75.1,,,1075,80767.8,22,F1,1,,,,,,Cash Only,Unclassified,False,75.66666666666667,75.95,75.38333333333334,75.95,75.38333333333334,0.5666666666666629,0.7545494895694579,Wide,Bearish,Below CPR,False,False,0.43333333333333335,60,84212.73,Higher,True,Neutral,False,2.2414285714285733,75.7264,,0.25281495644784174,0.9590925267474407,False,False,No setup,Neutral,0,Not applicable,No directional setup; confirmation score not applicable.,Wide CPR,Wide Downside Watch,Watch,Wide CPR + close below CPR; trend aligned; participation light,0,0,0,0
2026-09-04,2026-09-04,CM,NSE,STK,4898,INE258B01022,FDC,EQ,,,,,FDC LIMITED,343.0,351.8,341.55,342.8,342.3,341.6,,342.8,,,120312,41467748.1,7719,F1,1,,,,,,Cash Only,Unclassified,False,345.3833333333334,346.675,344.09166666666675,346.675,344.09166666666675,2.5833333333332575,0.7535978218591766,Wide,Bearish,Below CPR,False,False,0.8333333333333334,60,53681059.225,Higher,True,Neutral,False,9.346428571428577,388.08200000000005,383.63699999999994,0.2763979110941199,0.7724837903475628,False,False,No setup,Neutral,0,Not applicable,No directional setup; confirmation score not applicable.,Wide CPR,Wide Downside Watch,Watch,Wide CPR + close below CPR; trend aligned; participation light,0,0,0,0
2026-09-04,2026-09-04,CM,NSE,STK,13900,INE559D01011,CREST,EQ,,,,,CREST VENTURES LIMITED,369.9,369.9,356.2,359.0,357.1,365.3,,359.0,,,1505,542334.8,118,F1,1,,,,,,Cash Only,Unclassified,False,361.7,363.04999999999995,360.35,363.04999999999995,360.35,2.699999999999932,0.7520891364902317,Wide,Bearish,Below CPR,False,False,0.6666666666666666,60,1441063.725,Lower,True,Neutral,False,14.632142857142854,371.18800000000005,369.41650000000004,0.1845252623871079,0.3763433848145751,False,False,No setup,Neutral,0,Not applicable,No directional setup; confirmation score not applicable.,Wide CPR,Wide Downside Watch,Watch,Wide CPR + close below CPR; trend aligned; participation light,0,0,0,0
2026-09-04,2026-09-04,CM,NSE,STK,9111,INE955V01021,ARVINDFASN,EQ,,,,,ARVIND FASHIONS LIMITED,456.6,458.05,445.0,446.5,446.0,454.3,,446.5,,,75363,34026053.6,5220,F1,1,,,,,,Cash Only,Unclassified,False,449.84999999999997,451.525,448.17499999999995,451.525,448.17499999999995,3.3500000000000227,0.750279955207172,Wide,Bearish,Below CPR,False,False,0.8,60,104030520.525,Lower,True,Neutral,False,13.524999999999997,457.44700000000006,457.82050000000004,0.24768946395563946,0.3270776059591383,False,False,No setup,Neutral,0,Not applicable,No directional setup; confirmation score not applicable.,Wide CPR,Wide Downside Watch,Watch,Wide CPR + close below CPR; trend aligned; participation light,0,0,0,0
