TradDt,BizDt,Sgmt,Src,FinInstrmTp,FinInstrmId,ISIN,SYMBOL,SERIES,XpryDt,FininstrmActlXpryDt,StrkPric,OptnTp,NAME,OPEN,HIGH,LOW,CLOSE,LAST,PREVCLOSE,UndrlygPric,SttlmPric,OpnIntrst,ChngInOpnIntrst,VOLUME,VALUE,TtlNbOfTxsExctd,SsnId,NewBrdLotQty,Rmks,Rsvd1,Rsvd2,Rsvd3,Rsvd4,Segment,Industry,Nifty500,Pivot,BC,TC,CPR_Top,CPR_Bottom,CPR_Width,CPR_Width_Pct,CPR_Class,Bias,Price_Position,Bullish_CPR,Bearish_CPR,Width_Rank_Pct,History_Days,Value_60d,Overlay,History_OK,Regime,Own_Narrow,ATR14,SMA50,SMA100,Width_ATR,Value_Ratio,Above_SMA50,Above_SMA100,Setup,Signal_Direction,Signal_Score,Signal_Grade,Signal_Explanation,Strategy_Type,Strategy_Setup,Strategy_Confirmation,Strategy_Explanation,Daily_Signal,Weekly_Signal,Monthly_Signal,Confluence_Score
2026-09-16,2026-09-16,CM,NSE,STK,18863,INE188Y01031,VERTOZ,EQ,,,,,VERTOZ LIMITED,37.27,38.65,37.01,37.69,37.26,37.49,,37.69,,,28774,1082465.01,283,F1,1,,,,,,Cash Only,Unclassified,False,37.78333333333333,37.83,37.736666666666665,37.83,37.736666666666665,0.09333333333333371,0.24763420889714438,Narrow,Bearish,Below CPR,False,True,0.16666666666666666,60,3528514.5,Lower,True,Risk Off,True,2.608571428571429,44.6416,46.7946,0.035779481562614235,0.3067764097327643,False,False,No setup,Neutral,0,Not applicable,No directional setup; confirmation score not applicable.,Narrow CPR,Not applicable,Not applicable,Narrow CPR; Wide CPR rules not applied,0,0,0,0
2026-09-16,2026-09-16,CM,NSE,STK,13332,INE343H01029,SOLARINDS,EQ,,,,,SOLAR INDUSTRIES (I) LTD,19400.0,19460.0,18480.0,18900.0,18900.0,19250.0,,18900.2,,,525092,9886927015.0,105562,F1,1,,,,,,F&O + Cash,Chemicals,True,18946.666666666668,18970.0,18923.333333333336,18970.0,18923.333333333336,46.66666666666424,0.24691358024690074,Narrow,Bearish,Below CPR,False,True,0.43333333333333335,60,1883575031.5,Lower,True,Risk Off,False,784.8571428571429,19477.72,18443.51,0.05945880354325622,5.2490221252967375,False,True,No setup,Neutral,0,Not applicable,No directional setup; confirmation score not applicable.,Narrow CPR,Not applicable,Not applicable,Narrow CPR; Wide CPR rules not applied,0,0,0,0
2026-09-16,2026-09-16,CM,NSE,STK,25222,INE0UOS01011,SANOFICONR,EQ,,,,,SANOFI CONS HEALTHC IND L,4012.1,4039.3,3971.0,3990.4,3981.9,4055.3,,3991.71,,,1967,7865387.9,809,F1,1,,,,,,Cash Only,Unclassified,False,4000.2333333333336,4005.15,3995.316666666667,4005.15,3995.316666666667,9.83333333333303,0.24642475273990153,Narrow,Bearish,Below CPR,False,True,0.5,60,15806268.75,Lower,True,Risk Off,False,111.47142857142846,4389.61,4542.844,0.0882139348113947,0.4976119300767931,False,False,No setup,Neutral,0,Not applicable,No directional setup; confirmation score not applicable.,Narrow CPR,Not applicable,Not applicable,Narrow CPR; Wide CPR rules not applied,0,0,0,0
2026-09-16,2026-09-16,CM,NSE,STK,18365,INE262H01021,PERSISTENT,EQ,,,,,PERSISTENT SYSTEMS LTD,5522.0,5529.5,5390.5,5440.0,5440.0,5477.5,,5439.99,,,412053,2240874418.5,30246,F1,1,,,,,,F&O + Cash,Information Technology,True,5453.333333333333,5460.0,5446.666666666666,5460.0,5446.666666666666,13.33333333333394,0.24509803921569742,Narrow,Bearish,Below CPR,False,True,0.2833333333333333,60,2768513450.85,Lower,True,Risk Off,False,176.67857142857142,5430.816,5167.3589999999995,0.0754666127619467,0.8094143150404409,True,True,No setup,Neutral,0,Not applicable,No directional setup; confirmation score not applicable.,Narrow CPR,Not applicable,Not applicable,Narrow CPR; Wide CPR rules not applied,0,0,0,0
2026-09-16,2026-09-16,CM,NSE,STK,896,INE745B01028,KHAICHEM,EQ,,,,,KHAITAN CHEM & FERT LTD,50.89,51.9,49.41,50.47,50.69,50.6,,50.47,,,158837,7999249.23,1604,F1,1,,,,,,Cash Only,Unclassified,False,50.593333333333334,50.655,50.531666666666666,50.655,50.531666666666666,0.12333333333333485,0.24436959249719606,Narrow,Bearish,Below CPR,False,True,0.21666666666666667,60,11534568.465,Lower,True,Risk Off,True,2.175,54.4274,55.7266,0.05670498084291258,0.6935022540524667,False,False,No setup,Neutral,0,Not applicable,No directional setup; confirmation score not applicable.,Narrow CPR,Not applicable,Not applicable,Narrow CPR; Wide CPR rules not applied,0,0,0,0
2026-09-16,2026-09-16,CM,NSE,STK,1023,INE171A01029,FEDERALBNK,EQ,,,,,FEDERAL BANK LTD,341.8,346.0,340.1,341.8,341.8,343.0,,341.8,,,2857474,979013332.05,51293,F1,1,,,,,,F&O + Cash,Financial Services,True,342.6333333333334,343.05,342.21666666666675,343.05,342.21666666666675,0.8333333333332575,0.24380729471423565,Narrow,Bearish,Below CPR,False,True,0.5,60,1578928018.875,Overlapping,True,Risk Off,False,6.4214285714285655,349.105,326.271,0.12977382276602464,0.6200493754918325,False,True,No setup,Neutral,0,Not applicable,No directional setup; confirmation score not applicable.,Narrow CPR,Not applicable,Not applicable,Narrow CPR; Wide CPR rules not applied,0,0,0,0
2026-09-16,2026-09-16,CM,NSE,STK,11309,INE618N01022,BALAXI,EQ,,,,,BALAXI PHARMA LTD,23.01,24.33,22.5,23.33,23.29,23.12,,23.33,,,19590,456583.72,131,F1,1,,,,,,Cash Only,Unclassified,False,23.386666666666667,23.415,23.358333333333334,23.415,23.358333333333334,0.05666666666666487,0.24289184169166253,Narrow,Bearish,Below CPR,False,True,0.25,60,1244231.6800000002,Overlapping,True,Risk Off,True,1.6878571428571427,23.5178,22.3651,0.03357314148680949,0.3669603718818668,False,True,No setup,Neutral,0,Not applicable,No directional setup; confirmation score not applicable.,Narrow CPR,Not applicable,Not applicable,Narrow CPR; Wide CPR rules not applied,0,0,0,0
2026-09-16,2026-09-16,CM,NSE,STK,23607,INE011E01029,BALUFORGE,EQ,,,,,BALU FORGE INDUSTRIES LTD,496.0,500.0,470.0,483.25,481.55,498.2,,483.26,,,1000368,482742480.4,26970,F1,1,,,,,,Cash Only,Unclassified,False,484.4166666666667,485.0,483.83333333333337,485.0,483.83333333333337,1.1666666666666288,0.24142093464389627,Narrow,Bearish,Below CPR,False,True,0.23333333333333334,60,334380264.6,Lower,True,Risk Off,True,28.749999999999993,501.94199999999995,491.04449999999997,0.04057971014492623,1.4436930988659789,False,False,No setup,Neutral,0,Not applicable,No directional setup; confirmation score not applicable.,Narrow CPR,Not applicable,Not applicable,Narrow CPR; Wide CPR rules not applied,0,0,0,0
2026-09-16,2026-09-16,CM,NSE,STK,13656,INE062D01024,ALICON,EQ,,,,,ALICON CASTALLOY LIMITED,688.65,708.75,672.9,688.35,683.0,697.2,,688.14,,,30853,21071508.45,2220,F1,1,,,,,,Cash Only,Unclassified,False,690.0,690.825,689.175,690.825,689.175,1.650000000000091,0.23970363913708012,Narrow,Bearish,Below CPR,False,True,0.25,60,12741729.875,Lower,True,Risk Off,True,30.950000000000014,689.375,679.806,0.053311793214865594,1.6537400067900905,False,True,No setup,Neutral,0,Not applicable,No directional setup; confirmation score not applicable.,Narrow CPR,Not applicable,Not applicable,Narrow CPR; Wide CPR rules not applied,0,0,0,0
2026-09-16,2026-09-16,CM,NSE,STK,1247,INE026A01025,GSFC,EQ,,,,,GUJ STATE FERT & CHEM LTD,151.85,152.24,147.15,149.16,149.0,151.55,,149.17,,,1062067,158139618.61,13768,F1,1,,,,,,Cash Only,Unclassified,False,149.51666666666665,149.695,149.3383333333333,149.695,149.3383333333333,0.35666666666668334,0.2391168320371972,Narrow,Bearish,Below CPR,False,True,0.4,60,98727161.89,Lower,True,Risk Off,False,3.482857142857142,159.4422,163.38469999999998,0.10240634399781721,1.6017843072020674,False,False,No setup,Neutral,0,Not applicable,No directional setup; confirmation score not applicable.,Narrow CPR,Not applicable,Not applicable,Narrow CPR; Wide CPR rules not applied,0,0,0,0
2026-09-16,2026-09-16,CM,NSE,STK,14687,INE426D01013,GOACARBON,EQ,,,,,GOA CARBON LIMITED,388.75,400.0,384.0,390.6,387.5,384.9,,390.61,,,37318,14642812.25,1714,F1,1,,,,,,Cash Only,Unclassified,False,391.5333333333333,392.0,391.0666666666666,392.0,391.0666666666666,0.933333333333394,0.23894862604541575,Narrow,Bearish,Below CPR,False,True,0.16666666666666666,60,3566920.175,Inside,True,Risk Off,True,23.889285714285723,378.6,386.342,0.039069118453184365,4.105169594943346,True,True,No setup,Neutral,0,Not applicable,No directional setup; confirmation score not applicable.,Narrow CPR,Not applicable,Not applicable,Narrow CPR; Wide CPR rules not applied,0,0,0,0
2026-09-16,2026-09-16,CM,NSE,STK,15034,INE193E01025,BAJAJELEC,EQ,,,,,BAJAJ ELECT.LTD,328.3,328.35,319.05,322.55,322.25,328.4,,322.52,,,93301,30155656.1,4405,F1,1,,,,,,Cash Only,Unclassified,False,323.31666666666666,323.70000000000005,322.9333333333333,323.70000000000005,322.9333333333333,0.7666666666667652,0.23768924714517597,Narrow,Bearish,Below CPR,False,True,0.3333333333333333,60,36202095.575,Lower,True,Risk Off,False,9.399999999999993,339.68299999999994,343.00700000000006,0.0815602836879538,0.8329809537551888,False,False,No setup,Neutral,0,Not applicable,No directional setup; confirmation score not applicable.,Narrow CPR,Not applicable,Not applicable,Narrow CPR; Wide CPR rules not applied,0,0,0,0
2026-09-16,2026-09-16,CM,NSE,STK,17778,INE0NN701020,ATL,EQ,,,,,ALLCARGO TERMINALS LTD,24.33,24.83,23.12,23.89,23.9,24.33,,23.9,,,233170,5544824.42,1844,F1,1,,,,,,Cash Only,Unclassified,False,23.94666666666667,23.975,23.918333333333337,23.975,23.918333333333337,0.05666666666666487,0.23719826984790654,Narrow,Bearish,Below CPR,False,True,0.16666666666666666,60,3380734.415,Lower,True,Risk Off,True,1.399285714285714,24.2916,24.5592,0.04049685213544198,1.6401242272679382,False,False,No setup,Neutral,0,Not applicable,No directional setup; confirmation score not applicable.,Narrow CPR,Not applicable,Not applicable,Narrow CPR; Wide CPR rules not applied,0,0,0,0
2026-09-16,2026-09-16,CM,NSE,STK,11999,INE512B01022,FCSSOFT,EQ,,,,,FCS SOFTWARE SOLN. LTD.,1.43,1.43,1.4,1.41,1.42,1.42,,1.41,,,1385664,1954667.95,968,F1,1,,,,,,Cash Only,Unclassified,False,1.4133333333333333,1.415,1.4116666666666666,1.415,1.4116666666666666,0.0033333333333334103,0.23640661938534824,Narrow,Bearish,Below CPR,False,True,0.14166666666666666,60,2858372.165,Lower,True,Risk Off,True,0.04857142857142861,1.485,1.5423,0.06862745098039369,0.683839555231605,False,False,No setup,Neutral,0,Not applicable,No directional setup; confirmation score not applicable.,Narrow CPR,Not applicable,Not applicable,Narrow CPR; Wide CPR rules not applied,0,0,0,0
2026-09-16,2026-09-16,CM,NSE,STK,761814,INE887D01024,TCC,EQ,,,,,TCC CONCEPT LIMITED,53.7,54.74,50.15,52.26,51.3,54.63,,52.31,,,1749386,91538050.64,11219,F1,1,,,,,,Cash Only,Unclassified,False,52.38333333333333,52.445,52.321666666666665,52.445,52.321666666666665,0.12333333333333485,0.23599948973083593,Narrow,Bearish,Below CPR,False,True,0.15,60,9859591.925,Lower,True,Risk Off,True,21.740000000000002,235.6422,298.8261,0.005673106409077039,9.28416219822404,False,False,No setup,Neutral,0,Not applicable,No directional setup; confirmation score not applicable.,Narrow CPR,Not applicable,Not applicable,Narrow CPR; Wide CPR rules not applied,0,0,0,0
2026-09-16,2026-09-16,CM,NSE,STK,758150,INE08N601015,MBEL,EQ,,,,,M AND B ENGINEERING LTD,253.2,260.65,249.95,254.4,253.0,252.65,,254.45,,,122018,31085210.5,6027,F1,1,,,,,,Cash Only,Unclassified,False,255.0,255.29999999999998,254.70000000000002,255.29999999999998,254.70000000000002,0.5999999999999659,0.23584905660376018,Narrow,Bearish,Below CPR,False,True,0.23333333333333334,60,37846353.224999994,Inside,True,Risk Off,True,9.057142857142852,286.478,297.05510000000004,0.06624605678233066,0.8213528610060687,False,False,No setup,Neutral,0,Not applicable,No directional setup; confirmation score not applicable.,Narrow CPR,Not applicable,Not applicable,Narrow CPR; Wide CPR rules not applied,0,0,0,0
2026-09-16,2026-09-16,CM,NSE,STK,29624,INE274Y01021,AJAXENGG,EQ,,,,,AJAX ENGINEERING LIMITED,579.0,582.0,555.1,566.55,566.1,581.6,,566.55,,,76170,43019683.9,10467,F1,1,,,,,,Cash Only,Unclassified,False,567.8833333333333,568.55,567.2166666666667,568.55,567.2166666666667,1.3333333333332575,0.23534257052921326,Narrow,Bearish,Below CPR,False,True,0.3,60,29657433.275,Lower,True,Risk Off,False,19.039285714285718,577.168,565.0665,0.07003063840429789,1.450553171648331,False,True,No setup,Neutral,0,Not applicable,No directional setup; confirmation score not applicable.,Narrow CPR,Not applicable,Not applicable,Narrow CPR; Wide CPR rules not applied,0,0,0,0
2026-09-16,2026-09-16,CM,NSE,STK,14366,INE669E01016,IDEA,EQ,,,,,VODAFONE IDEA LIMITED,14.48,14.49,14.13,14.26,14.26,14.45,,14.26,,,307898731,4403739806.62,482020,F1,1,,,,,,F&O + Cash,Telecommunication,True,14.293333333333335,14.31,14.276666666666669,14.31,14.276666666666669,0.03333333333333144,0.2337540906965739,Narrow,Bearish,Below CPR,False,True,0.26666666666666666,60,4770019055.335,Lower,True,Risk Off,False,0.5457142857142856,13.9058,13.6312,0.06108202443280632,0.923212204298149,True,True,No setup,Neutral,0,Not applicable,No directional setup; confirmation score not applicable.,Narrow CPR,Not applicable,Not applicable,Narrow CPR; Wide CPR rules not applied,0,0,0,0
2026-09-16,2026-09-16,CM,NSE,STK,25060,INE06HJ01020,ECOSMOBLTY,EQ,,,,,ECOS (INDIA) MOB & HOSP L,106.21,108.19,105.29,106.37,106.05,107.47,,106.37,,,45900,4899393.73,1482,F1,1,,,,,,Cash Only,Unclassified,False,106.61666666666667,106.74000000000001,106.49333333333334,106.74000000000001,106.49333333333334,0.2466666666666697,0.23189495785152736,Narrow,Bearish,Below CPR,False,True,0.2,60,28469564.009999998,Lower,True,Risk Off,True,8.347857142857144,130.9896,143.9693,0.02954850118365171,0.1720923344059318,False,False,No setup,Neutral,0,Not applicable,No directional setup; confirmation score not applicable.,Narrow CPR,Not applicable,Not applicable,Narrow CPR; Wide CPR rules not applied,0,-2,-2,-4
2026-09-16,2026-09-16,CM,NSE,STK,759551,INE202B01038,PIRAMALFIN,EQ,,,,,PIRAMAL FINANCE LIMITED,2202.4,2237.2,2180.2,2201.1,2191.1,2224.4,,2201.13,,,405982,895082765.8,24379,F1,1,,,,,,Cash Only,Financial Services,True,2206.1666666666665,2208.7,2203.633333333333,2208.7,2203.633333333333,5.066666666666606,0.23018793633486015,Narrow,Bearish,Below CPR,False,True,0.35,60,585474861.55,Lower,True,Risk Off,False,66.05714285714286,2151.38,2074.394,0.0767012687427903,1.5288150261999922,True,True,No setup,Neutral,0,Not applicable,No directional setup; confirmation score not applicable.,Narrow CPR,Not applicable,Not applicable,Narrow CPR; Wide CPR rules not applied,0,0,0,0
2026-09-16,2026-09-16,CM,NSE,STK,11880,INE824G01012,JSWHL,EQ,,,,,JSW HOLDINGS LIMITED,11099.0,11109.0,10836.0,10935.0,10850.0,10967.0,,10933.45,,,2885,31637326.0,1385,F1,1,,,,,,Cash Only,Unclassified,False,10960.0,10972.5,10947.5,10972.5,10947.5,25.0,0.2286236854138089,Narrow,Bearish,Below CPR,False,True,0.25,60,31760385.0,Lower,True,Risk Off,True,409.5,11432.08,11970.33,0.06105006105006105,0.9961253933162334,False,False,No setup,Neutral,0,Not applicable,No directional setup; confirmation score not applicable.,Narrow CPR,Not applicable,Not applicable,Narrow CPR; Wide CPR rules not applied,0,0,0,0
2026-09-16,2026-09-16,CM,NSE,STK,9087,INE751B01018,PIXTRANS,EQ,,,,,PIX TRANSMISSIONS LIMITED,1739.8,1749.3,1711.6,1724.6,1720.5,1734.0,,1724.57,,,9230,15980349.8,2014,F1,1,,,,,,Cash Only,Unclassified,False,1728.5,1730.4499999999998,1726.5500000000002,1730.4499999999998,1726.5500000000002,3.899999999999636,0.2261393946422148,Narrow,Bearish,Below CPR,False,True,0.23333333333333334,60,24884101.05,Lower,True,Risk Off,True,47.078571428571436,1800.4159999999997,1703.274,0.0828402366863828,0.6421911632608485,False,True,No setup,Neutral,0,Not applicable,No directional setup; confirmation score not applicable.,Narrow CPR,Not applicable,Not applicable,Narrow CPR; Wide CPR rules not applied,0,0,0,0
2026-09-16,2026-09-16,CM,NSE,STK,4920,INE642Y01029,HINDCON,EQ,,,,,HINDCON CHEMICALS LIMITED,24.43,24.43,23.25,23.76,23.94,23.74,,23.76,,,15512,369200.5,162,F1,1,,,,,,Cash Only,Unclassified,False,23.813333333333333,23.84,23.786666666666665,23.84,23.786666666666665,0.053333333333334565,0.22446689113356297,Narrow,Bearish,Below CPR,False,True,0.1,60,572693.53,Inside,True,Risk Off,True,1.5385714285714283,22.403200000000002,21.8024,0.0346641906530494,0.6446737751690681,True,True,No setup,Neutral,0,Not applicable,No directional setup; confirmation score not applicable.,Narrow CPR,Not applicable,Not applicable,Narrow CPR; Wide CPR rules not applied,0,0,0,0
2026-09-16,2026-09-16,CM,NSE,STK,19061,INE522D01027,MANAPPURAM,EQ,,,,,MANAPPURAM FINANCE LTD,321.25,324.7,317.25,319.9,319.9,318.85,,319.9,,,3120709,1001570596.75,52092,F1,1,,,,,,F&O + Cash,Financial Services,True,320.6166666666667,320.975,320.2583333333333,320.975,320.2583333333333,0.716666666666697,0.22402834219027729,Narrow,Bearish,Below CPR,False,True,0.3,60,1411736748.175,Overlapping,True,Risk Off,False,11.228571428571424,346.421,329.8545,0.06382527565733945,0.709459889065553,False,False,No setup,Neutral,0,Not applicable,No directional setup; confirmation score not applicable.,Narrow CPR,Not applicable,Not applicable,Narrow CPR; Wide CPR rules not applied,0,0,0,0
2026-09-16,2026-09-16,CM,NSE,STK,19556,INE474E01029,BHANDARI,EQ,,,,,BHANDARI HOSIERY EXP LTD,3.0,3.0,2.98,2.98,2.99,3.0,,2.98,,,150895,450902.65,153,F1,1,,,,,,Cash Only,Unclassified,False,2.986666666666667,2.99,2.9833333333333334,2.99,2.9833333333333334,0.006666666666666821,0.22371364653244363,Narrow,Bearish,Below CPR,False,True,0.18333333333333332,60,1192287.065,Lower,True,Risk Off,True,0.09214285714285708,3.1408000000000005,3.2609,0.0723514211886322,0.37818295881621433,False,False,No setup,Neutral,0,Not applicable,No directional setup; confirmation score not applicable.,Narrow CPR,Not applicable,Not applicable,Narrow CPR; Wide CPR rules not applied,0,0,0,0
2026-09-16,2026-09-16,CM,NSE,STK,8968,INE00EV01017,HARIOMPIPE,EQ,,,,,HARIOM PIPE INDUSTRIES L,348.0,356.95,346.1,350.35,350.0,351.6,,350.35,,,104808,36751390.8,4464,F1,1,,,,,,Cash Only,Unclassified,False,351.1333333333334,351.525,350.7416666666668,351.525,350.7416666666668,0.7833333333331893,0.22358593787161102,Narrow,Bearish,Below CPR,False,True,0.3,60,44039316.525000006,Lower,True,Risk Off,False,12.717857142857143,374.37,373.731,0.061593185434791635,0.8345131963875316,False,False,No setup,Neutral,0,Not applicable,No directional setup; confirmation score not applicable.,Narrow CPR,Not applicable,Not applicable,Narrow CPR; Wide CPR rules not applied,0,0,0,0
2026-09-16,2026-09-16,CM,NSE,STK,19877,INE919I01024,RADIOCITY,EQ,,,,,MUSIC BROADCAST LIMITED,5.9,6.2,5.9,6.03,6.02,6.03,,6.03,,,19490,117651.29,109,F1,1,,,,,,Cash Only,Unclassified,False,6.043333333333334,6.050000000000001,6.036666666666667,6.050000000000001,6.036666666666667,0.013333333333333641,0.2211166390270919,Narrow,Bearish,Below CPR,False,True,0.15,60,267458.265,Lower,True,Risk Off,True,0.36714285714285727,6.434399999999999,6.2039,0.03631647211413831,0.43988653706401626,False,False,No setup,Neutral,0,Not applicable,No directional setup; confirmation score not applicable.,Narrow CPR,Not applicable,Not applicable,Narrow CPR; Wide CPR rules not applied,0,0,0,0
2026-09-16,2026-09-16,CM,NSE,STK,509,INE249Z01020,MAZDOCK,EQ,,,,,MAZAGON DOCK SHIPBUIL LTD,2236.0,2288.6,2190.0,2231.9,2231.9,2236.0,,2231.36,,,545318,1211835456.7,33962,F1,1,,,,,,F&O + Cash,Capital Goods,True,2236.8333333333335,2239.3,2234.366666666667,2239.3,2234.366666666667,4.933333333333394,0.22103738220051947,Narrow,Bearish,Below CPR,False,True,0.3333333333333333,60,1483115913.75,Lower,True,Risk Off,False,65.36428571428571,2440.09,2477.177,0.07547444723709705,0.8170874882165629,False,False,No setup,Neutral,0,Not applicable,No directional setup; confirmation score not applicable.,Narrow CPR,Not applicable,Not applicable,Narrow CPR; Wide CPR rules not applied,0,0,0,0
2026-09-16,2026-09-16,CM,NSE,STK,762859,INE296E01026,RAJPALAYAM,EQ,,,,,RAJAPALAYAM MILLS LTD.,760.0,770.0,755.0,760.0,760.0,759.0,,760.0,,,2946,2232374.15,33,F1,1,,,,,,Cash Only,Unclassified,False,761.6666666666666,762.5,760.8333333333333,762.5,760.8333333333333,1.6666666666667425,0.21929824561404504,Narrow,Bearish,Below CPR,False,True,0.26666666666666666,60,949444.925,Inside,True,Risk Off,False,23.667857142857137,812.7439999999999,815.14,0.0704189930084032,2.351241331876096,False,False,No setup,Neutral,0,Not applicable,No directional setup; confirmation score not applicable.,Narrow CPR,Not applicable,Not applicable,Narrow CPR; Wide CPR rules not applied,0,0,0,0
2026-09-16,2026-09-16,CM,NSE,STK,11155,INE985W01018,CNL,EQ,,,,,CREATIVE NEWTECH LIMITED,1065.0,1088.0,1050.0,1065.5,1060.0,1068.6,,1065.48,,,27962,29764667.5,2816,F1,1,,,,,,Cash Only,Unclassified,False,1067.8333333333333,1069.0,1066.6666666666665,1069.0,1066.6666666666665,2.333333333333485,0.21898951978728157,Narrow,Bearish,Below CPR,False,True,0.25,60,45606358.85,Lower,True,Risk Off,True,60.803571428571445,1087.924,881.0445,0.03837493881546993,0.6526429263492934,False,True,No setup,Neutral,0,Not applicable,No directional setup; confirmation score not applicable.,Narrow CPR,Not applicable,Not applicable,Narrow CPR; Wide CPR rules not applied,0,0,0,0
2026-09-16,2026-09-16,CM,NSE,STK,1497,INE644Y01017,SHIVAMILLS,EQ,,,,,SHIVA MILLS LIMITED,61.9,61.9,58.21,59.86,59.0,61.12,,59.66,,,379,22480.56,30,F1,1,,,,,,Cash Only,Unclassified,False,59.99,60.055,59.925000000000004,60.055,59.925000000000004,0.12999999999999545,0.21717340461075083,Narrow,Bearish,Below CPR,False,True,0.18333333333333332,60,157144.27,Lower,True,Risk Off,True,3.0285714285714294,61.354000000000006,57.495599999999996,0.04292452830188528,0.14305682288001975,False,True,No setup,Neutral,0,Not applicable,No directional setup; confirmation score not applicable.,Narrow CPR,Not applicable,Not applicable,Narrow CPR; Wide CPR rules not applied,0,0,0,0
2026-09-16,2026-09-16,CM,NSE,STK,15295,INE539B01017,VIRINCHI,EQ,,,,,VIRINCHI LIMITED,13.77,14.39,13.6,13.95,14.39,13.76,,14.01,,,67481,936749.53,319,F1,1,,,,,,Cash Only,Unclassified,False,13.979999999999999,13.995000000000001,13.964999999999996,13.995000000000001,13.964999999999996,0.03000000000000469,0.21505376344089383,Narrow,Bearish,Below CPR,False,True,0.18333333333333332,60,748934.505,Inside,True,Risk Off,True,0.7642857142857143,15.181199999999999,15.7919,0.039252336448604264,1.2507763011933868,False,False,No setup,Neutral,0,Not applicable,No directional setup; confirmation score not applicable.,Narrow CPR,Not applicable,Not applicable,Narrow CPR; Wide CPR rules not applied,0,0,0,0
2026-09-16,2026-09-16,CM,NSE,STK,13251,INE190H01024,SAKUMA,EQ,,,,,SAKUMA EXPORTS LIMITED,1.58,1.59,1.54,1.56,1.57,1.56,,1.56,,,511864,796637.7,760,F1,1,,,,,,Cash Only,Unclassified,False,1.5633333333333332,1.565,1.5616666666666665,1.565,1.5616666666666665,0.0033333333333334103,0.2136752136752186,Narrow,Bearish,Below CPR,False,True,0.13333333333333333,60,1758405.495,Lower,True,Risk Off,True,0.08071428571428564,1.6568,1.7439999999999998,0.04129793510324583,0.45304550188521786,False,False,No setup,Neutral,0,Not applicable,No directional setup; confirmation score not applicable.,Narrow CPR,Not applicable,Not applicable,Narrow CPR; Wide CPR rules not applied,0,0,0,0
2026-09-16,2026-09-16,CM,NSE,STK,6385,INE652F01027,CCHHL,EQ,,,,,COUNTRY CLUB HOSP HOL LTD,12.18,12.9,12.18,12.5,12.5,12.18,,12.48,,,10753,135681.37,172,F1,1,,,,,,Cash Only,Unclassified,False,12.526666666666666,12.54,12.513333333333332,12.54,12.513333333333332,0.026666666666667282,0.21333333333333823,Narrow,Bearish,Below CPR,False,True,0.2,60,192115.63,Higher,True,Risk Off,True,0.5550000000000003,12.681400000000002,12.9592,0.04804804804804914,0.7062484712982489,False,False,No setup,Neutral,0,Not applicable,No directional setup; confirmation score not applicable.,Narrow CPR,Not applicable,Not applicable,Narrow CPR; Wide CPR rules not applied,0,0,0,0
2026-09-16,2026-09-16,CM,NSE,STK,17651,INE637C01025,POKARNA,EQ,,,,,POKARNA LIMITED,750.0,765.8,740.0,750.5,749.9,758.25,,750.49,,,70556,53161022.55,5326,F1,1,,,,,,Cash Only,Unclassified,False,752.1,752.9,751.3000000000001,752.9,751.3000000000001,1.599999999999909,0.21319120586274604,Narrow,Bearish,Below CPR,False,True,0.18333333333333332,60,50806087.15,Lower,True,Risk Off,True,36.392857142857146,912.87,905.1240000000001,0.04396467124631742,1.0463514419649615,False,False,No setup,Neutral,0,Not applicable,No directional setup; confirmation score not applicable.,Narrow CPR,Not applicable,Not applicable,Narrow CPR; Wide CPR rules not applied,0,0,0,0
2026-09-16,2026-09-16,CM,NSE,STK,27297,INE834M01019,RTNINDIA,EQ,,,,,RATTANINDIA ENT LIMITED,27.14,27.14,26.51,26.74,26.79,27.01,,26.74,,,2671333,71791666.29,14356,F1,1,,,,,,Cash Only,Unclassified,False,26.796666666666667,26.825000000000003,26.76833333333333,26.825000000000003,26.76833333333333,0.05666666666667197,0.21191722762405377,Narrow,Bearish,Below CPR,False,True,0.18333333333333332,60,34094179.480000004,Lower,True,Risk Off,True,0.9007142857142849,30.646,32.9216,0.06291303198520289,2.1056868763219168,False,False,No setup,Neutral,0,Not applicable,No directional setup; confirmation score not applicable.,Narrow CPR,Not applicable,Not applicable,Narrow CPR; Wide CPR rules not applied,0,0,0,0
2026-09-16,2026-09-16,CM,NSE,STK,760351,INE119201023,PARKHOSPS,EQ,,,,,PARK MEDI WORLD LIMITED,278.65,281.55,273.0,276.4,276.8,279.15,,276.4,,,858138,237914941.45,12202,F1,1,,,,,,Cash Only,Unclassified,False,276.9833333333333,277.275,276.6916666666666,277.275,276.6916666666666,0.5833333333333712,0.21104679208877397,Narrow,Bearish,Below CPR,False,True,0.2,60,157030519.4,Lower,True,Risk Off,True,8.853571428571428,282.69,275.0668,0.06588678230469704,1.5150872732195775,False,True,No setup,Neutral,0,Not applicable,No directional setup; confirmation score not applicable.,Narrow CPR,Not applicable,Not applicable,Narrow CPR; Wide CPR rules not applied,0,0,0,0
2026-09-16,2026-09-16,CM,NSE,STK,8510,INE079J01017,GATEWAY,EQ,,,,,GATEWAY DISTRIPARKS LTD,52.37,53.5,51.51,52.34,52.33,52.49,,52.35,,,366855,19134976.45,3655,F1,1,,,,,,Cash Only,Unclassified,False,52.449999999999996,52.504999999999995,52.394999999999996,52.504999999999995,52.394999999999996,0.10999999999999943,0.21016431027894425,Narrow,Bearish,Below CPR,False,True,0.3,60,48364694.025,Lower,True,Risk Off,False,1.3050000000000008,55.9582,57.0202,0.08429118773946312,0.3956393570919526,False,False,No setup,Neutral,0,Not applicable,No directional setup; confirmation score not applicable.,Narrow CPR,Not applicable,Not applicable,Narrow CPR; Wide CPR rules not applied,0,0,0,0
2026-09-16,2026-09-16,CM,NSE,STK,28314,INE489G01022,ANUHPHR,EQ,,,,,ANUH PHARMA LIMITED,89.5,91.99,87.01,89.22,89.01,90.33,,89.22,,,141288,12691607.41,3395,F1,1,,,,,,Cash Only,Unclassified,False,89.40666666666668,89.5,89.31333333333336,89.5,89.31333333333336,0.186666666666639,0.20922065306729323,Narrow,Bearish,Below CPR,False,True,0.23333333333333334,60,3943637.6799999997,Lower,True,Risk Off,True,5.439285714285712,80.98140000000001,80.0583,0.034318231560511454,3.2182488453148164,True,True,No setup,Neutral,0,Not applicable,No directional setup; confirmation score not applicable.,Narrow CPR,Not applicable,Not applicable,Narrow CPR; Wide CPR rules not applied,0,0,0,0
2026-09-16,2026-09-16,CM,NSE,STK,15259,INE614G01033,RPOWER,EQ,,,,,RELIANCE POWER LTD.,21.03,21.18,20.51,20.78,20.88,21.03,,20.78,,,18909477,392743086.1,40355,F1,1,,,,,,Cash Only,Power,True,20.823333333333334,20.845,20.80166666666667,20.845,20.80166666666667,0.04333333333332945,0.2085338466473987,Narrow,Bearish,Below CPR,False,True,0.2,60,425547978.21,Lower,True,Risk Off,True,0.5914285714285705,23.211600000000004,25.1622,0.07326892109500159,0.9229114135426315,False,False,No setup,Neutral,0,Not applicable,No directional setup; confirmation score not applicable.,Narrow CPR,Not applicable,Not applicable,Narrow CPR; Wide CPR rules not applied,0,0,0,0
2026-09-16,2026-09-16,CM,NSE,STK,11374,INE0LQS01015,TIPSFILMS,EQ,,,,,TIPS FILMS LIMITED,320.0,320.0,312.35,315.2,318.0,319.4,,315.2,,,1619,510306.7,138,F1,1,,,,,,Cash Only,Unclassified,False,315.84999999999997,316.175,315.5249999999999,316.175,315.5249999999999,0.650000000000091,0.206218274111704,Narrow,Bearish,Below CPR,False,True,0.16666666666666666,60,1288589.3,Lower,True,Risk Off,True,9.953571428571419,348.134,354.9125,0.06530319339792812,0.39601966274281497,False,False,No setup,Neutral,0,Not applicable,No directional setup; confirmation score not applicable.,Narrow CPR,Not applicable,Not applicable,Narrow CPR; Wide CPR rules not applied,0,-2,0,-2
2026-09-16,2026-09-16,CM,NSE,STK,955,INE284A01012,ESABINDIA,EQ,,,,,ESAB INDIA LTD,5779.0,5779.0,5606.0,5675.0,5680.0,5751.0,,5674.68,,,3839,21735412.0,1640,F1,1,,,,,,Cash Only,Unclassified,False,5686.666666666667,5692.5,5680.833333333334,5692.5,5680.833333333334,11.66666666666606,0.20558002936856495,Narrow,Bearish,Below CPR,False,True,0.36666666666666664,60,18511690.25,Lower,True,Risk Off,False,144.0,5877.44,6051.253000000001,0.08101851851851431,1.1741451864450898,False,False,No setup,Neutral,0,Not applicable,No directional setup; confirmation score not applicable.,Narrow CPR,Not applicable,Not applicable,Narrow CPR; Wide CPR rules not applied,0,0,0,0
2026-09-16,2026-09-16,CM,NSE,STK,181,INE610C01014,ARENTERP,EQ,,,,,RAJDARSHAN INDUSTRIES LTD,34.3,34.3,31.1,32.6,32.6,32.64,,32.6,,,486,15827.9,31,F1,1,,,,,,Cash Only,Unclassified,False,32.666666666666664,32.7,32.633333333333326,32.7,32.633333333333326,0.06666666666667709,0.20449897750514442,Narrow,Bearish,Below CPR,False,True,0.11666666666666667,60,56184.104999999996,Outside,True,Risk Off,True,2.093571428571428,37.2656,37.6865,0.03184351188445853,0.2817149085137158,False,False,No setup,Neutral,0,Not applicable,No directional setup; confirmation score not applicable.,Narrow CPR,Not applicable,Not applicable,Narrow CPR; Wide CPR rules not applied,0,0,0,0
2026-09-16,2026-09-16,CM,NSE,STK,20188,INE956G01038,WABAG,EQ,,,,,VA TECH WABAG LTD,2113.8,2114.0,2010.1,2055.8,2050.1,2103.4,,2055.74,,,874393,1788280761.9,46693,F1,1,,,,,,Cash Only,Unclassified,False,2059.9666666666667,2062.05,2057.883333333333,2062.05,2057.883333333333,4.16666666666697,0.20267860038267194,Narrow,Bearish,Below CPR,False,True,0.13333333333333333,60,1330930103.2,Lower,True,Risk Off,True,95.48571428571431,2030.7,1840.721,0.04363654498304725,1.3436323647653445,True,True,No setup,Neutral,0,Not applicable,No directional setup; confirmation score not applicable.,Narrow CPR,Not applicable,Not applicable,Narrow CPR; Wide CPR rules not applied,0,0,0,0
2026-09-16,2026-09-16,CM,NSE,STK,1348,INE158A01026,HEROMOTOCO,EQ,,,,,HERO MOTOCORP LIMITED,5200.0,5315.0,5186.5,5235.0,5235.0,5166.0,,5235.03,,,525693,2757989551.0,54212,F1,1,,,,,,F&O + Cash,Automobile and Auto Components,True,5245.5,5250.75,5240.25,5250.75,5240.25,10.5,0.20057306590257878,Narrow,Bearish,Below CPR,False,True,0.31666666666666665,60,2979567721.5,Overlapping,True,Risk Off,False,134.39285714285714,5363.3679999999995,5171.817,0.0781291522721233,0.9256341217213713,False,True,No setup,Neutral,0,Not applicable,No directional setup; confirmation score not applicable.,Narrow CPR,Not applicable,Not applicable,Narrow CPR; Wide CPR rules not applied,0,0,0,0
2026-09-16,2026-09-16,CM,NSE,STK,11377,INE457A01014,MAHABANK,EQ,,,,,BANK OF MAHARASHTRA,80.1,81.7,79.2,80.21,80.21,79.56,,80.21,,,18702078,1503903338.28,48756,F1,1,,,,,,F&O + Cash,Financial Services,True,80.37,80.45,80.29,80.45,80.29,0.1599999999999966,0.19947637451688893,Narrow,Bearish,Below CPR,False,True,0.23333333333333334,60,987446279.87,Overlapping,True,Risk Off,True,2.4857142857142853,81.3028,82.24539999999999,0.06436781609195266,1.5230229420460148,False,False,No setup,Neutral,0,Not applicable,No directional setup; confirmation score not applicable.,Narrow CPR,Not applicable,Not applicable,Narrow CPR; Wide CPR rules not applied,0,0,0,0
2026-09-16,2026-09-16,CM,NSE,STK,928,INE086A01029,ELECTCAST,EQ,,,,,ELECTROSTEEL CASTINGS LTD,75.45,75.94,73.16,74.33,75.15,75.23,,74.33,,,1233179,91714499.75,15602,F1,1,,,,,,Cash Only,Unclassified,False,74.47666666666667,74.55,74.40333333333335,74.55,74.40333333333335,0.14666666666664696,0.19731826539304045,Narrow,Bearish,Below CPR,False,True,0.18333333333333332,60,100421186.63499999,Lower,True,Risk Off,True,3.3600000000000025,75.3104,77.7784,0.04365079365078775,0.9132983070928438,False,False,No setup,Neutral,0,Not applicable,No directional setup; confirmation score not applicable.,Narrow CPR,Not applicable,Not applicable,Narrow CPR; Wide CPR rules not applied,0,0,0,0
2026-09-16,2026-09-16,CM,NSE,STK,781,INE495A01022,DALMIASUG,EQ,,,,,DALMIA BHARAT SUG IN LTD,400.0,401.65,386.85,393.1,392.55,398.2,,393.09,,,145925,57393469.4,7588,F1,1,,,,,,Cash Only,Unclassified,False,393.8666666666666,394.25,393.48333333333323,394.25,393.48333333333323,0.7666666666667652,0.1950309505639189,Narrow,Bearish,Below CPR,False,True,0.18333333333333332,60,85176536.625,Lower,True,Risk Off,True,22.139285714285705,412.98900000000003,381.55550000000005,0.034629241275479006,0.6738178338088773,False,True,No setup,Neutral,0,Not applicable,No directional setup; confirmation score not applicable.,Narrow CPR,Not applicable,Not applicable,Narrow CPR; Wide CPR rules not applied,0,0,0,0
2026-09-16,2026-09-16,CM,NSE,STK,756843,INE14LE01019,ABLBL,EQ,,,,,ADITYA BIRLA LIFES BRAN L,82.64,83.17,82.11,82.4,82.4,82.95,,82.4,,,535560,44223137.92,7023,F1,1,,,,,,Cash Only,Consumer Services,True,82.56,82.64,82.48,82.64,82.48,0.1599999999999966,0.19417475728154926,Narrow,Bearish,Below CPR,False,True,0.18333333333333332,60,50601063.480000004,Lower,True,Risk Off,True,2.0228571428571422,90.29519999999998,95.76109999999998,0.07909604519773845,0.8739566894177853,False,False,No setup,Neutral,0,Not applicable,No directional setup; confirmation score not applicable.,Narrow CPR,Not applicable,Not applicable,Narrow CPR; Wide CPR rules not applied,0,0,0,0
2026-09-16,2026-09-16,CM,NSE,STK,3329,INE858B01029,ISGEC,EQ,,,,,ISGEC HEAVY ENG LTD,766.2,773.0,749.5,759.05,751.6,773.85,,759.06,,,36890,28046299.6,5092,F1,1,,,,,,Cash Only,Unclassified,False,760.5166666666668,761.25,759.7833333333335,761.25,759.7833333333335,1.4666666666664696,0.19322398612297867,Narrow,Bearish,Below CPR,False,True,0.26666666666666666,60,28384742.625,Lower,True,Risk Off,False,23.767857142857142,816.5670000000001,902.677,0.061707988980707965,0.988076586443947,False,False,No setup,Neutral,0,Not applicable,No directional setup; confirmation score not applicable.,Narrow CPR,Not applicable,Not applicable,Narrow CPR; Wide CPR rules not applied,0,0,0,0
2026-09-16,2026-09-16,CM,NSE,STK,762603,INE525F01025,BLIL,EQ,,,,,BALMER LAWRIE INVSTS. L,67.1,67.95,67.1,67.33,67.33,67.13,,67.34,,,49188,3312910.54,1039,F1,1,,,,,,Cash Only,Unclassified,False,67.46,67.525,67.39499999999998,67.525,67.39499999999998,0.13000000000002387,0.19307886529039636,Narrow,Bearish,Below CPR,False,True,0.6666666666666666,60,3720583.925,Overlapping,True,Risk Off,False,1.0785714285714303,70.81819999999999,71.68520000000001,0.12052980132452526,0.8904275798589868,False,False,No setup,Neutral,0,Not applicable,No directional setup; confirmation score not applicable.,Narrow CPR,Not applicable,Not applicable,Narrow CPR; Wide CPR rules not applied,0,0,0,0
2026-09-16,2026-09-16,CM,NSE,STK,1593,INE0APB01032,MGEL,EQ,,,,,MANGALAM GLOBAL ENT LTD,15.41,15.88,15.41,15.6,15.52,15.53,,15.6,,,226843,3529327.53,397,F1,1,,,,,,Cash Only,Unclassified,False,15.63,15.645,15.615000000000002,15.645,15.615000000000002,0.029999999999997584,0.19230769230767683,Narrow,Bearish,Below CPR,False,True,0.15,60,3787549.67,Overlapping,True,Risk Off,True,1.2221428571428572,13.732000000000001,12.612299999999998,0.024547048509641504,0.9318234313743006,True,True,No setup,Neutral,0,Not applicable,No directional setup; confirmation score not applicable.,Narrow CPR,Not applicable,Not applicable,Narrow CPR; Wide CPR rules not applied,0,0,0,0
2026-09-16,2026-09-16,CM,NSE,STK,2513,INE412G01024,BCLIND,EQ,,,,,BCL INDUSTRIES LIMITED,32.95,34.04,32.11,32.98,33.65,32.95,,32.99,,,758362,25139577.39,5669,F1,1,,,,,,Cash Only,Unclassified,False,33.04333333333333,33.075,33.011666666666656,33.075,33.011666666666656,0.06333333333334679,0.19203557711748573,Narrow,Bearish,Below CPR,False,True,0.18333333333333332,60,20930114.865000002,Lower,True,Risk Off,True,1.1350000000000011,36.017199999999995,35.539899999999996,0.05580029368576804,1.2011198960039724,False,False,No setup,Neutral,0,Not applicable,No directional setup; confirmation score not applicable.,Narrow CPR,Not applicable,Not applicable,Narrow CPR; Wide CPR rules not applied,0,0,0,0
2026-09-16,2026-09-16,CM,NSE,STK,21392,INE347W01011,MAGADSUGAR,EQ,,,,,MAGADH SUGAR & ENERGY LTD,520.15,520.2,494.1,505.7,505.0,520.15,,505.71,,,25481,12821983.0,2830,F1,1,,,,,,Cash Only,Unclassified,False,506.6666666666667,507.15000000000003,506.18333333333334,507.15000000000003,506.18333333333334,0.966666666666697,0.19115417573001722,Narrow,Bearish,Below CPR,False,True,0.2,60,11399738.425,Lower,True,Risk Off,True,27.43214285714288,536.237,507.0255,0.03523846721347155,1.1247611587193063,False,False,No setup,Neutral,0,Not applicable,No directional setup; confirmation score not applicable.,Narrow CPR,Not applicable,Not applicable,Narrow CPR; Wide CPR rules not applied,0,0,0,0
2026-09-16,2026-09-16,CM,NSE,STK,762961,INE405A01021,ULTRAMAR,EQ,,,,,ULTRAMARINE & PIGMENTS L,415.2,429.0,410.7,418.65,414.3,416.2,,418.42,,,45196,18949677.9,1853,F1,1,,,,,,Cash Only,Unclassified,False,419.45,419.85,419.04999999999995,419.85,419.04999999999995,0.8000000000000682,0.19109040965008198,Narrow,Bearish,Below CPR,False,True,0.2,60,14217870.149999999,Overlapping,True,Risk Off,True,17.553571428571423,402.272,398.88849999999996,0.045574771108854356,1.3328070730762722,True,True,No setup,Neutral,0,Not applicable,No directional setup; confirmation score not applicable.,Narrow CPR,Not applicable,Not applicable,Narrow CPR; Wide CPR rules not applied,0,0,0,0
2026-09-16,2026-09-16,CM,NSE,STK,759569,INE16NZ01023,ORKLAINDIA,EQ,,,,,ORKLA INDIA LIMITED,580.0,587.9,575.0,579.8,580.0,582.3,,579.78,,,81754,47465784.95,3335,F1,1,,,,,,Cash Only,Unclassified,False,580.9,581.45,580.3499999999999,581.45,580.3499999999999,1.1000000000001364,0.1897205933080608,Narrow,Bearish,Below CPR,False,True,0.2833333333333333,60,39299104.575,Lower,True,Risk Off,False,17.403571428571443,574.393,600.1855,0.06320541760723127,1.2078083066603815,True,False,No setup,Neutral,0,Not applicable,No directional setup; confirmation score not applicable.,Narrow CPR,Not applicable,Not applicable,Narrow CPR; Wide CPR rules not applied,0,0,0,0
2026-09-16,2026-09-16,CM,NSE,STK,7480,INE472B01011,BLUECOAST,EQ,,,,,BLUE COAST HOTELS LIMITED,21.21,21.21,21.09,21.09,21.09,21.09,,21.09,,,829,17507.61,7,F1,1,,,,,,Cash Only,Unclassified,False,21.13,21.15,21.11,21.15,21.11,0.03999999999999915,0.18966334755808037,Narrow,Bearish,Below CPR,False,True,0.15,60,81008.20999999999,Lower,True,Risk Off,True,2.375,22.7502,,0.016842105263157537,0.216121427692329,False,False,No setup,Neutral,0,Not applicable,No directional setup; confirmation score not applicable.,Narrow CPR,Not applicable,Not applicable,Narrow CPR; Wide CPR rules not applied,0,-2,0,-2
2026-09-16,2026-09-16,CM,NSE,STK,762638,INE945F01025,DECNGOLD,EQ,,,,,DECCAN GOLD MINES LTD.,224.0,225.99,216.6,220.67,222.49,222.82,,220.67,,,1128957,248418060.53,19126,F1,1,,,,,,Cash Only,Unclassified,False,221.08666666666667,221.29500000000002,220.87833333333333,221.29500000000002,220.87833333333333,0.4166666666666856,0.18881890001662466,Narrow,Bearish,Below CPR,False,True,0.18333333333333332,60,365340977.5,Lower,True,Risk Off,True,9.948571428571432,213.8556,187.6096,0.04188206011870761,0.6799622156537313,True,True,No setup,Neutral,0,Not applicable,No directional setup; confirmation score not applicable.,Narrow CPR,Not applicable,Not applicable,Narrow CPR; Wide CPR rules not applied,0,0,0,0
2026-09-16,2026-09-16,CM,NSE,STK,48,INE419U01012,HAPPSTMNDS,EQ,,,,,HAPPIEST MINDS TECHNO LTD,327.85,333.9,322.85,327.45,327.25,325.6,,327.44,,,953262,313337543.8,17107,F1,1,,,,,,Cash Only,Unclassified,False,328.06666666666666,328.375,327.7583333333333,328.375,327.7583333333333,0.6166666666666742,0.18832391713747876,Narrow,Bearish,Below CPR,False,True,0.16666666666666666,60,394986229.85,Overlapping,True,Risk Off,True,16.94642857142856,385.231,373.38199999999995,0.03638918159466152,0.7932872594545716,False,False,No setup,Neutral,0,Not applicable,No directional setup; confirmation score not applicable.,Narrow CPR,Not applicable,Not applicable,Narrow CPR; Wide CPR rules not applied,0,0,0,0
2026-09-16,2026-09-16,CM,NSE,STK,4471,INE579B01039,ELPROINTL,EQ,,,,,ELPRO INTERNATIONAL LTD,174.14,174.5,173.5,173.51,173.52,172.85,,173.51,,,7268,1263983.61,87,F1,1,,,,,,Cash Only,Unclassified,False,173.83666666666667,174.0,173.67333333333335,174.0,173.67333333333335,0.3266666666666538,0.1882696482431294,Narrow,Bearish,Below CPR,False,True,0.43333333333333335,60,5441629.62,Higher,True,Risk Off,False,2.4357142857142873,175.226,166.97240000000002,0.13411534701856745,0.23228034582772653,False,True,No setup,Neutral,0,Not applicable,No directional setup; confirmation score not applicable.,Narrow CPR,Not applicable,Not applicable,Narrow CPR; Wide CPR rules not applied,0,0,0,0
2026-09-16,2026-09-16,CM,NSE,STK,9428,INE439E01022,SKIPPER,EQ,,,,,SKIPPER LIMITED,533.0,534.55,513.7,522.65,520.6,534.15,,522.66,,,661514,345847732.45,26356,F1,1,,,,,,Cash Only,Unclassified,False,523.6333333333333,524.125,523.1416666666667,524.125,523.1416666666667,0.9833333333333485,0.1881437545840139,Narrow,Bearish,Below CPR,False,True,0.16666666666666666,60,350918645.875,Lower,True,Risk Off,True,26.607142857142858,545.4010000000001,529.618,0.036957494407159404,0.9855496039192905,False,False,No setup,Neutral,0,Not applicable,No directional setup; confirmation score not applicable.,Narrow CPR,Not applicable,Not applicable,Narrow CPR; Wide CPR rules not applied,0,0,0,0
2026-09-16,2026-09-16,CM,NSE,STK,7835,INE02WG01024,WEL,EQ,,,,,WONDER ELECTRICALS LTD,70.9,71.12,68.11,69.42,69.5,69.18,,69.42,,,430709,29972064.79,4385,F1,1,,,,,,Cash Only,Unclassified,False,69.55000000000001,69.61500000000001,69.48500000000001,69.61500000000001,69.48500000000001,0.12999999999999545,0.18726591760298972,Narrow,Bearish,Below CPR,False,True,0.26666666666666666,60,50357725.67,Lower,True,Risk Off,False,10.149999999999997,109.37799999999999,104.1475,0.012807881773398571,0.5951830506883969,False,False,No setup,Neutral,0,Not applicable,No directional setup; confirmation score not applicable.,Narrow CPR,Not applicable,Not applicable,Narrow CPR; Wide CPR rules not applied,0,0,0,0
2026-09-16,2026-09-16,CM,NSE,STK,23799,INE03JT01014,GODIGIT,EQ,,,,,GO DIGIT GENERAL INS LTD,252.6,254.95,248.25,250.9,250.1,251.5,,250.9,,,155492,39106966.7,5393,F1,1,,,,,,Cash Only,Financial Services,True,251.36666666666667,251.6,251.13333333333335,251.6,251.13333333333335,0.46666666666664014,0.18599707718877645,Narrow,Bearish,Below CPR,False,True,0.25,60,79264782.575,Lower,True,Risk Off,True,6.907142857142858,267.174,287.965,0.06756290934160249,0.49337127321326035,False,False,No setup,Neutral,0,Not applicable,No directional setup; confirmation score not applicable.,Narrow CPR,Not applicable,Not applicable,Narrow CPR; Wide CPR rules not applied,0,0,0,0
2026-09-16,2026-09-16,CM,NSE,STK,11445,INE417C01014,PILANIINVS,EQ,,,,,PILANI INV & IND COR LTD,4090.0,4100.0,4026.9,4052.2,4041.5,4081.8,,4052.2,,,3729,15138702.6,742,F1,1,,,,,,Cash Only,Unclassified,False,4059.6999999999994,4063.45,4055.949999999999,4063.45,4055.949999999999,7.5000000000009095,0.18508464537784192,Narrow,Bearish,Below CPR,False,True,0.3333333333333333,60,5252246.85,Lower,True,Risk Off,False,110.84285714285696,4339.48,4410.948,0.06766335868025061,2.882328845606333,False,False,No setup,Neutral,0,Not applicable,No directional setup; confirmation score not applicable.,Narrow CPR,Not applicable,Not applicable,Narrow CPR; Wide CPR rules not applied,0,0,0,0
2026-09-16,2026-09-16,CM,NSE,STK,2970,INE428Q01011,SURYODAY,EQ,,,,,SURYODAY SMALL FIN BK LTD,146.0,146.0,142.01,143.61,143.9,144.81,,143.61,,,146412,21100636.97,2668,F1,1,,,,,,Cash Only,Unclassified,False,143.87333333333333,144.005,143.74166666666667,144.005,143.74166666666667,0.2633333333333212,0.18336698929971532,Narrow,Bearish,Below CPR,False,True,0.2,60,72353459.645,Lower,True,Risk Off,True,4.102142857142858,164.3132,166.0868,0.06419409135759178,0.2916327301214015,False,False,No setup,Neutral,0,Not applicable,No directional setup; confirmation score not applicable.,Narrow CPR,Not applicable,Not applicable,Narrow CPR; Wide CPR rules not applied,0,0,0,0
2026-09-16,2026-09-16,CM,NSE,STK,13890,INE835D01023,HIRECT,EQ,,,,,HIRECT LIMITED,1205.7,1215.0,1156.7,1182.6,1180.3,1204.9,,1182.55,,,53206,62981674.7,4699,F1,1,,,,,,Cash Only,Unclassified,False,1184.7666666666667,1185.85,1183.6833333333334,1185.85,1183.6833333333334,2.166666666666515,0.18321213146173812,Narrow,Bearish,Below CPR,False,True,0.16666666666666666,60,83745330.75,Lower,True,Risk Off,True,48.035714285714285,1244.726,1143.382,0.045105328376700685,0.7520619255539809,False,True,No setup,Neutral,0,Not applicable,No directional setup; confirmation score not applicable.,Narrow CPR,Not applicable,Not applicable,Narrow CPR; Wide CPR rules not applied,0,0,0,0
2026-09-16,2026-09-16,CM,NSE,STK,15141,INE259A01022,COLPAL,EQ,,,,,COLGATE PALMOLIVE LTD.,1833.9,1900.1,1830.1,1860.0,1860.0,1820.3,,1860.07,,,1465224,2745197975.2,64917,F1,1,,,,,,F&O + Cash,Fast Moving Consumer Goods,True,1863.3999999999999,1865.1,1861.6999999999998,1865.1,1861.6999999999998,3.400000000000091,0.18279569892473607,Narrow,Bearish,Below CPR,False,True,0.25,60,563805090.0,Higher,True,Risk Off,True,41.771428571428565,1967.138,2024.43,0.08139534883721149,4.869054969333462,False,False,No setup,Neutral,0,Not applicable,No directional setup; confirmation score not applicable.,Narrow CPR,Not applicable,Not applicable,Narrow CPR; Wide CPR rules not applied,0,0,0,0
2026-09-16,2026-09-16,CM,NSE,STK,11782,INE128A01029,EVEREADY,EQ,,,,,EVEREADY INDS. IND.  LTD.,337.0,341.8,327.9,333.95,334.1,336.75,,333.95,,,61719,20580287.25,2407,F1,1,,,,,,Cash Only,Unclassified,False,334.55,334.85,334.25,334.85,334.25,0.6000000000000227,0.17966761491241887,Narrow,Bearish,Below CPR,False,True,0.18333333333333332,60,35905329.525,Lower,True,Risk Off,True,14.685714285714283,347.98900000000003,342.42049999999995,0.040856031128406224,0.5731819627409478,False,False,No setup,Neutral,0,Not applicable,No directional setup; confirmation score not applicable.,Narrow CPR,Not applicable,Not applicable,Narrow CPR; Wide CPR rules not applied,0,0,0,0
2026-09-16,2026-09-16,CM,NSE,STK,438,INE257A01026,BHEL,EQ,,,,,BHEL,415.45,417.4,406.0,410.6,410.6,412.85,,410.59,,,7088021,2918969417.45,79331,F1,1,,,,,,F&O + Cash,Capital Goods,True,411.3333333333333,411.7,410.96666666666664,411.7,410.96666666666664,0.7333333333333485,0.17860042214645602,Narrow,Bearish,Below CPR,False,True,0.18333333333333332,60,3491592722.8999996,Lower,True,Risk Off,True,13.61071428571427,416.267,405.0139,0.05387912184028806,0.8359993988719285,False,True,No setup,Neutral,0,Not applicable,No directional setup; confirmation score not applicable.,Narrow CPR,Not applicable,Not applicable,Narrow CPR; Wide CPR rules not applied,0,0,0,0
2026-09-16,2026-09-16,CM,NSE,STK,14309,INE562A01011,INDIANB,EQ,,,,,INDIAN BANK,840.0,849.8,834.7,840.0,840.0,836.75,,840.0,,,773817,653205877.95,41260,F1,1,,,,,,F&O + Cash,Financial Services,True,841.5,842.25,840.75,842.25,840.75,1.5,0.17857142857142858,Narrow,Bearish,Below CPR,False,True,0.38333333333333336,60,1340888986.025,Inside,True,Risk Off,False,20.30714285714286,857.7779999999999,848.8985,0.07386563489271894,0.4871438909244806,False,False,No setup,Neutral,0,Not applicable,No directional setup; confirmation score not applicable.,Narrow CPR,Not applicable,Not applicable,Narrow CPR; Wide CPR rules not applied,0,0,0,0
2026-09-16,2026-09-16,CM,NSE,STK,760259,INE0E7301029,WAKEFIT,EQ,,,,,WAKEFIT INNOVATIONS LTD,148.2,149.0,143.0,145.61,146.09,148.61,,145.61,,,424569,61847353.53,5865,F1,1,,,,,,Cash Only,Unclassified,False,145.87,146.0,145.74,146.0,145.74,0.2599999999999909,0.17855916489251486,Narrow,Bearish,Below CPR,False,True,0.11666666666666667,60,117380170.805,Lower,True,Risk Off,True,6.830714285714281,135.7024,131.9227,0.03806336923559422,0.5268977980339207,True,True,No setup,Neutral,0,Not applicable,No directional setup; confirmation score not applicable.,Narrow CPR,Not applicable,Not applicable,Narrow CPR; Wide CPR rules not applied,0,0,0,0
2026-09-16,2026-09-16,CM,NSE,STK,9436,INE555B01013,AXISCADES,EQ,,,,,AXISCADES TECH LTD,1727.0,1736.9,1641.1,1684.5,1690.0,1717.7,,1684.5,,,158521,266171440.2,16128,F1,1,,,,,,Cash Only,Unclassified,False,1687.5,1689.0,1686.0,1689.0,1686.0,3.0,0.17809439002671415,Narrow,Bearish,Below CPR,False,True,0.13333333333333333,60,262441594.89999998,Lower,True,Risk Off,True,80.27857142857145,1617.25,1759.941,0.03736987276448082,1.0142120966054227,True,False,No setup,Neutral,0,Not applicable,No directional setup; confirmation score not applicable.,Narrow CPR,Not applicable,Not applicable,Narrow CPR; Wide CPR rules not applied,0,0,0,0
2026-09-16,2026-09-16,CM,NSE,STK,7425,INE558R01013,HECPROJECT,EQ,,,,,HEC INFRA PROJECTS LTD,117.53,118.11,111.4,114.45,113.7,117.53,,114.45,,,13832,1578115.17,215,F1,1,,,,,,Cash Only,Unclassified,False,114.65333333333332,114.755,114.55166666666665,114.755,114.55166666666665,0.20333333333334735,0.17766127857872202,Narrow,Bearish,Below CPR,False,True,0.13333333333333333,60,1346552.7,Lower,True,Risk Off,True,6.659285714285711,126.212,126.6708,0.03053380528442416,1.171966882543847,False,False,No setup,Neutral,0,Not applicable,No directional setup; confirmation score not applicable.,Narrow CPR,Not applicable,Not applicable,Narrow CPR; Wide CPR rules not applied,0,0,0,0
2026-09-16,2026-09-16,CM,NSE,STK,29459,INE935B01025,MOSCHIP,EQ,,,,,MOSCHIP TECHNOLOGIES LTD,203.02,204.36,195.02,199.16,198.51,203.02,,199.16,,,1644416,326029055.63,26505,F1,1,,,,,,Cash Only,Unclassified,False,199.51333333333332,199.69,199.33666666666664,199.69,199.33666666666664,0.35333333333335304,0.17741179621076172,Narrow,Bearish,Below CPR,False,True,0.11666666666666667,60,360535023.23,Lower,True,Risk Off,True,7.96142857142857,216.8364,214.00379999999998,0.044380644775407714,0.9042923284099719,False,False,No setup,Neutral,0,Not applicable,No directional setup; confirmation score not applicable.,Narrow CPR,Not applicable,Not applicable,Narrow CPR; Wide CPR rules not applied,0,0,0,0
2026-09-16,2026-09-16,CM,NSE,STK,15409,INE317F01035,NESCO,EQ,,,,,NESCO LTD.,1093.0,1103.3,1053.6,1075.6,1095.4,1087.7,,1078.05,,,26040,27863108.3,4305,F1,1,,,,,,Cash Only,Unclassified,False,1077.4999999999998,1078.4499999999998,1076.5499999999997,1078.4499999999998,1076.5499999999997,1.900000000000091,0.17664559315731604,Narrow,Bearish,Below CPR,False,True,0.26666666666666666,60,39139033.45,Lower,True,Risk Off,False,35.649999999999984,1060.468,1118.535,0.05329593267882445,0.7119007763846554,True,False,No setup,Neutral,0,Not applicable,No directional setup; confirmation score not applicable.,Narrow CPR,Not applicable,Not applicable,Narrow CPR; Wide CPR rules not applied,0,0,-2,-2
2026-09-16,2026-09-16,CM,NSE,STK,9117,INE716B01029,TIPSMUSIC,EQ,,,,,TIPS MUSIC LIMITED,656.1,667.4,645.15,654.55,651.6,659.15,,654.57,,,215227,141602698.25,12725,F1,1,,,,,,Cash Only,Unclassified,False,655.6999999999999,656.275,655.1249999999999,656.275,655.1249999999999,1.150000000000091,0.17569322435262258,Narrow,Bearish,Below CPR,False,True,0.23333333333333334,60,142182499.075,Lower,True,Risk Off,True,18.53214285714285,667.018,660.6059999999999,0.06205434573135972,0.9959221364881613,False,False,No setup,Neutral,0,Not applicable,No directional setup; confirmation score not applicable.,Narrow CPR,Not applicable,Not applicable,Narrow CPR; Wide CPR rules not applied,0,0,0,0
2026-09-16,2026-09-16,CM,NSE,STK,13236,INE226H01026,SADBHAV,EQ,,,,,SADBHAV ENGINEERING LTD,7.79,7.79,7.45,7.6,7.6,7.67,,7.6,,,137386,1038049.21,483,F1,1,,,,,,Cash Only,Unclassified,False,7.613333333333333,7.62,7.6066666666666665,7.62,7.6066666666666665,0.013333333333333641,0.17543859649123214,Narrow,Bearish,Below CPR,False,True,0.13333333333333333,60,1392082.715,Lower,True,Risk Off,True,0.4371428571428573,8.3574,8.8538,0.03050108932461943,0.7456806975726294,False,False,No setup,Neutral,0,Not applicable,No directional setup; confirmation score not applicable.,Narrow CPR,Not applicable,Not applicable,Narrow CPR; Wide CPR rules not applied,0,0,-2,-2
2026-09-16,2026-09-16,CM,NSE,STK,1797,INE01BK01022,AWHCL,EQ,,,,,ANTONY WASTE HDG CELL LTD,354.1,355.25,337.55,345.5,340.35,354.1,,345.51,,,191949,66047978.8,9245,F1,1,,,,,,Cash Only,Unclassified,False,346.09999999999997,346.4,345.79999999999995,346.4,345.79999999999995,0.6000000000000227,0.1736613603473293,Narrow,Bearish,Below CPR,False,True,0.21666666666666667,60,29777097.15,Lower,True,Risk Off,True,10.574999999999992,407.394,441.1645,0.05673758865248446,2.218079837241623,False,False,No setup,Neutral,0,Not applicable,No directional setup; confirmation score not applicable.,Narrow CPR,Not applicable,Not applicable,Narrow CPR; Wide CPR rules not applied,0,0,0,0
2026-09-16,2026-09-16,CM,NSE,STK,1663,INE209A01019,SUNDROP,EQ,,,,,SUNDROP BRANDS LIMITED,652.0,664.2,645.5,653.15,650.05,653.4,,653.11,,,8010,5214863.4,380,F1,1,,,,,,Cash Only,Unclassified,False,654.2833333333333,654.85,653.7166666666666,654.85,653.7166666666666,1.1333333333334394,0.17351807905281166,Narrow,Bearish,Below CPR,False,True,0.25,60,9456359.225000001,Lower,True,Risk Off,True,15.867857142857142,658.335,660.0225,0.07142321254408351,0.551466296480504,False,False,No setup,Neutral,0,Not applicable,No directional setup; confirmation score not applicable.,Narrow CPR,Not applicable,Not applicable,Narrow CPR; Wide CPR rules not applied,0,0,0,0
2026-09-16,2026-09-16,CM,NSE,STK,1994,INE557B01019,LIBERTSHOE,EQ,,,,,LIBERTY SHOES LTD,220.0,222.0,215.0,217.94,218.99,218.62,,217.91,,,28444,6178137.33,895,F1,1,,,,,,Cash Only,Unclassified,False,218.31333333333336,218.5,218.12666666666672,218.5,218.12666666666672,0.373333333333278,0.17130096968582087,Narrow,Bearish,Below CPR,False,True,0.23333333333333334,60,7253539.324999999,Lower,True,Risk Off,True,7.561428571428566,250.5866,250.29210000000003,0.04937338623338273,0.8517410677993396,False,False,No setup,Neutral,0,Not applicable,No directional setup; confirmation score not applicable.,Narrow CPR,Not applicable,Not applicable,Narrow CPR; Wide CPR rules not applied,0,0,0,0
2026-09-16,2026-09-16,CM,NSE,STK,5622,INE686A01026,CEMPRO,EQ,,,,,CEMINDIA PROJECTS LIMITED,1218.3,1267.4,1209.1,1235.1,1231.0,1207.1,,1235.12,,,553547,688912800.5,37969,F1,1,,,,,,Cash Only,Construction,True,1237.2,1238.25,1236.15,1238.25,1236.15,2.099999999999909,0.1700267184843259,Narrow,Bearish,Below CPR,False,True,0.16666666666666666,60,581605172.75,Inside,True,Risk Off,True,51.8357142857143,1358.2440000000001,1207.9405,0.0405126085159139,1.1845025332952561,False,True,No setup,Neutral,0,Not applicable,No directional setup; confirmation score not applicable.,Narrow CPR,Not applicable,Not applicable,Narrow CPR; Wide CPR rules not applied,0,0,0,0
2026-09-16,2026-09-16,CM,NSE,STK,761192,INE0J5601015,KRISHNADEF,EQ,,,,,KRISHNA DEF AND ALD IND L,1018.7,1034.1,975.8,1002.4,1001.1,1027.8,,1002.4,,,99852,100059557.8,9095,F1,1,,,,,,Cash Only,Unclassified,False,1004.0999999999999,1004.9499999999999,1003.2499999999999,1004.9499999999999,1003.2499999999999,1.7000000000000455,0.16959297685555122,Narrow,Bearish,Below CPR,False,True,0.16666666666666666,60,118417137.7,Lower,True,Risk Off,True,42.3,1150.264,1165.6609999999998,0.04018912529550935,0.8449753113733638,False,False,No setup,Neutral,0,Not applicable,No directional setup; confirmation score not applicable.,Narrow CPR,Not applicable,Not applicable,Narrow CPR; Wide CPR rules not applied,0,0,0,0
2026-09-16,2026-09-16,CM,NSE,STK,13072,INE489L01022,IIFLCAPS,EQ,,,,,IIFL CAPITAL SERVICES LTD,336.5,337.85,335.05,335.6,335.5,336.5,,335.6,,,527710,177186335.95,7266,F1,1,,,,,,Cash Only,Unclassified,False,336.1666666666667,336.45000000000005,335.8833333333333,336.45000000000005,335.8833333333333,0.5666666666667197,0.1688518077076042,Narrow,Bearish,Below CPR,False,True,0.4666666666666667,60,90440232.6,Lower,True,Risk Off,False,4.235714285714274,336.861,338.0417,0.1337830241708954,1.9591539169703551,False,False,No setup,Neutral,0,Not applicable,No directional setup; confirmation score not applicable.,Narrow CPR,Not applicable,Not applicable,Narrow CPR; Wide CPR rules not applied,0,0,0,0
2026-09-16,2026-09-16,CM,NSE,STK,3363,INE195A01028,SUPREMEIND,EQ,,,,,SUPREME INDUSTRIES LTD,3300.0,3346.6,3270.0,3300.0,3300.0,3300.0,,3300.08,,,84649,281116380.6,12056,F1,1,,,,,,F&O + Cash,Capital Goods,True,3305.5333333333333,3308.3,3302.7666666666664,3308.3,3302.7666666666664,5.533333333333758,0.16767676767678055,Narrow,Bearish,Below CPR,False,True,0.2833333333333333,60,604823287.4,Lower,True,Risk Off,False,95.41428571428575,3478.6940000000004,3495.782,0.05799271348006631,0.4647909339080783,False,False,No setup,Neutral,0,Not applicable,No directional setup; confirmation score not applicable.,Narrow CPR,Not applicable,Not applicable,Narrow CPR; Wide CPR rules not applied,0,0,0,0
2026-09-16,2026-09-16,CM,NSE,STK,5206,INE449C01025,ANDREWYU,EQ,,,,,ANDREW YULE & CO. LTD.,25.65,26.78,25.11,25.88,25.94,25.65,,25.84,,,59473,1535155.58,470,F1,1,,,,,,Cash Only,Unclassified,False,25.923333333333332,25.945,25.901666666666664,25.945,25.901666666666664,0.043333333333336554,0.16743946419372704,Narrow,Bearish,Below CPR,False,True,0.09090909090909091,22,1724319.33,Inside,True,Risk Off,True,1.181428571428572,,,0.03667875856509743,0.8902965670517653,False,False,No setup,Neutral,0,Not applicable,No directional setup; confirmation score not applicable.,Narrow CPR,Not applicable,Not applicable,Narrow CPR; Wide CPR rules not applied,0,0,0,0
2026-09-16,2026-09-16,CM,NSE,STK,4306,INE721A01047,SHRIRAMFIN,EQ,,,,,SHRIRAM FINANCE LIMITED,979.0,990.3,972.6,979.0,979.0,979.8,,979.0,,,7221528,7066757803.8,91187,F1,1,,,,,,F&O + Cash,Financial Services,True,980.6333333333333,981.45,979.8166666666666,981.45,979.8166666666666,1.6333333333334394,0.16683690840995294,Narrow,Bearish,Below CPR,False,True,0.16666666666666666,60,4276370117.35,Lower,True,Risk Off,True,30.842857142857174,1068.076,1019.217,0.05295661571715639,1.6525131384509721,False,False,No setup,Neutral,0,Not applicable,No directional setup; confirmation score not applicable.,Narrow CPR,Not applicable,Not applicable,Narrow CPR; Wide CPR rules not applied,0,0,0,0
2026-09-16,2026-09-16,CM,NSE,STK,756038,INE299N01021,WAAREERTL,EQ,,,,,WAAREE RENEWABLE TECH LTD,810.0,813.2,792.85,801.05,803.0,806.55,,801.05,,,159892,127974546.45,14251,F1,1,,,,,,Cash Only,Unclassified,False,802.3666666666668,803.0250000000001,801.7083333333335,803.0250000000001,801.7083333333335,1.316666666666606,0.1643676008572007,Narrow,Bearish,Below CPR,False,True,0.3,60,123042065.35,Lower,True,Risk Off,False,18.43571428571432,909.171,949.5239999999999,0.0714193465065186,1.0400877625547758,False,False,No setup,Neutral,0,Not applicable,No directional setup; confirmation score not applicable.,Narrow CPR,Not applicable,Not applicable,Narrow CPR; Wide CPR rules not applied,0,0,-2,-2
2026-09-16,2026-09-16,CM,NSE,STK,764173,INE640G01020,SBIFUNDS,EQ,,,,,SBI FUNDS MANAGEMENT LTD,537.0,537.5,525.3,530.1,530.5,536.5,,530.09,,,941906,500158496.45,46000,F1,1,,,,,,Cash Only,Unclassified,False,530.9666666666667,531.4,530.5333333333334,531.4,530.5333333333334,0.8666666666665606,0.16349116518893803,Narrow,Bearish,Below CPR,False,True,0.34146341463414637,41,1066905241.65,Lower,True,Risk Off,False,10.403571428571443,,,0.08330472594117289,0.46879373811725805,False,False,No setup,Neutral,0,Not applicable,No directional setup; confirmation score not applicable.,Narrow CPR,Not applicable,Not applicable,Narrow CPR; Wide CPR rules not applied,0,0,0,0
2026-09-16,2026-09-16,CM,NSE,STK,25403,INE0CJF01024,WCIL,EQ,,,,,WESTERN CARRIERS (IND) L,92.98,93.0,87.92,90.24,90.49,91.45,,90.25,,,283914,25443235.66,2644,F1,1,,,,,,Cash Only,Unclassified,False,90.38666666666667,90.46000000000001,90.31333333333333,90.46000000000001,90.31333333333333,0.14666666666667538,0.16252955082743284,Narrow,Bearish,Below CPR,False,True,0.21666666666666667,60,4732925.005,Overlapping,True,Risk Off,True,2.9557142857142864,88.79780000000001,94.40610000000001,0.049621395198971845,5.3757952287688955,True,False,No setup,Neutral,0,Not applicable,No directional setup; confirmation score not applicable.,Narrow CPR,Not applicable,Not applicable,Narrow CPR; Wide CPR rules not applied,0,0,0,0
2026-09-16,2026-09-16,CM,NSE,STK,10948,INE655A01013,STCINDIA,EQ,,,,,THE STATE TRADING CORPN,112.6,112.6,110.1,111.08,111.07,111.26,,111.08,,,11187,1244915.32,271,F1,1,,,,,,Cash Only,Unclassified,False,111.25999999999999,111.35,111.16999999999999,111.35,111.16999999999999,0.18000000000000682,0.16204537270436337,Narrow,Bearish,Below CPR,False,True,0.16666666666666666,60,3290517.465,Lower,True,Risk Off,True,2.4664285714285716,117.85780000000001,119.97409999999999,0.07298001737619737,0.3783342082945,False,False,No setup,Neutral,0,Not applicable,No directional setup; confirmation score not applicable.,Narrow CPR,Not applicable,Not applicable,Narrow CPR; Wide CPR rules not applied,0,0,0,0
2026-09-16,2026-09-16,CM,NSE,STK,18679,INE495S01016,HPL,EQ,,,,,HPL ELECTRIC & POWER LTD,283.25,283.3,274.05,278.0,276.1,283.2,,278.0,,,116910,32511775.75,6128,F1,1,,,,,,Cash Only,Unclassified,False,278.45,278.675,278.22499999999997,278.675,278.22499999999997,0.4500000000000455,0.16187050359713867,Narrow,Bearish,Below CPR,False,True,0.21666666666666667,60,27840862.825000003,Lower,True,Risk Off,True,8.935714285714283,323.263,343.04,0.050359712230220934,1.1677718450882815,False,False,No setup,Neutral,0,Not applicable,No directional setup; confirmation score not applicable.,Narrow CPR,Not applicable,Not applicable,Narrow CPR; Wide CPR rules not applied,0,0,0,0
2026-09-16,2026-09-16,CM,NSE,STK,3496,INE338A01024,TIRUMALCHM,EQ,,,,,THIRUMALAI CHEMICALS LTD,155.0,156.52,152.6,154.19,154.2,154.48,,154.19,,,283261,43759112.64,3492,F1,1,,,,,,Cash Only,Unclassified,False,154.43666666666667,154.56,154.31333333333333,154.56,154.31333333333333,0.2466666666666697,0.15997578744838817,Narrow,Bearish,Below CPR,False,True,0.08333333333333333,60,76173224.815,Lower,True,Risk Off,True,5.6271428571428554,162.8728,176.6672,0.04383515274604439,0.5744684270132538,False,False,No setup,Neutral,0,Not applicable,No directional setup; confirmation score not applicable.,Narrow CPR,Not applicable,Not applicable,Narrow CPR; Wide CPR rules not applied,0,0,0,0
2026-09-16,2026-09-16,CM,NSE,STK,3761,INE320J01015,RITES,EQ,,,,,RITES LIMITED,206.53,207.9,202.92,204.92,204.75,206.53,,204.92,,,282038,57767358.78,9133,F1,1,,,,,,Cash Only,Construction,True,205.24666666666667,205.41,205.08333333333334,205.41,205.08333333333334,0.3266666666666538,0.15941180298001845,Narrow,Bearish,Below CPR,False,True,0.2,60,87570261.625,Lower,True,Risk Off,True,3.8199999999999994,218.71540000000002,215.4824,0.08551483420593033,0.6596686787048297,False,False,No setup,Neutral,0,Not applicable,No directional setup; confirmation score not applicable.,Narrow CPR,Not applicable,Not applicable,Narrow CPR; Wide CPR rules not applied,0,0,0,0
2026-09-16,2026-09-16,CM,NSE,STK,759041,INE056801025,IVALUE,EQ,,,,,IVALUE INFOSOLUTIONS LTD,226.18,235.99,226.0,230.45,230.4,225.7,,230.45,,,273584,63136047.33,4696,F1,1,,,,,,Cash Only,Unclassified,False,230.81333333333336,230.995,230.63166666666672,230.995,230.63166666666672,0.3633333333332871,0.15766254429736912,Narrow,Bearish,Below CPR,False,True,0.18333333333333332,60,68496203.575,Higher,True,Risk Off,True,11.274999999999993,272.2456,262.6953,0.03222468588321839,0.9217452068109017,False,False,No setup,Neutral,0,Not applicable,No directional setup; confirmation score not applicable.,Narrow CPR,Not applicable,Not applicable,Narrow CPR; Wide CPR rules not applied,0,0,0,0
2026-09-16,2026-09-16,CM,NSE,STK,28899,INE602G01020,KITEX,EQ,,,,,KITEX GARMENTS LTD,119.0,120.82,116.9,118.58,118.2,119.13,,118.5,,,409195,48513423.22,5080,F1,1,,,,,,Cash Only,Unclassified,False,118.76666666666667,118.86,118.67333333333333,118.86,118.67333333333333,0.18666666666666742,0.1574183392365217,Narrow,Bearish,Below CPR,False,True,0.2,60,55482666.345,Lower,True,Risk Off,True,4.139285714285714,137.14520000000002,148.6911,0.04509634742594209,0.8743888211560681,False,False,No setup,Neutral,0,Not applicable,No directional setup; confirmation score not applicable.,Narrow CPR,Not applicable,Not applicable,Narrow CPR; Wide CPR rules not applied,0,0,0,0
2026-09-16,2026-09-16,CM,NSE,STK,21794,INE179G01029,DAVANGERE,EQ,,,,,DAVANGERE SUGAR COMPANY L,2.2,2.22,2.07,2.14,2.14,2.24,,2.14,,,19163359,40602169.12,4002,F1,1,,,,,,Cash Only,Unclassified,False,2.143333333333333,2.145,2.141666666666666,2.145,2.141666666666666,0.0033333333333338544,0.15576323987541377,Narrow,Bearish,Below CPR,False,True,0.15,60,22708865.32,Lower,True,Risk Off,True,0.18642857142857142,2.8791999999999995,3.3026999999999997,0.01787994891443447,1.7879435430990525,False,False,No setup,Neutral,0,Not applicable,No directional setup; confirmation score not applicable.,Narrow CPR,Not applicable,Not applicable,Narrow CPR; Wide CPR rules not applied,0,0,0,0
2026-09-16,2026-09-16,CM,NSE,STK,811,INE499A01024,DCMSHRIRAM,EQ,,,,,DCM SHRIRAM LIMITED,990.0,1002.0,975.2,986.3,987.5,994.1,,986.45,,,45772,45278643.2,6440,F1,1,,,,,,Cash Only,Diversified,True,987.8333333333334,988.6,987.0666666666667,988.6,987.0666666666667,1.533333333333303,0.15546317888404168,Narrow,Bearish,Below CPR,False,True,0.21666666666666667,60,69197181.7,Lower,True,Risk Off,True,24.95714285714285,1026.904,1060.889,0.06143865674489482,0.6543423024987158,False,False,No setup,Neutral,0,Not applicable,No directional setup; confirmation score not applicable.,Narrow CPR,Not applicable,Not applicable,Narrow CPR; Wide CPR rules not applied,0,0,0,0
2026-09-16,2026-09-16,CM,NSE,STK,11039,INE08KP01019,DCMNVL,EQ,,,,,DCM NOUVELLE LIMITED,173.89,176.4,172.5,174.05,174.5,172.6,,173.9,,,8488,1476164.6,268,F1,1,,,,,,Cash Only,Unclassified,False,174.3166666666667,174.45,174.1833333333334,174.45,174.1833333333334,0.26666666666659467,0.15321267834909202,Narrow,Bearish,Below CPR,False,True,0.11666666666666667,60,2106312.58,Inside,True,Risk Off,True,9.147142857142859,161.19219999999999,142.65380000000002,0.029153001197347532,0.700828838994068,True,True,No setup,Neutral,0,Not applicable,No directional setup; confirmation score not applicable.,Narrow CPR,Not applicable,Not applicable,Narrow CPR; Wide CPR rules not applied,0,0,0,0
2026-09-16,2026-09-16,CM,NSE,STK,11226,INE116D01028,BAGFILMS,EQ,,,,,B.A.G FILMS AND MEDIA LTD,4.44,4.44,4.3,4.36,4.36,4.35,,4.36,,,30908,134421.63,95,F1,1,,,,,,Cash Only,Unclassified,False,4.366666666666667,4.37,4.363333333333334,4.37,4.363333333333334,0.0066666666666659324,0.15290519877674155,Narrow,Bearish,Below CPR,False,True,0.2,60,331316.745,Lower,True,Risk Off,True,0.2407142857142858,4.4592,4.7087,0.027695351137484576,0.40571939700783916,False,False,No setup,Neutral,0,Not applicable,No directional setup; confirmation score not applicable.,Narrow CPR,Not applicable,Not applicable,Narrow CPR; Wide CPR rules not applied,0,0,0,0
2026-09-16,2026-09-16,CM,NSE,STK,765524,INE185Q01025,LUMINO,EQ,,,,,LUMINO INDUSTRIES LIMITED,102.99,102.99,98.05,100.29,100.95,103.16,,100.35,,,9172632,923108704.36,45727,F1,1,,,,,,Cash Only,Unclassified,False,100.44333333333333,100.52,100.36666666666666,100.52,100.36666666666666,0.15333333333333599,0.15288995247116957,Narrow,Bearish,Below CPR,False,True,0.1111111111111111,9,2438714137.35,Lower,False,Risk Off,False,,,,,0.3785227182727883,False,False,No setup,Neutral,0,Not applicable,No directional setup; confirmation score not applicable.,Narrow CPR,Not applicable,Not applicable,Narrow CPR; Wide CPR rules not applied,0,0,0,0
2026-09-16,2026-09-16,CM,NSE,STK,3724,INE710A01016,VSTIND,EQ,,,,,VST INDUSTRIES LTD,203.92,204.2,201.0,202.14,202.18,203.4,,202.12,,,107670,21770808.36,3459,F1,1,,,,,,Cash Only,Unclassified,False,202.44666666666663,202.6,202.29333333333327,202.6,202.29333333333327,0.3066666666667288,0.15171003594871318,Narrow,Bearish,Below CPR,False,True,0.45,60,36117888.480000004,Lower,True,Risk Off,False,2.784285714285718,220.59259999999998,239.77829999999997,0.11014195313838374,0.6027707951990442,False,False,No setup,Neutral,0,Not applicable,No directional setup; confirmation score not applicable.,Narrow CPR,Not applicable,Not applicable,Narrow CPR; Wide CPR rules not applied,0,0,0,0
2026-09-16,2026-09-16,CM,NSE,STK,21174,INE736A01011,CDSL,EQ,,,,,CENTRAL DEPO SER (I) LTD,1311.0,1319.9,1284.0,1299.0,1299.0,1311.0,,1299.0,,,1055453,1367785385.2,46466,F1,1,,,,,,F&O + Cash,Financial Services,True,1300.9666666666667,1301.95,1299.9833333333333,1301.95,1299.9833333333333,1.966666666666697,0.15139851167565027,Narrow,Bearish,Below CPR,False,True,0.16666666666666666,60,1530611754.35,Lower,True,Risk Off,True,35.24285714285717,1365.7680000000003,1314.5620000000001,0.055803269828402384,0.8936200713948216,False,False,No setup,Neutral,0,Not applicable,No directional setup; confirmation score not applicable.,Narrow CPR,Not applicable,Not applicable,Narrow CPR; Wide CPR rules not applied,0,0,0,0
2026-09-16,2026-09-16,CM,NSE,STK,13648,INE187D01029,TALBROAUTO,EQ,,,,,TALBROS AUTO. COMP. LTD,419.85,429.45,410.05,418.8,418.8,421.3,,418.8,,,207967,87187693.9,7741,F1,1,,,,,,Cash Only,Unclassified,False,419.43333333333334,419.75,419.1166666666667,419.75,419.1166666666667,0.6333333333333258,0.15122572429162506,Narrow,Bearish,Below CPR,False,True,0.15,60,65896492.55,Lower,True,Risk Off,True,15.753571428571421,412.33099999999996,382.5948,0.040202523993047225,1.3231006769266964,True,True,No setup,Neutral,0,Not applicable,No directional setup; confirmation score not applicable.,Narrow CPR,Not applicable,Not applicable,Narrow CPR; Wide CPR rules not applied,0,0,0,0
2026-09-16,2026-09-16,CM,NSE,STK,2307,INE577A01027,MUNJALSHOW,EQ,,,,,MUNJAL SHOWA LTD,125.28,126.59,123.31,124.67,124.3,125.28,,124.79,,,15812,1975759.68,531,F1,1,,,,,,Cash Only,Unclassified,False,124.85666666666667,124.95,124.76333333333334,124.95,124.76333333333334,0.18666666666666742,0.14972861688190214,Narrow,Bearish,Below CPR,False,True,0.2833333333333333,60,3808992.99,Lower,True,Risk Off,False,3.064285714285716,133.512,132.6413,0.06091686091686113,0.5187091930037917,False,False,No setup,Neutral,0,Not applicable,No directional setup; confirmation score not applicable.,Narrow CPR,Not applicable,Not applicable,Narrow CPR; Wide CPR rules not applied,0,0,0,0
2026-09-16,2026-09-16,CM,NSE,STK,24292,INE764D01017,VSTTILLERS,EQ,,,,,VST TILLERS TRACTORS LTD,4030.1,4060.6,3950.0,3996.5,4004.6,4030.3,,3996.59,,,7744,30939696.2,1945,F1,1,,,,,,Cash Only,Unclassified,False,4002.366666666667,4005.3,3999.4333333333334,4005.3,3999.4333333333334,5.866666666666788,0.14679511239001097,Narrow,Bearish,Below CPR,False,True,0.25,60,26735650.35,Lower,True,Risk Off,True,88.07857142857132,4396.393999999999,4563.713,0.06660719595599313,1.1572449442958845,False,False,No setup,Neutral,0,Not applicable,No directional setup; confirmation score not applicable.,Narrow CPR,Not applicable,Not applicable,Narrow CPR; Wide CPR rules not applied,0,0,0,0
2026-09-16,2026-09-16,CM,NSE,STK,756871,INE1NPP01017,ENRIN,EQ,,,,,SIEMENS ENERGY INDIA LTD,3028.0,3072.0,2968.0,3013.4,3022.9,3028.7,,3013.54,,,332338,1002070759.1,36794,F1,1,,,,,,Cash Only,Capital Goods,True,3017.7999999999997,3020.0,3015.5999999999995,3020.0,3015.5999999999995,4.400000000000546,0.14601446870646265,Narrow,Bearish,Below CPR,False,True,0.15,60,1323689448.9,Lower,True,Risk Off,True,94.4571428571429,3331.676,3399.008,0.04658197217181459,0.7570285915119528,False,False,No setup,Neutral,0,Not applicable,No directional setup; confirmation score not applicable.,Narrow CPR,Not applicable,Not applicable,Narrow CPR; Wide CPR rules not applied,0,0,0,0
2026-09-16,2026-09-16,CM,NSE,STK,5507,INE782X01033,SERVOTECH,EQ,,,,,SERVOTECH REN POW SYS LTD,72.68,75.8,71.0,73.24,72.95,72.86,,73.24,,,897042,65797855.63,9178,F1,1,,,,,,Cash Only,Unclassified,False,73.34666666666668,73.4,73.29333333333335,73.4,73.29333333333335,0.10666666666665492,0.1456399053340455,Narrow,Bearish,Below CPR,False,True,0.11666666666666667,60,43988343.11,Lower,True,Risk Off,True,2.487142857142859,86.41959999999999,92.2081,0.04288722956154991,1.4958020916009902,False,False,No setup,Neutral,0,Not applicable,No directional setup; confirmation score not applicable.,Narrow CPR,Not applicable,Not applicable,Narrow CPR; Wide CPR rules not applied,0,0,-2,-2
2026-09-16,2026-09-16,CM,NSE,STK,11868,INE111B01023,63MOONS,EQ,,,,,63 MOONS TECHNOLOGIES LTD,869.65,875.45,824.55,848.15,839.5,864.0,,848.21,,,268737,228609427.0,14068,F1,1,,,,,,Cash Only,Unclassified,False,849.3833333333333,850.0,848.7666666666667,850.0,848.7666666666667,1.2333333333333485,0.1454145296626008,Narrow,Bearish,Below CPR,False,True,0.23333333333333334,60,209218251.425,Lower,True,Risk Off,True,44.21428571428571,794.488,733.95,0.027894453419494154,1.092683957747115,True,True,No setup,Neutral,0,Not applicable,No directional setup; confirmation score not applicable.,Narrow CPR,Not applicable,Not applicable,Narrow CPR; Wide CPR rules not applied,0,0,0,0
2026-09-16,2026-09-16,CM,NSE,STK,11627,INE117Z01029,NARMADA,EQ,,,,,NARMADA AGROBASE LIMITED,14.1,14.1,13.5,13.77,13.61,13.85,,13.77,,,216587,2983161.35,686,F1,1,,,,,,Cash Only,Unclassified,False,13.790000000000001,13.8,13.780000000000001,13.8,13.780000000000001,0.019999999999999574,0.14524328249818136,Narrow,Bearish,Below CPR,False,True,0.1,60,17958294.21,Lower,True,Risk Off,True,0.7771428571428568,21.553800000000003,29.094299999999997,0.02573529411764652,0.16611607511914128,False,False,No setup,Neutral,0,Not applicable,No directional setup; confirmation score not applicable.,Narrow CPR,Not applicable,Not applicable,Narrow CPR; Wide CPR rules not applied,0,0,0,0
2026-09-16,2026-09-16,CM,NSE,STK,759461,INE06XZ01023,GEMAROMA,EQ,,,,,GEM AROMATICS LIMITED,156.7,158.82,154.0,156.07,156.1,158.08,,156.09,,,65058,10163847.7,1083,F1,1,,,,,,Cash Only,Unclassified,False,156.29666666666665,156.41,156.1833333333333,156.41,156.1833333333333,0.2266666666666879,0.14523397620727102,Narrow,Bearish,Below CPR,False,True,0.13333333333333333,60,16437253.674999999,Lower,True,Risk Off,True,6.2935714285714255,177.9466,181.8923,0.03601558657738772,0.6183422061228242,False,False,No setup,Neutral,0,Not applicable,No directional setup; confirmation score not applicable.,Narrow CPR,Not applicable,Not applicable,Narrow CPR; Wide CPR rules not applied,0,0,0,0
2026-09-16,2026-09-16,CM,NSE,STK,1127,INE539A01019,GHCL,EQ,,,,,GHCL LIMITED,423.0,424.5,415.0,418.85,420.5,423.15,,418.84,,,128473,53839803.4,6630,F1,1,,,,,,Cash Only,Unclassified,False,419.45,419.75,419.15,419.75,419.15,0.6000000000000227,0.1432493732839973,Narrow,Bearish,Below CPR,False,True,0.31666666666666665,60,50548677.8,Lower,True,Risk Off,False,7.4571428571428555,434.97700000000003,447.453,0.0804597701149456,1.0651080452197308,False,False,No setup,Neutral,0,Not applicable,No directional setup; confirmation score not applicable.,Narrow CPR,Not applicable,Not applicable,Narrow CPR; Wide CPR rules not applied,0,0,0,0
2026-09-16,2026-09-16,CM,NSE,STK,20642,INE247D01039,JINDWORLD,EQ,,,,,JINDAL WORLDWIDE LTD,49.0,50.63,47.9,49.16,49.3,49.44,,49.16,,,6160770,302423548.09,20881,F1,1,,,,,,Cash Only,Unclassified,False,49.23,49.265,49.19499999999999,49.265,49.19499999999999,0.07000000000000739,0.14239218877137388,Narrow,Bearish,Below CPR,False,True,0.21666666666666667,60,210008382.495,Lower,True,Risk Off,True,4.893571428571429,39.028400000000005,33.8307,0.014304481097651488,1.4400546516146813,True,True,No setup,Neutral,0,Not applicable,No directional setup; confirmation score not applicable.,Narrow CPR,Not applicable,Not applicable,Narrow CPR; Wide CPR rules not applied,0,0,0,0
2026-09-16,2026-09-16,CM,NSE,STK,6156,INE738V01013,ARTNIRMAN,EQ,,,,,ART NIRMAN LIMITED,40.99,40.99,39.12,39.97,40.69,39.78,,39.97,,,917,37038.62,29,F1,1,,,,,,Cash Only,Unclassified,False,40.026666666666664,40.055,39.99833333333333,40.055,39.99833333333333,0.05666666666667197,0.14177299641399044,Narrow,Bearish,Below CPR,False,True,0.1,60,35947.58,Higher,True,Risk Off,True,1.860000000000001,40.3992,40.130300000000005,0.030465949820791368,1.0303508608924439,False,False,No setup,Neutral,0,Not applicable,No directional setup; confirmation score not applicable.,Narrow CPR,Not applicable,Not applicable,Narrow CPR; Wide CPR rules not applied,0,0,0,0
2026-09-16,2026-09-16,CM,NSE,STK,3766,INE715A01015,WHEELS,EQ,,,,,WHEELS INDIA LTD,2129.1,2198.0,2031.9,2110.5,2116.5,2129.1,,2110.51,,,240307,510590142.4,20524,F1,1,,,,,,Cash Only,Unclassified,False,2113.4666666666667,2114.95,2111.9833333333336,2114.95,2111.9833333333336,2.9666666666662422,0.14056700623862792,Narrow,Bearish,Below CPR,False,True,0.13333333333333333,60,159622184.45,Lower,True,Risk Off,True,149.38571428571433,1563.796,1524.6175,0.019859105543333356,3.198741729787172,True,True,No setup,Neutral,0,Not applicable,No directional setup; confirmation score not applicable.,Narrow CPR,Not applicable,Not applicable,Narrow CPR; Wide CPR rules not applied,0,0,0,0
2026-09-16,2026-09-16,CM,NSE,STK,4745,INE084A01016,BANKINDIA,EQ,,,,,BANK OF INDIA,138.0,139.35,136.85,137.81,137.81,137.61,,137.81,,,5030108,695608760.52,32978,F1,1,,,,,,F&O + Cash,Financial Services,True,138.00333333333333,138.1,137.90666666666667,138.1,137.90666666666667,0.19333333333332803,0.14028977094066325,Narrow,Bearish,Below CPR,False,True,0.25,60,956153853.13,Overlapping,True,Risk Off,True,2.9107142857142856,142.13279999999997,142.3591,0.06642126789365871,0.7275071456783891,False,False,No setup,Neutral,0,Not applicable,No directional setup; confirmation score not applicable.,Narrow CPR,Not applicable,Not applicable,Narrow CPR; Wide CPR rules not applied,0,0,0,0
2026-09-16,2026-09-16,CM,NSE,STK,13376,INE786F01031,UTTAMSUGAR,EQ,,,,,UTTAM SUGAR MILLS LTD.,257.0,258.35,244.1,250.7,250.8,256.65,,250.69,,,243694,60686362.25,7018,F1,1,,,,,,Cash Only,Unclassified,False,251.05000000000004,251.22500000000002,250.87500000000006,251.22500000000002,250.87500000000006,0.3499999999999659,0.13960909453528755,Narrow,Bearish,Below CPR,False,True,0.08333333333333333,60,34820872.905,Lower,True,Risk Off,True,16.542142857142853,264.2156,253.1417,0.02115808109158221,1.7428156501293774,False,False,No setup,Neutral,0,Not applicable,No directional setup; confirmation score not applicable.,Narrow CPR,Not applicable,Not applicable,Narrow CPR; Wide CPR rules not applied,0,0,0,0
2026-09-16,2026-09-16,CM,NSE,STK,18250,INE0MIS01010,PYRAMID,EQ,,,,,PYRAMID TECHNOPLAST LTD,154.96,157.0,151.5,153.93,156.5,154.96,,153.93,,,43737,6713178.45,1025,F1,1,,,,,,Cash Only,Unclassified,False,154.14333333333335,154.25,154.0366666666667,154.25,154.0366666666667,0.21333333333330984,0.13859113449834978,Narrow,Bearish,Below CPR,False,True,0.16666666666666666,60,6370784.54,Lower,True,Risk Off,True,4.6671428571428555,165.5088,167.37599999999998,0.04570962146719221,1.0537443870296075,False,False,No setup,Neutral,0,Not applicable,No directional setup; confirmation score not applicable.,Narrow CPR,Not applicable,Not applicable,Narrow CPR; Wide CPR rules not applied,0,0,0,0
2026-09-16,2026-09-16,CM,NSE,STK,471,INE143A01010,OSWALGREEN,EQ,,,,,OSWAL GREENTECH LIMITED,19.95,20.11,18.55,19.29,19.32,19.59,,19.3,,,294796,5628950.92,1346,F1,1,,,,,,Cash Only,Unclassified,False,19.316666666666666,19.33,19.303333333333335,19.33,19.303333333333335,0.02666666666666373,0.13824088474164714,Narrow,Bearish,Below CPR,False,True,0.15,60,2223555.38,Lower,True,Risk Off,True,0.7392857142857144,21.0442,22.9265,0.03607085346215383,2.5315092084641493,False,False,No setup,Neutral,0,Not applicable,No directional setup; confirmation score not applicable.,Narrow CPR,Not applicable,Not applicable,Narrow CPR; Wide CPR rules not applied,0,0,0,0
2026-09-16,2026-09-16,CM,NSE,STK,757919,INE16SF01016,BORANA,EQ,,,,,BORANA WEAVES LIMITED,303.5,309.35,298.0,303.05,301.55,303.5,,303.45,,,38658,11706591.4,1023,F1,1,,,,,,Cash Only,Unclassified,False,303.4666666666667,303.675,303.2583333333334,303.675,303.2583333333334,0.41666666666662877,0.13749106308088724,Narrow,Bearish,Below CPR,False,True,0.2,60,6607361.625,Lower,True,Risk Off,True,13.778571428571423,317.44599999999997,318.3475,0.0302401935372359,1.7717497640368671,False,False,No setup,Neutral,0,Not applicable,No directional setup; confirmation score not applicable.,Narrow CPR,Not applicable,Not applicable,Narrow CPR; Wide CPR rules not applied,0,0,0,0
2026-09-16,2026-09-16,CM,NSE,STK,761528,INE0ADB01012,INNOVISION,EQ,,,,,INNOVISION LIMITED,255.35,258.7,253.25,255.45,254.25,255.35,,255.42,,,12512,3186250.65,683,F1,1,,,,,,Cash Only,Unclassified,False,255.79999999999998,255.975,255.62499999999997,255.975,255.62499999999997,0.35000000000002274,0.13701311411235967,Narrow,Bearish,Below CPR,False,True,0.1,60,4193931.225,Lower,True,Risk Off,True,13.928571428571427,275.49100000000004,289.328,0.025128205128206762,0.7597288746669898,False,False,No setup,Neutral,0,Not applicable,No directional setup; confirmation score not applicable.,Narrow CPR,Not applicable,Not applicable,Narrow CPR; Wide CPR rules not applied,0,0,0,0
2026-09-16,2026-09-16,CM,NSE,STK,7848,INE828A01016,BIL,EQ,,,,,BHARTIYA INTERNATIONAL,1029.0,1081.75,995.0,1036.25,1050.0,1027.55,,1036.25,,,12435,12860354.5,1389,F1,1,,,,,,Cash Only,Unclassified,False,1037.6666666666667,1038.375,1036.9583333333335,1038.375,1036.9583333333335,1.416666666666515,0.13671089666263112,Narrow,Bearish,Below CPR,False,True,0.16666666666666666,60,5095823.975,Lower,True,Risk Off,True,68.14999999999999,830.43,783.7825,0.020787478601122747,2.5237046183487926,True,True,No setup,Neutral,0,Not applicable,No directional setup; confirmation score not applicable.,Narrow CPR,Not applicable,Not applicable,Narrow CPR; Wide CPR rules not applied,0,0,0,0
2026-09-16,2026-09-16,CM,NSE,STK,30893,INE00WV01027,CMRGREEN,EQ,,,,,CMR GREEN TECHNOLOGIES L,213.9,215.36,209.32,211.91,213.0,212.76,,211.93,,,351172,74577444.68,11120,F1,1,,,,,,Cash Only,Unclassified,False,212.1966666666667,212.34,212.05333333333337,212.34,212.05333333333337,0.2866666666666333,0.13527755493682853,Narrow,Bearish,Below CPR,False,True,0.18333333333333332,60,169750442.595,Lower,True,Risk Off,True,7.6700000000000035,220.5386,,0.0373750543242025,0.4393357892911714,False,False,No setup,Neutral,0,Not applicable,No directional setup; confirmation score not applicable.,Narrow CPR,Not applicable,Not applicable,Narrow CPR; Wide CPR rules not applied,0,0,0,0
2026-09-16,2026-09-16,CM,NSE,STK,17263,INE109C01017,ARMANFIN,EQ,,,,,ARMAN FIN SERV LTD,1918.2,1948.0,1806.6,1873.5,1898.0,1918.1,,1873.53,,,67060,124589171.0,11953,F1,1,,,,,,Cash Only,Unclassified,False,1876.0333333333335,1877.3,1874.766666666667,1877.3,1874.766666666667,2.5333333333328483,0.1352192865403175,Narrow,Bearish,Below CPR,False,True,0.18333333333333332,60,58745799.0,Lower,True,Risk Off,True,74.25000000000003,1960.87,1815.582,0.03411896745229424,2.120818392477733,False,True,No setup,Neutral,0,Not applicable,No directional setup; confirmation score not applicable.,Narrow CPR,Not applicable,Not applicable,Narrow CPR; Wide CPR rules not applied,0,0,0,0
2026-09-16,2026-09-16,CM,NSE,STK,4064,INE144D01012,CUBEXTUB,EQ,,,,,CUBEX TUBINGS LTD,75.85,75.98,74.5,75.09,74.5,75.08,,75.08,,,23653,1778646.36,560,F1,1,,,,,,Cash Only,Unclassified,False,75.19000000000001,75.24000000000001,75.14000000000001,75.24000000000001,75.14000000000001,0.09999999999999432,0.1331735251032019,Narrow,Bearish,Below CPR,False,True,0.11666666666666667,60,3056746.8,Lower,True,Risk Off,True,2.7185714285714275,78.46860000000001,84.3395,0.036784025223329506,0.5818755940138712,False,False,No setup,Neutral,0,Not applicable,No directional setup; confirmation score not applicable.,Narrow CPR,Not applicable,Not applicable,Narrow CPR; Wide CPR rules not applied,0,0,0,0
2026-09-16,2026-09-16,CM,NSE,STK,2716,INE295F01017,BUTTERFLY,EQ,,,,,BTRFLY GANDHI APPL LTD,584.0,590.0,566.0,576.85,578.0,580.25,,576.91,,,14048,8104021.35,955,F1,1,,,,,,Cash Only,Unclassified,False,577.6166666666667,578.0,577.2333333333333,578.0,577.2333333333333,0.7666666666666515,0.13290572361387734,Narrow,Bearish,Below CPR,False,True,0.1,60,12728262.575,Lower,True,Risk Off,True,20.10357142857144,681.5160000000001,667.6110000000001,0.038135844140462304,0.6366950164838189,False,False,No setup,Neutral,0,Not applicable,No directional setup; confirmation score not applicable.,Narrow CPR,Not applicable,Not applicable,Narrow CPR; Wide CPR rules not applied,0,0,0,0
2026-09-16,2026-09-16,CM,NSE,STK,762432,INE25E901019,OMPOWER,EQ,,,,,OM POWER TRANSMISSION LTD,165.35,168.19,162.1,164.82,165.95,168.2,,164.82,,,96074,15851458.5,1541,F1,1,,,,,,Cash Only,Unclassified,False,165.03666666666666,165.14499999999998,164.92833333333334,165.14499999999998,164.92833333333334,0.21666666666664014,0.1314565384459654,Narrow,Bearish,Below CPR,False,True,0.11666666666666667,60,16893851.95,Lower,True,Risk Off,True,6.592857142857143,169.386,,0.03286384976525419,0.9382974674405147,False,False,No setup,Neutral,0,Not applicable,No directional setup; confirmation score not applicable.,Narrow CPR,Not applicable,Not applicable,Narrow CPR; Wide CPR rules not applied,0,0,0,0
2026-09-16,2026-09-16,CM,NSE,STK,1412,INE415A01038,AGI,EQ,,,,,AGI GREENPAC LIMITED,735.9,735.9,701.5,717.3,714.25,736.65,,717.34,,,159416,114489094.9,8952,F1,1,,,,,,Cash Only,Unclassified,False,718.2333333333332,718.7,717.7666666666664,718.7,717.7666666666664,0.9333333333336213,0.13011757051911632,Narrow,Bearish,Below CPR,False,True,0.13333333333333333,60,68745311.025,Lower,True,Risk Off,True,31.08214285714285,720.557,678.8005,0.030027959707389872,1.6654095121973447,False,True,No setup,Neutral,0,Not applicable,No directional setup; confirmation score not applicable.,Narrow CPR,Not applicable,Not applicable,Narrow CPR; Wide CPR rules not applied,0,0,0,0
2026-09-16,2026-09-16,CM,NSE,STK,21840,INE393P01035,DIAMONDYD,EQ,,,,,PRATAAP SNACKS LIMITED,1097.3,1119.9,1088.8,1102.2,1100.0,1107.4,,1102.21,,,6122,6740513.2,751,F1,1,,,,,,Cash Only,Unclassified,False,1103.6333333333332,1104.35,1102.9166666666665,1104.35,1102.9166666666665,1.433333333333394,0.13004294441420738,Narrow,Bearish,Below CPR,False,True,0.35,60,19047772.4,Lower,True,Risk Off,False,33.192857142857164,1160.086,1118.6565,0.04318198120651496,0.35387409395966957,False,False,No setup,Neutral,0,Not applicable,No directional setup; confirmation score not applicable.,Narrow CPR,Not applicable,Not applicable,Narrow CPR; Wide CPR rules not applied,0,0,0,0
2026-09-16,2026-09-16,CM,NSE,STK,3918,INE987B01026,NATCOPHARM,EQ,,,,,NATCO PHARMA LTD.,813.1,828.75,801.0,813.3,815.95,819.15,,813.3,,,492595,400393908.3,37976,F1,1,,,,,,Cash Only,Healthcare,True,814.35,814.875,813.825,814.875,813.825,1.0499999999999545,0.12910365178900216,Narrow,Bearish,Below CPR,False,True,0.18333333333333332,60,321537882.525,Lower,True,Risk Off,True,19.596428571428582,899.3009999999999,958.4744999999999,0.05358119190814418,1.2452464548057378,False,False,No setup,Neutral,0,Not applicable,No directional setup; confirmation score not applicable.,Narrow CPR,Not applicable,Not applicable,Narrow CPR; Wide CPR rules not applied,0,0,0,0
2026-09-16,2026-09-16,CM,NSE,STK,6125,INE127I01024,GOODLUCK,EQ,,,,,GOODLUCK INDIA LIMITED,519.15,527.05,495.5,510.3,504.1,519.15,,510.3,,,533794,270007034.4,20294,F1,1,,,,,,Cash Only,Unclassified,False,510.95,511.275,510.625,511.275,510.625,0.6499999999999773,0.12737605330197477,Narrow,Bearish,Below CPR,False,True,0.13333333333333333,60,271678250.9,Lower,True,Risk Off,True,24.121428571428563,1122.4089999999999,1243.378,0.02694699437370354,0.9938485451284242,False,False,No setup,Neutral,0,Not applicable,No directional setup; confirmation score not applicable.,Narrow CPR,Not applicable,Not applicable,Narrow CPR; Wide CPR rules not applied,0,0,0,0
2026-09-16,2026-09-16,CM,NSE,STK,2912,INE046A01015,RIIL,EQ,,,,,RELIANCE INDUSTRIAL INFRA,701.0,708.95,681.0,693.65,688.1,697.25,,693.64,,,38754,26834543.95,3021,F1,1,,,,,,Cash Only,Unclassified,False,694.5333333333333,694.975,694.0916666666666,694.975,694.0916666666666,0.8833333333334394,0.1273456834618957,Narrow,Bearish,Below CPR,False,True,0.23333333333333334,60,35223340.325,Lower,True,Risk Off,True,17.30714285714286,750.7710000000001,771.0329999999999,0.051038657311878455,0.7618398397881078,False,False,No setup,Neutral,0,Not applicable,No directional setup; confirmation score not applicable.,Narrow CPR,Not applicable,Not applicable,Narrow CPR; Wide CPR rules not applied,0,0,0,0
2026-09-16,2026-09-16,CM,NSE,STK,21770,INE765G01017,ICICIGI,EQ,,,,,ICICI LOMBARD GIC LIMITED,1440.0,1455.6,1429.9,1440.0,1440.0,1427.7,,1440.04,,,449383,649199329.1,25132,F1,1,,,,,,F&O + Cash,Financial Services,True,1441.8333333333333,1442.75,1440.9166666666665,1442.75,1440.9166666666665,1.833333333333485,0.12731481481482534,Narrow,Bearish,Below CPR,False,True,0.2,60,1005648324.55,Inside,True,Risk Off,True,28.992857142857165,1619.1979999999999,1704.4290000000003,0.06323396567299525,0.6455530360382183,False,False,No setup,Neutral,0,Not applicable,No directional setup; confirmation score not applicable.,Narrow CPR,Not applicable,Not applicable,Narrow CPR; Wide CPR rules not applied,0,0,0,0
2026-09-16,2026-09-16,CM,NSE,STK,764255,INE11XY01018,CMLL,EQ,,,,,CALIBER MINING AND LOG L,477.85,484.6,468.0,475.4,475.0,474.7,,475.42,,,380398,181550596.0,8995,F1,1,,,,,,Cash Only,Unclassified,False,476.0,476.3,475.7,476.3,475.7,0.6000000000000227,0.12620950778292445,Narrow,Bearish,Below CPR,False,True,0.02631578947368421,38,339845842.1,Inside,True,Risk Off,True,16.982142857142843,,,0.03533123028391304,0.53421455704195,False,False,No setup,Neutral,0,Not applicable,No directional setup; confirmation score not applicable.,Narrow CPR,Not applicable,Not applicable,Narrow CPR; Wide CPR rules not applied,0,0,0,0
2026-09-16,2026-09-16,CM,NSE,STK,13288,INE00ZE01026,AFSL,EQ,,,,,ABANS FINANCIAL SRVCS LTD,201.01,201.8,201.0,201.02,201.0,201.03,,201.02,,,8483,1705249.58,80,F1,1,,,,,,Cash Only,Unclassified,False,201.27333333333334,201.4,201.14666666666668,201.4,201.14666666666668,0.2533333333333303,0.1260239445494629,Narrow,Bearish,Below CPR,False,True,0.26666666666666666,60,1292177.275,Overlapping,True,Risk Off,False,6.195714285714288,203.03240000000002,202.30349999999999,0.04088847897932468,1.3196715442933324,False,False,No setup,Neutral,0,Not applicable,No directional setup; confirmation score not applicable.,Narrow CPR,Not applicable,Not applicable,Narrow CPR; Wide CPR rules not applied,0,0,0,0
2026-09-16,2026-09-16,CM,NSE,STK,18026,INE423Y01016,SBFC,EQ,,,,,SBFC FINANCE LIMITED,94.44,95.24,92.43,93.66,94.7,94.43,,93.67,,,611434,57046524.66,8515,F1,1,,,,,,Cash Only,Financial Services,True,93.77666666666669,93.83500000000001,93.71833333333336,93.83500000000001,93.71833333333336,0.11666666666664582,0.12456402590929515,Narrow,Bearish,Below CPR,False,True,0.26666666666666666,60,82853042.77,Lower,True,Risk Off,False,3.492857142857141,94.4244,93.48639999999999,0.03340149965916242,0.6885266099201827,False,True,No setup,Neutral,0,Not applicable,No directional setup; confirmation score not applicable.,Narrow CPR,Not applicable,Not applicable,Narrow CPR; Wide CPR rules not applied,0,0,0,0
2026-09-16,2026-09-16,CM,NSE,STK,1491,INE039A01010,IFCI,EQ,,,,,IFCI LTD,77.2,77.39,73.01,75.06,75.0,76.95,,75.06,,,114066406,8547645060.14,246557,F1,1,,,,,,Cash Only,Financial Services,True,75.15333333333334,75.2,75.10666666666667,75.2,75.10666666666667,0.09333333333333371,0.1243449684696692,Narrow,Bearish,Below CPR,False,True,0.05,60,2302856183.04,Lower,True,Risk Off,True,7.029285714285716,79.6114,75.2011,0.01327778342309391,3.7117580868016935,False,False,No setup,Neutral,0,Not applicable,No directional setup; confirmation score not applicable.,Narrow CPR,Not applicable,Not applicable,Narrow CPR; Wide CPR rules not applied,0,0,0,0
2026-09-16,2026-09-16,CM,NSE,STK,764880,INE068B01017,SEKURITIND,EQ,,,,,SAINT GOBAIN SEKUR IND L,108.0,108.9,106.0,107.25,107.79,106.86,,107.42,,,17097,1839235.59,402,F1,1,,,,,,Cash Only,Unclassified,False,107.38333333333333,107.45,107.31666666666665,107.45,107.31666666666665,0.13333333333335418,0.12432012432014375,Narrow,Bearish,Below CPR,False,True,0.18181818181818182,22,2485722.69,Overlapping,True,Risk Off,True,3.4192857142857145,,,0.0389944989903271,0.7399198620985352,False,False,No setup,Neutral,0,Not applicable,No directional setup; confirmation score not applicable.,Narrow CPR,Not applicable,Not applicable,Narrow CPR; Wide CPR rules not applied,0,0,0,0
2026-09-16,2026-09-16,CM,NSE,STK,6705,INE982J01020,PAYTM,EQ,,,,,ONE 97 COMMUNICATIONS LTD,1830.0,1855.5,1731.1,1790.0,1790.0,1730.0,,1790.02,,,15413025,27429512811.4,295441,F1,1,,,,,,F&O + Cash,Financial Services,True,1792.2,1793.3,1791.1000000000001,1793.3,1791.1000000000001,2.199999999999818,0.12290502793295074,Narrow,Bearish,Below CPR,False,True,0.2,60,4582920563.3,Higher,True,Risk Off,True,68.45,1512.8980000000001,1317.4515,0.03214024835646191,5.985159994056055,True,True,No setup,Neutral,0,Not applicable,No directional setup; confirmation score not applicable.,Narrow CPR,Not applicable,Not applicable,Narrow CPR; Wide CPR rules not applied,0,0,0,0
2026-09-16,2026-09-16,CM,NSE,STK,13101,INE579C01029,VIMTALABS,EQ,,,,,VIMTA LABS LIMITED,615.05,619.1,580.0,598.45,595.2,616.0,,598.43,,,286652,172245885.0,16647,F1,1,,,,,,Cash Only,Unclassified,False,599.1833333333333,599.55,598.8166666666666,599.55,598.8166666666666,0.7333333333333485,0.12253878073913416,Narrow,Bearish,Below CPR,False,True,0.13333333333333333,60,107687281.4,Lower,True,Risk Off,True,24.442857142857147,611.17,560.659,0.030001948178453763,1.5995007280404796,False,True,No setup,Neutral,0,Not applicable,No directional setup; confirmation score not applicable.,Narrow CPR,Not applicable,Not applicable,Narrow CPR; Wide CPR rules not applied,0,0,0,0
2026-09-16,2026-09-16,CM,NSE,STK,765205,INE400A01014,TUTIALKA,EQ,,,,,TUTICORIN ALKAL CH & FE L,58.51,59.28,55.31,57.19,56.72,59.78,,57.2,,,9553,548982.51,184,F1,1,,,,,,Cash Only,Unclassified,False,57.26,57.295,57.224999999999994,57.295,57.224999999999994,0.07000000000000739,0.12239902080784647,Narrow,Bearish,Below CPR,False,True,0.13636363636363635,22,677745.31,Lower,True,Risk Off,True,3.4100000000000006,,,0.02052785923753882,0.8100129973603211,False,False,No setup,Neutral,0,Not applicable,No directional setup; confirmation score not applicable.,Narrow CPR,Not applicable,Not applicable,Narrow CPR; Wide CPR rules not applied,0,0,0,0
2026-09-16,2026-09-16,CM,NSE,STK,236,INE021A01026,ASIANPAINT,EQ,,,,,ASIAN PAINTS LIMITED,2405.1,2444.5,2397.4,2416.6,2416.6,2402.8,,2416.61,,,591671,1437538996.1,41932,F1,1,,,,,,F&O + Cash,Consumer Durables,True,2419.5,2420.95,2418.05,2420.95,2418.05,2.899999999999636,0.12000331043613491,Narrow,Bearish,Below CPR,False,True,0.15,60,1855525151.1999998,Inside,True,Risk Off,True,51.24285714285715,2647.678,2640.167,0.05659325341510302,0.7747343091363212,False,False,No setup,Neutral,0,Not applicable,No directional setup; confirmation score not applicable.,Narrow CPR,Not applicable,Not applicable,Narrow CPR; Wide CPR rules not applied,0,0,-2,-2
2026-09-16,2026-09-16,CM,NSE,STK,8479,INE494B01023,TVSMOTOR,EQ,,,,,TVS MOTOR COMPANY  LTD,4033.0,4078.5,4002.0,4033.0,4033.0,4050.0,,4033.02,,,439422,1774286229.9,38286,F1,1,,,,,,F&O + Cash,Automobile and Auto Components,True,4037.8333333333335,4040.25,4035.416666666667,4040.25,4035.416666666667,4.83333333333303,0.11984461525745178,Narrow,Bearish,Below CPR,False,True,0.16666666666666666,60,3138843228.9,Lower,True,Risk Off,True,120.63571428571426,4121.88,3794.2389999999996,0.04006552588469562,0.5652675525696116,False,True,No setup,Neutral,0,Not applicable,No directional setup; confirmation score not applicable.,Narrow CPR,Not applicable,Not applicable,Narrow CPR; Wide CPR rules not applied,0,0,0,0
2026-09-16,2026-09-16,CM,NSE,STK,27061,INE622W01025,ACMESOLAR,EQ,,,,,ACME SOLAR HOLDINGS LTD,419.45,425.5,412.0,418.0,416.15,420.4,,417.96,,,1349732,564803056.0,39952,F1,1,,,,,,Cash Only,Power,True,418.5,418.75,418.25,418.75,418.25,0.5,0.11961722488038277,Narrow,Bearish,Below CPR,False,True,0.13333333333333333,60,575614811.5,Overlapping,True,Risk Off,True,17.474999999999987,384.51800000000003,354.36650000000003,0.0286123032904149,0.9812170304099271,True,True,No setup,Neutral,0,Not applicable,No directional setup; confirmation score not applicable.,Narrow CPR,Not applicable,Not applicable,Narrow CPR; Wide CPR rules not applied,0,-2,0,-2
2026-09-16,2026-09-16,CM,NSE,STK,764833,INE383L01019,PARNAXLAB,EQ,,,,,PARNAX LAB LTD.,123.0,123.9,117.05,120.26,121.84,123.87,,121.02,,,2002,242201.78,66,F1,1,,,,,,Cash Only,Unclassified,False,120.40333333333332,120.475,120.33166666666665,120.475,120.33166666666665,0.14333333333334508,0.11918620766118831,Narrow,Bearish,Below CPR,False,True,0.09090909090909091,22,222287.6,Lower,True,Risk Off,True,11.776428571428571,,,0.012171205596329417,1.0895874533712182,False,False,No setup,Neutral,0,Not applicable,No directional setup; confirmation score not applicable.,Narrow CPR,Not applicable,Not applicable,Narrow CPR; Wide CPR rules not applied,0,0,0,0
2026-09-16,2026-09-16,CM,NSE,STK,17388,INE814H01029,ADANIPOWER,EQ,,,,,ADANI POWER LTD,202.1,205.0,200.4,202.34,202.34,202.0,,202.34,,,12105905,2457712318.88,60128,F1,1,,,,,,F&O + Cash,Power,True,202.58,202.7,202.46000000000004,202.7,202.46000000000004,0.23999999999995225,0.11861223682907594,Narrow,Bearish,Below CPR,False,True,0.2,60,3801437991.665,Lower,True,Risk Off,True,6.8328571428571445,210.2886,217.97100000000003,0.035124398912809225,0.6465217436845633,False,False,No setup,Neutral,0,Not applicable,No directional setup; confirmation score not applicable.,Narrow CPR,Not applicable,Not applicable,Narrow CPR; Wide CPR rules not applied,0,0,0,0
2026-09-16,2026-09-16,CM,NSE,STK,13826,INE671H01015,SOBHA,EQ,,,,,SOBHA LIMITED,1190.0,1194.7,1173.1,1181.8,1179.4,1192.7,,1181.81,,,77935,92316666.5,14709,F1,1,,,,,,Cash Only,Realty,True,1183.2,1183.9,1182.5,1183.9,1182.5,1.400000000000091,0.11846336097479193,Narrow,Bearish,Below CPR,False,True,0.18333333333333332,60,129913287.1,Lower,True,Risk Off,True,33.95000000000001,1339.19,1368.575,0.04123711340206452,0.7106021913596858,False,False,No setup,Neutral,0,Not applicable,No directional setup; confirmation score not applicable.,Narrow CPR,Not applicable,Not applicable,Narrow CPR; Wide CPR rules not applied,0,0,0,0
2026-09-16,2026-09-16,CM,NSE,STK,759342,INE0S3G01027,PACEDIGITK,EQ,,,,,PACE DIGITEK LIMITED,153.6,155.29,150.25,152.5,152.8,153.6,,152.51,,,657267,100853777.1,9120,F1,1,,,,,,Cash Only,Unclassified,False,152.67999999999998,152.76999999999998,152.58999999999997,152.76999999999998,152.58999999999997,0.18000000000000682,0.11803278688525037,Narrow,Bearish,Below CPR,False,True,0.08333333333333333,60,170473721.31,Lower,True,Risk Off,True,5.509285714285714,185.33939999999998,187.3198,0.03267211201867102,0.5916089372895265,False,False,No setup,Neutral,0,Not applicable,No directional setup; confirmation score not applicable.,Narrow CPR,Not applicable,Not applicable,Narrow CPR; Wide CPR rules not applied,0,0,0,0
2026-09-16,2026-09-16,CM,NSE,STK,2183,INE202Z01029,TSFINV,EQ,,,,,TSF INVESTMENTS LIMITED,449.5,449.5,429.05,438.5,436.15,442.95,,438.5,,,67235,29442769.05,4196,F1,1,,,,,,Cash Only,Unclassified,False,439.01666666666665,439.275,438.7583333333333,439.275,438.7583333333333,0.5166666666666515,0.11782592170277116,Narrow,Bearish,Below CPR,False,True,0.13333333333333333,60,29964192.2,Lower,True,Risk Off,True,13.421428571428562,436.04200000000003,422.67550000000006,0.038495653716514776,0.9825984579687752,True,True,No setup,Neutral,0,Not applicable,No directional setup; confirmation score not applicable.,Narrow CPR,Not applicable,Not applicable,Narrow CPR; Wide CPR rules not applied,0,0,0,0
2026-09-16,2026-09-16,CM,NSE,STK,11184,INE092T01019,IDFCFIRSTB,EQ,,,,,IDFC FIRST BANK LIMITED,84.61,85.71,84.61,85.01,85.01,84.8,,85.01,,,14275478,1218120714.07,57294,F1,1,,,,,,F&O + Cash,Financial Services,True,85.11,85.16,85.06,85.16,85.06,0.09999999999999432,0.11763321962121433,Narrow,Bearish,Below CPR,False,True,0.15,60,1189033348.79,Overlapping,True,Risk Off,True,1.6321428571428578,84.075,78.567,0.06126914660831159,1.0244630357168705,True,True,No setup,Neutral,0,Not applicable,No directional setup; confirmation score not applicable.,Narrow CPR,Not applicable,Not applicable,Narrow CPR; Wide CPR rules not applied,0,0,0,0
2026-09-16,2026-09-16,CM,NSE,STK,23590,INE350Z01018,GLOSTERLTD,EQ,,,,,GLOSTER LIMITED,575.0,589.9,570.0,578.95,583.7,575.1,,578.95,,,465,269351.0,73,F1,1,,,,,,Cash Only,Unclassified,False,579.6166666666667,579.95,579.2833333333333,579.95,579.2833333333333,0.6666666666667425,0.11515099173792942,Narrow,Bearish,Below CPR,False,True,0.1,60,1177650.05,Inside,True,Risk Off,True,18.485714285714273,635.191,651.691,0.03606388459557342,0.2287190494323844,False,False,No setup,Neutral,0,Not applicable,No directional setup; confirmation score not applicable.,Narrow CPR,Not applicable,Not applicable,Narrow CPR; Wide CPR rules not applied,0,0,0,0
2026-09-16,2026-09-16,CM,NSE,STK,25844,INE0V6F01027,HYUNDAI,EQ,,,,,HYUNDAI MOTOR INDIA LTD,2140.0,2182.0,2135.4,2155.0,2155.0,2140.0,,2154.73,,,733017,1584010880.1,53134,F1,1,,,,,,F&O + Cash,Automobile and Auto Components,True,2157.4666666666667,2158.7,2156.2333333333336,2158.7,2156.2333333333336,2.4666666666662422,0.11446249033254025,Narrow,Bearish,Below CPR,False,True,0.21666666666666667,60,1359471411.0,Inside,True,Risk Off,True,56.17857142857146,2126.212,2010.672,0.043907607543963605,1.1651667459007713,True,True,No setup,Neutral,0,Not applicable,No directional setup; confirmation score not applicable.,Narrow CPR,Not applicable,Not applicable,Narrow CPR; Wide CPR rules not applied,0,0,0,0
2026-09-16,2026-09-16,CM,NSE,STK,7177,INE0CLI01024,RATEGAIN,EQ,,,,,RATEGAIN TRAVEL TECHN LTD,869.0,875.0,849.85,860.95,863.0,878.65,,860.94,,,140820,121690250.3,12259,F1,1,,,,,,Cash Only,Unclassified,False,861.9333333333334,862.425,861.4416666666668,862.425,861.4416666666668,0.9833333333331211,0.11421491762972542,Narrow,Bearish,Below CPR,False,True,0.15,60,328111186.79999995,Lower,True,Risk Off,True,32.29642857142858,920.95,834.2765,0.030447123004895927,0.3708811378448253,False,True,No setup,Neutral,0,Not applicable,No directional setup; confirmation score not applicable.,Narrow CPR,Not applicable,Not applicable,Narrow CPR; Wide CPR rules not applied,0,0,0,0
2026-09-16,2026-09-16,CM,NSE,STK,2031,INE101A01026,M&M,EQ,,,,,MAHINDRA & MAHINDRA LTD,3044.6,3105.9,3044.6,3070.0,3070.0,3029.5,,3070.0,,,2390779,7367844823.2,113590,F1,1,,,,,,F&O + Cash,Automobile and Auto Components,True,3073.5,3075.25,3071.75,3075.25,3071.75,3.5,0.11400651465798045,Narrow,Bearish,Below CPR,False,True,0.23333333333333334,60,6726743570.3,Overlapping,True,Risk Off,True,71.49285714285715,3271.9,3190.6969999999997,0.048955939654311116,1.0953063315406577,False,False,No setup,Neutral,0,Not applicable,No directional setup; confirmation score not applicable.,Narrow CPR,Not applicable,Not applicable,Narrow CPR; Wide CPR rules not applied,0,0,0,0
2026-09-16,2026-09-16,CM,NSE,STK,17270,INE991I01015,ASPINWALL,EQ,,,,,ASPINWALL & CO LTD,252.05,259.9,241.55,250.3,250.3,250.85,,250.3,,,2282,569718.2,71,F1,1,,,,,,Cash Only,Unclassified,False,250.58333333333334,250.725,250.4416666666667,250.725,250.4416666666667,0.283333333333303,0.11319749633771595,Narrow,Bearish,Below CPR,False,True,0.15,60,472879.93,Lower,True,Risk Off,True,11.200714285714279,249.1246,244.73239999999998,0.025296005781941487,1.204784055859592,True,True,No setup,Neutral,0,Not applicable,No directional setup; confirmation score not applicable.,Narrow CPR,Not applicable,Not applicable,Narrow CPR; Wide CPR rules not applied,0,0,0,0
2026-09-16,2026-09-16,CM,NSE,STK,15716,INE557Z01018,PIGL,EQ,,,,,POWER INSTRUMENT (G) LTD,99.99,106.0,97.82,101.74,100.01,99.54,,101.74,,,75040,7628074.75,1035,F1,1,,,,,,Cash Only,Unclassified,False,101.85333333333334,101.91,101.79666666666668,101.91,101.79666666666668,0.11333333333331552,0.11139505930146995,Narrow,Bearish,Below CPR,False,True,0.06666666666666667,60,6230487.765,Higher,True,Risk Off,True,5.0828571428571445,106.0024,107.12100000000001,0.022297170695143576,1.2243142170747847,False,False,No setup,Neutral,0,Not applicable,No directional setup; confirmation score not applicable.,Narrow CPR,Not applicable,Not applicable,Narrow CPR; Wide CPR rules not applied,0,0,0,0
2026-09-16,2026-09-16,CM,NSE,STK,881,INE089A01031,DRREDDY,EQ,,,,,DR. REDDY S LABORATORIES,1142.0,1149.9,1133.9,1140.0,1140.0,1145.0,,1140.01,,,1120896,1281480021.6,47805,F1,1,,,,,,F&O + Cash,Healthcare,True,1141.2666666666667,1141.9,1140.6333333333332,1141.9,1140.6333333333332,1.2666666666668789,0.11111111111112972,Narrow,Bearish,Below CPR,False,True,0.18333333333333332,60,2107875916.1999998,Lower,True,Risk Off,True,19.9785714285714,1182.782,1245.117,0.0634012632582636,0.6079485095641703,False,False,No setup,Neutral,0,Not applicable,No directional setup; confirmation score not applicable.,Narrow CPR,Not applicable,Not applicable,Narrow CPR; Wide CPR rules not applied,0,0,0,0
2026-09-16,2026-09-16,CM,NSE,STK,20092,INE488B01017,TASTYBITE,EQ,,,,,TASTY BITE EATABLES LTD,9900.0,10163.0,9742.0,9936.0,9975.0,9927.0,,9936.14,,,2439,24127446.0,957,F1,1,,,,,,Cash Only,Unclassified,False,9947.0,9952.5,9941.5,9952.5,9941.5,11.0,0.11070853462157809,Narrow,Bearish,Below CPR,False,True,0.11666666666666667,60,31800549.25,Lower,True,Risk Off,True,350.4642857142857,9534.96,8701.74,0.031386935697544076,0.7587116125046174,True,True,No setup,Neutral,0,Not applicable,No directional setup; confirmation score not applicable.,Narrow CPR,Not applicable,Not applicable,Narrow CPR; Wide CPR rules not applied,0,0,0,0
2026-09-16,2026-09-16,CM,NSE,STK,6964,INE0BJS01011,GOCOLORS,EQ,,,,,GO FASHION INDIA LTD,306.8,310.2,298.0,303.6,304.85,304.9,,303.6,,,79421,24078789.65,2828,F1,1,,,,,,Cash Only,Unclassified,False,303.93333333333334,304.1,303.76666666666665,304.1,303.76666666666665,0.33333333333337123,0.10979358805447009,Narrow,Bearish,Below CPR,False,True,0.06666666666666667,60,60062484.05,Lower,True,Risk Off,True,11.285714285714281,331.269,331.7515,0.029535864978906323,0.4008956677508579,False,False,No setup,Neutral,0,Not applicable,No directional setup; confirmation score not applicable.,Narrow CPR,Not applicable,Not applicable,Narrow CPR; Wide CPR rules not applied,0,0,0,0
2026-09-16,2026-09-16,CM,NSE,STK,18060,INE338H01029,CONCORDBIO,EQ,,,,,CONCORD BIOTECH LIMITED,1470.1,1484.2,1428.1,1453.8,1441.2,1473.0,,1453.81,,,105795,154339174.9,19096,F1,1,,,,,,Cash Only,Healthcare,True,1455.3666666666668,1456.15,1454.5833333333335,1456.15,1454.5833333333335,1.566666666666606,0.10776356215893561,Narrow,Bearish,Below CPR,False,True,0.13333333333333333,60,150567565.35,Lower,True,Risk Off,True,52.82142857142857,1414.108,1312.271,0.02965967996393845,1.0250492829663067,True,True,No setup,Neutral,0,Not applicable,No directional setup; confirmation score not applicable.,Narrow CPR,Not applicable,Not applicable,Narrow CPR; Wide CPR rules not applied,0,0,0,0
2026-09-16,2026-09-16,CM,NSE,STK,21705,INE456Z01021,MEDIASSIST,EQ,,,,,MEDI ASSIST HEALTH SER L,312.0,318.0,308.0,312.5,315.0,309.9,,312.46,,,118389,37018735.2,5562,F1,1,,,,,,Cash Only,Unclassified,False,312.8333333333333,313.0,312.66666666666663,313.0,312.66666666666663,0.33333333333337123,0.10666666666667879,Narrow,Bearish,Below CPR,False,True,0.11666666666666667,60,43853606.85,Inside,True,Risk Off,True,10.474999999999994,347.125,356.6875,0.03182179793158677,0.8441434549869871,False,False,No setup,Neutral,0,Not applicable,No directional setup; confirmation score not applicable.,Narrow CPR,Not applicable,Not applicable,Narrow CPR; Wide CPR rules not applied,0,0,0,0
2026-09-16,2026-09-16,CM,NSE,STK,20551,INE321T01012,DOMS,EQ,,,,,DOMS INDUSTRIES LIMITED,2102.6,2115.7,2061.3,2085.2,2099.8,2120.4,,2085.06,,,20224,42083391.8,4672,F1,1,,,,,,Cash Only,Fast Moving Consumer Goods,True,2087.4,2088.5,2086.3,2088.5,2086.3,2.199999999999818,0.10550546710146837,Narrow,Bearish,Below CPR,False,True,0.25,60,73544910.44999999,Lower,True,Risk Off,True,42.2785714285715,2234.452,2247.251,0.05203581686095185,0.5722135161019835,False,False,No setup,Neutral,0,Not applicable,No directional setup; confirmation score not applicable.,Narrow CPR,Not applicable,Not applicable,Narrow CPR; Wide CPR rules not applied,0,0,-2,-2
2026-09-16,2026-09-16,CM,NSE,STK,13796,INE201A01024,MANALIPETC,EQ,,,,,MANALI PETROCHEMICALS LT,80.0,85.5,79.5,82.37,82.6,80.19,,82.37,,,2637453,215863380.55,20069,F1,1,,,,,,Cash Only,Unclassified,False,82.45666666666666,82.5,82.41333333333333,82.5,82.41333333333333,0.08666666666667311,0.10521630043301336,Narrow,Bearish,Below CPR,False,True,0.05,60,38245308.64,Inside,True,Risk Off,True,5.975000000000001,71.4546,65.9643,0.01450488145048922,5.644179331428714,True,True,No setup,Neutral,0,Not applicable,No directional setup; confirmation score not applicable.,Narrow CPR,Not applicable,Not applicable,Narrow CPR; Wide CPR rules not applied,0,0,0,0
2026-09-16,2026-09-16,CM,NSE,STK,1515,INE383A01012,INDIACEM,EQ,,,,,THE INDIA CEMENTS LIMITED,336.0,338.7,331.65,334.65,336.0,336.0,,334.64,,,62151,20813178.4,4603,F1,1,,,,,,Cash Only,Construction Materials,True,334.99999999999994,335.17499999999995,334.82499999999993,335.17499999999995,334.82499999999993,0.35000000000002274,0.10458688181683035,Narrow,Bearish,Below CPR,False,True,0.2,60,47148052.7,Lower,True,Risk Off,True,7.889285714285705,378.254,384.98800000000006,0.04436396559529492,0.44144301213101844,False,False,No setup,Neutral,0,Not applicable,No directional setup; confirmation score not applicable.,Narrow CPR,Not applicable,Not applicable,Narrow CPR; Wide CPR rules not applied,0,0,0,0
2026-09-16,2026-09-16,CM,NSE,STK,25270,INE377Y01014,BAJAJHFL,EQ,,,,,BAJAJ HOUSING FINANCE LTD,83.78,83.78,82.4,82.96,83.0,84.0,,82.96,,,2504935,207882413.79,24697,F1,1,,,,,,Cash Only,Financial Services,True,83.04666666666667,83.09,83.00333333333333,83.09,83.00333333333333,0.08666666666667311,0.10446801671489044,Narrow,Bearish,Below CPR,False,True,0.26666666666666666,60,229286782.7,Lower,True,Risk Off,False,1.5257142857142847,85.21439999999998,85.6093,0.05680399500624646,0.9066480472273643,False,False,No setup,Neutral,0,Not applicable,No directional setup; confirmation score not applicable.,Narrow CPR,Not applicable,Not applicable,Narrow CPR; Wide CPR rules not applied,0,0,0,0
2026-09-16,2026-09-16,CM,NSE,STK,19525,INE886A01014,IITL,EQ,,,,,INDUSTRIAL INV TRUST LTD,146.5,152.0,144.0,147.77,146.05,148.84,,147.76,,,197944,28996351.15,981,F1,1,,,,,,Cash Only,Unclassified,False,147.92333333333332,148.0,147.84666666666664,148.0,147.84666666666664,0.1533333333333644,0.10376485980467239,Narrow,Bearish,Below CPR,False,True,0.13333333333333333,60,14092249.165,Lower,True,Risk Off,True,9.130714285714289,142.2038,145.41,0.016793136718040374,2.057609882602441,True,True,No setup,Neutral,0,Not applicable,No directional setup; confirmation score not applicable.,Narrow CPR,Not applicable,Not applicable,Narrow CPR; Wide CPR rules not applied,0,0,0,0
2026-09-16,2026-09-16,CM,NSE,STK,25328,INE901L01018,APLLTD,EQ,,,,,ALEMBIC PHARMA LTD,817.3,839.95,813.2,825.3,827.0,824.75,,825.29,,,136463,112957288.55,12534,F1,1,,,,,,Cash Only,Unclassified,False,826.15,826.575,825.7249999999999,826.575,825.7249999999999,0.8500000000001364,0.10299285108447066,Narrow,Bearish,Below CPR,False,True,0.13333333333333333,60,79428533.07499999,Higher,True,Risk Off,True,25.996428571428574,820.7460000000001,792.8710000000001,0.03269679901085838,1.4221248231204353,True,True,No setup,Neutral,0,Not applicable,No directional setup; confirmation score not applicable.,Narrow CPR,Not applicable,Not applicable,Narrow CPR; Wide CPR rules not applied,0,0,0,0
2026-09-16,2026-09-16,CM,NSE,STK,2972,INE142Z01019,ORIENTELEC,EQ,,,,,ORIENT ELECTRIC LIMITED,168.2,171.32,166.0,168.4,168.0,169.17,,168.4,,,119138,19983208.66,4066,F1,1,,,,,,Cash Only,Unclassified,False,168.57333333333335,168.66,168.4866666666667,168.66,168.4866666666667,0.17333333333328937,0.10292953285824785,Narrow,Bearish,Below CPR,False,True,0.2,60,29771441.16,Lower,True,Risk Off,True,5.07714285714286,178.232,180.6063,0.03413993622208849,0.6712207364300802,False,False,No setup,Neutral,0,Not applicable,No directional setup; confirmation score not applicable.,Narrow CPR,Not applicable,Not applicable,Narrow CPR; Wide CPR rules not applied,0,0,0,0
2026-09-16,2026-09-16,CM,NSE,STK,2202,INE831A01028,ONIDA,EQ,,,,,ONIDA ELECTRONICS LIMITED,33.0,33.85,32.35,33.05,32.6,33.33,,33.05,,,264250,8732782.01,2428,F1,1,,,,,,Cash Only,Unclassified,False,33.083333333333336,33.1,33.06666666666667,33.1,33.06666666666667,0.03333333333333144,0.10085728693897562,Narrow,Bearish,Below CPR,False,True,0.07692307692307693,26,12627708.73,Inside,True,Risk Off,True,1.3735714285714287,,,0.024267637372160172,0.6915571301746362,False,False,No setup,Neutral,0,Not applicable,No directional setup; confirmation score not applicable.,Narrow CPR,Not applicable,Not applicable,Narrow CPR; Wide CPR rules not applied,0,0,0,0
2026-09-16,2026-09-16,CM,NSE,STK,25574,INE908D01010,SHAKTIPUMP,EQ,,,,,SHAKTI PUMPS (I) LTD,472.15,474.2,455.0,463.9,462.55,474.2,,463.91,,,711934,329939011.6,33297,F1,1,,,,,,Cash Only,Unclassified,False,464.3666666666666,464.6,464.1333333333332,464.6,464.1333333333332,0.46666666666681067,0.10059639290079989,Narrow,Bearish,Below CPR,False,True,0.18333333333333332,60,204799084.65,Lower,True,Risk Off,True,15.703571428571426,513.2489999999999,528.4245000000001,0.029717231445691838,1.611037530582049,False,False,No setup,Neutral,0,Not applicable,No directional setup; confirmation score not applicable.,Narrow CPR,Not applicable,Not applicable,Narrow CPR; Wide CPR rules not applied,0,0,-2,-2
2026-09-16,2026-09-16,CM,NSE,STK,527,INE094J01016,UTIAMC,EQ,,,,,UTI ASSET MNGMT CO LTD,909.0,915.95,877.15,895.2,895.25,911.1,,895.2,,,111844,99883185.2,14535,F1,1,,,,,,Cash Only,Financial Services,True,896.1,896.55,895.6500000000001,896.55,895.6500000000001,0.8999999999998636,0.10053619302947538,Narrow,Bearish,Below CPR,False,True,0.26666666666666666,60,141080122.10000002,Lower,True,Risk Off,False,16.22857142857145,912.368,930.5395,0.05545774647886476,0.7079890753794577,False,False,No setup,Neutral,0,Not applicable,No directional setup; confirmation score not applicable.,Narrow CPR,Not applicable,Not applicable,Narrow CPR; Wide CPR rules not applied,0,0,0,0
2026-09-16,2026-09-16,CM,NSE,STK,24265,INE778B01029,ESTER,EQ,,,,,ESTER INDUSTRIES LTD,87.27,87.69,85.05,86.24,85.92,87.03,,86.22,,,40282,3475335.72,1217,F1,1,,,,,,Cash Only,Unclassified,False,86.32666666666667,86.37,86.28333333333333,86.37,86.28333333333333,0.08666666666667311,0.10049474335189368,Narrow,Bearish,Below CPR,False,True,0.08333333333333333,60,5216897.135,Lower,True,Risk Off,True,2.9449999999999994,91.7836,92.3668,0.029428409734014643,0.6661691097346124,False,False,No setup,Neutral,0,Not applicable,No directional setup; confirmation score not applicable.,Narrow CPR,Not applicable,Not applicable,Narrow CPR; Wide CPR rules not applied,0,0,0,0
2026-09-16,2026-09-16,CM,NSE,STK,16859,INE325D01025,SINDHUTRAD,EQ,,,,,SINDHU TRADE LINKS LTD,23.53,23.97,22.8,23.35,23.7,23.53,,23.36,,,608340,14191152.24,1288,F1,1,,,,,,Cash Only,Unclassified,False,23.373333333333335,23.384999999999998,23.36166666666667,23.384999999999998,23.36166666666667,0.023333333333326323,0.09992862241253242,Narrow,Bearish,Below CPR,False,True,0.1,60,20504172.555,Lower,True,Risk Off,True,1.0321428571428568,24.5996,24.762199999999996,0.022606689734710632,0.692110457124467,False,False,No setup,Neutral,0,Not applicable,No directional setup; confirmation score not applicable.,Narrow CPR,Not applicable,Not applicable,Narrow CPR; Wide CPR rules not applied,0,0,0,0
2026-09-16,2026-09-16,CM,NSE,STK,15073,INE139I01011,BVCL,EQ,,,,,BARAK VALLEY CEM. LTD.,41.44,41.54,40.0,40.71,40.38,40.8,,40.71,,,13663,556896.28,179,F1,1,,,,,,Cash Only,Unclassified,False,40.75,40.769999999999996,40.730000000000004,40.769999999999996,40.730000000000004,0.03999999999999204,0.09825595676735949,Narrow,Bearish,Below CPR,False,True,0.1,60,713201.47,Lower,True,Risk Off,True,2.427857142857143,41.93299999999999,42.353100000000005,0.016475433951158826,0.7808400619252791,False,False,No setup,Neutral,0,Not applicable,No directional setup; confirmation score not applicable.,Narrow CPR,Not applicable,Not applicable,Narrow CPR; Wide CPR rules not applied,0,0,0,0
2026-09-16,2026-09-16,CM,NSE,STK,13761,INE464A01036,BBL,EQ,,,,,BHARAT BIJLEE LTD,2181.0,2231.3,2131.5,2178.2,2155.0,2180.1,,2178.35,,,22867,49904613.1,3394,F1,1,,,,,,Cash Only,Unclassified,False,2180.3333333333335,2181.4,2179.266666666667,2181.4,2179.266666666667,2.133333333333212,0.09794019526825876,Narrow,Bearish,Below CPR,False,True,0.13333333333333333,60,61326880.65,Lower,True,Risk Off,True,62.97857142857141,2425.298,2616.754,0.033873955616042846,0.8137477819035298,False,False,No setup,Neutral,0,Not applicable,No directional setup; confirmation score not applicable.,Narrow CPR,Not applicable,Not applicable,Narrow CPR; Wide CPR rules not applied,0,0,0,0
2026-09-16,2026-09-16,CM,NSE,STK,21113,INE878K01010,BFINVEST,EQ,,,,,BF INVESTMENT LIMITED,431.0,439.8,425.55,432.05,433.5,435.5,,432.06,,,14710,6356225.25,1292,F1,1,,,,,,Cash Only,Unclassified,False,432.4666666666667,432.675,432.2583333333334,432.675,432.2583333333334,0.41666666666662877,0.09643945530994763,Narrow,Bearish,Below CPR,False,True,0.13333333333333333,60,14078125.6,Lower,True,Risk Off,True,15.47142857142856,460.173,445.362,0.026931363496458017,0.45149655789404236,False,False,No setup,Neutral,0,Not applicable,No directional setup; confirmation score not applicable.,Narrow CPR,Not applicable,Not applicable,Narrow CPR; Wide CPR rules not applied,0,0,0,0
2026-09-16,2026-09-16,CM,NSE,STK,18359,INE149K01016,SANDUMA,EQ,,,,,SANDUR MANG & IRON ORES L,182.34,183.49,178.2,180.6,180.79,181.98,,180.6,,,619561,112042757.26,14251,F1,1,,,,,,Cash Only,Unclassified,False,180.76333333333332,180.845,180.68166666666664,180.845,180.68166666666664,0.1633333333333553,0.09043927648580029,Narrow,Bearish,Below CPR,False,True,0.11666666666666667,60,119718027.14,Lower,True,Risk Off,True,5.89071428571429,200.954,209.65460000000002,0.027727254355122747,0.9358887707778176,False,False,No setup,Neutral,0,Not applicable,No directional setup; confirmation score not applicable.,Narrow CPR,Not applicable,Not applicable,Narrow CPR; Wide CPR rules not applied,0,0,0,0
2026-09-16,2026-09-16,CM,NSE,STK,2844,INE384A01010,RANEHOLDIN,EQ,,,,,RANE HOLDINGS LIMITED,1650.1,1662.4,1602.6,1630.3,1631.6,1669.0,,1630.3,,,7491,12138834.7,925,F1,1,,,,,,Cash Only,Unclassified,False,1631.7666666666667,1632.5,1631.0333333333333,1632.5,1631.0333333333333,1.466666666666697,0.08996299249627043,Narrow,Bearish,Below CPR,False,True,0.1,60,22372876.049999997,Lower,True,Risk Off,True,57.45714285714288,1700.5640000000003,1563.3180000000002,0.025526272169733653,0.5425692554176557,False,True,No setup,Neutral,0,Not applicable,No directional setup; confirmation score not applicable.,Narrow CPR,Not applicable,Not applicable,Narrow CPR; Wide CPR rules not applied,0,0,0,0
2026-09-16,2026-09-16,CM,NSE,STK,21001,INE608A01012,PSB,EQ,,,,,PUNJAB & SIND BANK,22.35,22.45,22.11,22.25,22.39,22.38,,22.25,,,895874,19975181.94,3007,F1,1,,,,,,Cash Only,Unclassified,False,22.27,22.28,22.259999999999998,22.28,22.259999999999998,0.020000000000003126,0.08988764044945226,Narrow,Bearish,Below CPR,False,True,0.21666666666666667,60,26129693.6,Lower,True,Risk Off,True,0.4207142857142855,23.6154,23.9939,0.04753820033956603,0.7644629227493123,False,False,No setup,Neutral,0,Not applicable,No directional setup; confirmation score not applicable.,Narrow CPR,Not applicable,Not applicable,Narrow CPR; Wide CPR rules not applied,0,0,0,0
2026-09-16,2026-09-16,CM,NSE,STK,14894,INE483A01010,CENTRALBK,EQ,,,,,CENTRAL BANK OF INDIA,30.5,30.67,30.19,30.39,30.44,30.46,,30.39,,,6327271,192733297.31,24324,F1,1,,,,,,Cash Only,Financial Services,True,30.416666666666668,30.43,30.403333333333336,30.43,30.403333333333336,0.02666666666666373,0.08774816277283229,Narrow,Bearish,Below CPR,False,True,0.2,60,195303648.195,Lower,True,Risk Off,True,0.4792857142857138,31.2054,32.14919999999999,0.05563835072031186,0.9868392070053211,False,False,No setup,Neutral,0,Not applicable,No directional setup; confirmation score not applicable.,Narrow CPR,Not applicable,Not applicable,Narrow CPR; Wide CPR rules not applied,0,0,0,0
2026-09-16,2026-09-16,CM,NSE,STK,762675,INE417D01020,FEDDERSHOL,EQ,,,,,FEDDERS HOLDING LTD.,49.5,52.25,49.5,50.81,50.9,49.14,,50.81,,,4985896,252342845.78,11826,F1,1,,,,,,Cash Only,Unclassified,False,50.85333333333333,50.875,50.83166666666666,50.875,50.83166666666666,0.043333333333336554,0.08528504887489972,Narrow,Bearish,Below CPR,False,True,0.08333333333333333,60,23994010.495,Higher,True,Risk Off,True,1.553571428571429,44.2914,40.0974,0.027892720306515476,10.516909869343625,True,True,No setup,Neutral,0,Not applicable,No directional setup; confirmation score not applicable.,Narrow CPR,Not applicable,Not applicable,Narrow CPR; Wide CPR rules not applied,0,0,0,0
2026-09-16,2026-09-16,CM,NSE,STK,759244,INE0YD401026,JAINREC,EQ,,,,,JAIN RESOURCE RECYCLING L,277.0,278.95,271.35,274.8,274.5,274.7,,274.79,,,477646,131445621.35,13157,F1,1,,,,,,Cash Only,Metals & Mining,True,275.0333333333333,275.15,274.91666666666663,275.15,274.91666666666663,0.2333333333333485,0.08491023774867121,Narrow,Bearish,Below CPR,False,True,0.08333333333333333,60,365901955.79999995,Lower,True,Risk Off,True,10.928571428571429,310.515,358.1365,0.0213507625272345,0.3592372745387769,False,False,No setup,Neutral,0,Not applicable,No directional setup; confirmation score not applicable.,Narrow CPR,Not applicable,Not applicable,Narrow CPR; Wide CPR rules not applied,0,0,0,0
2026-09-16,2026-09-16,CM,NSE,STK,760740,INE121R01077,AMAGI,EQ,,,,,AMAGI MEDIA LABS LIMITED,565.8,576.0,564.05,569.3,570.0,569.4,,569.28,,,270114,154148291.6,15798,F1,1,,,,,,Cash Only,Unclassified,False,569.7833333333333,570.025,569.5416666666666,570.025,569.5416666666666,0.4833333333333485,0.08489958428479685,Narrow,Bearish,Below CPR,False,True,0.08333333333333333,60,225118269.575,Lower,True,Risk Off,True,19.85357142857144,601.265,522.8915000000001,0.024344906158182678,0.684743587852803,False,True,No setup,Neutral,0,Not applicable,No directional setup; confirmation score not applicable.,Narrow CPR,Not applicable,Not applicable,Narrow CPR; Wide CPR rules not applied,0,0,0,0
2026-09-16,2026-09-16,CM,NSE,STK,628,INE486A01021,CESC,EQ,,,,,CESC LTD,142.0,143.0,140.7,141.67,141.9,141.7,,141.67,,,1662713,235507724.26,29890,F1,1,,,,,,Cash Only,Power,True,141.79,141.85,141.73,141.85,141.73,0.12000000000000455,0.08470388932025451,Narrow,Bearish,Below CPR,False,True,0.13333333333333333,60,203284915.255,Lower,True,Risk Off,True,4.097142857142854,158.2312,167.8259,0.029288702928871424,1.1585105759794316,False,False,No setup,Neutral,0,Not applicable,No directional setup; confirmation score not applicable.,Narrow CPR,Not applicable,Not applicable,Narrow CPR; Wide CPR rules not applied,0,0,0,0
2026-09-16,2026-09-16,CM,NSE,STK,10791,INE096B01018,NUCLEUS,EQ,,,,,NUCLEUS SOFTWARE EXPORTS,690.0,697.65,689.0,692.45,694.75,696.4,,692.45,,,9512,6586150.3,942,F1,1,,,,,,Cash Only,Unclassified,False,693.0333333333334,693.325,692.7416666666668,693.325,692.7416666666668,0.5833333333332575,0.08424194285988267,Narrow,Bearish,Below CPR,False,True,0.2,60,16191656.8,Lower,True,Risk Off,True,13.632142857142876,726.635,749.8095,0.042791022618106335,0.40676197509324674,False,False,No setup,Neutral,0,Not applicable,No directional setup; confirmation score not applicable.,Narrow CPR,Not applicable,Not applicable,Narrow CPR; Wide CPR rules not applied,0,0,0,0
2026-09-16,2026-09-16,CM,NSE,STK,11355,INE877F01012,PTC,EQ,,,,,PTC INDIA LIMITED,153.0,153.79,150.51,151.96,152.0,152.41,,151.96,,,1795094,273105848.91,23214,F1,1,,,,,,Cash Only,Unclassified,False,152.08666666666667,152.14999999999998,152.02333333333337,152.14999999999998,152.02333333333337,0.1266666666666083,0.08335526893038188,Narrow,Bearish,Below CPR,False,True,0.16666666666666666,60,150207784.95499998,Lower,True,Risk Off,True,3.1678571428571445,165.67919999999998,179.8225,0.03998496805710294,1.8181870466422128,False,False,No setup,Neutral,0,Not applicable,No directional setup; confirmation score not applicable.,Narrow CPR,Not applicable,Not applicable,Narrow CPR; Wide CPR rules not applied,0,0,0,0
2026-09-16,2026-09-16,CM,NSE,STK,1442,INE058A01010,SANOFI,EQ,,,,,SANOFI INDIA LIMITED,3131.0,3149.0,3081.0,3111.2,3125.3,3131.0,,3111.11,,,18139,56464176.8,3824,F1,1,,,,,,Cash Only,Unclassified,False,3113.7333333333336,3115.0,3112.466666666667,3115.0,3112.466666666667,2.5333333333328483,0.081426244964414,Narrow,Bearish,Below CPR,False,True,0.15,60,57681237.900000006,Lower,True,Risk Off,True,52.47857142857148,3279.75,3286.975,0.048273671793466505,0.9789002257179364,False,False,No setup,Neutral,0,Not applicable,No directional setup; confirmation score not applicable.,Narrow CPR,Not applicable,Not applicable,Narrow CPR; Wide CPR rules not applied,0,0,0,0
2026-09-16,2026-09-16,CM,NSE,STK,13966,INE292B01021,HBLENGINE,EQ,,,,,HBL ENGINEERING LTD,719.0,719.0,692.0,704.65,703.7,720.15,,704.63,,,831268,584096009.7,30898,F1,1,,,,,,Cash Only,Capital Goods,True,705.2166666666667,705.5,704.9333333333334,705.5,704.9333333333334,0.566666666666606,0.08041817450743008,Narrow,Bearish,Below CPR,False,True,0.11666666666666667,60,617478542.05,Lower,True,Risk Off,True,25.146428571428576,709.4940000000001,753.725,0.02253467783931965,0.9459373402042904,False,False,No setup,Neutral,0,Not applicable,No directional setup; confirmation score not applicable.,Narrow CPR,Not applicable,Not applicable,Narrow CPR; Wide CPR rules not applied,0,0,0,0
2026-09-16,2026-09-16,CM,NSE,STK,940,INE199A01012,PGHL,EQ,,,,,PROCTER & GAMBLE HEALTH L,5365.0,5568.0,5365.0,5460.0,5440.5,5408.0,,5460.0,,,13561,74610375.0,4710,F1,1,,,,,,Cash Only,Unclassified,False,5464.333333333333,5466.5,5462.166666666666,5466.5,5462.166666666666,4.33333333333394,0.07936507936509046,Narrow,Bearish,Below CPR,False,True,0.16666666666666666,60,66157238.0,Higher,True,Risk Off,True,123.89285714285714,6149.81,5987.115,0.03497645815317103,1.1277734266959574,False,False,No setup,Neutral,0,Not applicable,No directional setup; confirmation score not applicable.,Narrow CPR,Not applicable,Not applicable,Narrow CPR; Wide CPR rules not applied,0,0,0,0
2026-09-16,2026-09-16,CM,NSE,STK,11935,INE978G01016,SPLIL,EQ,,,,,SPL INDUSTRIES LIMITED,29.6,30.2,29.01,29.57,29.55,28.84,,29.43,,,7018,207582.84,59,F1,1,,,,,,Cash Only,Unclassified,False,29.593333333333334,29.605,29.581666666666667,29.605,29.581666666666667,0.023333333333333428,0.07890880396798589,Narrow,Bearish,Below CPR,False,True,0.1,60,230317.355,Inside,True,Risk Off,True,1.7771428571428571,31.3752,31.176099999999998,0.013129689174705306,0.9012904824302103,False,False,No setup,Neutral,0,Not applicable,No directional setup; confirmation score not applicable.,Narrow CPR,Not applicable,Not applicable,Narrow CPR; Wide CPR rules not applied,0,0,0,0
2026-09-16,2026-09-16,CM,NSE,STK,762909,INE997I01012,SHRIKRISH,EQ,,,,,SHRI KRISHNA DEVCON LTD.,34.23,34.23,33.85,34.0,34.0,34.22,,34.0,,,23,785.43,8,F1,1,,,,,,Cash Only,Unclassified,False,34.026666666666664,34.04,34.01333333333333,34.04,34.01333333333333,0.026666666666670835,0.07843137254903186,Narrow,Bearish,Below CPR,False,True,0.11666666666666667,60,29632.309999999998,Lower,True,Risk Off,True,3.014285714285714,39.760799999999996,,0.00884676145339791,0.02650586471321338,False,False,No setup,Neutral,0,Not applicable,No directional setup; confirmation score not applicable.,Narrow CPR,Not applicable,Not applicable,Narrow CPR; Wide CPR rules not applied,0,0,0,0
2026-09-16,2026-09-16,CM,NSE,STK,11796,INE05X901010,HPIL,EQ,,,,,HINDPRAKASH INDUSTRY LTD,120.51,120.51,119.77,120.0,120.0,119.77,,120.0,,,417,50081.47,25,F1,1,,,,,,Cash Only,Unclassified,False,120.09333333333332,120.14,120.04666666666664,120.14,120.04666666666664,0.09333333333336213,0.07777777777780177,Narrow,Bearish,Below CPR,False,True,0.06666666666666667,60,78392.305,Lower,True,Risk Off,True,4.307857142857143,124.78900000000002,127.77390000000001,0.021665837616764546,0.6388569643410792,False,False,No setup,Neutral,0,Not applicable,No directional setup; confirmation score not applicable.,Narrow CPR,Not applicable,Not applicable,Narrow CPR; Wide CPR rules not applied,0,0,0,0
2026-09-16,2026-09-16,CM,NSE,STK,9219,INE413G01022,TPLPLASTEH,EQ,,,,,TPL PLASTECH LIMITED,64.38,65.99,63.42,64.63,64.0,65.27,,64.64,,,147167,9527161.64,1827,F1,1,,,,,,Cash Only,Unclassified,False,64.67999999999999,64.705,64.65499999999999,64.705,64.65499999999999,0.05000000000001137,0.07736345350458204,Narrow,Bearish,Below CPR,False,True,0.1,60,9943337.915,Lower,True,Risk Off,True,3.0828571428571427,76.6384,72.4654,0.016218721038001836,0.9581452145589685,False,False,No setup,Neutral,0,Not applicable,No directional setup; confirmation score not applicable.,Narrow CPR,Not applicable,Not applicable,Narrow CPR; Wide CPR rules not applied,0,0,0,0
2026-09-16,2026-09-16,CM,NSE,STK,24190,INE225D01027,SYMPHONY,EQ,,,,,SYMPHONY LIMITED,573.7,579.4,562.1,570.1,570.0,573.7,,570.1,,,57599,32908200.3,3577,F1,1,,,,,,Cash Only,Unclassified,False,570.5333333333333,570.75,570.3166666666666,570.75,570.3166666666666,0.43333333333339397,0.07601005671520679,Narrow,Bearish,Below CPR,False,True,0.13333333333333333,60,43297107.5,Lower,True,Risk Off,True,19.857142857142865,642.134,685.4184999999999,0.021822541966429902,0.7600553986198731,False,False,No setup,Neutral,0,Not applicable,No directional setup; confirmation score not applicable.,Narrow CPR,Not applicable,Not applicable,Narrow CPR; Wide CPR rules not applied,0,0,0,0
2026-09-16,2026-09-16,CM,NSE,STK,5359,INE08LI01020,KRSNAA,EQ,,,,,KRSNAA DIAGNOSTICS LTD,540.0,549.0,525.0,536.4,549.0,541.65,,536.4,,,42893,22900474.75,4631,F1,1,,,,,,Cash Only,Unclassified,False,536.8000000000001,537.0,536.6000000000001,537.0,536.6000000000001,0.3999999999998636,0.0745712155107874,Narrow,Bearish,Below CPR,False,True,0.1,60,26228393.875,Lower,True,Risk Off,True,15.907142857142853,552.4209999999999,555.9259999999999,0.025145936237081685,0.873117692952901,False,False,No setup,Neutral,0,Not applicable,No directional setup; confirmation score not applicable.,Narrow CPR,Not applicable,Not applicable,Narrow CPR; Wide CPR rules not applied,0,0,0,0
2026-09-16,2026-09-16,CM,NSE,STK,18581,INE732A01036,KIRLOSBROS,EQ,,,,,KIRLOSKAR BROTHERS LTD,1735.0,1755.0,1698.2,1724.7,1711.0,1728.0,,1724.8,,,31065,53653440.4,6090,F1,1,,,,,,Cash Only,Unclassified,False,1725.9666666666665,1726.6,1725.333333333333,1726.6,1725.333333333333,1.2666666666668789,0.07344272433854461,Narrow,Bearish,Below CPR,False,True,0.11666666666666667,60,119427692.45,Lower,True,Risk Off,True,42.392857142857146,1885.28,1818.764,0.029879247402420057,0.4492546016700668,False,False,No setup,Neutral,0,Not applicable,No directional setup; confirmation score not applicable.,Narrow CPR,Not applicable,Not applicable,Narrow CPR; Wide CPR rules not applied,0,0,0,0
2026-09-16,2026-09-16,CM,NSE,STK,2004,INE00PV01013,AHLADA,EQ,,,,,AHLADA ENGINEERS LIMITED,35.89,40.5,32.7,36.56,36.8,34.99,,36.56,,,45748,1605476.72,389,F1,1,,,,,,Cash Only,Unclassified,False,36.586666666666666,36.6,36.57333333333333,36.6,36.57333333333333,0.026666666666670835,0.07293946024800556,Narrow,Bearish,Below CPR,False,True,0.08333333333333333,60,352548.655,Higher,True,Risk Off,True,2.1492857142857136,37.7248,39.545100000000005,0.01240722277611804,4.553915317021986,False,False,No setup,Neutral,0,Not applicable,No directional setup; confirmation score not applicable.,Narrow CPR,Not applicable,Not applicable,Narrow CPR; Wide CPR rules not applied,0,0,0,0
2026-09-16,2026-09-16,CM,NSE,STK,20302,INE811K01011,PRESTIGE,EQ,,,,,PRESTIGE ESTATE LTD,1418.9,1442.0,1409.1,1424.0,1424.0,1417.0,,1424.01,,,498204,713020332.3,35315,F1,1,,,,,,F&O + Cash,Realty,True,1425.0333333333335,1425.55,1424.516666666667,1425.55,1424.516666666667,1.0333333333328483,0.07256554307112699,Narrow,Bearish,Below CPR,False,True,0.08333333333333333,60,1048522510.3,Lower,True,Risk Off,True,56.15714285714288,1610.65,1529.2890000000002,0.018400746205367427,0.6800238671995633,False,False,No setup,Neutral,0,Not applicable,No directional setup; confirmation score not applicable.,Narrow CPR,Not applicable,Not applicable,Narrow CPR; Wide CPR rules not applied,0,0,0,0
2026-09-16,2026-09-16,CM,NSE,STK,14299,INE134E01011,PFC,EQ,,,,,POWER FIN CORP LTD.,344.0,349.1,343.65,346.0,346.0,344.0,,346.01,,,6079360,2110447394.55,47284,F1,1,,,,,,F&O + Cash,Financial Services,True,346.25,346.375,346.125,346.375,346.125,0.25,0.0722543352601156,Narrow,Bearish,Below CPR,False,True,0.11666666666666667,60,2499385352.575,Inside,True,Risk Off,True,8.360714285714282,385.10900000000004,410.93699999999995,0.02990175138829561,0.8443865578293899,False,False,No setup,Neutral,0,Not applicable,No directional setup; confirmation score not applicable.,Narrow CPR,Not applicable,Not applicable,Narrow CPR; Wide CPR rules not applied,0,0,0,0
2026-09-16,2026-09-16,CM,NSE,STK,11798,INE835G01018,ALLDIGI,EQ,,,,,ALLDIGI TECH LIMITED,803.5,803.5,783.2,792.5,800.0,799.5,,792.84,,,2974,2349201.8,694,F1,1,,,,,,Cash Only,Unclassified,False,793.0666666666666,793.35,792.7833333333332,793.35,792.7833333333332,0.5666666666668334,0.07150368033650895,Narrow,Bearish,Below CPR,False,True,0.18333333333333332,60,5101935.425000001,Lower,True,Risk Off,True,16.457142857142863,816.128,818.0040000000001,0.03443287037038049,0.460453064240812,False,False,No setup,Neutral,0,Not applicable,No directional setup; confirmation score not applicable.,Narrow CPR,Not applicable,Not applicable,Narrow CPR; Wide CPR rules not applied,0,0,0,0
2026-09-16,2026-09-16,CM,NSE,STK,761581,INE05HV01027,CMPDI,EQ,,,,,CENTRAL MINE P N D INST L,204.0,207.98,199.99,203.77,204.5,203.74,,203.76,,,1289252,263237534.47,19569,F1,1,,,,,,Cash Only,Unclassified,False,203.91333333333333,203.985,203.84166666666664,203.985,203.84166666666664,0.1433333333333735,0.07034074364890489,Narrow,Bearish,Below CPR,False,True,0.06666666666666667,60,493521044.895,Lower,True,Risk Off,True,9.73428571428572,242.1366,237.7358,0.014724586635362693,0.5333866451956585,False,False,No setup,Neutral,0,Not applicable,No directional setup; confirmation score not applicable.,Narrow CPR,Not applicable,Not applicable,Narrow CPR; Wide CPR rules not applied,0,0,0,0
2026-09-16,2026-09-16,CM,NSE,STK,383,INE263A01024,BEL,EQ,,,,,BHARAT ELECTRONICS LTD,384.05,390.2,382.1,385.75,385.75,382.9,,385.76,,,10138395,3923638955.35,115448,F1,1,,,,,,F&O + Cash,Capital Goods,True,386.01666666666665,386.15,385.8833333333333,386.15,385.8833333333333,0.2666666666666515,0.06912940159861349,Narrow,Bearish,Below CPR,False,True,0.25,60,3929746196.45,Lower,True,Risk Off,True,7.935714285714283,404.65700000000004,412.666,0.0336033603360317,0.9984458942652539,False,False,No setup,Neutral,0,Not applicable,No directional setup; confirmation score not applicable.,Narrow CPR,Not applicable,Not applicable,Narrow CPR; Wide CPR rules not applied,0,0,0,0
2026-09-16,2026-09-16,CM,NSE,STK,18110,INE893I01013,VASCONEQ,EQ,,,,,VASCON ENGINEERS LTD,29.0,30.95,28.25,29.57,30.5,29.1,,29.57,,,259421,7502443.56,1256,F1,1,,,,,,Cash Only,Unclassified,False,29.590000000000003,29.6,29.580000000000005,29.6,29.580000000000005,0.01999999999999602,0.06763611768683132,Narrow,Bearish,Below CPR,False,True,0.13333333333333333,60,31646879.41,Inside,True,Risk Off,True,1.060714285714285,33.3018,35.9962,0.018855218855215114,0.2370674044288021,False,False,No setup,Neutral,0,Not applicable,No directional setup; confirmation score not applicable.,Narrow CPR,Not applicable,Not applicable,Narrow CPR; Wide CPR rules not applied,0,0,0,0
2026-09-16,2026-09-16,CM,NSE,STK,22717,INE010601016,ENTERO,EQ,,,,,ENTERO HEALTHCARE SOLU L,1785.1,1800.3,1666.8,1731.8,1735.4,1802.1,,1731.73,,,236406,406235217.4,28786,F1,1,,,,,,Cash Only,Unclassified,False,1732.9666666666665,1733.55,1732.383333333333,1733.55,1732.383333333333,1.1666666666669698,0.06736728644571947,Narrow,Bearish,Below CPR,False,True,0.05,60,121661734.4,Lower,True,Risk Off,True,83.1714285714286,1448.81,1318.0220000000002,0.014027252948589463,3.3390549576120456,True,True,No setup,Neutral,0,Not applicable,No directional setup; confirmation score not applicable.,Narrow CPR,Not applicable,Not applicable,Narrow CPR; Wide CPR rules not applied,0,0,0,0
2026-09-16,2026-09-16,CM,NSE,STK,9288,INE00Z501029,KRITIKA,EQ,,,,,KRITIKA WIRES LIMITED,5.22,5.35,5.0,5.17,5.19,5.24,,5.17,,,114539,591353.45,477,F1,1,,,,,,Cash Only,Unclassified,False,5.173333333333333,5.175,5.171666666666666,5.175,5.171666666666666,0.0033333333333338544,0.06447453255964902,Narrow,Bearish,Below CPR,False,True,0.15,60,596814.6799999999,Lower,True,Risk Off,True,0.21928571428571425,5.5522,5.8148,0.015200868621066439,0.9908493705282183,False,False,No setup,Neutral,0,Not applicable,No directional setup; confirmation score not applicable.,Narrow CPR,Not applicable,Not applicable,Narrow CPR; Wide CPR rules not applied,0,0,0,0
2026-09-16,2026-09-16,CM,NSE,STK,8110,INE699H01024,AWL,EQ,,,,,AWL AGRI BUSINESS LIMITED,183.15,183.76,180.47,181.94,181.15,183.14,,181.94,,,844193,153873905.68,23993,F1,1,,,,,,Cash Only,Fast Moving Consumer Goods,True,182.0566666666667,182.115,181.9983333333334,182.115,181.9983333333334,0.1166666666666174,0.06412370378510356,Narrow,Bearish,Below CPR,False,True,0.06666666666666667,60,407006607.645,Lower,True,Risk Off,True,4.181428571428571,190.524,192.16219999999998,0.02790115021067038,0.37806242648083044,False,False,No setup,Neutral,0,Not applicable,No directional setup; confirmation score not applicable.,Narrow CPR,Not applicable,Not applicable,Narrow CPR; Wide CPR rules not applied,0,0,0,0
2026-09-16,2026-09-16,CM,NSE,STK,338,INE164A01016,BALMLAWRIE,EQ,,,,,BALMER LAWRIE & CO LTD,162.67,163.81,160.7,162.1,162.6,164.24,,162.11,,,158413,25640370.25,3203,F1,1,,,,,,Cash Only,Unclassified,False,162.20333333333335,162.255,162.1516666666667,162.255,162.1516666666667,0.1033333333332962,0.06374665844126848,Narrow,Bearish,Below CPR,False,True,0.2,60,18061668.16,Lower,True,Risk Off,True,3.7242857142857155,175.3192,179.40759999999997,0.02774581255592916,1.419601446713768,False,False,No setup,Neutral,0,Not applicable,No directional setup; confirmation score not applicable.,Narrow CPR,Not applicable,Not applicable,Narrow CPR; Wide CPR rules not applied,0,0,0,0
2026-09-16,2026-09-16,CM,NSE,STK,10700,INE130B01031,SURANAT&P,EQ,,,,,SURANA TELECOM AND POW LT,15.81,16.0,15.75,15.86,15.88,15.81,,15.86,,,29453,466594.19,264,F1,1,,,,,,Cash Only,Unclassified,False,15.87,15.875,15.864999999999998,15.875,15.864999999999998,0.010000000000001563,0.06305170239597455,Narrow,Bearish,Below CPR,False,True,0.13333333333333333,60,868419.19,Lower,True,Risk Off,True,0.6035714285714281,17.104,17.8973,0.01656804733728071,0.5372914318026528,False,False,No setup,Neutral,0,Not applicable,No directional setup; confirmation score not applicable.,Narrow CPR,Not applicable,Not applicable,Narrow CPR; Wide CPR rules not applied,0,0,0,0
2026-09-16,2026-09-16,CM,NSE,STK,6543,INE137I01015,GRPLTD,EQ,,,,,GRP LIMITED,2046.2,2046.2,1916.1,1979.3,2000.0,2046.2,,1963.14,,,2182,4286124.7,372,F1,1,,,,,,Cash Only,Unclassified,False,1980.5333333333335,1981.15,1979.916666666667,1981.15,1979.916666666667,1.2333333333331211,0.06231159164013141,Narrow,Bearish,Below CPR,False,True,0.03333333333333333,60,3000827.75,Lower,True,Risk Off,True,75.1714285714286,1978.7620000000002,1892.014,0.01640694286075987,1.4283141376575181,True,True,No setup,Neutral,0,Not applicable,No directional setup; confirmation score not applicable.,Narrow CPR,Not applicable,Not applicable,Narrow CPR; Wide CPR rules not applied,0,0,0,0
2026-09-16,2026-09-16,CM,NSE,STK,28847,INE781S01027,VENTIVE,EQ,,,,,VENTIVE HOSPITALITY LTD,558.2,572.95,558.2,565.05,569.0,563.15,,565.05,,,29156,16420180.75,1231,F1,1,,,,,,Cash Only,Unclassified,False,565.4,565.575,565.2249999999999,565.575,565.2249999999999,0.3500000000001364,0.06194142111319998,Narrow,Bearish,Below CPR,False,True,0.08333333333333333,60,11424743.8,Lower,True,Risk Off,True,17.360714285714305,599.665,618.1655000000001,0.020160460810540647,1.4372471748556845,False,False,No setup,Neutral,0,Not applicable,No directional setup; confirmation score not applicable.,Narrow CPR,Not applicable,Not applicable,Narrow CPR; Wide CPR rules not applied,0,0,-2,-2
2026-09-16,2026-09-16,CM,NSE,STK,13643,INE205B01031,ELECON,EQ,,,,,ELECON ENG. CO. LTD,413.0,413.05,402.4,407.35,407.0,413.5,,407.34,,,162968,66345992.25,10123,F1,1,,,,,,Cash Only,Capital Goods,True,407.6000000000001,407.725,407.47500000000014,407.725,407.47500000000014,0.2499999999998863,0.06137228427639285,Narrow,Bearish,Below CPR,False,True,0.03333333333333333,60,153072142.375,Lower,True,Risk Off,True,12.896428571428572,439.292,481.13599999999997,0.019385211852663575,0.43342956608958877,False,False,No setup,Neutral,0,Not applicable,No directional setup; confirmation score not applicable.,Narrow CPR,Not applicable,Not applicable,Narrow CPR; Wide CPR rules not applied,0,0,0,0
2026-09-16,2026-09-16,CM,NSE,STK,18921,INE200M01039,VBL,EQ,,,,,VARUN BEVERAGES LIMITED,408.9,414.4,407.15,410.4,410.4,409.6,,410.18,,,3489901,1436615421.3,37693,F1,1,,,,,,F&O + Cash,Fast Moving Consumer Goods,True,410.6499999999999,410.775,410.52499999999986,410.775,410.52499999999986,0.2500000000001137,0.06091617933725968,Narrow,Bearish,Below CPR,False,True,0.11666666666666667,60,2237128364.925,Lower,True,Risk Off,True,9.649999999999997,438.18799999999993,477.5225,0.025906735751307128,0.6421694185385569,False,False,No setup,Neutral,0,Not applicable,No directional setup; confirmation score not applicable.,Narrow CPR,Not applicable,Not applicable,Narrow CPR; Wide CPR rules not applied,0,0,0,0
2026-09-16,2026-09-16,CM,NSE,STK,3099,INE232A01011,SHREDIGCEM,EQ,,,,,SHREE DIGVIJAY CEM CO LTD,66.0,67.5,65.0,66.19,66.8,65.87,,66.19,,,85455,5649560.58,1320,F1,1,,,,,,Cash Only,Unclassified,False,66.23,66.25,66.21000000000001,66.25,66.21000000000001,0.03999999999999204,0.060432089439480356,Narrow,Bearish,Below CPR,False,True,0.05,60,6243005.195,Lower,True,Risk Off,True,3.5100000000000002,72.6798,73.12310000000001,0.011396011396009128,0.9049424761851411,False,False,No setup,Neutral,0,Not applicable,No directional setup; confirmation score not applicable.,Narrow CPR,Not applicable,Not applicable,Narrow CPR; Wide CPR rules not applied,0,0,0,0
2026-09-16,2026-09-16,CM,NSE,STK,765090,INE398L01017,KANCOTEA,EQ,,,,,KANCO TEA & INDS. LTD.,55.4,55.4,55.3,55.3,55.3,56.8,,55.3,,,11,608.85,3,F1,1,,,,,,Cash Only,Unclassified,False,55.333333333333336,55.349999999999994,55.31666666666668,55.349999999999994,55.31666666666668,0.03333333333331723,0.060277275467119765,Narrow,Bearish,Below CPR,False,True,0.13636363636363635,22,11700.175,Inside,True,Risk Off,True,2.894999999999999,,,0.011514104778347923,0.0520376831970462,False,False,No setup,Neutral,0,Not applicable,No directional setup; confirmation score not applicable.,Narrow CPR,Not applicable,Not applicable,Narrow CPR; Wide CPR rules not applied,0,0,0,0
2026-09-16,2026-09-16,CM,NSE,STK,20261,INE202E01016,IREDA,EQ,,,,,INDIAN RENEWABLE ENERGY,109.0,109.59,107.4,108.4,108.4,109.0,,108.4,,,3083062,334396517.89,25343,F1,1,,,,,,F&O + Cash,Financial Services,True,108.46333333333332,108.495,108.43166666666664,108.495,108.43166666666664,0.063333333333361,0.05842558425586808,Narrow,Bearish,Below CPR,False,True,0.11666666666666667,60,441241398.82,Lower,True,Risk Off,True,2.124285714285714,117.8708,123.18540000000002,0.029813943062106725,0.7578539066920457,False,False,No setup,Neutral,0,Not applicable,No directional setup; confirmation score not applicable.,Narrow CPR,Not applicable,Not applicable,Narrow CPR; Wide CPR rules not applied,0,0,-2,-2
2026-09-16,2026-09-16,CM,NSE,STK,14329,INE812G01025,SMSPHARMA,EQ,,,,,SMS PHARMACEUTICALS LTD.,410.2,413.35,393.25,402.95,402.15,410.15,,403.03,,,802591,322641050.75,23718,F1,1,,,,,,Cash Only,Unclassified,False,403.18333333333334,403.3,403.06666666666666,403.3,403.06666666666666,0.2333333333333485,0.057906274558468425,Narrow,Bearish,Below CPR,False,True,0.08333333333333333,60,65168304.625,Lower,True,Risk Off,True,26.43214285714285,380.945,386.369,0.00882763590505845,4.950889126341147,True,True,No setup,Neutral,0,Not applicable,No directional setup; confirmation score not applicable.,Narrow CPR,Not applicable,Not applicable,Narrow CPR; Wide CPR rules not applied,0,0,0,0
2026-09-16,2026-09-16,CM,NSE,STK,9552,INE415G01027,RVNL,EQ,,,,,RAIL VIKAS NIGAM LIMITED,199.05,200.19,195.15,197.5,197.5,199.0,,197.44,,,4733889,934296809.23,48301,F1,1,,,,,,F&O + Cash,Construction,True,197.61333333333334,197.67000000000002,197.55666666666667,197.67000000000002,197.55666666666667,0.11333333333334394,0.05738396624473111,Narrow,Bearish,Below CPR,False,True,0.1,60,882238617.265,Lower,True,Risk Off,True,5.141428571428567,221.4232,241.0255,0.022043160137077196,1.0590069295837263,False,False,No setup,Neutral,0,Not applicable,No directional setup; confirmation score not applicable.,Narrow CPR,Not applicable,Not applicable,Narrow CPR; Wide CPR rules not applied,0,0,0,0
2026-09-16,2026-09-16,CM,NSE,STK,13592,INE596H01014,HGM,EQ,,,,,HANDSON GBL MNGMNT LTD,46.79,47.5,46.2,46.81,46.81,46.77,,46.81,,,2412,112505.45,64,F1,1,,,,,,Cash Only,Unclassified,False,46.836666666666666,46.85,46.82333333333333,46.85,46.82333333333333,0.026666666666670835,0.05696788435520366,Narrow,Bearish,Below CPR,False,True,0.08333333333333333,60,162158.665,Lower,True,Risk Off,True,3.619285714285715,48.26520000000001,52.3177,0.007367936319980099,0.6937985706776755,False,False,No setup,Neutral,0,Not applicable,No directional setup; confirmation score not applicable.,Narrow CPR,Not applicable,Not applicable,Narrow CPR; Wide CPR rules not applied,0,0,0,0
2026-09-16,2026-09-16,CM,NSE,STK,20372,INE00Y201027,FLAIR,EQ,,,,,FLAIR WRITING INDUST LTD,234.1,236.17,228.0,231.89,231.2,233.73,,231.91,,,67634,15708265.84,1951,F1,1,,,,,,Cash Only,Unclassified,False,232.01999999999998,232.08499999999998,231.95499999999998,232.08499999999998,231.95499999999998,0.12999999999999545,0.05606106343524752,Narrow,Bearish,Below CPR,False,True,0.13333333333333333,60,23722964.655,Lower,True,Risk Off,True,6.877857142857143,250.6084,273.8807,0.018901235850035687,0.6621544173944224,False,False,No setup,Neutral,0,Not applicable,No directional setup; confirmation score not applicable.,Narrow CPR,Not applicable,Not applicable,Narrow CPR; Wide CPR rules not applied,0,0,0,0
2026-09-16,2026-09-16,CM,NSE,STK,2643,INE182A01018,PFIZER,EQ,,,,,PFIZER LTD,4052.0,4080.0,3955.5,4014.4,4011.0,4041.6,,4014.39,,,37281,149874924.0,8763,F1,1,,,,,,Cash Only,Healthcare,True,4016.633333333333,4017.75,4015.5166666666664,4017.75,4015.5166666666664,2.233333333333576,0.05563305433772359,Narrow,Bearish,Below CPR,False,True,0.13333333333333333,60,129155560.0,Lower,True,Risk Off,True,102.10714285714289,4681.534,4647.541,0.021872449574445646,1.1604217735574063,False,False,No setup,Neutral,0,Not applicable,No directional setup; confirmation score not applicable.,Narrow CPR,Not applicable,Not applicable,Narrow CPR; Wide CPR rules not applied,0,0,0,0
2026-09-16,2026-09-16,CM,NSE,STK,4204,INE775A01035,MOTHERSON,EQ,,,,,SAMVRDHNA MTHRSN INTL LTD,157.19,160.4,156.4,158.27,158.27,158.15,,158.27,,,8769455,1393620424.63,88939,F1,1,,,,,,F&O + Cash,Automobile and Auto Components,True,158.35666666666668,158.4,158.31333333333336,158.4,158.31333333333336,0.08666666666664469,0.054758745603490665,Narrow,Bearish,Below CPR,False,True,0.06666666666666667,60,2086914413.55,Lower,True,Risk Off,True,4.297857142857142,157.363,147.5927,0.020165087806764598,0.6677899273594771,True,True,No setup,Neutral,0,Not applicable,No directional setup; confirmation score not applicable.,Narrow CPR,Not applicable,Not applicable,Narrow CPR; Wide CPR rules not applied,0,0,0,0
2026-09-16,2026-09-16,CM,NSE,STK,7936,INE871C01038,AVANTIFEED,EQ,,,,,AVANTI FEEDS LIMITED,774.15,782.2,759.75,770.35,769.15,771.95,,770.31,,,188352,144820754.5,15790,F1,1,,,,,,Cash Only,Unclassified,False,770.7666666666668,770.975,770.5583333333335,770.975,770.5583333333335,0.4166666666665151,0.05408796867222887,Narrow,Bearish,Below CPR,False,True,0.05,60,324241130.79999995,Lower,True,Risk Off,True,27.23214285714285,887.477,1030.2455,0.015300546448081868,0.4466452301800325,False,False,No setup,Neutral,0,Not applicable,No directional setup; confirmation score not applicable.,Narrow CPR,Not applicable,Not applicable,Narrow CPR; Wide CPR rules not applied,0,0,0,0
2026-09-16,2026-09-16,CM,NSE,STK,19955,INE866K01023,WAAREEINDO,EQ,,,,,INDOSOLAR LIMITED,251.85,253.2,241.1,246.95,247.0,249.4,,246.81,,,74425,18323791.9,2168,F1,1,,,,,,Cash Only,Unclassified,False,247.08333333333334,247.14999999999998,247.0166666666667,247.14999999999998,247.0166666666667,0.1333333333332689,0.05399203617463815,Narrow,Bearish,Below CPR,False,True,0.06666666666666667,60,18865626.8,Lower,True,Risk Off,True,10.842857142857136,313.157,,0.01229688186209332,0.9712792526988818,False,False,No setup,Neutral,0,Not applicable,No directional setup; confirmation score not applicable.,Narrow CPR,Not applicable,Not applicable,Narrow CPR; Wide CPR rules not applied,0,0,0,0
2026-09-16,2026-09-16,CM,NSE,STK,27008,INE750M01017,HEXATRADEX,EQ,,,,,HEXA TRADEX LIMITED,158.99,158.99,154.0,156.37,157.0,156.06,,156.37,,,1415,222256.65,77,F1,1,,,,,,Cash Only,Unclassified,False,156.45333333333335,156.495,156.4116666666667,156.495,156.4116666666667,0.08333333333331439,0.05329240476646056,Narrow,Bearish,Below CPR,False,True,0.06666666666666667,60,312428.65,Overlapping,True,Risk Off,True,3.855,158.5024,160.9934,0.02161694768698168,0.7113837031270979,False,False,No setup,Neutral,0,Not applicable,No directional setup; confirmation score not applicable.,Narrow CPR,Not applicable,Not applicable,Narrow CPR; Wide CPR rules not applied,0,0,0,0
2026-09-16,2026-09-16,CM,NSE,STK,4986,INE962Y01021,IRCON,EQ,,,,,IRCON INTERNATIONAL LTD,109.5,109.65,107.54,108.51,108.41,109.42,,108.51,,,1405153,152611469.14,26627,F1,1,,,,,,Cash Only,Construction,True,108.56666666666666,108.595,108.53833333333333,108.595,108.53833333333333,0.05666666666667197,0.05222252941357661,Narrow,Bearish,Below CPR,False,True,0.08333333333333333,60,152514512.55,Lower,True,Risk Off,True,2.864285714285716,124.603,133.0035,0.019783873649212146,1.000635720420168,False,False,No setup,Neutral,0,Not applicable,No directional setup; confirmation score not applicable.,Narrow CPR,Not applicable,Not applicable,Narrow CPR; Wide CPR rules not applied,0,0,0,0
2026-09-16,2026-09-16,CM,NSE,STK,25597,INE939X01013,MANBA,EQ,,,,,MANBA FINANCE LIMITED,133.76,135.99,125.55,130.67,131.0,133.87,,130.68,,,93447,12258988.06,1285,F1,1,,,,,,Cash Only,Unclassified,False,130.73666666666668,130.77,130.70333333333335,130.77,130.70333333333335,0.06666666666666288,0.051019106655439565,Narrow,Bearish,Below CPR,False,True,0.11666666666666667,60,11515904.895,Lower,True,Risk Off,True,3.930714285714287,133.366,126.12890000000002,0.016960445817431946,1.0645266847699162,False,True,No setup,Neutral,0,Not applicable,No directional setup; confirmation score not applicable.,Narrow CPR,Not applicable,Not applicable,Narrow CPR; Wide CPR rules not applied,0,0,0,0
2026-09-16,2026-09-16,CM,NSE,STK,3375,INE335A01020,SURYAROSNI,EQ,,,,,SURYA ROSHNI LTD,209.53,211.99,206.72,209.2,209.7,209.8,,209.28,,,306174,64194556.17,7515,F1,1,,,,,,Cash Only,Unclassified,False,209.30333333333337,209.35500000000002,209.25166666666672,209.35500000000002,209.25166666666672,0.1033333333332962,0.049394518801766825,Narrow,Bearish,Below CPR,False,True,0.06666666666666667,60,98998021.56,Lower,True,Risk Off,True,5.390714285714286,231.1966,241.7367,0.01916876463053063,0.6484428189415223,False,False,No setup,Neutral,0,Not applicable,No directional setup; confirmation score not applicable.,Narrow CPR,Not applicable,Not applicable,Narrow CPR; Wide CPR rules not applied,0,0,0,0
2026-09-16,2026-09-16,CM,NSE,STK,20534,INE024L01027,GRAVITA,EQ,,,,,GRAVITA INDIA LIMITED,1639.3,1646.5,1601.3,1622.7,1620.0,1639.0,,1622.69,,,100063,162605308.0,13594,F1,1,,,,,,Cash Only,Metals & Mining,True,1623.5,1623.9,1623.1,1623.9,1623.1,0.8000000000001819,0.049300548468612926,Narrow,Bearish,Below CPR,False,True,0.08333333333333333,60,335970194.85,Lower,True,Risk Off,True,49.157142857142844,1753.576,1710.191,0.016274338854987722,0.4839873015301196,False,False,No setup,Neutral,0,Not applicable,No directional setup; confirmation score not applicable.,Narrow CPR,Not applicable,Not applicable,Narrow CPR; Wide CPR rules not applied,0,0,0,0
2026-09-16,2026-09-16,CM,NSE,STK,17685,INE390G01014,GPTINFRA,EQ,,,,,GPT INFRAPROJECTS LTD,111.72,112.51,109.65,111.0,111.0,111.72,,111.0,,,114845,12767672.41,1414,F1,1,,,,,,Cash Only,Unclassified,False,111.05333333333334,111.08000000000001,111.02666666666667,111.08000000000001,111.02666666666667,0.05333333333334167,0.04804804804805556,Narrow,Bearish,Below CPR,False,True,0.11666666666666667,60,12175677.36,Lower,True,Risk Off,True,4.002857142857141,115.7412,117.7103,0.013323816321677083,1.0486211183572296,False,False,No setup,Neutral,0,Not applicable,No directional setup; confirmation score not applicable.,Narrow CPR,Not applicable,Not applicable,Narrow CPR; Wide CPR rules not applied,0,0,0,0
2026-09-16,2026-09-16,CM,NSE,STK,2181,INE323A01026,BOSCHLTD,EQ,,,,,BOSCH LIMITED,47100.0,48325.0,46850.0,47555.0,47555.0,47070.0,,47555.55,,,34806,1659797740.0,19545,F1,1,,,,,,F&O + Cash,Automobile and Auto Components,True,47576.666666666664,47587.5,47565.83333333333,47587.5,47565.83333333333,21.666666666671517,0.04556127992150461,Narrow,Bearish,Below CPR,False,True,0.08333333333333333,60,1390626415.0,Inside,True,Risk Off,True,1213.2142857142858,44935.4,41484.5,0.017858895103526715,1.1935612052932276,True,True,No setup,Neutral,0,Not applicable,No directional setup; confirmation score not applicable.,Narrow CPR,Not applicable,Not applicable,Narrow CPR; Wide CPR rules not applied,0,0,0,0
2026-09-16,2026-09-16,CM,NSE,STK,11239,INE023A01030,NSIL,EQ,,,,,NALWA SONS INVESTMENT LTD,5489.5,5489.5,5312.5,5397.5,5387.5,5409.5,,5397.5,,,1168,6287503.5,300,F1,1,,,,,,Cash Only,Unclassified,False,5399.833333333333,5401.0,5398.666666666666,5401.0,5398.666666666666,2.3333333333339397,0.043229890381360624,Narrow,Bearish,Below CPR,False,True,0.15,60,9636292.0,Lower,True,Risk Off,True,126.92857142857143,5566.14,5586.428000000001,0.01838304258113402,0.6524816288256935,False,False,No setup,Neutral,0,Not applicable,No directional setup; confirmation score not applicable.,Narrow CPR,Not applicable,Not applicable,Narrow CPR; Wide CPR rules not applied,0,0,0,0
2026-09-16,2026-09-16,CM,NSE,STK,30835,INE600A01035,PILITA,EQ,,,,,PIL ITALICA LIFESTYLE LTD,7.73,7.96,7.63,7.79,7.78,7.73,,7.79,,,13479,104353.97,77,F1,1,,,,,,Cash Only,Unclassified,False,7.793333333333333,7.795,7.791666666666666,7.795,7.791666666666666,0.0033333333333338544,0.04278990158323305,Narrow,Bearish,Below CPR,False,True,0.03333333333333333,60,666500.51,Inside,True,Risk Off,True,0.4064285714285715,8.1014,8.075099999999999,0.008201523140012998,0.15656997771839665,False,False,No setup,Neutral,0,Not applicable,No directional setup; confirmation score not applicable.,Narrow CPR,Not applicable,Not applicable,Narrow CPR; Wide CPR rules not applied,0,0,0,0
2026-09-16,2026-09-16,CM,NSE,STK,2783,INE0BY001018,JUBLINGREA,EQ,,,,,JUBILANT INGREVIA LIMITED,630.5,641.9,622.8,631.95,630.0,630.5,,631.97,,,257245,162809848.0,10436,F1,1,,,,,,Cash Only,Chemicals,True,632.2166666666666,632.3499999999999,632.0833333333333,632.3499999999999,632.0833333333333,0.2666666666666515,0.04219743123137139,Narrow,Bearish,Below CPR,False,True,0.03333333333333333,60,213623653.475,Lower,True,Risk Off,True,19.48571428571429,715.043,696.9755,0.013685239491690322,0.7621339928963127,False,False,No setup,Neutral,0,Not applicable,No directional setup; confirmation score not applicable.,Narrow CPR,Not applicable,Not applicable,Narrow CPR; Wide CPR rules not applied,0,0,0,0
2026-09-16,2026-09-16,CM,NSE,STK,762727,INE586E01020,IWP,EQ,,,,,INDIAN WOOD PRODUCTS CO L,35.03,35.03,34.01,34.5,34.5,34.85,,34.5,,,3659,125858.67,134,F1,1,,,,,,Cash Only,Unclassified,False,34.51333333333333,34.519999999999996,34.50666666666666,34.519999999999996,34.50666666666666,0.013333333333335418,0.038647342995175124,Narrow,Bearish,Below CPR,False,True,0.05,60,133235.41,Lower,True,Risk Off,True,1.5899999999999999,33.767199999999995,34.022200000000005,0.00838574423480215,0.9446337876695091,True,True,No setup,Neutral,0,Not applicable,No directional setup; confirmation score not applicable.,Narrow CPR,Not applicable,Not applicable,Narrow CPR; Wide CPR rules not applied,0,0,0,0
2026-09-16,2026-09-16,CM,NSE,STK,5948,INE683A01023,SOUTHBANK,EQ,,,,,THE SOUTH INDIAN BANK LTD,45.22,45.89,44.54,45.19,45.3,45.0,,45.19,,,9001848,406134203.65,36648,F1,1,,,,,,Cash Only,Unclassified,False,45.20666666666667,45.215,45.19833333333334,45.215,45.19833333333334,0.01666666666666572,0.03688131592535012,Narrow,Bearish,Below CPR,False,True,0.016666666666666666,60,428495402.82500005,Lower,True,Risk Off,True,1.2650000000000001,46.0762,44.5515,0.013175230566534165,0.9478146112476905,False,True,No setup,Neutral,0,Not applicable,No directional setup; confirmation score not applicable.,Narrow CPR,Not applicable,Not applicable,Narrow CPR; Wide CPR rules not applied,0,0,-2,-2
2026-09-16,2026-09-16,CM,NSE,STK,762608,INE00HZ01011,BNAGROCHEM,EQ,,,,,BN AGROCHEM LTD.,199.9,205.0,199.9,202.34,205.0,200.08,,201.49,,,659,132574.89,19,F1,1,,,,,,Cash Only,Unclassified,False,202.41333333333333,202.45,202.37666666666667,202.45,202.37666666666667,0.07333333333332348,0.036242627919997765,Narrow,Bearish,Below CPR,False,True,0.08888888888888889,45,465462.75,Inside,True,Risk Off,True,10.578571428571426,,,0.006932252982218292,0.28482384465781635,False,False,No setup,Neutral,0,Not applicable,No directional setup; confirmation score not applicable.,Narrow CPR,Not applicable,Not applicable,Narrow CPR; Wide CPR rules not applied,0,0,0,0
2026-09-16,2026-09-16,CM,NSE,STK,756782,INE0GGO01015,KRISHIVAL,EQ,,,,,KRISHIVAL FOODS LIMITED,421.0,421.5,417.75,419.4,420.0,419.5,,419.39,,,6512,2732153.55,221,F1,1,,,,,,Cash Only,Unclassified,False,419.55,419.625,419.475,419.625,419.475,0.14999999999997726,0.035765379113013175,Narrow,Bearish,Below CPR,False,True,0.15,60,4146562.5,Outside,True,Risk Off,True,5.789285714285711,400.415,393.1745,0.025909932140650006,0.6588960253221795,True,True,No setup,Neutral,0,Not applicable,No directional setup; confirmation score not applicable.,Narrow CPR,Not applicable,Not applicable,Narrow CPR; Wide CPR rules not applied,0,0,0,0
2026-09-16,2026-09-16,CM,NSE,STK,24184,INE603J01030,PIIND,EQ,,,,,PI INDUSTRIES LTD,2255.0,2287.2,2227.2,2256.0,2256.0,2255.0,,2256.03,,,160599,363066050.1,15803,F1,1,,,,,,F&O + Cash,Chemicals,True,2256.7999999999997,2257.2,2256.3999999999996,2257.2,2256.3999999999996,0.8000000000001819,0.035460992907809484,Narrow,Bearish,Below CPR,False,True,0.1,60,476590652.45,Lower,True,Risk Off,True,62.17857142857143,2563.146,2713.002,0.012866168868469323,0.7617985124836034,False,False,No setup,Neutral,0,Not applicable,No directional setup; confirmation score not applicable.,Narrow CPR,Not applicable,Not applicable,Narrow CPR; Wide CPR rules not applied,0,0,0,0
2026-09-16,2026-09-16,CM,NSE,STK,14592,INE061F01013,FORTIS,EQ,,,,,FORTIS HEALTHCARE LTD,880.0,880.1,861.4,870.3,870.3,880.1,,870.29,,,1094839,952045104.05,37379,F1,1,,,,,,F&O + Cash,Healthcare,True,870.6,870.75,870.45,870.75,870.45,0.2999999999999545,0.034470872113059235,Narrow,Bearish,Below CPR,False,True,0.11666666666666667,60,1015083445.35,Lower,True,Risk Off,True,17.43928571428572,929.291,944.8715,0.01720253942248356,0.9378983653129478,False,False,No setup,Neutral,0,Not applicable,No directional setup; confirmation score not applicable.,Narrow CPR,Not applicable,Not applicable,Narrow CPR; Wide CPR rules not applied,0,0,0,0
2026-09-16,2026-09-16,CM,NSE,STK,22463,INE0G5901015,EPACK,EQ,,,,,EPACK DURABLE LIMITED,177.34,181.32,175.04,178.09,178.43,177.7,,178.09,,,354381,63200857.24,7356,F1,1,,,,,,Cash Only,Unclassified,False,178.15,178.18,178.12,178.18,178.12,0.060000000000002274,0.03369083047897258,Narrow,Bearish,Below CPR,False,True,0.03333333333333333,60,82086235.88,Lower,True,Risk Off,True,5.615714285714284,214.96540000000002,228.24530000000001,0.010684304248283288,0.7699324565496206,False,False,No setup,Neutral,0,Not applicable,No directional setup; confirmation score not applicable.,Narrow CPR,Not applicable,Not applicable,Narrow CPR; Wide CPR rules not applied,0,0,0,0
2026-09-16,2026-09-16,CM,NSE,STK,758968,INE0Y8W01025,AHCL,EQ,,,,,ANLON HEALTHCARE LIMITED,20.2,20.5,19.6,20.04,19.95,20.18,,20.04,,,46066495,920751325.2,142781,F1,1,,,,,,Cash Only,Unclassified,False,20.046666666666667,20.05,20.043333333333333,20.05,20.043333333333333,0.006666666666667709,0.033266799733870804,Narrow,Bearish,Below CPR,False,True,0.016666666666666666,60,45046479.555,Lower,True,Risk Off,True,1.1300000000000001,15.401799999999998,14.9606,0.0058997050147501845,20.440028483819663,True,True,No setup,Neutral,0,Not applicable,No directional setup; confirmation score not applicable.,Narrow CPR,Not applicable,Not applicable,Narrow CPR; Wide CPR rules not applied,0,0,0,0
2026-09-16,2026-09-16,CM,NSE,STK,18226,INE949H01023,MANINFRA,EQ,,,,,MAN INFRA LTD,124.43,126.6,121.98,124.23,123.34,124.83,,124.23,,,2441811,304124268.9,15016,F1,1,,,,,,Cash Only,Unclassified,False,124.27,124.28999999999999,124.25,124.28999999999999,124.25,0.03999999999999204,0.032198341785391646,Narrow,Bearish,Below CPR,False,True,0.05,60,174209927.055,Lower,True,Risk Off,True,4.505714285714286,110.3558,112.6441,0.008877615726060377,1.74573443684403,True,True,No setup,Neutral,0,Not applicable,No directional setup; confirmation score not applicable.,Narrow CPR,Not applicable,Not applicable,Narrow CPR; Wide CPR rules not applied,0,0,0,0
2026-09-16,2026-09-16,CM,NSE,STK,3324,INE287B01021,SUBROS,EQ,,,,,SUBROS LIMITED,683.0,690.45,666.2,678.0,677.0,682.55,,677.99,,,30494,20727844.15,2913,F1,1,,,,,,Cash Only,Unclassified,False,678.2166666666667,678.325,678.1083333333333,678.325,678.1083333333333,0.21666666666669698,0.03195673549656298,Narrow,Bearish,Below CPR,False,True,0.05,60,28584173.625,Lower,True,Risk Off,True,18.30714285714287,763.5709999999999,764.1345000000001,0.01183508908830962,0.7251510721258432,False,False,No setup,Neutral,0,Not applicable,No directional setup; confirmation score not applicable.,Narrow CPR,Not applicable,Not applicable,Narrow CPR; Wide CPR rules not applied,0,0,0,0
2026-09-16,2026-09-16,CM,NSE,STK,21154,INE406M01024,ERIS,EQ,,,,,ERIS LIFESCIENCES LIMITED,1296.2,1324.7,1282.8,1303.2,1298.0,1310.1,,1303.28,,,15100,19650262.1,3231,F1,1,,,,,,Cash Only,Healthcare,True,1303.5666666666666,1303.75,1303.3833333333332,1303.75,1303.3833333333332,0.36666666666678793,0.028135870677316446,Narrow,Bearish,Below CPR,False,True,0.08333333333333333,60,91711638.0,Lower,True,Risk Off,True,35.392857142857174,1371.4059999999997,1379.3110000000001,0.010359905819041426,0.21426137978257462,False,False,No setup,Neutral,0,Not applicable,No directional setup; confirmation score not applicable.,Narrow CPR,Not applicable,Not applicable,Narrow CPR; Wide CPR rules not applied,0,0,0,0
2026-09-16,2026-09-16,CM,NSE,STK,11212,INE500L01026,SHK,EQ,,,,,S H KELKAR AND CO. LTD.,135.05,135.95,131.0,133.42,133.5,135.89,,133.42,,,600690,80091522.57,9145,F1,1,,,,,,Cash Only,Unclassified,False,133.45666666666668,133.475,133.43833333333336,133.475,133.43833333333336,0.03666666666663332,0.027482136611177724,Narrow,Bearish,Below CPR,False,True,0.11666666666666667,60,60326245.650000006,Lower,True,Risk Off,True,4.849999999999996,150.5268,142.92870000000002,0.007560137457037804,1.3276397645342277,False,False,No setup,Neutral,0,Not applicable,No directional setup; confirmation score not applicable.,Narrow CPR,Not applicable,Not applicable,Narrow CPR; Wide CPR rules not applied,0,0,0,0
2026-09-16,2026-09-16,CM,NSE,STK,10726,INE933S01016,INDIAMART,EQ,,,,,INDIAMART INTERMESH LTD,1662.0,1768.8,1645.2,1706.3,1709.1,1659.5,,1706.24,,,365133,629081818.3,31238,F1,1,,,,,,Cash Only,Consumer Services,True,1706.7666666666667,1707.0,1706.5333333333333,1707.0,1706.5333333333333,0.466666666666697,0.027349625896190412,Narrow,Bearish,Below CPR,False,True,0.06666666666666667,60,171306587.45,Higher,True,Risk Off,True,43.61428571428574,1784.89,1899.432,0.010699858063108015,3.672257019792732,False,False,No setup,Neutral,0,Not applicable,No directional setup; confirmation score not applicable.,Narrow CPR,Not applicable,Not applicable,Narrow CPR; Wide CPR rules not applied,0,0,0,0
2026-09-16,2026-09-16,CM,NSE,STK,11262,INE203G01027,IGL,EQ,,,,,INDRAPRASTHA GAS LTD,150.0,150.39,147.27,148.77,148.76,150.03,,148.76,,,1025294,152167529.13,29714,F1,1,,,,,,Cash Only,Oil Gas & Consumable Fuels,True,148.80999999999997,148.82999999999998,148.78999999999996,148.82999999999998,148.78999999999996,0.040000000000020464,0.026887141224723035,Narrow,Bearish,Below CPR,False,True,0.05,60,175407640.49,Lower,True,Risk Off,True,3.3221428571428566,151.6554,157.1234,0.012040421414755679,0.8675079871373965,False,False,No setup,Neutral,0,Not applicable,No directional setup; confirmation score not applicable.,Narrow CPR,Not applicable,Not applicable,Narrow CPR; Wide CPR rules not applied,0,0,0,0
2026-09-16,2026-09-16,CM,NSE,STK,14111,INE870H01013,NETWORK18,EQ,,,,,NETWORK18 MEDIA & INV LTD,25.8,26.55,25.71,26.12,26.2,25.95,,26.12,,,4777743,124820074.91,10848,F1,1,,,,,,Cash Only,Unclassified,False,26.12666666666667,26.130000000000003,26.123333333333335,26.130000000000003,26.123333333333335,0.006666666666667709,0.025523226135787554,Narrow,Bearish,Below CPR,False,True,0.03333333333333333,60,92648961.58,Lower,True,Risk Off,True,0.9749999999999999,29.0792,30.856299999999997,0.006837606837607907,1.3472366314890758,False,False,No setup,Neutral,0,Not applicable,No directional setup; confirmation score not applicable.,Narrow CPR,Not applicable,Not applicable,Narrow CPR; Wide CPR rules not applied,0,0,0,0
2026-09-16,2026-09-16,CM,NSE,STK,759951,INE00YJ01010,JARO,EQ,,,,,JARO INS OF TEC MG N RE L,474.0,476.75,459.5,467.95,467.0,469.95,,467.96,,,115000,54085897.55,3907,F1,1,,,,,,Cash Only,Unclassified,False,468.06666666666666,468.125,468.0083333333333,468.125,468.0083333333333,0.11666666666667425,0.02493143854400561,Narrow,Bearish,Below CPR,False,True,0.08333333333333333,60,47703887.125,Inside,True,Risk Off,True,14.192857142857138,467.19200000000006,487.67800000000005,0.008220097299111424,1.1337838656266526,True,False,No setup,Neutral,0,Not applicable,No directional setup; confirmation score not applicable.,Narrow CPR,Not applicable,Not applicable,Narrow CPR; Wide CPR rules not applied,0,0,0,0
2026-09-16,2026-09-16,CM,NSE,STK,22,INE012A01025,ACC,EQ,,,,,ACC LIMITED,1233.0,1235.0,1219.1,1226.6,1225.1,1225.2,,1226.51,,,85875,105341176.6,12201,F1,1,,,,,,Cash Only,Construction Materials,True,1226.8999999999999,1227.05,1226.7499999999998,1227.05,1226.7499999999998,0.3000000000001819,0.02445785097017625,Narrow,Bearish,Below CPR,False,True,0.016666666666666666,60,174434431.35,Lower,True,Risk Off,True,21.671428571428596,1326.4920000000002,1347.136,0.013843111404095393,0.60390128132808,False,False,No setup,Neutral,0,Not applicable,No directional setup; confirmation score not applicable.,Narrow CPR,Not applicable,Not applicable,Narrow CPR; Wide CPR rules not applied,0,0,0,0
2026-09-16,2026-09-16,CM,NSE,STK,5313,INE583D01011,UGROCAP,EQ,,,,,UGRO CAPITAL LIMITED,82.66,85.79,81.27,83.5,82.77,83.28,,83.51,,,229146,19013950.05,2773,F1,1,,,,,,Cash Only,Unclassified,False,83.52,83.53,83.50999999999999,83.53,83.50999999999999,0.020000000000010232,0.02395209580839549,Narrow,Bearish,Below CPR,False,True,0.06666666666666667,60,16261461.565000001,Lower,True,Risk Off,True,2.3207142857142853,91.5446,95.51359999999998,0.008618036318871754,1.1692645199201686,False,False,No setup,Neutral,0,Not applicable,No directional setup; confirmation score not applicable.,Narrow CPR,Not applicable,Not applicable,Narrow CPR; Wide CPR rules not applied,0,0,0,0
2026-09-16,2026-09-16,CM,NSE,STK,14947,INE338I01027,MOTILALOFS,EQ,,,,,MOTILAL OSWAL FIN LTD,982.4,989.9,963.8,976.5,976.5,990.8,,976.49,,,771004,753741360.8,28919,F1,1,,,,,,F&O + Cash,Financial Services,True,976.7333333333332,976.8499999999999,976.6166666666666,976.8499999999999,976.6166666666666,0.2333333333333485,0.023894862604541576,Narrow,Bearish,Below CPR,False,True,0.016666666666666666,60,679751304.075,Lower,True,Risk Off,True,29.596428571428564,952.8330000000001,916.151,0.007883834117694895,1.1088487161134395,True,True,No setup,Neutral,0,Not applicable,No directional setup; confirmation score not applicable.,Narrow CPR,Not applicable,Not applicable,Narrow CPR; Wide CPR rules not applied,0,0,0,0
2026-09-16,2026-09-16,CM,NSE,STK,11435,INE572J01011,SPANDANA,EQ,,,,,SPANDANA SPHOORTY FIN LTD,227.0,229.39,222.35,225.8,225.44,226.96,,225.8,,,152012,34245031.66,3402,F1,1,,,,,,Cash Only,Unclassified,False,225.84666666666666,225.87,225.82333333333332,225.87,225.82333333333332,0.04666666666668107,0.02066725715973475,Narrow,Bearish,Below CPR,False,True,0.03333333333333333,60,48714910.35,Lower,True,Risk Off,True,5.872142857142854,258.9218,257.85790000000003,0.00794712727567857,0.7029681757384163,False,False,No setup,Neutral,0,Not applicable,No directional setup; confirmation score not applicable.,Narrow CPR,Not applicable,Not applicable,Narrow CPR; Wide CPR rules not applied,0,0,0,0
2026-09-16,2026-09-16,CM,NSE,STK,11065,INE448G01010,NATHBIOGEN,EQ,,,,,NATH BIO-GENES (I) LTD,145.0,147.93,144.26,146.05,146.55,146.81,,146.04,,,3309,483243.1,113,F1,1,,,,,,Cash Only,Unclassified,False,146.08,146.095,146.06500000000003,146.095,146.06500000000003,0.029999999999972715,0.020540910647020003,Narrow,Bearish,Below CPR,False,True,0.06666666666666667,60,1588596.2650000001,Lower,True,Risk Off,True,4.419285714285713,157.1492,163.5498,0.006788427347658286,0.3041950372456654,False,False,No setup,Neutral,0,Not applicable,No directional setup; confirmation score not applicable.,Narrow CPR,Not applicable,Not applicable,Narrow CPR; Wide CPR rules not applied,0,0,0,0
2026-09-16,2026-09-16,CM,NSE,STK,5366,INE0H5O01029,WINDLAS,EQ,,,,,WINDLAS BIOTECH LIMITED,1094.95,1099.95,1050.8,1075.05,1072.0,1098.15,,1075.93,,,113547,121896137.3,11465,F1,1,,,,,,Cash Only,Unclassified,False,1075.2666666666667,1075.375,1075.1583333333333,1075.375,1075.1583333333333,0.21666666666669698,0.020154101359629507,Narrow,Bearish,Below CPR,False,True,0.08333333333333333,60,49865337.0,Lower,True,Risk Off,True,45.54285714285719,944.7610000000001,885.549,0.004757423672104384,2.4445064374076124,True,True,No setup,Neutral,0,Not applicable,No directional setup; confirmation score not applicable.,Narrow CPR,Not applicable,Not applicable,Narrow CPR; Wide CPR rules not applied,0,0,0,0
2026-09-16,2026-09-16,CM,NSE,STK,13182,INE283H01019,ROHLTD,EQ,,,,,ROYAL ORCHID HOTELS LTD,300.1,300.35,292.0,296.1,295.0,298.5,,296.1,,,12894,3817452.1,692,F1,1,,,,,,Cash Only,Unclassified,False,296.15000000000003,296.175,296.12500000000006,296.175,296.12500000000006,0.049999999999954525,0.0168861870989377,Narrow,Bearish,Below CPR,False,True,0.016666666666666666,60,5243598.35,Lower,True,Risk Off,True,8.617857142857142,310.80300000000005,321.1145,0.00580190634064951,0.7280214549613626,False,False,No setup,Neutral,0,Not applicable,No directional setup; confirmation score not applicable.,Narrow CPR,Not applicable,Not applicable,Narrow CPR; Wide CPR rules not applied,0,0,0,0
2026-09-16,2026-09-16,CM,NSE,STK,480,INE340A01012,BIRLACORPN,EQ,,,,,BIRLA CORPORATION LTD,816.1,818.3,789.9,803.9,800.2,810.25,,803.9,,,86521,69166055.2,9294,F1,1,,,,,,Cash Only,Unclassified,False,804.0333333333333,804.0999999999999,803.9666666666667,804.0999999999999,803.9666666666667,0.13333333333321207,0.016585810838812297,Narrow,Bearish,Below CPR,False,True,0.05,60,52779742.45,Lower,True,Risk Off,True,22.607142857142872,908.2279999999998,945.8145,0.005897840968925649,1.3104659475275633,False,False,No setup,Neutral,0,Not applicable,No directional setup; confirmation score not applicable.,Narrow CPR,Not applicable,Not applicable,Narrow CPR; Wide CPR rules not applied,0,0,0,0
2026-09-16,2026-09-16,CM,NSE,STK,11667,INE366A01041,DWARKESH,EQ,,,,,DWARIKESH SUGAR IND LTD,41.75,41.78,40.32,41.04,41.06,41.72,,41.04,,,2115991,86659868.92,8664,F1,1,,,,,,Cash Only,Unclassified,False,41.04666666666666,41.05,41.04333333333332,41.05,41.04333333333332,0.006666666666674814,0.01624431448994838,Narrow,Bearish,Below CPR,False,True,0.016666666666666666,60,66752134.06,Lower,True,Risk Off,True,2.7478571428571428,44.908,44.7486,0.0024261329174277983,1.2982336840662798,False,False,No setup,Neutral,0,Not applicable,No directional setup; confirmation score not applicable.,Narrow CPR,Not applicable,Not applicable,Narrow CPR; Wide CPR rules not applied,0,0,0,0
2026-09-16,2026-09-16,CM,NSE,STK,759007,INE0Z4F01028,ATLANTAELE,EQ,,,,,ATLANTA ELECTRICALS LTD,1680.0,1686.9,1623.9,1655.0,1661.0,1660.0,,1655.02,,,78831,130433587.5,10225,F1,1,,,,,,Cash Only,Unclassified,False,1655.2666666666667,1655.4,1655.1333333333332,1655.4,1655.1333333333332,0.2666666666668789,0.01611278952669963,Narrow,Bearish,Below CPR,False,True,0.016666666666666666,60,181674918.10000002,Lower,True,Risk Off,True,77.47142857142858,1702.372,1658.7585000000001,0.0034421292027810293,0.7179504406227664,False,False,No setup,Neutral,0,Not applicable,No directional setup; confirmation score not applicable.,Narrow CPR,Not applicable,Not applicable,Narrow CPR; Wide CPR rules not applied,0,0,0,0
2026-09-16,2026-09-16,CM,NSE,STK,764301,INE084101034,INDOMIM,EQ,,,,,INDO-MIM LIMITED,970.0,970.1,922.55,946.1,949.25,975.65,,946.09,,,2684652,2534081661.15,145258,F1,1,,,,,,Cash Only,Unclassified,False,946.25,946.325,946.175,946.325,946.175,0.15000000000009095,0.015854560828674657,Narrow,Bearish,Below CPR,False,True,0.029411764705882353,34,2132884621.025,Lower,True,Risk Off,True,45.64642857142859,,,0.0032861278460234295,1.1881006765064472,False,False,No setup,Neutral,0,Not applicable,No directional setup; confirmation score not applicable.,Narrow CPR,Not applicable,Not applicable,Narrow CPR; Wide CPR rules not applied,0,0,0,0
2026-09-16,2026-09-16,CM,NSE,STK,4184,INE495C01010,SANGAMIND,EQ,,,,,SANGAM (INDIA) LTD,559.3,575.55,557.8,566.55,565.1,565.65,,565.64,,,9376,5294881.75,747,F1,1,,,,,,Cash Only,Unclassified,False,566.6333333333333,566.675,566.5916666666667,566.675,566.5916666666667,0.08333333333325754,0.014708910658063287,Narrow,Bearish,Below CPR,False,True,0.016666666666666666,60,13388930.375,Higher,True,Risk Off,True,17.564285714285713,593.536,558.705,0.004744476074280625,0.3954671210992835,False,True,No setup,Neutral,0,Not applicable,No directional setup; confirmation score not applicable.,Narrow CPR,Not applicable,Not applicable,Narrow CPR; Wide CPR rules not applied,0,-2,0,-2
2026-09-16,2026-09-16,CM,NSE,STK,24969,INE052A01021,WINDMACHIN,EQ,,,,,WINDSOR MACHINES LIMITED,303.0,303.15,287.55,295.3,295.0,300.7,,295.31,,,78486,23066322.25,1763,F1,1,,,,,,Cash Only,Unclassified,False,295.3333333333333,295.35,295.3166666666666,295.35,295.3166666666666,0.033333333333416704,0.011287955751241687,Narrow,Bearish,Below CPR,False,True,0.03333333333333333,60,15621187.45,Inside,True,Risk Off,True,11.878571428571417,301.103,301.25739999999996,0.0028061735818871573,1.4766049203256952,False,False,No setup,Neutral,0,Not applicable,No directional setup; confirmation score not applicable.,Narrow CPR,Not applicable,Not applicable,Narrow CPR; Wide CPR rules not applied,0,0,0,0
2026-09-16,2026-09-16,CM,NSE,STK,5748,INE136B01020,CYIENT,EQ,,,,,CYIENT LIMITED,1078.9,1079.0,1030.3,1054.5,1056.0,1078.9,,1054.5,,,488288,511439890.8,41470,F1,1,,,,,,Cash Only,Information Technology,True,1054.6000000000001,1054.65,1054.5500000000002,1054.65,1054.5500000000002,0.09999999999990905,0.009483167377895596,Narrow,Bearish,Below CPR,False,True,0.03333333333333333,60,317450144.75,Lower,True,Risk Off,True,47.017857142857146,930.762,907.9169999999999,0.002126851500187963,1.6110872817612725,True,True,No setup,Neutral,0,Not applicable,No directional setup; confirmation score not applicable.,Narrow CPR,Not applicable,Not applicable,Narrow CPR; Wide CPR rules not applied,0,0,0,0
2026-09-16,2026-09-16,CM,NSE,STK,18727,INE885F01015,MASKINVEST,EQ,,,,,MASK INVESTMENTS LIMITED,147.84,147.84,137.0,142.4,137.0,140.8,,142.4,,,169,24765.0,15,F1,1,,,,,,Cash Only,Unclassified,False,142.41333333333333,142.42000000000002,142.40666666666664,142.42000000000002,142.40666666666664,0.01333333333337805,0.009363295880181215,Narrow,Bearish,Below CPR,False,True,0.11666666666666667,60,22916.449999999997,Lower,True,Risk Off,True,8.681428571428567,142.512,146.8048,0.001535845537825348,1.0806647626486652,False,False,No setup,Neutral,0,Not applicable,No directional setup; confirmation score not applicable.,Narrow CPR,Not applicable,Not applicable,Narrow CPR; Wide CPR rules not applied,0,0,0,0
2026-09-16,2026-09-16,CM,NSE,STK,4847,INE967H01025,KIMS,EQ,,,,,KRISHNA INST OF MED SCI L,766.85,775.0,758.5,766.65,764.45,766.85,,766.76,,,310465,237513614.65,22482,F1,1,,,,,,Cash Only,Healthcare,True,766.7166666666667,766.75,766.6833333333334,766.75,766.6833333333334,0.06666666666660603,0.008695841213931525,Narrow,Bearish,Below CPR,False,True,0.03333333333333333,60,387039190.0,Higher,True,Risk Off,True,18.503571428571433,789.3159999999999,775.2629999999999,0.00360290806150351,0.613668126604957,False,False,No setup,Neutral,0,Not applicable,No directional setup; confirmation score not applicable.,Narrow CPR,Not applicable,Not applicable,Narrow CPR; Wide CPR rules not applied,0,0,0,0
2026-09-16,2026-09-16,CM,NSE,STK,9362,INE278Y01022,CAMPUS,EQ,,,,,CAMPUS ACTIVEWEAR LIMITED,212.0,214.3,208.69,211.47,214.0,212.9,,211.46,,,442078,93271099.0,6457,F1,1,,,,,,Cash Only,Unclassified,False,211.48666666666668,211.495,211.47833333333335,211.495,211.47833333333335,0.01666666666665151,0.007881338566534973,Narrow,Bearish,Below CPR,False,True,0.016666666666666666,60,91051096.315,Lower,True,Risk Off,True,4.664285714285719,222.3346,231.6457,0.0035732516590064453,1.0243819434893973,False,False,No setup,Neutral,0,Not applicable,No directional setup; confirmation score not applicable.,Narrow CPR,Not applicable,Not applicable,Narrow CPR; Wide CPR rules not applied,0,0,0,0
2026-09-16,2026-09-16,CM,NSE,STK,11892,INE701A01023,VHL,EQ,,,,,VARDHMAN HOLDINGS LIMITED,3390.0,3436.4,3358.0,3396.8,3420.0,3403.0,,3396.8,,,328,1113108.0,66,F1,1,,,,,,Cash Only,Unclassified,False,3397.066666666667,3397.2,3396.9333333333343,3397.2,3396.9333333333343,0.26666666666551464,0.007850525985207095,Narrow,Bearish,Below CPR,False,True,0.016666666666666666,60,1743449.75,Lower,True,Risk Off,True,131.47142857142862,3493.446,3499.515,0.002028324097205913,0.6384514380182165,False,False,No setup,Neutral,0,Not applicable,No directional setup; confirmation score not applicable.,Narrow CPR,Not applicable,Not applicable,Narrow CPR; Wide CPR rules not applied,0,0,0,0
2026-09-16,2026-09-16,CM,NSE,STK,1628,INE495P01020,BECTORFOOD,EQ,,,,,MRS BECTORS FOOD SPE LTD,226.0,226.16,214.21,220.16,220.4,223.4,,220.16,,,2203845,479702672.63,34418,F1,1,,,,,,Cash Only,Unclassified,False,220.17666666666665,220.185,220.1683333333333,220.185,220.1683333333333,0.016666666666708352,0.00757025193800343,Narrow,Bearish,Below CPR,False,True,0.016666666666666666,60,370116179.72,Lower,True,Risk Off,True,10.489999999999997,220.8322,202.3858,0.0015888147442048005,1.2960867395554128,False,True,No setup,Neutral,0,Not applicable,No directional setup; confirmation score not applicable.,Narrow CPR,Not applicable,Not applicable,Narrow CPR; Wide CPR rules not applied,0,0,0,0
2026-09-16,2026-09-16,CM,NSE,STK,14019,INE484C01030,VEEDOL,EQ,,,,,VEEDOL CORPORATION LTD,1389.9,1389.9,1361.0,1375.3,1373.3,1382.5,,1375.18,,,5836,8017012.5,959,F1,1,,,,,,Cash Only,Unclassified,False,1375.3999999999999,1375.45,1375.3499999999997,1375.45,1375.3499999999997,0.1000000000003638,0.007271140842024563,Narrow,Bearish,Below CPR,False,True,0.016666666666666666,60,12197868.3,Lower,True,Risk Off,True,30.05000000000002,1453.1819999999998,1449.997,0.00332778702164272,0.6572470125784191,False,False,No setup,Neutral,0,Not applicable,No directional setup; confirmation score not applicable.,Narrow CPR,Not applicable,Not applicable,Narrow CPR; Wide CPR rules not applied,0,0,0,0
2026-09-16,2026-09-16,CM,NSE,STK,765105,INE348N01042,KDGREEN,EQ,,,,,KD GREEN INDUSTRIES LTD,46.74,47.94,45.81,46.87,46.52,46.61,,46.97,,,35148,1643390.76,528,F1,1,,,,,,Cash Only,Unclassified,False,46.873333333333335,46.875,46.87166666666667,46.875,46.87166666666667,0.0033333333333303017,0.0071118697105404345,Narrow,Bearish,Below CPR,False,True,0.1111111111111111,9,1643390.76,Lower,False,Risk Off,False,,,,,1.0,False,False,No setup,Neutral,0,Not applicable,No directional setup; confirmation score not applicable.,Narrow CPR,Not applicable,Not applicable,Narrow CPR; Wide CPR rules not applied,0,0,0,0
2026-09-16,2026-09-16,CM,NSE,STK,4892,INE979A01025,SAREGAMA,EQ,,,,,SAREGAMA INDIA LIMITED,485.5,498.0,475.2,486.55,482.1,485.5,,486.56,,,380888,185758951.95,16612,F1,1,,,,,,Cash Only,Media Entertainment & Publication,True,486.5833333333333,486.6,486.5666666666666,486.6,486.5666666666666,0.033333333333416704,0.006850957421316762,Narrow,Bearish,Below CPR,False,True,0.03333333333333333,60,215731146.975,Lower,True,Risk Off,True,18.782142857142855,505.017,463.92449999999997,0.0017747353742834527,0.8610669092281175,False,True,No setup,Neutral,0,Not applicable,No directional setup; confirmation score not applicable.,Narrow CPR,Not applicable,Not applicable,Narrow CPR; Wide CPR rules not applied,0,0,0,0
2026-09-16,2026-09-16,CM,NSE,STK,758748,INE0PKD01011,MEIL,EQ,,,,,MANGAL ELECTRICAL IND L,273.2,274.7,262.55,268.6,270.0,276.55,,268.6,,,44664,11985602.3,1414,F1,1,,,,,,Cash Only,Unclassified,False,268.6166666666667,268.625,268.60833333333335,268.625,268.60833333333335,0.01666666666665151,0.006205013651024388,Narrow,Bearish,Below CPR,False,True,0.016666666666666666,60,15550850.095,Lower,True,Risk Off,True,10.878571428571425,278.9016,267.649,0.0015320639089502377,0.7707361479777676,False,True,No setup,Neutral,0,Not applicable,No directional setup; confirmation score not applicable.,Narrow CPR,Not applicable,Not applicable,Narrow CPR; Wide CPR rules not applied,0,0,0,0
2026-09-16,2026-09-16,CM,NSE,STK,760116,INE0TQE01026,GLOTTIS,EQ,,,,,GLOTTIS LIMITED,59.03,59.03,57.0,58.01,58.0,59.03,,58.01,,,34936,2027196.41,916,F1,1,,,,,,Cash Only,Unclassified,False,58.01333333333333,58.015,58.011666666666656,58.015,58.011666666666656,0.0033333333333445125,0.005746135723745066,Narrow,Bearish,Below CPR,False,True,0.016666666666666666,60,8392459.129999999,Lower,True,Risk Off,True,2.0792857142857146,59.60059999999999,53.6676,0.001603114622700899,0.24154975062714426,False,True,No setup,Neutral,0,Not applicable,No directional setup; confirmation score not applicable.,Narrow CPR,Not applicable,Not applicable,Narrow CPR; Wide CPR rules not applied,0,0,0,0
2026-09-16,2026-09-16,CM,NSE,STK,13310,INE878B01027,KEI,EQ,,,,,KEI INDUSTRIES LTD.,4484.0,4544.5,4468.0,4506.0,4506.0,4500.0,,4506.01,,,306662,1380825569.5,26650,F1,1,,,,,,F&O + Cash,Capital Goods,True,4506.166666666667,4506.25,4506.083333333334,4506.25,4506.083333333334,0.16666666666606034,0.0036987720076799894,Narrow,Bearish,Below CPR,False,True,0.05,60,1746604969.65,Inside,True,Risk Off,True,202.62857142857152,5207.002,5217.769,0.0008225230306418654,0.7905769154983578,False,False,No setup,Neutral,0,Not applicable,No directional setup; confirmation score not applicable.,Narrow CPR,Not applicable,Not applicable,Narrow CPR; Wide CPR rules not applied,0,0,0,0
2026-09-16,2026-09-16,CM,NSE,STK,3518,INE685A01028,TORNTPHARM,EQ,,,,,TORRENT PHARMACEUTICALS L,4850.0,4870.0,4755.5,4812.5,4812.5,4850.0,,4812.51,,,647806,3107630705.5,52287,F1,1,,,,,,F&O + Cash,Healthcare,True,4812.666666666667,4812.75,4812.583333333334,4812.75,4812.583333333334,0.16666666666606034,0.003463203463190864,Narrow,Bearish,Below CPR,False,True,0.016666666666666666,60,1944029713.5,Lower,True,Risk Off,True,109.57142857142857,4947.56,4697.554,0.0015210777922586994,1.5985510323836931,False,True,No setup,Neutral,0,Not applicable,No directional setup; confirmation score not applicable.,Narrow CPR,Not applicable,Not applicable,Narrow CPR; Wide CPR rules not applied,0,0,0,0
2026-09-16,2026-09-16,CM,NSE,STK,15239,INE865C01022,BIRLAMONEY,EQ,,,,,ADITYA BIRLA MONEY LTD,119.89,120.25,115.62,117.93,117.22,118.22,,118.05,,,29866,3523247.88,935,F1,1,,,,,,Cash Only,Unclassified,False,117.93333333333334,117.935,117.93166666666667,117.935,117.93166666666667,0.0033333333333303017,0.0028265355154161805,Narrow,Bearish,Below CPR,False,True,0.016666666666666666,60,5160068.88,Lower,True,Risk Off,True,4.119285714285714,131.8866,136.0717,0.0008092017802431807,0.6827908622801174,False,False,No setup,Neutral,0,Not applicable,No directional setup; confirmation score not applicable.,Narrow CPR,Not applicable,Not applicable,Narrow CPR; Wide CPR rules not applied,0,0,0,0
