TradDt,BizDt,Sgmt,Src,FinInstrmTp,FinInstrmId,ISIN,SYMBOL,SERIES,XpryDt,FininstrmActlXpryDt,StrkPric,OptnTp,NAME,OPEN,HIGH,LOW,CLOSE,LAST,PREVCLOSE,UndrlygPric,SttlmPric,OpnIntrst,ChngInOpnIntrst,VOLUME,VALUE,TtlNbOfTxsExctd,SsnId,NewBrdLotQty,Rmks,Rsvd1,Rsvd2,Rsvd3,Rsvd4,Segment,Industry,Nifty500,Pivot,BC,TC,CPR_Top,CPR_Bottom,CPR_Width,CPR_Width_Pct,CPR_Class,Bias,Price_Position,Bullish_CPR,Bearish_CPR,Width_Rank_Pct,History_Days,Value_60d,Overlay,History_OK,Regime,Own_Narrow,ATR14,SMA50,SMA100,Width_ATR,Value_Ratio,Above_SMA50,Above_SMA100,Setup,Signal_Direction,Signal_Score,Signal_Grade,Signal_Explanation,Strategy_Type,Strategy_Setup,Strategy_Confirmation,Strategy_Explanation,Daily_Signal,Weekly_Signal,Monthly_Signal,Confluence_Score
2026-09-23,2026-09-23,CM,NSE,STK,6673,INE976E01023,FOODSIN,EQ,,,,,FOODS & INNS LIMITED,53.03,54.19,53.03,53.41,53.4,53.83,,53.45,,,207867,11129597.48,1066,F1,1,,,,,,Cash Only,Unclassified,False,53.54333333333333,53.61,53.47666666666666,53.61,53.47666666666666,0.13333333333333997,0.24964114086002617,Narrow,Bearish,Below CPR,False,True,0.15,60,4231278.655,Lower,True,Risk On,True,2.855,54.94219999999999,56.2459,0.04670169293637127,2.630315417030836,False,False,No setup,Neutral,0,Not applicable,No directional setup; confirmation score not applicable.,Narrow CPR,Not applicable,Not applicable,Narrow CPR; Wide CPR rules not applied,0,0,0,0
2026-09-23,2026-09-23,CM,NSE,STK,1424,INE267A01025,HINDZINC,EQ,,,,,HINDUSTAN ZINC LIMITED,596.0,602.8,592.55,595.45,595.45,590.5,,595.45,,,4064936,2426099088.6,57752,F1,1,,,,,,F&O + Cash,Metals & Mining,True,596.9333333333333,597.675,596.1916666666666,597.675,596.1916666666666,1.4833333333333485,0.24911131637137432,Narrow,Bearish,Below CPR,False,True,0.31666666666666665,60,2328985658.0249996,Higher,True,Risk On,False,15.6357142857143,572.186,578.974,0.09486828079792992,1.0416977366264046,True,True,No setup,Neutral,0,Not applicable,No directional setup; confirmation score not applicable.,Narrow CPR,Not applicable,Not applicable,Narrow CPR; Wide CPR rules not applied,0,0,0,0
2026-09-23,2026-09-23,CM,NSE,STK,9741,INE088F01024,PARADEEP,EQ,,,,,PARADEEP PHOSPHATES LTD,154.5,156.34,153.33,154.26,154.3,154.17,,154.19,,,1182398,183038441.22,16160,F1,1,,,,,,Cash Only,Chemicals,True,154.64333333333335,154.835,154.45166666666668,154.835,154.45166666666668,0.38333333333332575,0.24849820649120044,Narrow,Bearish,Below CPR,False,True,0.23333333333333334,60,452982919.32,Overlapping,True,Risk On,True,4.964285714285716,150.1376,140.3422,0.07721822541966271,0.4040736050153283,True,True,No setup,Neutral,0,Not applicable,No directional setup; confirmation score not applicable.,Narrow CPR,Not applicable,Not applicable,Narrow CPR; Wide CPR rules not applied,0,0,0,0
2026-09-23,2026-09-23,CM,NSE,STK,3345,INE387A01021,SUNDRMFAST,EQ,,,,,SUNDRAM FASTENERS LTD,1190.9,1199.8,1179.8,1185.4,1183.0,1190.9,,1185.39,,,277085,328626240.9,11183,F1,1,,,,,,Cash Only,Unclassified,False,1188.3333333333333,1189.8,1186.8666666666666,1189.8,1186.8666666666666,2.933333333333394,0.24745514875429336,Narrow,Bearish,Below CPR,False,True,0.38333333333333336,60,120703025.07499999,Lower,True,Risk On,False,44.17857142857141,1131.8410000000001,1003.0345,0.06639719752088526,2.722601531285607,True,True,No setup,Neutral,0,Not applicable,No directional setup; confirmation score not applicable.,Narrow CPR,Not applicable,Not applicable,Narrow CPR; Wide CPR rules not applied,0,0,0,0
2026-09-23,2026-09-23,CM,NSE,STK,2307,INE577A01027,MUNJALSHOW,EQ,,,,,MUNJAL SHOWA LTD,133.65,135.87,132.0,133.44,133.7,133.32,,133.42,,,54209,7279545.85,845,F1,1,,,,,,Cash Only,Unclassified,False,133.77,133.935,133.60500000000002,133.935,133.60500000000002,0.3299999999999841,0.2473021582733694,Narrow,Bearish,Below CPR,False,True,0.36666666666666664,60,4391023.18,Higher,True,Risk On,False,4.007142857142861,133.11540000000002,132.64600000000002,0.08235294117646655,1.6578245095941397,True,True,No setup,Neutral,0,Not applicable,No directional setup; confirmation score not applicable.,Narrow CPR,Not applicable,Not applicable,Narrow CPR; Wide CPR rules not applied,0,0,0,0
2026-09-23,2026-09-23,CM,NSE,STK,1205,INE533A01012,GOODYEAR,EQ,,,,,GOODYEAR INDIA LIMITED,707.05,719.6,705.05,709.7,710.0,706.25,,709.65,,,5945,4220050.25,523,F1,1,,,,,,Cash Only,Unclassified,False,711.4500000000002,712.325,710.5750000000003,712.325,710.5750000000003,1.7499999999997726,0.24658306326613674,Narrow,Bearish,Below CPR,False,True,0.4166666666666667,60,5439634.875,Higher,True,Risk On,False,16.264285714285716,773.604,765.0059999999999,0.10759771629335448,0.7757966016055443,False,False,No setup,Neutral,0,Not applicable,No directional setup; confirmation score not applicable.,Narrow CPR,Not applicable,Not applicable,Narrow CPR; Wide CPR rules not applied,0,0,0,0
2026-09-23,2026-09-23,CM,NSE,STK,25392,INE305C01029,PANAMAPET,EQ,,,,,PANAMA PETROCHEM LTD,481.1,490.9,474.05,480.7,480.5,481.25,,480.7,,,164568,79717266.05,5329,F1,1,,,,,,Cash Only,Unclassified,False,481.8833333333334,482.475,481.29166666666674,482.475,481.29166666666674,1.1833333333332803,0.24616878163787817,Narrow,Bearish,Below CPR,False,True,0.11666666666666667,60,101114380.05,Higher,True,Risk On,True,19.117857142857137,475.4939999999999,420.445,0.06189675571330443,0.7883870326909056,True,True,No setup,Neutral,0,Not applicable,No directional setup; confirmation score not applicable.,Narrow CPR,Not applicable,Not applicable,Narrow CPR; Wide CPR rules not applied,0,0,0,0
2026-09-23,2026-09-23,CM,NSE,STK,11630,INE733E01010,NTPC,EQ,,,,,NTPC LTD,326.5,329.4,325.0,326.0,326.0,327.8,,326.0,,,10525477,3439123287.9,88503,F1,1,,,,,,F&O + Cash,Power,True,326.8,327.2,326.40000000000003,327.2,326.40000000000003,0.7999999999999545,0.245398773006121,Narrow,Bearish,Below CPR,False,True,0.5833333333333334,60,2662410159.75,Lower,True,Risk On,False,4.6178571428571376,338.04900000000004,354.55299999999994,0.1732405259087297,1.2917330845157733,False,False,No setup,Neutral,0,Not applicable,No directional setup; confirmation score not applicable.,Narrow CPR,Not applicable,Not applicable,Narrow CPR; Wide CPR rules not applied,0,0,0,0
2026-09-23,2026-09-23,CM,NSE,STK,1406,INE094A01015,HINDPETRO,EQ,,,,,HINDUSTAN PETROLEUM CORP,362.5,364.65,358.0,360.0,360.0,360.7,,359.99,,,1968247,711404185.05,25468,F1,1,,,,,,F&O + Cash,Oil Gas & Consumable Fuels,True,360.8833333333334,361.325,360.4416666666668,361.325,360.4416666666668,0.8833333333332121,0.2453703703703367,Narrow,Bearish,Below CPR,False,True,0.45,60,1959326924.125,Overlapping,True,Risk On,False,7.939285714285704,375.496,382.335,0.11126105862946455,0.36308600483694176,False,False,No setup,Neutral,0,Not applicable,No directional setup; confirmation score not applicable.,Narrow CPR,Not applicable,Not applicable,Narrow CPR; Wide CPR rules not applied,0,0,0,0
2026-09-23,2026-09-23,CM,NSE,STK,13116,INE306L01010,QUICKHEAL,EQ,,,,,QUICK HEAL TECH LTD,152.48,154.0,150.25,151.57,152.9,152.32,,151.56,,,82002,12459906.78,2330,F1,1,,,,,,Cash Only,Unclassified,False,151.94,152.125,151.755,152.125,151.755,0.37000000000000455,0.2441116315893677,Narrow,Bearish,Below CPR,False,True,0.13333333333333333,60,35330363.504999995,Lower,True,Risk On,True,11.62785714285714,175.8968,171.11180000000002,0.03182013637201342,0.3526685135361446,False,False,No setup,Neutral,0,Not applicable,No directional setup; confirmation score not applicable.,Narrow CPR,Not applicable,Not applicable,Narrow CPR; Wide CPR rules not applied,0,0,0,0
2026-09-23,2026-09-23,CM,NSE,STK,757478,INE090501011,SCODATUBES,EQ,,,,,SCODA TUBES LIMITED,139.95,145.76,130.72,137.74,138.5,128.85,,137.74,,,2930843,409213532.97,31715,F1,1,,,,,,Cash Only,Unclassified,False,138.07333333333335,138.24,137.9066666666667,138.24,137.9066666666667,0.3333333333333144,0.24200183921396426,Narrow,Bearish,Below CPR,False,True,0.35,60,22927067.255,Higher,True,Risk On,False,6.112857142857144,136.0828,138.1694,0.05452987458128535,17.84849010205427,True,False,No setup,Neutral,0,Not applicable,No directional setup; confirmation score not applicable.,Narrow CPR,Not applicable,Not applicable,Narrow CPR; Wide CPR rules not applied,0,0,0,0
2026-09-23,2026-09-23,CM,NSE,STK,20527,INE024D01016,PRUDMOULI,EQ,,,,,PRUDENTIAL SUGAR CORPORAT,14.0,14.0,13.7,13.8,13.96,13.71,,13.86,,,2692,37635.54,28,F1,1,,,,,,Cash Only,Unclassified,False,13.833333333333334,13.85,13.816666666666668,13.85,13.816666666666668,0.03333333333333144,0.24154589371979301,Narrow,Bearish,Below CPR,False,True,0.15,60,215992.91999999998,Lower,True,Risk On,True,1.0078571428571428,15.801200000000001,16.256999999999998,0.033073470351994344,0.17424432245279153,False,False,No setup,Neutral,0,Not applicable,No directional setup; confirmation score not applicable.,Narrow CPR,Not applicable,Not applicable,Narrow CPR; Wide CPR rules not applied,0,0,0,0
2026-09-23,2026-09-23,CM,NSE,STK,11983,INE231F01020,SASKEN,EQ,,,,,SASKEN TECHNOLOGIES LTD,1789.0,1810.0,1764.1,1780.6,1793.0,1755.6,,1780.76,,,15461,27683932.4,2060,F1,1,,,,,,Cash Only,Unclassified,False,1784.8999999999999,1787.05,1782.7499999999998,1787.05,1782.7499999999998,4.300000000000182,0.24149163203415602,Narrow,Bearish,Below CPR,False,True,0.2,60,46013421.2,Higher,True,Risk On,True,80.03571428571433,1866.264,1942.5839999999998,0.05372601517180054,0.6016490771175258,False,False,No setup,Neutral,0,Not applicable,No directional setup; confirmation score not applicable.,Narrow CPR,Not applicable,Not applicable,Narrow CPR; Wide CPR rules not applied,0,0,0,0
2026-09-23,2026-09-23,CM,NSE,STK,14299,INE134E01011,PFC,EQ,,,,,POWER FIN CORP LTD.,345.55,349.95,344.55,346.0,346.0,345.8,,346.0,,,11150266,3874930625.55,119040,F1,1,,,,,,F&O + Cash,Financial Services,True,346.8333333333333,347.25,346.41666666666663,347.25,346.41666666666663,0.8333333333333712,0.24084778420039632,Narrow,Bearish,Below CPR,False,True,0.38333333333333336,60,2499385352.575,Higher,True,Risk On,False,6.274999999999993,379.02099999999996,404.7895,0.13280212483400353,1.5503534185146122,False,False,No setup,Neutral,0,Not applicable,No directional setup; confirmation score not applicable.,Narrow CPR,Not applicable,Not applicable,Narrow CPR; Wide CPR rules not applied,0,0,0,0
2026-09-23,2026-09-23,CM,NSE,STK,958,INE042A01014,ESCORTS,EQ,,,,,ESCORTS KUBOTA LIMITED,2803.9,2829.0,2784.9,2796.9,2795.0,2793.6,,2796.92,,,95760,268744606.0,12625,F1,1,,,,,,Cash Only,Capital Goods,True,2803.6,2806.95,2800.25,2806.95,2800.25,6.699999999999818,0.23955093138831626,Narrow,Bearish,Below CPR,False,True,0.5,60,197221608.75,Overlapping,True,Risk On,False,59.300000000000054,2994.4339999999997,2959.2659999999996,0.11298482293422954,1.3626529450972242,False,False,No setup,Neutral,0,Not applicable,No directional setup; confirmation score not applicable.,Narrow CPR,Not applicable,Not applicable,Narrow CPR; Wide CPR rules not applied,0,0,0,0
2026-09-23,2026-09-23,CM,NSE,STK,29284,INE665J01013,VMART,EQ,,,,,VMART RETAIL LTD,790.3,797.5,781.35,786.6,783.0,795.6,,786.64,,,56513,44668351.75,5159,F1,1,,,,,,Cash Only,Unclassified,False,788.4833333333332,789.425,787.5416666666665,789.425,787.5416666666665,1.8833333333334394,0.23942707009069913,Narrow,Bearish,Below CPR,False,True,0.3,60,65850118.0,Lower,True,Risk On,False,24.157142857142844,799.0720000000001,753.9615000000001,0.07796175832840972,0.678333662970809,False,True,No setup,Neutral,0,Not applicable,No directional setup; confirmation score not applicable.,Narrow CPR,Not applicable,Not applicable,Narrow CPR; Wide CPR rules not applied,0,0,0,0
2026-09-23,2026-09-23,CM,NSE,STK,3066,INE630A01024,SESHAPAPER,EQ,,,,,SESHASAYEE PAPER & BOARDS,246.69,250.99,246.69,247.95,247.01,246.94,,247.95,,,20258,5032061.45,608,F1,1,,,,,,Cash Only,Unclassified,False,248.54333333333332,248.84,248.24666666666664,248.84,248.24666666666664,0.5933333333333621,0.2392955568999242,Narrow,Bearish,Below CPR,False,True,0.36666666666666664,60,8528564.205,Higher,True,Risk On,False,8.214285714285714,233.6718,233.5786,0.07223188405797452,0.5900244553532091,True,True,No setup,Neutral,0,Not applicable,No directional setup; confirmation score not applicable.,Narrow CPR,Not applicable,Not applicable,Narrow CPR; Wide CPR rules not applied,0,0,0,0
2026-09-23,2026-09-23,CM,NSE,STK,2909,INE209B01025,RICOAUTO,EQ,,,,,RICO AUTO INDUSTRIES LTD,128.14,131.24,128.14,129.23,129.03,128.14,,129.23,,,654611,84935535.86,8596,F1,1,,,,,,Cash Only,Unclassified,False,129.53666666666666,129.69,129.38333333333333,129.69,129.38333333333333,0.30666666666667197,0.2373029998194475,Narrow,Bearish,Below CPR,False,True,0.18333333333333332,60,153546739.95499998,Higher,True,Risk On,True,4.724999999999996,134.0046,130.6931,0.06490299823633275,0.5531575329107743,False,False,No setup,Neutral,0,Not applicable,No directional setup; confirmation score not applicable.,Narrow CPR,Not applicable,Not applicable,Narrow CPR; Wide CPR rules not applied,0,0,0,0
2026-09-23,2026-09-23,CM,NSE,STK,20698,INE807K01035,SCHAND,EQ,,,,,S CHAND AND COMPANY LTD,135.37,142.78,133.92,137.86,137.1,133.75,,137.94,,,58188,7998809.09,1870,F1,1,,,,,,Cash Only,Unclassified,False,138.18666666666667,138.35,138.02333333333334,138.35,138.02333333333334,0.3266666666666538,0.2369553653464774,Narrow,Bearish,Below CPR,False,True,0.4666666666666667,60,3554057.3049999997,Higher,True,Risk On,False,4.725000000000001,140.02200000000002,148.4441,0.06913580246913305,2.250613426729764,False,False,No setup,Neutral,0,Not applicable,No directional setup; confirmation score not applicable.,Narrow CPR,Not applicable,Not applicable,Narrow CPR; Wide CPR rules not applied,0,0,0,0
2026-09-23,2026-09-23,CM,NSE,STK,1593,INE0APB01032,MGEL,EQ,,,,,MANGALAM GLOBAL ENT LTD,15.41,15.76,15.33,15.49,15.49,15.52,,15.49,,,2068588,32040811.66,635,F1,1,,,,,,Cash Only,Unclassified,False,15.526666666666666,15.545,15.508333333333331,15.545,15.508333333333331,0.036666666666668846,0.2367118571121294,Narrow,Bearish,Below CPR,False,True,0.21666666666666667,60,4203201.6,Lower,True,Risk On,True,1.0885714285714285,14.1494,12.778599999999999,0.0336832895888034,7.622953812160712,True,True,No setup,Neutral,0,Not applicable,No directional setup; confirmation score not applicable.,Narrow CPR,Not applicable,Not applicable,Narrow CPR; Wide CPR rules not applied,0,0,0,0
2026-09-23,2026-09-23,CM,NSE,STK,3799,INE976A01021,WSTCSTPAPR,EQ,,,,,WEST COAST PAPER MILLS LT,751.0,757.75,742.0,747.25,748.0,749.75,,747.22,,,83716,62654681.75,6437,F1,1,,,,,,Cash Only,Unclassified,False,749.0,749.875,748.125,749.875,748.125,1.75,0.234192037470726,Narrow,Bearish,Below CPR,False,True,0.25,60,105822211.525,Lower,True,Risk On,True,32.18214285714284,621.4060000000001,564.9155000000001,0.054377982465875066,0.5920749608903999,True,True,No setup,Neutral,0,Not applicable,No directional setup; confirmation score not applicable.,Narrow CPR,Not applicable,Not applicable,Narrow CPR; Wide CPR rules not applied,0,0,0,0
2026-09-23,2026-09-23,CM,NSE,STK,31017,INE480M01011,THOMASCOTT,EQ,,,,,THOMAS SCOTT (INDIA) LTD,236.0,239.4,232.55,235.15,235.0,236.9,,235.13,,,38180,8997573.9,1010,F1,1,,,,,,Cash Only,Unclassified,False,235.70000000000002,235.97500000000002,235.425,235.97500000000002,235.425,0.5500000000000114,0.23389325962152302,Narrow,Bearish,Below CPR,False,True,0.23333333333333334,60,10514327.55,Lower,True,Risk On,True,11.31071428571428,285.526,287.3025,0.04862646037259339,0.8557441127083776,False,False,No setup,Neutral,0,Not applicable,No directional setup; confirmation score not applicable.,Narrow CPR,Not applicable,Not applicable,Narrow CPR; Wide CPR rules not applied,0,0,0,0
2026-09-23,2026-09-23,CM,NSE,STK,6579,INE02NC01014,FINOPB,EQ,,,,,FINO PAYMENTS BANK LTD,132.0,134.29,132.0,132.68,132.89,133.02,,132.67,,,272069,36111485.22,3400,F1,1,,,,,,Cash Only,Unclassified,False,132.98999999999998,133.14499999999998,132.83499999999998,133.14499999999998,132.83499999999998,0.3100000000000023,0.23364485981308583,Narrow,Bearish,Below CPR,False,True,0.23333333333333334,60,49968814.135000005,Lower,True,Risk On,True,4.384285714285714,151.1728,143.2314,0.07070707070707122,0.7226804527007211,False,False,No setup,Neutral,0,Not applicable,No directional setup; confirmation score not applicable.,Narrow CPR,Not applicable,Not applicable,Narrow CPR; Wide CPR rules not applied,0,0,0,0
2026-09-23,2026-09-23,CM,NSE,STK,3980,INE107A01015,TNPL,EQ,,,,,TAMILNADU NEWSPRT & PAPER,142.05,147.7,142.05,144.37,144.0,142.56,,144.38,,,310131,44940627.12,3775,F1,1,,,,,,Cash Only,Unclassified,False,144.70666666666668,144.875,144.53833333333336,144.875,144.53833333333336,0.3366666666666447,0.2331971092793826,Narrow,Bearish,Below CPR,False,True,0.2833333333333333,60,26930200.625,Higher,True,Risk On,False,6.697142857142857,148.2176,148.0813,0.05027019340158944,1.6687817423194558,False,False,No setup,Neutral,0,Not applicable,No directional setup; confirmation score not applicable.,Narrow CPR,Not applicable,Not applicable,Narrow CPR; Wide CPR rules not applied,0,0,0,0
2026-09-23,2026-09-23,CM,NSE,STK,18139,INE920A01037,DOLPHIN,EQ,,,,,DOLPHIN OFF ENT (IND) L,722.0,749.5,702.65,723.55,722.0,724.3,,723.4,,,105950,76994612.0,7009,F1,1,,,,,,Cash Only,Unclassified,False,725.2333333333332,726.075,724.3916666666664,726.075,724.3916666666664,1.6833333333336213,0.23264920645893464,Narrow,Bearish,Below CPR,False,True,0.25,60,21295280.2,Higher,True,Risk On,True,49.6642857142857,533.9540000000001,465.3365,0.03389424229350023,3.6155716795874797,True,True,No setup,Neutral,0,Not applicable,No directional setup; confirmation score not applicable.,Narrow CPR,Not applicable,Not applicable,Narrow CPR; Wide CPR rules not applied,0,0,0,0
2026-09-23,2026-09-23,CM,NSE,STK,1530,INE323C01030,INDIANHUME,EQ,,,,,INDIAN HUME PIPE CO. LTD.,368.2,375.75,359.3,366.25,364.1,367.9,,366.24,,,139861,51310729.5,4692,F1,1,,,,,,Cash Only,Unclassified,False,367.09999999999997,367.525,366.67499999999995,367.525,366.67499999999995,0.8500000000000227,0.23208191126280484,Narrow,Bearish,Below CPR,False,True,0.21666666666666667,60,20051568.75,Lower,True,Risk On,True,15.421428571428569,382.02200000000005,353.902,0.05511811023622196,2.558938412237696,False,True,No setup,Neutral,0,Not applicable,No directional setup; confirmation score not applicable.,Narrow CPR,Not applicable,Not applicable,Narrow CPR; Wide CPR rules not applied,0,0,0,0
2026-09-23,2026-09-23,CM,NSE,STK,583,INE477A01020,CANFINHOME,EQ,,,,,CAN FIN HOMES LTD,761.0,767.4,753.75,757.95,758.0,759.55,,757.95,,,216630,165003267.7,7812,F1,1,,,,,,Cash Only,Financial Services,True,759.7000000000002,760.575,758.8250000000003,760.575,758.8250000000003,1.7499999999997726,0.2308859423444518,Narrow,Bearish,Below CPR,False,True,0.36666666666666664,60,181888687.425,Lower,True,Risk On,False,16.839285714285722,812.2109999999999,838.2194999999999,0.10392364793211795,0.9071661906848244,False,False,No setup,Neutral,0,Not applicable,No directional setup; confirmation score not applicable.,Narrow CPR,Not applicable,Not applicable,Narrow CPR; Wide CPR rules not applied,0,0,0,0
2026-09-23,2026-09-23,CM,NSE,STK,1442,INE058A01010,SANOFI,EQ,,,,,SANOFI INDIA LIMITED,3061.0,3076.9,3049.0,3052.4,3060.0,3058.8,,3052.45,,,11216,34293761.2,2154,F1,1,,,,,,Cash Only,Unclassified,False,3059.433333333333,3062.95,3055.916666666666,3062.95,3055.916666666666,7.033333333333758,0.23041977897175198,Narrow,Bearish,Below CPR,False,True,0.4,60,51900184.8,Lower,True,Risk On,False,43.80000000000002,3250.06,3268.882,0.1605783866057935,0.6607637589760568,False,False,No setup,Neutral,0,Not applicable,No directional setup; confirmation score not applicable.,Narrow CPR,Not applicable,Not applicable,Narrow CPR; Wide CPR rules not applied,0,0,0,0
2026-09-23,2026-09-23,CM,NSE,STK,764203,INE536P01021,CPL,EQ,,,,,CAPTAIN POLYPLAST LIMITED,63.3,63.3,62.05,62.46,62.4,62.7,,62.46,,,25157,1576374.78,334,F1,1,,,,,,Cash Only,Unclassified,False,62.60333333333333,62.675,62.531666666666666,62.675,62.531666666666666,0.14333333333333087,0.22948020066175293,Narrow,Bearish,Below CPR,False,True,0.29545454545454547,44,7418095.095000001,Lower,True,Risk On,False,2.758571428571429,,,0.05195926117728203,0.21250398651029964,False,False,No setup,Neutral,0,Not applicable,No directional setup; confirmation score not applicable.,Narrow CPR,Not applicable,Not applicable,Narrow CPR; Wide CPR rules not applied,0,0,0,0
2026-09-23,2026-09-23,CM,NSE,STK,14329,INE812G01025,SMSPHARMA,EQ,,,,,SMS PHARMACEUTICALS LTD.,485.8,491.9,477.3,482.95,481.0,483.35,,482.95,,,801318,388589408.95,21604,F1,1,,,,,,Cash Only,Unclassified,False,484.05,484.6,483.5,484.6,483.5,1.1000000000000227,0.2277668495703536,Narrow,Bearish,Below CPR,False,True,0.23333333333333334,60,72402587.15,Higher,True,Risk On,True,29.90714285714285,386.494,389.26,0.03678051110580444,5.367065242364063,True,True,No setup,Neutral,0,Not applicable,No directional setup; confirmation score not applicable.,Narrow CPR,Not applicable,Not applicable,Narrow CPR; Wide CPR rules not applied,0,0,0,0
2026-09-23,2026-09-23,CM,NSE,STK,18614,INE08U801020,SAMHI,EQ,,,,,SAMHI HOTELS LIMITED,159.63,161.71,159.4,160.01,160.7,159.52,,160.02,,,402854,64581553.99,7195,F1,1,,,,,,Cash Only,Unclassified,False,160.37333333333333,160.555,160.19166666666666,160.555,160.19166666666666,0.36333333333334394,0.2270691415119955,Narrow,Bearish,Below CPR,False,True,0.26666666666666666,60,119978102.45500001,Overlapping,True,Risk On,False,7.812857142857145,164.1106,164.53040000000001,0.046504540744805395,0.5382778412770989,False,False,No setup,Neutral,0,Not applicable,No directional setup; confirmation score not applicable.,Narrow CPR,Not applicable,Not applicable,Narrow CPR; Wide CPR rules not applied,0,0,0,0
2026-09-23,2026-09-23,CM,NSE,STK,19556,INE474E01029,BHANDARI,EQ,,,,,BHANDARI HOSIERY EXP LTD,2.93,2.99,2.93,2.95,2.95,2.96,,2.94,,,90463,267574.77,236,F1,1,,,,,,Cash Only,Unclassified,False,2.956666666666667,2.96,2.953333333333334,2.96,2.953333333333334,0.0066666666666659324,0.22598870056494685,Narrow,Bearish,Below CPR,False,True,0.23333333333333334,60,828956.89,Lower,True,Risk On,True,0.06999999999999994,3.1353999999999997,3.2138,0.09523809523808484,0.32278490380844777,False,False,No setup,Neutral,0,Not applicable,No directional setup; confirmation score not applicable.,Narrow CPR,Not applicable,Not applicable,Narrow CPR; Wide CPR rules not applied,0,0,0,0
2026-09-23,2026-09-23,CM,NSE,STK,17263,INE109C01017,ARMANFIN,EQ,,,,,ARMAN FIN SERV LTD,1950.1,2004.9,1946.2,1968.9,1966.0,1974.9,,1969.13,,,12730,25088953.3,2144,F1,1,,,,,,Cash Only,Unclassified,False,1973.3333333333333,1975.5500000000002,1971.1166666666663,1975.5500000000002,1971.1166666666663,4.433333333333849,0.22516802952581894,Narrow,Bearish,Below CPR,False,True,0.25,60,57212632.05,Lower,True,Risk On,True,73.22857142857144,1974.2219999999998,1838.3239999999998,0.060541032644043966,0.4385212216433941,False,True,No setup,Neutral,0,Not applicable,No directional setup; confirmation score not applicable.,Narrow CPR,Not applicable,Not applicable,Narrow CPR; Wide CPR rules not applied,0,0,0,0
2026-09-23,2026-09-23,CM,NSE,STK,764588,INE484D01012,AMARJOTHI,EQ,,,,,AMARJOTHI SPINNING MILL L,149.0,149.74,147.5,148.12,148.1,148.91,,148.12,,,1820,270216.94,27,F1,1,,,,,,Cash Only,Unclassified,False,148.45333333333335,148.62,148.2866666666667,148.62,148.2866666666667,0.3333333333333144,0.22504275812403077,Narrow,Bearish,Below CPR,False,True,0.14814814814814814,27,204171.0,Overlapping,True,Risk On,True,5.448571428571428,,,0.06117811571403253,1.3234834525961081,False,False,No setup,Neutral,0,Not applicable,No directional setup; confirmation score not applicable.,Narrow CPR,Not applicable,Not applicable,Narrow CPR; Wide CPR rules not applied,0,0,0,0
2026-09-23,2026-09-23,CM,NSE,STK,739,INE169A01031,COROMANDEL,EQ,,,,,COROMANDEL INTERNTL. LTD,1944.2,1989.0,1936.2,1956.0,1945.0,1944.9,,1955.98,,,144853,284677648.2,17653,F1,1,,,,,,Cash Only,Chemicals,True,1960.3999999999999,1962.6,1958.1999999999998,1962.6,1958.1999999999998,4.400000000000091,0.22494887525562837,Narrow,Bearish,Below CPR,False,True,0.36666666666666664,60,232657840.65,Higher,True,Risk On,False,42.814285714285724,2004.1819999999998,1965.263,0.10276943610277153,1.223589316417048,False,False,No setup,Neutral,0,Not applicable,No directional setup; confirmation score not applicable.,Narrow CPR,Not applicable,Not applicable,Narrow CPR; Wide CPR rules not applied,0,0,0,0
2026-09-23,2026-09-23,CM,NSE,STK,438,INE257A01026,BHEL,EQ,,,,,BHEL,427.25,430.0,419.05,423.1,423.1,425.8,,423.1,,,5244031,2213581975.6,58370,F1,1,,,,,,F&O + Cash,Capital Goods,True,424.05,424.525,423.57500000000005,424.525,423.57500000000005,0.9499999999999318,0.22453320727958678,Narrow,Bearish,Below CPR,False,True,0.23333333333333334,60,3132546045.525,Lower,True,Risk On,True,12.749999999999988,419.94200000000006,409.15200000000004,0.07450980392156335,0.706639884435925,True,True,No setup,Neutral,0,Not applicable,No directional setup; confirmation score not applicable.,Narrow CPR,Not applicable,Not applicable,Narrow CPR; Wide CPR rules not applied,0,0,0,0
2026-09-23,2026-09-23,CM,NSE,STK,3475,INE152A01029,THERMAX,EQ,,,,,THERMAX LTD,3460.1,3507.9,3445.1,3464.9,3460.6,3472.2,,3464.86,,,153000,532319173.7,34598,F1,1,,,,,,Cash Only,Capital Goods,True,3472.633333333333,3476.5,3468.7666666666664,3476.5,3468.7666666666664,7.733333333333576,0.22319066447324815,Narrow,Bearish,Below CPR,False,True,0.26666666666666666,60,649802745.2,Lower,True,Risk On,False,107.70714285714287,4028.35,4344.0070000000005,0.07179963304374962,0.8192011770220511,False,False,No setup,Neutral,0,Not applicable,No directional setup; confirmation score not applicable.,Narrow CPR,Not applicable,Not applicable,Narrow CPR; Wide CPR rules not applied,0,0,0,0
2026-09-23,2026-09-23,CM,NSE,STK,17486,INE201K01015,EXPLEOSOL,EQ,,,,,EXPLEO SOLUTIONS LIMITED,881.4,883.95,866.75,872.45,872.1,877.2,,871.62,,,11577,10138389.2,1051,F1,1,,,,,,Cash Only,Unclassified,False,874.3833333333333,875.35,873.4166666666666,875.35,873.4166666666666,1.933333333333394,0.2215981813666564,Narrow,Bearish,Below CPR,False,True,0.23333333333333334,60,24469207.174999997,Lower,True,Risk On,True,26.00714285714285,855.4029999999999,850.3905,0.07433855167994376,0.41433255795710106,True,True,No setup,Neutral,0,Not applicable,No directional setup; confirmation score not applicable.,Narrow CPR,Not applicable,Not applicable,Narrow CPR; Wide CPR rules not applied,0,0,0,0
2026-09-23,2026-09-23,CM,NSE,STK,5751,INE953O01021,SANSERA,EQ,,,,,SANSERA ENGINEERING LTD,4589.1,4743.5,4530.0,4621.4,4619.0,4586.5,,4621.15,,,546223,2535170527.5,95001,F1,1,,,,,,Cash Only,Unclassified,False,4631.633333333333,4636.75,4626.516666666666,4636.75,4626.516666666666,10.233333333333576,0.22143362040363476,Narrow,Bearish,Below CPR,False,True,0.16666666666666666,60,725529536.4,Higher,True,Risk On,True,185.4071428571429,3755.48,3313.164,0.05519384623287361,3.4942347627627197,True,True,No setup,Neutral,0,Not applicable,No directional setup; confirmation score not applicable.,Narrow CPR,Not applicable,Not applicable,Narrow CPR; Wide CPR rules not applied,0,0,0,0
2026-09-23,2026-09-23,CM,NSE,STK,28764,INE037Z01029,CEWATER,EQ,,,,,CONCORD ENVIRO SYSTEMS L,278.2,280.0,270.6,274.4,272.3,278.75,,273.91,,,47694,13188416.05,2503,F1,1,,,,,,Cash Only,Unclassified,False,275.0,275.3,274.7,275.3,274.7,0.6000000000000227,0.21865889212828818,Narrow,Bearish,Below CPR,False,True,0.2,60,27847025.25,Lower,True,Risk On,True,12.696428571428568,278.55400000000003,290.2115,0.047257383966246534,0.4736023302884031,False,False,No setup,Neutral,0,Not applicable,No directional setup; confirmation score not applicable.,Narrow CPR,Not applicable,Not applicable,Narrow CPR; Wide CPR rules not applied,0,0,0,0
2026-09-23,2026-09-23,CM,NSE,STK,759342,INE0S3G01027,PACEDIGITK,EQ,,,,,PACE DIGITEK LIMITED,168.57,172.35,167.54,169.39,169.0,167.74,,169.38,,,1797594,305290278.35,20430,F1,1,,,,,,Cash Only,Unclassified,False,169.76,169.945,169.575,169.945,169.575,0.37000000000000455,0.21843084007320654,Narrow,Bearish,Below CPR,False,True,0.3,60,152196114.05,Inside,True,Risk On,False,6.364999999999995,180.3394,186.51239999999999,0.05813040062843752,2.0059006122173724,False,False,No setup,Neutral,0,Not applicable,No directional setup; confirmation score not applicable.,Narrow CPR,Not applicable,Not applicable,Narrow CPR; Wide CPR rules not applied,0,0,0,0
2026-09-23,2026-09-23,CM,NSE,STK,14101,INE034D01049,PTL,EQ,,,,,PTL ENTERPRISES LTD,38.35,38.5,38.11,38.18,38.32,38.35,,38.18,,,37612,1443488.55,385,F1,1,,,,,,Cash Only,Unclassified,False,38.26333333333333,38.305,38.22166666666666,38.305,38.22166666666666,0.08333333333334281,0.21826436179503092,Narrow,Bearish,Below CPR,False,True,0.5166666666666667,60,1258577.9249999998,Lower,True,Risk On,False,0.7014285714285725,38.8938,39.739900000000006,0.11880515953837041,1.1469202830647138,False,False,No setup,Neutral,0,Not applicable,No directional setup; confirmation score not applicable.,Narrow CPR,Not applicable,Not applicable,Narrow CPR; Wide CPR rules not applied,0,0,0,0
2026-09-23,2026-09-23,CM,NSE,STK,25162,INE0KCE01017,EUREKAFORB,EQ,,,,,EUREKA FORBES LIMITED,377.4,383.0,376.35,378.45,379.8,377.3,,378.38,,,125260,47572006.4,7694,F1,1,,,,,,Cash Only,Unclassified,False,379.26666666666665,379.675,378.8583333333333,379.675,378.8583333333333,0.8166666666667197,0.21579248689832733,Narrow,Bearish,Below CPR,False,True,0.2833333333333333,60,57242747.625,Inside,True,Risk On,False,12.246428571428567,429.851,449.41,0.06668610868086369,0.8310573544031552,False,False,No setup,Neutral,0,Not applicable,No directional setup; confirmation score not applicable.,Narrow CPR,Not applicable,Not applicable,Narrow CPR; Wide CPR rules not applied,0,0,0,0
2026-09-23,2026-09-23,CM,NSE,STK,765000,INE285C01015,VOITHPAPR,EQ,,,,,VOITH PAPER FABRICS IND L,1458.9,1458.9,1430.4,1440.0,1440.0,1440.0,,1441.2,,,619,890905.1,57,F1,1,,,,,,Cash Only,Unclassified,False,1443.1000000000001,1444.65,1441.5500000000002,1444.65,1441.5500000000002,3.099999999999909,0.21527777777777143,Narrow,Bearish,Below CPR,False,True,0.25925925925925924,27,561026.5,Overlapping,True,Risk On,False,39.471428571428596,,,0.07853782120882863,1.5879911198490624,False,False,No setup,Neutral,0,Not applicable,No directional setup; confirmation score not applicable.,Narrow CPR,Not applicable,Not applicable,Narrow CPR; Wide CPR rules not applied,0,0,0,0
2026-09-23,2026-09-23,CM,NSE,STK,762807,INE166R01015,NATIONSTD,EQ,,,,,NATIONAL STAND (INDIA) L,114.0,115.49,112.0,113.38,112.0,114.98,,113.46,,,6340,720928.31,299,F1,1,,,,,,Cash Only,Unclassified,False,113.62333333333333,113.745,113.50166666666667,113.745,113.50166666666667,0.2433333333333394,0.21461751043688426,Narrow,Bearish,Below CPR,False,True,0.5166666666666667,60,1687845.54,Lower,True,Risk On,False,5.931428571428571,188.775,671.4290000000001,0.0410244059088,0.42712931539932264,False,False,No setup,Neutral,0,Not applicable,No directional setup; confirmation score not applicable.,Narrow CPR,Not applicable,Not applicable,Narrow CPR; Wide CPR rules not applied,0,0,0,0
2026-09-23,2026-09-23,CM,NSE,STK,13810,INE08ZM01014,GREENPANEL,EQ,,,,,GREENPANEL INDUSTRIES LTD,171.0,171.54,167.69,169.08,168.81,170.18,,169.07,,,112565,19081893.78,3387,F1,1,,,,,,Cash Only,Unclassified,False,169.4366666666667,169.615,169.25833333333338,169.615,169.25833333333338,0.3566666666666265,0.2109455090292326,Narrow,Bearish,Below CPR,False,True,0.18333333333333332,60,36846240.64,Lower,True,Risk On,True,6.862142857142857,174.94099999999997,186.1298,0.05197598972970512,0.5178789870705247,False,False,No setup,Neutral,0,Not applicable,No directional setup; confirmation score not applicable.,Narrow CPR,Not applicable,Not applicable,Narrow CPR; Wide CPR rules not applied,0,0,0,0
2026-09-23,2026-09-23,CM,NSE,STK,15362,INE951I01027,VGUARD,EQ,,,,,V-GUARD IND LTD.,320.5,320.5,314.3,316.4,317.0,320.5,,316.4,,,338894,107192837.5,14775,F1,1,,,,,,Cash Only,Unclassified,False,317.06666666666666,317.4,316.73333333333335,317.4,316.73333333333335,0.6666666666666288,0.21070375052674742,Narrow,Bearish,Below CPR,False,True,0.48333333333333334,60,119296967.575,Lower,True,Risk On,False,8.571428571428555,321.491,315.946,0.0777777777777735,0.8985378227037469,False,True,No setup,Neutral,0,Not applicable,No directional setup; confirmation score not applicable.,Narrow CPR,Not applicable,Not applicable,Narrow CPR; Wide CPR rules not applied,0,0,0,0
2026-09-23,2026-09-23,CM,NSE,STK,30108,INE647O01011,ABFRL,EQ,,,,,ADITYA BIRLA FASHION & RT,49.29,49.59,48.9,49.09,49.05,49.22,,49.09,,,2699462,132747444.57,14896,F1,1,,,,,,Cash Only,Consumer Services,True,49.193333333333335,49.245000000000005,49.141666666666666,49.245000000000005,49.141666666666666,0.10333333333333883,0.21049772526652846,Narrow,Bearish,Below CPR,False,True,0.21666666666666667,60,195366292.17000002,Lower,True,Risk On,True,1.5242857142857165,55.1608,58.564699999999995,0.06779131521399913,0.6794797766571135,False,False,No setup,Neutral,0,Not applicable,No directional setup; confirmation score not applicable.,Narrow CPR,Not applicable,Not applicable,Narrow CPR; Wide CPR rules not applied,0,0,0,0
2026-09-23,2026-09-23,CM,NSE,STK,4892,INE979A01025,SAREGAMA,EQ,,,,,SAREGAMA INDIA LIMITED,505.0,517.2,500.0,507.0,507.2,503.35,,506.99,,,438443,224017732.85,18860,F1,1,,,,,,Cash Only,Media Entertainment & Publication,True,508.06666666666666,508.6,507.5333333333333,508.6,507.5333333333333,1.0666666666667197,0.21038790269560545,Narrow,Bearish,Below CPR,False,True,0.2,60,206053315.8,Higher,True,Risk On,True,19.167857142857148,507.0810000000001,471.216,0.055648717470967286,1.0871833436907012,False,True,No setup,Neutral,0,Not applicable,No directional setup; confirmation score not applicable.,Narrow CPR,Not applicable,Not applicable,Narrow CPR; Wide CPR rules not applied,0,0,0,0
2026-09-23,2026-09-23,CM,NSE,STK,22415,INE597L01014,LOVABLE,EQ,,,,,LOVABLE LINGERIE LTD,72.0,72.4,70.81,71.38,71.48,71.27,,71.38,,,8273,590616.93,260,F1,1,,,,,,Cash Only,Unclassified,False,71.53,71.605,71.455,71.605,71.455,0.15000000000000568,0.21014289717008364,Narrow,Bearish,Below CPR,False,True,0.23333333333333334,60,708844.77,Higher,True,Risk On,True,2.5614285714285723,72.1784,72.98589999999999,0.05856107083101168,0.8332105349384182,False,False,No setup,Neutral,0,Not applicable,No directional setup; confirmation score not applicable.,Narrow CPR,Not applicable,Not applicable,Narrow CPR; Wide CPR rules not applied,0,0,0,0
2026-09-23,2026-09-23,CM,NSE,STK,11689,INE399C01030,SUPRAJIT,EQ,,,,,SUPRAJIT ENGINEERING LTD,483.45,491.55,481.6,485.05,485.6,483.45,,485.1,,,28891,14069796.9,2722,F1,1,,,,,,Cash Only,Unclassified,False,486.06666666666666,486.57500000000005,485.5583333333333,486.57500000000005,485.5583333333333,1.0166666666667652,0.20960038484007115,Narrow,Bearish,Below CPR,False,True,0.21666666666666667,60,46798556.150000006,Higher,True,Risk On,True,17.221428571428564,500.49199999999996,478.541,0.05903497857044678,0.30064596127502535,False,True,No setup,Neutral,0,Not applicable,No directional setup; confirmation score not applicable.,Narrow CPR,Not applicable,Not applicable,Narrow CPR; Wide CPR rules not applied,0,0,0,0
2026-09-23,2026-09-23,CM,NSE,STK,759806,INE0HOQ01053,GROWW,EQ,,,,,BILLIONBRAINS GARAGE VN L,189.18,190.44,188.0,188.63,188.69,189.18,,188.63,,,12891618,2434734935.83,68822,F1,1,,,,,,Cash Only,Financial Services,True,189.0233333333333,189.22,188.82666666666663,189.22,188.82666666666663,0.3933333333333735,0.20852109067135322,Narrow,Bearish,Below CPR,False,True,0.31666666666666665,60,4460963592.07,Overlapping,True,Risk On,False,5.251428571428574,195.93800000000002,196.3009,0.07490025389917336,0.5457867757894481,False,False,No setup,Neutral,0,Not applicable,No directional setup; confirmation score not applicable.,Narrow CPR,Not applicable,Not applicable,Narrow CPR; Wide CPR rules not applied,0,0,-2,-2
2026-09-23,2026-09-23,CM,NSE,STK,9902,INE02EZ01022,AXITA,EQ,,,,,AXITA COTTON LIMITED,8.01,8.06,7.99,8.0,8.01,7.99,,8.0,,,264291,2115610.2,405,F1,1,,,,,,Cash Only,Unclassified,False,8.016666666666667,8.025,8.008333333333335,8.025,8.008333333333335,0.01666666666666572,0.2083333333333215,Narrow,Bearish,Below CPR,False,True,0.26666666666666666,60,2979544.99,Inside,True,Risk On,False,0.1449999999999997,7.63,7.7026,0.11494252873562588,0.7100447239764619,True,True,No setup,Neutral,0,Not applicable,No directional setup; confirmation score not applicable.,Narrow CPR,Not applicable,Not applicable,Narrow CPR; Wide CPR rules not applied,0,0,0,0
2026-09-23,2026-09-23,CM,NSE,STK,1196,INE531A01024,KANSAINER,EQ,,,,,KANSAI NEROLAC PAINTS LTD,181.99,185.0,181.3,182.58,182.05,180.98,,182.58,,,147219,27000569.78,3959,F1,1,,,,,,Cash Only,Unclassified,False,182.96,183.15,182.77,183.15,182.77,0.37999999999999545,0.20812794391499365,Narrow,Bearish,Below CPR,False,True,0.3333333333333333,60,36073246.675,Higher,True,Risk On,False,3.922857142857148,198.1002,205.0741,0.0968681718863789,0.7484929211739715,False,False,No setup,Neutral,0,Not applicable,No directional setup; confirmation score not applicable.,Narrow CPR,Not applicable,Not applicable,Narrow CPR; Wide CPR rules not applied,0,0,0,0
2026-09-23,2026-09-23,CM,NSE,STK,17758,INE385C01021,SARDAEN,EQ,,,,,SARDA ENERGY & MIN LTD,507.85,511.0,504.05,505.95,506.0,503.35,,505.95,,,159141,80765448.85,8618,F1,1,,,,,,Cash Only,Metals & Mining,True,507.0,507.525,506.475,507.525,506.475,1.0499999999999545,0.20753038837828924,Narrow,Bearish,Below CPR,False,True,0.23333333333333334,60,135017615.625,Higher,True,Risk On,True,16.46428571428572,508.51599999999996,520.2669999999999,0.06377440347071306,0.5981845293011187,False,False,No setup,Neutral,0,Not applicable,No directional setup; confirmation score not applicable.,Narrow CPR,Not applicable,Not applicable,Narrow CPR; Wide CPR rules not applied,0,0,0,0
2026-09-23,2026-09-23,CM,NSE,STK,625,INE055A01016,ABREL,EQ,,,,,ADITYA BIRLA REAL EST LTD,1197.3,1223.0,1197.3,1206.4,1207.4,1201.1,,1206.41,,,186515,225887480.0,21278,F1,1,,,,,,Cash Only,Realty,True,1208.9,1210.15,1207.65,1210.15,1207.65,2.5,0.20722811671087532,Narrow,Bearish,Below CPR,False,True,0.35,60,157242045.45,Overlapping,True,Risk On,False,40.40000000000003,1371.9180000000001,1348.5380000000002,0.06188118811881184,1.4365590281756286,False,False,No setup,Neutral,0,Not applicable,No directional setup; confirmation score not applicable.,Narrow CPR,Not applicable,Not applicable,Narrow CPR; Wide CPR rules not applied,0,0,0,0
2026-09-23,2026-09-23,CM,NSE,STK,8866,INE102B01014,CHOICEIN,EQ,,,,,CHOICE INTERNATIONAL LTD,757.85,757.85,750.5,751.85,752.45,760.9,,751.85,,,258470,194533269.1,6152,F1,1,,,,,,Cash Only,Financial Services,True,753.4,754.175,752.625,754.175,752.625,1.5499999999999545,0.20615814324665221,Narrow,Bearish,Below CPR,False,True,0.3333333333333333,60,398928375.675,Lower,True,Risk On,False,20.864285714285717,791.9889999999999,749.2230000000001,0.07428962684012105,0.48763958886314684,False,True,No setup,Neutral,0,Not applicable,No directional setup; confirmation score not applicable.,Narrow CPR,Not applicable,Not applicable,Narrow CPR; Wide CPR rules not applied,0,0,0,0
2026-09-23,2026-09-23,CM,NSE,STK,15313,INE821I01022,IRB,EQ,,,,,IRB INFRA DEV LTD.,18.4,18.66,17.51,18.03,17.99,17.98,,18.04,,,36892063,673935817.12,43059,F1,1,,,,,,Cash Only,Construction,True,18.066666666666666,18.085,18.048333333333332,18.085,18.048333333333332,0.036666666666668846,0.20336476243299415,Narrow,Bearish,Below CPR,False,True,0.45,60,141118444.96,Inside,True,Risk On,False,0.5978571428571424,19.397000000000002,20.2529,0.06133014735165642,4.775674911320253,False,False,No setup,Neutral,0,Not applicable,No directional setup; confirmation score not applicable.,Narrow CPR,Not applicable,Not applicable,Narrow CPR; Wide CPR rules not applied,0,0,-2,-2
2026-09-23,2026-09-23,CM,NSE,STK,764728,INE354A01013,JENBURPH,EQ,,,,,JENBURKT PHARMACEUTICAL L,961.3,979.8,930.0,952.0,946.8,957.2,,952.3,,,2772,2659373.0,327,F1,1,,,,,,Cash Only,Unclassified,False,953.9333333333334,954.9,952.9666666666668,954.9,952.9666666666668,1.9333333333331666,0.20308123249297969,Narrow,Bearish,Below CPR,False,True,0.2222222222222222,27,1142477.6,Lower,True,Risk On,True,35.242857142857154,,,0.054857451695712045,2.327724412277317,False,False,No setup,Neutral,0,Not applicable,No directional setup; confirmation score not applicable.,Narrow CPR,Not applicable,Not applicable,Narrow CPR; Wide CPR rules not applied,0,0,0,0
2026-09-23,2026-09-23,CM,NSE,STK,16921,INE144J01027,20MICRONS,EQ,,,,,20 MICRONS LTD,220.8,223.95,215.8,219.21,219.0,216.45,,219.25,,,104573,23012738.72,3299,F1,1,,,,,,Cash Only,Unclassified,False,219.65333333333334,219.875,219.43166666666667,219.875,219.43166666666667,0.44333333333332803,0.20224138193208704,Narrow,Bearish,Below CPR,False,True,0.2,60,30254969.009999998,Higher,True,Risk On,True,9.435000000000002,205.60379999999998,196.71920000000003,0.04698816463522289,0.7606267490273658,True,True,No setup,Neutral,0,Not applicable,No directional setup; confirmation score not applicable.,Narrow CPR,Not applicable,Not applicable,Narrow CPR; Wide CPR rules not applied,0,0,0,0
2026-09-23,2026-09-23,CM,NSE,STK,4934,INE0D6701023,IPL,EQ,,,,,INDIA PESTICIDES LIMITED,133.9,134.85,133.0,133.52,133.99,133.47,,133.54,,,166962,22306615.39,2423,F1,1,,,,,,Cash Only,Unclassified,False,133.79,133.925,133.65499999999997,133.925,133.65499999999997,0.27000000000003865,0.20221689634514578,Narrow,Bearish,Below CPR,False,True,0.2833333333333333,60,17316167.34,Overlapping,True,Risk On,False,4.176428571428569,142.384,152.4205,0.0646485377116563,1.2881958779915557,False,False,No setup,Neutral,0,Not applicable,No directional setup; confirmation score not applicable.,Narrow CPR,Not applicable,Not applicable,Narrow CPR; Wide CPR rules not applied,0,0,0,0
2026-09-23,2026-09-23,CM,NSE,STK,18039,INE837H01020,ADVENZYMES,EQ,,,,,ADVANCED ENZYME TECH LTD,297.0,300.8,295.0,297.0,296.75,296.6,,297.0,,,216525,64423414.05,5579,F1,1,,,,,,Cash Only,Unclassified,False,297.59999999999997,297.9,297.29999999999995,297.9,297.29999999999995,0.6000000000000227,0.2020202020202097,Narrow,Bearish,Below CPR,False,True,0.3333333333333333,60,59829359.375,Overlapping,True,Risk On,False,8.189285714285717,305.357,332.08299999999997,0.07326646314871622,1.0767859579810184,False,False,No setup,Neutral,0,Not applicable,No directional setup; confirmation score not applicable.,Narrow CPR,Not applicable,Not applicable,Narrow CPR; Wide CPR rules not applied,0,0,0,0
2026-09-23,2026-09-23,CM,NSE,STK,9879,INE974B01016,CHEVIOT,EQ,,,,,CHEVIOT COMPANY LIMITED,1171.7,1189.8,1170.7,1176.7,1189.0,1170.4,,1176.7,,,676,797649.0,105,F1,1,,,,,,Cash Only,Unclassified,False,1179.0666666666666,1180.25,1177.8833333333332,1180.25,1177.8833333333332,2.366666666666788,0.2011274468145481,Narrow,Bearish,Below CPR,False,True,0.4666666666666667,60,1674091.05,Higher,True,Risk On,False,33.12857142857144,1158.3799999999999,1151.344,0.07143883857985127,0.4764669161811719,True,True,No setup,Neutral,0,Not applicable,No directional setup; confirmation score not applicable.,Narrow CPR,Not applicable,Not applicable,Narrow CPR; Wide CPR rules not applied,0,0,0,0
2026-09-23,2026-09-23,CM,NSE,STK,762563,INE704G01024,BAJAJST,EQ,,,,,BAJAJ STEEL INDS. LTD.,354.6,354.6,347.1,349.8,352.0,348.05,,349.72,,,3742,1310296.35,290,F1,1,,,,,,Cash Only,Unclassified,False,350.5,350.85,350.15,350.85,350.15,0.7000000000000455,0.20011435105776026,Narrow,Bearish,Below CPR,False,True,0.25,60,3602984.275,Overlapping,True,Risk On,True,12.496428571428567,371.85699999999997,386.7335,0.056016004572738726,0.3636697387473333,False,False,No setup,Neutral,0,Not applicable,No directional setup; confirmation score not applicable.,Narrow CPR,Not applicable,Not applicable,Narrow CPR; Wide CPR rules not applied,0,0,0,0
2026-09-23,2026-09-23,CM,NSE,STK,29678,INE0O9T01021,BAJAJINDEF,EQ,,,,,INDEF MANUFACTURING LTD,223.0,228.0,217.12,221.9,221.0,219.02,,221.9,,,34631,7761188.16,741,F1,1,,,,,,Cash Only,Unclassified,False,222.34,222.56,222.12,222.56,222.12,0.4399999999999977,0.19828751689950327,Narrow,Bearish,Below CPR,False,True,0.21666666666666667,60,3889340.1550000003,Higher,True,Risk On,True,7.4571428571428555,225.77259999999998,243.35530000000003,0.059003831417624227,1.9955025404559914,False,False,No setup,Neutral,0,Not applicable,No directional setup; confirmation score not applicable.,Narrow CPR,Not applicable,Not applicable,Narrow CPR; Wide CPR rules not applied,0,0,0,0
2026-09-23,2026-09-23,CM,NSE,STK,18026,INE423Y01016,SBFC,EQ,,,,,SBFC FINANCE LIMITED,90.84,92.4,90.56,91.21,91.3,90.41,,91.21,,,1300327,118821571.77,11606,F1,1,,,,,,Cash Only,Financial Services,True,91.39,91.48,91.3,91.48,91.3,0.18000000000000682,0.19734678215108742,Narrow,Bearish,Below CPR,False,True,0.36666666666666664,60,79882659.99,Higher,True,Risk On,False,2.741428571428571,94.42019999999998,93.3653,0.06565919749869974,1.4874513666028963,False,False,No setup,Neutral,0,Not applicable,No directional setup; confirmation score not applicable.,Narrow CPR,Not applicable,Not applicable,Narrow CPR; Wide CPR rules not applied,0,0,0,0
2026-09-23,2026-09-23,CM,NSE,STK,25178,INE419M01035,TDPOWERSYS,EQ,,,,,TD POWER SYSTEMS LTD.,760.0,783.35,752.15,765.5,763.0,756.4,,765.48,,,1842284,1408665114.3,71833,F1,1,,,,,,Cash Only,Unclassified,False,767.0,767.75,766.25,767.75,766.25,1.5,0.1959503592423253,Narrow,Bearish,Below CPR,False,True,0.16666666666666666,60,1284040695.65,Higher,True,Risk On,True,41.03214285714285,1033.422,1128.838,0.03655670641483158,1.0970564399338707,False,False,No setup,Neutral,0,Not applicable,No directional setup; confirmation score not applicable.,Narrow CPR,Not applicable,Not applicable,Narrow CPR; Wide CPR rules not applied,0,0,0,0
2026-09-23,2026-09-23,CM,NSE,STK,16658,INE0A0S01028,SIGMA,EQ,,,,,SIGMA SOLVE LIMITED,46.46,46.5,45.85,46.04,45.85,46.46,,46.04,,,78069,3602268.55,591,F1,1,,,,,,Cash Only,Unclassified,False,46.129999999999995,46.175,46.084999999999994,46.175,46.084999999999994,0.09000000000000341,0.19548218940052872,Narrow,Bearish,Below CPR,False,True,0.2,60,3585254.99,Lower,True,Risk On,True,1.9914285714285695,45.206,42.721000000000004,0.045193687230991715,1.0047454253734962,True,True,No setup,Neutral,0,Not applicable,No directional setup; confirmation score not applicable.,Narrow CPR,Not applicable,Not applicable,Narrow CPR; Wide CPR rules not applied,0,0,0,0
2026-09-23,2026-09-23,CM,NSE,STK,11905,INE955D01029,GENUSPOWER,EQ,,,,,GENUS POWER INFRASTRU LTD,310.0,312.4,306.1,308.35,308.7,309.45,,308.38,,,967695,298391426.6,14637,F1,1,,,,,,Cash Only,Unclassified,False,308.95,309.25,308.65,309.25,308.65,0.6000000000000227,0.1945840765364108,Narrow,Bearish,Below CPR,False,True,0.23333333333333334,60,520114958.5,Lower,True,Risk On,True,10.199999999999985,319.534,318.344,0.05882352941176702,0.5737028357356887,False,False,No setup,Neutral,0,Not applicable,No directional setup; confirmation score not applicable.,Narrow CPR,Not applicable,Not applicable,Narrow CPR; Wide CPR rules not applied,0,0,0,0
2026-09-23,2026-09-23,CM,NSE,STK,2955,INE303R01014,KALYANKJIL,EQ,,,,,KALYAN JEWELLERS IND LTD,585.0,589.35,582.55,584.25,584.25,583.1,,584.24,,,2741044,1604928344.9,33896,F1,1,,,,,,F&O + Cash,Consumer Durables,True,585.3833333333333,585.95,584.8166666666666,585.95,584.8166666666666,1.1333333333334394,0.193980887177311,Narrow,Bearish,Below CPR,False,True,0.11666666666666667,60,6586320328.475,Overlapping,True,Risk On,True,17.100000000000023,595.3919999999999,487.31800000000004,0.0662768031189145,0.24367602315990086,False,True,No setup,Neutral,0,Not applicable,No directional setup; confirmation score not applicable.,Narrow CPR,Not applicable,Not applicable,Narrow CPR; Wide CPR rules not applied,0,0,0,0
2026-09-23,2026-09-23,CM,NSE,STK,8311,INE472A01039,BLUESTARCO,EQ,,,,,BLUE STAR LIMITED,1533.0,1547.9,1526.2,1532.6,1532.6,1525.0,,1532.69,,,110416,169677547.4,8391,F1,1,,,,,,F&O + Cash,Consumer Durables,True,1535.5666666666668,1537.0500000000002,1534.0833333333335,1537.0500000000002,1534.0833333333335,2.966666666666697,0.1935708382269801,Narrow,Bearish,Below CPR,False,True,0.18333333333333332,60,588257540.05,Inside,True,Risk On,True,51.92142857142859,1562.0480000000002,1602.85,0.057137616361719275,0.28844092229668317,False,False,No setup,Neutral,0,Not applicable,No directional setup; confirmation score not applicable.,Narrow CPR,Not applicable,Not applicable,Narrow CPR; Wide CPR rules not applied,0,0,0,0
2026-09-23,2026-09-23,CM,NSE,STK,13771,INE273D01027,VGL,EQ,,,,,VARVEE GLOBAL LIMITED,69.6,72.5,69.17,70.63,70.2,68.34,,70.63,,,345260,24294068.35,1636,F1,1,,,,,,Cash Only,Unclassified,False,70.76666666666667,70.83500000000001,70.69833333333332,70.83500000000001,70.69833333333332,0.13666666666668448,0.19349662560765182,Narrow,Bearish,Below CPR,False,True,0.21666666666666667,60,1402722.8199999998,Higher,True,Risk On,True,4.919285714285715,60.591,63.16309999999999,0.02778181114176829,17.319222303662247,True,True,No setup,Neutral,0,Not applicable,No directional setup; confirmation score not applicable.,Narrow CPR,Not applicable,Not applicable,Narrow CPR; Wide CPR rules not applied,0,0,0,0
2026-09-23,2026-09-23,CM,NSE,STK,760740,INE121R01077,AMAGI,EQ,,,,,AMAGI MEDIA LABS LIMITED,583.0,591.0,569.75,578.7,578.9,581.1,,578.51,,,388203,226638222.95,15942,F1,1,,,,,,Cash Only,Unclassified,False,579.8166666666667,580.375,579.2583333333334,580.375,579.2583333333334,1.1166666666665606,0.19296123495188533,Narrow,Bearish,Below CPR,False,True,0.13333333333333333,60,224578807.95,Lower,True,Risk On,True,20.207142857142873,600.879,531.7689999999999,0.055260987392477326,1.0091701216993658,False,True,No setup,Neutral,0,Not applicable,No directional setup; confirmation score not applicable.,Narrow CPR,Not applicable,Not applicable,Narrow CPR; Wide CPR rules not applied,0,0,0,0
2026-09-23,2026-09-23,CM,NSE,STK,12978,INF277K010X4,NPBET,EQ,,,,,TATAAML - NPBET,285.11,285.64,284.0,284.0,284.0,284.26,,284.0,,,14232,4041996.79,17,F1,1,,,,,,Cash Only,Unclassified,False,284.5466666666667,284.82,284.27333333333337,284.82,284.27333333333337,0.5466666666666242,0.19248826291078316,Narrow,Bearish,Below CPR,False,True,0.4666666666666667,60,164251.22,Outside,True,Risk On,False,5.184999999999994,285.6678,282.79949999999997,0.10543233686916582,24.60862567717914,False,True,No setup,Neutral,0,Not applicable,No directional setup; confirmation score not applicable.,Narrow CPR,Not applicable,Not applicable,Narrow CPR; Wide CPR rules not applied,0,0,0,0
2026-09-23,2026-09-23,CM,NSE,STK,1756,INE197D01010,JINDALPOLY,EQ,,,,,JINDAL POLY FILMS LIMITED,721.95,729.5,705.0,715.2,712.6,721.9,,715.22,,,13978,9976012.4,1035,F1,1,,,,,,Cash Only,Unclassified,False,716.5666666666666,717.25,715.8833333333332,717.25,715.8833333333332,1.366666666666788,0.1910887397464748,Narrow,Bearish,Below CPR,False,True,0.2,60,10057746.350000001,Lower,True,Risk On,True,34.6,661.68,672.0060000000001,0.0394990366088667,0.9918735323843197,True,True,No setup,Neutral,0,Not applicable,No directional setup; confirmation score not applicable.,Narrow CPR,Not applicable,Not applicable,Narrow CPR; Wide CPR rules not applied,0,0,0,0
2026-09-23,2026-09-23,CM,NSE,STK,7425,INE558R01013,HECPROJECT,EQ,,,,,HEC INFRA PROJECTS LTD,115.69,117.5,114.0,115.42,115.35,115.68,,115.42,,,6902,799302.86,162,F1,1,,,,,,Cash Only,Unclassified,False,115.64,115.75,115.53,115.75,115.53,0.21999999999999886,0.1906082134811981,Narrow,Bearish,Below CPR,False,True,0.16666666666666666,60,1315952.0499999998,Lower,True,Risk On,True,6.477857142857144,124.91779999999999,125.91390000000001,0.0339618480538095,0.6073951250731363,False,False,No setup,Neutral,0,Not applicable,No directional setup; confirmation score not applicable.,Narrow CPR,Not applicable,Not applicable,Narrow CPR; Wide CPR rules not applied,0,0,0,0
2026-09-23,2026-09-23,CM,NSE,STK,14296,INE807F01027,VIYASH,EQ,,,,,VIYASH SCIENTIFIC LIMITED,252.9,257.45,251.5,253.75,254.2,251.5,,253.74,,,1936724,493063770.95,31967,F1,1,,,,,,Cash Only,Unclassified,False,254.23333333333335,254.475,253.9916666666667,254.475,253.9916666666667,0.48333333333329165,0.19047619047617403,Narrow,Bearish,Below CPR,False,True,0.15,60,561601389.15,Inside,True,Risk On,True,7.62499999999999,261.594,257.2088,0.06338797814207112,0.8779603834247389,False,False,No setup,Neutral,0,Not applicable,No directional setup; confirmation score not applicable.,Narrow CPR,Not applicable,Not applicable,Narrow CPR; Wide CPR rules not applied,0,0,0,0
2026-09-23,2026-09-23,CM,NSE,STK,15555,INE075I01017,HCG,EQ,,,,,HEALTHCARE GLOB. ENT. LTD,713.1,723.25,706.2,712.7,706.2,713.1,,712.7,,,81683,58454781.55,11869,F1,1,,,,,,Cash Only,Unclassified,False,714.0500000000001,714.725,713.3750000000001,714.725,713.3750000000001,1.349999999999909,0.18942051354004616,Narrow,Bearish,Below CPR,False,True,0.26666666666666666,60,87471471.075,Higher,True,Risk On,False,22.535714285714285,694.538,663.679,0.059904912836763004,0.668272533108304,True,True,No setup,Neutral,0,Not applicable,No directional setup; confirmation score not applicable.,Narrow CPR,Not applicable,Not applicable,Narrow CPR; Wide CPR rules not applied,0,0,0,0
2026-09-23,2026-09-23,CM,NSE,STK,5204,INE131A01031,GMDCLTD,EQ,,,,,GUJARAT MINERAL DEV CORP,557.0,561.85,554.7,556.7,557.5,563.65,,556.71,,,588607,328341823.65,16439,F1,1,,,,,,Cash Only,Metals & Mining,True,557.7500000000001,558.2750000000001,557.2250000000001,558.2750000000001,557.2250000000001,1.0499999999999545,0.18861146039158513,Narrow,Bearish,Below CPR,False,True,0.2,60,454276377.95000005,Lower,True,Risk On,True,14.432142857142853,570.3439999999999,602.386,0.07275426874535693,0.7227798749556353,False,False,No setup,Neutral,0,Not applicable,No directional setup; confirmation score not applicable.,Narrow CPR,Not applicable,Not applicable,Narrow CPR; Wide CPR rules not applied,0,0,0,0
2026-09-23,2026-09-23,CM,NSE,STK,4471,INE579B01039,ELPROINTL,EQ,,,,,ELPRO INTERNATIONAL LTD,171.46,172.89,171.08,171.5,171.5,172.24,,171.5,,,3459,593442.32,119,F1,1,,,,,,Cash Only,Unclassified,False,171.82333333333335,171.985,171.6616666666667,171.985,171.6616666666667,0.3233333333333235,0.18853255587948892,Narrow,Bearish,Below CPR,False,True,0.4166666666666667,60,4450505.35,Higher,True,Risk On,False,3.1021428571428595,175.0534,170.0488,0.10422902755391493,0.13334268208440644,False,True,No setup,Neutral,0,Not applicable,No directional setup; confirmation score not applicable.,Narrow CPR,Not applicable,Not applicable,Narrow CPR; Wide CPR rules not applied,0,0,0,0
2026-09-23,2026-09-23,CM,NSE,STK,29256,INE0R4L01018,DENTA,EQ,,,,,DENTA WATER N INFRA SOL L,273.9,278.4,272.75,274.8,275.1,272.65,,274.84,,,74195,20406442.95,1651,F1,1,,,,,,Cash Only,Unclassified,False,275.31666666666666,275.575,275.05833333333334,275.575,275.05833333333334,0.5166666666666515,0.18801552644346853,Narrow,Bearish,Below CPR,False,True,0.16666666666666666,60,49199765.825,Overlapping,True,Risk On,True,11.110714285714279,306.31100000000004,296.788,0.04650166077359772,0.41476707475771807,False,False,No setup,Neutral,0,Not applicable,No directional setup; confirmation score not applicable.,Narrow CPR,Not applicable,Not applicable,Narrow CPR; Wide CPR rules not applied,0,-2,0,-2
2026-09-23,2026-09-23,CM,NSE,STK,23142,INE772T01024,PVSL,EQ,,,,,POPULAR VEHICLES N SER L,98.92,100.37,97.6,98.71,98.9,99.92,,98.7,,,56036,5530333.41,800,F1,1,,,,,,Cash Only,Unclassified,False,98.89333333333333,98.985,98.80166666666666,98.985,98.80166666666666,0.18333333333333712,0.1857292405362548,Narrow,Bearish,Below CPR,False,True,0.13333333333333333,60,3028326.865,Lower,True,Risk On,True,4.071428571428574,105.97399999999999,102.19060000000002,0.04502923976608277,1.8262009540373707,False,False,No setup,Neutral,0,Not applicable,No directional setup; confirmation score not applicable.,Narrow CPR,Not applicable,Not applicable,Narrow CPR; Wide CPR rules not applied,0,0,0,0
2026-09-23,2026-09-23,CM,NSE,STK,15409,INE317F01035,NESCO,EQ,,,,,NESCO LTD.,1069.0,1094.0,1069.0,1078.5,1074.1,1069.0,,1078.5,,,47959,51768295.6,6316,F1,1,,,,,,Cash Only,Unclassified,False,1080.5,1081.5,1079.5,1081.5,1079.5,2.0,0.18544274455261936,Narrow,Bearish,Below CPR,False,True,0.2833333333333333,60,39957393.55,Higher,True,Risk On,False,35.38571428571429,1059.792,1112.436,0.05651998385143318,1.2955873994939293,True,False,No setup,Neutral,0,Not applicable,No directional setup; confirmation score not applicable.,Narrow CPR,Not applicable,Not applicable,Narrow CPR; Wide CPR rules not applied,0,0,-2,-2
2026-09-23,2026-09-23,CM,NSE,STK,764480,INE0XNF01022,ARDEE,EQ,,,,,ARDEE INDUSTRIES LIMITED,52.5,53.19,51.6,52.25,52.08,52.08,,52.25,,,3110150,163464492.27,19664,F1,1,,,,,,Cash Only,Unclassified,False,52.346666666666664,52.394999999999996,52.29833333333333,52.394999999999996,52.29833333333333,0.09666666666666401,0.1850079744816536,Narrow,Bearish,Below CPR,False,True,0.1,30,261757266.89000002,Higher,True,Risk On,True,2.424285714285715,,,0.03987428795914248,0.6244888411777839,False,False,No setup,Neutral,0,Not applicable,No directional setup; confirmation score not applicable.,Narrow CPR,Not applicable,Not applicable,Narrow CPR; Wide CPR rules not applied,0,0,0,0
2026-09-23,2026-09-23,CM,NSE,STK,20203,INE550C01020,URJA,EQ,,,,,URJA GLOBAL LIMITED,9.05,9.15,9.0,9.05,9.07,9.04,,9.05,,,485177,4394038.77,1892,F1,1,,,,,,Cash Only,Unclassified,False,9.066666666666666,9.075,9.058333333333334,9.075,9.058333333333334,0.01666666666666572,0.1841620626150908,Narrow,Bearish,Below CPR,False,True,0.3,60,5799979.925000001,Higher,True,Risk On,False,0.26642857142857146,9.2752,9.828299999999999,0.06255585344056838,0.7575955135741266,False,False,No setup,Neutral,0,Not applicable,No directional setup; confirmation score not applicable.,Narrow CPR,Not applicable,Not applicable,Narrow CPR; Wide CPR rules not applied,0,0,0,0
2026-09-23,2026-09-23,CM,NSE,STK,20110,INE999K01014,GREENPOWER,EQ,,,,,ORIENT GREEN POWER CO LTD,9.18,9.18,9.03,9.08,9.07,9.0,,9.08,,,2257309,20499778.09,3049,F1,1,,,,,,Cash Only,Unclassified,False,9.096666666666666,9.105,9.088333333333331,9.105,9.088333333333331,0.016666666666669272,0.18355359765054263,Narrow,Bearish,Below CPR,False,True,0.21666666666666667,60,18369379.88,Higher,True,Risk On,True,0.3371428571428572,9.5812,10.3379,0.04943502824859529,1.115975510546195,False,False,No setup,Neutral,0,Not applicable,No directional setup; confirmation score not applicable.,Narrow CPR,Not applicable,Not applicable,Narrow CPR; Wide CPR rules not applied,0,-2,0,-2
2026-09-23,2026-09-23,CM,NSE,STK,758748,INE0PKD01011,MEIL,EQ,,,,,MANGAL ELECTRICAL IND L,274.45,284.0,266.0,274.25,276.0,271.75,,274.31,,,56811,15710471.9,2050,F1,1,,,,,,Cash Only,Unclassified,False,274.75,275.0,274.5,275.0,274.5,0.5,0.18231540565177756,Narrow,Bearish,Below CPR,False,True,0.13333333333333333,60,14399602.27,Higher,True,Risk On,True,11.164285714285715,281.379,265.1355,0.044785668586052464,1.0910351275973125,False,True,No setup,Neutral,0,Not applicable,No directional setup; confirmation score not applicable.,Narrow CPR,Not applicable,Not applicable,Narrow CPR; Wide CPR rules not applied,0,0,0,0
2026-09-23,2026-09-23,CM,NSE,STK,22730,INE0QTF01015,VSTL,EQ,,,,,VIBHOR STEEL TUBES LTD,114.95,115.08,112.5,113.48,113.65,114.19,,113.47,,,4457,505490.82,320,F1,1,,,,,,Cash Only,Unclassified,False,113.68666666666667,113.78999999999999,113.58333333333334,113.78999999999999,113.58333333333334,0.20666666666664923,0.1821172600164339,Narrow,Bearish,Below CPR,False,True,0.31666666666666665,60,1059330.145,Lower,True,Risk On,False,4.522857142857143,112.0706,115.5152,0.0456938302800551,0.47717968037244896,True,False,No setup,Neutral,0,Not applicable,No directional setup; confirmation score not applicable.,Narrow CPR,Not applicable,Not applicable,Narrow CPR; Wide CPR rules not applied,0,0,0,0
2026-09-23,2026-09-23,CM,NSE,STK,10227,INE00VM01036,MANORAMA,EQ,,,,,MANORAMA INDUSTRIES LTD,1925.3,1955.0,1914.3,1929.4,1920.1,1911.0,,1929.36,,,141711,274159050.5,23747,F1,1,,,,,,Cash Only,Unclassified,False,1932.9000000000003,1934.65,1931.1500000000005,1934.65,1931.1500000000005,3.4999999999995453,0.18140354514354437,Narrow,Bearish,Below CPR,False,True,0.18333333333333332,60,276445874.15,Higher,True,Risk On,True,79.5071428571429,1797.984,1652.6330000000003,0.04402120204832774,0.9917277707362016,True,True,No setup,Neutral,0,Not applicable,No directional setup; confirmation score not applicable.,Narrow CPR,Not applicable,Not applicable,Narrow CPR; Wide CPR rules not applied,0,0,0,0
2026-09-23,2026-09-23,CM,NSE,STK,9039,INE527H01019,UFO,EQ,,,,,UFO MOVIEZ INDIA LTD.,61.2,61.5,60.11,60.64,60.6,60.64,,60.64,,,36229,2207926.22,356,F1,1,,,,,,Cash Only,Unclassified,False,60.75,60.805,60.695,60.805,60.695,0.10999999999999943,0.1813984168865426,Narrow,Bearish,Below CPR,False,True,0.31666666666666665,60,2030711.155,Overlapping,True,Risk On,False,2.072142857142858,65.7242,69.4091,0.053085143054118974,1.0872674897971888,False,False,No setup,Neutral,0,Not applicable,No directional setup; confirmation score not applicable.,Narrow CPR,Not applicable,Not applicable,Narrow CPR; Wide CPR rules not applied,0,0,0,0
2026-09-23,2026-09-23,CM,NSE,STK,11480,INE524L01026,KRIDHANINF,EQ,,,,,KRIDHAN INFRA LIMITED,1.86,1.86,1.83,1.84,1.85,1.85,,1.84,,,19835,36743.52,44,F1,1,,,,,,Cash Only,Unclassified,False,1.8433333333333335,1.8450000000000002,1.8416666666666668,1.8450000000000002,1.8416666666666668,0.0033333333333334103,0.18115942028985924,Narrow,Bearish,Below CPR,False,True,0.13333333333333333,60,177662.925,Overlapping,True,Risk On,True,0.17071428571428562,2.6122,2.8372,0.019525801952580656,0.20681591277414801,False,False,No setup,Neutral,0,Not applicable,No directional setup; confirmation score not applicable.,Narrow CPR,Not applicable,Not applicable,Narrow CPR; Wide CPR rules not applied,0,0,0,0
2026-09-23,2026-09-23,CM,NSE,STK,14627,INE788H01017,HILTON,EQ,,,,,HILTON METAL FORGING LTD,16.59,17.05,16.5,16.73,16.75,16.59,,16.76,,,104278,1748397.73,539,F1,1,,,,,,Cash Only,Unclassified,False,16.76,16.775,16.745000000000005,16.775,16.745000000000005,0.02999999999999403,0.1793185893603947,Narrow,Bearish,Below CPR,False,True,0.08333333333333333,60,5244516.915,Higher,True,Risk On,True,0.7799999999999991,21.2404,21.3398,0.03846153846153085,0.33337631631987974,False,False,No setup,Neutral,0,Not applicable,No directional setup; confirmation score not applicable.,Narrow CPR,Not applicable,Not applicable,Narrow CPR; Wide CPR rules not applied,0,0,-2,-2
2026-09-23,2026-09-23,CM,NSE,STK,2306,INE052T01021,BESTAGRO,EQ,,,,,BEST AGROLIFE LIMITED,18.35,18.93,18.35,18.59,18.5,18.34,,18.59,,,530764,9871501.74,1683,F1,1,,,,,,Cash Only,Unclassified,False,18.623333333333335,18.64,18.60666666666667,18.64,18.60666666666667,0.03333333333333144,0.17930787161555373,Narrow,Bearish,Below CPR,False,True,0.26666666666666666,60,10144644.955,Higher,True,Risk On,False,1.0164285714285715,18.102,17.314,0.032794565472005634,0.9730751331158835,True,True,No setup,Neutral,0,Not applicable,No directional setup; confirmation score not applicable.,Narrow CPR,Not applicable,Not applicable,Narrow CPR; Wide CPR rules not applied,0,0,0,0
2026-09-23,2026-09-23,CM,NSE,STK,7145,INE463V01026,ANANDRATHI,EQ,,,,,ANAND RATHI WEALTH LTD,2179.0,2190.0,2160.0,2169.2,2170.1,2179.0,,2169.24,,,336940,730702747.2,35266,F1,1,,,,,,Cash Only,Financial Services,True,2173.0666666666666,2175.0,2171.133333333333,2175.0,2171.133333333333,3.866666666666788,0.17825311942959562,Narrow,Bearish,Below CPR,False,True,0.36666666666666664,60,435051958.85,Lower,True,Risk On,False,45.19999999999998,2145.078,2375.7859999999996,0.08554572271386703,1.6795758123501205,True,False,No setup,Neutral,0,Not applicable,No directional setup; confirmation score not applicable.,Narrow CPR,Not applicable,Not applicable,Narrow CPR; Wide CPR rules not applied,0,0,0,0
2026-09-23,2026-09-23,CM,NSE,STK,17651,INE637C01025,POKARNA,EQ,,,,,POKARNA LIMITED,737.0,750.0,736.05,741.05,743.0,732.55,,741.06,,,57910,43012105.95,3635,F1,1,,,,,,Cash Only,Unclassified,False,742.3666666666667,743.025,741.7083333333334,743.025,741.7083333333334,1.316666666666606,0.1776758203449978,Narrow,Bearish,Below CPR,False,True,0.15,60,47732441.599999994,Higher,True,Risk On,True,35.44285714285714,884.6590000000001,897.2554999999999,0.0371489990595173,0.9011084392129651,False,False,No setup,Neutral,0,Not applicable,No directional setup; confirmation score not applicable.,Narrow CPR,Not applicable,Not applicable,Narrow CPR; Wide CPR rules not applied,0,0,0,0
2026-09-23,2026-09-23,CM,NSE,STK,4235,INE274C01019,WENDT,EQ,,,,,WENDT (INDIA) LIMITED,8680.0,8815.0,8588.0,8678.5,8689.5,8627.0,,8678.38,,,8377,72780531.0,2450,F1,1,,,,,,Cash Only,Unclassified,False,8693.833333333334,8701.5,8686.166666666668,8701.5,8686.166666666668,15.33333333333212,0.17668183825928582,Narrow,Bearish,Below CPR,False,True,0.23333333333333334,60,42369177.25,Inside,True,Risk On,True,376.35714285714283,8172.42,7757.29,0.040741443664196186,1.7177706937889619,True,True,No setup,Neutral,0,Not applicable,No directional setup; confirmation score not applicable.,Narrow CPR,Not applicable,Not applicable,Narrow CPR; Wide CPR rules not applied,0,0,0,0
2026-09-23,2026-09-23,CM,NSE,STK,3466,INE305A01023,TFCILTD,EQ,,,,,TOURISM FINANCE CORP. OF,141.8,142.99,140.86,141.55,141.0,140.8,,141.55,,,11104195,1571273009.92,32258,F1,1,,,,,,Cash Only,Unclassified,False,141.8,141.925,141.675,141.925,141.675,0.25,0.17661603673613563,Narrow,Bearish,Below CPR,False,True,0.15,60,1347569336.3600001,Inside,True,Risk On,True,4.320714285714287,120.60520000000001,98.3981,0.05786080343858488,1.1660053160338741,True,True,No setup,Neutral,0,Not applicable,No directional setup; confirmation score not applicable.,Narrow CPR,Not applicable,Not applicable,Narrow CPR; Wide CPR rules not applied,0,0,0,0
2026-09-23,2026-09-23,CM,NSE,STK,13761,INE464A01036,BBL,EQ,,,,,BHARAT BIJLEE LTD,2224.9,2258.8,2215.2,2231.1,2234.0,2220.4,,2232.1,,,16265,36356091.1,3222,F1,1,,,,,,Cash Only,Unclassified,False,2235.0333333333333,2237.0,2233.0666666666666,2237.0,2233.0666666666666,3.933333333333394,0.1762956986837611,Narrow,Bearish,Below CPR,False,True,0.26666666666666666,60,57990717.45,Higher,True,Risk On,False,59.22857142857145,2375.59,2570.23,0.06640939057726422,0.6269294931787398,False,False,No setup,Neutral,0,Not applicable,No directional setup; confirmation score not applicable.,Narrow CPR,Not applicable,Not applicable,Narrow CPR; Wide CPR rules not applied,0,0,0,0
2026-09-23,2026-09-23,CM,NSE,STK,757336,INE0INX01018,AEGISVOPAK,EQ,,,,,AEGIS VOPAK TERMINALS LTD,300.2,308.0,299.2,302.8,302.6,301.4,,302.79,,,1254083,381498752.75,32072,F1,1,,,,,,Cash Only,Oil Gas & Consumable Fuels,True,303.3333333333333,303.6,303.0666666666666,303.6,303.0666666666666,0.5333333333334167,0.17613386173494608,Narrow,Bearish,Below CPR,False,True,0.08333333333333333,60,385182865.2,Lower,True,Risk On,True,14.271428571428572,285.4602,254.0136,0.037370704037376544,0.9904354196854341,True,True,No setup,Neutral,0,Not applicable,No directional setup; confirmation score not applicable.,Narrow CPR,Not applicable,Not applicable,Narrow CPR; Wide CPR rules not applied,0,0,0,0
2026-09-23,2026-09-23,CM,NSE,STK,25,INE423A01024,ADANIENT,EQ,,,,,ADANI ENTERPRISES LIMITED,3015.5,3023.9,2978.2,2993.2,2993.2,2997.0,,2993.18,,,855435,2565963177.4,35686,F1,1,,,,,,F&O + Cash,Metals & Mining,True,2998.433333333333,3001.05,2995.8166666666657,3001.05,2995.8166666666657,5.233333333334485,0.1748407501448111,Narrow,Bearish,Below CPR,False,True,0.25,60,3369803204.35,Overlapping,True,Risk On,True,76.5857142857143,3024.9179999999997,2959.05,0.06833302244607609,0.7614578721059018,False,True,No setup,Neutral,0,Not applicable,No directional setup; confirmation score not applicable.,Narrow CPR,Not applicable,Not applicable,Narrow CPR; Wide CPR rules not applied,0,0,0,0
2026-09-23,2026-09-23,CM,NSE,STK,764050,INE724A01017,GYFTR,EQ,,,,,GYFTR LIMITED,169.8,170.48,166.46,168.03,168.9,168.5,,168.07,,,48837,8237639.73,2136,F1,1,,,,,,Cash Only,Unclassified,False,168.32333333333335,168.47,168.1766666666667,168.47,168.1766666666667,0.2933333333332939,0.17457200103153836,Narrow,Bearish,Below CPR,False,True,0.20754716981132076,53,6447188.53,Lower,True,Risk On,True,8.098571428571427,165.0816,,0.03622037984358895,1.2777103836298083,True,False,No setup,Neutral,0,Not applicable,No directional setup; confirmation score not applicable.,Narrow CPR,Not applicable,Not applicable,Narrow CPR; Wide CPR rules not applied,0,0,0,0
2026-09-23,2026-09-23,CM,NSE,STK,16123,INE316L01019,BHARATWIRE,EQ,,,,,BHARAT WIRE ROPES LTD.,167.89,173.2,167.89,170.1,170.59,167.89,,170.1,,,109975,18808163.29,2426,F1,1,,,,,,Cash Only,Unclassified,False,170.39666666666665,170.545,170.2483333333333,170.545,170.2483333333333,0.29666666666668107,0.17440721144425694,Narrow,Bearish,Below CPR,False,True,0.2,60,25087613.259999998,Higher,True,Risk On,True,6.487142857142857,187.8628,203.3114,0.045731483520519,0.749699188004782,False,False,No setup,Neutral,0,Not applicable,No directional setup; confirmation score not applicable.,Narrow CPR,Not applicable,Not applicable,Narrow CPR; Wide CPR rules not applied,0,0,0,0
2026-09-23,2026-09-23,CM,NSE,STK,11309,INE618N01022,BALAXI,EQ,,,,,BALAXI PHARMA LTD,23.12,23.58,22.42,22.94,22.7,23.12,,22.94,,,81169,1857050.52,494,F1,1,,,,,,Cash Only,Unclassified,False,22.98,23.0,22.96,23.0,22.96,0.03999999999999915,0.17436791630339646,Narrow,Bearish,Below CPR,False,True,0.23333333333333334,60,1018986.21,Lower,True,Risk On,True,1.6107142857142858,23.8308,22.2756,0.02483370288248284,1.8224491183251637,False,True,No setup,Neutral,0,Not applicable,No directional setup; confirmation score not applicable.,Narrow CPR,Not applicable,Not applicable,Narrow CPR; Wide CPR rules not applied,0,0,0,0
2026-09-23,2026-09-23,CM,NSE,STK,1008,INE188A01015,FACT,EQ,,,,,FACT LTD,794.75,804.85,792.7,796.7,795.2,798.45,,796.69,,,133669,106707124.4,8100,F1,1,,,,,,Cash Only,Chemicals,True,798.0833333333334,798.7750000000001,797.3916666666667,798.7750000000001,797.3916666666667,1.3833333333334394,0.1736329023890347,Narrow,Bearish,Below CPR,False,True,0.2833333333333333,60,85858607.15,Lower,True,Risk On,False,22.600000000000005,811.703,849.0354999999998,0.06120943952802828,1.2428238465780888,False,False,No setup,Neutral,0,Not applicable,No directional setup; confirmation score not applicable.,Narrow CPR,Not applicable,Not applicable,Narrow CPR; Wide CPR rules not applied,0,0,0,0
2026-09-23,2026-09-23,CM,NSE,STK,11841,INE717A01029,KENNAMET,EQ,,,,,KENNAMETAL INDIA LIMITED,4370.0,4394.7,4261.1,4316.7,4315.0,4379.4,,4316.37,,,27181,117380262.8,5902,F1,1,,,,,,Cash Only,Unclassified,False,4324.166666666667,4327.9,4320.433333333334,4327.9,4320.433333333334,7.466666666665333,0.17297163728462328,Narrow,Bearish,Below CPR,False,True,0.13333333333333333,60,99909360.05,Lower,True,Risk On,True,261.0428571428571,3724.9739999999997,3320.2340000000004,0.02860322151078495,1.1748675273393465,True,True,No setup,Neutral,0,Not applicable,No directional setup; confirmation score not applicable.,Narrow CPR,Not applicable,Not applicable,Narrow CPR; Wide CPR rules not applied,0,0,0,0
2026-09-23,2026-09-23,CM,NSE,STK,419,INE922A01025,BEPL,EQ,,,,,BHANSALI ENG. POLYMERS LT,130.78,132.15,129.5,130.49,130.8,130.23,,130.49,,,778846,101712656.3,9560,F1,1,,,,,,Cash Only,Unclassified,False,130.71333333333334,130.825,130.6016666666667,130.825,130.6016666666667,0.22333333333330074,0.1711497688200634,Narrow,Bearish,Below CPR,False,True,0.26666666666666666,60,157049035.09,Overlapping,True,Risk On,False,5.275714285714286,123.0742,110.66369999999999,0.04233234046393461,0.647649036759198,True,True,No setup,Neutral,0,Not applicable,No directional setup; confirmation score not applicable.,Narrow CPR,Not applicable,Not applicable,Narrow CPR; Wide CPR rules not applied,0,0,0,0
2026-09-23,2026-09-23,CM,NSE,STK,764683,INE194R01017,FREDUN,EQ,,,,,FREDUN PHARMACEUTICALS L,1409.0,1410.0,1385.1,1394.0,1390.0,1382.6,,1394.07,,,52582,73587730.2,4515,F1,1,,,,,,Cash Only,Unclassified,False,1396.3666666666668,1397.55,1395.1833333333336,1397.55,1395.1833333333336,2.366666666666333,0.16977522716401244,Narrow,Bearish,Below CPR,False,True,0.14814814814814814,27,37187660.7,Higher,True,Risk On,True,81.66428571428574,,,0.028980436747422945,1.9788211684958177,False,False,No setup,Neutral,0,Not applicable,No directional setup; confirmation score not applicable.,Narrow CPR,Not applicable,Not applicable,Narrow CPR; Wide CPR rules not applied,0,0,0,0
2026-09-23,2026-09-23,CM,NSE,STK,1922,INE237A01036,KOTAKBANK,EQ,,,,,KOTAK MAHINDRA BANK LTD,414.65,417.25,411.35,413.25,413.25,412.65,,413.25,,,8628172,3572584969.9,83373,F1,1,,,,,,F&O + Cash,Financial Services,True,413.95,414.3,413.59999999999997,414.3,413.59999999999997,0.7000000000000455,0.16938898971567948,Narrow,Bearish,Below CPR,False,True,0.26666666666666666,60,4620684331.475,Inside,True,Risk On,False,6.482142857142857,401.61300000000006,394.5615,0.10798898071626047,0.7731722648882121,True,True,No setup,Neutral,0,Not applicable,No directional setup; confirmation score not applicable.,Narrow CPR,Not applicable,Not applicable,Narrow CPR; Wide CPR rules not applied,0,0,0,0
2026-09-23,2026-09-23,CM,NSE,STK,761469,INE12UN01015,SHADOWFAX,EQ,,,,,SHADOWFAX TECHNOLOGIES L,285.0,290.45,282.5,285.75,284.4,283.05,,285.72,,,5096655,1457585421.5,105413,F1,1,,,,,,Cash Only,Unclassified,False,286.23333333333335,286.475,285.9916666666667,286.475,285.9916666666667,0.4833333333333485,0.16914552347623743,Narrow,Bearish,Below CPR,False,True,0.18333333333333332,60,839421935.235,Higher,True,Risk On,True,11.13928571428571,243.9432,223.9207,0.043389975419473426,1.7364156931304664,True,True,No setup,Neutral,0,Not applicable,No directional setup; confirmation score not applicable.,Narrow CPR,Not applicable,Not applicable,Narrow CPR; Wide CPR rules not applied,0,0,0,0
2026-09-23,2026-09-23,CM,NSE,STK,7242,INE317I01021,METROBRAND,EQ,,,,,METRO BRANDS LIMITED,920.0,920.8,906.0,911.1,907.35,920.3,,911.94,,,27326,24943288.05,5719,F1,1,,,,,,Cash Only,Unclassified,False,912.6333333333333,913.4,911.8666666666667,913.4,911.8666666666667,1.533333333333303,0.16829473530164668,Narrow,Bearish,Below CPR,False,True,0.23333333333333334,60,29494483.25,Lower,True,Risk On,True,22.539285714285718,968.945,1001.4995,0.06802936671420136,0.845693339957058,False,False,No setup,Neutral,0,Not applicable,No directional setup; confirmation score not applicable.,Narrow CPR,Not applicable,Not applicable,Narrow CPR; Wide CPR rules not applied,0,0,0,0
2026-09-23,2026-09-23,CM,NSE,STK,17971,INE018E01016,SBICARD,EQ,,,,,SBI CARDS & PAY SER LTD,636.0,639.85,633.35,635.0,635.0,634.95,,635.0,,,461549,293528004.05,28416,F1,1,,,,,,F&O + Cash,Financial Services,True,636.0666666666667,636.6,635.5333333333334,636.6,635.5333333333334,1.066666666666606,0.16797900262466237,Narrow,Bearish,Below CPR,False,True,0.3,60,975539376.55,Inside,True,Risk On,False,18.778571428571418,646.7760000000001,630.5504999999999,0.05680233295295737,0.30088790991509057,False,True,No setup,Neutral,0,Not applicable,No directional setup; confirmation score not applicable.,Narrow CPR,Not applicable,Not applicable,Narrow CPR; Wide CPR rules not applied,0,0,0,0
2026-09-23,2026-09-23,CM,NSE,STK,3834,INE838B01021,BHARATRAS,EQ,,,,,BHARAT RASAYAN LTD,1129.4,1147.9,1125.8,1134.0,1128.2,1129.4,,1133.99,,,7663,8708019.2,1111,F1,1,,,,,,Cash Only,Unclassified,False,1135.8999999999999,1136.85,1134.9499999999998,1136.85,1134.9499999999998,1.900000000000091,0.16754850088184223,Narrow,Bearish,Below CPR,False,True,0.21666666666666667,60,11835292.25,Higher,True,Risk On,True,40.13571428571436,1262.336,1330.0819999999999,0.04733938423207194,0.7357671459274695,False,False,No setup,Neutral,0,Not applicable,No directional setup; confirmation score not applicable.,Narrow CPR,Not applicable,Not applicable,Narrow CPR; Wide CPR rules not applied,0,0,0,0
2026-09-23,2026-09-23,CM,NSE,STK,765145,INE501F01018,PBMPOLY,EQ,,,,,P B M POLYTEX LTD.,64.0,64.0,63.68,63.68,63.68,65.01,,64.0,,,134,8575.68,7,F1,1,,,,,,Cash Only,Unclassified,False,63.78666666666667,63.84,63.733333333333334,63.84,63.733333333333334,0.10666666666666913,0.167504187604694,Narrow,Bearish,Below CPR,False,True,0.2631578947368421,19,21588.59,Lower,False,Risk On,False,4.681428571428571,,,0.022785067643170096,0.3972320563779293,False,False,No setup,Neutral,0,Not applicable,No directional setup; confirmation score not applicable.,Narrow CPR,Not applicable,Not applicable,Narrow CPR; Wide CPR rules not applied,0,0,0,0
2026-09-23,2026-09-23,CM,NSE,STK,17333,INE998I01010,MHRIL,EQ,,,,,MAHINDRA HOLIDAYS LTD,198.9,204.89,198.9,201.39,202.15,199.07,,201.41,,,137743,27835352.53,3314,F1,1,,,,,,Cash Only,Unclassified,False,201.72666666666666,201.89499999999998,201.55833333333334,201.89499999999998,201.55833333333334,0.3366666666666447,0.1671714914676224,Narrow,Bearish,Below CPR,False,True,0.18333333333333332,60,22187010.795,Higher,True,Risk On,True,5.839285714285714,215.24759999999998,222.6532,0.05765545361875261,1.2545787617443669,False,False,No setup,Neutral,0,Not applicable,No directional setup; confirmation score not applicable.,Narrow CPR,Not applicable,Not applicable,Narrow CPR; Wide CPR rules not applied,0,0,0,0
2026-09-23,2026-09-23,CM,NSE,STK,16859,INE325D01025,SINDHUTRAD,EQ,,,,,SINDHU TRADE LINKS LTD,24.01,24.27,23.77,23.96,24.05,24.11,,23.96,,,211935,5084836.86,790,F1,1,,,,,,Cash Only,Unclassified,False,24.0,24.02,23.98,24.02,23.98,0.03999999999999915,0.16694490818029692,Narrow,Bearish,Below CPR,False,True,0.18333333333333332,60,20076387.509999998,Lower,True,Risk On,True,1.0264285714285715,24.4406,24.7838,0.03897007654836382,0.25327449260815754,False,False,No setup,Neutral,0,Not applicable,No directional setup; confirmation score not applicable.,Narrow CPR,Not applicable,Not applicable,Narrow CPR; Wide CPR rules not applied,0,0,0,0
2026-09-23,2026-09-23,CM,NSE,STK,764186,INE1JCQ01037,ALPINETEX,EQ,,,,,ALPINE TEXWORLD LIMITED,52.36,53.69,51.45,52.44,52.05,52.36,,52.46,,,229195,11968208.22,2194,F1,1,,,,,,Cash Only,Unclassified,False,52.526666666666664,52.57,52.48333333333333,52.57,52.48333333333333,0.08666666666667311,0.16526824307145901,Narrow,Bearish,Below CPR,False,True,0.027777777777777776,36,12074838.135,Overlapping,True,Risk On,True,4.106428571428571,,,0.021105119730969273,0.9911692468414195,False,False,No setup,Neutral,0,Not applicable,No directional setup; confirmation score not applicable.,Narrow CPR,Not applicable,Not applicable,Narrow CPR; Wide CPR rules not applied,0,0,0,0
2026-09-23,2026-09-23,CM,NSE,STK,30244,INE415D01024,BHARATSE,EQ,,,,,BHARAT SEATS LIMITED,219.86,222.59,218.6,220.05,219.51,219.86,,220.06,,,78657,17333138.31,3288,F1,1,,,,,,Cash Only,Unclassified,False,220.41333333333333,220.595,220.23166666666665,220.595,220.23166666666665,0.36333333333334394,0.16511398924487342,Narrow,Bearish,Below CPR,False,True,0.13333333333333333,60,56768655.785,Overlapping,True,Risk On,True,9.323571428571428,223.44819999999999,210.60519999999997,0.03896933016675719,0.30532937710637037,False,True,No setup,Neutral,0,Not applicable,No directional setup; confirmation score not applicable.,Narrow CPR,Not applicable,Not applicable,Narrow CPR; Wide CPR rules not applied,0,0,0,0
2026-09-23,2026-09-23,CM,NSE,STK,11773,INE755Q01025,VISHAL,EQ,,,,,VISHAL FABRICS LTD.,18.08,18.4,18.05,18.18,18.12,18.19,,18.19,,,175136,3185282.88,391,F1,1,,,,,,Cash Only,Unclassified,False,18.21,18.225,18.195,18.225,18.195,0.030000000000001137,0.16501650165017126,Narrow,Bearish,Below CPR,False,True,0.2962962962962963,27,754454.84,Outside,True,Risk On,False,0.9121428571428571,,,0.03288958496476241,4.22196626109523,False,False,No setup,Neutral,0,Not applicable,No directional setup; confirmation score not applicable.,Narrow CPR,Not applicable,Not applicable,Narrow CPR; Wide CPR rules not applied,0,0,0,0
2026-09-23,2026-09-23,CM,NSE,STK,3481,INE332A01027,THOMASCOOK,EQ,,,,,THOMAS COOK (INDIA) LTD,104.6,106.16,104.6,105.12,105.2,104.85,,105.12,,,237088,24963300.22,2985,F1,1,,,,,,Cash Only,Unclassified,False,105.29333333333334,105.38,105.20666666666668,105.38,105.20666666666668,0.1733333333333178,0.16489091831556105,Narrow,Bearish,Below CPR,False,True,0.13333333333333333,60,82304694.25,Higher,True,Risk On,True,3.5949999999999998,105.4524,103.336,0.04821511358367672,0.30330348040871313,False,True,No setup,Neutral,0,Not applicable,No directional setup; confirmation score not applicable.,Narrow CPR,Not applicable,Not applicable,Narrow CPR; Wide CPR rules not applied,0,0,0,0
2026-09-23,2026-09-23,CM,NSE,STK,25426,INE850M01015,NORTHARC,EQ,,,,,NORTHERN ARC CAPITAL LTD,317.7,317.75,311.4,313.8,314.9,315.9,,313.74,,,587471,184703006.2,14867,F1,1,,,,,,Cash Only,Unclassified,False,314.31666666666666,314.575,314.05833333333334,314.575,314.05833333333334,0.5166666666666515,0.16464839600594375,Narrow,Bearish,Below CPR,False,True,0.23333333333333334,60,234866384.05,Lower,True,Risk On,True,10.774999999999997,296.267,294.378,0.04795050270688182,0.7864173791711253,True,True,No setup,Neutral,0,Not applicable,No directional setup; confirmation score not applicable.,Narrow CPR,Not applicable,Not applicable,Narrow CPR; Wide CPR rules not applied,0,0,0,0
2026-09-23,2026-09-23,CM,NSE,STK,14922,INE323I01011,PURVA,EQ,,,,,PURAVANKARA LIMITED,218.79,218.79,215.92,216.82,216.7,216.69,,216.84,,,94686,20534459.15,2677,F1,1,,,,,,Cash Only,Unclassified,False,217.17666666666665,217.355,216.9983333333333,217.355,216.9983333333333,0.35666666666668334,0.1644989699597285,Narrow,Bearish,Below CPR,False,True,0.16666666666666666,60,35226831.935,Lower,True,Risk On,True,9.178571428571429,215.9222,216.8376,0.03885862516212892,0.5829209730778476,True,False,No setup,Neutral,0,Not applicable,No directional setup; confirmation score not applicable.,Narrow CPR,Not applicable,Not applicable,Narrow CPR; Wide CPR rules not applied,0,0,0,0
2026-09-23,2026-09-23,CM,NSE,STK,20242,INE093I01010,OBEROIRLTY,EQ,,,,,OBEROI REALTY LIMITED,1842.1,1878.1,1831.0,1850.0,1850.0,1845.6,,1850.0,,,389012,721537386.8,41428,F1,1,,,,,,F&O + Cash,Realty,True,1853.0333333333335,1854.55,1851.516666666667,1854.55,1851.516666666667,3.0333333333328483,0.16396396396393775,Narrow,Bearish,Below CPR,False,True,0.15,60,658807458.5,Higher,True,Risk On,True,53.2714285714286,1835.1259999999997,1773.697,0.05694109233931329,1.0952173924120805,True,True,No setup,Neutral,0,Not applicable,No directional setup; confirmation score not applicable.,Narrow CPR,Not applicable,Not applicable,Narrow CPR; Wide CPR rules not applied,0,0,0,0
2026-09-23,2026-09-23,CM,NSE,STK,11364,INE884A01027,VAIBHAVGBL,EQ,,,,,VAIBHAV GLOBAL LIMITED,208.05,212.0,208.0,209.49,210.0,208.18,,209.5,,,196618,41281134.27,5476,F1,1,,,,,,Cash Only,Unclassified,False,209.83,210.0,209.66000000000003,210.0,209.66000000000003,0.339999999999975,0.1622989164160461,Narrow,Bearish,Below CPR,False,True,0.13333333333333333,60,65982786.47,Higher,True,Risk On,True,5.777142857142855,233.6068,232.9075,0.05885262116715692,0.625634903866466,False,False,No setup,Neutral,0,Not applicable,No directional setup; confirmation score not applicable.,Narrow CPR,Not applicable,Not applicable,Narrow CPR; Wide CPR rules not applied,0,0,0,0
2026-09-23,2026-09-23,CM,NSE,STK,22602,INE560K01014,PFS,EQ,,,,,PTC INDIA FIN SERV LTD,26.5,27.14,26.43,26.72,26.95,26.43,,26.73,,,485229,13065175.81,4322,F1,1,,,,,,Cash Only,Unclassified,False,26.763333333333332,26.785,26.741666666666664,26.785,26.741666666666664,0.043333333333336554,0.16217564870260687,Narrow,Bearish,Below CPR,False,True,0.18333333333333332,60,11769965.825,Higher,True,Risk On,True,0.8764285714285711,28.007600000000004,29.4014,0.04944308611790644,1.1100436487461085,False,False,No setup,Neutral,0,Not applicable,No directional setup; confirmation score not applicable.,Narrow CPR,Not applicable,Not applicable,Narrow CPR; Wide CPR rules not applied,0,0,0,0
2026-09-23,2026-09-23,CM,NSE,STK,3291,INE733A01018,STARPAPER,EQ,,,,,STAR PAPER MILLS LTD,157.71,158.0,155.3,156.27,157.5,156.79,,156.27,,,2666,417752.52,79,F1,1,,,,,,Cash Only,Unclassified,False,156.52333333333334,156.65,156.39666666666668,156.65,156.39666666666668,0.2533333333333303,0.16211258292271727,Narrow,Bearish,Below CPR,False,True,0.25,60,1202094.2650000001,Lower,True,Risk On,True,8.147857142857145,151.46320000000003,145.1509,0.03109201952017729,0.34752059980920047,True,True,No setup,Neutral,0,Not applicable,No directional setup; confirmation score not applicable.,Narrow CPR,Not applicable,Not applicable,Narrow CPR; Wide CPR rules not applied,0,0,0,0
2026-09-23,2026-09-23,CM,NSE,STK,3972,INE162C01024,PARASPETRO,EQ,,,,,PARAS PETROFILS LTD.,2.07,2.12,2.05,2.08,2.08,2.09,,2.08,,,103163,215016.65,260,F1,1,,,,,,Cash Only,Unclassified,False,2.0833333333333335,2.085,2.081666666666667,2.085,2.081666666666667,0.0033333333333329662,0.1602564102563926,Narrow,Bearish,Below CPR,False,True,0.21666666666666667,60,326337.935,Lower,True,Risk On,True,0.10142857142857152,2.2352,2.1274,0.03286384976525457,0.6588772770165381,False,False,No setup,Neutral,0,Not applicable,No directional setup; confirmation score not applicable.,Narrow CPR,Not applicable,Not applicable,Narrow CPR; Wide CPR rules not applied,0,0,0,0
2026-09-23,2026-09-23,CM,NSE,STK,11262,INE203G01027,IGL,EQ,,,,,INDRAPRASTHA GAS LTD,147.41,148.65,146.23,147.09,147.22,146.68,,147.09,,,1211876,178653549.23,31235,F1,1,,,,,,Cash Only,Oil Gas & Consumable Fuels,True,147.32333333333335,147.44,147.2066666666667,147.44,147.2066666666667,0.23333333333329165,0.1586330364629082,Narrow,Bearish,Below CPR,False,True,0.3,60,166211857.035,Overlapping,True,Risk On,False,3.2471428571428556,151.2362,156.2268,0.07185804370140969,1.0748544202377817,False,False,No setup,Neutral,0,Not applicable,No directional setup; confirmation score not applicable.,Narrow CPR,Not applicable,Not applicable,Narrow CPR; Wide CPR rules not applied,0,0,0,0
2026-09-23,2026-09-23,CM,NSE,STK,18220,INE134B01017,KECL,EQ,,,,,KIRLOSKAR ELECTRIC CO LTD,122.05,122.05,119.0,120.24,119.6,121.21,,120.24,,,68644,8283144.64,1462,F1,1,,,,,,Cash Only,Unclassified,False,120.43,120.525,120.33500000000001,120.525,120.33500000000001,0.18999999999999773,0.15801729873585973,Narrow,Bearish,Below CPR,False,True,0.11666666666666667,60,27180071.134999998,Lower,True,Risk On,True,5.7007142857142865,131.2518,109.072,0.03332915674727437,0.3047506608374445,False,True,No setup,Neutral,0,Not applicable,No directional setup; confirmation score not applicable.,Narrow CPR,Not applicable,Not applicable,Narrow CPR; Wide CPR rules not applied,0,0,0,0
2026-09-23,2026-09-23,CM,NSE,STK,1348,INE158A01026,HEROMOTOCO,EQ,,,,,HERO MOTOCORP LIMITED,5395.0,5448.5,5365.0,5394.0,5394.0,5373.0,,5394.0,,,304703,1646169363.5,27642,F1,1,,,,,,F&O + Cash,Automobile and Auto Components,True,5402.5,5406.75,5398.25,5406.75,5398.25,8.5,0.1575824990730441,Narrow,Bearish,Below CPR,False,True,0.21666666666666667,60,2940460332.75,Overlapping,True,Risk On,True,98.42857142857143,5407.882,5186.9220000000005,0.08635703918722787,0.5598338957902067,False,True,No setup,Neutral,0,Not applicable,No directional setup; confirmation score not applicable.,Narrow CPR,Not applicable,Not applicable,Narrow CPR; Wide CPR rules not applied,0,0,0,0
2026-09-23,2026-09-23,CM,NSE,STK,17477,INE663B01015,CONTROLPR,EQ,,,,,CONTROL PRINT LIMITED,585.05,591.85,580.0,584.55,584.85,589.15,,584.55,,,24800,14472576.7,1038,F1,1,,,,,,Cash Only,Unclassified,False,585.4666666666666,585.925,585.0083333333332,585.925,585.0083333333332,0.9166666666667425,0.1568157842214939,Narrow,Bearish,Below CPR,False,True,0.11666666666666667,60,12930357.6,Lower,True,Risk On,True,17.21071428571429,592.508,613.005,0.05326139586359988,1.1192711870551824,False,False,No setup,Neutral,0,Not applicable,No directional setup; confirmation score not applicable.,Narrow CPR,Not applicable,Not applicable,Narrow CPR; Wide CPR rules not applied,0,0,0,0
2026-09-23,2026-09-23,CM,NSE,STK,12716,INE985S01024,TEAMLEASE,EQ,,,,,TEAMLEASE SERVICES LTD.,1210.5,1211.0,1186.6,1196.0,1198.9,1201.0,,1195.77,,,7971,9523082.3,2185,F1,1,,,,,,Cash Only,Unclassified,False,1197.8666666666666,1198.8,1196.9333333333332,1198.8,1196.9333333333332,1.866666666666788,0.15607580824973144,Narrow,Bearish,Below CPR,False,True,0.35,60,26033613.45,Lower,True,Risk On,False,34.85714285714289,1268.63,1330.894,0.05355191256830944,0.3657994814392545,False,False,No setup,Neutral,0,Not applicable,No directional setup; confirmation score not applicable.,Narrow CPR,Not applicable,Not applicable,Narrow CPR; Wide CPR rules not applied,0,0,0,0
2026-09-23,2026-09-23,CM,NSE,STK,7518,INE00CA01015,TREJHARA,EQ,,,,,TREJHARA SOLUTIONS LTD,136.97,138.97,132.1,135.22,135.0,136.21,,135.45,,,12151,1634629.06,484,F1,1,,,,,,Cash Only,Unclassified,False,135.42999999999998,135.535,135.32499999999996,135.535,135.32499999999996,0.21000000000003638,0.15530247004883624,Narrow,Bearish,Below CPR,False,True,0.06666666666666667,60,2040360.645,Lower,True,Risk On,True,7.0800000000000045,147.0702,146.88569999999999,0.02966101694915766,0.8011471226940863,False,False,No setup,Neutral,0,Not applicable,No directional setup; confirmation score not applicable.,Narrow CPR,Not applicable,Not applicable,Narrow CPR; Wide CPR rules not applied,0,0,0,0
2026-09-23,2026-09-23,CM,NSE,STK,24610,INE005B01027,AVANTEL,EQ,,,,,AVANTEL LIMITED,146.89,149.08,143.94,146.17,146.15,146.71,,146.17,,,729108,106796072.09,9067,F1,1,,,,,,Cash Only,Unclassified,False,146.39666666666665,146.51,146.2833333333333,146.51,146.2833333333333,0.2266666666666879,0.15507057991837442,Narrow,Bearish,Below CPR,False,True,0.3,60,124171561.27,Lower,True,Risk On,False,5.759285714285712,159.43040000000002,164.2236,0.03935673239902805,0.8600686904288934,False,False,No setup,Neutral,0,Not applicable,No directional setup; confirmation score not applicable.,Narrow CPR,Not applicable,Not applicable,Narrow CPR; Wide CPR rules not applied,0,-2,-2,-4
2026-09-23,2026-09-23,CM,NSE,STK,6843,INE017W01010,SMLT,EQ,,,,,SARTHAK METALS LIMITED,60.16,62.0,59.5,60.61,61.4,60.77,,60.61,,,6155,377593.32,196,F1,1,,,,,,Cash Only,Unclassified,False,60.70333333333334,60.75,60.65666666666668,60.75,60.65666666666668,0.0933333333333195,0.15398999065058488,Narrow,Bearish,Below CPR,False,True,0.2,60,290318.94,Higher,True,Risk On,True,3.5664285714285726,66.34859999999999,68.87270000000001,0.026169971293139846,1.3006155230519925,False,False,No setup,Neutral,0,Not applicable,No directional setup; confirmation score not applicable.,Narrow CPR,Not applicable,Not applicable,Narrow CPR; Wide CPR rules not applied,0,-2,0,-2
2026-09-23,2026-09-23,CM,NSE,STK,11140,INE748Z01013,SUMIT,EQ,,,,,SUMIT WOODS LIMITED,51.8,51.8,48.25,49.91,50.26,50.06,,49.91,,,9795,487793.6,217,F1,1,,,,,,Cash Only,Unclassified,False,49.98666666666666,50.025,49.948333333333316,50.025,49.948333333333316,0.0766666666666822,0.153609831029217,Narrow,Bearish,Below CPR,False,True,0.06666666666666667,60,1864140.3399999999,Overlapping,True,Risk On,True,3.201428571428571,51.4838,48.787200000000006,0.02394764242154286,0.2616721442764336,False,True,No setup,Neutral,0,Not applicable,No directional setup; confirmation score not applicable.,Narrow CPR,Not applicable,Not applicable,Narrow CPR; Wide CPR rules not applied,0,0,0,0
2026-09-23,2026-09-23,CM,NSE,STK,4771,INE911B01018,TCIFINANCE,EQ,,,,,TCI FINANCE LTD,15.6,15.6,14.85,15.19,15.2,15.26,,15.19,,,9089,138379.76,127,F1,1,,,,,,Cash Only,Unclassified,False,15.213333333333333,15.225,15.201666666666666,15.225,15.201666666666666,0.023333333333333428,0.1536098310291865,Narrow,Bearish,Below CPR,False,True,0.1,60,332062.805,Lower,True,Risk On,True,2.184285714285714,14.761400000000002,13.5651,0.010682363200348856,0.41672767294729085,True,True,No setup,Neutral,0,Not applicable,No directional setup; confirmation score not applicable.,Narrow CPR,Not applicable,Not applicable,Narrow CPR; Wide CPR rules not applied,0,0,0,0
2026-09-23,2026-09-23,CM,NSE,STK,10893,INE0I3401014,DBOL,EQ,,,,,DHAMPUR BIO ORGANICS LTD,114.24,117.55,114.24,115.63,116.0,114.81,,115.63,,,101634,11810332.07,2774,F1,1,,,,,,Cash Only,Unclassified,False,115.80666666666666,115.895,115.71833333333332,115.895,115.71833333333332,0.17666666666667652,0.1527861858226036,Narrow,Bearish,Below CPR,False,True,0.15,60,25952636.84,Higher,True,Risk On,True,4.97857142857143,116.7176,109.3633,0.03548541367766815,0.4550725285762524,False,True,No setup,Neutral,0,Not applicable,No directional setup; confirmation score not applicable.,Narrow CPR,Not applicable,Not applicable,Narrow CPR; Wide CPR rules not applied,0,0,0,0
2026-09-23,2026-09-23,CM,NSE,STK,10440,INE326A01037,LUPIN,EQ,,,,,LUPIN LIMITED,2125.0,2125.0,2090.1,2102.8,2102.8,2135.0,,2102.8,,,648814,1363111487.8,41407,F1,1,,,,,,F&O + Cash,Healthcare,True,2105.9666666666667,2107.55,2104.383333333333,2107.55,2104.383333333333,3.16666666666697,0.15059286031324756,Narrow,Bearish,Below CPR,False,True,0.26666666666666666,60,1678052585.9499998,Lower,True,Risk On,False,40.00714285714285,2256.95,2296.003,0.07915253228590892,0.8123175037618374,False,False,No setup,Neutral,0,Not applicable,No directional setup; confirmation score not applicable.,Narrow CPR,Not applicable,Not applicable,Narrow CPR; Wide CPR rules not applied,0,0,0,0
2026-09-23,2026-09-23,CM,NSE,STK,16045,INE689W01016,PRINCEPIPE,EQ,,,,,PRINCE PIPES FITTINGS LTD,265.5,268.15,264.55,265.75,266.0,265.25,,265.72,,,67525,17968743.8,2741,F1,1,,,,,,Cash Only,Unclassified,False,266.15000000000003,266.35,265.95000000000005,266.35,265.95000000000005,0.39999999999997726,0.15051740357477977,Narrow,Bearish,Below CPR,False,True,0.16666666666666666,60,36844956.3,Inside,True,Risk On,True,9.171428571428565,274.784,272.421,0.04361370716510658,0.4876853063332308,False,False,No setup,Neutral,0,Not applicable,No directional setup; confirmation score not applicable.,Narrow CPR,Not applicable,Not applicable,Narrow CPR; Wide CPR rules not applied,0,0,0,0
2026-09-23,2026-09-23,CM,NSE,STK,13101,INE579C01029,VIMTALABS,EQ,,,,,VIMTA LABS LIMITED,612.5,619.0,605.15,610.7,612.0,610.15,,610.66,,,134851,82489621.45,7129,F1,1,,,,,,Cash Only,Unclassified,False,611.6166666666667,612.075,611.1583333333333,612.075,611.1583333333333,0.9166666666667425,0.15010097702091738,Narrow,Bearish,Below CPR,False,True,0.15,60,102478348.325,Lower,True,Risk On,True,21.567857142857154,616.516,568.251,0.04250151791135747,0.8049468282645645,False,True,No setup,Neutral,0,Not applicable,No directional setup; confirmation score not applicable.,Narrow CPR,Not applicable,Not applicable,Narrow CPR; Wide CPR rules not applied,0,0,0,0
2026-09-23,2026-09-23,CM,NSE,STK,8890,INE0IQ001011,VERANDA,EQ,,,,,VERANDA LEARNING SOL LTD,230.0,237.0,227.04,231.5,230.5,230.13,,231.5,,,333658,77807066.09,6095,F1,1,,,,,,Cash Only,Unclassified,False,231.84666666666666,232.01999999999998,231.67333333333335,232.01999999999998,231.67333333333335,0.3466666666666356,0.1497480201583739,Narrow,Bearish,Below CPR,False,True,0.15,60,56917012.775000006,Higher,True,Risk On,True,8.947857142857144,238.90580000000003,236.41729999999998,0.0387429818259192,1.3670265232924461,False,False,No setup,Neutral,0,Not applicable,No directional setup; confirmation score not applicable.,Narrow CPR,Not applicable,Not applicable,Narrow CPR; Wide CPR rules not applied,0,0,0,0
2026-09-23,2026-09-23,CM,NSE,STK,3387,INE294B01019,SMLMAH,EQ,,,,,SML MAHINDRA LIMITED,6790.0,6898.5,6720.0,6794.0,6808.5,6719.5,,6794.28,,,53537,363254414.5,12367,F1,1,,,,,,Cash Only,Unclassified,False,6804.166666666667,6809.25,6799.083333333334,6809.25,6799.083333333334,10.16666666666606,0.1496418408399479,Narrow,Bearish,Below CPR,False,True,0.1,60,385525247.0,Higher,True,Risk On,True,351.64285714285717,5330.218000000001,4597.242,0.028911910081926638,0.9422324927529324,True,True,No setup,Neutral,0,Not applicable,No directional setup; confirmation score not applicable.,Narrow CPR,Not applicable,Not applicable,Narrow CPR; Wide CPR rules not applied,0,0,0,0
2026-09-23,2026-09-23,CM,NSE,STK,1979,INE269B01029,LMW,EQ,,,,,LMW LIMITED,17077.0,17318.0,17010.0,17126.0,17192.0,17077.0,,17124.49,,,1936,33217348.0,1062,F1,1,,,,,,Cash Only,Unclassified,False,17151.333333333332,17164.0,17138.666666666664,17164.0,17138.666666666664,25.33333333333576,0.14792323562615764,Narrow,Bearish,Below CPR,False,True,0.18333333333333332,60,64059786.0,Inside,True,Risk On,True,645.0714285714286,17671.18,16582.83,0.0392721367142842,0.5185366682305182,False,True,No setup,Neutral,0,Not applicable,No directional setup; confirmation score not applicable.,Narrow CPR,Not applicable,Not applicable,Narrow CPR; Wide CPR rules not applied,0,0,0,0
2026-09-23,2026-09-23,CM,NSE,STK,4160,INE369C01017,NORBTEAEXP,EQ,,,,,NORBEN TEA & EXPORTS LTD,65.93,67.39,64.0,65.55,65.55,66.26,,65.55,,,996,65250.83,32,F1,1,,,,,,Cash Only,Unclassified,False,65.64666666666666,65.695,65.59833333333333,65.695,65.59833333333333,0.09666666666666401,0.14747012458682535,Narrow,Bearish,Below CPR,False,True,0.08333333333333333,60,88479.41,Lower,True,Risk On,True,3.6542857142857144,67.0294,71.1489,0.026452958040134797,0.7374690902663117,False,False,No setup,Neutral,0,Not applicable,No directional setup; confirmation score not applicable.,Narrow CPR,Not applicable,Not applicable,Narrow CPR; Wide CPR rules not applied,0,0,0,0
2026-09-23,2026-09-23,CM,NSE,STK,27213,INE0LLY01014,EIEL,EQ,,,,,ENVIRO INFRA ENGINEERS L,201.55,206.19,201.34,203.32,203.4,201.07,,203.33,,,442187,89934213.9,8450,F1,1,,,,,,Cash Only,Unclassified,False,203.61666666666665,203.765,203.4683333333333,203.765,203.4683333333333,0.29666666666668107,0.14591120729228854,Narrow,Bearish,Below CPR,False,True,0.13333333333333333,60,201807213.95499998,Overlapping,True,Risk On,True,8.044999999999998,207.5936,206.90779999999998,0.03687590636005981,0.44564419743713424,False,False,No setup,Neutral,0,Not applicable,No directional setup; confirmation score not applicable.,Narrow CPR,Not applicable,Not applicable,Narrow CPR; Wide CPR rules not applied,0,0,0,0
2026-09-23,2026-09-23,CM,NSE,STK,20302,INE811K01011,PRESTIGE,EQ,,,,,PRESTIGE ESTATE LTD,1479.6,1507.4,1479.1,1490.0,1490.0,1479.6,,1490.0,,,141420,211084068.1,10592,F1,1,,,,,,F&O + Cash,Realty,True,1492.1666666666667,1493.25,1491.0833333333335,1493.25,1491.0833333333335,2.166666666666515,0.14541387024607486,Narrow,Bearish,Below CPR,False,True,0.16666666666666666,60,900278616.2,Higher,True,Risk On,True,47.5214285714286,1587.82,1532.1870000000001,0.0455934666065402,0.2344652691974047,False,False,No setup,Neutral,0,Not applicable,No directional setup; confirmation score not applicable.,Narrow CPR,Not applicable,Not applicable,Narrow CPR; Wide CPR rules not applied,0,0,0,0
2026-09-23,2026-09-23,CM,NSE,STK,20374,INE522F01014,COALINDIA,EQ,,,,,COAL INDIA LTD,428.25,429.4,421.55,424.55,424.55,428.0,,424.53,,,7956161,3376432466.95,70350,F1,1,,,,,,F&O + Cash,Oil Gas & Consumable Fuels,True,425.1666666666667,425.475,424.85833333333335,425.475,424.85833333333335,0.6166666666666742,0.14525183527656912,Narrow,Bearish,Below CPR,False,True,0.3,60,2392888574.475,Inside,True,Risk On,False,8.892857142857142,415.915,434.53799999999995,0.06934404283801959,1.4110278693987202,True,False,No setup,Neutral,0,Not applicable,No directional setup; confirmation score not applicable.,Narrow CPR,Not applicable,Not applicable,Narrow CPR; Wide CPR rules not applied,0,0,0,0
2026-09-23,2026-09-23,CM,NSE,STK,1628,INE495P01020,BECTORFOOD,EQ,,,,,MRS BECTORS FOOD SPE LTD,218.62,222.5,217.05,219.3,219.5,217.81,,219.29,,,649769,142835029.22,15273,F1,1,,,,,,Cash Only,Unclassified,False,219.61666666666667,219.775,219.45833333333334,219.775,219.45833333333334,0.3166666666666629,0.14439884480923978,Narrow,Bearish,Below CPR,False,True,0.08333333333333333,60,370116179.72,Inside,True,Risk On,True,9.949285714285711,226.03099999999998,203.59350000000003,0.0318280805035055,0.3859194411010549,False,True,No setup,Neutral,0,Not applicable,No directional setup; confirmation score not applicable.,Narrow CPR,Not applicable,Not applicable,Narrow CPR; Wide CPR rules not applied,0,0,0,0
2026-09-23,2026-09-23,CM,NSE,STK,14490,INE732C01016,NCLIND,EQ,,,,,NCL INDUSTRIES LIMITED,175.2,178.0,175.2,176.22,176.0,175.51,,176.22,,,24946,4408257.69,562,F1,1,,,,,,Cash Only,Unclassified,False,176.47333333333333,176.6,176.34666666666666,176.6,176.34666666666666,0.2533333333333303,0.14375969432149036,Narrow,Bearish,Below CPR,False,True,0.2833333333333333,60,6257376.13,Higher,True,Risk On,False,4.082142857142862,178.00779999999997,179.8091,0.06205890930300298,0.7044898050582745,False,False,No setup,Neutral,0,Not applicable,No directional setup; confirmation score not applicable.,Narrow CPR,Not applicable,Not applicable,Narrow CPR; Wide CPR rules not applied,0,0,-2,-2
2026-09-23,2026-09-23,CM,NSE,STK,25270,INE377Y01014,BAJAJHFL,EQ,,,,,BAJAJ HOUSING FINANCE LTD,83.12,84.28,83.12,83.52,83.53,83.12,,83.52,,,2176881,182141622.66,16622,F1,1,,,,,,Cash Only,Financial Services,True,83.64,83.7,83.58,83.7,83.58,0.12000000000000455,0.1436781609195457,Narrow,Bearish,Below CPR,False,True,0.35,60,206662060.945,Overlapping,True,Risk On,False,1.6971428571428555,84.8416,85.34809999999999,0.07070707070707345,0.8813500737732131,False,False,No setup,Neutral,0,Not applicable,No directional setup; confirmation score not applicable.,Narrow CPR,Not applicable,Not applicable,Narrow CPR; Wide CPR rules not applied,0,0,0,0
2026-09-23,2026-09-23,CM,NSE,STK,764558,INE451C01013,ACGL,EQ,,,,,AUTOMOBILE CORPN OF GOA L,1728.5,1746.0,1725.0,1731.8,1731.0,1728.5,,1731.41,,,379,658151.7,70,F1,1,,,,,,Cash Only,Unclassified,False,1734.2666666666667,1735.5,1733.0333333333333,1735.5,1733.0333333333333,2.466666666666697,0.14243369134234307,Narrow,Bearish,Below CPR,False,True,0.1111111111111111,27,1070509.3,Inside,True,Risk On,True,76.6714285714286,,,0.032171914787901754,0.6148024122723641,False,False,No setup,Neutral,0,Not applicable,No directional setup; confirmation score not applicable.,Narrow CPR,Not applicable,Not applicable,Narrow CPR; Wide CPR rules not applied,0,0,0,0
2026-09-23,2026-09-23,CM,NSE,STK,16705,INE020J01029,GOKUL,EQ,,,,,GOKUL REFOILS & SOLV LTD,40.59,41.39,39.62,40.42,40.01,40.4,,40.43,,,163693,6713438.39,534,F1,1,,,,,,Cash Only,Unclassified,False,40.47666666666667,40.504999999999995,40.44833333333334,40.504999999999995,40.44833333333334,0.05666666666665776,0.14019462312384404,Narrow,Bearish,Below CPR,False,True,0.2,60,6325797.495,Higher,True,Risk On,True,1.782142857142858,40.632999999999996,40.8784,0.03179692718770374,1.0612793715427022,False,False,No setup,Neutral,0,Not applicable,No directional setup; confirmation score not applicable.,Narrow CPR,Not applicable,Not applicable,Narrow CPR; Wide CPR rules not applied,0,0,0,0
2026-09-23,2026-09-23,CM,NSE,STK,762732,INE411F01010,KAMAHOLD,EQ,,,,,KAMA HOLDINGS LTD.,2257.7,2257.7,2230.1,2239.2,2233.0,2236.4,,2237.42,,,1734,3884565.4,256,F1,1,,,,,,Cash Only,Unclassified,False,2242.333333333333,2243.8999999999996,2240.7666666666664,2243.8999999999996,2240.7666666666664,3.133333333333212,0.13993092771227278,Narrow,Bearish,Below CPR,False,True,0.25,60,7394764.5,Overlapping,True,Risk On,True,43.66428571428576,2431.576,2517.894,0.07175963793009148,0.5253129291676564,False,False,No setup,Neutral,0,Not applicable,No directional setup; confirmation score not applicable.,Narrow CPR,Not applicable,Not applicable,Narrow CPR; Wide CPR rules not applied,0,0,0,0
2026-09-23,2026-09-23,CM,NSE,STK,312,INE974X01010,TIINDIA,EQ,,,,,TUBE INVEST OF INDIA LTD,2574.0,2603.0,2565.0,2578.6,2578.6,2574.0,,2578.6,,,135053,349462958.4,10701,F1,1,,,,,,F&O + Cash,Automobile and Auto Components,True,2582.2000000000003,2584.0,2580.4000000000005,2584.0,2580.4000000000005,3.5999999999994543,0.13961064143331478,Narrow,Bearish,Below CPR,False,True,0.2,60,586140159.3499999,Inside,True,Risk On,True,65.06428571428572,2770.558,2907.224,0.05532989351190291,0.5962105698192338,False,False,No setup,Neutral,0,Not applicable,No directional setup; confirmation score not applicable.,Narrow CPR,Not applicable,Not applicable,Narrow CPR; Wide CPR rules not applied,0,0,0,0
2026-09-23,2026-09-23,CM,NSE,STK,13951,INE074B01023,PARACABLES,EQ,,,,,PARAMOUNT COMM LTD,61.49,63.35,61.49,62.29,62.55,61.75,,62.29,,,1209778,75594918.93,7097,F1,1,,,,,,Cash Only,Unclassified,False,62.376666666666665,62.42,62.33333333333333,62.42,62.33333333333333,0.08666666666667311,0.1391341574356608,Narrow,Bearish,Below CPR,False,True,0.1,60,77557032.63499999,Higher,True,Risk On,True,2.8821428571428567,64.0754,63.5613,0.0300702189178048,0.9747010214504452,False,False,No setup,Neutral,0,Not applicable,No directional setup; confirmation score not applicable.,Narrow CPR,Not applicable,Not applicable,Narrow CPR; Wide CPR rules not applied,0,0,0,0
2026-09-23,2026-09-23,CM,NSE,STK,15266,INE576I01022,JKIL,EQ,,,,,JKUMAR INFR.LTD.,478.0,484.95,476.25,479.6,477.3,478.0,,479.57,,,27434,13202244.35,1973,F1,1,,,,,,Cash Only,Unclassified,False,480.2666666666667,480.6,479.9333333333334,480.6,479.9333333333334,0.6666666666666288,0.13900472616068155,Narrow,Bearish,Below CPR,False,True,0.18333333333333332,60,27780112.15,Higher,True,Risk On,True,11.089285714285703,490.881,492.715,0.060118089103592995,0.47524085859387,False,False,No setup,Neutral,0,Not applicable,No directional setup; confirmation score not applicable.,Narrow CPR,Not applicable,Not applicable,Narrow CPR; Wide CPR rules not applied,0,0,0,0
2026-09-23,2026-09-23,CM,NSE,STK,5258,INE095A01012,INDUSINDBK,EQ,,,,,INDUSIND BANK LIMITED,951.8,970.8,951.8,959.3,959.3,955.0,,959.3,,,2626452,2526433012.0,54624,F1,1,,,,,,F&O + Cash,Financial Services,True,960.6333333333332,961.3,959.9666666666665,961.3,959.9666666666665,1.333333333333485,0.13899023593594131,Narrow,Bearish,Below CPR,False,True,0.26666666666666666,60,1408048788.1999998,Higher,True,Risk On,False,18.607142857142858,1004.467,967.4535000000001,0.07165706973769209,1.7942794547834549,False,False,No setup,Neutral,0,Not applicable,No directional setup; confirmation score not applicable.,Narrow CPR,Not applicable,Not applicable,Narrow CPR; Wide CPR rules not applied,0,0,0,0
2026-09-23,2026-09-23,CM,NSE,STK,766056,INE590T01012,KARAMTARA,EQ,,,,,KARAMTARA ENGINEERING L,368.2,371.25,354.15,361.95,365.65,365.1,,361.95,,,2896481,1051490778.05,50975,F1,1,,,,,,Cash Only,Unclassified,False,362.45,362.7,362.2,362.7,362.2,0.5,0.1381406271584473,Narrow,Bearish,Below CPR,False,True,0.4,5,3540235087.3,Lower,False,Risk On,False,,,,,0.29701156904015974,False,False,No setup,Neutral,0,Not applicable,No directional setup; confirmation score not applicable.,Narrow CPR,Not applicable,Not applicable,Narrow CPR; Wide CPR rules not applied,0,0,0,0
2026-09-23,2026-09-23,CM,NSE,STK,25907,INE377N01017,WAAREEENER,EQ,,,,,WAAREE ENERGIES LIMITED,2505.1,2534.4,2500.0,2512.0,2512.0,2494.8,,2511.8,,,364884,916998391.6,23367,F1,1,,,,,,F&O + Cash,Capital Goods,True,2515.4666666666667,2517.2,2513.7333333333336,2517.2,2513.7333333333336,3.4666666666662422,0.13800424628448416,Narrow,Bearish,Below CPR,False,True,0.23333333333333334,60,1392225296.5,Higher,True,Risk On,True,64.40714285714284,2653.192,2840.75,0.05382425788325097,0.6586566081691649,False,False,No setup,Neutral,0,Not applicable,No directional setup; confirmation score not applicable.,Narrow CPR,Not applicable,Not applicable,Narrow CPR; Wide CPR rules not applied,0,0,-2,-2
2026-09-23,2026-09-23,CM,NSE,STK,13081,INE256C01024,TRIVENI,EQ,,,,,TRIVENI ENGG. & INDS. LTD,239.5,246.9,238.8,242.35,242.3,239.55,,242.38,,,289387,70403024.1,6540,F1,1,,,,,,Cash Only,Unclassified,False,242.68333333333337,242.85000000000002,242.5166666666667,242.85000000000002,242.5166666666667,0.3333333333333144,0.1375421222749389,Narrow,Bearish,Below CPR,False,True,0.13333333333333333,60,201961178.675,Higher,True,Risk On,True,9.507142857142858,324.25079999999997,358.66339999999997,0.035061357375404965,0.3485968172788987,False,False,No setup,Neutral,0,Not applicable,No directional setup; confirmation score not applicable.,Narrow CPR,Not applicable,Not applicable,Narrow CPR; Wide CPR rules not applied,0,0,0,0
2026-09-23,2026-09-23,CM,NSE,STK,236,INE021A01026,ASIANPAINT,EQ,,,,,ASIAN PAINTS LIMITED,2469.0,2471.9,2448.2,2455.0,2455.0,2448.5,,2454.98,,,398823,980566812.3,33351,F1,1,,,,,,F&O + Cash,Consumer Durables,True,2458.366666666667,2460.05,2456.6833333333334,2460.05,2456.6833333333334,3.366666666666788,0.13713509843856572,Narrow,Bearish,Below CPR,False,True,0.2,60,1596450205.1,Higher,True,Risk On,True,37.22857142857145,2626.448,2639.4110000000005,0.09043233563571566,0.6142169728610973,False,False,No setup,Neutral,0,Not applicable,No directional setup; confirmation score not applicable.,Narrow CPR,Not applicable,Not applicable,Narrow CPR; Wide CPR rules not applied,0,0,-2,-2
2026-09-23,2026-09-23,CM,NSE,STK,21401,INF277KA1976,TATAGOLD,EQ,,,,,TATAAML-TATAGOLD,14.71,14.75,14.65,14.67,14.67,14.69,,14.67,,,35154842,516967554.31,50412,F1,1,,,,,,Cash Only,Unclassified,False,14.69,14.7,14.68,14.7,14.68,0.019999999999999574,0.13633265167007208,Narrow,Bearish,Below CPR,False,True,0.3333333333333333,60,630588646.3,Outside,True,Risk On,False,0.19285714285714267,14.529399999999999,14.5149,0.10370370370370159,0.8198174155899007,True,True,No setup,Neutral,0,Not applicable,No directional setup; confirmation score not applicable.,Narrow CPR,Not applicable,Not applicable,Narrow CPR; Wide CPR rules not applied,0,0,0,0
2026-09-23,2026-09-23,CM,NSE,STK,2277,INE883A01011,MRF,EQ,,,,,MRF LTD,124940.0,125250.0,124415.0,124580.0,124760.0,124770.0,,124579.59,,,2354,293397675.0,1980,F1,1,,,,,,Cash Only,Automobile and Auto Components,True,124748.33333333333,124832.5,124664.16666666666,124832.5,124664.16666666666,168.33333333334303,0.13512067212501447,Narrow,Bearish,Below CPR,False,True,0.3333333333333333,60,501081375.0,Lower,True,Risk On,False,1853.9285714285713,131218.4,129804.0,0.09079817633083424,0.5855289971613892,False,False,No setup,Neutral,0,Not applicable,No directional setup; confirmation score not applicable.,Narrow CPR,Not applicable,Not applicable,Narrow CPR; Wide CPR rules not applied,0,0,0,0
2026-09-23,2026-09-23,CM,NSE,STK,759951,INE00YJ01010,JARO,EQ,,,,,JARO INS OF TEC MG N RE L,460.45,466.4,460.45,462.5,463.35,460.4,,462.44,,,113920,52810250.7,1667,F1,1,,,,,,Cash Only,Unclassified,False,463.1166666666666,463.42499999999995,462.8083333333333,463.42499999999995,462.8083333333333,0.6166666666666742,0.13333333333333497,Narrow,Bearish,Below CPR,False,True,0.21666666666666667,60,46901305.025,Lower,True,Risk On,True,16.282142857142855,462.19399999999996,489.99449999999996,0.03787380273451828,1.1259868072295713,True,False,No setup,Neutral,0,Not applicable,No directional setup; confirmation score not applicable.,Narrow CPR,Not applicable,Not applicable,Narrow CPR; Wide CPR rules not applied,0,0,0,0
2026-09-23,2026-09-23,CM,NSE,STK,13592,INE596H01014,HGM,EQ,,,,,HANDSON GBL MNGMNT LTD,42.66,43.45,42.0,42.64,42.97,42.66,,42.64,,,7787,333220.47,128,F1,1,,,,,,Cash Only,Unclassified,False,42.696666666666665,42.725,42.66833333333333,42.725,42.66833333333333,0.05666666666667197,0.13289555972484046,Narrow,Bearish,Below CPR,False,True,0.15,60,167779.18,Lower,True,Risk On,True,3.475000000000001,47.815,51.9563,0.016306954436452362,1.9860656727491455,False,False,No setup,Neutral,0,Not applicable,No directional setup; confirmation score not applicable.,Narrow CPR,Not applicable,Not applicable,Narrow CPR; Wide CPR rules not applied,0,0,0,0
2026-09-23,2026-09-23,CM,NSE,STK,11573,INE451A01017,FORCEMOT,EQ,,,,,FORCE MOTORS LIMITED,17395.0,17469.0,17304.0,17352.0,17352.0,17275.0,,17353.24,,,31775,552084013.0,9956,F1,1,,,,,,F&O + Cash,Automobile and Auto Components,True,17375.0,17386.5,17363.5,17386.5,17363.5,23.0,0.13254956201014292,Narrow,Bearish,Below CPR,False,True,0.13333333333333333,60,1200224389.5,Inside,True,Risk On,True,429.0,17837.12,18336.66,0.053613053613053616,0.45998399785059524,False,False,No setup,Neutral,0,Not applicable,No directional setup; confirmation score not applicable.,Narrow CPR,Not applicable,Not applicable,Narrow CPR; Wide CPR rules not applied,0,0,0,0
2026-09-23,2026-09-23,CM,NSE,STK,940,INE199A01012,PGHL,EQ,,,,,PROCTER & GAMBLE HEALTH L,5480.0,5515.5,5410.0,5452.0,5419.5,5459.0,,5451.82,,,17583,95844406.5,3618,F1,1,,,,,,Cash Only,Unclassified,False,5459.166666666667,5462.75,5455.583333333334,5462.75,5455.583333333334,7.16666666666606,0.13145023233063208,Narrow,Bearish,Below CPR,False,True,0.2,60,60466997.5,Lower,True,Risk On,True,117.82142857142857,6026.88,6002.85,0.06082651308476802,1.5850697150954123,False,False,No setup,Neutral,0,Not applicable,No directional setup; confirmation score not applicable.,Narrow CPR,Not applicable,Not applicable,Narrow CPR; Wide CPR rules not applied,0,0,0,0
2026-09-23,2026-09-23,CM,NSE,STK,1964,INE849A01020,TRENT,EQ,,,,,TRENT LTD,2782.9,2794.4,2764.5,2774.0,2774.0,2782.9,,2774.0,,,839769,2332333175.7,36016,F1,1,,,,,,F&O + Cash,Consumer Services,True,2777.633333333333,2779.45,2775.8166666666666,2779.45,2775.8166666666666,3.633333333333212,0.13097813025714533,Narrow,Bearish,Below CPR,False,True,0.26666666666666666,60,2187983424.1000004,Lower,True,Risk On,False,59.35000000000004,2906.77,3219.78,0.061218758775622745,1.0659738780513732,False,False,No setup,Neutral,0,Not applicable,No directional setup; confirmation score not applicable.,Narrow CPR,Not applicable,Not applicable,Narrow CPR; Wide CPR rules not applied,0,0,0,0
2026-09-23,2026-09-23,CM,NSE,STK,14203,INE703H01016,HUBTOWN,EQ,,,,,HUBTOWN LIMITED,175.0,180.39,175.0,177.35,177.79,175.61,,177.28,,,242204,43139801.33,3731,F1,1,,,,,,Cash Only,Unclassified,False,177.58,177.695,177.46500000000003,177.695,177.46500000000003,0.22999999999996135,0.12968705948686854,Narrow,Bearish,Below CPR,False,True,0.15,60,65868073.15,Higher,True,Risk On,True,7.310714285714285,186.9574,196.6579,0.031460674157298085,0.6549425126154612,False,False,No setup,Neutral,0,Not applicable,No directional setup; confirmation score not applicable.,Narrow CPR,Not applicable,Not applicable,Narrow CPR; Wide CPR rules not applied,0,0,0,0
2026-09-23,2026-09-23,CM,NSE,STK,15347,INE871H01011,GSS,EQ,,,,,GSS INFOTECH LIMITED,10.17,10.89,10.17,10.51,10.58,10.54,,10.52,,,12957,136753.43,226,F1,1,,,,,,Cash Only,Unclassified,False,10.523333333333333,10.530000000000001,10.516666666666666,10.530000000000001,10.516666666666666,0.013333333333335418,0.1268633047891096,Narrow,Bearish,Below CPR,False,True,0.05,60,575392.705,Lower,True,Risk On,True,0.7685714285714287,12.3332,12.8322,0.017348203221811877,0.23766973201372096,False,False,No setup,Neutral,0,Not applicable,No directional setup; confirmation score not applicable.,Narrow CPR,Not applicable,Not applicable,Narrow CPR; Wide CPR rules not applied,0,0,0,0
2026-09-23,2026-09-23,CM,NSE,STK,23607,INE011E01029,BALUFORGE,EQ,,,,,BALU FORGE INDUSTRIES LTD,509.6,512.4,502.0,506.25,507.5,505.25,,506.26,,,631352,320265722.45,11112,F1,1,,,,,,Cash Only,Unclassified,False,506.8833333333334,507.2,506.5666666666668,507.2,506.5666666666668,0.6333333333332121,0.12510288065841227,Narrow,Bearish,Below CPR,False,True,0.15,60,372068589.04999995,Lower,True,Risk On,True,25.760714285714275,507.584,491.61949999999996,0.024585239613655822,0.860770653248994,False,True,No setup,Neutral,0,Not applicable,No directional setup; confirmation score not applicable.,Narrow CPR,Not applicable,Not applicable,Narrow CPR; Wide CPR rules not applied,0,0,0,0
2026-09-23,2026-09-23,CM,NSE,STK,2107,INE00IN01015,STOVEKRAFT,EQ,,,,,STOVE KRAFT LIMITED,834.85,842.9,818.4,829.1,832.0,827.8,,829.1,,,130160,108064721.0,10773,F1,1,,,,,,Cash Only,Unclassified,False,830.1333333333333,830.65,829.6166666666667,830.65,829.6166666666667,1.033333333333303,0.1246331363325658,Narrow,Bearish,Below CPR,False,True,0.2,60,86591769.475,Higher,True,Risk On,True,27.417857142857137,799.237,727.1779999999999,0.03768833311623354,1.247979128445914,True,True,No setup,Neutral,0,Not applicable,No directional setup; confirmation score not applicable.,Narrow CPR,Not applicable,Not applicable,Narrow CPR; Wide CPR rules not applied,0,0,0,0
2026-09-23,2026-09-23,CM,NSE,STK,3384,INE277A01016,SWARAJENG,EQ,,,,,SWARAJ ENGINES LTD,3557.0,3581.9,3550.0,3559.3,3558.0,3556.0,,3559.41,,,4678,16642769.8,864,F1,1,,,,,,Cash Only,Unclassified,False,3563.7333333333336,3565.95,3561.5166666666673,3565.95,3561.5166666666673,4.4333333333324845,0.12455632661850599,Narrow,Bearish,Below CPR,False,True,0.31666666666666665,60,25466056.75,Inside,True,Risk On,False,70.45714285714287,3595.034,3713.7059999999997,0.06292241146254539,0.6535275548696796,False,False,No setup,Neutral,0,Not applicable,No directional setup; confirmation score not applicable.,Narrow CPR,Not applicable,Not applicable,Narrow CPR; Wide CPR rules not applied,0,0,-2,-2
2026-09-23,2026-09-23,CM,NSE,STK,13451,INE703B01027,RATNAMANI,EQ,,,,,RATNAMANI MET & TUB LTD.,2771.0,2841.0,2771.0,2800.8,2814.0,2781.7,,2801.43,,,28051,79017269.2,7549,F1,1,,,,,,Cash Only,Unclassified,False,2804.2666666666664,2806.0,2802.533333333333,2806.0,2802.533333333333,3.4666666666671517,0.1237741597638943,Narrow,Bearish,Below CPR,False,True,0.13333333333333333,60,102374396.19999999,Higher,True,Risk On,True,119.62857142857145,2534.74,2584.3559999999998,0.028978584507606948,0.7718460096763923,True,True,No setup,Neutral,0,Not applicable,No directional setup; confirmation score not applicable.,Narrow CPR,Not applicable,Not applicable,Narrow CPR; Wide CPR rules not applied,0,0,0,0
2026-09-23,2026-09-23,CM,NSE,STK,20323,INE688D01026,RESPONIND,EQ,,,,,RESPONSIVE INDUSTRIES LTD,157.38,167.7,157.38,162.24,161.3,157.38,,162.25,,,1012730,164976554.1,8336,F1,1,,,,,,Cash Only,Unclassified,False,162.44,162.54,162.34,162.54,162.34,0.19999999999998863,0.12327416173569317,Narrow,Bearish,Below CPR,False,True,0.11666666666666667,60,21954614.4,Higher,True,Risk On,True,10.924285714285716,166.40380000000002,174.238,0.018307833137176936,7.514436422987234,False,False,No setup,Neutral,0,Not applicable,No directional setup; confirmation score not applicable.,Narrow CPR,Not applicable,Not applicable,Narrow CPR; Wide CPR rules not applied,0,0,0,0
2026-09-23,2026-09-23,CM,NSE,STK,3563,INE364U01010,ADANIGREEN,EQ,,,,,ADANI GREEN ENERGY LTD,1316.9,1317.0,1289.6,1300.9,1300.9,1304.0,,1300.81,,,639643,831864872.0,23815,F1,1,,,,,,F&O + Cash,Power,True,1302.5,1303.3,1301.7,1303.3,1301.7,1.599999999999909,0.12299177492504489,Narrow,Bearish,Below CPR,False,True,0.15,60,2447358402.05,Lower,True,Risk On,True,33.2714285714286,1349.424,1403.495,0.04808930871618443,0.3399031671467483,False,False,No setup,Neutral,0,Not applicable,No directional setup; confirmation score not applicable.,Narrow CPR,Not applicable,Not applicable,Narrow CPR; Wide CPR rules not applied,0,0,0,0
2026-09-23,2026-09-23,CM,NSE,STK,13457,INE390H01020,KAMDHENU,EQ,,,,,KAMDHENU LIMITED,41.17,42.04,39.65,40.77,40.62,41.51,,40.76,,,1666669,67895181.71,6261,F1,1,,,,,,Cash Only,Unclassified,False,40.82,40.845,40.795,40.845,40.795,0.04999999999999716,0.12263919548687063,Narrow,Bearish,Below CPR,False,True,0.11666666666666667,60,28323193.895000003,Lower,True,Risk On,True,2.702857142857142,25.9,23.682100000000002,0.018498942917546522,2.397158384103912,True,True,No setup,Neutral,0,Not applicable,No directional setup; confirmation score not applicable.,Narrow CPR,Not applicable,Not applicable,Narrow CPR; Wide CPR rules not applied,0,0,0,0
2026-09-23,2026-09-23,CM,NSE,STK,27754,INE403Y01018,INNOVANA,EQ,,,,,INNOVANA THINKLABS LTD,304.0,304.0,295.3,299.1,299.0,295.3,,299.1,,,35551,10621992.5,532,F1,1,,,,,,Cash Only,Unclassified,False,299.46666666666664,299.65,299.2833333333333,299.65,299.2833333333333,0.36666666666667425,0.1225899921988212,Narrow,Bearish,Below CPR,False,True,0.06666666666666667,60,1060594.875,Overlapping,True,Risk On,True,17.885714285714275,318.453,329.165,0.020500532481363586,10.015127123822845,False,False,No setup,Neutral,0,Not applicable,No directional setup; confirmation score not applicable.,Narrow CPR,Not applicable,Not applicable,Narrow CPR; Wide CPR rules not applied,0,0,0,0
2026-09-23,2026-09-23,CM,NSE,STK,15146,INE668F01031,JYOTHYLAB,EQ,,,,,JYOTHY LABS LIMITED,193.97,195.61,193.32,194.11,194.39,193.97,,194.12,,,215274,41821004.27,7525,F1,1,,,,,,Cash Only,Unclassified,False,194.34666666666666,194.465,194.22833333333332,194.465,194.22833333333332,0.2366666666666788,0.12192399498566729,Narrow,Bearish,Below CPR,False,True,0.21666666666666667,60,102996071.49,Overlapping,True,Risk On,True,4.338571428571432,201.8788,205.65699999999998,0.05454944572495062,0.40604465456782446,False,False,No setup,Neutral,0,Not applicable,No directional setup; confirmation score not applicable.,Narrow CPR,Not applicable,Not applicable,Narrow CPR; Wide CPR rules not applied,0,0,0,0
2026-09-23,2026-09-23,CM,NSE,STK,9552,INE415G01027,RVNL,EQ,,,,,RAIL VIKAS NIGAM LIMITED,211.8,213.86,210.45,211.77,211.77,211.15,,211.76,,,2894169,613856764.01,26498,F1,1,,,,,,F&O + Cash,Construction,True,212.02666666666667,212.155,211.89833333333334,212.155,211.89833333333334,0.2566666666666606,0.12120067368685866,Narrow,Bearish,Below CPR,False,True,0.2,60,853616845.9749999,Higher,True,Risk On,True,5.687142857142858,219.546,236.332,0.04513103910240201,0.7191244724193016,False,False,No setup,Neutral,0,Not applicable,No directional setup; confirmation score not applicable.,Narrow CPR,Not applicable,Not applicable,Narrow CPR; Wide CPR rules not applied,0,0,0,0
2026-09-23,2026-09-23,CM,NSE,STK,5900,INE238A01034,AXISBANK,EQ,,,,,AXIS BANK LIMITED,1242.2,1252.0,1238.9,1243.2,1243.2,1242.7,,1243.2,,,2287837,2850727053.2,64055,F1,1,,,,,,F&O + Cash,Financial Services,True,1244.7,1245.45,1243.95,1245.45,1243.95,1.5,0.12065637065637065,Narrow,Bearish,Below CPR,False,True,0.23333333333333334,60,6854539695.9,Overlapping,True,Risk On,True,20.92142857142856,1249.2659999999998,1277.741,0.07169682485489932,0.4158889115348102,False,False,No setup,Neutral,0,Not applicable,No directional setup; confirmation score not applicable.,Narrow CPR,Not applicable,Not applicable,Narrow CPR; Wide CPR rules not applied,0,0,0,0
2026-09-23,2026-09-23,CM,NSE,STK,27097,INE995S01015,NIVABUPA,EQ,,,,,NIVA BUPA HEALTH INS CO L,80.83,80.83,79.92,80.23,80.42,80.83,,80.22,,,390877,31390174.74,7339,F1,1,,,,,,Cash Only,Financial Services,True,80.32666666666667,80.375,80.27833333333334,80.375,80.27833333333334,0.09666666666666401,0.12048693339980557,Narrow,Bearish,Below CPR,False,True,0.23333333333333334,60,57299279.135000005,Lower,True,Risk On,True,1.7707142857142852,83.48559999999999,83.64720000000001,0.054591905338172514,0.547828440669265,False,False,No setup,Neutral,0,Not applicable,No directional setup; confirmation score not applicable.,Narrow CPR,Not applicable,Not applicable,Narrow CPR; Wide CPR rules not applied,0,0,0,0
2026-09-23,2026-09-23,CM,NSE,STK,11399,INE457F01013,SALZERELEC,EQ,,,,,SALZER ELECTRONICS LTD,551.45,555.0,545.05,549.05,554.0,545.95,,549.03,,,29178,16039125.1,1382,F1,1,,,,,,Cash Only,Unclassified,False,549.6999999999999,550.025,549.3749999999999,550.025,549.3749999999999,0.650000000000091,0.11838630361535217,Narrow,Bearish,Below CPR,False,True,0.16666666666666666,60,21285758.8,Inside,True,Risk On,True,18.521428571428594,567.558,609.964,0.035094485152338074,0.7535143684894146,False,False,No setup,Neutral,0,Not applicable,No directional setup; confirmation score not applicable.,Narrow CPR,Not applicable,Not applicable,Narrow CPR; Wide CPR rules not applied,0,0,0,0
2026-09-23,2026-09-23,CM,NSE,STK,23507,INE899L01030,UEL,EQ,,,,,UJAAS ENERGY LIMITED,190.1,198.0,186.4,191.86,198.0,191.3,,191.8,,,24169,4638692.33,912,F1,1,,,,,,Cash Only,Unclassified,False,192.08666666666667,192.2,191.97333333333336,192.2,191.97333333333336,0.22666666666663104,0.11814170054551809,Narrow,Bearish,Below CPR,False,True,0.3,60,1527044.71,Lower,True,Risk On,False,13.250714285714285,189.45460000000003,164.8377,0.017105996082867957,3.0376925440513136,True,True,No setup,Neutral,0,Not applicable,No directional setup; confirmation score not applicable.,Narrow CPR,Not applicable,Not applicable,Narrow CPR; Wide CPR rules not applied,0,0,0,0
2026-09-23,2026-09-23,CM,NSE,STK,762712,INE640B01021,HBESD,EQ,,,,,H B ESTATE DEVELOPERS L,71.0,71.0,70.55,70.65,70.65,70.52,,70.65,,,246,17359.05,12,F1,1,,,,,,Cash Only,Unclassified,False,70.73333333333333,70.775,70.69166666666666,70.775,70.69166666666666,0.08333333333334281,0.11795234725172371,Narrow,Bearish,Below CPR,False,True,0.06666666666666667,60,60172.740000000005,Overlapping,True,Risk On,True,4.275,74.8092,75.3355,0.019493177387916446,0.28848694608222925,False,False,No setup,Neutral,0,Not applicable,No directional setup; confirmation score not applicable.,Narrow CPR,Not applicable,Not applicable,Narrow CPR; Wide CPR rules not applied,0,0,0,0
2026-09-23,2026-09-23,CM,NSE,STK,15399,INE276C01014,EIHAHOTELS,EQ,,,,,EIH ASSOCIATED HOTELS LTD,296.1,300.35,294.4,296.85,295.8,298.8,,296.86,,,8693,2581463.5,583,F1,1,,,,,,Cash Only,Unclassified,False,297.2,297.375,297.025,297.375,297.025,0.35000000000002274,0.1179046656560629,Narrow,Bearish,Below CPR,False,True,0.21666666666666667,60,4540040.15,Lower,True,Risk On,True,9.049999999999995,303.016,310.2835,0.0386740331491738,0.5685992666826966,False,False,No setup,Neutral,0,Not applicable,No directional setup; confirmation score not applicable.,Narrow CPR,Not applicable,Not applicable,Narrow CPR; Wide CPR rules not applied,0,0,-2,-2
2026-09-23,2026-09-23,CM,NSE,STK,513,INE032A01023,BOMDYEING,EQ,,,,,BOMBAY DYEING & MFG. CO L,109.99,113.72,109.71,111.52,111.32,109.58,,111.53,,,471331,52494711.5,4934,F1,1,,,,,,Cash Only,Unclassified,False,111.64999999999999,111.715,111.58499999999998,111.715,111.58499999999998,0.13000000000002387,0.1165710186513844,Narrow,Bearish,Below CPR,False,True,0.15,60,47669545.54,Higher,True,Risk On,True,3.105714285714286,116.08560000000001,121.83019999999999,0.04185832566698101,1.101221144555514,False,False,No setup,Neutral,0,Not applicable,No directional setup; confirmation score not applicable.,Narrow CPR,Not applicable,Not applicable,Narrow CPR; Wide CPR rules not applied,0,0,0,0
2026-09-23,2026-09-23,CM,NSE,STK,11975,INE050H01012,RML,EQ,,,,,RANE (MADRAS) LIMITED,1338.1,1380.0,1338.1,1356.7,1350.0,1347.9,,1356.76,,,25789,34983352.0,3508,F1,1,,,,,,Cash Only,Unclassified,False,1358.2666666666667,1359.05,1357.4833333333333,1359.05,1357.4833333333333,1.566666666666606,0.11547627822411778,Narrow,Bearish,Below CPR,False,True,0.15,60,36714564.7,Inside,True,Risk On,True,82.18571428571431,1185.6480000000001,1094.713,0.019062518106494418,0.9528467050026062,True,True,No setup,Neutral,0,Not applicable,No directional setup; confirmation score not applicable.,Narrow CPR,Not applicable,Not applicable,Narrow CPR; Wide CPR rules not applied,0,0,-2,-2
2026-09-23,2026-09-23,CM,NSE,STK,22477,INE02H701025,NOVAAGRI,EQ,,,,,NOVA AGRITECH LIMITED,22.9,23.4,22.9,23.11,23.2,23.08,,23.11,,,29754,689409.28,239,F1,1,,,,,,Cash Only,Unclassified,False,23.136666666666667,23.15,23.123333333333335,23.15,23.123333333333335,0.02666666666666373,0.11539016298859253,Narrow,Bearish,Below CPR,False,True,0.03333333333333333,60,2692840.4400000004,Inside,True,Risk On,True,1.3114285714285712,27.6092,28.182199999999998,0.02033405954974359,0.2560156442095024,False,False,No setup,Neutral,0,Not applicable,No directional setup; confirmation score not applicable.,Narrow CPR,Not applicable,Not applicable,Narrow CPR; Wide CPR rules not applied,0,0,0,0
2026-09-23,2026-09-23,CM,NSE,STK,559,INE594B01012,BSL,EQ,,,,,BSL LTD,124.28,125.9,123.01,124.24,124.98,125.54,,124.24,,,2400,298867.32,164,F1,1,,,,,,Cash Only,Unclassified,False,124.38333333333334,124.45500000000001,124.31166666666667,124.45500000000001,124.31166666666667,0.14333333333334508,0.11536810474351664,Narrow,Bearish,Below CPR,False,True,0.15,60,332729.6,Lower,True,Risk On,True,4.927142857142854,123.4128,125.15859999999999,0.02909055764956266,0.8982288320606283,True,False,No setup,Neutral,0,Not applicable,No directional setup; confirmation score not applicable.,Narrow CPR,Not applicable,Not applicable,Narrow CPR; Wide CPR rules not applied,0,0,-2,-2
2026-09-23,2026-09-23,CM,NSE,STK,1594,INE009A01021,INFY,EQ,,,,,INFOSYS LIMITED,1021.8,1029.4,1015.1,1020.5,1020.5,1029.4,,1020.49,,,5108734,5212680733.8,124303,F1,1,,,,,,F&O + Cash,Information Technology,True,1021.6666666666666,1022.25,1021.0833333333333,1022.25,1021.0833333333333,1.1666666666667425,0.11432304425935742,Narrow,Bearish,Below CPR,False,True,0.15,60,9802625868.3,Lower,True,Risk On,True,27.42857142857142,1110.3239999999998,1118.2659999999998,0.042534722222225,0.5317637135022066,False,False,No setup,Neutral,0,Not applicable,No directional setup; confirmation score not applicable.,Narrow CPR,Not applicable,Not applicable,Narrow CPR; Wide CPR rules not applied,0,0,0,0
2026-09-23,2026-09-23,CM,NSE,STK,761056,INE0B9A01018,BONLON,EQ,,,,,BONLON INDUSTRIES LIMITED,41.0,41.81,40.19,40.93,40.51,40.07,,40.91,,,9103,371671.48,138,F1,1,,,,,,Cash Only,Unclassified,False,40.97666666666667,41.0,40.95333333333333,41.0,40.95333333333333,0.046666666666666856,0.11401579933219363,Narrow,Bearish,Below CPR,False,True,0.08333333333333333,60,223890.485,Higher,True,Risk On,True,2.526428571428572,40.676,43.0377,0.01847139760625773,1.660059291934626,True,False,No setup,Neutral,0,Not applicable,No directional setup; confirmation score not applicable.,Narrow CPR,Not applicable,Not applicable,Narrow CPR; Wide CPR rules not applied,0,0,0,0
2026-09-23,2026-09-23,CM,NSE,STK,12686,INE900L01028,MBAPL,EQ,,,,,MADHYA BHARAT AGRO P. LTD,169.0,170.5,165.09,167.51,167.1,165.68,,167.51,,,806244,135744761.02,8158,F1,1,,,,,,Cash Only,Unclassified,False,167.70000000000002,167.79500000000002,167.60500000000002,167.79500000000002,167.60500000000002,0.18999999999999773,0.11342606411557384,Narrow,Bearish,Below CPR,False,True,0.08333333333333333,60,155044294.43,Higher,True,Risk On,True,6.49571428571429,159.355,322.1605,0.029250054981305985,0.875522453238591,True,False,No setup,Neutral,0,Not applicable,No directional setup; confirmation score not applicable.,Narrow CPR,Not applicable,Not applicable,Narrow CPR; Wide CPR rules not applied,0,0,0,0
2026-09-23,2026-09-23,CM,NSE,STK,14952,INE227G01018,INDOWIND,EQ,,,,,INDOWIND ENERGY LTD,9.09,9.09,8.82,8.94,8.97,9.0,,8.94,,,74042,660483.69,456,F1,1,,,,,,Cash Only,Unclassified,False,8.950000000000001,8.955,8.945000000000002,8.955,8.945000000000002,0.00999999999999801,0.11185682326619699,Narrow,Bearish,Below CPR,False,True,0.15,60,2613852.11,Lower,True,Risk On,True,0.31571428571428556,9.4826,9.7022,0.03167420814479009,0.2526859448065713,False,False,No setup,Neutral,0,Not applicable,No directional setup; confirmation score not applicable.,Narrow CPR,Not applicable,Not applicable,Narrow CPR; Wide CPR rules not applied,0,0,0,0
2026-09-23,2026-09-23,CM,NSE,STK,758986,INE199P01028,GCSL,EQ,,,,,GRETEX CORPORATE SERVICES,643.0,649.0,638.55,642.7,644.0,639.2,,642.69,,,431390,278082178.8,4293,F1,1,,,,,,Cash Only,Unclassified,False,643.4166666666666,643.775,643.0583333333333,643.775,643.0583333333333,0.716666666666697,0.1115087391732841,Narrow,Bearish,Below CPR,False,True,0.13333333333333333,60,317059973.4,Higher,True,Risk On,True,21.832142857142863,544.88,483.26099999999997,0.03282621735100198,0.8770649155678004,True,True,No setup,Neutral,0,Not applicable,No directional setup; confirmation score not applicable.,Narrow CPR,Not applicable,Not applicable,Narrow CPR; Wide CPR rules not applied,0,0,0,0
2026-09-23,2026-09-23,CM,NSE,STK,11582,INE0HMF01019,TRACXN,EQ,,,,,TRACXN TECHNOLOGIES LTD,32.8,33.32,32.69,32.95,32.99,32.69,,32.95,,,164668,5429911.36,3869,F1,1,,,,,,Cash Only,Unclassified,False,32.986666666666665,33.004999999999995,32.968333333333334,33.004999999999995,32.968333333333334,0.03666666666666174,0.11127971674252422,Narrow,Bearish,Below CPR,False,True,0.3,60,3535089.9450000003,Higher,True,Risk On,False,1.3907142857142853,30.0402,30.8823,0.02636534839924317,1.5360037352599807,True,True,No setup,Neutral,0,Not applicable,No directional setup; confirmation score not applicable.,Narrow CPR,Not applicable,Not applicable,Narrow CPR; Wide CPR rules not applied,0,0,0,0
2026-09-23,2026-09-23,CM,NSE,STK,17875,INE484J01027,GODREJPROP,EQ,,,,,GODREJ PROPERTIES LTD,1700.9,1720.0,1700.9,1707.6,1707.6,1699.5,,1707.6,,,307495,526261934.0,17971,F1,1,,,,,,F&O + Cash,Realty,True,1709.5,1710.45,1708.55,1710.45,1708.55,1.900000000000091,0.1112672757086022,Narrow,Bearish,Below CPR,False,True,0.11666666666666667,60,1256843077.5500002,Inside,True,Risk On,True,61.26428571428572,1985.18,1901.1240000000003,0.03101317476973449,0.41871729526159884,False,False,No setup,Neutral,0,Not applicable,No directional setup; confirmation score not applicable.,Narrow CPR,Not applicable,Not applicable,Narrow CPR; Wide CPR rules not applied,0,-2,0,-2
2026-09-23,2026-09-23,CM,NSE,STK,495,INE233B01017,BLUEDART,EQ,,,,,BLUE DART EXPRESS LTD,4786.6,4835.0,4780.0,4799.5,4800.0,4786.6,,4799.38,,,4902,23530669.9,1800,F1,1,,,,,,Cash Only,Services,True,4804.833333333333,4807.5,4802.166666666666,4807.5,4802.166666666666,5.33333333333394,0.11112268639095614,Narrow,Bearish,Below CPR,False,True,0.21666666666666667,60,32631425.1,Inside,True,Risk On,True,72.33571428571427,5005.316000000001,4977.885,0.07373029195879843,0.7211045741302913,False,False,No setup,Neutral,0,Not applicable,No directional setup; confirmation score not applicable.,Narrow CPR,Not applicable,Not applicable,Narrow CPR; Wide CPR rules not applied,0,0,0,0
2026-09-23,2026-09-23,CM,NSE,STK,21174,INE736A01011,CDSL,EQ,,,,,CENTRAL DEPO SER (I) LTD,1348.0,1359.5,1347.2,1351.1,1351.1,1348.0,,1351.1,,,400345,542324800.6,18318,F1,1,,,,,,F&O + Cash,Financial Services,True,1352.6,1353.35,1351.85,1353.35,1351.85,1.5,0.11102064984087041,Narrow,Bearish,Below CPR,False,True,0.08333333333333333,60,1469654907.0500002,Inside,True,Risk On,True,37.45000000000003,1362.5020000000002,1317.1580000000001,0.040053404539385815,0.3690150646920197,False,True,No setup,Neutral,0,Not applicable,No directional setup; confirmation score not applicable.,Narrow CPR,Not applicable,Not applicable,Narrow CPR; Wide CPR rules not applied,0,0,0,0
2026-09-23,2026-09-23,CM,NSE,STK,12092,INE918Z01012,KAYNES,EQ,,,,,KAYNES TECHNOLOGY IND LTD,3460.0,3499.0,3428.5,3458.0,3458.0,3455.0,,3457.86,,,804616,2787315807.3,51187,F1,1,,,,,,F&O + Cash,Capital Goods,True,3461.8333333333335,3463.75,3459.916666666667,3463.75,3459.916666666667,3.83333333333303,0.11085405822247052,Narrow,Bearish,Below CPR,False,True,0.08333333333333333,60,3580468198.2,Lower,True,Risk On,True,139.36428571428578,3612.482,3494.1679999999997,0.02750585140006273,0.7784780238241638,False,False,No setup,Neutral,0,Not applicable,No directional setup; confirmation score not applicable.,Narrow CPR,Not applicable,Not applicable,Narrow CPR; Wide CPR rules not applied,0,0,0,0
2026-09-23,2026-09-23,CM,NSE,STK,6445,INE285K01026,TECHNOE,EQ,,,,,TECHNO ELEC & ENG CO. LTD,1005.65,1021.8,1005.65,1012.05,1011.0,1005.65,,1012.19,,,71021,72046356.6,7276,F1,1,,,,,,Cash Only,Construction,True,1013.1666666666666,1013.7249999999999,1012.6083333333333,1013.7249999999999,1012.6083333333333,1.1166666666665606,0.11033710455674726,Narrow,Bearish,Below CPR,False,True,0.21666666666666667,60,140520335.60000002,Inside,True,Risk On,True,31.414285714285743,996.762,1060.243,0.03554646051235069,0.5127112477519586,True,False,No setup,Neutral,0,Not applicable,No directional setup; confirmation score not applicable.,Narrow CPR,Not applicable,Not applicable,Narrow CPR; Wide CPR rules not applied,0,0,0,0
2026-09-23,2026-09-23,CM,NSE,STK,881,INE089A01031,DRREDDY,EQ,,,,,DR. REDDY S LABORATORIES,1210.0,1220.5,1205.9,1211.2,1211.2,1211.0,,1211.2,,,987420,1198381997.2,52294,F1,1,,,,,,F&O + Cash,Healthcare,True,1212.5333333333335,1213.2,1211.866666666667,1213.2,1211.866666666667,1.3333333333330302,0.11008366358429905,Narrow,Bearish,Below CPR,False,True,0.21666666666666667,60,2072419037.5,Higher,True,Risk On,True,23.34999999999999,1175.5220000000002,1238.333,0.057102069950022726,0.578252744988114,True,False,No setup,Neutral,0,Not applicable,No directional setup; confirmation score not applicable.,Narrow CPR,Not applicable,Not applicable,Narrow CPR; Wide CPR rules not applied,0,0,0,0
2026-09-23,2026-09-23,CM,NSE,STK,15420,INE666E01020,ACL,EQ,,,,,ANDHRA CEMENTS LIMITED,42.49,43.2,42.1,42.58,42.79,42.92,,42.58,,,9773,417427.72,190,F1,1,,,,,,Cash Only,Unclassified,False,42.62666666666667,42.650000000000006,42.60333333333334,42.650000000000006,42.60333333333334,0.046666666666666856,0.10959762016596257,Narrow,Bearish,Below CPR,False,True,0.2,60,515843.51,Lower,True,Risk On,True,1.433571428571428,45.6858,49.7275,0.032552732104301756,0.8092138641038635,False,False,No setup,Neutral,0,Not applicable,No directional setup; confirmation score not applicable.,Narrow CPR,Not applicable,Not applicable,Narrow CPR; Wide CPR rules not applied,0,0,0,0
2026-09-23,2026-09-23,CM,NSE,STK,13880,INE213C01025,BANCOINDIA,EQ,,,,,BANCO PRODUCTS (I) LTD,612.0,618.2,607.3,611.75,613.0,605.65,,611.75,,,59280,36352387.2,5700,F1,1,,,,,,Cash Only,Unclassified,False,612.4166666666666,612.75,612.0833333333333,612.75,612.0833333333333,0.6666666666667425,0.10897697861328033,Narrow,Bearish,Below CPR,False,True,0.15,60,68561622.25,Higher,True,Risk On,True,15.578571428571463,629.264,638.577,0.042793825462330924,0.5302148054117842,False,False,No setup,Neutral,0,Not applicable,No directional setup; confirmation score not applicable.,Narrow CPR,Not applicable,Not applicable,Narrow CPR; Wide CPR rules not applied,0,0,0,0
2026-09-23,2026-09-23,CM,NSE,STK,104,INE932X01026,SHAREINDIA,EQ,,,,,SHARE IND. SECURITIES LTD,223.32,223.67,217.0,219.98,218.5,223.32,,219.94,,,1845463,405435198.9,20963,F1,1,,,,,,Cash Only,Unclassified,False,220.21666666666667,220.33499999999998,220.09833333333336,220.33499999999998,220.09833333333336,0.23666666666662195,0.107585538079199,Narrow,Bearish,Below CPR,False,True,0.1,60,113560365.3,Lower,True,Risk On,True,11.853571428571426,182.0932,162.7158,0.01996585316862132,3.5702174594889224,True,True,No setup,Neutral,0,Not applicable,No directional setup; confirmation score not applicable.,Narrow CPR,Not applicable,Not applicable,Narrow CPR; Wide CPR rules not applied,0,0,0,0
2026-09-23,2026-09-23,CM,NSE,STK,18944,INE473D01015,KINGFA,EQ,,,,,KINGFA SCI & TEC IND LTD.,6219.5,6300.0,6201.0,6240.5,6221.0,6168.5,,6240.43,,,7818,48906668.0,2771,F1,1,,,,,,Cash Only,Unclassified,False,6247.166666666667,6250.5,6243.833333333334,6250.5,6243.833333333334,6.66666666666606,0.10682904681782006,Narrow,Bearish,Below CPR,False,True,0.15,60,51353872.5,Higher,True,Risk On,True,225.82142857142858,5664.07,5413.182000000001,0.02952185144182345,0.952346251979342,True,True,No setup,Neutral,0,Not applicable,No directional setup; confirmation score not applicable.,Narrow CPR,Not applicable,Not applicable,Narrow CPR; Wide CPR rules not applied,0,0,0,0
2026-09-23,2026-09-23,CM,NSE,STK,17307,INE298G01035,AJMERA,EQ,,,,,AJMERA REALTY & INF I LTD,118.99,122.99,118.65,120.63,120.9,119.87,,120.63,,,235230,28615447.98,2773,F1,1,,,,,,Cash Only,Unclassified,False,120.75666666666666,120.82,120.69333333333333,120.82,120.69333333333333,0.12666666666666515,0.10500428306943974,Narrow,Bearish,Below CPR,False,True,0.06666666666666667,60,36521990.275,Higher,True,Risk On,True,4.291428571428573,120.7052,123.5397,0.029516200621393335,0.7835128306133914,False,False,No setup,Neutral,0,Not applicable,No directional setup; confirmation score not applicable.,Narrow CPR,Not applicable,Not applicable,Narrow CPR; Wide CPR rules not applied,0,0,0,0
2026-09-23,2026-09-23,CM,NSE,STK,764748,INE879K01018,KMCSHIL,EQ,,,,,K M C SPECIALITY HOSP I L,160.6,165.0,159.91,162.2,162.64,159.61,,162.27,,,244025,39482241.03,4552,F1,1,,,,,,Cash Only,Unclassified,False,162.36999999999998,162.45499999999998,162.28499999999997,162.45499999999998,162.28499999999997,0.17000000000001592,0.10480887792849317,Narrow,Bearish,Below CPR,False,True,0.14814814814814814,27,16097380.99,Higher,True,Risk On,True,8.429285714285715,,,0.020167782391324655,2.452712093633562,False,False,No setup,Neutral,0,Not applicable,No directional setup; confirmation score not applicable.,Narrow CPR,Not applicable,Not applicable,Narrow CPR; Wide CPR rules not applied,0,0,0,0
2026-09-23,2026-09-23,CM,NSE,STK,4055,INE922B01023,PANACEABIO,EQ,,,,,PANACEA BIOTEC LTD,382.6,386.7,378.0,381.75,382.4,382.65,,381.72,,,34025,13019164.55,1698,F1,1,,,,,,Cash Only,Unclassified,False,382.15000000000003,382.35,381.95000000000005,382.35,381.95000000000005,0.39999999999997726,0.10478061558611063,Narrow,Bearish,Below CPR,False,True,0.11666666666666667,60,57754396.825,Lower,True,Risk On,True,14.882142857142851,416.19300000000004,449.1835,0.026877849772016724,0.22542291610193785,False,False,No setup,Neutral,0,Not applicable,No directional setup; confirmation score not applicable.,Narrow CPR,Not applicable,Not applicable,Narrow CPR; Wide CPR rules not applied,0,0,0,0
2026-09-23,2026-09-23,CM,NSE,STK,11798,INE835G01018,ALLDIGI,EQ,,,,,ALLDIGI TECH LIMITED,771.0,791.95,771.0,780.25,776.1,784.6,,780.28,,,3923,3058501.9,442,F1,1,,,,,,Cash Only,Unclassified,False,781.0666666666666,781.475,780.6583333333332,781.475,780.6583333333332,0.8166666666668334,0.10466730748693795,Narrow,Bearish,Below CPR,False,True,0.25,60,5237653.025,Lower,True,Risk On,True,18.285714285714285,813.5360000000001,815.625,0.04466145833334245,0.5839451153792303,False,False,No setup,Neutral,0,Not applicable,No directional setup; confirmation score not applicable.,Narrow CPR,Not applicable,Not applicable,Narrow CPR; Wide CPR rules not applied,0,0,0,0
2026-09-23,2026-09-23,CM,NSE,STK,1333,INE040A01034,HDFCBANK,EQ,,,,,HDFC BANK LTD,735.65,742.8,734.0,737.25,737.25,738.6,,737.26,,,23197231,17154770350.35,225520,F1,1,,,,,,F&O + Cash,Financial Services,True,738.0166666666668,738.4,737.6333333333336,738.4,737.6333333333336,0.7666666666664241,0.10399005312532034,Narrow,Bearish,Below CPR,False,True,0.2833333333333333,60,19622708578.35,Lower,True,Risk On,False,13.274999999999993,733.3330000000001,755.7275,0.057752667922141204,0.8742305009450679,True,False,No setup,Neutral,0,Not applicable,No directional setup; confirmation score not applicable.,Narrow CPR,Not applicable,Not applicable,Narrow CPR; Wide CPR rules not applied,0,0,0,0
2026-09-23,2026-09-23,CM,NSE,STK,10415,INE296G01013,MUTHOOTCAP,EQ,,,,,MUTHOOT CAP SERV LTD,225.51,231.12,225.01,227.71,227.25,229.85,,227.89,,,4428,1013063.27,257,F1,1,,,,,,Cash Only,Unclassified,False,227.9466666666667,228.065,227.82833333333338,228.065,227.82833333333338,0.23666666666662195,0.10393336553801852,Narrow,Bearish,Below CPR,False,True,0.15,60,3164725.71,Lower,True,Risk On,True,9.793571428571427,238.1656,222.0682,0.024165511876104644,0.3201109236098695,False,True,No setup,Neutral,0,Not applicable,No directional setup; confirmation score not applicable.,Narrow CPR,Not applicable,Not applicable,Narrow CPR; Wide CPR rules not applied,0,0,0,0
2026-09-23,2026-09-23,CM,NSE,STK,8477,INE01P501012,XELPMOC,EQ,,,,,XELPMOC DESIGN & TECH LTD,73.02,75.29,73.0,74.03,74.0,73.32,,74.05,,,10523,782948.93,141,F1,1,,,,,,Cash Only,Unclassified,False,74.10666666666667,74.14500000000001,74.06833333333333,74.14500000000001,74.06833333333333,0.0766666666666822,0.10356161916342321,Narrow,Bearish,Below CPR,False,True,0.13333333333333333,60,723181.23,Higher,True,Risk On,True,3.7335714285714303,79.5218,86.0535,0.020534404693582368,1.082645535476633,False,False,No setup,Neutral,0,Not applicable,No directional setup; confirmation score not applicable.,Narrow CPR,Not applicable,Not applicable,Narrow CPR; Wide CPR rules not applied,0,0,0,0
2026-09-23,2026-09-23,CM,NSE,STK,759205,INE1FF001016,JKIPL,EQ,,,,,JINKUSHAL INDUSTRIES LTD,99.96,101.55,99.26,100.25,99.7,99.24,,100.25,,,3606,360908.97,125,F1,1,,,,,,Cash Only,Unclassified,False,100.35333333333334,100.405,100.30166666666668,100.405,100.30166666666668,0.10333333333332462,0.10307564422276771,Narrow,Bearish,Below CPR,False,True,0.1,60,3184938.355,Higher,True,Risk On,True,4.454285714285716,85.43259999999998,77.872,0.023198631601451955,0.11331741144484411,True,True,No setup,Neutral,0,Not applicable,No directional setup; confirmation score not applicable.,Narrow CPR,Not applicable,Not applicable,Narrow CPR; Wide CPR rules not applied,0,0,0,0
2026-09-23,2026-09-23,CM,NSE,STK,13,INE117A01022,ABB,EQ,,,,,ABB INDIA LIMITED,7141.5,7185.0,7077.0,7120.0,7120.0,7120.5,,7119.92,,,91561,652394630.5,14446,F1,1,,,,,,F&O + Cash,Capital Goods,True,7127.333333333333,7131.0,7123.666666666666,7131.0,7123.666666666666,7.33333333333394,0.10299625468165646,Narrow,Bearish,Below CPR,False,True,0.16666666666666666,60,1463465074.25,Lower,True,Risk On,True,151.67857142857142,7445.51,7176.39,0.04834785338670834,0.4457876323658361,False,False,No setup,Neutral,0,Not applicable,No directional setup; confirmation score not applicable.,Narrow CPR,Not applicable,Not applicable,Narrow CPR; Wide CPR rules not applied,0,0,0,0
2026-09-23,2026-09-23,CM,NSE,STK,1581,INE0EK901012,TARC,EQ,,,,,TARC LIMITED,130.66,131.0,128.7,129.65,129.88,130.66,,129.65,,,322713,41847067.86,3024,F1,1,,,,,,Cash Only,Unclassified,False,129.78333333333333,129.85,129.71666666666667,129.85,129.71666666666667,0.13333333333332575,0.10284098213137349,Narrow,Bearish,Below CPR,False,True,0.08333333333333333,60,60579322.59,Lower,True,Risk On,True,5.367142857142862,126.88060000000002,127.8388,0.024842516191995727,0.6907813767284979,True,True,No setup,Neutral,0,Not applicable,No directional setup; confirmation score not applicable.,Narrow CPR,Not applicable,Not applicable,Narrow CPR; Wide CPR rules not applied,0,0,0,0
2026-09-23,2026-09-23,CM,NSE,STK,20296,INE482J01021,SHAH,EQ,,,,,SHAH METACORP LIMITED,3.24,3.29,3.22,3.25,3.25,3.25,,3.25,,,1707745,5564185.36,660,F1,1,,,,,,Cash Only,Unclassified,False,3.2533333333333334,3.255,3.251666666666667,3.255,3.251666666666667,0.0033333333333329662,0.10256410256409126,Narrow,Bearish,Below CPR,False,True,0.1,60,14113383.719999999,Lower,True,Risk On,True,0.14785714285714285,3.8295999999999997,4.3881,0.02254428341384615,0.39424885416493166,False,False,No setup,Neutral,0,Not applicable,No directional setup; confirmation score not applicable.,Narrow CPR,Not applicable,Not applicable,Narrow CPR; Wide CPR rules not applied,0,0,0,0
2026-09-23,2026-09-23,CM,NSE,STK,2056,INE481N01025,HOMEFIRST,EQ,,,,,HOME FIRST FIN CO IND LTD,1200.4,1217.3,1198.0,1205.8,1208.0,1212.5,,1205.78,,,41253,49688712.9,4947,F1,1,,,,,,Cash Only,Financial Services,True,1207.0333333333335,1207.65,1206.416666666667,1207.65,1206.416666666667,1.2333333333331211,0.1022834079725594,Narrow,Bearish,Below CPR,False,True,0.2,60,175508707.25,Lower,True,Risk On,True,43.4857142857143,1198.768,1166.074,0.02836180464300869,0.28311252289735045,True,True,No setup,Neutral,0,Not applicable,No directional setup; confirmation score not applicable.,Narrow CPR,Not applicable,Not applicable,Narrow CPR; Wide CPR rules not applied,0,0,0,0
2026-09-23,2026-09-23,CM,NSE,STK,17851,INE250K01012,DLINKINDIA,EQ,,,,,D-LINK INDIA LTD,427.0,431.0,422.5,426.1,425.1,423.55,,426.09,,,61110,26037585.55,2293,F1,1,,,,,,Cash Only,Unclassified,False,426.5333333333333,426.75,426.3166666666666,426.75,426.3166666666666,0.43333333333339397,0.10169756708129404,Narrow,Bearish,Below CPR,False,True,0.13333333333333333,60,38522850.125,Higher,True,Risk On,True,10.389285714285705,439.94599999999997,465.42199999999997,0.04170963675948794,0.6758997702795232,False,False,No setup,Neutral,0,Not applicable,No directional setup; confirmation score not applicable.,Narrow CPR,Not applicable,Not applicable,Narrow CPR; Wide CPR rules not applied,0,0,0,0
2026-09-23,2026-09-23,CM,NSE,STK,4421,INE741K01010,CREDITACC,EQ,,,,,CREDITACCESS GRAMEEN LTD,1353.0,1359.8,1343.5,1349.6,1348.9,1357.9,,1349.6,,,145556,196579310.0,16216,F1,1,,,,,,Cash Only,Financial Services,True,1350.9666666666667,1351.65,1350.2833333333333,1351.65,1350.2833333333333,1.366666666666788,0.10126457221893805,Narrow,Bearish,Below CPR,False,True,0.11666666666666667,60,395558272.6,Lower,True,Risk On,True,38.085714285714275,1478.0620000000001,1435.6380000000001,0.03588397099275138,0.49696675209922025,False,False,No setup,Neutral,0,Not applicable,No directional setup; confirmation score not applicable.,Narrow CPR,Not applicable,Not applicable,Narrow CPR; Wide CPR rules not applied,0,0,0,0
2026-09-23,2026-09-23,CM,NSE,STK,11915,INE528G01035,YESBANK,EQ,,,,,YES BANK LIMITED,23.2,23.38,23.17,23.24,23.24,23.2,,23.24,,,46135166,1072689608.95,91522,F1,1,,,,,,F&O + Cash,Financial Services,True,23.263333333333332,23.275,23.251666666666665,23.275,23.251666666666665,0.023333333333333428,0.10040160642570324,Narrow,Bearish,Below CPR,False,True,0.2,60,1230258674.24,Higher,True,Risk On,True,0.539285714285714,22.8242,23.017999999999997,0.043267108167770615,0.8719220042180648,True,True,No setup,Neutral,0,Not applicable,No directional setup; confirmation score not applicable.,Narrow CPR,Not applicable,Not applicable,Narrow CPR; Wide CPR rules not applied,0,0,0,0
2026-09-23,2026-09-23,CM,NSE,STK,2496,INE592A01026,ORIENTPPR,EQ,,,,,ORIENT PAPER AND INDS LTD,17.01,17.1,16.75,16.9,16.96,16.99,,16.9,,,185833,3147481.86,987,F1,1,,,,,,Cash Only,Unclassified,False,16.916666666666668,16.925,16.908333333333335,16.925,16.908333333333335,0.01666666666666572,0.09861932938855457,Narrow,Bearish,Below CPR,False,True,0.13333333333333333,60,3692050.69,Lower,True,Risk On,True,0.7871428571428579,17.433,17.495800000000003,0.021173623714457336,0.8525023419979101,False,False,No setup,Neutral,0,Not applicable,No directional setup; confirmation score not applicable.,Narrow CPR,Not applicable,Not applicable,Narrow CPR; Wide CPR rules not applied,0,0,0,0
2026-09-23,2026-09-23,CM,NSE,STK,220,INE022Q01020,IEX,EQ,,,,,INDIAN ENERGY EXC LTD,112.9,113.9,112.75,113.16,113.16,112.9,,113.17,,,1437722,163050821.14,20091,F1,1,,,,,,F&O + Cash,Financial Services,True,113.27,113.325,113.21499999999999,113.325,113.21499999999999,0.11000000000001364,0.09720749381408063,Narrow,Bearish,Below CPR,False,True,0.16666666666666666,60,374634566.355,Higher,True,Risk On,True,2.309999999999999,122.3758,123.40279999999998,0.04761904761905354,0.4352263132748264,False,False,No setup,Neutral,0,Not applicable,No directional setup; confirmation score not applicable.,Narrow CPR,Not applicable,Not applicable,Narrow CPR; Wide CPR rules not applied,0,0,0,0
2026-09-23,2026-09-23,CM,NSE,STK,27008,INE750M01017,HEXATRADEX,EQ,,,,,HEXA TRADEX LIMITED,158.81,160.0,158.35,158.95,158.51,158.81,,158.75,,,682,108761.18,29,F1,1,,,,,,Cash Only,Unclassified,False,159.1,159.175,159.02499999999998,159.175,159.02499999999998,0.1500000000000341,0.09436929852156913,Narrow,Bearish,Below CPR,False,True,0.21666666666666667,60,304564.225,Higher,True,Risk On,True,4.824285714285716,158.42680000000001,160.5183,0.031092685815819913,0.3571042528057916,True,False,No setup,Neutral,0,Not applicable,No directional setup; confirmation score not applicable.,Narrow CPR,Not applicable,Not applicable,Narrow CPR; Wide CPR rules not applied,0,0,0,0
2026-09-23,2026-09-23,CM,NSE,STK,1153,INE159A01016,GLAXO,EQ,,,,,GLAXOSMITHKLINE PHARMA LT,2859.6,2922.0,2839.9,2876.9,2880.0,2873.6,,2876.87,,,167009,483167888.1,11844,F1,1,,,,,,Cash Only,Healthcare,True,2879.6,2880.95,2878.25,2880.95,2878.25,2.699999999999818,0.09385102019534283,Narrow,Bearish,Below CPR,False,True,0.15,60,170790770.39999998,Higher,True,Risk On,True,81.32142857142864,2763.8940000000002,2546.347,0.03320158102766572,2.8290046761215386,True,True,No setup,Neutral,0,Not applicable,No directional setup; confirmation score not applicable.,Narrow CPR,Not applicable,Not applicable,Narrow CPR; Wide CPR rules not applied,0,0,0,0
2026-09-23,2026-09-23,CM,NSE,STK,3275,INE869Y01028,TEMBO,EQ,,,,,TEMBO GLOBAL IND LTD,57.63,61.48,57.3,59.31,59.7,57.36,,59.31,,,1389438,81210118.62,4377,F1,1,,,,,,Cash Only,Unclassified,False,59.36333333333334,59.39,59.33666666666667,59.39,59.33666666666667,0.05333333333332746,0.0899230034283046,Narrow,Bearish,Below CPR,False,True,0.1,60,69711920.33500001,Higher,True,Risk On,True,2.2292857142857145,206.15879999999999,392.2064,0.02392395599700687,1.1649387684307864,False,False,No setup,Neutral,0,Not applicable,No directional setup; confirmation score not applicable.,Narrow CPR,Not applicable,Not applicable,Narrow CPR; Wide CPR rules not applied,0,0,0,0
2026-09-23,2026-09-23,CM,NSE,STK,764865,INE531X01018,SAICAPI,EQ,,,,,SAI CAPITAL LTD.,153.0,159.8,152.0,155.69,158.0,152.52,,155.69,,,578,90739.4,38,F1,1,,,,,,Cash Only,Unclassified,False,155.83,155.9,155.76000000000002,155.9,155.76000000000002,0.13999999999998636,0.0899222814567322,Narrow,Bearish,Below CPR,False,True,0.19230769230769232,26,42555.335,Higher,True,Risk On,True,12.982142857142863,,,0.010784044016505134,2.1322684923053714,False,False,No setup,Neutral,0,Not applicable,No directional setup; confirmation score not applicable.,Narrow CPR,Not applicable,Not applicable,Narrow CPR; Wide CPR rules not applied,0,0,0,0
2026-09-23,2026-09-23,CM,NSE,STK,24715,INE09XN01023,AKUMS,EQ,,,,,AKUMS DRUGS AND PHARMA L,810.0,838.8,810.0,823.3,825.85,807.9,,823.3,,,434249,359518605.65,27853,F1,1,,,,,,Cash Only,Unclassified,False,824.0333333333333,824.4,823.6666666666666,824.4,823.6666666666666,0.7333333333333485,0.08907243208227238,Narrow,Bearish,Below CPR,False,True,0.1,60,216683041.475,Higher,True,Risk On,True,30.235714285714284,732.7510000000001,656.61,0.024253878258131065,1.6591912463600884,True,True,No setup,Neutral,0,Not applicable,No directional setup; confirmation score not applicable.,Narrow CPR,Not applicable,Not applicable,Narrow CPR; Wide CPR rules not applied,0,0,0,0
2026-09-23,2026-09-23,CM,NSE,STK,11427,INE155G01029,NDTV,EQ,,,,,NDTV LTD,72.3,72.31,70.1,71.11,71.05,72.31,,71.11,,,142777,10169568.48,1308,F1,1,,,,,,Cash Only,Unclassified,False,71.17333333333333,71.205,71.14166666666667,71.205,71.14166666666667,0.06333333333333258,0.08906389162330555,Narrow,Bearish,Below CPR,False,True,0.16666666666666666,60,6704677.3100000005,Lower,True,Risk On,True,2.6942857142857144,75.0256,77.62310000000001,0.023506539413219937,1.516787163616678,False,False,No setup,Neutral,0,Not applicable,No directional setup; confirmation score not applicable.,Narrow CPR,Not applicable,Not applicable,Narrow CPR; Wide CPR rules not applied,0,0,0,0
2026-09-23,2026-09-23,CM,NSE,STK,19686,INE0KBH01020,BLUEJET,EQ,,,,,BLUE JET HEALTHCARE LTD,589.95,594.75,578.3,585.75,584.4,587.3,,585.74,,,535536,312982351.55,27868,F1,1,,,,,,Cash Only,Healthcare,True,586.2666666666667,586.525,586.0083333333333,586.525,586.0083333333333,0.5166666666666515,0.08820600369895885,Narrow,Bearish,Below CPR,False,True,0.1,60,305954877.35,Lower,True,Risk On,True,16.432142857142846,585.068,541.4105000000001,0.03144244004926375,1.0229689889596394,True,True,No setup,Neutral,0,Not applicable,No directional setup; confirmation score not applicable.,Narrow CPR,Not applicable,Not applicable,Narrow CPR; Wide CPR rules not applied,0,0,0,0
2026-09-23,2026-09-23,CM,NSE,STK,760961,INE212S01015,FRACTAL,EQ,,,,,FRACTAL ANALYTICS LIMITED,763.0,768.8,756.5,761.65,761.5,761.4,,761.66,,,256784,195745024.75,13742,F1,1,,,,,,Cash Only,Unclassified,False,762.3166666666666,762.65,761.9833333333332,762.65,761.9833333333332,0.6666666666667425,0.08752926759886331,Narrow,Bearish,Below CPR,False,True,0.1,60,251087437.45,Lower,True,Risk On,True,20.621428571428567,813.6469999999999,881.3335,0.03232883038910425,0.7795890815484525,False,False,No setup,Neutral,0,Not applicable,No directional setup; confirmation score not applicable.,Narrow CPR,Not applicable,Not applicable,Narrow CPR; Wide CPR rules not applied,0,0,0,0
2026-09-23,2026-09-23,CM,NSE,STK,3321,INE937A01023,SPMLINFRA,EQ,,,,,SPML INFRA LIMITED,166.9,171.0,166.6,168.58,168.1,166.44,,168.58,,,133400,22572904.53,2035,F1,1,,,,,,Cash Only,Unclassified,False,168.7266666666667,168.8,168.65333333333336,168.8,168.65333333333336,0.14666666666664696,0.08700122592635363,Narrow,Bearish,Below CPR,False,True,0.13333333333333333,60,32799684.665,Higher,True,Risk On,True,6.107142857142859,187.1552,193.64960000000002,0.024015594541907097,0.6882049251554901,False,False,No setup,Neutral,0,Not applicable,No directional setup; confirmation score not applicable.,Narrow CPR,Not applicable,Not applicable,Narrow CPR; Wide CPR rules not applied,0,0,0,0
2026-09-23,2026-09-23,CM,NSE,STK,10948,INE655A01013,STCINDIA,EQ,,,,,THE STATE TRADING CORPN,111.85,113.0,111.25,111.98,111.75,111.06,,111.98,,,15098,1692870.43,296,F1,1,,,,,,Cash Only,Unclassified,False,112.07666666666667,112.125,112.02833333333334,112.125,112.02833333333334,0.09666666666666401,0.08632493897719594,Narrow,Bearish,Below CPR,False,True,0.08333333333333333,60,2767752.63,Higher,True,Risk On,True,2.27857142857143,116.86439999999999,119.58670000000001,0.04242424242424124,0.6116407989828195,False,False,No setup,Neutral,0,Not applicable,No directional setup; confirmation score not applicable.,Narrow CPR,Not applicable,Not applicable,Narrow CPR; Wide CPR rules not applied,0,-2,0,-2
2026-09-23,2026-09-23,CM,NSE,STK,18049,INE110B01017,MINDTECK,EQ,,,,,MINDTECK (INDIA) LIMITED,160.4,161.6,158.11,159.65,159.15,157.94,,159.65,,,14739,2359353.89,795,F1,1,,,,,,Cash Only,Unclassified,False,159.78666666666666,159.85500000000002,159.7183333333333,159.85500000000002,159.7183333333333,0.1366666666667129,0.08560392525318691,Narrow,Bearish,Below CPR,False,True,0.08333333333333333,60,6961411.585,Higher,True,Risk On,True,6.617857142857141,178.95420000000001,193.72299999999998,0.020651196258326832,0.33891889039915174,False,False,No setup,Neutral,0,Not applicable,No directional setup; confirmation score not applicable.,Narrow CPR,Not applicable,Not applicable,Narrow CPR; Wide CPR rules not applied,0,0,0,0
2026-09-23,2026-09-23,CM,NSE,STK,11423,INE365B01017,DATAMATICS,EQ,,,,,DATAMATICS GLOBAL SER LTD,766.8,814.9,766.8,789.85,789.0,765.3,,789.78,,,215120,171778974.3,10032,F1,1,,,,,,Cash Only,Unclassified,False,790.5166666666665,790.8499999999999,790.1833333333332,790.8499999999999,790.1833333333332,0.6666666666667425,0.08440421177017693,Narrow,Bearish,Below CPR,False,True,0.13333333333333333,60,57197297.775000006,Higher,True,Risk On,True,32.59642857142858,812.908,804.3494999999999,0.020452138344109545,3.0032708009342666,False,False,No setup,Neutral,0,Not applicable,No directional setup; confirmation score not applicable.,Narrow CPR,Not applicable,Not applicable,Narrow CPR; Wide CPR rules not applied,0,0,0,0
2026-09-23,2026-09-23,CM,NSE,STK,29224,INE013P01021,ONESOURCE,EQ,,,,,ONESOURCE SPECL PHARMA L,1595.0,1609.5,1587.9,1596.7,1592.0,1587.9,,1596.72,,,158650,253813818.9,12741,F1,1,,,,,,Cash Only,Healthcare,True,1598.0333333333335,1598.7,1597.366666666667,1598.7,1597.366666666667,1.3333333333330302,0.08350556355815308,Narrow,Bearish,Below CPR,False,True,0.06666666666666667,60,296995359.25,Inside,True,Risk On,True,60.335714285714275,1585.89,1653.82,0.022098575431114507,0.8546053363963464,True,False,No setup,Neutral,0,Not applicable,No directional setup; confirmation score not applicable.,Narrow CPR,Not applicable,Not applicable,Narrow CPR; Wide CPR rules not applied,0,0,0,0
2026-09-23,2026-09-23,CM,NSE,STK,21339,INE503B01021,STEELXIND,EQ,,,,,STEEL EXCHANGE INDIA LTD,11.21,12.84,11.21,12.01,12.01,11.18,,12.01,,,43409817,533168765.46,54619,F1,1,,,,,,Cash Only,Unclassified,False,12.020000000000001,12.025,12.015000000000002,12.025,12.015000000000002,0.00999999999999801,0.08326394671105754,Narrow,Bearish,Below CPR,False,True,0.11666666666666667,60,17934501.98,Higher,True,Risk On,True,0.8092857142857144,11.251199999999999,11.4664,0.01235657546336912,29.728663001324108,True,True,No setup,Neutral,0,Not applicable,No directional setup; confirmation score not applicable.,Narrow CPR,Not applicable,Not applicable,Narrow CPR; Wide CPR rules not applied,0,0,-2,-2
2026-09-23,2026-09-23,CM,NSE,STK,11895,INE0KL801015,DCXINDIA,EQ,,,,,DCX SYSTEMS LIMITED,163.5,166.37,163.5,164.73,164.93,163.5,,164.73,,,187156,30854117.46,3476,F1,1,,,,,,Cash Only,Unclassified,False,164.86666666666667,164.935,164.79833333333335,164.935,164.79833333333335,0.13666666666665606,0.08296404217000915,Narrow,Bearish,Below CPR,False,True,0.13333333333333333,60,71876100.065,Inside,True,Risk On,True,5.753571428571427,175.458,187.0191,0.023753362300846497,0.42926810764771006,False,False,No setup,Neutral,0,Not applicable,No directional setup; confirmation score not applicable.,Narrow CPR,Not applicable,Not applicable,Narrow CPR; Wide CPR rules not applied,0,0,-2,-2
2026-09-23,2026-09-23,CM,NSE,STK,509,INE249Z01020,MAZDOCK,EQ,,,,,MAZAGON DOCK SHIPBUIL LTD,2210.6,2225.0,2203.5,2211.5,2211.5,2204.0,,2211.57,,,373859,827133402.2,18409,F1,1,,,,,,F&O + Cash,Capital Goods,True,2213.3333333333335,2214.25,2212.416666666667,2214.25,2212.416666666667,1.8333333333330302,0.08289999246362334,Narrow,Bearish,Below CPR,False,True,0.13333333333333333,60,1360216132.8,Inside,True,Risk On,True,66.21428571428575,2422.718,2453.0460000000003,0.027687882056809502,0.6080896868186301,False,False,No setup,Neutral,0,Not applicable,No directional setup; confirmation score not applicable.,Narrow CPR,Not applicable,Not applicable,Narrow CPR; Wide CPR rules not applied,0,0,0,0
2026-09-23,2026-09-23,CM,NSE,STK,764838,INE418E01018,PERMAGN,EQ,,,,,PERMANENT MAGNETS LTD.,837.85,839.85,827.2,832.5,830.0,837.85,,831.94,,,3174,2644893.1,235,F1,1,,,,,,Cash Only,Unclassified,False,833.1833333333334,833.5250000000001,832.8416666666667,833.5250000000001,832.8416666666667,0.683333333333394,0.08208208208208936,Narrow,Bearish,Below CPR,False,True,0.1111111111111111,27,2794952.85,Lower,True,Risk On,True,32.56071428571429,,,0.020986435596506557,0.9463104538597136,False,False,No setup,Neutral,0,Not applicable,No directional setup; confirmation score not applicable.,Narrow CPR,Not applicable,Not applicable,Narrow CPR; Wide CPR rules not applied,0,0,0,0
2026-09-23,2026-09-23,CM,NSE,STK,547,INE216A01030,BRITANNIA,EQ,,,,,BRITANNIA INDUSTRIES LTD,4927.5,4965.0,4905.0,4929.0,4929.0,4918.0,,4929.14,,,207441,1026256489.0,22494,F1,1,,,,,,F&O + Cash,Fast Moving Consumer Goods,True,4933.0,4935.0,4931.0,4935.0,4931.0,4.0,0.08115236356258876,Narrow,Bearish,Below CPR,False,True,0.16666666666666666,60,1297073212.5,Lower,True,Risk On,True,80.25,5314.94,5314.195,0.04984423676012461,0.7912093774737484,False,False,No setup,Neutral,0,Not applicable,No directional setup; confirmation score not applicable.,Narrow CPR,Not applicable,Not applicable,Narrow CPR; Wide CPR rules not applied,0,0,0,0
2026-09-23,2026-09-23,CM,NSE,STK,20188,INE956G01038,WABAG,EQ,,,,,VA TECH WABAG LTD,2075.0,2075.3,2027.0,2048.7,2053.0,2072.1,,2048.7,,,380343,777147017.5,24327,F1,1,,,,,,Cash Only,Unclassified,False,2050.3333333333335,2051.15,2049.516666666667,2051.15,2049.516666666667,1.633333333333212,0.07972535428970626,Narrow,Bearish,Below CPR,False,True,0.1,60,1178051567.6999998,Lower,True,Risk On,True,90.8071428571429,2024.3339999999998,1870.023,0.017986837620282355,0.6596884540608724,True,True,No setup,Neutral,0,Not applicable,No directional setup; confirmation score not applicable.,Narrow CPR,Not applicable,Not applicable,Narrow CPR; Wide CPR rules not applied,0,0,0,0
2026-09-23,2026-09-23,CM,NSE,STK,15259,INE614G01033,RPOWER,EQ,,,,,RELIANCE POWER LTD.,20.81,21.3,20.81,21.03,21.09,20.89,,21.03,,,18429284,387630542.24,29088,F1,1,,,,,,Cash Only,Power,True,21.046666666666667,21.055,21.038333333333334,21.055,21.038333333333334,0.01666666666666572,0.07925186241876234,Narrow,Bearish,Below CPR,False,True,0.1,60,398084869.32500005,Inside,True,Risk On,True,0.6235714285714283,22.8328,24.763500000000004,0.026727758686520064,0.9737384465208975,False,False,No setup,Neutral,0,Not applicable,No directional setup; confirmation score not applicable.,Narrow CPR,Not applicable,Not applicable,Narrow CPR; Wide CPR rules not applied,0,0,0,0
2026-09-23,2026-09-23,CM,NSE,STK,18883,INE002L01015,SJVN,EQ,,,,,SJVN LTD,63.59,63.59,63.06,63.25,63.27,63.11,,63.25,,,1763204,111508313.99,18492,F1,1,,,,,,Cash Only,Power,True,63.300000000000004,63.325,63.275000000000006,63.325,63.275000000000006,0.04999999999999716,0.07905138339920499,Narrow,Bearish,Below CPR,False,True,0.11666666666666667,60,108069724.35499999,Inside,True,Risk On,True,1.5071428571428551,66.6836,70.2381,0.033175355450235124,1.0318182511848049,False,False,No setup,Neutral,0,Not applicable,No directional setup; confirmation score not applicable.,Narrow CPR,Not applicable,Not applicable,Narrow CPR; Wide CPR rules not applied,0,0,0,0
2026-09-23,2026-09-23,CM,NSE,STK,9436,INE555B01013,AXISCADES,EQ,,,,,AXISCADES TECH LTD,1905.0,1985.0,1900.0,1940.2,1938.0,1891.1,,1940.16,,,291136,567252819.0,26300,F1,1,,,,,,Cash Only,Unclassified,False,1941.7333333333333,1942.5,1940.9666666666667,1942.5,1940.9666666666667,1.533333333333303,0.07902965330034548,Narrow,Bearish,Below CPR,False,True,0.05,60,264103365.7,Higher,True,Risk On,True,93.30714285714289,1644.2379999999998,1755.8039999999999,0.016433182780882058,2.147843960626966,True,True,No setup,Neutral,0,Not applicable,No directional setup; confirmation score not applicable.,Narrow CPR,Not applicable,Not applicable,Narrow CPR; Wide CPR rules not applied,0,0,0,0
2026-09-23,2026-09-23,CM,NSE,STK,3761,INE320J01015,RITES,EQ,,,,,RITES LIMITED,205.9,206.18,202.4,204.05,204.17,203.6,,204.06,,,433416,88359627.34,16349,F1,1,,,,,,Cash Only,Construction,True,204.21000000000004,204.29000000000002,204.13000000000005,204.29000000000002,204.13000000000005,0.15999999999996817,0.07841215388383639,Narrow,Bearish,Below CPR,False,True,0.15,60,88265546.77000001,Overlapping,True,Risk On,True,4.508571428571427,216.8102,214.7484,0.035487959442325016,1.0010658810084205,False,False,No setup,Neutral,0,Not applicable,No directional setup; confirmation score not applicable.,Narrow CPR,Not applicable,Not applicable,Narrow CPR; Wide CPR rules not applied,0,0,0,0
2026-09-23,2026-09-23,CM,NSE,STK,4116,INE550B01022,HBSL,EQ,,,,,HB STOCKHOLDINGS LIMITED,55.26,56.5,54.99,55.68,55.85,54.45,,55.67,,,3738,207293.39,58,F1,1,,,,,,Cash Only,Unclassified,False,55.723333333333336,55.745000000000005,55.70166666666667,55.745000000000005,55.70166666666667,0.043333333333336554,0.07782567049809008,Narrow,Bearish,Below CPR,False,True,0.05,60,198976.27000000002,Higher,True,Risk On,True,2.296428571428571,56.041799999999995,61.3693,0.018869880767238317,1.041799557303994,False,False,No setup,Neutral,0,Not applicable,No directional setup; confirmation score not applicable.,Narrow CPR,Not applicable,Not applicable,Narrow CPR; Wide CPR rules not applied,0,0,0,0
2026-09-23,2026-09-23,CM,NSE,STK,759453,INE078V01014,VIKRAMSOLR,EQ,,,,,VIKRAM SOLAR LIMITED,163.96,164.45,162.61,163.34,163.59,162.35,,163.34,,,1102920,180279655.38,11642,F1,1,,,,,,Cash Only,Unclassified,False,163.46666666666667,163.53,163.40333333333334,163.53,163.40333333333334,0.12666666666666515,0.07754785518958317,Narrow,Bearish,Below CPR,False,True,0.06666666666666667,60,331955177.05,Inside,True,Risk On,True,4.137857142857145,172.8844,189.33489999999998,0.030611657747856225,0.5430843313910594,False,False,No setup,Neutral,0,Not applicable,No directional setup; confirmation score not applicable.,Narrow CPR,Not applicable,Not applicable,Narrow CPR; Wide CPR rules not applied,0,0,-2,-2
2026-09-23,2026-09-23,CM,NSE,STK,708,INE715Y01031,SHRADHA,EQ,,,,,SHRADHA REALTY LIMITED,30.5,30.96,30.01,30.45,30.45,30.78,,30.45,,,2406,73186.92,48,F1,1,,,,,,Cash Only,Unclassified,False,30.473333333333333,30.485,30.461666666666666,30.485,30.461666666666666,0.023333333333333428,0.07662835249042177,Narrow,Bearish,Below CPR,False,True,0.05,60,582387.975,Inside,True,Risk On,True,1.9128571428571433,33.2008,33.9604,0.012198157829225837,0.12566694908149503,False,False,No setup,Neutral,0,Not applicable,No directional setup; confirmation score not applicable.,Narrow CPR,Not applicable,Not applicable,Narrow CPR; Wide CPR rules not applied,0,0,0,0
2026-09-23,2026-09-23,CM,NSE,STK,762573,INE213D01015,BEEKAY,EQ,,,,,BEEKAY STEEL INDS. LTD.,422.3,430.45,417.0,423.25,419.1,420.8,,426.57,,,1077,451669.2,118,F1,1,,,,,,Cash Only,Unclassified,False,423.56666666666666,423.725,423.4083333333333,423.725,423.4083333333333,0.3166666666667197,0.07481787753496036,Narrow,Bearish,Below CPR,False,True,0.13333333333333333,60,669985.875,Inside,True,Risk On,True,18.839285714285705,415.655,411.77450000000005,0.01680884676145622,0.6741473467630941,True,True,No setup,Neutral,0,Not applicable,No directional setup; confirmation score not applicable.,Narrow CPR,Not applicable,Not applicable,Narrow CPR; Wide CPR rules not applied,0,0,0,0
2026-09-23,2026-09-23,CM,NSE,STK,9117,INE716B01029,TIPSMUSIC,EQ,,,,,TIPS MUSIC LIMITED,665.0,682.5,660.0,670.5,669.0,661.8,,670.49,,,326612,219869792.65,14381,F1,1,,,,,,Cash Only,Unclassified,False,671.0,671.25,670.75,671.25,670.75,0.5,0.07457121551081282,Narrow,Bearish,Below CPR,False,True,0.11666666666666667,60,143157452.95,Higher,True,Risk On,True,19.00714285714285,662.9759999999999,660.5965,0.02630590003757987,1.5358599089269422,True,True,No setup,Neutral,0,Not applicable,No directional setup; confirmation score not applicable.,Narrow CPR,Not applicable,Not applicable,Narrow CPR; Wide CPR rules not applied,0,0,0,0
2026-09-23,2026-09-23,CM,NSE,STK,1186,INE068V01023,GLAND,EQ,,,,,GLAND PHARMA LIMITED,2913.0,2938.8,2888.1,2910.2,2891.5,2916.6,,2910.08,,,160041,466810791.0,25282,F1,1,,,,,,Cash Only,Healthcare,True,2912.3666666666663,2913.45,2911.283333333333,2913.45,2911.283333333333,2.16666666666697,0.07445078230592296,Narrow,Bearish,Below CPR,False,True,0.1,60,1255591445.4,Lower,True,Risk On,True,93.40714285714287,2750.712,2490.446,0.023195941984658235,0.3717855777930103,True,True,No setup,Neutral,0,Not applicable,No directional setup; confirmation score not applicable.,Narrow CPR,Not applicable,Not applicable,Narrow CPR; Wide CPR rules not applied,0,0,0,0
2026-09-23,2026-09-23,CM,NSE,STK,811,INE499A01024,DCMSHRIRAM,EQ,,,,,DCM SHRIRAM LIMITED,980.0,986.9,975.2,980.0,979.0,979.3,,980.1,,,25367,24917133.9,4359,F1,1,,,,,,Cash Only,Diversified,True,980.6999999999999,981.05,980.3499999999999,981.05,980.3499999999999,0.7000000000000455,0.07142857142857607,Narrow,Bearish,Below CPR,False,True,0.08333333333333333,60,69857995.85,Lower,True,Risk On,True,19.792857142857137,1021.24,1050.5610000000001,0.035366293756768814,0.3566826330589614,False,False,No setup,Neutral,0,Not applicable,No directional setup; confirmation score not applicable.,Narrow CPR,Not applicable,Not applicable,Narrow CPR; Wide CPR rules not applied,0,0,0,0
2026-09-23,2026-09-23,CM,NSE,STK,6994,INE836A01035,BSOFT,EQ,,,,,BIRLASOFT LIMITED,281.1,282.8,280.0,281.1,280.55,281.15,,281.1,,,572371,160921910.2,10538,F1,1,,,,,,Cash Only,Information Technology,True,281.3,281.4,281.20000000000005,281.4,281.20000000000005,0.1999999999999318,0.07114905727496684,Narrow,Bearish,Below CPR,False,True,0.03333333333333333,60,363294574.025,Lower,True,Risk On,True,7.82857142857143,296.551,307.041,0.025547445255465734,0.4429515927450274,False,False,No setup,Neutral,0,Not applicable,No directional setup; confirmation score not applicable.,Narrow CPR,Not applicable,Not applicable,Narrow CPR; Wide CPR rules not applied,0,0,0,0
2026-09-23,2026-09-23,CM,NSE,STK,371,INE176A01028,BATAINDIA,EQ,,,,,BATA INDIA LTD,631.75,644.0,631.75,637.2,639.35,631.75,,637.19,,,117043,74624754.7,6398,F1,1,,,,,,Cash Only,Consumer Durables,True,637.65,637.875,637.425,637.875,637.425,0.4500000000000455,0.07062146892656081,Narrow,Bearish,Below CPR,False,True,0.13333333333333333,60,112592830.65,Higher,True,Risk On,True,12.714285714285722,688.018,690.7155,0.035393258426969845,0.6627842489543094,False,False,No setup,Neutral,0,Not applicable,No directional setup; confirmation score not applicable.,Narrow CPR,Not applicable,Not applicable,Narrow CPR; Wide CPR rules not applied,0,0,0,0
2026-09-23,2026-09-23,CM,NSE,STK,22717,INE010601016,ENTERO,EQ,,,,,ENTERO HEALTHCARE SOLU L,1853.9,1867.0,1821.9,1842.5,1840.1,1841.8,,1842.51,,,164838,303606182.3,17075,F1,1,,,,,,Cash Only,Unclassified,False,1843.8,1844.45,1843.1499999999999,1844.45,1843.1499999999999,1.300000000000182,0.07055630936228938,Narrow,Bearish,Below CPR,False,True,0.06666666666666667,60,153150002.35,Higher,True,Risk On,True,83.32142857142858,1504.7220000000002,1345.849,0.015602228889843587,1.9824105624638277,True,True,No setup,Neutral,0,Not applicable,No directional setup; confirmation score not applicable.,Narrow CPR,Not applicable,Not applicable,Narrow CPR; Wide CPR rules not applied,0,0,0,0
2026-09-23,2026-09-23,CM,NSE,STK,703,INE303A01010,DICIND,EQ,,,,,DIC INDIA LIMITED,669.0,674.0,658.7,665.65,668.0,654.25,,665.45,,,5033,3352556.3,602,F1,1,,,,,,Cash Only,Unclassified,False,666.1166666666667,666.35,665.8833333333333,666.35,665.8833333333333,0.466666666666697,0.07010691304239419,Narrow,Bearish,Below CPR,False,True,0.1,60,1554685.475,Higher,True,Risk On,True,27.59642857142859,564.643,539.851,0.01691040075924357,2.156420931378419,True,True,No setup,Neutral,0,Not applicable,No directional setup; confirmation score not applicable.,Narrow CPR,Not applicable,Not applicable,Narrow CPR; Wide CPR rules not applied,0,0,0,0
2026-09-23,2026-09-23,CM,NSE,STK,10407,INE013801027,KSHITIJPOL,EQ,,,,,KSHITIJ POLYLINE LIMITED,4.83,4.84,4.83,4.83,4.84,4.61,,4.83,,,9790833,47372611.68,5248,F1,1,,,,,,Cash Only,Unclassified,False,4.833333333333333,4.835,4.831666666666666,4.835,4.831666666666666,0.0033333333333338544,0.06901311249138414,Narrow,Bearish,Below CPR,False,True,0.11666666666666667,60,2547533.515,Higher,True,Risk On,True,0.22571428571428562,2.9894,2.7323000000000004,0.014767932489453791,18.595481237466664,True,True,No setup,Neutral,0,Not applicable,No directional setup; confirmation score not applicable.,Narrow CPR,Not applicable,Not applicable,Narrow CPR; Wide CPR rules not applied,0,0,0,0
2026-09-23,2026-09-23,CM,NSE,STK,762954,INE064A01026,TIMEX,EQ,,,,,TIMEX GROUP INDIA LTD.,705.0,748.0,705.0,725.75,725.0,703.8,,725.99,,,1193305,872713812.9,61723,F1,1,,,,,,Cash Only,Unclassified,False,726.25,726.5,726.0,726.5,726.0,0.5,0.06889424733034792,Narrow,Bearish,Below CPR,False,True,0.05,60,170802614.575,Higher,True,Risk On,True,35.61428571428572,595.743,521.4884999999999,0.014039310068190931,5.109487434203113,True,True,No setup,Neutral,0,Not applicable,No directional setup; confirmation score not applicable.,Narrow CPR,Not applicable,Not applicable,Narrow CPR; Wide CPR rules not applied,0,0,0,0
2026-09-23,2026-09-23,CM,NSE,STK,40,INE208C01025,AEGISLOG,EQ,,,,,AEGIS LOGISTICS LIMITED,1416.0,1423.8,1388.1,1404.5,1400.1,1424.5,,1404.59,,,447832,629816892.4,23997,F1,1,,,,,,Cash Only,Oil Gas & Consumable Fuels,True,1405.4666666666665,1405.9499999999998,1404.9833333333331,1405.9499999999998,1404.9833333333331,0.966666666666697,0.06882639136110338,Narrow,Bearish,Below CPR,False,True,0.05,60,1590042972.65,Lower,True,Risk On,True,70.57857142857146,1327.682,1124.622,0.013696319535809888,0.3961005477420107,True,True,No setup,Neutral,0,Not applicable,No directional setup; confirmation score not applicable.,Narrow CPR,Not applicable,Not applicable,Narrow CPR; Wide CPR rules not applied,0,0,0,0
2026-09-23,2026-09-23,CM,NSE,STK,765120,INE227F01010,MKEXIM,EQ,,,,,M K EXIM (INDIA) LTD.,70.0,70.38,66.02,68.13,68.9,68.04,,68.62,,,8695,590792.49,165,F1,1,,,,,,Cash Only,Unclassified,False,68.17666666666666,68.19999999999999,68.15333333333334,68.19999999999999,68.15333333333334,0.046666666666652645,0.06849650178578108,Narrow,Bearish,Below CPR,False,True,0.07407407407407407,27,1084007.56,Higher,True,Risk On,True,4.1921428571428585,,,0.0111319361617505,0.5450077211638634,False,False,No setup,Neutral,0,Not applicable,No directional setup; confirmation score not applicable.,Narrow CPR,Not applicable,Not applicable,Narrow CPR; Wide CPR rules not applied,0,0,0,0
2026-09-23,2026-09-23,CM,NSE,STK,12219,INE263M01029,RUSTOMJEE,EQ,,,,,KEYSTONE REALTORS LIMITED,361.0,372.3,359.95,365.75,368.9,363.55,,365.72,,,61398,22524128.1,5155,F1,1,,,,,,Cash Only,Unclassified,False,366.0,366.125,365.875,366.125,365.875,0.25,0.0683526999316473,Narrow,Bearish,Below CPR,False,True,0.15,60,11527221.5,Higher,True,Risk On,True,11.439285714285713,380.025,392.039,0.02185451139556666,1.9539945597471169,False,False,No setup,Neutral,0,Not applicable,No directional setup; confirmation score not applicable.,Narrow CPR,Not applicable,Not applicable,Narrow CPR; Wide CPR rules not applied,0,0,0,0
2026-09-23,2026-09-23,CM,NSE,STK,9007,INE234A01025,NOVARTIND,EQ,,,,,NOVARTIS INDIA LIMITED,1998.0,2099.0,1959.9,2027.4,2035.0,1973.3,,2027.38,,,77712,157580925.7,10817,F1,1,,,,,,Cash Only,Unclassified,False,2028.7666666666667,2029.45,2028.0833333333333,2029.45,2028.0833333333333,1.366666666666788,0.06740981881556614,Narrow,Bearish,Below CPR,False,True,0.05,60,40263755.25,Higher,True,Risk On,True,183.95000000000005,1698.0020000000002,1526.6960000000001,0.007429555132736002,3.913716560255516,True,True,No setup,Neutral,0,Not applicable,No directional setup; confirmation score not applicable.,Narrow CPR,Not applicable,Not applicable,Narrow CPR; Wide CPR rules not applied,0,0,0,0
2026-09-23,2026-09-23,CM,NSE,STK,3509,INE148A01019,TNPETRO,EQ,,,,,TAMILNADU PETROPRODUCTS L,129.0,130.39,127.83,128.98,128.35,129.0,,128.98,,,486120,62822104.45,11139,F1,1,,,,,,Cash Only,Unclassified,False,129.06666666666663,129.10999999999999,129.02333333333328,129.10999999999999,129.02333333333328,0.08666666666670153,0.06719388018816991,Narrow,Bearish,Below CPR,False,True,0.06666666666666667,60,26425926.445,Lower,True,Risk On,True,8.361428571428572,112.2922,101.7816,0.010365054957575785,2.377290521138435,True,True,No setup,Neutral,0,Not applicable,No directional setup; confirmation score not applicable.,Narrow CPR,Not applicable,Not applicable,Narrow CPR; Wide CPR rules not applied,0,-2,0,-2
2026-09-23,2026-09-23,CM,NSE,STK,759448,INE1B6101010,SHREEJISPG,EQ,,,,,SHREEJI SHIPPING GLOBAL L,721.25,728.9,720.05,723.75,723.25,719.35,,723.76,,,321372,233008461.4,5292,F1,1,,,,,,Cash Only,Unclassified,False,724.2333333333332,724.4749999999999,723.9916666666666,724.4749999999999,723.9916666666666,0.4833333333333485,0.0667818077144523,Narrow,Bearish,Below CPR,False,True,0.08333333333333333,60,512043509.575,Higher,True,Risk On,True,25.889285714285702,652.961,562.0625,0.01866924173449271,0.45505598067906144,True,True,No setup,Neutral,0,Not applicable,No directional setup; confirmation score not applicable.,Narrow CPR,Not applicable,Not applicable,Narrow CPR; Wide CPR rules not applied,0,0,0,0
2026-09-23,2026-09-23,CM,NSE,STK,20322,INE007N01010,FEDFINA,EQ,,,,,FEDBANK FINANCIAL SER L,153.4,156.0,151.14,153.42,153.5,152.14,,153.42,,,1046301,161136955.12,12730,F1,1,,,,,,Cash Only,Unclassified,False,153.51999999999998,153.57,153.46999999999997,153.57,153.46999999999997,0.10000000000002274,0.06518055012385787,Narrow,Bearish,Below CPR,False,True,0.06666666666666667,60,126445710.86,Higher,True,Risk On,True,5.440000000000002,154.9702,154.5784,0.01838235294118064,1.2743568289035123,False,False,No setup,Neutral,0,Not applicable,No directional setup; confirmation score not applicable.,Narrow CPR,Not applicable,Not applicable,Narrow CPR; Wide CPR rules not applied,0,0,0,0
2026-09-23,2026-09-23,CM,NSE,STK,762834,INE291E01019,PML,EQ,,,,,PAUL MERCHANTS LTD.,498.85,498.85,474.1,486.0,497.05,498.85,,485.99,,,1239,601395.45,43,F1,1,,,,,,Cash Only,Unclassified,False,486.31666666666666,486.475,486.1583333333333,486.475,486.1583333333333,0.3166666666667197,0.06515775034294645,Narrow,Bearish,Below CPR,False,True,0.1,60,127945.375,Overlapping,True,Risk On,True,19.353571428571435,492.24699999999996,507.99800000000005,0.01636218244448819,4.70040788891353,False,False,No setup,Neutral,0,Not applicable,No directional setup; confirmation score not applicable.,Narrow CPR,Not applicable,Not applicable,Narrow CPR; Wide CPR rules not applied,0,0,0,0
2026-09-23,2026-09-23,CM,NSE,STK,2794,INE611A01016,RSWM,EQ,,,,,RSWM LIMITED,228.99,229.0,222.0,225.28,226.39,227.01,,225.25,,,71503,16087273.51,1501,F1,1,,,,,,Cash Only,Unclassified,False,225.42666666666665,225.5,225.3533333333333,225.5,225.3533333333333,0.1466666666667038,0.06510416666668316,Narrow,Bearish,Below CPR,False,True,0.03333333333333333,60,11357293.15,Lower,True,Risk On,True,16.47,175.0984,159.1446,0.008905079943333566,1.4164707468169913,True,True,No setup,Neutral,0,Not applicable,No directional setup; confirmation score not applicable.,Narrow CPR,Not applicable,Not applicable,Narrow CPR; Wide CPR rules not applied,0,0,0,0
2026-09-23,2026-09-23,CM,NSE,STK,25984,INE679V01027,AVL,EQ,,,,,ADITYA VISION LIMITED,626.3,629.4,620.6,624.4,622.0,627.1,,624.42,,,52482,32796811.35,3439,F1,1,,,,,,Cash Only,Unclassified,False,624.8000000000001,625.0,624.6000000000001,625.0,624.6000000000001,0.3999999999998636,0.06406149903905567,Narrow,Bearish,Below CPR,False,True,0.08333333333333333,60,96978745.325,Lower,True,Risk On,True,19.110714285714273,616.633,598.1275,0.02093066716500876,0.33818556055855015,True,True,No setup,Neutral,0,Not applicable,No directional setup; confirmation score not applicable.,Narrow CPR,Not applicable,Not applicable,Narrow CPR; Wide CPR rules not applied,0,0,-2,-2
2026-09-23,2026-09-23,CM,NSE,STK,11892,INE701A01023,VHL,EQ,,,,,VARDHMAN HOLDINGS LIMITED,3340.0,3438.0,3336.0,3383.8,3360.0,3342.8,,3383.8,,,409,1382821.1,99,F1,1,,,,,,Cash Only,Unclassified,False,3385.933333333333,3387.0,3384.866666666666,3387.0,3384.866666666666,2.1333333333341216,0.06304549126231224,Narrow,Bearish,Below CPR,False,True,0.1,60,1688158.7,Higher,True,Risk On,True,107.21428571428575,3476.73,3498.7,0.01989784588053144,0.8191298010074528,False,False,No setup,Neutral,0,Not applicable,No directional setup; confirmation score not applicable.,Narrow CPR,Not applicable,Not applicable,Narrow CPR; Wide CPR rules not applied,0,0,0,0
2026-09-23,2026-09-23,CM,NSE,STK,4306,INE721A01047,SHRIRAMFIN,EQ,,,,,SHRIRAM FINANCE LIMITED,1012.0,1018.0,1005.5,1010.8,1010.8,1006.0,,1010.8,,,2916356,2944723451.5,72500,F1,1,,,,,,F&O + Cash,Financial Services,True,1011.4333333333334,1011.75,1011.1166666666668,1011.75,1011.1166666666668,0.6333333333332121,0.06265664160399803,Narrow,Bearish,Below CPR,False,True,0.13333333333333333,60,4236638654.4,Higher,True,Risk On,True,23.47857142857144,1065.7040000000002,1021.2189999999999,0.026974951830437983,0.6950612718509119,False,False,No setup,Neutral,0,Not applicable,No directional setup; confirmation score not applicable.,Narrow CPR,Not applicable,Not applicable,Narrow CPR; Wide CPR rules not applied,0,0,0,0
2026-09-23,2026-09-23,CM,NSE,STK,762971,INE731F01037,WELSPLSOL,EQ,,,,,WELSPUN SPECIALTY SOL L,53.18,54.28,53.0,53.59,53.6,53.06,,53.55,,,468338,25125367.51,3903,F1,1,,,,,,Cash Only,Unclassified,False,53.623333333333335,53.64,53.60666666666667,53.64,53.60666666666667,0.03333333333333144,0.06220065932698533,Narrow,Bearish,Below CPR,False,True,0.06666666666666667,60,26497808.655,Inside,True,Risk On,True,3.061428571428572,52.312200000000004,50.73,0.010888163011354179,0.9482054851075005,True,True,No setup,Neutral,0,Not applicable,No directional setup; confirmation score not applicable.,Narrow CPR,Not applicable,Not applicable,Narrow CPR; Wide CPR rules not applied,0,0,0,0
2026-09-23,2026-09-23,CM,NSE,STK,764845,INE035S01028,POEL,EQ,,,,,P O C L ENTERPRISES LTD.,138.05,143.99,137.41,140.57,142.95,138.05,,140.81,,,17106,2384406.59,446,F1,1,,,,,,Cash Only,Unclassified,False,140.65666666666667,140.7,140.61333333333334,140.7,140.61333333333334,0.08666666666664469,0.06165374309357949,Narrow,Bearish,Below CPR,False,True,0.037037037037037035,27,3693770.44,Higher,True,Risk On,True,5.834285714285708,,,0.014854717597123248,0.6455210546327291,False,False,No setup,Neutral,0,Not applicable,No directional setup; confirmation score not applicable.,Narrow CPR,Not applicable,Not applicable,Narrow CPR; Wide CPR rules not applied,0,0,0,0
2026-09-23,2026-09-23,CM,NSE,STK,11699,INE244B01030,PATELENG,EQ,,,,,PATEL ENGINEERING LTD.,27.0,27.64,26.95,27.27,27.3,26.85,,27.27,,,3111930,84979943.84,9203,F1,1,,,,,,Cash Only,Unclassified,False,27.286666666666665,27.295,27.27833333333333,27.295,27.27833333333333,0.016666666666672825,0.061117222833417036,Narrow,Bearish,Below CPR,False,True,0.06666666666666667,60,91455729.695,Higher,True,Risk On,True,0.8364285714285715,28.0158,28.625500000000002,0.019925989183041802,0.929192125232652,False,False,No setup,Neutral,0,Not applicable,No directional setup; confirmation score not applicable.,Narrow CPR,Not applicable,Not applicable,Narrow CPR; Wide CPR rules not applied,0,0,0,0
2026-09-23,2026-09-23,CM,NSE,STK,10217,INE931S01010,ADANIENSOL,EQ,,,,,ADANI ENERGY SOLUTION LTD,1386.0,1389.9,1372.6,1380.0,1380.0,1381.7,,1379.98,,,933961,1289107752.0,35382,F1,1,,,,,,F&O + Cash,Power,True,1380.8333333333333,1381.25,1380.4166666666665,1381.25,1380.4166666666665,0.8333333333334849,0.06038647342996267,Narrow,Bearish,Below CPR,False,True,0.08333333333333333,60,3182094286.45,Lower,True,Risk On,True,39.15714285714288,1552.638,1517.523,0.021281770643321384,0.405112996647925,False,False,No setup,Neutral,0,Not applicable,No directional setup; confirmation score not applicable.,Narrow CPR,Not applicable,Not applicable,Narrow CPR; Wide CPR rules not applied,0,0,0,0
2026-09-23,2026-09-23,CM,NSE,STK,8304,INE974Z01015,PRITI,EQ,,,,,PRITI INTERNATIONAL LTD,33.8,33.8,32.6,33.17,33.01,32.9,,33.17,,,4115,137251.0,119,F1,1,,,,,,Cash Only,Unclassified,False,33.190000000000005,33.2,33.18000000000001,33.2,33.18000000000001,0.01999999999999602,0.060295447693687124,Narrow,Bearish,Below CPR,False,True,0.08333333333333333,60,399794.28500000003,Higher,True,Risk On,True,2.3385714285714285,39.3752,46.4349,0.00855222968845279,0.3433040569852068,False,False,No setup,Neutral,0,Not applicable,No directional setup; confirmation score not applicable.,Narrow CPR,Not applicable,Not applicable,Narrow CPR; Wide CPR rules not applied,0,0,0,0
2026-09-23,2026-09-23,CM,NSE,STK,8953,INE668G01021,ELDEHSG,EQ,,,,,ELDECO HSG & IND LTD.,773.8,789.9,771.0,779.75,780.0,780.0,,779.75,,,423,328794.95,39,F1,1,,,,,,Cash Only,Unclassified,False,780.2166666666667,780.45,779.9833333333333,780.45,779.9833333333333,0.466666666666697,0.05984824195789637,Narrow,Bearish,Below CPR,False,True,0.1,60,687941.15,Overlapping,True,Risk On,True,22.73214285714285,783.0190000000001,796.8064999999999,0.02052893427598982,0.47794051860395326,False,False,No setup,Neutral,0,Not applicable,No directional setup; confirmation score not applicable.,Narrow CPR,Not applicable,Not applicable,Narrow CPR; Wide CPR rules not applied,0,0,0,0
2026-09-23,2026-09-23,CM,NSE,STK,765225,INE945P01024,WARDINMOBI,EQ,,,,,WARDWIZARD INNO & MOB L,5.73,5.73,5.6,5.66,5.69,5.63,,5.66,,,311648,1760939.72,806,F1,1,,,,,,Cash Only,Unclassified,False,5.663333333333334,5.665,5.661666666666668,5.665,5.661666666666668,0.003333333333332078,0.058892815076538485,Narrow,Bearish,Below CPR,False,True,0.14814814814814814,27,1596914.35,Lower,True,Risk On,True,0.32571428571428573,,,0.010233918128651116,1.1027139432994637,False,False,No setup,Neutral,0,Not applicable,No directional setup; confirmation score not applicable.,Narrow CPR,Not applicable,Not applicable,Narrow CPR; Wide CPR rules not applied,0,0,0,0
2026-09-23,2026-09-23,CM,NSE,STK,8050,INE813A01018,MAHLIFE,EQ,,,,,MAHINDRA LIFESPACE DEVLTD,358.1,361.65,352.15,356.6,356.55,359.05,,356.59,,,86955,30939218.15,8705,F1,1,,,,,,Cash Only,Unclassified,False,356.8,356.9,356.70000000000005,356.9,356.70000000000005,0.1999999999999318,0.056085249579341495,Narrow,Bearish,Below CPR,False,True,0.06666666666666667,60,37519561.35,Lower,True,Risk On,True,12.421428571428569,373.37699999999995,359.2775,0.016101207590563806,0.8246156681146806,False,False,No setup,Neutral,0,Not applicable,No directional setup; confirmation score not applicable.,Narrow CPR,Not applicable,Not applicable,Narrow CPR; Wide CPR rules not applied,0,0,0,0
2026-09-23,2026-09-23,CM,NSE,STK,1076,INE520A01027,ZENSARTECH,EQ,,,,,ZENSAR TECHNOLOGIES  LTD,435.6,435.6,426.6,430.75,430.65,432.6,,430.75,,,1009826,434199109.7,23001,F1,1,,,,,,Cash Only,Information Technology,True,430.98333333333335,431.1,430.8666666666667,431.1,430.8666666666667,0.2333333333333485,0.05416908492939025,Narrow,Bearish,Below CPR,False,True,0.016666666666666666,60,510811622.32500005,Lower,True,Risk On,True,15.603571428571419,481.416,481.305,0.014953841458763474,0.8500180707003258,False,False,No setup,Neutral,0,Not applicable,No directional setup; confirmation score not applicable.,Narrow CPR,Not applicable,Not applicable,Narrow CPR; Wide CPR rules not applied,0,0,0,0
2026-09-23,2026-09-23,CM,NSE,STK,11782,INE128A01029,EVEREADY,EQ,,,,,EVEREADY INDS. IND.  LTD.,329.05,332.0,325.5,328.5,327.75,329.05,,328.5,,,50486,16604729.3,1979,F1,1,,,,,,Cash Only,Unclassified,False,328.6666666666667,328.75,328.58333333333337,328.75,328.58333333333337,0.16666666666662877,0.0507356671740118,Narrow,Bearish,Below CPR,False,True,0.05,60,33028246.4,Higher,True,Risk On,True,14.625000000000004,345.505,342.54650000000004,0.011396011396008801,0.5027432912696207,False,False,No setup,Neutral,0,Not applicable,No directional setup; confirmation score not applicable.,Narrow CPR,Not applicable,Not applicable,Narrow CPR; Wide CPR rules not applied,0,0,0,0
2026-09-23,2026-09-23,CM,NSE,STK,9354,INE586B01026,TAJGVK,EQ,,,,,TAJ GVK HOTELS & RESORTS,327.65,333.0,327.3,329.9,328.3,328.85,,329.92,,,47479,15680912.4,2051,F1,1,,,,,,Cash Only,Unclassified,False,330.06666666666666,330.15,329.98333333333335,330.15,329.98333333333335,0.16666666666662877,0.05052035970494962,Narrow,Bearish,Below CPR,False,True,0.06666666666666667,60,23767325.174999997,Higher,True,Risk On,True,9.242857142857133,347.455,339.92800000000005,0.018031942297780566,0.6597676551543206,False,False,No setup,Neutral,0,Not applicable,No directional setup; confirmation score not applicable.,Narrow CPR,Not applicable,Not applicable,Narrow CPR; Wide CPR rules not applied,0,0,0,0
2026-09-23,2026-09-23,CM,NSE,STK,24948,INE498L01015,LTF,EQ,,,,,L&T FINANCE LIMITED,308.9,312.7,307.75,310.0,310.0,304.9,,310.0,,,5926308,1836451004.35,52706,F1,1,,,,,,F&O + Cash,Financial Services,True,310.15000000000003,310.225,310.07500000000005,310.225,310.07500000000005,0.14999999999997726,0.04838709677418621,Narrow,Bearish,Below CPR,False,True,0.08333333333333333,60,1206362666.25,Higher,True,Risk On,True,7.803571428571429,311.81,301.18649999999997,0.019221967963383813,1.5223042421054365,False,True,No setup,Neutral,0,Not applicable,No directional setup; confirmation score not applicable.,Narrow CPR,Not applicable,Not applicable,Narrow CPR; Wide CPR rules not applied,0,0,0,0
2026-09-23,2026-09-23,CM,NSE,STK,2031,INE101A01026,M&M,EQ,,,,,MAHINDRA & MAHINDRA LTD,3048.4,3052.0,3022.4,3035.0,3035.0,3044.5,,3035.0,,,2600352,7895250420.5,101519,F1,1,,,,,,F&O + Cash,Automobile and Auto Components,True,3036.4666666666667,3037.2,3035.7333333333336,3037.2,3035.7333333333336,1.4666666666662422,0.0483250961010294,Narrow,Bearish,Below CPR,False,True,0.06666666666666667,60,6483435023.4,Lower,True,Risk On,True,54.857142857142854,3265.7459999999996,3188.5429999999997,0.026736111111103376,1.217757314140495,False,False,No setup,Neutral,0,Not applicable,No directional setup; confirmation score not applicable.,Narrow CPR,Not applicable,Not applicable,Narrow CPR; Wide CPR rules not applied,0,0,0,0
2026-09-23,2026-09-23,CM,NSE,STK,13121,INE202H01019,KERNEX,EQ,,,,,KERNEX MICROSYS(I) LTD,1756.0,1756.0,1708.5,1731.0,1735.1,1744.7,,1730.88,,,99303,171650929.0,11192,F1,1,,,,,,Cash Only,Unclassified,False,1731.8333333333333,1732.25,1731.4166666666665,1732.25,1731.4166666666665,0.8333333333334849,0.04814172925092345,Narrow,Bearish,Below CPR,False,True,0.016666666666666666,60,363585561.3,Lower,True,Risk On,True,82.42857142857147,1994.384,1906.2910000000002,0.010109763142693918,0.47210601099301686,False,False,No setup,Neutral,0,Not applicable,No directional setup; confirmation score not applicable.,Narrow CPR,Not applicable,Not applicable,Narrow CPR; Wide CPR rules not applied,0,0,0,0
2026-09-23,2026-09-23,CM,NSE,STK,1162,INE043A01012,GTL,EQ,,,,,GTL LTD,7.05,7.09,6.98,7.03,7.04,6.99,,7.03,,,121517,854791.39,496,F1,1,,,,,,Cash Only,Unclassified,False,7.033333333333334,7.035,7.031666666666668,7.035,7.031666666666668,0.003333333333332078,0.047415836889503245,Narrow,Bearish,Below CPR,False,True,0.11666666666666667,60,1370867.49,Higher,True,Risk On,True,0.22857142857142865,7.280399999999999,7.4243,0.014583333333327836,0.6235404925971364,False,False,No setup,Neutral,0,Not applicable,No directional setup; confirmation score not applicable.,Narrow CPR,Not applicable,Not applicable,Narrow CPR; Wide CPR rules not applied,0,0,0,0
2026-09-23,2026-09-23,CM,NSE,STK,13409,INE177H01039,GPIL,EQ,,,,,GODAWARI POW & ISP LTD,232.89,236.8,232.89,234.68,235.2,232.89,,234.75,,,1428181,335684370.71,19698,F1,1,,,,,,Cash Only,Capital Goods,True,234.79,234.845,234.73499999999999,234.845,234.73499999999999,0.11000000000001364,0.04687233679905132,Narrow,Bearish,Below CPR,False,True,0.11666666666666667,60,319481151.74,Inside,True,Risk On,True,6.967142857142856,242.7998,260.12940000000003,0.015788394504820495,1.0507172923402581,False,False,No setup,Neutral,0,Not applicable,No directional setup; confirmation score not applicable.,Narrow CPR,Not applicable,Not applicable,Narrow CPR; Wide CPR rules not applied,0,0,0,0
2026-09-23,2026-09-23,CM,NSE,STK,2606,INE970X01018,LEMONTREE,EQ,,,,,LEMON TREE HOTELS LTD,108.2,108.49,107.5,107.92,108.02,107.51,,107.92,,,1411299,152283896.84,17816,F1,1,,,,,,Cash Only,Consumer Services,True,107.97000000000001,107.995,107.94500000000002,107.995,107.94500000000002,0.04999999999998295,0.04633061527055499,Narrow,Bearish,Below CPR,False,True,0.11666666666666667,60,282329567.885,Higher,True,Risk On,True,2.202142857142857,108.6258,111.59089999999998,0.022705157314296506,0.5393834516901507,False,False,No setup,Neutral,0,Not applicable,No directional setup; confirmation score not applicable.,Narrow CPR,Not applicable,Not applicable,Narrow CPR; Wide CPR rules not applied,0,0,0,0
2026-09-23,2026-09-23,CM,NSE,STK,18593,INE0OV601013,EMSLIMITED,EQ,,,,,EMS LIMITED,367.2,369.85,363.35,366.35,368.45,365.25,,366.35,,,125060,45826446.9,3890,F1,1,,,,,,Cash Only,Unclassified,False,366.5166666666667,366.6,366.4333333333334,366.6,366.4333333333334,0.16666666666662877,0.04549383558526785,Narrow,Bearish,Below CPR,False,True,0.08333333333333333,60,87325478.94999999,Higher,True,Risk On,True,12.078571428571426,390.5760000000001,373.426,0.013798541297059748,0.5247775042406453,False,False,No setup,Neutral,0,Not applicable,No directional setup; confirmation score not applicable.,Narrow CPR,Not applicable,Not applicable,Narrow CPR; Wide CPR rules not applied,0,-2,0,-2
2026-09-23,2026-09-23,CM,NSE,STK,28913,INE847C01020,ROSSELLIND,EQ,,,,,ROSSELL INDIA LIMITED,52.0,52.45,51.68,52.03,51.85,51.92,,52.05,,,27087,1412186.62,511,F1,1,,,,,,Cash Only,Unclassified,False,52.053333333333335,52.065,52.04166666666667,52.065,52.04166666666667,0.023333333333326323,0.04484592222434427,Narrow,Bearish,Below CPR,False,True,0.03333333333333333,60,1876591.24,Higher,True,Risk On,True,2.223571428571429,57.208,56.636100000000006,0.010493628868184016,0.7525275562940388,False,False,No setup,Neutral,0,Not applicable,No directional setup; confirmation score not applicable.,Narrow CPR,Not applicable,Not applicable,Narrow CPR; Wide CPR rules not applied,0,0,0,0
2026-09-23,2026-09-23,CM,NSE,STK,756925,INE607A01022,PRIMO,EQ,,,,,PRIMO CHEMICALS LIMITED,23.15,23.27,22.6,22.92,23.05,22.69,,22.92,,,45589,1045394.96,423,F1,1,,,,,,Cash Only,Unclassified,False,22.930000000000003,22.935000000000002,22.925000000000004,22.935000000000002,22.925000000000004,0.00999999999999801,0.0436300174519983,Narrow,Bearish,Below CPR,False,True,0.11666666666666667,60,2762533.29,Higher,True,Risk On,True,1.4928571428571424,22.5852,23.285899999999998,0.006698564593300105,0.37841895472687676,True,False,No setup,Neutral,0,Not applicable,No directional setup; confirmation score not applicable.,Narrow CPR,Not applicable,Not applicable,Narrow CPR; Wide CPR rules not applied,0,0,0,0
2026-09-23,2026-09-23,CM,NSE,STK,21091,INE460H01021,STARCEMENT,EQ,,,,,STAR CEMENT LIMITED,189.35,190.99,187.71,189.23,189.01,189.51,,189.23,,,84627,16030886.25,2114,F1,1,,,,,,Cash Only,Unclassified,False,189.31000000000003,189.35000000000002,189.27000000000004,189.35000000000002,189.27000000000004,0.07999999999998408,0.04227659462029493,Narrow,Bearish,Below CPR,False,True,0.06666666666666667,60,36198770.76,Lower,True,Risk On,True,5.348571428571426,196.91400000000002,205.6137,0.014957264957261988,0.4428571996625446,False,False,No setup,Neutral,0,Not applicable,No directional setup; confirmation score not applicable.,Narrow CPR,Not applicable,Not applicable,Narrow CPR; Wide CPR rules not applied,0,0,0,0
2026-09-23,2026-09-23,CM,NSE,STK,445,INE618L01018,5PAISA,EQ,,,,,5PAISA CAPITAL LIMITED,317.25,321.7,315.0,318.15,320.0,315.3,,318.15,,,30838,9775108.95,1069,F1,1,,,,,,Cash Only,Unclassified,False,318.28333333333336,318.35,318.2166666666667,318.35,318.2166666666667,0.13333333333332575,0.04190895280003953,Narrow,Bearish,Below CPR,False,True,0.03333333333333333,60,17029227.049999997,Higher,True,Risk On,True,11.289285714285699,358.62800000000004,346.4005,0.011810608457238615,0.5740195324954577,False,False,No setup,Neutral,0,Not applicable,No directional setup; confirmation score not applicable.,Narrow CPR,Not applicable,Not applicable,Narrow CPR; Wide CPR rules not applied,0,0,0,0
2026-09-23,2026-09-23,CM,NSE,STK,11536,INE467B01029,TCS,EQ,,,,,TATA CONSULTANCY SERV LT,2099.0,2104.2,2077.6,2089.6,2089.6,2105.0,,2089.5,,,2228402,4652482720.1,112320,F1,1,,,,,,F&O + Cash,Information Technology,True,2090.4666666666667,2090.8999999999996,2090.0333333333338,2090.8999999999996,2090.0333333333338,0.8666666666658784,0.04147524247061057,Narrow,Bearish,Below CPR,False,True,0.05,60,6894590417.9,Lower,True,Risk On,True,62.30714285714287,2295.276,2255.073,0.01390958768006683,0.6748019009252597,False,False,No setup,Neutral,0,Not applicable,No directional setup; confirmation score not applicable.,Narrow CPR,Not applicable,Not applicable,Narrow CPR; Wide CPR rules not applied,0,0,0,0
2026-09-23,2026-09-23,CM,NSE,STK,1412,INE415A01038,AGI,EQ,,,,,AGI GREENPAC LIMITED,847.0,850.4,825.0,837.2,836.5,845.7,,837.16,,,188739,158166327.5,12996,F1,1,,,,,,Cash Only,Unclassified,False,837.5333333333334,837.7,837.3666666666668,837.7,837.3666666666668,0.33333333333325754,0.0398152572065525,Narrow,Bearish,Below CPR,False,True,0.05,60,70614850.875,Inside,True,Risk On,True,35.49999999999999,730.413,687.957,0.009389671361500214,2.23984509689018,True,True,No setup,Neutral,0,Not applicable,No directional setup; confirmation score not applicable.,Narrow CPR,Not applicable,Not applicable,Narrow CPR; Wide CPR rules not applied,0,0,0,0
2026-09-23,2026-09-23,CM,NSE,STK,12018,INE040H01021,SUZLON,EQ,,,,,SUZLON ENERGY LIMITED,43.0,43.21,41.62,42.39,42.39,43.0,,42.39,,,99322778,4187685145.88,146954,F1,1,,,,,,F&O + Cash,Capital Goods,True,42.406666666666666,42.415,42.39833333333333,42.415,42.39833333333333,0.01666666666666572,0.0393174490839012,Narrow,Bearish,Below CPR,False,True,0.1,60,2369131328.315,Lower,True,Risk On,True,1.1771428571428575,47.3736,51.312799999999996,0.014158576051779127,1.7676036342225114,False,False,No setup,Neutral,0,Not applicable,No directional setup; confirmation score not applicable.,Narrow CPR,Not applicable,Not applicable,Narrow CPR; Wide CPR rules not applied,0,0,0,0
2026-09-23,2026-09-23,CM,NSE,STK,3456,INE155A01022,TMPV,EQ,,,,,TATA MOTORS PASS VEH LTD,300.1,302.65,298.7,300.5,300.5,300.05,,300.51,,,4683895,1410775307.0,56675,F1,1,,,,,,F&O + Cash,Automobile and Auto Components,True,300.6166666666666,300.67499999999995,300.5583333333333,300.67499999999995,300.5583333333333,0.11666666666667425,0.03882418191902637,Narrow,Bearish,Below CPR,False,True,0.1,60,2547466439.55,Overlapping,True,Risk On,True,7.735714285714279,323.038,342.67,0.015081563558018846,0.5537954436209208,False,False,No setup,Neutral,0,Not applicable,No directional setup; confirmation score not applicable.,Narrow CPR,Not applicable,Not applicable,Narrow CPR; Wide CPR rules not applied,0,0,0,0
2026-09-23,2026-09-23,CM,NSE,STK,1521,INE560A01023,INDIAGLYCO,EQ,,,,,INDIA GLYCOLS LTD,255.6,262.7,253.0,257.7,258.0,253.6,,257.75,,,615316,158988949.2,10211,F1,1,,,,,,Cash Only,Unclassified,False,257.8,257.85,257.75,257.85,257.75,0.10000000000002274,0.03880481179667161,Narrow,Bearish,Below CPR,False,True,0.016666666666666666,60,153019127.2,Higher,True,Risk On,True,99.3357142857143,1035.297,1017.5055,0.0010066872797873862,1.0390135671875667,False,False,No setup,Neutral,0,Not applicable,No directional setup; confirmation score not applicable.,Narrow CPR,Not applicable,Not applicable,Narrow CPR; Wide CPR rules not applied,0,0,0,0
2026-09-23,2026-09-23,CM,NSE,STK,2492,INE01II01013,SILGO,EQ,,,,,SILGO RETAIL LIMITED,71.0,71.3,69.64,70.43,70.41,70.92,,70.43,,,20664,1453894.66,276,F1,1,,,,,,Cash Only,Unclassified,False,70.45666666666666,70.47,70.44333333333333,70.47,70.44333333333333,0.026666666666670835,0.03786265322543069,Narrow,Bearish,Below CPR,False,True,0.03333333333333333,60,12003046.785,Inside,True,Risk On,True,2.9485714285714266,71.5004,74.1409,0.009043927648580231,0.12112713430534211,False,False,No setup,Neutral,0,Not applicable,No directional setup; confirmation score not applicable.,Narrow CPR,Not applicable,Not applicable,Narrow CPR; Wide CPR rules not applied,0,0,0,0
2026-09-23,2026-09-23,CM,NSE,STK,1476,INE008A01015,IDBI,EQ,,,,,IDBI BANK LIMITED,83.05,83.97,82.9,83.39,83.58,82.88,,83.39,,,4228479,352733390.5,21710,F1,1,,,,,,Cash Only,Financial Services,True,83.42,83.435,83.405,83.435,83.405,0.030000000000001137,0.035975536635089504,Narrow,Bearish,Below CPR,False,True,0.08333333333333333,60,597230688.56,Higher,True,Risk On,True,3.2950000000000017,85.2668,81.4885,0.009104704097117184,0.5906149788626663,False,True,No setup,Neutral,0,Not applicable,No directional setup; confirmation score not applicable.,Narrow CPR,Not applicable,Not applicable,Narrow CPR; Wide CPR rules not applied,0,0,0,0
2026-09-23,2026-09-23,CM,NSE,STK,8797,INE426Z01016,OBCL,EQ,,,,,OBCL LIMITED,59.6,61.0,59.6,60.27,60.11,58.16,,60.27,,,45135,2715647.5,251,F1,1,,,,,,Cash Only,Unclassified,False,60.29,60.3,60.28,60.3,60.28,0.01999999999999602,0.033184005309434245,Narrow,Bearish,Below CPR,False,True,0.03333333333333333,60,313045.51,Higher,True,Risk On,True,2.059285714285714,54.594800000000006,54.8345,0.009712105445714336,8.674928766747046,True,True,No setup,Neutral,0,Not applicable,No directional setup; confirmation score not applicable.,Narrow CPR,Not applicable,Not applicable,Narrow CPR; Wide CPR rules not applied,0,0,0,0
2026-09-23,2026-09-23,CM,NSE,STK,13106,INE289A01011,NAHARINDUS,EQ,,,,,NAHAR INDS ENT LTD,132.93,133.3,130.55,131.86,131.5,131.71,,131.86,,,8358,1102552.64,396,F1,1,,,,,,Cash Only,Unclassified,False,131.90333333333334,131.925,131.88166666666666,131.925,131.88166666666666,0.043333333333350765,0.032863137671280726,Narrow,Bearish,Below CPR,False,True,0.1,60,1787151.0899999999,Inside,True,Risk On,True,6.045714285714288,126.0324,121.16060000000002,0.007167611846253669,0.6169330876215956,True,True,No setup,Neutral,0,Not applicable,No directional setup; confirmation score not applicable.,Narrow CPR,Not applicable,Not applicable,Narrow CPR; Wide CPR rules not applied,0,0,0,0
2026-09-23,2026-09-23,CM,NSE,STK,761581,INE05HV01027,CMPDI,EQ,,,,,CENTRAL MINE P N D INST L,209.29,218.76,208.51,213.53,214.0,209.34,,213.54,,,1555190,334369095.48,25057,F1,1,,,,,,Cash Only,Unclassified,False,213.6,213.635,213.565,213.635,213.565,0.06999999999999318,0.032782278836694226,Narrow,Bearish,Below CPR,False,True,0.05,60,407727959.98,Higher,True,Risk On,True,10.019285714285717,236.74419999999998,239.0797,0.006986525985598519,0.8200788964691104,False,False,No setup,Neutral,0,Not applicable,No directional setup; confirmation score not applicable.,Narrow CPR,Not applicable,Not applicable,Narrow CPR; Wide CPR rules not applied,0,0,0,0
2026-09-23,2026-09-23,CM,NSE,STK,764975,INE693D01018,VADILENT,EQ,,,,,VADILAL ENTERPRISES LTD.,10380.0,10380.0,10370.0,10370.0,10370.0,10350.0,,10370.0,,,76,788130.0,2,F1,1,,,,,,Cash Only,Unclassified,False,10373.333333333334,10375.0,10371.666666666668,10375.0,10371.666666666668,3.3333333333321207,0.03214400514302913,Narrow,Bearish,Below CPR,False,True,0.24,25,271554.0,Higher,True,Risk On,True,324.2142857142857,,,0.010281266064474485,2.902295675998144,False,False,No setup,Neutral,0,Not applicable,No directional setup; confirmation score not applicable.,Narrow CPR,Not applicable,Not applicable,Narrow CPR; Wide CPR rules not applied,0,0,0,0
2026-09-23,2026-09-23,CM,NSE,STK,436,INE133Y01011,IFGLEXPOR,EQ,,,,,IFGL REFRACTORIES LIMITED,195.0,199.51,195.0,197.16,197.99,194.65,,197.18,,,20059,3951563.17,733,F1,1,,,,,,Cash Only,Unclassified,False,197.22333333333333,197.255,197.19166666666666,197.255,197.19166666666666,0.06333333333333258,0.03212281057685767,Narrow,Bearish,Below CPR,False,True,0.016666666666666666,60,7485355.42,Higher,True,Risk On,True,9.283571428571431,209.66639999999998,200.1126,0.0068220871483161945,0.527905883993415,False,False,No setup,Neutral,0,Not applicable,No directional setup; confirmation score not applicable.,Narrow CPR,Not applicable,Not applicable,Narrow CPR; Wide CPR rules not applied,0,0,0,0
2026-09-23,2026-09-23,CM,NSE,STK,23621,INE0OAF01028,JNKINDIA,EQ,,,,,JNK INDIA LIMITED,410.2,427.0,410.2,418.4,419.75,413.95,,418.42,,,103325,43274264.55,4412,F1,1,,,,,,Cash Only,Unclassified,False,418.5333333333333,418.6,418.4666666666666,418.6,418.4666666666666,0.13333333333343944,0.03186743148504767,Narrow,Bearish,Below CPR,False,True,0.016666666666666666,60,81209156.025,Higher,True,Risk On,True,17.549999999999994,442.28799999999995,436.95899999999995,0.0075973409306803125,0.5328742061631343,False,False,No setup,Neutral,0,Not applicable,No directional setup; confirmation score not applicable.,Narrow CPR,Not applicable,Not applicable,Narrow CPR; Wide CPR rules not applied,0,0,0,0
2026-09-23,2026-09-23,CM,NSE,STK,8585,INE589A01014,NLCINDIA,EQ,,,,,NLC INDIA LIMITED,267.0,269.15,265.3,267.1,267.5,267.0,,267.1,,,758960,202767478.2,21151,F1,1,,,,,,Cash Only,Power,True,267.18333333333334,267.225,267.14166666666665,267.225,267.14166666666665,0.08333333333337123,0.031199301135668746,Narrow,Bearish,Below CPR,False,True,0.03333333333333333,60,514441264.04999995,Overlapping,True,Risk On,True,6.882142857142845,280.69,303.9725,0.012108631724620646,0.3941508824616613,False,False,No setup,Neutral,0,Not applicable,No directional setup; confirmation score not applicable.,Narrow CPR,Not applicable,Not applicable,Narrow CPR; Wide CPR rules not applied,0,0,0,0
2026-09-23,2026-09-23,CM,NSE,STK,17999,INE458F01011,UNITEDTEA,EQ,,,,,UNITED NILGIRI TEA LTD,427.4,432.35,424.05,428.0,428.0,427.35,,428.0,,,840,359077.85,53,F1,1,,,,,,Cash Only,Unclassified,False,428.1333333333334,428.20000000000005,428.0666666666667,428.20000000000005,428.0666666666667,0.13333333333332575,0.03115264797507611,Narrow,Bearish,Below CPR,False,True,0.05,60,704112.8,Lower,True,Risk On,True,11.878571428571421,455.68300000000005,481.969,0.011224694327519914,0.5099720527733623,False,False,No setup,Neutral,0,Not applicable,No directional setup; confirmation score not applicable.,Narrow CPR,Not applicable,Not applicable,Narrow CPR; Wide CPR rules not applied,0,0,0,0
2026-09-23,2026-09-23,CM,NSE,STK,15039,INE739E01017,CERA,EQ,,,,,CERA SANITARYWARE LTD,5520.0,5544.0,5501.0,5520.0,5527.0,5501.0,,5520.02,,,3192,17635256.5,990,F1,1,,,,,,Cash Only,Unclassified,False,5521.666666666667,5522.5,5520.833333333334,5522.5,5520.833333333334,1.6666666666660603,0.03019323671496486,Narrow,Bearish,Below CPR,False,True,0.08333333333333333,60,37474910.25,Inside,True,Risk On,True,109.46428571428571,5885.54,5926.17,0.015225666122887338,0.4705883585138139,False,False,No setup,Neutral,0,Not applicable,No directional setup; confirmation score not applicable.,Narrow CPR,Not applicable,Not applicable,Narrow CPR; Wide CPR rules not applied,0,0,0,0
2026-09-23,2026-09-23,CM,NSE,STK,7508,INE251B01027,ZENTEC,EQ,,,,,ZEN TECHNOLOGIES LIMITED,1673.0,1685.0,1661.1,1672.3,1675.0,1673.8,,1672.31,,,136927,228782071.0,13124,F1,1,,,,,,Cash Only,Capital Goods,True,1672.8,1673.05,1672.55,1673.05,1672.55,0.5,0.029898941577468162,Narrow,Bearish,Below CPR,False,True,0.03333333333333333,60,588007292.85,Lower,True,Risk On,True,56.878571428571476,1771.3380000000002,1748.755,0.00879065678764284,0.3890803290740172,False,False,No setup,Neutral,0,Not applicable,No directional setup; confirmation score not applicable.,Narrow CPR,Not applicable,Not applicable,Narrow CPR; Wide CPR rules not applied,0,0,0,0
2026-09-23,2026-09-23,CM,NSE,STK,3324,INE287B01021,SUBROS,EQ,,,,,SUBROS LIMITED,725.0,742.0,721.6,731.5,731.7,720.65,,731.31,,,52234,38304575.35,3810,F1,1,,,,,,Cash Only,Unclassified,False,731.6999999999999,731.8,731.5999999999999,731.8,731.5999999999999,0.20000000000004547,0.027341079972665137,Narrow,Bearish,Below CPR,False,True,0.05,60,26410421.525,Higher,True,Risk On,True,21.60357142857143,753.8670000000001,761.1665,0.009257728550175686,1.4503583486443428,False,False,No setup,Neutral,0,Not applicable,No directional setup; confirmation score not applicable.,Narrow CPR,Not applicable,Not applicable,Narrow CPR; Wide CPR rules not applied,0,0,0,0
2026-09-23,2026-09-23,CM,NSE,STK,11195,INE646L01027,INDIGO,EQ,,,,,INTERGLOBE AVIATION LTD,5026.0,5061.0,5000.0,5028.5,5028.5,5030.0,,5028.5,,,581998,2931114862.0,49996,F1,1,,,,,,F&O + Cash,Services,True,5029.833333333333,5030.5,5029.166666666666,5030.5,5029.166666666666,1.3333333333339397,0.026515528156188517,Narrow,Bearish,Below CPR,False,True,0.05,60,2983291067.5,Higher,True,Risk On,True,104.89285714285714,5145.92,4943.561000000001,0.012711383497906133,0.9825105213271316,False,True,No setup,Neutral,0,Not applicable,No directional setup; confirmation score not applicable.,Narrow CPR,Not applicable,Not applicable,Narrow CPR; Wide CPR rules not applied,0,0,0,0
2026-09-23,2026-09-23,CM,NSE,STK,3273,INE647A01010,SRF,EQ,,,,,SRF LTD,2545.0,2562.0,2540.0,2550.0,2550.0,2538.3,,2549.59,,,73197,186900289.3,9414,F1,1,,,,,,F&O + Cash,Chemicals,True,2550.6666666666665,2551.0,2550.333333333333,2551.0,2550.333333333333,0.6666666666669698,0.026143790849685093,Narrow,Bearish,Below CPR,False,True,0.08333333333333333,60,686367190.75,Higher,True,Risk On,True,48.592857142857156,2616.26,2665.923,0.01371943750306861,0.27230364711310323,False,False,No setup,Neutral,0,Not applicable,No directional setup; confirmation score not applicable.,Narrow CPR,Not applicable,Not applicable,Narrow CPR; Wide CPR rules not applied,0,0,-2,-2
2026-09-23,2026-09-23,CM,NSE,STK,25800,INE0JVO01026,GARUDA,EQ,,,,,GARUDA CONSTRUCT N ENG L,183.45,187.6,181.5,184.48,184.9,181.56,,184.49,,,811718,150257355.26,12446,F1,1,,,,,,Cash Only,Unclassified,False,184.52666666666667,184.55,184.50333333333333,184.55,184.50333333333333,0.04666666666668107,0.025296328418625905,Narrow,Bearish,Below CPR,False,True,0.06666666666666667,60,57282483.155,Higher,True,Risk On,True,6.75642857142857,178.57940000000002,177.1675,0.006907002149630353,2.623094303600987,True,True,No setup,Neutral,0,Not applicable,No directional setup; confirmation score not applicable.,Narrow CPR,Not applicable,Not applicable,Narrow CPR; Wide CPR rules not applied,0,-2,0,-2
2026-09-23,2026-09-23,CM,NSE,STK,15254,INE482A01020,CEATLTD,EQ,,,,,CEAT LIMITED,3403.0,3474.0,3393.0,3432.2,3430.0,3401.4,,3432.23,,,28791,98966571.4,6029,F1,1,,,,,,Cash Only,Automobile and Auto Components,True,3433.066666666667,3433.5,3432.633333333334,3433.5,3432.633333333334,0.8666666666658784,0.02525105374587374,Narrow,Bearish,Below CPR,False,True,0.1,60,307046148.85,Higher,True,Risk On,True,75.61428571428574,3494.84,3446.9309999999996,0.011461678947026538,0.3223182305678347,False,False,No setup,Neutral,0,Not applicable,No directional setup; confirmation score not applicable.,Narrow CPR,Not applicable,Not applicable,Narrow CPR; Wide CPR rules not applied,0,0,0,0
2026-09-23,2026-09-23,CM,NSE,STK,765291,INE1EEM01017,BLEL,EQ,,,,,BEHARI LAL ENGINEERING L,473.8,476.0,463.55,469.6,470.1,469.05,,469.6,,,625105,294019163.0,20151,F1,1,,,,,,Cash Only,Unclassified,False,469.7166666666667,469.775,469.6583333333334,469.775,469.6583333333334,0.11666666666656056,0.02484383872797286,Narrow,Bearish,Below CPR,False,True,0.08,25,675122762.25,Higher,True,Risk On,True,19.721428571428568,,,0.0059157310153272295,0.43550473993813266,False,False,No setup,Neutral,0,Not applicable,No directional setup; confirmation score not applicable.,Narrow CPR,Not applicable,Not applicable,Narrow CPR; Wide CPR rules not applied,0,0,0,0
2026-09-23,2026-09-23,CM,NSE,STK,857,INE041A01016,DHAMPURSUG,EQ,,,,,DHAMPUR SUGAR MILLS LTD.,165.0,172.09,164.81,168.39,167.9,164.13,,168.39,,,581058,98301439.61,12133,F1,1,,,,,,Cash Only,Unclassified,False,168.42999999999998,168.45,168.40999999999997,168.45,168.40999999999997,0.040000000000020464,0.023754379713771877,Narrow,Bearish,Below CPR,False,True,0.03333333333333333,60,84205482.075,Higher,True,Risk On,True,8.167857142857146,159.7018,151.9905,0.004897245299521524,1.167399523019713,True,True,No setup,Neutral,0,Not applicable,No directional setup; confirmation score not applicable.,Narrow CPR,Not applicable,Not applicable,Narrow CPR; Wide CPR rules not applied,0,0,0,0
2026-09-23,2026-09-23,CM,NSE,STK,764910,INE564J01026,SHRJAGP,EQ,,,,,SHRI JAGDAMBA POLYMERS L,634.0,639.95,625.0,632.25,635.0,630.5,,631.7,,,231,146129.8,30,F1,1,,,,,,Cash Only,Unclassified,False,632.4,632.475,632.3249999999999,632.475,632.3249999999999,0.15000000000009095,0.023724792408080817,Narrow,Bearish,Below CPR,False,True,0.037037037037037035,27,388893.25,Inside,True,Risk On,True,31.432142857142885,,,0.004772184978982551,0.3757581289981248,False,False,No setup,Neutral,0,Not applicable,No directional setup; confirmation score not applicable.,Narrow CPR,Not applicable,Not applicable,Narrow CPR; Wide CPR rules not applied,0,0,0,0
2026-09-23,2026-09-23,CM,NSE,STK,5264,INE111Q01021,PDSL,EQ,,,,,PDS LIMITED,362.4,364.0,359.05,361.4,361.5,361.45,,361.4,,,67691,24512101.45,3337,F1,1,,,,,,Cash Only,Unclassified,False,361.4833333333333,361.525,361.4416666666666,361.525,361.4416666666666,0.08333333333337123,0.023058476295896857,Narrow,Bearish,Below CPR,False,True,0.05,60,36732218.55,Higher,True,Risk On,True,10.724999999999998,359.775,340.256,0.007770007770011305,0.6673188393626173,True,True,No setup,Neutral,0,Not applicable,No directional setup; confirmation score not applicable.,Narrow CPR,Not applicable,Not applicable,Narrow CPR; Wide CPR rules not applied,0,0,0,0
2026-09-23,2026-09-23,CM,NSE,STK,22377,INE027H01010,MAXHEALTH,EQ,,,,,MAX HEALTHCARE INS LTD,1056.5,1067.3,1053.2,1059.9,1059.9,1056.5,,1059.86,,,1122755,1190505746.4,30582,F1,1,,,,,,F&O + Cash,Healthcare,True,1060.1333333333334,1060.25,1060.0166666666669,1060.25,1060.0166666666669,0.23333333333312112,0.02201465547062186,Narrow,Bearish,Below CPR,False,True,0.03333333333333333,60,1788040914.15,Higher,True,Risk On,True,20.549999999999994,1046.42,1047.5420000000001,0.011354420113533877,0.6658157187448607,True,True,No setup,Neutral,0,Not applicable,No directional setup; confirmation score not applicable.,Narrow CPR,Not applicable,Not applicable,Narrow CPR; Wide CPR rules not applied,0,0,0,0
2026-09-23,2026-09-23,CM,NSE,STK,715,INE492A01029,SUDARCOLOR,EQ,,,,,SUDARSHAN COLORNT IND LTD,392.05,394.95,386.7,390.7,386.7,390.2,,390.61,,,2976,1165129.7,192,F1,1,,,,,,Cash Only,Unclassified,False,390.7833333333333,390.825,390.7416666666666,390.825,390.7416666666666,0.08333333333337123,0.021329238119624068,Narrow,Bearish,Below CPR,False,True,0.05,60,2438781.925,Lower,True,Risk On,True,13.507142857142854,384.704,373.3125,0.006169575180683223,0.47775067055247267,True,True,No setup,Neutral,0,Not applicable,No directional setup; confirmation score not applicable.,Narrow CPR,Not applicable,Not applicable,Narrow CPR; Wide CPR rules not applied,0,0,0,0
2026-09-23,2026-09-23,CM,NSE,STK,15179,INE738I01010,ECLERX,EQ,,,,,ECLERX SERVICES LTD,1924.1,1940.0,1909.6,1924.2,1939.8,1924.1,,1924.04,,,60071,115484010.4,8321,F1,1,,,,,,Cash Only,Services,True,1924.6000000000001,1924.8,1924.4000000000003,1924.8,1924.4000000000003,0.3999999999996362,0.020787859889805436,Narrow,Bearish,Below CPR,False,True,0.05,60,384898655.8,Lower,True,Risk On,True,71.58571428571426,1888.7820000000002,1687.043,0.005587707044497015,0.3000374479354053,True,True,No setup,Neutral,0,Not applicable,No directional setup; confirmation score not applicable.,Narrow CPR,Not applicable,Not applicable,Narrow CPR; Wide CPR rules not applied,0,0,0,0
2026-09-23,2026-09-23,CM,NSE,STK,13821,INE803H01014,RUCHIRA,EQ,,,,,RUCHIRA PAPERS LIMITED,105.1,106.5,105.1,105.77,105.76,105.93,,105.77,,,20838,2199885.37,629,F1,1,,,,,,Cash Only,Unclassified,False,105.79,105.8,105.78000000000002,105.8,105.78000000000002,0.01999999999998181,0.0189089533894127,Narrow,Bearish,Below CPR,False,True,0.03333333333333333,60,2760623.615,Lower,True,Risk On,True,3.8528571428571445,106.3556,110.30019999999999,0.00519095291063673,0.7968798636825397,False,False,No setup,Neutral,0,Not applicable,No directional setup; confirmation score not applicable.,Narrow CPR,Not applicable,Not applicable,Narrow CPR; Wide CPR rules not applied,0,0,0,0
2026-09-23,2026-09-23,CM,NSE,STK,14618,INE995D01025,CHEMBOND,EQ,,,,,CHEMBOND MATERIALTECH LTD,197.44,197.44,190.02,193.68,192.0,192.77,,193.12,,,8790,1709204.73,597,F1,1,,,,,,Cash Only,Unclassified,False,193.71333333333337,193.73000000000002,193.69666666666672,193.73000000000002,193.69666666666672,0.03333333333330302,0.017210519069239476,Narrow,Bearish,Below CPR,False,True,0.016666666666666666,60,1574176.8250000002,Higher,True,Risk On,True,18.326428571428576,172.06439999999998,157.0655,0.0018188668459533154,1.085776834505234,True,True,No setup,Neutral,0,Not applicable,No directional setup; confirmation score not applicable.,Narrow CPR,Not applicable,Not applicable,Narrow CPR; Wide CPR rules not applied,0,0,0,0
2026-09-23,2026-09-23,CM,NSE,STK,637,INE085A01013,CHAMBLFERT,EQ,,,,,CHAMBAL FERTILIZERS LTD,418.5,421.65,417.75,419.6,420.0,418.5,,419.59,,,394631,165661348.55,17483,F1,1,,,,,,Cash Only,Chemicals,True,419.6666666666667,419.7,419.6333333333334,419.7,419.6333333333334,0.06666666666660603,0.01588814744199381,Narrow,Bearish,Below CPR,False,True,0.05,60,179359792.0,Higher,True,Risk On,True,7.367857142857141,432.75700000000006,447.74899999999997,0.009048311520431262,0.9236258957637508,False,False,No setup,Neutral,0,Not applicable,No directional setup; confirmation score not applicable.,Narrow CPR,Not applicable,Not applicable,Narrow CPR; Wide CPR rules not applied,0,0,0,0
2026-09-23,2026-09-23,CM,NSE,STK,24596,INE206N01018,RELTD,EQ,,,,,RAVINDRA ENERGY LIMITED,150.51,151.39,147.4,149.36,148.6,151.26,,149.45,,,76395,11384146.49,1791,F1,1,,,,,,Cash Only,Unclassified,False,149.38333333333333,149.39499999999998,149.37166666666667,149.39499999999998,149.37166666666667,0.023333333333312112,0.015622210319571578,Narrow,Bearish,Below CPR,False,True,0.016666666666666666,60,32278594.2,Inside,True,Risk On,True,6.753571428571429,162.8464,153.655,0.0034549621011778905,0.35268408591350614,False,False,No setup,Neutral,0,Not applicable,No directional setup; confirmation score not applicable.,Narrow CPR,Not applicable,Not applicable,Narrow CPR; Wide CPR rules not applied,0,0,0,0
2026-09-23,2026-09-23,CM,NSE,STK,14068,INE229C01021,SAGCEM,EQ,,,,,SAGAR CEMENTS LIMITED,153.98,154.88,150.55,152.68,153.2,151.32,,152.71,,,67000,10218587.54,1180,F1,1,,,,,,Cash Only,Unclassified,False,152.70333333333335,152.715,152.6916666666667,152.715,152.6916666666667,0.023333333333312112,0.015282508077883226,Narrow,Bearish,Below CPR,False,True,0.05,60,5774654.055,Inside,True,Risk On,True,4.960714285714287,165.81399999999996,172.05290000000002,0.0047036237100989125,1.7695583913208113,False,False,No setup,Neutral,0,Not applicable,No directional setup; confirmation score not applicable.,Narrow CPR,Not applicable,Not applicable,Narrow CPR; Wide CPR rules not applied,0,0,0,0
2026-09-23,2026-09-23,CM,NSE,STK,14466,INE884B01025,KIRLFER,EQ,,,,,KIRLOSKAR FERROUS IND LTD,475.95,486.4,470.0,478.1,476.05,479.85,,478.09,,,126883,61081399.15,7032,F1,1,,,,,,Cash Only,Unclassified,False,478.1666666666667,478.2,478.1333333333334,478.2,478.1333333333334,0.06666666666660603,0.01394408422225602,Narrow,Bearish,Below CPR,False,True,0.016666666666666666,60,33029675.125,Lower,True,Risk On,True,12.70357142857141,458.935,453.4314999999999,0.005247868053598458,1.8492885236938883,True,True,No setup,Neutral,0,Not applicable,No directional setup; confirmation score not applicable.,Narrow CPR,Not applicable,Not applicable,Narrow CPR; Wide CPR rules not applied,0,0,0,0
2026-09-23,2026-09-23,CM,NSE,STK,11655,INE927D01051,JBMA,EQ,,,,,JBM AUTO LIMITED,593.5,610.35,593.5,601.8,601.0,593.15,,601.8,,,559877,337600322.05,23838,F1,1,,,,,,Cash Only,Automobile and Auto Components,True,601.8833333333333,601.925,601.8416666666667,601.925,601.8416666666667,0.08333333333325754,0.013847346848331265,Narrow,Bearish,Below CPR,False,True,0.06666666666666667,60,138615406.425,Higher,True,Risk On,True,16.467857142857156,638.38,653.1385,0.005060362900306244,2.435518033362791,False,False,No setup,Neutral,0,Not applicable,No directional setup; confirmation score not applicable.,Narrow CPR,Not applicable,Not applicable,Narrow CPR; Wide CPR rules not applied,0,0,0,0
2026-09-23,2026-09-23,CM,NSE,STK,3965,INE474C01023,REMSONSIND,EQ,,,,,REMSONS INDUSTRIES LTD,98.2,103.5,96.28,99.87,99.3,97.82,,99.87,,,332855,33193266.95,4515,F1,1,,,,,,Cash Only,Unclassified,False,99.88333333333333,99.89,99.87666666666665,99.89,99.87666666666665,0.013333333333349628,0.01335068922934778,Narrow,Bearish,Below CPR,False,True,0.016666666666666666,60,7993595.445,Higher,True,Risk On,True,5.732142857142857,87.70739999999999,89.67200000000001,0.0023260643821419913,4.152482719245244,True,True,No setup,Neutral,0,Not applicable,No directional setup; confirmation score not applicable.,Narrow CPR,Not applicable,Not applicable,Narrow CPR; Wide CPR rules not applied,0,0,0,0
2026-09-23,2026-09-23,CM,NSE,STK,1164,INE619B01017,NEWGEN,EQ,,,,,NEWGEN SOFTWARE TECH LTD,496.0,514.05,494.45,504.15,506.0,495.7,,504.15,,,688103,347791235.6,21896,F1,1,,,,,,Cash Only,Information Technology,True,504.2166666666667,504.25,504.1833333333334,504.25,504.1833333333334,0.06666666666660603,0.013223577638918186,Narrow,Bearish,Below CPR,False,True,0.016666666666666666,60,504989257.35,Higher,True,Risk On,True,14.617857142857142,529.198,503.6975,0.0045606319732835795,0.6887101666777665,False,True,No setup,Neutral,0,Not applicable,No directional setup; confirmation score not applicable.,Narrow CPR,Not applicable,Not applicable,Narrow CPR; Wide CPR rules not applied,0,0,0,0
2026-09-23,2026-09-23,CM,NSE,STK,29135,INE121J01017,INDUSTOWER,EQ,,,,,INDUS TOWERS LIMITED,382.15,388.55,381.2,384.8,384.8,382.1,,384.8,,,4979379,1920660941.4,51384,F1,1,,,,,,F&O + Cash,Telecommunication,True,384.84999999999997,384.875,384.82499999999993,384.875,384.82499999999993,0.05000000000006821,0.012993762993780722,Narrow,Bearish,Below CPR,False,True,0.016666666666666666,60,1644095537.95,Higher,True,Risk On,True,8.457142857142864,383.455,398.04,0.005912162162170223,1.1682173554189226,True,False,No setup,Neutral,0,Not applicable,No directional setup; confirmation score not applicable.,Narrow CPR,Not applicable,Not applicable,Narrow CPR; Wide CPR rules not applied,0,0,0,0
2026-09-23,2026-09-23,CM,NSE,STK,2106,INE347A01017,MANGLMCEM,EQ,,,,,MANGALAM CEMENT LTD,1014.6,1052.4,1014.6,1033.3,1039.0,1006.3,,1033.12,,,69168,71799015.2,3263,F1,1,,,,,,Cash Only,Unclassified,False,1033.4333333333334,1033.5,1033.3666666666668,1033.5,1033.3666666666668,0.13333333333321207,0.012903642052957716,Narrow,Bearish,Below CPR,False,True,0.03333333333333333,60,55545384.925,Higher,True,Risk On,True,34.57857142857143,991.7329999999998,936.1895000000001,0.00385595262686422,1.292618915089821,True,True,No setup,Neutral,0,Not applicable,No directional setup; confirmation score not applicable.,Narrow CPR,Not applicable,Not applicable,Narrow CPR; Wide CPR rules not applied,0,0,0,0
2026-09-23,2026-09-23,CM,NSE,STK,21726,INE866R01028,MATRIMONY,EQ,,,,,MATRIMONY.COM LIMITED,555.0,555.0,535.1,544.95,544.0,550.75,,544.95,,,15296,8320949.25,969,F1,1,,,,,,Cash Only,Unclassified,False,545.0166666666667,545.05,544.9833333333333,545.05,544.9833333333333,0.06666666666660603,0.012233538245087812,Narrow,Bearish,Below CPR,False,True,0.016666666666666666,60,5999008.25,Lower,True,Risk On,True,18.178571428571416,494.9789999999999,455.384,0.003667321545510747,1.3870541434911345,True,True,No setup,Neutral,0,Not applicable,No directional setup; confirmation score not applicable.,Narrow CPR,Not applicable,Not applicable,Narrow CPR; Wide CPR rules not applied,0,0,0,0
2026-09-23,2026-09-23,CM,NSE,STK,759605,INE956O01016,LENSKART,EQ,,,,,LENSKART SOLUTIONS LTD,691.2,692.4,681.25,686.7,686.2,691.45,,686.7,,,4785213,3283801808.05,108244,F1,1,,,,,,Cash Only,Consumer Services,True,686.7833333333334,686.825,686.7416666666668,686.825,686.7416666666668,0.08333333333325754,0.01213533323623963,Narrow,Bearish,Below CPR,False,True,0.016666666666666666,60,3582779452.375,Inside,True,Risk On,True,20.63928571428571,621.003,565.187,0.004037607429193998,0.9165514795707534,True,True,No setup,Neutral,0,Not applicable,No directional setup; confirmation score not applicable.,Narrow CPR,Not applicable,Not applicable,Narrow CPR; Wide CPR rules not applied,0,0,0,0
2026-09-23,2026-09-23,CM,NSE,STK,25897,INE842C01021,MINDACORP,EQ,,,,,MINDA CORPORATION LTD,687.05,695.55,682.8,689.05,686.9,685.4,,689.05,,,152854,105474125.8,11419,F1,1,,,,,,Cash Only,Automobile and Auto Components,True,689.1333333333332,689.175,689.0916666666665,689.175,689.0916666666665,0.08333333333348492,0.012093945770769164,Narrow,Bearish,Below CPR,False,True,0.016666666666666666,60,166370904.15,Higher,True,Risk On,True,16.95357142857143,703.008,661.0139999999999,0.004915385155545771,0.633969781788915,False,True,No setup,Neutral,0,Not applicable,No directional setup; confirmation score not applicable.,Narrow CPR,Not applicable,Not applicable,Narrow CPR; Wide CPR rules not applied,0,0,0,0
2026-09-23,2026-09-23,CM,NSE,STK,21399,INE335W01016,GANGESSECU,EQ,,,,,GANGES SECURITIES LIMITED,114.32,117.0,114.3,115.63,114.3,115.04,,115.63,,,344,39774.07,31,F1,1,,,,,,Cash Only,Unclassified,False,115.64333333333333,115.65,115.63666666666666,115.65,115.63666666666666,0.013333333333349628,0.011531032892285418,Narrow,Bearish,Below CPR,False,True,0.06666666666666667,60,174839.555,Higher,True,Risk On,True,4.111428571428571,117.6006,120.0831,0.0032429928190912927,0.22748896838590102,False,False,No setup,Neutral,0,Not applicable,No directional setup; confirmation score not applicable.,Narrow CPR,Not applicable,Not applicable,Narrow CPR; Wide CPR rules not applied,0,0,0,0
2026-09-23,2026-09-23,CM,NSE,STK,758889,INE385F01024,SGMART,EQ,,,,,SG MART LIMITED,721.0,742.95,720.15,731.45,730.15,721.8,,731.46,,,166323,121741028.75,9908,F1,1,,,,,,Cash Only,Unclassified,False,731.5166666666668,731.55,731.4833333333336,731.55,731.4833333333336,0.06666666666637866,0.009114316312308244,Narrow,Bearish,Below CPR,False,True,0.05,60,184750129.55,Higher,True,Risk On,True,32.167857142857144,743.3259999999999,670.1384999999999,0.0020724621590525174,0.6589496258894504,False,True,No setup,Neutral,0,Not applicable,No directional setup; confirmation score not applicable.,Narrow CPR,Not applicable,Not applicable,Narrow CPR; Wide CPR rules not applied,0,0,0,0
2026-09-23,2026-09-23,CM,NSE,STK,7325,INE843D01027,DCMSRIND,EQ,,,,,DCM SHRIRAM IND LTD,37.6,38.43,37.6,38.01,37.98,37.87,,38.01,,,184417,7020439.29,1644,F1,1,,,,,,Cash Only,Unclassified,False,38.01333333333333,38.015,38.011666666666656,38.015,38.011666666666656,0.0033333333333445125,0.008769622029319949,Narrow,Bearish,Below CPR,False,True,0.016666666666666666,60,8619161.524999999,Lower,True,Risk On,True,1.9350000000000003,43.168800000000005,41.773900000000005,0.0017226528854493602,0.8145153411543707,False,False,No setup,Neutral,0,Not applicable,No directional setup; confirmation score not applicable.,Narrow CPR,Not applicable,Not applicable,Narrow CPR; Wide CPR rules not applied,0,0,0,0
2026-09-23,2026-09-23,CM,NSE,STK,628,INE486A01021,CESC,EQ,,,,,CESC LTD,142.55,143.15,142.0,142.56,142.47,142.52,,142.56,,,699865,99893223.69,11204,F1,1,,,,,,Cash Only,Power,True,142.57,142.575,142.565,142.575,142.565,0.009999999999990905,0.007014590347917301,Narrow,Bearish,Below CPR,False,True,0.016666666666666666,60,197668059.495,Lower,True,Risk On,True,3.642142857142858,156.23059999999998,165.60060000000001,0.0027456363992914815,0.5053584476177184,False,False,No setup,Neutral,0,Not applicable,No directional setup; confirmation score not applicable.,Narrow CPR,Not applicable,Not applicable,Narrow CPR; Wide CPR rules not applied,0,0,0,0
2026-09-23,2026-09-23,CM,NSE,STK,804,INE705C01020,SHIVATEX,EQ,,,,,SHIVA TEXYARN LIMITED,172.52,173.28,170.75,172.0,172.0,172.07,,172.0,,,436,75152.85,26,F1,1,,,,,,Cash Only,Unclassified,False,172.01,172.015,172.005,172.015,172.005,0.009999999999990905,0.0058139534883668055,Narrow,Bearish,Below CPR,False,True,0.016666666666666666,60,554663.0800000001,Lower,True,Risk On,True,9.531428571428568,166.321,161.99460000000002,0.0010491606714618758,0.13549279321060995,True,True,No setup,Neutral,0,Not applicable,No directional setup; confirmation score not applicable.,Narrow CPR,Not applicable,Not applicable,Narrow CPR; Wide CPR rules not applied,0,0,0,0
2026-09-23,2026-09-23,CM,NSE,STK,764828,INE798F01010,PANCHMAHQ,EQ,,,,,PANCHMAHAL STEEL LTD.,291.0,291.0,290.95,290.95,290.95,301.0,,299.0,,,40,11639.85,4,F1,1,,,,,,Cash Only,Unclassified,False,290.9666666666667,290.975,290.95833333333337,290.975,290.95833333333337,0.01666666666665151,0.0057283611158795355,Narrow,Bearish,Below CPR,False,True,0.21052631578947367,19,27160.5,Lower,False,Risk On,False,21.64285714285715,,,0.0007700770077000695,0.4285580162368145,False,False,No setup,Neutral,0,Not applicable,No directional setup; confirmation score not applicable.,Narrow CPR,Not applicable,Not applicable,Narrow CPR; Wide CPR rules not applied,0,0,0,0
2026-09-23,2026-09-23,CM,NSE,STK,761197,INE0V0W01025,GKSL,EQ,,,,,GUJARAT KIDNEY N SUP SP L,176.03,180.45,175.0,177.71,177.8,175.17,,177.71,,,561223,100190449.31,8120,F1,1,,,,,,Cash Only,Unclassified,False,177.72,177.725,177.715,177.725,177.715,0.009999999999990905,0.005627145349159251,Narrow,Bearish,Below CPR,False,True,0.016666666666666666,60,40173112.504999995,Inside,True,Risk On,True,7.435714285714288,149.77020000000002,141.30470000000003,0.0013448607108537236,2.493967807386848,True,True,No setup,Neutral,0,Not applicable,No directional setup; confirmation score not applicable.,Narrow CPR,Not applicable,Not applicable,Narrow CPR; Wide CPR rules not applied,0,0,0,0
2026-09-23,2026-09-23,CM,NSE,STK,2181,INE323A01026,BOSCHLTD,EQ,,,,,BOSCH LIMITED,48290.0,48330.0,47585.0,47955.0,47955.0,48290.0,,47955.0,,,11137,533367565.0,5774,F1,1,,,,,,F&O + Cash,Automobile and Auto Components,True,47956.666666666664,47957.5,47955.83333333333,47957.5,47955.83333333333,1.6666666666715173,0.003475480485187191,Narrow,Bearish,Below CPR,False,True,0.03333333333333333,60,1361953942.5,Inside,True,Risk On,True,1039.642857142857,45530.2,42034.2,0.0016031146227001884,0.39161938473554514,True,True,No setup,Neutral,0,Not applicable,No directional setup; confirmation score not applicable.,Narrow CPR,Not applicable,Not applicable,Narrow CPR; Wide CPR rules not applied,0,0,0,0
2026-09-23,2026-09-23,CM,NSE,STK,2048,INE09VQ01012,INDIGOPNTS,EQ,,,,,INDIGO PAINTS LIMITED,1142.0,1148.0,1132.1,1140.0,1142.0,1142.0,,1140.02,,,33681,38373948.9,5012,F1,1,,,,,,Cash Only,Unclassified,False,1140.0333333333333,1140.05,1140.0166666666667,1140.05,1140.0166666666667,0.03333333333330302,0.0029239766081844754,Narrow,Bearish,Below CPR,False,True,0.016666666666666666,60,65678739.650000006,Higher,True,Risk On,True,37.20714285714286,1117.94,1056.0034999999998,0.0008958853266773703,0.5842674372939188,True,True,No setup,Neutral,0,Not applicable,No directional setup; confirmation score not applicable.,Narrow CPR,Not applicable,Not applicable,Narrow CPR; Wide CPR rules not applied,0,0,0,0
