TradDt,BizDt,Sgmt,Src,FinInstrmTp,FinInstrmId,ISIN,SYMBOL,SERIES,XpryDt,FininstrmActlXpryDt,StrkPric,OptnTp,NAME,OPEN,HIGH,LOW,CLOSE,LAST,PREVCLOSE,UndrlygPric,SttlmPric,OpnIntrst,ChngInOpnIntrst,VOLUME,VALUE,TtlNbOfTxsExctd,SsnId,NewBrdLotQty,Rmks,Rsvd1,Rsvd2,Rsvd3,Rsvd4,Segment,Industry,Nifty500,Pivot,BC,TC,CPR_Top,CPR_Bottom,CPR_Width,CPR_Width_Pct,CPR_Class,Bias,Price_Position,Bullish_CPR,Bearish_CPR,Width_Rank_Pct,History_Days,Value_60d,Overlay,History_OK,Regime,Own_Narrow,ATR14,SMA50,SMA100,Width_ATR,Value_Ratio,Above_SMA50,Above_SMA100,Setup,Signal_Direction,Signal_Score,Signal_Grade,Signal_Explanation,Strategy_Type,Strategy_Setup,Strategy_Confirmation,Strategy_Explanation,Daily_Signal,Weekly_Signal,Monthly_Signal,Confluence_Score
2026-10-05,2026-10-05,CM,NSE,STK,5265,INE03Q201024,ALIVUS,EQ,,,,,ALIVUS LIFE SCIENCES LTD,1376.0,1398.0,1349.2,1373.7,1373.8,1374.2,,1373.67,,,97234,133164870.6,18167,F1,1,,,,,,Cash Only,Unclassified,False,1373.6333333333332,1373.6,1373.6666666666665,1373.6666666666665,1373.6,0.06666666666660603,0.004853073208604938,Narrow,Bullish,Above CPR,True,False,0.03333333333333333,60,112347279.35,Higher,True,Risk Off,True,48.49285714285717,1341.144,1215.845,0.0013747729169722846,1.185296799089777,True,True,No setup,Neutral,0,Not applicable,No directional setup; confirmation score not applicable.,Narrow CPR,Not applicable,Not applicable,Narrow CPR; Wide CPR rules not applied,0,0,0,0
2026-10-05,2026-10-05,CM,NSE,STK,714,INE597J01018,SHALBY,EQ,,,,,SHALBY LIMITED,133.0,135.49,132.51,134.01,133.6,133.55,,134.0,,,36205,4853526.24,1639,F1,1,,,,,,Cash Only,Unclassified,False,134.00333333333333,134.0,134.00666666666666,134.00666666666666,134.0,0.006666666666660603,0.004974753127871505,Narrow,Bullish,Above CPR,True,False,0.03333333333333333,60,9780820.02,Higher,True,Risk Off,True,7.3507142857142895,151.5492,160.444,0.0009069413403289126,0.496228969562411,False,False,No setup,Neutral,0,Not applicable,No directional setup; confirmation score not applicable.,Narrow CPR,Not applicable,Not applicable,Narrow CPR; Wide CPR rules not applied,0,0,0,0
2026-10-05,2026-10-05,CM,NSE,STK,17818,INE214T01019,LTM,EQ,,,,,LTM LIMITED,4031.0,4073.0,3946.2,4010.0,4010.0,4007.0,,4009.93,,,216279,866370687.5,20151,F1,1,,,,,,F&O + Cash,Information Technology,True,4009.7333333333336,4009.6,4009.8666666666672,4009.8666666666672,4009.6,0.26666666666733363,0.006650041562776399,Narrow,Bullish,Above CPR,True,False,0.016666666666666666,60,1508849005.25,Inside,True,Risk Off,True,151.82857142857142,4416.52,4185.288,0.0017563668297622653,0.5741930998300601,False,False,No setup,Neutral,0,Not applicable,No directional setup; confirmation score not applicable.,Narrow CPR,Not applicable,Not applicable,Narrow CPR; Wide CPR rules not applied,0,-2,0,-2
2026-10-05,2026-10-05,CM,NSE,STK,1394,INE030A01027,HINDUNILVR,EQ,,,,,HINDUSTAN UNILEVER LTD.,1845.1,1848.4,1828.0,1838.4,1838.4,1836.0,,1838.42,,,975071,1789463547.8,58733,F1,1,,,,,,F&O + Cash,Fast Moving Consumer Goods,True,1838.2666666666667,1838.2,1838.3333333333333,1838.3333333333333,1838.2,0.13333333333321207,0.007252683492885773,Narrow,Bullish,Above CPR,True,False,0.016666666666666666,60,2394180599.5,Lower,True,Risk Off,True,32.2857142857143,2004.3740000000003,2085.771,0.004129793510320726,0.7474221235330831,False,False,No setup,Neutral,0,Not applicable,No directional setup; confirmation score not applicable.,Narrow CPR,Not applicable,Not applicable,Narrow CPR; Wide CPR rules not applied,0,0,0,0
2026-10-05,2026-10-05,CM,NSE,STK,16927,INE839G01010,JOCIL,EQ,,,,,JOCIL LIMITED,149.99,149.99,145.65,147.84,148.39,145.22,,147.84,,,2559,381609.63,65,F1,1,,,,,,Cash Only,Unclassified,False,147.82666666666668,147.82,147.83333333333337,147.83333333333337,147.82,0.01333333333337805,0.009018759018789265,Narrow,Bullish,Above CPR,True,False,0.016666666666666666,60,531827.525,Inside,True,Risk Off,True,8.620000000000001,139.4668,130.7314,0.001546790409904646,0.717543963148579,True,True,No setup,Neutral,0,Not applicable,No directional setup; confirmation score not applicable.,Narrow CPR,Not applicable,Not applicable,Narrow CPR; Wide CPR rules not applied,0,0,0,0
2026-10-05,2026-10-05,CM,NSE,STK,11045,INE170E01023,SATIA,EQ,,,,,SATIA INDUSTRIES LIMITED,68.0,69.0,68.0,68.51,68.05,68.34,,68.51,,,70953,4858026.14,890,F1,1,,,,,,Cash Only,Unclassified,False,68.50333333333333,68.5,68.50666666666666,68.50666666666666,68.5,0.006666666666660603,0.009730939522202019,Narrow,Bullish,Above CPR,True,False,0.016666666666666666,60,6063034.17,Inside,True,Risk Off,True,2.4235714285714303,63.107600000000005,60.308499999999995,0.002750761371448523,0.8012533005401155,True,True,No setup,Neutral,0,Not applicable,No directional setup; confirmation score not applicable.,Narrow CPR,Not applicable,Not applicable,Narrow CPR; Wide CPR rules not applied,0,0,0,0
2026-10-05,2026-10-05,CM,NSE,STK,763753,INE0ZK601013,CSM,EQ,,,,,CSM TECHNOLOGIES LIMITED,93.78,95.0,92.33,93.68,94.25,94.25,,93.68,,,293230,27461562.28,1753,F1,1,,,,,,Cash Only,Unclassified,False,93.67,93.66499999999999,93.67500000000001,93.67500000000001,93.66499999999999,0.010000000000019327,0.01067463706236051,Narrow,Bullish,Above CPR,True,False,0.07142857142857142,56,28313356.259999998,Lower,True,Risk Off,True,7.594285714285716,98.92560000000002,,0.001316779533486367,0.9699154712645855,False,False,No setup,Neutral,0,Not applicable,No directional setup; confirmation score not applicable.,Narrow CPR,Not applicable,Not applicable,Narrow CPR; Wide CPR rules not applied,0,0,0,0
2026-10-05,2026-10-05,CM,NSE,STK,14309,INE562A01011,INDIANB,EQ,,,,,INDIAN BANK,801.75,817.9,801.75,810.0,810.0,793.15,,809.99,,,1043196,843589079.7,41061,F1,1,,,,,,F&O + Cash,Financial Services,True,809.8833333333333,809.825,809.9416666666666,809.9416666666666,809.825,0.11666666666656056,0.01440329218105686,Narrow,Bullish,Above CPR,True,False,0.06666666666666667,60,933365937.325,Higher,True,Risk Off,True,18.06785714285713,855.959,843.8335,0.006457139092041309,0.9038138697429886,False,False,No setup,Neutral,0,Not applicable,No directional setup; confirmation score not applicable.,Narrow CPR,Not applicable,Not applicable,Narrow CPR; Wide CPR rules not applied,0,0,0,0
2026-10-05,2026-10-05,CM,NSE,STK,9116,INE760F01028,INDOAMIN,EQ,,,,,INDO AMINES LIMITED,136.55,150.0,136.55,143.31,144.0,136.52,,143.31,,,590272,85390801.0,9029,F1,1,,,,,,Cash Only,Unclassified,False,143.28666666666666,143.275,143.29833333333332,143.29833333333332,143.275,0.023333333333312112,0.01628172028003078,Narrow,Bullish,Above CPR,True,False,0.016666666666666666,60,13464010.2,Higher,True,Risk Off,True,8.286428571428573,128.4758,116.4448,0.002815849208399013,6.342152132356525,True,True,No setup,Neutral,0,Not applicable,No directional setup; confirmation score not applicable.,Narrow CPR,Not applicable,Not applicable,Narrow CPR; Wide CPR rules not applied,0,0,0,0
2026-10-05,2026-10-05,CM,NSE,STK,28906,INE040D01038,MAYURUNIQ,EQ,,,,,MAYUR UNIQUOTERS LTD,715.4,718.45,694.3,706.55,711.9,711.55,,706.56,,,98146,69255501.6,12991,F1,1,,,,,,Cash Only,Unclassified,False,706.4333333333334,706.375,706.4916666666668,706.4916666666668,706.375,0.11666666666678793,0.01651216002643662,Narrow,Bullish,Above CPR,True,False,0.05,60,64285151.849999994,Lower,True,Risk Off,True,27.982142857142872,750.5260000000001,764.07,0.004169325675392546,1.0773172281150956,False,False,No setup,Neutral,0,Not applicable,No directional setup; confirmation score not applicable.,Narrow CPR,Not applicable,Not applicable,Narrow CPR; Wide CPR rules not applied,0,0,-2,-2
2026-10-05,2026-10-05,CM,NSE,STK,759587,INE00Q601028,STUDDS,EQ,,,,,STUDDS ACCESSORIES LTD,396.8,410.85,395.15,403.1,402.05,399.85,,403.11,,,45793,18407360.95,2961,F1,1,,,,,,Cash Only,Unclassified,False,403.0333333333333,403.0,403.0666666666666,403.0666666666666,403.0,0.06666666666660603,0.016538493343241385,Narrow,Bullish,Above CPR,True,False,0.05,60,18436684.45,Higher,True,Risk Off,True,15.41428571428572,429.584,446.788,0.0043249922767955706,0.9984095025285308,False,False,No setup,Neutral,0,Not applicable,No directional setup; confirmation score not applicable.,Narrow CPR,Not applicable,Not applicable,Narrow CPR; Wide CPR rules not applied,0,0,0,0
2026-10-05,2026-10-05,CM,NSE,STK,3432,INE192A01025,TATACONSUM,EQ,,,,,TATA CONSUMER PRODUCT LTD,953.85,962.0,945.0,953.75,953.75,957.0,,953.75,,,1540341,1464765245.0,64465,F1,1,,,,,,F&O + Cash,Fast Moving Consumer Goods,True,953.5833333333334,953.5,953.6666666666667,953.6666666666667,953.5,0.16666666666674246,0.017474879860208906,Narrow,Bullish,Above CPR,True,False,0.06666666666666667,60,1322275441.95,Lower,True,Risk Off,True,19.049999999999986,1037.253,1085.2215,0.008748906386705647,1.107761059858955,False,False,No setup,Neutral,0,Not applicable,No directional setup; confirmation score not applicable.,Narrow CPR,Not applicable,Not applicable,Narrow CPR; Wide CPR rules not applied,0,0,0,0
2026-10-05,2026-10-05,CM,NSE,STK,763294,INE12F801023,KISSHT,EQ,,,,,ONEMI TECHNOLOGY SOL LTD,377.15,388.15,370.05,379.2,380.0,371.15,,379.2,,,1755374,664753168.45,39462,F1,1,,,,,,Cash Only,Unclassified,False,379.1333333333334,379.1,379.16666666666674,379.16666666666674,379.1,0.06666666666671972,0.01758087201126575,Narrow,Bullish,Above CPR,True,False,0.016666666666666666,60,509548416.57500005,Higher,True,Risk Off,True,20.825,324.314,302.1526,0.0032012805122074296,1.304592746884055,True,True,No setup,Neutral,0,Not applicable,No directional setup; confirmation score not applicable.,Narrow CPR,Not applicable,Not applicable,Narrow CPR; Wide CPR rules not applied,0,0,0,0
2026-10-05,2026-10-05,CM,NSE,STK,756802,INE0BYP01024,OSWALPUMPS,EQ,,,,,OSWAL PUMPS LIMITED,265.0,268.45,261.6,265.1,263.85,264.25,,265.1,,,278244,73692068.65,6250,F1,1,,,,,,Cash Only,Unclassified,False,265.05,265.025,265.07500000000005,265.07500000000005,265.025,0.05000000000006821,0.01886080724257571,Narrow,Bullish,Above CPR,True,False,0.06666666666666667,60,124263634.825,Higher,True,Risk Off,True,9.77857142857142,296.68000000000006,346.352,0.005113221329444526,0.5930300425686104,False,False,No setup,Neutral,0,Not applicable,No directional setup; confirmation score not applicable.,Narrow CPR,Not applicable,Not applicable,Narrow CPR; Wide CPR rules not applied,0,-2,0,-2
2026-10-05,2026-10-05,CM,NSE,STK,758986,INE199P01028,GCSL,EQ,,,,,GRETEX CORPORATE SERVICES,680.25,688.5,674.6,681.75,683.8,679.9,,681.79,,,266383,181170065.1,4863,F1,1,,,,,,Cash Only,Unclassified,False,681.6166666666667,681.55,681.6833333333334,681.6833333333334,681.55,0.13333333333343944,0.01955751130670179,Narrow,Bullish,Above CPR,True,False,0.03333333333333333,60,307914112.6,Higher,True,Risk Off,True,21.582142857142863,565.644,503.33649999999994,0.006177946935853555,0.5883785694985387,True,True,No setup,Neutral,0,Not applicable,No directional setup; confirmation score not applicable.,Narrow CPR,Not applicable,Not applicable,Narrow CPR; Wide CPR rules not applied,0,0,0,0
2026-10-05,2026-10-05,CM,NSE,STK,762802,INE200D01020,MMWL,EQ,,,,,MEDIA MATRIX WORLDWIDE L,16.33,16.33,16.32,16.33,16.33,15.56,,16.45,,,120682,1970725.06,81,F1,1,,,,,,Cash Only,Unclassified,False,16.326666666666664,16.325,16.32833333333333,16.32833333333333,16.325,0.0033333333333303017,0.020412329046725672,Narrow,Bullish,Above CPR,True,False,0.034482758620689655,58,455480.33999999997,Higher,True,Risk Off,True,0.8314285714285715,14.3072,,0.004009163802974589,4.326696208227122,True,False,No setup,Neutral,0,Not applicable,No directional setup; confirmation score not applicable.,Narrow CPR,Not applicable,Not applicable,Narrow CPR; Wide CPR rules not applied,0,0,0,0
2026-10-05,2026-10-05,CM,NSE,STK,5378,INE439A01020,ASAHIINDIA,EQ,,,,,ASAHI INDIA GLASS LIMITED,950.0,952.9,938.0,945.75,951.0,944.25,,945.63,,,45021,42569178.15,6886,F1,1,,,,,,Cash Only,Automobile and Auto Components,True,945.5500000000001,945.45,945.6500000000001,945.6500000000001,945.45,0.20000000000004547,0.021147237642087813,Narrow,Bullish,Above CPR,True,False,0.08333333333333333,60,101673978.975,Overlapping,True,Risk Off,True,26.900000000000002,937.24,906.0790000000001,0.007434944237919906,0.41868311419647575,True,True,No setup,Neutral,0,Not applicable,No directional setup; confirmation score not applicable.,Narrow CPR,Not applicable,Not applicable,Narrow CPR; Wide CPR rules not applied,0,0,0,0
2026-10-05,2026-10-05,CM,NSE,STK,13538,INE669C01036,TECHM,EQ,,,,,TECH MAHINDRA LIMITED,1543.7,1561.0,1509.7,1535.9,1535.9,1533.0,,1535.9,,,3346008,5136113074.9,102052,F1,1,,,,,,F&O + Cash,Information Technology,True,1535.5333333333335,1535.35,1535.7166666666672,1535.7166666666672,1535.35,0.3666666666672427,0.023873082014925624,Narrow,Bullish,Above CPR,True,False,0.08333333333333333,60,3213213873.55,Higher,True,Risk Off,True,40.485714285714316,1589.8959999999997,1524.9119999999998,0.009056692542945296,1.598434862110674,False,True,No setup,Neutral,0,Not applicable,No directional setup; confirmation score not applicable.,Narrow CPR,Not applicable,Not applicable,Narrow CPR; Wide CPR rules not applied,0,0,0,0
2026-10-05,2026-10-05,CM,NSE,STK,255,INE368I01016,NIRAJ,EQ,,,,,NIRAJ CEMENT STRUC LTD,28.29,28.5,27.32,27.92,27.89,27.74,,27.92,,,26158,722728.01,78,F1,1,,,,,,Cash Only,Unclassified,False,27.913333333333338,27.91,27.916666666666675,27.916666666666675,27.91,0.006666666666674814,0.02387774594081237,Narrow,Bullish,Above CPR,True,False,0.03333333333333333,60,1277409.6400000001,Higher,True,Risk Off,True,1.4914285714285715,29.0852,28.7429,0.004469987228613381,0.565776229777004,False,False,No setup,Neutral,0,Not applicable,No directional setup; confirmation score not applicable.,Narrow CPR,Not applicable,Not applicable,Narrow CPR; Wide CPR rules not applied,0,0,0,0
2026-10-05,2026-10-05,CM,NSE,STK,27297,INE834M01019,RTNINDIA,EQ,,,,,RATTANINDIA ENT LIMITED,25.55,25.8,25.1,25.46,25.65,25.32,,25.46,,,840323,21319816.61,4886,F1,1,,,,,,Cash Only,Unclassified,False,25.453333333333337,25.450000000000003,25.45666666666667,25.45666666666667,25.450000000000003,0.006666666666667709,0.026184865147948582,Narrow,Bullish,Above CPR,True,False,0.05,60,31408443.46,Inside,True,Risk Off,True,1.2628571428571431,29.2044,31.739,0.005279034690800221,0.6787925239641913,False,False,No setup,Neutral,0,Not applicable,No directional setup; confirmation score not applicable.,Narrow CPR,Not applicable,Not applicable,Narrow CPR; Wide CPR rules not applied,0,0,0,0
2026-10-05,2026-10-05,CM,NSE,STK,11618,INE386C01029,ASTRAMICRO,EQ,,,,,ASTRA MICROWAVE LTD,1634.2,1673.9,1628.1,1651.7,1647.0,1624.5,,1651.7,,,327119,541607698.6,26859,F1,1,,,,,,Cash Only,Unclassified,False,1651.2333333333333,1651.0,1651.4666666666667,1651.4666666666667,1651.0,0.466666666666697,0.028253718391154384,Narrow,Bullish,Above CPR,True,False,0.08333333333333333,60,518150094.45,Higher,True,Risk Off,True,54.08571428571429,1699.8819999999998,1615.546,0.008628279626695401,1.0452718322379146,False,True,No setup,Neutral,0,Not applicable,No directional setup; confirmation score not applicable.,Narrow CPR,Not applicable,Not applicable,Narrow CPR; Wide CPR rules not applied,0,0,-2,-2
2026-10-05,2026-10-05,CM,NSE,STK,11445,INE417C01014,PILANIINVS,EQ,,,,,PILANI INV & IND COR LTD,3975.0,4033.0,3933.0,3984.7,4000.0,3892.3,,3984.56,,,3139,12556776.7,1369,F1,1,,,,,,Cash Only,Unclassified,False,3983.566666666667,3983.0,3984.133333333334,3984.133333333334,3983.0,1.1333333333341216,0.028442124459410287,Narrow,Bullish,Above CPR,True,False,0.05,60,5611613.85,Higher,True,Risk Off,True,106.91428571428567,4250.272,4322.167,0.010600391947272653,2.2376409061004794,False,False,No setup,Neutral,0,Not applicable,No directional setup; confirmation score not applicable.,Narrow CPR,Not applicable,Not applicable,Narrow CPR; Wide CPR rules not applied,0,0,0,0
2026-10-05,2026-10-05,CM,NSE,STK,17400,INE848E01016,NHPC,EQ,,,,,NHPC LTD,71.75,72.83,71.1,72.0,72.0,71.75,,71.99,,,4447161,318708635.11,26010,F1,1,,,,,,F&O + Cash,Power,True,71.97666666666667,71.965,71.98833333333334,71.98833333333334,71.965,0.023333333333340533,0.03240740740741741,Narrow,Bullish,Above CPR,True,False,0.11666666666666667,60,674600155.1800001,Higher,True,Risk Off,True,1.3885714285714275,76.4922,77.1769,0.01680384087792015,0.4724407972081783,False,False,No setup,Neutral,0,Not applicable,No directional setup; confirmation score not applicable.,Narrow CPR,Not applicable,Not applicable,Narrow CPR; Wide CPR rules not applied,0,0,0,0
2026-10-05,2026-10-05,CM,NSE,STK,760213,INE324D01010,LGEINDIA,EQ,,,,,LG ELECTRONICS INDIA LTD,1715.0,1825.0,1715.0,1770.9,1780.0,1721.8,,1770.69,,,3145126,5656300062.0,166478,F1,1,,,,,,Cash Only,Consumer Durables,True,1770.3,1770.0,1770.6,1770.6,1770.0,0.599999999999909,0.033881077418256765,Narrow,Bullish,Above CPR,True,False,0.06666666666666667,60,641830872.0,Higher,True,Risk Off,True,48.92857142857143,1637.69,1593.361,0.012262773722625879,8.812757859986517,True,True,No setup,Neutral,0,Not applicable,No directional setup; confirmation score not applicable.,Narrow CPR,Not applicable,Not applicable,Narrow CPR; Wide CPR rules not applied,0,0,0,0
2026-10-05,2026-10-05,CM,NSE,STK,2963,INE114A01011,SAIL,EQ,,,,,STEEL AUTHORITY OF INDIA,174.21,180.44,173.28,176.95,176.95,174.5,,176.93,,,11407529,2006130026.89,67552,F1,1,,,,,,F&O + Cash,Metals & Mining,True,176.89000000000001,176.86,176.92000000000002,176.92000000000002,176.86,0.060000000000002274,0.03390788358293432,Narrow,Bullish,Above CPR,True,False,0.06666666666666667,60,2402880363.3149996,Higher,True,Risk Off,True,6.26428571428572,178.9214,180.0988,0.009578107183580743,0.8348855221915231,False,False,No setup,Neutral,0,Not applicable,No directional setup; confirmation score not applicable.,Narrow CPR,Not applicable,Not applicable,Narrow CPR; Wide CPR rules not applied,0,0,0,0
2026-10-05,2026-10-05,CM,NSE,STK,6656,INE417T01026,POLICYBZR,EQ,,,,,PB FINTECH LIMITED,984.9,1006.3,945.1,976.2,976.2,980.0,,976.24,,,13249741,12962486449.9,364271,F1,1,,,,,,F&O + Cash,Financial Services,True,975.8666666666668,975.7,976.0333333333335,976.0333333333335,975.7,0.3333333333334849,0.03414600833164156,Narrow,Bullish,Above CPR,True,False,0.06666666666666667,60,1966245400.3000002,Lower,True,Risk Off,True,129.24285714285716,1650.01,1639.467,0.0025791238347898687,6.592506941362582,False,False,No setup,Neutral,0,Not applicable,No directional setup; confirmation score not applicable.,Narrow CPR,Not applicable,Not applicable,Narrow CPR; Wide CPR rules not applied,0,0,0,0
2026-10-05,2026-10-05,CM,NSE,STK,14101,INE034D01049,PTL,EQ,,,,,PTL ENTERPRISES LTD,37.88,38.5,37.88,38.21,38.22,37.87,,38.21,,,20109,769203.89,751,F1,1,,,,,,Cash Only,Unclassified,False,38.196666666666665,38.19,38.20333333333333,38.20333333333333,38.19,0.013333333333335418,0.03489487917648631,Narrow,Bullish,Above CPR,True,False,0.1,60,1135619.595,Higher,True,Risk Off,True,0.7614285714285732,38.6752,39.5859,0.01751094434021533,0.6773429178104311,False,False,No setup,Neutral,0,Not applicable,No directional setup; confirmation score not applicable.,Narrow CPR,Not applicable,Not applicable,Narrow CPR; Wide CPR rules not applied,0,0,0,0
2026-10-05,2026-10-05,CM,NSE,STK,8696,INE366I01010,VRLLOG,EQ,,,,,VRL LOGISTICS LIMITED,285.6,286.6,283.1,285.0,285.0,285.05,,285.0,,,97202,27690669.3,2717,F1,1,,,,,,Cash Only,Unclassified,False,284.90000000000003,284.85,284.95000000000005,284.95000000000005,284.85,0.10000000000002274,0.03508771929825359,Narrow,Bullish,Above CPR,True,False,0.06666666666666667,60,40791869.025,Lower,True,Risk Off,True,5.710714285714281,287.0464,262.262,0.01751094434021663,0.6788281577151882,False,True,No setup,Neutral,0,Not applicable,No directional setup; confirmation score not applicable.,Narrow CPR,Not applicable,Not applicable,Narrow CPR; Wide CPR rules not applied,0,0,0,0
2026-10-05,2026-10-05,CM,NSE,STK,18154,INE982F01036,HATHWAY,EQ,,,,,HATHWAY CABLE & DATACOM,9.36,9.47,9.32,9.4,9.4,9.32,,9.4,,,1463537,13746528.04,2243,F1,1,,,,,,Cash Only,Unclassified,False,9.396666666666667,9.395,9.398333333333333,9.398333333333333,9.395,0.0033333333333338544,0.03546099290780696,Narrow,Bullish,Above CPR,True,False,0.03333333333333333,60,13202199.379999999,Higher,True,Risk Off,True,0.3557142857142856,10.3802,10.661499999999998,0.00937081659973373,1.0412301499418803,False,False,No setup,Neutral,0,Not applicable,No directional setup; confirmation score not applicable.,Narrow CPR,Not applicable,Not applicable,Narrow CPR; Wide CPR rules not applied,0,0,0,0
2026-10-05,2026-10-05,CM,NSE,STK,19279,INE121N01019,THEJO,EQ,,,,,THEJO ENGINEERING LIMITED,2071.4,2122.0,2065.9,2095.2,2100.0,2071.4,,2095.2,,,2088,4376847.2,484,F1,1,,,,,,Cash Only,Unclassified,False,2094.3666666666663,2093.95,2094.783333333333,2094.783333333333,2093.95,0.8333333333330302,0.039773450426356924,Narrow,Bullish,Above CPR,True,False,0.06666666666666667,60,12536596.3,Inside,True,Risk Off,True,78.82857142857152,2104.522,1923.079,0.010571463090487865,0.3491256394688246,False,True,No setup,Neutral,0,Not applicable,No directional setup; confirmation score not applicable.,Narrow CPR,Not applicable,Not applicable,Narrow CPR; Wide CPR rules not applied,0,0,0,0
2026-10-05,2026-10-05,CM,NSE,STK,14838,INE583C01021,DECCANCE,EQ,,,,,DECCAN CEMENTS LIMITED,552.0,560.0,543.4,552.05,551.2,548.95,,552.05,,,5252,2893297.35,453,F1,1,,,,,,Cash Only,Unclassified,False,551.8166666666667,551.7,551.9333333333334,551.9333333333334,551.7,0.2333333333333485,0.042266702895271895,Narrow,Bullish,Above CPR,True,False,0.08333333333333333,60,7585901.6,Higher,True,Risk Off,True,20.725000000000023,560.681,574.2015,0.011258544431042135,0.3814045452421898,False,False,No setup,Neutral,0,Not applicable,No directional setup; confirmation score not applicable.,Narrow CPR,Not applicable,Not applicable,Narrow CPR; Wide CPR rules not applied,0,0,0,0
2026-10-05,2026-10-05,CM,NSE,STK,14894,INE483A01010,CENTRALBK,EQ,,,,,CENTRAL BANK OF INDIA,30.2,30.56,30.02,30.31,30.36,30.0,,30.31,,,4478354,135745655.77,17901,F1,1,,,,,,Cash Only,Financial Services,True,30.296666666666667,30.29,30.303333333333335,30.303333333333335,30.29,0.013333333333335418,0.043989882327071655,Narrow,Bullish,Above CPR,True,False,0.16666666666666666,60,157580211.32999998,Higher,True,Risk Off,True,0.6599999999999999,30.9404,31.517599999999998,0.02020202020202336,0.8614384675860431,False,False,No setup,Neutral,0,Not applicable,No directional setup; confirmation score not applicable.,Narrow CPR,Not applicable,Not applicable,Narrow CPR; Wide CPR rules not applied,0,0,0,0
2026-10-05,2026-10-05,CM,NSE,STK,14523,INE725G01011,ICRA,EQ,,,,,ICRA LIMITED,4334.6,4340.0,4249.0,4297.5,4270.0,4318.3,,4297.68,,,24260,104001340.8,4343,F1,1,,,,,,Cash Only,Unclassified,False,4295.5,4294.5,4296.5,4296.5,4294.5,2.0,0.04653868528214078,Narrow,Bullish,Above CPR,True,False,0.06666666666666667,60,147425070.75,Inside,True,Risk Off,True,107.41428571428567,4813.942,5028.771,0.01861949727357362,0.7054522020638067,False,False,No setup,Neutral,0,Not applicable,No directional setup; confirmation score not applicable.,Narrow CPR,Not applicable,Not applicable,Narrow CPR; Wide CPR rules not applied,0,0,0,0
2026-10-05,2026-10-05,CM,NSE,STK,765105,INE348N01042,KDGREEN,EQ,,,,,KD GREEN INDUSTRIES LTD,49.7,49.7,46.81,48.29,48.0,46.76,,48.17,,,19026,918072.72,1253,F1,1,,,,,,Cash Only,Unclassified,False,48.26666666666667,48.255,48.27833333333334,48.27833333333334,48.255,0.023333333333340533,0.04831918271555298,Narrow,Bullish,Above CPR,True,False,0.14285714285714285,21,1693814.89,Higher,True,Risk Off,True,3.1571428571428575,,,0.007390648567121435,0.5420147888769593,False,False,No setup,Neutral,0,Not applicable,No directional setup; confirmation score not applicable.,Narrow CPR,Not applicable,Not applicable,Narrow CPR; Wide CPR rules not applied,0,0,0,0
2026-10-05,2026-10-05,CM,NSE,STK,766382,INE580P01029,ACEVECTOR,EQ,,,,,ACEVECTOR LIMITED,28.32,28.75,23.37,26.08,25.81,32.0,,26.08,,,114297844,2987565901.31,152137,F1,1,,,,,,Cash Only,Unclassified,False,26.066666666666666,26.060000000000002,26.07333333333333,26.07333333333333,26.060000000000002,0.013333333333328312,0.05112474437625887,Narrow,Bullish,Above CPR,True,False,1.0,1,2987565901.31,Unknown,False,Risk Off,False,,,,,1.0,False,False,No setup,Neutral,0,Not applicable,No directional setup; confirmation score not applicable.,Narrow CPR,Not applicable,Not applicable,Narrow CPR; Wide CPR rules not applied,0,0,0,0
2026-10-05,2026-10-05,CM,NSE,STK,14366,INE669E01016,IDEA,EQ,,,,,VODAFONE IDEA LIMITED,12.75,12.9,12.56,12.74,12.74,12.64,,12.74,,,460591162,5853041331.32,575476,F1,1,,,,,,F&O + Cash,Telecommunication,True,12.733333333333334,12.73,12.736666666666668,12.736666666666668,12.73,0.006666666666667709,0.05232862375720336,Narrow,Bullish,Above CPR,True,False,0.06666666666666667,60,4770019055.335,Inside,True,Risk Off,True,0.48857142857142855,13.8962,13.988,0.013645224171542094,1.227047788157932,False,False,No setup,Neutral,0,Not applicable,No directional setup; confirmation score not applicable.,Narrow CPR,Not applicable,Not applicable,Narrow CPR; Wide CPR rules not applied,0,0,0,0
2026-10-05,2026-10-05,CM,NSE,STK,305,INE118A01012,BAJAJHLDNG,EQ,,,,,BAJAJ HOLDINGS & INVS LTD,10580.0,10892.0,10554.0,10732.0,10732.0,10666.0,,10732.0,,,50104,537134154.0,16830,F1,1,,,,,,F&O + Cash,Financial Services,True,10726.0,10723.0,10729.0,10729.0,10723.0,6.0,0.05590756615728662,Narrow,Bullish,Above CPR,True,False,0.1,60,438485855.0,Higher,True,Risk Off,True,272.35714285714283,11183.24,10820.4,0.022029897718332025,1.224974871766388,False,False,No setup,Neutral,0,Not applicable,No directional setup; confirmation score not applicable.,Narrow CPR,Not applicable,Not applicable,Narrow CPR; Wide CPR rules not applied,0,0,0,0
2026-10-05,2026-10-05,CM,NSE,STK,11027,INE344S01016,INFOBEAN,EQ,,,,,INFOBEANS TECHNO. LTD.,144.22,151.69,144.22,148.08,148.8,143.58,,148.12,,,244306,36196923.0,3680,F1,1,,,,,,Cash Only,Unclassified,False,147.99666666666667,147.95499999999998,148.03833333333336,148.03833333333336,147.95499999999998,0.08333333333337123,0.05627588690800325,Narrow,Bullish,Above CPR,True,False,0.2,60,33005305.99,Higher,True,Risk Off,True,4.748571428571432,157.8756,159.6958,0.017549137585246635,1.096700118792021,False,False,No setup,Neutral,0,Not applicable,No directional setup; confirmation score not applicable.,Narrow CPR,Not applicable,Not applicable,Narrow CPR; Wide CPR rules not applied,0,-2,0,-2
2026-10-05,2026-10-05,CM,NSE,STK,157,INE437A01024,APOLLOHOSP,EQ,,,,,APOLLO HOSPITALS ENTER. L,7880.5,8076.0,7880.5,7985.0,7985.0,8133.5,,7985.02,,,895216,7165413309.0,87976,F1,1,,,,,,F&O + Cash,Healthcare,True,7980.5,7978.25,7982.75,7982.75,7978.25,4.5,0.056355666875391355,Narrow,Bullish,Above CPR,True,False,0.13333333333333333,60,2549159386.25,Lower,True,Risk Off,True,211.46428571428572,8785.27,8647.635,0.021280189157236954,2.8108926211714236,False,False,No setup,Neutral,0,Not applicable,No directional setup; confirmation score not applicable.,Narrow CPR,Not applicable,Not applicable,Narrow CPR; Wide CPR rules not applied,0,0,0,0
2026-10-05,2026-10-05,CM,NSE,STK,1621,INE672A01026,TATAINVEST,EQ,,,,,TATA INVESTMENT CORP LTD,618.05,628.4,614.0,621.75,622.05,615.05,,621.72,,,257410,159891635.9,17334,F1,1,,,,,,Cash Only,Financial Services,True,621.3833333333333,621.2,621.5666666666666,621.5666666666666,621.2,0.36666666666656056,0.05897332797210463,Narrow,Bullish,Above CPR,True,False,0.08333333333333333,60,143287991.45,Higher,True,Risk Off,True,32.11071428571428,657.138,663.3175,0.011418826233637746,1.1158760359607234,False,False,No setup,Neutral,0,Not applicable,No directional setup; confirmation score not applicable.,Narrow CPR,Not applicable,Not applicable,Narrow CPR; Wide CPR rules not applied,0,0,0,0
2026-10-05,2026-10-05,CM,NSE,STK,11860,INE789E01012,JKPAPER,EQ,,,,,JK PAPER LIMITED,382.6,390.55,380.05,385.65,384.75,382.6,,385.53,,,164425,63451767.8,8250,F1,1,,,,,,Cash Only,Unclassified,False,385.4166666666667,385.3,385.53333333333336,385.53333333333336,385.3,0.2333333333333485,0.060503911145688705,Narrow,Bullish,Above CPR,True,False,0.08333333333333333,60,138873589.45,Higher,True,Risk Off,True,13.749999999999996,398.13800000000003,380.944,0.016969696969698078,0.4569030587550641,False,True,No setup,Neutral,0,Not applicable,No directional setup; confirmation score not applicable.,Narrow CPR,Not applicable,Not applicable,Narrow CPR; Wide CPR rules not applied,0,0,0,0
2026-10-05,2026-10-05,CM,NSE,STK,10580,INE688A01022,TCI,EQ,,,,,TRANSPORT CORPN OF INDIA,885.0,889.9,866.0,878.75,880.4,877.1,,878.78,,,71248,62326493.25,6479,F1,1,,,,,,Cash Only,Unclassified,False,878.2166666666667,877.95,878.4833333333333,878.4833333333333,877.95,0.533333333333303,0.06069227121858355,Narrow,Bullish,Above CPR,True,False,0.13333333333333333,60,20882271.2,Higher,True,Risk Off,True,35.457142857142856,886.7490000000001,906.425,0.015041633091591948,2.9846606555899915,False,False,No setup,Neutral,0,Not applicable,No directional setup; confirmation score not applicable.,Narrow CPR,Not applicable,Not applicable,Narrow CPR; Wide CPR rules not applied,0,0,0,0
2026-10-05,2026-10-05,CM,NSE,STK,20534,INE024L01027,GRAVITA,EQ,,,,,GRAVITA INDIA LIMITED,1412.6,1440.8,1403.6,1423.5,1427.7,1412.6,,1423.5,,,275082,391627810.7,31494,F1,1,,,,,,Cash Only,Metals & Mining,True,1422.6333333333332,1422.1999999999998,1423.0666666666666,1423.0666666666666,1422.1999999999998,0.8666666666667879,0.060882800608836524,Narrow,Bullish,Above CPR,True,False,0.13333333333333333,60,353815314.29999995,Higher,True,Risk Off,True,44.75714285714287,1682.1779999999999,1688.552,0.01936376210235402,1.10687071721248,False,False,No setup,Neutral,0,Not applicable,No directional setup; confirmation score not applicable.,Narrow CPR,Not applicable,Not applicable,Narrow CPR; Wide CPR rules not applied,0,0,0,0
2026-10-05,2026-10-05,CM,NSE,STK,21174,INE736A01011,CDSL,EQ,,,,,CENTRAL DEPO SER (I) LTD,1248.0,1260.3,1237.4,1250.0,1250.0,1242.5,,1250.0,,,915900,1144177941.7,39847,F1,1,,,,,,F&O + Cash,Financial Services,True,1249.2333333333333,1248.85,1249.6166666666668,1249.6166666666668,1248.85,0.7666666666668789,0.061333333333350316,Narrow,Bullish,Above CPR,True,False,0.05,60,1430332246.1,Overlapping,True,Risk Off,True,35.73571428571428,1347.77,1319.471,0.02145379439003859,0.7999385770821853,False,False,No setup,Neutral,0,Not applicable,No directional setup; confirmation score not applicable.,Narrow CPR,Not applicable,Not applicable,Narrow CPR; Wide CPR rules not applied,0,0,0,0
2026-10-05,2026-10-05,CM,NSE,STK,760351,INE119201023,PARKHOSPS,EQ,,,,,PARK MEDI WORLD LIMITED,270.35,274.0,261.0,267.75,270.0,270.8,,267.68,,,1099956,294346360.9,14773,F1,1,,,,,,Cash Only,Unclassified,False,267.5833333333333,267.5,267.66666666666663,267.66666666666663,267.5,0.16666666666662877,0.062247121070636326,Narrow,Bullish,Above CPR,True,False,0.08333333333333333,60,146867989.97500002,Lower,True,Risk Off,True,8.203571428571435,281.795,279.6284,0.020316354665501097,2.004155983547564,False,False,No setup,Neutral,0,Not applicable,No directional setup; confirmation score not applicable.,Narrow CPR,Not applicable,Not applicable,Narrow CPR; Wide CPR rules not applied,0,0,0,0
2026-10-05,2026-10-05,CM,NSE,STK,764618,INE664D01019,BENARAS,EQ,,,,,BENARES HOTELS LTD.,10201.0,10250.0,10063.0,10166.0,10200.0,10249.0,,10183.0,,,109,1107961.0,39,F1,1,,,,,,Cash Only,Unclassified,False,10159.666666666666,10156.5,10162.833333333332,10162.833333333332,10156.5,6.333333333332121,0.062299167158490265,Narrow,Bullish,Above CPR,True,False,0.17647058823529413,34,846996.0,Lower,True,Risk Off,True,355.07142857142856,,,0.01783678669616771,1.3081065317899967,False,False,No setup,Neutral,0,Not applicable,No directional setup; confirmation score not applicable.,Narrow CPR,Not applicable,Not applicable,Narrow CPR; Wide CPR rules not applied,0,0,0,0
2026-10-05,2026-10-05,CM,NSE,STK,18760,INE0JR601024,YATRA,EQ,,,,,YATRA ONLINE LIMITED,100.0,102.87,98.56,100.81,100.35,98.83,,100.81,,,1078497,108707014.59,11646,F1,1,,,,,,Cash Only,Unclassified,False,100.74666666666667,100.715,100.77833333333334,100.77833333333334,100.715,0.06333333333333258,0.06282445524584127,Narrow,Bullish,Above CPR,True,False,0.03333333333333333,60,96612342.015,Higher,True,Risk Off,True,4.809285714285715,109.54620000000001,107.29629999999999,0.013168968760829585,1.1251876553527933,False,False,No setup,Neutral,0,Not applicable,No directional setup; confirmation score not applicable.,Narrow CPR,Not applicable,Not applicable,Narrow CPR; Wide CPR rules not applied,0,0,0,0
2026-10-05,2026-10-05,CM,NSE,STK,29256,INE0R4L01018,DENTA,EQ,,,,,DENTA WATER N INFRA SOL L,263.0,264.9,255.3,260.35,261.9,260.65,,260.29,,,50083,13005039.7,2356,F1,1,,,,,,Cash Only,Unclassified,False,260.18333333333334,260.1,260.26666666666665,260.26666666666665,260.1,0.16666666666662877,0.06401638819536346,Narrow,Bullish,Above CPR,True,False,0.1,60,42412897.225,Lower,True,Risk Off,True,11.314285714285697,296.79200000000003,295.4025,0.014730639730636404,0.30662936396465423,False,False,No setup,Neutral,0,Not applicable,No directional setup; confirmation score not applicable.,Narrow CPR,Not applicable,Not applicable,Narrow CPR; Wide CPR rules not applied,0,0,0,0
2026-10-05,2026-10-05,CM,NSE,STK,8075,INE00R701025,DALBHARAT,EQ,,,,,DALMIA BHARAT LIMITED,1682.1,1689.1,1655.0,1673.7,1677.9,1682.1,,1673.68,,,20725,34601457.2,5015,F1,1,,,,,,Cash Only,Construction Materials,True,1672.6000000000001,1672.05,1673.1500000000003,1673.1500000000003,1672.05,1.1000000000003638,0.0657226504152694,Narrow,Bullish,Above CPR,True,False,0.1,60,223976823.64999998,Inside,True,Risk Off,True,50.0357142857143,1785.7019999999998,1765.365,0.021984296930771006,0.15448677517666015,False,False,No setup,Neutral,0,Not applicable,No directional setup; confirmation score not applicable.,Narrow CPR,Not applicable,Not applicable,Narrow CPR; Wide CPR rules not applied,0,0,0,0
2026-10-05,2026-10-05,CM,NSE,STK,14937,INE536H01010,CIEINDIA,EQ,,,,,CIE AUTOMOTIVE INDIA LTD,377.0,380.85,374.4,378.0,376.55,376.35,,378.01,,,91542,34599804.7,12327,F1,1,,,,,,Cash Only,Automobile and Auto Components,True,377.75,377.625,377.875,377.875,377.625,0.25,0.06613756613756613,Narrow,Bullish,Above CPR,True,False,0.08333333333333333,60,101502859.8,Higher,True,Risk Off,True,11.703571428571431,396.333,427.556,0.021361000915471464,0.34087517108557375,False,False,No setup,Neutral,0,Not applicable,No directional setup; confirmation score not applicable.,Narrow CPR,Not applicable,Not applicable,Narrow CPR; Wide CPR rules not applied,0,0,0,0
2026-10-05,2026-10-05,CM,NSE,STK,27171,INE704B01017,RACLGEAR,EQ,,,,,RACL GEARTECH LIMITED,1539.8,1575.0,1522.6,1550.4,1575.0,1538.2,,1550.44,,,17316,26683126.1,3438,F1,1,,,,,,Cash Only,Unclassified,False,1549.3333333333333,1548.8,1549.8666666666666,1549.8666666666666,1548.8,1.066666666666606,0.06879944960439925,Narrow,Bullish,Above CPR,True,False,0.05,60,48951082.2,Inside,True,Risk Off,True,97.60714285714286,1518.088,1414.9560000000001,0.010928161970971448,0.5450977772254441,True,True,No setup,Neutral,0,Not applicable,No directional setup; confirmation score not applicable.,Narrow CPR,Not applicable,Not applicable,Narrow CPR; Wide CPR rules not applied,0,0,0,0
2026-10-05,2026-10-05,CM,NSE,STK,212,INE208A01029,ASHOKLEY,EQ,,,,,ASHOK LEYLAND LTD,151.4,153.65,151.23,152.6,152.6,150.48,,152.61,,,9914723,1511123220.23,75424,F1,1,,,,,,F&O + Cash,Capital Goods,True,152.49333333333334,152.44,152.54666666666668,152.54666666666668,152.44,0.10666666666668334,0.06989951944081478,Narrow,Bullish,Above CPR,True,False,0.11666666666666667,60,2205283156.95,Higher,True,Risk Off,True,4.180000000000002,166.84399999999997,160.80839999999998,0.025518341307818968,0.6852286589446172,False,False,No setup,Neutral,0,Not applicable,No directional setup; confirmation score not applicable.,Narrow CPR,Not applicable,Not applicable,Narrow CPR; Wide CPR rules not applied,0,0,0,0
2026-10-05,2026-10-05,CM,NSE,STK,765936,INE1FCO01014,MOMSBELIEF,EQ,,,,,RAYS OF BELIEF LIMITED,227.0,237.0,220.0,228.74,227.0,226.92,,228.73,,,244611,55659348.45,3694,F1,1,,,,,,Cash Only,Unclassified,False,228.58,228.5,228.66000000000003,228.66000000000003,228.5,0.160000000000025,0.06994841304538996,Narrow,Bullish,Above CPR,True,False,0.125,8,52173720.245000005,Inside,False,Risk Off,False,,,,,1.0668081208054938,False,False,No setup,Neutral,0,Not applicable,No directional setup; confirmation score not applicable.,Narrow CPR,Not applicable,Not applicable,Narrow CPR; Wide CPR rules not applied,0,0,0,0
2026-10-05,2026-10-05,CM,NSE,STK,16713,INE686F01025,UBL,EQ,,,,,UNITED BREWERIES LTD,1180.2,1192.6,1171.5,1183.3,1186.0,1188.8,,1183.28,,,56186,66347073.0,9867,F1,1,,,,,,Cash Only,Fast Moving Consumer Goods,True,1182.4666666666665,1182.05,1182.883333333333,1182.883333333333,1182.05,0.8333333333330302,0.07042451900050961,Narrow,Bullish,Above CPR,True,False,0.11666666666666667,60,137416374.65,Higher,True,Risk Off,True,38.97857142857141,1319.582,1332.0330000000001,0.021379268218182933,0.4828178095149594,False,False,No setup,Neutral,0,Not applicable,No directional setup; confirmation score not applicable.,Narrow CPR,Not applicable,Not applicable,Narrow CPR; Wide CPR rules not applied,0,0,0,0
2026-10-05,2026-10-05,CM,NSE,STK,764523,INE00GO01025,LEAPIND,EQ,,,,,LEAP INDIA LIMITED,137.5,144.9,137.5,141.35,142.3,137.03,,141.35,,,2945969,419733054.69,38975,F1,1,,,,,,Cash Only,Unclassified,False,141.25,141.2,141.3,141.3,141.2,0.10000000000002274,0.07074637424833587,Narrow,Bullish,Above CPR,True,False,0.08571428571428572,35,570151752.84,Higher,True,Risk Off,True,6.322857142857144,,,0.015815634884775397,0.736177785298835,False,False,No setup,Neutral,0,Not applicable,No directional setup; confirmation score not applicable.,Narrow CPR,Not applicable,Not applicable,Narrow CPR; Wide CPR rules not applied,0,0,0,0
2026-10-05,2026-10-05,CM,NSE,STK,10871,INE192H01020,GRMOVER,EQ,,,,,GRM OVERSEAS LIMITED,77.99,79.45,77.38,78.5,78.06,77.87,,78.53,,,1011559,79547269.94,4640,F1,1,,,,,,Cash Only,Unclassified,False,78.44333333333333,78.41499999999999,78.47166666666666,78.47166666666666,78.41499999999999,0.05666666666667197,0.07218683651805347,Narrow,Bullish,Above CPR,True,False,0.08333333333333333,60,89671265.035,Higher,True,Risk Off,True,2.87357142857143,86.42720000000001,101.5632,0.019719943657305672,0.8870987814095357,False,False,No setup,Neutral,0,Not applicable,No directional setup; confirmation score not applicable.,Narrow CPR,Not applicable,Not applicable,Narrow CPR; Wide CPR rules not applied,0,0,0,0
2026-10-05,2026-10-05,CM,NSE,STK,8024,INE039B01026,CINEVISTA,EQ,,,,,CINEVISTA LIMITED,14.09,14.09,13.46,13.79,13.95,13.63,,13.79,,,18109,249693.72,97,F1,1,,,,,,Cash Only,Unclassified,False,13.780000000000001,13.775,13.785000000000002,13.785000000000002,13.775,0.010000000000001563,0.07251631617114986,Narrow,Bullish,Above CPR,True,False,0.06666666666666667,60,140883.09,Inside,True,Risk Off,True,0.865,14.431000000000001,15.0715,0.011560693641620304,1.772346986426831,False,False,No setup,Neutral,0,Not applicable,No directional setup; confirmation score not applicable.,Narrow CPR,Not applicable,Not applicable,Narrow CPR; Wide CPR rules not applied,0,-2,0,-2
2026-10-05,2026-10-05,CM,NSE,STK,757049,INE535F01024,RAJOOENG,EQ,,,,,RAJOO ENGINEERS LIMITED,54.95,56.25,53.57,54.97,55.0,53.21,,54.95,,,581746,31908293.62,2575,F1,1,,,,,,Cash Only,Unclassified,False,54.93,54.91,54.95,54.95,54.91,0.04000000000000625,0.07276696379844688,Narrow,Bullish,Above CPR,True,False,0.1,60,22938644.02,Higher,True,Risk Off,True,2.143571428571428,57.5674,59.067299999999996,0.018660446517830314,1.3910278912816052,False,False,No setup,Neutral,0,Not applicable,No directional setup; confirmation score not applicable.,Narrow CPR,Not applicable,Not applicable,Narrow CPR; Wide CPR rules not applied,0,0,0,0
2026-10-05,2026-10-05,CM,NSE,STK,3021,INE035D01020,SOTL,EQ,,,,,SAVITA OIL TECHNOLO. LTD,735.0,736.0,716.8,727.2,723.2,729.5,,727.21,,,200693,145848602.95,14968,F1,1,,,,,,Cash Only,Unclassified,False,726.6666666666666,726.4,726.9333333333333,726.9333333333333,726.4,0.533333333333303,0.07334066740006917,Narrow,Bullish,Above CPR,True,False,0.1,60,168683411.0,Higher,True,Risk Off,True,37.217857142857156,694.614,611.1505000000001,0.014330038703898358,0.8646292014453039,True,True,No setup,Neutral,0,Not applicable,No directional setup; confirmation score not applicable.,Narrow CPR,Not applicable,Not applicable,Narrow CPR; Wide CPR rules not applied,0,0,0,0
2026-10-05,2026-10-05,CM,NSE,STK,21119,INE029L01018,KICL,EQ,,,,,KALYANI INVEST CO LTD,4635.0,4774.0,4635.0,4709.8,4700.5,4693.2,,4709.8,,,1022,4807097.1,214,F1,1,,,,,,Cash Only,Unclassified,False,4706.266666666666,4704.5,4708.033333333333,4708.033333333333,4704.5,3.5333333333328483,0.07502087845201172,Narrow,Bullish,Above CPR,True,False,0.1,60,5390163.5,Higher,True,Risk Off,True,171.45000000000002,5186.55,5198.727,0.02060853504422775,0.8918276968778405,False,False,No setup,Neutral,0,Not applicable,No directional setup; confirmation score not applicable.,Narrow CPR,Not applicable,Not applicable,Narrow CPR; Wide CPR rules not applied,0,0,0,0
2026-10-05,2026-10-05,CM,NSE,STK,3405,INE092A01019,TATACHEM,EQ,,,,,TATA CHEMICALS LTD,607.8,629.9,603.5,617.4,618.0,607.8,,617.38,,,953155,587719180.3,31971,F1,1,,,,,,Cash Only,Chemicals,True,616.9333333333334,616.7,617.1666666666667,617.1666666666667,616.7,0.466666666666697,0.07558578987150907,Narrow,Bullish,Above CPR,True,False,0.11666666666666667,60,308038089.29999995,Higher,True,Risk Off,True,47.14999999999998,655.5009999999999,690.485,0.009897490279251266,1.9079432080479408,False,False,No setup,Neutral,0,Not applicable,No directional setup; confirmation score not applicable.,Narrow CPR,Not applicable,Not applicable,Narrow CPR; Wide CPR rules not applied,0,0,0,0
2026-10-05,2026-10-05,CM,NSE,STK,1204,INE546Y01022,PRAXIS,EQ,,,,,PRAXIS HOME RETAIL LTD,4.39,4.59,4.22,4.41,4.48,4.39,,4.43,,,29052,129983.95,111,F1,1,,,,,,Cash Only,Unclassified,False,4.406666666666666,4.404999999999999,4.408333333333333,4.408333333333333,4.404999999999999,0.0033333333333338544,0.07558578987151597,Narrow,Bullish,Above CPR,True,False,0.03333333333333333,60,652669.055,Lower,True,Risk Off,True,0.2799999999999999,5.470600000000001,6.335500000000001,0.011904761904763769,0.1991575194261355,False,False,No setup,Neutral,0,Not applicable,No directional setup; confirmation score not applicable.,Narrow CPR,Not applicable,Not applicable,Narrow CPR; Wide CPR rules not applied,0,0,0,0
2026-10-05,2026-10-05,CM,NSE,STK,5426,INE118D01016,NUVOCO,EQ,,,,,NUVOCO VISTAS CORP LTD,324.0,329.45,322.0,326.1,326.65,322.1,,326.1,,,179658,58583701.85,14615,F1,1,,,,,,Cash Only,Construction Materials,True,325.85,325.725,325.975,325.975,325.725,0.25,0.07666360012266175,Narrow,Bullish,Above CPR,True,False,0.1,60,101902653.975,Inside,True,Risk Off,True,12.27857142857143,333.994,329.1035,0.020360674810936587,0.5748986858023587,False,False,No setup,Neutral,0,Not applicable,No directional setup; confirmation score not applicable.,Narrow CPR,Not applicable,Not applicable,Narrow CPR; Wide CPR rules not applied,0,0,0,0
2026-10-05,2026-10-05,CM,NSE,STK,28764,INE037Z01029,CEWATER,EQ,,,,,CONCORD ENVIRO SYSTEMS L,253.45,267.0,250.6,259.1,256.55,253.45,,259.04,,,98075,25197116.75,3725,F1,1,,,,,,Cash Only,Unclassified,False,258.90000000000003,258.8,259.00000000000006,259.00000000000006,258.8,0.20000000000004547,0.07719027402549034,Narrow,Bullish,Above CPR,True,False,0.06666666666666667,60,24284477.875,Higher,True,Risk Off,True,13.28928571428571,271.695,287.134,0.015049717817794343,1.0375811610897152,False,False,No setup,Neutral,0,Not applicable,No directional setup; confirmation score not applicable.,Narrow CPR,Not applicable,Not applicable,Narrow CPR; Wide CPR rules not applied,0,0,0,0
2026-10-05,2026-10-05,CM,NSE,STK,17547,INE098F01031,AMRUTANJAN,EQ,,,,,AMRUTAJAN HEALTH LTD,513.2,524.0,511.0,518.1,519.0,513.2,,517.98,,,36616,18975021.9,1653,F1,1,,,,,,Cash Only,Unclassified,False,517.6999999999999,517.5,517.8999999999999,517.8999999999999,517.5,0.3999999999998636,0.07720517274654769,Narrow,Bullish,Above CPR,True,False,0.11666666666666667,60,24435620.35,Higher,True,Risk Off,True,13.157142857142857,508.37800000000004,528.23,0.030401737242117755,0.7765312125583093,True,False,No setup,Neutral,0,Not applicable,No directional setup; confirmation score not applicable.,Narrow CPR,Not applicable,Not applicable,Narrow CPR; Wide CPR rules not applied,0,0,0,0
2026-10-05,2026-10-05,CM,NSE,STK,2610,INE844A01013,PEARLPOLY,EQ,,,,,PEARL POLYMERS LTD,17.78,17.78,16.62,17.22,17.25,17.09,,17.22,,,4266,73079.96,40,F1,1,,,,,,Cash Only,Unclassified,False,17.206666666666667,17.200000000000003,17.21333333333333,17.21333333333333,17.200000000000003,0.013333333333328312,0.0774293457219995,Narrow,Bullish,Above CPR,True,False,0.03333333333333333,60,182587.285,Lower,True,Risk Off,True,0.969285714285714,16.8816,17.4872,0.013755833947427886,0.40024670940257423,True,False,No setup,Neutral,0,Not applicable,No directional setup; confirmation score not applicable.,Narrow CPR,Not applicable,Not applicable,Narrow CPR; Wide CPR rules not applied,0,0,0,0
2026-10-05,2026-10-05,CM,NSE,STK,559,INE594B01012,BSL,EQ,,,,,BSL LTD,121.49,121.49,118.53,120.15,120.19,118.2,,120.16,,,2251,271055.97,57,F1,1,,,,,,Cash Only,Unclassified,False,120.05666666666666,120.00999999999999,120.10333333333332,120.10333333333332,120.00999999999999,0.09333333333333371,0.07768067693161358,Narrow,Bullish,Above CPR,True,False,0.11666666666666667,60,303553.305,Higher,True,Risk Off,True,4.522857142857141,122.4718,124.63210000000001,0.02063592335228478,0.8929435638989336,False,False,No setup,Neutral,0,Not applicable,No directional setup; confirmation score not applicable.,Narrow CPR,Not applicable,Not applicable,Narrow CPR; Wide CPR rules not applied,0,0,0,0
2026-10-05,2026-10-05,CM,NSE,STK,11909,INE409B01013,SWELECTES,EQ,,,,,SWELECT ENERGY SYS LTD,587.8,611.0,587.8,600.1,601.85,592.9,,600.1,,,22535,13522735.6,1233,F1,1,,,,,,Cash Only,Unclassified,False,599.6333333333333,599.4,599.8666666666667,599.8666666666667,599.4,0.466666666666697,0.07776481697495367,Narrow,Bullish,Above CPR,True,False,0.11666666666666667,60,10700224.149999999,Higher,True,Risk Off,True,26.260714285714293,601.505,616.825,0.017770524502471796,1.2637805909888347,False,False,No setup,Neutral,0,Not applicable,No directional setup; confirmation score not applicable.,Narrow CPR,Not applicable,Not applicable,Narrow CPR; Wide CPR rules not applied,0,0,0,0
2026-10-05,2026-10-05,CM,NSE,STK,765175,INE886B01012,SUMEDHA,EQ,,,,,SUMEDHA FISCAL SERVICES L,43.0,43.75,40.15,42.0,42.0,43.42,,42.07,,,2721,115247.21,64,F1,1,,,,,,Cash Only,Unclassified,False,41.96666666666667,41.95,41.983333333333334,41.983333333333334,41.95,0.03333333333333144,0.07936507936507485,Narrow,Bullish,Above CPR,True,False,0.17647058823529413,34,71102.375,Lower,True,Risk Off,True,3.07,,,0.010857763300759427,1.6208630161791362,False,False,No setup,Neutral,0,Not applicable,No directional setup; confirmation score not applicable.,Narrow CPR,Not applicable,Not applicable,Narrow CPR; Wide CPR rules not applied,0,0,0,0
2026-10-05,2026-10-05,CM,NSE,STK,21957,INE611L01021,INDTERRAIN,EQ,,,,,IND TERRAIN FASHIONS LTD,29.22,29.5,29.15,29.36,29.2,29.22,,29.36,,,8392,245041.3,57,F1,1,,,,,,Cash Only,Unclassified,False,29.336666666666662,29.325,29.348333333333326,29.348333333333326,29.325,0.023333333333326323,0.07947320617617958,Narrow,Bullish,Above CPR,True,False,0.08333333333333333,60,468938.82,Overlapping,True,Risk Off,True,1.617142857142857,30.090799999999998,31.0055,0.014428739693753028,0.5225442841349752,False,False,No setup,Neutral,0,Not applicable,No directional setup; confirmation score not applicable.,Narrow CPR,Not applicable,Not applicable,Narrow CPR; Wide CPR rules not applied,0,0,0,0
2026-10-05,2026-10-05,CM,NSE,STK,1465,INE648Z01023,ACCURACY,EQ,,,,,ACCURACY SHIPPING LIMITED,4.19,4.23,4.06,4.15,4.15,4.13,,4.15,,,106900,447002.77,254,F1,1,,,,,,Cash Only,Unclassified,False,4.1466666666666665,4.145,4.148333333333333,4.148333333333333,4.145,0.0033333333333338544,0.0803212851405748,Narrow,Bullish,Above CPR,True,False,0.08333333333333333,60,674723.155,Lower,True,Risk Off,True,0.38,5.0864,5.0287,0.008771929824562775,0.6624980433641706,False,False,No setup,Neutral,0,Not applicable,No directional setup; confirmation score not applicable.,Narrow CPR,Not applicable,Not applicable,Narrow CPR; Wide CPR rules not applied,0,0,0,0
2026-10-05,2026-10-05,CM,NSE,STK,25907,INE377N01017,WAAREEENER,EQ,,,,,WAAREE ENERGIES LIMITED,2352.0,2363.5,2323.7,2346.5,2346.5,2340.0,,2345.31,,,341571,800474084.3,26806,F1,1,,,,,,F&O + Cash,Capital Goods,True,2344.5666666666666,2343.6,2345.5333333333333,2345.5333333333333,2343.6,1.933333333333394,0.08239221535620686,Narrow,Bullish,Above CPR,True,False,0.2,60,1357232767.65,Higher,True,Risk Off,True,61.5142857142857,2601.6279999999997,2786.1410000000005,0.03142901377922378,0.5897839363884444,False,False,No setup,Neutral,0,Not applicable,No directional setup; confirmation score not applicable.,Narrow CPR,Not applicable,Not applicable,Narrow CPR; Wide CPR rules not applied,0,0,0,0
2026-10-05,2026-10-05,CM,NSE,STK,29452,INE943P01029,AGARWALEYE,EQ,,,,,DR AGARWALS HEALTH CARE L,490.2,492.0,475.3,484.25,483.85,486.45,,484.24,,,292496,141030299.7,15583,F1,1,,,,,,Cash Only,Unclassified,False,483.84999999999997,483.65,484.04999999999995,484.04999999999995,483.65,0.39999999999997726,0.08260196179658798,Narrow,Bullish,Above CPR,True,False,0.11666666666666667,60,117533821.875,Inside,True,Risk Off,True,16.05714285714286,503.603,486.5615,0.024911032028468328,1.1999124800858518,False,False,No setup,Neutral,0,Not applicable,No directional setup; confirmation score not applicable.,Narrow CPR,Not applicable,Not applicable,Narrow CPR; Wide CPR rules not applied,0,0,0,0
2026-10-05,2026-10-05,CM,NSE,STK,395,INE258A01024,BEML,EQ,,,,,BEML LIMITED,1966.7,1993.9,1942.0,1970.4,1965.0,1962.3,,1970.13,,,144626,284526122.4,19670,F1,1,,,,,,Cash Only,Capital Goods,True,1968.7666666666667,1967.95,1969.5833333333333,1969.5833333333333,1967.95,1.633333333333212,0.08289349032344763,Narrow,Bullish,Above CPR,True,False,0.11666666666666667,60,461408819.75,Higher,True,Risk Off,True,72.44285714285715,1936.366,1863.82,0.022546506277524123,0.6166464753624814,True,True,No setup,Neutral,0,Not applicable,No directional setup; confirmation score not applicable.,Narrow CPR,Not applicable,Not applicable,Narrow CPR; Wide CPR rules not applied,0,0,0,0
2026-10-05,2026-10-05,CM,NSE,STK,28378,INE0Q9301021,IGIL,EQ,,,,,INTL GEMOLOGICAL INST LTD,317.9,320.7,311.0,316.25,315.05,311.95,,316.25,,,422079,133409149.9,10713,F1,1,,,,,,Cash Only,Services,True,315.98333333333335,315.85,316.1166666666667,316.1166666666667,315.85,0.2666666666666515,0.08432147562581867,Narrow,Bullish,Above CPR,True,False,0.11666666666666667,60,157072477.97500002,Higher,True,Risk Off,True,10.18571428571428,335.07,344.7825,0.02618045815801629,0.8493477127242729,False,False,No setup,Neutral,0,Not applicable,No directional setup; confirmation score not applicable.,Narrow CPR,Not applicable,Not applicable,Narrow CPR; Wide CPR rules not applied,0,0,0,0
2026-10-05,2026-10-05,CM,NSE,STK,15254,INE482A01020,CEATLTD,EQ,,,,,CEAT LIMITED,3286.6,3313.4,3244.1,3283.0,3289.0,3286.6,,3283.21,,,26355,86339158.8,6694,F1,1,,,,,,Cash Only,Automobile and Auto Components,True,3280.1666666666665,3278.75,3281.583333333333,3281.583333333333,3278.75,2.83333333333303,0.08630317798760373,Narrow,Bullish,Above CPR,True,False,0.21666666666666667,60,203875009.2,Higher,True,Risk Off,True,88.20714285714283,3462.4559999999997,3447.305,0.03212135935433026,0.4234906433053885,False,False,No setup,Neutral,0,Not applicable,No directional setup; confirmation score not applicable.,Narrow CPR,Not applicable,Not applicable,Narrow CPR; Wide CPR rules not applied,0,0,0,0
2026-10-05,2026-10-05,CM,NSE,STK,2606,INE970X01018,LEMONTREE,EQ,,,,,LEMON TREE HOTELS LTD,108.18,108.64,106.8,107.86,107.7,107.67,,107.86,,,3295164,354835279.03,32597,F1,1,,,,,,Cash Only,Consumer Services,True,107.76666666666667,107.72,107.81333333333333,107.81333333333333,107.72,0.09333333333333371,0.08653192409914122,Narrow,Bullish,Above CPR,True,False,0.16666666666666666,60,274147538.94,Overlapping,True,Risk Off,True,2.7057142857142886,107.81119999999999,110.6547,0.03449489616332287,1.2943223214841966,True,False,No setup,Neutral,0,Not applicable,No directional setup; confirmation score not applicable.,Narrow CPR,Not applicable,Not applicable,Narrow CPR; Wide CPR rules not applied,0,0,0,0
2026-10-05,2026-10-05,CM,NSE,STK,765210,INE574G01013,VASUPRADA,EQ,,,,,SHRI VASUPRADA PLANTATI L,96.0,96.25,96.0,96.25,96.25,95.52,,96.25,,,93,8928.75,2,F1,1,,,,,,Cash Only,Unclassified,False,96.16666666666667,96.125,96.20833333333334,96.20833333333334,96.125,0.08333333333334281,0.08658008658009643,Narrow,Bullish,Above CPR,True,False,0.6086956521739131,23,5253.0,Inside,True,Risk Off,False,3.654285714285716,,,0.022804274172533202,1.6997430039977155,False,False,No setup,Neutral,0,Not applicable,No directional setup; confirmation score not applicable.,Narrow CPR,Not applicable,Not applicable,Narrow CPR; Wide CPR rules not applied,0,0,0,0
2026-10-05,2026-10-05,CM,NSE,STK,3002,INE066O01014,WONDERLA,EQ,,,,,WONDERLA HOLIDAYS LTD.,495.1,503.0,495.1,499.7,497.0,495.1,,499.7,,,22858,11431984.65,1414,F1,1,,,,,,Cash Only,Unclassified,False,499.26666666666665,499.05,499.4833333333333,499.4833333333333,499.05,0.4333333333332803,0.08671869788538729,Narrow,Bullish,Above CPR,True,False,0.16666666666666666,60,26854536.424999997,Higher,True,Risk Off,True,11.067857142857138,502.425,491.39200000000005,0.03915241475744386,0.4257003162920919,False,True,No setup,Neutral,0,Not applicable,No directional setup; confirmation score not applicable.,Narrow CPR,Not applicable,Not applicable,Narrow CPR; Wide CPR rules not applied,0,0,0,0
2026-10-05,2026-10-05,CM,NSE,STK,11532,INE481G01011,ULTRACEMCO,EQ,,,,,ULTRATECH CEMENT LIMITED,10736.0,10940.0,10731.0,10850.0,10850.0,10710.0,,10850.05,,,314538,3420359092.0,37017,F1,1,,,,,,F&O + Cash,Construction Materials,True,10840.333333333334,10835.5,10845.166666666668,10845.166666666668,10835.5,9.66666666666788,0.08909370199693899,Narrow,Bullish,Above CPR,True,False,0.13333333333333333,60,2889111686.5,Higher,True,Risk Off,True,210.35714285714286,11435.62,11443.92,0.04595359366157905,1.1838791514991853,False,False,No setup,Neutral,0,Not applicable,No directional setup; confirmation score not applicable.,Narrow CPR,Not applicable,Not applicable,Narrow CPR; Wide CPR rules not applied,0,0,0,0
2026-10-05,2026-10-05,CM,NSE,STK,24445,INE976R01033,AGIIL,EQ,,,,,AGI INFRA LIMITED,263.8,263.8,258.0,261.25,260.55,260.0,,261.25,,,212796,55515789.95,4363,F1,1,,,,,,Cash Only,Unclassified,False,261.01666666666665,260.9,261.1333333333333,261.1333333333333,260.9,0.2333333333333485,0.08931419457735829,Narrow,Bullish,Above CPR,True,False,0.08333333333333333,60,269336200.57500005,Inside,True,Risk Off,True,11.603571428571424,286.249,324.314,0.020108751410691784,0.206120788187702,False,False,No setup,Neutral,0,Not applicable,No directional setup; confirmation score not applicable.,Narrow CPR,Not applicable,Not applicable,Narrow CPR; Wide CPR rules not applied,0,0,0,0
2026-10-05,2026-10-05,CM,NSE,STK,11703,INE540L01014,ALKEM,EQ,,,,,ALKEM LABORATORIES LTD.,5210.0,5235.0,5136.0,5192.5,5192.5,5220.0,,5192.5,,,102619,529951718.5,16919,F1,1,,,,,,F&O + Cash,Healthcare,True,5187.833333333333,5185.5,5190.166666666666,5190.166666666666,5185.5,4.66666666666606,0.08987321457228811,Narrow,Bullish,Above CPR,True,False,0.21666666666666667,60,607314525.75,Inside,True,Risk Off,True,142.0,5387.89,5427.36,0.032863849765253944,0.8726149236189251,False,False,No setup,Neutral,0,Not applicable,No directional setup; confirmation score not applicable.,Narrow CPR,Not applicable,Not applicable,Narrow CPR; Wide CPR rules not applied,0,0,0,0
2026-10-05,2026-10-05,CM,NSE,STK,15399,INE276C01014,EIHAHOTELS,EQ,,,,,EIH ASSOCIATED HOTELS LTD,296.1,300.0,288.0,294.4,294.9,296.1,,294.4,,,4180,1234905.95,420,F1,1,,,,,,Cash Only,Unclassified,False,294.1333333333333,294.0,294.26666666666665,294.26666666666665,294.0,0.2666666666666515,0.0905797101449224,Narrow,Bullish,Above CPR,True,False,0.08333333333333333,60,4514484.425,Lower,True,Risk Off,True,10.69642857142858,299.31399999999996,307.74800000000005,0.024930439621590104,0.27354307463360006,False,False,No setup,Neutral,0,Not applicable,No directional setup; confirmation score not applicable.,Narrow CPR,Not applicable,Not applicable,Narrow CPR; Wide CPR rules not applied,0,0,0,0
2026-10-05,2026-10-05,CM,NSE,STK,7835,INE02WG01024,WEL,EQ,,,,,WONDER ELECTRICALS LTD,72.88,74.39,72.01,73.3,73.65,71.7,,73.3,,,187482,13795840.58,1386,F1,1,,,,,,Cash Only,Unclassified,False,73.23333333333333,73.2,73.26666666666667,73.26666666666667,73.2,0.06666666666666288,0.0909504320145469,Narrow,Bullish,Above CPR,True,False,0.11666666666666667,60,47095958.915,Higher,True,Risk Off,True,3.355,102.742,100.4453,0.01987083954296956,0.2929304530118834,False,False,No setup,Neutral,0,Not applicable,No directional setup; confirmation score not applicable.,Narrow CPR,Not applicable,Not applicable,Narrow CPR; Wide CPR rules not applied,0,0,0,0
2026-10-05,2026-10-05,CM,NSE,STK,23607,INE011E01029,BALUFORGE,EQ,,,,,BALU FORGE INDUSTRIES LTD,494.15,512.5,491.7,502.8,503.7,488.95,,502.8,,,468122,236012201.25,15449,F1,1,,,,,,Cash Only,Unclassified,False,502.3333333333333,502.1,502.5666666666666,502.5666666666666,502.1,0.4666666666665833,0.09281357730043423,Narrow,Bullish,Above CPR,True,False,0.15,60,378386260.375,Higher,True,Risk Off,True,21.807142857142853,515.471,488.4045,0.021399716126210833,0.6237335388872205,False,True,No setup,Neutral,0,Not applicable,No directional setup; confirmation score not applicable.,Narrow CPR,Not applicable,Not applicable,Narrow CPR; Wide CPR rules not applied,0,-2,0,-2
2026-10-05,2026-10-05,CM,NSE,STK,13175,INE229H01012,NITINSPIN,EQ,,,,,NITIN SPINNERS LIMITED,597.6,612.5,595.3,604.75,605.0,594.6,,604.7,,,83708,50562277.5,5084,F1,1,,,,,,Cash Only,Unclassified,False,604.1833333333333,603.9,604.4666666666666,604.4666666666666,603.9,0.566666666666606,0.09370263194156363,Narrow,Bullish,Above CPR,True,False,0.2,60,45957672.675,Higher,True,Risk Off,True,19.857142857142858,595.7439999999999,565.447,0.028537170263785914,1.1001922977597778,True,True,No setup,Neutral,0,Not applicable,No directional setup; confirmation score not applicable.,Narrow CPR,Not applicable,Not applicable,Narrow CPR; Wide CPR rules not applied,0,0,0,0
2026-10-05,2026-10-05,CM,NSE,STK,760726,INE05XR01022,BHARATCOAL,EQ,,,,,BHARAT COKING COAL LTD,31.8,32.3,31.37,31.88,31.94,31.75,,31.88,,,5387913,171138517.08,20749,F1,1,,,,,,Cash Only,Unclassified,False,31.849999999999998,31.835,31.864999999999995,31.864999999999995,31.835,0.02999999999999403,0.09410288582181316,Narrow,Bullish,Above CPR,True,False,0.15,60,146333951.35,Inside,True,Risk Off,True,0.8799999999999996,33.513,35.907199999999996,0.03409090909090232,1.16950656700763,False,False,No setup,Neutral,0,Not applicable,No directional setup; confirmation score not applicable.,Narrow CPR,Not applicable,Not applicable,Narrow CPR; Wide CPR rules not applied,0,0,0,0
2026-10-05,2026-10-05,CM,NSE,STK,13536,INE632C01026,VIDHIING,EQ,,,,,VIDHI SPCLTY F INGRDNTS L,356.5,357.0,350.0,354.0,354.0,350.25,,354.05,,,14038,4975828.1,943,F1,1,,,,,,Cash Only,Unclassified,False,353.6666666666667,353.5,353.83333333333337,353.83333333333337,353.5,0.33333333333337123,0.09416195856874894,Narrow,Bullish,Above CPR,True,False,0.11666666666666667,60,8374851.275,Higher,True,Risk Off,True,15.532142857142848,335.801,314.375,0.021460872231166706,0.5941392792076775,True,True,No setup,Neutral,0,Not applicable,No directional setup; confirmation score not applicable.,Narrow CPR,Not applicable,Not applicable,Narrow CPR; Wide CPR rules not applied,0,0,0,0
2026-10-05,2026-10-05,CM,NSE,STK,16045,INE689W01016,PRINCEPIPE,EQ,,,,,PRINCE PIPES FITTINGS LTD,246.9,251.0,243.2,247.45,248.5,246.9,,247.44,,,125575,31044053.2,4437,F1,1,,,,,,Cash Only,Unclassified,False,247.21666666666667,247.1,247.33333333333334,247.33333333333334,247.1,0.2333333333333485,0.09429514380010041,Narrow,Bullish,Above CPR,True,False,0.1,60,33769698.25,Lower,True,Risk Off,True,8.617857142857137,273.313,272.1975,0.027075562923057447,0.919287254809865,False,False,No setup,Neutral,0,Not applicable,No directional setup; confirmation score not applicable.,Narrow CPR,Not applicable,Not applicable,Narrow CPR; Wide CPR rules not applied,0,0,0,0
2026-10-05,2026-10-05,CM,NSE,STK,757478,INE090501011,SCODATUBES,EQ,,,,,SCODA TUBES LIMITED,123.0,127.9,120.98,124.62,124.0,123.0,,124.62,,,278884,34502331.11,3286,F1,1,,,,,,Cash Only,Unclassified,False,124.5,124.44,124.56,124.56,124.44,0.12000000000000455,0.09629272989889627,Narrow,Bullish,Above CPR,True,False,0.15,60,23074878.325,Higher,True,Risk Off,True,6.892142857142858,133.9622,136.6054,0.017411130687118494,1.4952335013016802,False,False,No setup,Neutral,0,Not applicable,No directional setup; confirmation score not applicable.,Narrow CPR,Not applicable,Not applicable,Narrow CPR; Wide CPR rules not applied,0,0,0,0
2026-10-05,2026-10-05,CM,NSE,STK,12913,INE324X01026,SARVESHWAR,EQ,,,,,SARVESHWAR FOODS LIMITED,3.41,3.5,3.41,3.46,3.47,3.44,,3.46,,,1300127,4503912.97,2062,F1,1,,,,,,Cash Only,Unclassified,False,3.456666666666667,3.455,3.458333333333334,3.458333333333334,3.455,0.0033333333333338544,0.0963391136801692,Narrow,Bullish,Above CPR,True,False,0.10833333333333334,60,4742738.9350000005,Lower,True,Risk Off,True,0.16642857142857143,3.5260000000000002,3.5817,0.020028612303293548,0.9496438728183969,False,False,No setup,Neutral,0,Not applicable,No directional setup; confirmation score not applicable.,Narrow CPR,Not applicable,Not applicable,Narrow CPR; Wide CPR rules not applied,0,0,0,0
2026-10-05,2026-10-05,CM,NSE,STK,17438,INE274J01014,OIL,EQ,,,,,OIL INDIA LTD,444.0,450.65,441.05,446.5,446.5,444.0,,446.5,,,2225503,993946646.9,36031,F1,1,,,,,,F&O + Cash,Oil Gas & Consumable Fuels,True,446.06666666666666,445.85,446.2833333333333,446.2833333333333,445.85,0.4333333333332803,0.09705113848449726,Narrow,Bullish,Above CPR,True,False,0.11666666666666667,60,993135030.0,Higher,True,Risk Off,True,11.035714285714286,470.23800000000006,461.286,0.039266450916931546,1.000817227139798,False,False,No setup,Neutral,0,Not applicable,No directional setup; confirmation score not applicable.,Narrow CPR,Not applicable,Not applicable,Narrow CPR; Wide CPR rules not applied,0,0,0,0
2026-10-05,2026-10-05,CM,NSE,STK,3426,INE245A01021,TATAPOWER,EQ,,,,,TATA POWER CO LTD,350.15,353.95,348.0,351.5,351.5,350.15,,351.5,,,2763239,968363231.85,38647,F1,1,,,,,,F&O + Cash,Power,True,351.15000000000003,350.975,351.32500000000005,351.32500000000005,350.975,0.35000000000002274,0.09957325746800079,Narrow,Bullish,Above CPR,True,False,0.2,60,1239462426.3,Inside,True,Risk Off,True,7.946428571428579,369.62699999999995,382.7485,0.044044943820227535,0.7812767949253001,False,False,No setup,Neutral,0,Not applicable,No directional setup; confirmation score not applicable.,Narrow CPR,Not applicable,Not applicable,Narrow CPR; Wide CPR rules not applied,0,0,0,0
2026-10-05,2026-10-05,CM,NSE,STK,3703,INE054A01027,VIPIND,EQ,,,,,VIP INDUSTRIES LTD,282.95,288.75,279.0,284.3,283.3,280.75,,284.33,,,190807,54104102.5,7303,F1,1,,,,,,Cash Only,Unclassified,False,284.01666666666665,283.875,284.1583333333333,284.1583333333333,283.875,0.283333333333303,0.0996599835854038,Narrow,Bullish,Above CPR,True,False,0.1,60,70884454.875,Overlapping,True,Risk Off,True,10.34642857142856,302.826,305.031,0.02738465078816877,0.7632717581789825,False,False,No setup,Neutral,0,Not applicable,No directional setup; confirmation score not applicable.,Narrow CPR,Not applicable,Not applicable,Narrow CPR; Wide CPR rules not applied,0,0,0,0
2026-10-05,2026-10-05,CM,NSE,STK,17685,INE390G01014,GPTINFRA,EQ,,,,,GPT INFRAPROJECTS LTD,122.6,122.6,117.8,120.38,120.4,118.66,,120.38,,,470025,56572630.23,6772,F1,1,,,,,,Cash Only,Unclassified,False,120.25999999999999,120.19999999999999,120.32,120.32,120.19999999999999,0.12000000000000455,0.09968433294567582,Narrow,Bullish,Above CPR,True,False,0.2,60,12300484.280000001,Higher,True,Risk Off,True,4.458571428571427,115.0822,117.79029999999999,0.02691445049663672,4.599219749582087,True,True,No setup,Neutral,0,Not applicable,No directional setup; confirmation score not applicable.,Narrow CPR,Not applicable,Not applicable,Narrow CPR; Wide CPR rules not applied,0,0,0,0
2026-10-05,2026-10-05,CM,NSE,STK,14552,INE211B01039,PHOENIXLTD,EQ,,,,,THE PHOENIX MILLS LTD,1911.1,1954.9,1909.2,1935.0,1935.0,1930.0,,1935.0,,,430722,832611629.7,34854,F1,1,,,,,,F&O + Cash,Realty,True,1933.0333333333335,1932.0500000000002,1934.0166666666669,1934.0166666666669,1932.0500000000002,1.966666666666697,0.10163652024117298,Narrow,Bullish,Above CPR,True,False,0.1,60,819121174.65,Overlapping,True,Risk Off,True,53.02142857142855,1923.464,1907.885,0.03709192150523207,1.0164694253640365,True,True,No setup,Neutral,0,Not applicable,No directional setup; confirmation score not applicable.,Narrow CPR,Not applicable,Not applicable,Narrow CPR; Wide CPR rules not applied,0,0,0,0
2026-10-05,2026-10-05,CM,NSE,STK,2475,INE213A01029,ONGC,EQ,,,,,OIL AND NATURAL GAS CORP.,222.5,226.69,222.42,224.9,224.9,222.37,,224.9,,,19420879,4357223521.01,106287,F1,1,,,,,,F&O + Cash,Oil Gas & Consumable Fuels,True,224.67,224.555,224.78499999999997,224.78499999999997,224.555,0.22999999999996135,0.10226767452199259,Narrow,Bullish,Above CPR,True,False,0.23333333333333334,60,2603731091.17,Higher,True,Risk Off,True,4.276428571428576,236.1302,247.3245,0.05378319692666537,1.6734537355975803,False,False,No setup,Neutral,0,Not applicable,No directional setup; confirmation score not applicable.,Narrow CPR,Not applicable,Not applicable,Narrow CPR; Wide CPR rules not applied,0,0,0,0
2026-10-05,2026-10-05,CM,NSE,STK,25718,INE205C01021,POLYMED,EQ,,,,,POLY MEDICURE LIMITED,1630.0,1639.1,1595.1,1619.6,1622.0,1638.1,,1619.49,,,126764,205113096.6,14916,F1,1,,,,,,Cash Only,Healthcare,True,1617.9333333333332,1617.1,1618.7666666666664,1618.7666666666664,1617.1,1.666666666666515,0.10290606734172111,Narrow,Bullish,Above CPR,True,False,0.15,60,177039305.5,Lower,True,Risk Off,True,47.41428571428575,1723.15,1642.3010000000002,0.035151149944759257,1.1585737755845409,False,False,No setup,Neutral,0,Not applicable,No directional setup; confirmation score not applicable.,Narrow CPR,Not applicable,Not applicable,Narrow CPR; Wide CPR rules not applied,0,0,0,0
2026-10-05,2026-10-05,CM,NSE,STK,527,INE094J01016,UTIAMC,EQ,,,,,UTI ASSET MNGMT CO LTD,883.7,898.0,879.85,890.3,897.0,883.7,,890.34,,,58676,52221022.0,8991,F1,1,,,,,,Cash Only,Financial Services,True,889.3833333333332,888.925,889.8416666666665,889.8416666666665,888.925,0.9166666666665151,0.10296154854167305,Narrow,Bullish,Above CPR,True,False,0.2833333333333333,60,99171902.35,Higher,True,Risk Off,False,21.72857142857144,898.448,922.8610000000001,0.042187157571765964,0.526570739922889,False,False,No setup,Neutral,0,Not applicable,No directional setup; confirmation score not applicable.,Narrow CPR,Not applicable,Not applicable,Narrow CPR; Wide CPR rules not applied,0,0,0,0
2026-10-05,2026-10-05,CM,NSE,STK,619,INE485A01015,CENTENKA,EQ,,,,,CENTURY ENKA LTD,538.9,551.8,538.9,546.2,545.45,537.8,,546.2,,,26663,14576193.85,3016,F1,1,,,,,,Cash Only,Unclassified,False,545.6333333333333,545.3499999999999,545.9166666666667,545.9166666666667,545.3499999999999,0.5666666666668334,0.10374710118396802,Narrow,Bullish,Above CPR,True,False,0.11666666666666667,60,28326373.825000003,Higher,True,Risk Off,True,19.539285714285736,577.749,543.548,0.02900140132822394,0.5145802967951899,False,True,No setup,Neutral,0,Not applicable,No directional setup; confirmation score not applicable.,Narrow CPR,Not applicable,Not applicable,Narrow CPR; Wide CPR rules not applied,0,0,0,0
2026-10-05,2026-10-05,CM,NSE,STK,2085,INE288A01013,MAHSCOOTER,EQ,,,,,MAHARASHTRA SCOOTERS LTD,12441.0,12622.0,12353.0,12507.0,12402.0,12380.0,,12506.92,,,5117,64033217.0,2605,F1,1,,,,,,Cash Only,Unclassified,False,12494.0,12487.5,12500.5,12500.5,12487.5,13.0,0.10394179259614615,Narrow,Bullish,Above CPR,True,False,0.13333333333333333,60,37930486.0,Higher,True,Risk Off,True,386.7142857142857,13265.66,12915.71,0.03361654968599926,1.6881728591613616,False,False,No setup,Neutral,0,Not applicable,No directional setup; confirmation score not applicable.,Narrow CPR,Not applicable,Not applicable,Narrow CPR; Wide CPR rules not applied,0,0,0,0
2026-10-05,2026-10-05,CM,NSE,STK,17875,INE484J01027,GODREJPROP,EQ,,,,,GODREJ PROPERTIES LTD,1581.0,1616.7,1578.0,1599.9,1599.9,1595.8,,1599.92,,,509332,816021165.6,38808,F1,1,,,,,,F&O + Cash,Realty,True,1598.2,1597.35,1599.0500000000002,1599.0500000000002,1597.35,1.7000000000002728,0.10625664104008206,Narrow,Bullish,Above CPR,True,False,0.11666666666666667,60,1114409812.9,Inside,True,Risk Off,True,44.75714285714285,1921.136,1887.767,0.037982764123849065,0.7322451365323939,False,False,No setup,Neutral,0,Not applicable,No directional setup; confirmation score not applicable.,Narrow CPR,Not applicable,Not applicable,Narrow CPR; Wide CPR rules not applied,0,0,0,0
2026-10-05,2026-10-05,CM,NSE,STK,1565,INE09E501017,RVHL,EQ,,,,,RAVINDER HEIGHTS LIMITED,36.81,37.99,36.81,37.46,37.58,37.23,,37.46,,,2957,110422.77,83,F1,1,,,,,,Cash Only,Unclassified,False,37.42000000000001,37.400000000000006,37.44000000000001,37.44000000000001,37.400000000000006,0.04000000000000625,0.10678056593701615,Narrow,Bullish,Above CPR,True,False,0.05,60,343011.98,Lower,True,Risk Off,True,1.667857142857142,41.2858,42.310900000000004,0.02398286937901875,0.3219210302800503,False,False,No setup,Neutral,0,Not applicable,No directional setup; confirmation score not applicable.,Narrow CPR,Not applicable,Not applicable,Narrow CPR; Wide CPR rules not applied,0,0,0,0
2026-10-05,2026-10-05,CM,NSE,STK,1814,INE220B01022,KPIL,EQ,,,,,KALPATARU PROJECT INT LTD,1357.0,1396.6,1356.4,1378.8,1375.1,1356.4,,1378.8,,,130981,180886186.1,22422,F1,1,,,,,,Cash Only,Construction,True,1377.2666666666667,1376.5,1378.0333333333333,1378.0333333333333,1376.5,1.533333333333303,0.1112078135576808,Narrow,Bullish,Above CPR,True,False,0.1,60,181199303.7,Higher,True,Risk Off,True,42.392857142857174,1370.9779999999998,1344.6500000000003,0.036169615276606955,0.9982719712846225,True,True,No setup,Neutral,0,Not applicable,No directional setup; confirmation score not applicable.,Narrow CPR,Not applicable,Not applicable,Narrow CPR; Wide CPR rules not applied,0,0,0,0
2026-10-05,2026-10-05,CM,NSE,STK,438,INE257A01026,BHEL,EQ,,,,,BHEL,424.95,433.45,423.1,429.0,429.0,421.0,,428.96,,,8225965,3528399633.0,85230,F1,1,,,,,,F&O + Cash,Capital Goods,True,428.51666666666665,428.275,428.7583333333333,428.7583333333333,428.275,0.4833333333333485,0.1126651126651162,Narrow,Bullish,Above CPR,True,False,0.13333333333333333,60,2991175043.125,Higher,True,Risk Off,True,12.953571428571413,419.79900000000004,410.98150000000004,0.03731274699016756,1.179603193437232,True,True,No setup,Neutral,0,Not applicable,No directional setup; confirmation score not applicable.,Narrow CPR,Not applicable,Not applicable,Narrow CPR; Wide CPR rules not applied,0,0,-2,-2
2026-10-05,2026-10-05,CM,NSE,STK,17271,INE602W01027,SENCO,EQ,,,,,SENCO GOLD LIMITED,317.4,319.9,312.9,316.95,317.0,317.4,,316.96,,,767941,242465549.2,23919,F1,1,,,,,,Cash Only,Unclassified,False,316.5833333333333,316.4,316.76666666666665,316.76666666666665,316.4,0.36666666666667425,0.11568596518904378,Narrow,Bullish,Above CPR,True,False,0.15,60,362307678.525,Overlapping,True,Risk Off,True,11.689285714285713,358.77600000000007,352.07449999999994,0.0313677563906718,0.6692255328043493,False,False,No setup,Neutral,0,Not applicable,No directional setup; confirmation score not applicable.,Narrow CPR,Not applicable,Not applicable,Narrow CPR; Wide CPR rules not applied,0,0,0,0
2026-10-05,2026-10-05,CM,NSE,STK,14198,INE325A01013,TIMKEN,EQ,,,,,TIMKEN INDIA LTD.,3110.0,3149.9,3103.8,3132.3,3127.3,3098.8,,3132.26,,,21117,66170219.1,5330,F1,1,,,,,,Cash Only,Capital Goods,True,3128.6666666666665,3126.8500000000004,3130.4833333333327,3130.4833333333327,3126.8500000000004,3.6333333333323026,0.11599570070977565,Narrow,Bullish,Above CPR,True,False,0.23333333333333334,60,103171632.8,Higher,True,Risk Off,True,107.50714285714291,3185.542,3326.8459999999995,0.03379620401744217,0.6413605882178111,False,False,No setup,Neutral,0,Not applicable,No directional setup; confirmation score not applicable.,Narrow CPR,Not applicable,Not applicable,Narrow CPR; Wide CPR rules not applied,0,0,0,0
2026-10-05,2026-10-05,CM,NSE,STK,764116,INE0ISX01025,KUSUMGAR,EQ,,,,,KUSUMGAR LIMITED,600.6,608.9,593.0,602.0,608.9,592.55,,602.0,,,509173,305520808.5,16192,F1,1,,,,,,Cash Only,Unclassified,False,601.3000000000001,600.95,601.6500000000001,601.6500000000001,600.95,0.7000000000000455,0.11627906976744941,Narrow,Bullish,Above CPR,True,False,0.14035087719298245,57,238149997.45,Higher,True,Risk Off,True,25.360714285714305,593.037,,0.027601746232926713,1.2828923442006108,True,False,No setup,Neutral,0,Not applicable,No directional setup; confirmation score not applicable.,Narrow CPR,Not applicable,Not applicable,Narrow CPR; Wide CPR rules not applied,0,0,0,0
2026-10-05,2026-10-05,CM,NSE,STK,13880,INE213C01025,BANCOINDIA,EQ,,,,,BANCO PRODUCTS (I) LTD,590.35,597.8,579.7,589.8,591.25,589.85,,589.84,,,79775,46909909.65,6960,F1,1,,,,,,Cash Only,Unclassified,False,589.1,588.75,589.45,589.45,588.75,0.7000000000000455,0.11868429976263913,Narrow,Bullish,Above CPR,True,False,0.2,60,58284237.95,Lower,True,Risk Off,True,16.91071428571431,621.981,636.6315,0.04139387539598996,0.8048472674592119,False,False,No setup,Neutral,0,Not applicable,No directional setup; confirmation score not applicable.,Narrow CPR,Not applicable,Not applicable,Narrow CPR; Wide CPR rules not applied,0,0,-2,-2
2026-10-05,2026-10-05,CM,NSE,STK,13821,INE803H01014,RUCHIRA,EQ,,,,,RUCHIRA PAPERS LIMITED,101.77,105.0,101.41,103.39,103.05,101.31,,103.41,,,11460,1181949.76,408,F1,1,,,,,,Cash Only,Unclassified,False,103.26666666666667,103.205,103.32833333333333,103.32833333333333,103.205,0.12333333333333485,0.11928942192991088,Narrow,Bullish,Above CPR,True,False,0.25,60,2565667.385,Higher,True,Risk Off,True,3.5328571428571434,106.24119999999999,109.12379999999999,0.03491036527833982,0.46067926299028045,False,False,No setup,Neutral,0,Not applicable,No directional setup; confirmation score not applicable.,Narrow CPR,Not applicable,Not applicable,Narrow CPR; Wide CPR rules not applied,0,0,0,0
2026-10-05,2026-10-05,CM,NSE,STK,30249,INE561M01018,ISHANCH,EQ,,,,,ISHAN DYES N CHEMICALS L,48.89,48.89,45.72,47.39,47.44,47.3,,47.39,,,4869,228212.84,159,F1,1,,,,,,Cash Only,Unclassified,False,47.333333333333336,47.305,47.36166666666667,47.36166666666667,47.305,0.05666666666667197,0.11957515650278956,Narrow,Bullish,Above CPR,True,False,0.1,60,1223913.34,Lower,True,Risk Off,True,3.808571428571427,47.996,53.3181,0.01487871967992138,0.18646160029598172,False,False,No setup,Neutral,0,Not applicable,No directional setup; confirmation score not applicable.,Narrow CPR,Not applicable,Not applicable,Narrow CPR; Wide CPR rules not applied,0,0,0,0
2026-10-05,2026-10-05,CM,NSE,STK,759448,INE1B6101010,SHREEJISPG,EQ,,,,,SHREEJI SHIPPING GLOBAL L,779.8,788.1,768.8,779.85,782.5,775.35,,779.85,,,915863,713821742.9,18583,F1,1,,,,,,Cash Only,Unclassified,False,778.9166666666666,778.45,779.3833333333332,779.3833333333332,778.45,0.9333333333331666,0.1196811352610331,Narrow,Bullish,Above CPR,True,False,0.16666666666666666,60,551544212.5,Higher,True,Risk Off,True,23.267857142857142,674.341,585.803,0.040112560757219744,1.2942239746555222,True,True,No setup,Neutral,0,Not applicable,No directional setup; confirmation score not applicable.,Narrow CPR,Not applicable,Not applicable,Narrow CPR; Wide CPR rules not applied,0,0,0,0
2026-10-05,2026-10-05,CM,NSE,STK,758002,INE06ZD01017,SHANTIGOLD,EQ,,,,,SHANTI GOLD INTERNATION L,310.0,323.5,308.5,316.6,317.7,303.55,,316.6,,,3136803,989175611.0,37467,F1,1,,,,,,Cash Only,Unclassified,False,316.2,316.0,316.4,316.4,316.0,0.39999999999997726,0.1263423878711236,Narrow,Bullish,Above CPR,True,False,0.03333333333333333,60,337703134.96000004,Higher,True,Risk Off,True,19.893571428571423,252.417,235.92899999999997,0.020106997953393713,2.9291277118797403,True,True,No setup,Neutral,0,Not applicable,No directional setup; confirmation score not applicable.,Narrow CPR,Not applicable,Not applicable,Narrow CPR; Wide CPR rules not applied,0,0,0,0
2026-10-05,2026-10-05,CM,NSE,STK,20196,INE844K01012,BEDMUTHA,EQ,,,,,BEDMUTHA INDUST LTD,108.0,108.99,105.1,107.25,107.25,110.33,,107.12,,,2006,215316.07,48,F1,1,,,,,,Cash Only,Unclassified,False,107.11333333333333,107.04499999999999,107.18166666666667,107.18166666666667,107.04499999999999,0.13666666666668448,0.12742812742814405,Narrow,Bullish,Above CPR,True,False,0.11666666666666667,60,327868.47,Lower,True,Risk Off,True,5.499999999999999,108.8724,110.34100000000001,0.02484848484848809,0.6567147795577905,False,False,No setup,Neutral,0,Not applicable,No directional setup; confirmation score not applicable.,Narrow CPR,Not applicable,Not applicable,Narrow CPR; Wide CPR rules not applied,0,0,0,0
2026-10-05,2026-10-05,CM,NSE,STK,17313,INE281B01032,LLOYDSME,EQ,,,,,LLOYDS METALS N ENERGY L,1780.1,1818.0,1780.1,1802.5,1798.0,1776.8,,1802.51,,,781537,1410243627.8,25489,F1,1,,,,,,Cash Only,Metals & Mining,True,1800.2,1799.05,1801.3500000000001,1801.3500000000001,1799.05,2.300000000000182,0.1276005547850309,Narrow,Bullish,Above CPR,True,False,0.2,60,770360988.3,Inside,True,Risk Off,True,56.464285714285715,1891.6180000000002,1836.17,0.04073371283997792,1.8306270037272603,False,False,No setup,Neutral,0,Not applicable,No directional setup; confirmation score not applicable.,Narrow CPR,Not applicable,Not applicable,Narrow CPR; Wide CPR rules not applied,0,0,0,0
2026-10-05,2026-10-05,CM,NSE,STK,1185,INE371P01015,AMBER,EQ,,,,,AMBER ENTERPRISES (I) LTD,6535.0,6652.5,6492.0,6585.0,6585.0,6500.0,,6584.79,,,114789,753827215.0,22611,F1,1,,,,,,F&O + Cash,Consumer Durables,True,6576.5,6572.25,6580.75,6580.75,6572.25,8.5,0.12908124525436598,Narrow,Bullish,Above CPR,True,False,0.2,60,1273699590.25,Inside,True,Risk Off,True,197.0,7225.48,7437.345,0.04314720812182741,0.5918406669598126,False,False,No setup,Neutral,0,Not applicable,No directional setup; confirmation score not applicable.,Narrow CPR,Not applicable,Not applicable,Narrow CPR; Wide CPR rules not applied,0,0,0,0
2026-10-05,2026-10-05,CM,NSE,STK,16669,INE917I01010,BAJAJ-AUTO,EQ,,,,,BAJAJ AUTO LIMITED,10036.0,10089.0,9920.0,10024.0,10024.0,10045.0,,10024.09,,,354238,3544202686.0,56369,F1,1,,,,,,F&O + Cash,Automobile and Auto Components,True,10011.0,10004.5,10017.5,10017.5,10004.5,13.0,0.12968874700718278,Narrow,Bullish,Above CPR,True,False,0.25,60,2969224147.25,Lower,True,Risk Off,True,248.14285714285714,11545.14,10893.185,0.05238917674150835,1.1936460537283877,False,False,No setup,Neutral,0,Not applicable,No directional setup; confirmation score not applicable.,Narrow CPR,Not applicable,Not applicable,Narrow CPR; Wide CPR rules not applied,0,0,0,0
2026-10-05,2026-10-05,CM,NSE,STK,11373,INE376G01013,BIOCON,EQ,,,,,BIOCON LIMITED.,371.35,373.05,365.1,369.8,369.8,370.7,,369.8,,,2121058,783554011.2,32679,F1,1,,,,,,F&O + Cash,Healthcare,True,369.31666666666666,369.07500000000005,369.5583333333333,369.5583333333333,369.07500000000005,0.4833333333332348,0.13070127997112893,Narrow,Bullish,Above CPR,True,False,0.26666666666666666,60,1168005811.3249998,Inside,True,Risk Off,False,9.34642857142856,405.795,414.03049999999996,0.05171315755953607,0.670847699217461,False,False,No setup,Neutral,0,Not applicable,No directional setup; confirmation score not applicable.,Narrow CPR,Not applicable,Not applicable,Narrow CPR; Wide CPR rules not applied,0,0,0,0
2026-10-05,2026-10-05,CM,NSE,STK,19731,INE517F01014,GPPL,EQ,,,,,GUJARAT PIPAVAV PORT LTD,166.7,169.0,165.54,167.6,167.5,165.88,,167.6,,,1069321,179013666.51,18832,F1,1,,,,,,Cash Only,Unclassified,False,167.38,167.26999999999998,167.49,167.49,167.26999999999998,0.22000000000002728,0.13126491646779673,Narrow,Bullish,Above CPR,True,False,0.11666666666666667,60,197244939.29000002,Higher,True,Risk Off,True,4.410000000000001,159.6198,156.6081,0.04988662131519892,0.9075703901675498,True,True,No setup,Neutral,0,Not applicable,No directional setup; confirmation score not applicable.,Narrow CPR,Not applicable,Not applicable,Narrow CPR; Wide CPR rules not applied,0,0,0,0
2026-10-05,2026-10-05,CM,NSE,STK,8054,INE614B01018,KTKBANK,EQ,,,,,KARNATAKA BANK LIMITED,325.0,329.9,322.3,326.75,326.1,321.6,,326.74,,,1078432,351500332.3,20439,F1,1,,,,,,Cash Only,Unclassified,False,326.31666666666666,326.1,326.5333333333333,326.5333333333333,326.1,0.4333333333332803,0.13261922978830307,Narrow,Bullish,Above CPR,True,False,0.2,60,717549185.35,Higher,True,Risk Off,True,11.371428571428567,317.83299999999997,292.7935,0.03810720268006235,0.4898623529598855,True,True,No setup,Neutral,0,Not applicable,No directional setup; confirmation score not applicable.,Narrow CPR,Not applicable,Not applicable,Narrow CPR; Wide CPR rules not applied,0,0,0,0
2026-10-05,2026-10-05,CM,NSE,STK,12809,INE965B01022,HYBRIDFIN,EQ,,,,,HYBRID FINANCIAL SERVICE,17.2,17.99,16.8,17.43,17.43,17.36,,17.73,,,6826,118418.53,74,F1,1,,,,,,Cash Only,Unclassified,False,17.406666666666666,17.395,17.418333333333333,17.418333333333333,17.395,0.023333333333333428,0.13386880856760427,Narrow,Bullish,Above CPR,True,False,0.1,60,157319.655,Overlapping,True,Risk Off,True,2.1407142857142856,18.7328,18.7735,0.0108997886775665,0.7527255891833732,False,False,No setup,Neutral,0,Not applicable,No directional setup; confirmation score not applicable.,Narrow CPR,Not applicable,Not applicable,Narrow CPR; Wide CPR rules not applied,0,-2,0,-2
2026-10-05,2026-10-05,CM,NSE,STK,11325,INE304A01026,MUKANDLTD,EQ,,,,,MUKAND LTD.,174.4,189.9,173.76,182.2,182.95,172.66,,182.24,,,1971183,362915198.64,25683,F1,1,,,,,,Cash Only,Unclassified,False,181.9533333333333,181.82999999999998,182.0766666666666,182.0766666666666,181.82999999999998,0.24666666666661285,0.13538236370286108,Narrow,Bullish,Above CPR,True,False,0.21666666666666667,60,12611641.274999999,Higher,True,Risk Off,True,9.387857142857142,142.9522,140.2682,0.026275076720174848,28.776206896988516,True,True,No setup,Neutral,0,Not applicable,No directional setup; confirmation score not applicable.,Narrow CPR,Not applicable,Not applicable,Narrow CPR; Wide CPR rules not applied,0,0,0,0
2026-10-05,2026-10-05,CM,NSE,STK,4749,INE111A01025,CONCOR,EQ,,,,,CONTAINER CORP OF IND LTD,445.0,446.6,434.5,441.45,441.45,442.0,,441.52,,,949906,418241129.0,20268,F1,1,,,,,,F&O + Cash,Services,True,440.84999999999997,440.55,441.1499999999999,441.1499999999999,440.55,0.599999999999909,0.13591573224598688,Narrow,Bullish,Above CPR,True,False,0.21666666666666667,60,548210992.2750001,Lower,True,Risk Off,True,13.682142857142859,500.098,488.5235,0.04385277995300823,0.7629199977628266,False,False,No setup,Neutral,0,Not applicable,No directional setup; confirmation score not applicable.,Narrow CPR,Not applicable,Not applicable,Narrow CPR; Wide CPR rules not applied,0,0,0,0
2026-10-05,2026-10-05,CM,NSE,STK,809,INE032Z01020,BSHSL,EQ,,,,,BOMBAY SUPER HYBRID SEEDS,84.78,84.8,81.0,83.07,83.0,83.95,,83.12,,,4676,387483.51,144,F1,1,,,,,,Cash Only,Unclassified,False,82.95666666666666,82.9,83.01333333333332,83.01333333333332,82.9,0.11333333333331552,0.13643112234659388,Narrow,Bullish,Above CPR,True,False,0.21666666666666667,60,915643.585,Lower,True,Risk Off,True,4.457857142857142,91.20439999999999,89.906,0.02542327618436817,0.42318159199466243,False,False,No setup,Neutral,0,Not applicable,No directional setup; confirmation score not applicable.,Narrow CPR,Not applicable,Not applicable,Narrow CPR; Wide CPR rules not applied,0,0,0,0
2026-10-05,2026-10-05,CM,NSE,STK,11491,INE372A01015,APARINDS,EQ,,,,,APAR INDUSTRIES LTD.,17844.0,18379.0,17750.0,18102.0,18150.0,17648.0,,18102.12,,,102559,1856448911.0,34835,F1,1,,,,,,Cash Only,Capital Goods,True,18077.0,18064.5,18089.5,18089.5,18064.5,25.0,0.13810628659816593,Narrow,Bullish,Above CPR,True,False,0.1,60,2151721292.0,Higher,True,Risk Off,True,888.7857142857143,16826.76,15472.99,0.028128264887888773,0.862773872202776,True,True,No setup,Neutral,0,Not applicable,No directional setup; confirmation score not applicable.,Narrow CPR,Not applicable,Not applicable,Narrow CPR; Wide CPR rules not applied,0,0,0,0
2026-10-05,2026-10-05,CM,NSE,STK,6943,INE144Z01023,TARSONS,EQ,,,,,TARSONS PRODUCTS LIMITED,329.5,343.45,327.05,335.95,335.0,329.4,,335.94,,,109967,37117119.75,5107,F1,1,,,,,,Cash Only,Unclassified,False,335.48333333333335,335.25,335.7166666666667,335.7166666666667,335.25,0.466666666666697,0.1389095599543673,Narrow,Bullish,Above CPR,True,False,0.08333333333333333,60,41428837.849999994,Higher,True,Risk Off,True,17.31785714285714,327.17199999999997,288.1757,0.02694713686670967,0.8959247151558707,True,True,No setup,Neutral,0,Not applicable,No directional setup; confirmation score not applicable.,Narrow CPR,Not applicable,Not applicable,Narrow CPR; Wide CPR rules not applied,0,0,0,0
2026-10-05,2026-10-05,CM,NSE,STK,419,INE922A01025,BEPL,EQ,,,,,BHANSALI ENG. POLYMERS LT,124.0,126.4,122.62,124.77,124.51,123.76,,124.77,,,695197,86635456.11,9176,F1,1,,,,,,Cash Only,Unclassified,False,124.59666666666668,124.51,124.68333333333335,124.68333333333335,124.51,0.17333333333334622,0.13892228366862727,Narrow,Bullish,Above CPR,True,False,0.2,60,160060573.79500002,Higher,True,Risk Off,True,4.802857142857147,124.23700000000001,112.6698,0.03608962918897747,0.5412666845800495,True,True,No setup,Neutral,0,Not applicable,No directional setup; confirmation score not applicable.,Narrow CPR,Not applicable,Not applicable,Narrow CPR; Wide CPR rules not applied,0,0,0,0
2026-10-05,2026-10-05,CM,NSE,STK,7091,INE955I01044,SEJALLTD,EQ,,,,,SEJAL GLASS LIMITED,657.2,661.5,638.1,651.2,660.0,656.5,,651.2,,,6161,4009248.2,387,F1,1,,,,,,Cash Only,Unclassified,False,650.2666666666667,649.8,650.7333333333333,650.7333333333333,649.8,0.933333333333394,0.14332514332515262,Narrow,Bullish,Above CPR,True,False,0.18333333333333332,60,5410593.300000001,Lower,True,Risk Off,True,37.96785714285715,667.7389999999999,631.759,0.02458219672028504,0.7409997347241013,False,True,No setup,Neutral,0,Not applicable,No directional setup; confirmation score not applicable.,Narrow CPR,Not applicable,Not applicable,Narrow CPR; Wide CPR rules not applied,0,-2,0,-2
2026-10-05,2026-10-05,CM,NSE,STK,13810,INE08ZM01014,GREENPANEL,EQ,,,,,GREENPANEL INDUSTRIES LTD,158.4,161.2,156.23,159.06,160.0,158.59,,159.05,,,272774,43385464.3,4376,F1,1,,,,,,Cash Only,Unclassified,False,158.82999999999998,158.71499999999997,158.945,158.945,158.71499999999997,0.2300000000000182,0.14459952219289463,Narrow,Bullish,Above CPR,True,False,0.11666666666666667,60,36846240.64,Higher,True,Risk Off,True,6.715714285714284,169.84720000000002,181.5136,0.03424803233354877,1.1774732929714697,False,False,No setup,Neutral,0,Not applicable,No directional setup; confirmation score not applicable.,Narrow CPR,Not applicable,Not applicable,Narrow CPR; Wide CPR rules not applied,0,-2,-2,-4
2026-10-05,2026-10-05,CM,NSE,STK,583,INE477A01020,CANFINHOME,EQ,,,,,CAN FIN HOMES LTD,714.35,735.1,711.15,724.7,725.7,711.0,,724.65,,,355842,259086003.35,20061,F1,1,,,,,,Cash Only,Financial Services,True,723.65,723.125,724.175,724.175,723.125,1.0499999999999545,0.14488753967158197,Narrow,Bullish,Above CPR,True,False,0.31666666666666665,60,172965410.675,Higher,True,Risk Off,False,19.667857142857144,794.0880000000001,828.153,0.053386598874157844,1.4979064446406547,False,False,No setup,Neutral,0,Not applicable,No directional setup; confirmation score not applicable.,Narrow CPR,Not applicable,Not applicable,Narrow CPR; Wide CPR rules not applied,0,0,0,0
2026-10-05,2026-10-05,CM,NSE,STK,21794,INE179G01029,DAVANGERE,EQ,,,,,DAVANGERE SUGAR COMPANY L,2.25,2.32,2.25,2.29,2.3,2.26,,2.29,,,6379071,14587857.38,2579,F1,1,,,,,,Cash Only,Unclassified,False,2.2866666666666666,2.285,2.288333333333333,2.288333333333333,2.285,0.0033333333333329662,0.14556040756912517,Narrow,Bullish,Above CPR,True,False,0.11666666666666667,60,23369634.884999998,Inside,True,Risk Off,True,0.14857142857142858,2.5902,3.1354,0.022435897435894966,0.6242227339787556,False,False,No setup,Neutral,0,Not applicable,No directional setup; confirmation score not applicable.,Narrow CPR,Not applicable,Not applicable,Narrow CPR; Wide CPR rules not applied,0,0,0,0
2026-10-05,2026-10-05,CM,NSE,STK,7200,INE217L01019,SHRIRAMPPS,EQ,,,,,SHRIRAM PROPERTIES LTD,67.45,68.34,66.4,67.52,67.8,67.36,,67.52,,,309049,20831000.7,3274,F1,1,,,,,,Cash Only,Unclassified,False,67.42,67.37,67.47,67.47,67.37,0.09999999999999432,0.1481042654028352,Narrow,Bullish,Above CPR,True,False,0.21666666666666667,60,26158225.490000002,Overlapping,True,Risk Off,True,2.3307142857142855,77.1298,82.3318,0.04290530186944286,0.7963460941937158,False,False,No setup,Neutral,0,Not applicable,No directional setup; confirmation score not applicable.,Narrow CPR,Not applicable,Not applicable,Narrow CPR; Wide CPR rules not applied,0,0,0,0
2026-10-05,2026-10-05,CM,NSE,STK,764895,INE960A01017,SHILGRAVQ,EQ,,,,,SHILP GRAVURES LTD.,137.65,148.1,137.0,142.87,139.1,139.35,,141.31,,,773,107323.37,60,F1,1,,,,,,Cash Only,Unclassified,False,142.65666666666667,142.55,142.76333333333332,142.76333333333332,142.55,0.21333333333330984,0.14931989454280803,Narrow,Bullish,Above CPR,True,False,0.11764705882352941,34,527703.515,Higher,True,Risk Off,True,10.497142857142862,,,0.020322990382868375,0.20337816017768992,False,False,No setup,Neutral,0,Not applicable,No directional setup; confirmation score not applicable.,Narrow CPR,Not applicable,Not applicable,Narrow CPR; Wide CPR rules not applied,0,0,0,0
2026-10-05,2026-10-05,CM,NSE,STK,20556,INE922K01024,INDIASHLTR,EQ,,,,,INDIA SHELTER FIN CORP L,645.0,653.6,636.7,646.6,650.0,645.6,,646.6,,,225850,146202629.6,14459,F1,1,,,,,,Cash Only,Unclassified,False,645.6333333333333,645.1500000000001,646.1166666666666,646.1166666666666,645.1500000000001,0.9666666666664696,0.14949994844826317,Narrow,Bullish,Above CPR,True,False,0.3,60,63206002.45,Higher,True,Risk Off,False,20.13214285714285,674.489,728.2455,0.048016084205536914,2.313113057824779,False,False,No setup,Neutral,0,Not applicable,No directional setup; confirmation score not applicable.,Narrow CPR,Not applicable,Not applicable,Narrow CPR; Wide CPR rules not applied,0,0,0,0
2026-10-05,2026-10-05,CM,NSE,STK,18571,INE934S01014,GNA,EQ,,,,,GNA AXLES LIMITED,588.5,591.8,575.65,585.05,585.0,580.7,,585.03,,,234451,136807786.95,9392,F1,1,,,,,,Cash Only,Unclassified,False,584.1666666666666,583.7249999999999,584.6083333333333,584.6083333333333,583.7249999999999,0.8833333333334394,0.15098424636072805,Narrow,Bullish,Above CPR,True,False,0.23333333333333334,60,180649684.55,Higher,True,Risk Off,True,30.65357142857144,551.3480000000001,488.1975,0.028816653073909234,0.7573098579761676,True,True,No setup,Neutral,0,Not applicable,No directional setup; confirmation score not applicable.,Narrow CPR,Not applicable,Not applicable,Narrow CPR; Wide CPR rules not applied,0,0,0,0
2026-10-05,2026-10-05,CM,NSE,STK,759847,INE024F01011,SHILCTECH,EQ,,,,,SHILCHAR TECHNOLOGIES LTD,4035.0,4078.3,3969.0,4032.9,4050.0,4033.0,,4032.95,,,13865,55800229.1,3365,F1,1,,,,,,Cash Only,Unclassified,False,4026.7333333333336,4023.65,4029.816666666667,4029.816666666667,4023.65,6.16666666666697,0.1529089902220975,Narrow,Bullish,Above CPR,True,False,0.16666666666666666,60,73669499.75,Lower,True,Risk Off,True,136.87142857142862,4156.964,4203.395,0.045054448039524866,0.7574400435642975,False,False,No setup,Neutral,0,Not applicable,No directional setup; confirmation score not applicable.,Narrow CPR,Not applicable,Not applicable,Narrow CPR; Wide CPR rules not applied,0,-2,-2,-4
2026-10-05,2026-10-05,CM,NSE,STK,764683,INE194R01017,FREDUN,EQ,,,,,FREDUN PHARMACEUTICALS L,1358.0,1398.0,1322.1,1363.2,1360.0,1355.2,,1363.32,,,72372,97685476.8,7332,F1,1,,,,,,Cash Only,Unclassified,False,1361.1000000000001,1360.05,1362.1500000000003,1362.1500000000003,1360.05,2.100000000000364,0.15404929577467458,Narrow,Bullish,Above CPR,True,False,0.11764705882352941,34,48580921.25,Overlapping,True,Risk Off,True,75.25714285714288,,,0.02790432801822806,2.0107785996339045,False,False,No setup,Neutral,0,Not applicable,No directional setup; confirmation score not applicable.,Narrow CPR,Not applicable,Not applicable,Narrow CPR; Wide CPR rules not applied,0,0,0,0
2026-10-05,2026-10-05,CM,NSE,STK,495,INE233B01017,BLUEDART,EQ,,,,,BLUE DART EXPRESS LTD,4546.3,4549.8,4458.1,4514.4,4505.1,4496.8,,4514.32,,,6452,29075342.4,2794,F1,1,,,,,,Cash Only,Services,True,4507.433333333333,4503.950000000001,4510.916666666666,4510.916666666666,4503.950000000001,6.966666666665333,0.15432098765429145,Narrow,Bullish,Above CPR,True,False,0.3,60,33074013.35,Lower,True,Risk Off,False,114.11428571428567,4973.726,4917.703,0.06104990819561511,0.8790993125725396,False,False,No setup,Neutral,0,Not applicable,No directional setup; confirmation score not applicable.,Narrow CPR,Not applicable,Not applicable,Narrow CPR; Wide CPR rules not applied,0,0,0,0
2026-10-05,2026-10-05,CM,NSE,STK,6364,INE139A01034,NATIONALUM,EQ,,,,,NATIONAL ALUMINIUM CO LTD,335.9,344.1,334.3,340.0,340.0,334.9,,340.0,,,5169746,1745629315.35,65108,F1,1,,,,,,F&O + Cash,Metals & Mining,True,339.4666666666667,339.20000000000005,339.73333333333335,339.73333333333335,339.20000000000005,0.533333333333303,0.1568627450980303,Narrow,Bullish,Above CPR,True,False,0.15,60,2038827378.3249998,Higher,True,Risk Off,True,9.135714285714275,369.464,372.72700000000003,0.05837894188167514,0.8561927968537106,False,False,No setup,Neutral,0,Not applicable,No directional setup; confirmation score not applicable.,Narrow CPR,Not applicable,Not applicable,Narrow CPR; Wide CPR rules not applied,0,0,0,0
2026-10-05,2026-10-05,CM,NSE,STK,11155,INE985W01018,CNL,EQ,,,,,CREATIVE NEWTECH LIMITED,1070.9,1086.7,1052.0,1071.9,1053.1,1079.2,,1071.96,,,10873,11646466.3,1223,F1,1,,,,,,Cash Only,Unclassified,False,1070.2,1069.35,1071.0500000000002,1071.0500000000002,1069.35,1.7000000000002728,0.15859688403771555,Narrow,Bullish,Above CPR,True,False,0.11666666666666667,60,44990952.325,Lower,True,Risk Off,True,54.78571428571432,1137.7820000000002,938.4295,0.031029986962195312,0.25886240895435414,False,True,No setup,Neutral,0,Not applicable,No directional setup; confirmation score not applicable.,Narrow CPR,Not applicable,Not applicable,Narrow CPR; Wide CPR rules not applied,0,0,0,0
2026-10-05,2026-10-05,CM,NSE,STK,757754,INE546C01010,PICCADIL,EQ,,,,,PICCADILY AGRO INDUSTRI L,581.0,595.0,579.1,588.45,593.0,581.05,,588.46,,,144930,85067436.35,8803,F1,1,,,,,,Cash Only,Unclassified,False,587.5166666666667,587.05,587.9833333333333,587.9833333333333,587.05,0.933333333333394,0.1586087744639976,Narrow,Bullish,Above CPR,True,False,0.11666666666666667,60,122453620.07499999,Higher,True,Risk Off,True,20.539285714285718,662.5219999999999,639.8465,0.045441372514927886,0.6946910699569206,False,False,No setup,Neutral,0,Not applicable,No directional setup; confirmation score not applicable.,Narrow CPR,Not applicable,Not applicable,Narrow CPR; Wide CPR rules not applied,0,0,0,0
2026-10-05,2026-10-05,CM,NSE,STK,764808,INE173M01012,ONIXSOLAR,EQ,,,,,ONIX SOLAR ENERGY LTD.,340.0,344.85,322.75,334.6,332.9,339.7,,335.37,,,247853,82644141.7,2333,F1,1,,,,,,Cash Only,Unclassified,False,334.06666666666666,333.8,334.3333333333333,334.3333333333333,333.8,0.533333333333303,0.15939430165370683,Narrow,Bullish,Above CPR,True,False,0.35294117647058826,34,97588389.45,Lower,True,Risk Off,False,20.435714285714283,,,0.026098100897120738,0.8468644903945589,False,False,No setup,Neutral,0,Not applicable,No directional setup; confirmation score not applicable.,Narrow CPR,Not applicable,Not applicable,Narrow CPR; Wide CPR rules not applied,0,0,0,0
2026-10-05,2026-10-05,CM,NSE,STK,11374,INE0LQS01015,TIPSFILMS,EQ,,,,,TIPS FILMS LIMITED,313.05,316.65,306.35,312.25,312.0,315.4,,312.19,,,2993,930215.1,192,F1,1,,,,,,Cash Only,Unclassified,False,311.75,311.5,312.0,312.0,311.5,0.5,0.16012810248198558,Narrow,Bullish,Above CPR,True,False,0.08333333333333333,60,1555467.625,Lower,True,Risk Off,True,20.082142857142838,346.00300000000004,347.8345,0.024897741419171285,0.598029226098486,False,False,No setup,Neutral,0,Not applicable,No directional setup; confirmation score not applicable.,Narrow CPR,Not applicable,Not applicable,Narrow CPR; Wide CPR rules not applied,0,0,0,0
2026-10-05,2026-10-05,CM,NSE,STK,1415,INE291W01037,GLOBAL,EQ,,,,,GLOBAL EDUCATION LIMITED,138.0,141.0,136.52,139.1,140.0,136.51,,139.1,,,233073,32341994.91,3105,F1,1,,,,,,Cash Only,Unclassified,False,138.87333333333333,138.76,138.98666666666668,138.98666666666668,138.76,0.2266666666666879,0.16295231248503803,Narrow,Bullish,Above CPR,True,False,0.13333333333333333,60,10227711.775,Higher,True,Risk Off,True,6.258571428571428,115.6464,109.50509999999998,0.03621699764133338,3.162192641080756,True,True,No setup,Neutral,0,Not applicable,No directional setup; confirmation score not applicable.,Narrow CPR,Not applicable,Not applicable,Narrow CPR; Wide CPR rules not applied,0,0,0,0
2026-10-05,2026-10-05,CM,NSE,STK,25,INE423A01024,ADANIENT,EQ,,,,,ADANI ENTERPRISES LIMITED,2843.9,2890.9,2823.0,2864.0,2864.0,2816.8,,2863.76,,,1782260,5080720841.5,59017,F1,1,,,,,,F&O + Cash,Metals & Mining,True,2859.2999999999997,2856.95,2861.6499999999996,2861.6499999999996,2856.95,4.699999999999818,0.1641061452513903,Narrow,Bullish,Above CPR,True,False,0.26666666666666666,60,3252521990.2,Higher,True,Risk Off,False,87.52857142857144,2989.284,2986.967,0.05369675208095107,1.562086546012125,False,False,No setup,Neutral,0,Not applicable,No directional setup; confirmation score not applicable.,Narrow CPR,Not applicable,Not applicable,Narrow CPR; Wide CPR rules not applied,0,0,0,0
2026-10-05,2026-10-05,CM,NSE,STK,757845,INE06ST01018,INDIQUBE,EQ,,,,,INDIQUBE SPACES LIMITED,200.0,200.0,193.81,197.4,198.0,197.49,,197.4,,,101074,19795673.89,1070,F1,1,,,,,,Cash Only,Unclassified,False,197.07000000000002,196.905,197.23500000000004,197.23500000000004,196.905,0.3300000000000409,0.167173252279656,Narrow,Bullish,Above CPR,True,False,0.25,60,8299377.96,Higher,True,Risk Off,True,9.780714285714287,189.66060000000002,177.84470000000002,0.03373986708537627,2.3851997083887477,True,True,No setup,Neutral,0,Not applicable,No directional setup; confirmation score not applicable.,Narrow CPR,Not applicable,Not applicable,Narrow CPR; Wide CPR rules not applied,0,0,0,0
2026-10-05,2026-10-05,CM,NSE,STK,762859,INE296E01026,RAJPALAYAM,EQ,,,,,RAJAPALAYAM MILLS LTD.,715.0,750.0,715.0,734.35,732.0,738.0,,734.35,,,410,300066.9,50,F1,1,,,,,,Cash Only,Unclassified,False,733.1166666666667,732.5,733.7333333333333,733.7333333333333,732.5,1.2333333333333485,0.16794897982342868,Narrow,Bullish,Above CPR,True,False,0.2,60,802389.1,Lower,True,Risk Off,True,29.00357142857144,797.9859999999999,808.8575,0.042523498748102136,0.37396681983840513,False,False,No setup,Neutral,0,Not applicable,No directional setup; confirmation score not applicable.,Narrow CPR,Not applicable,Not applicable,Narrow CPR; Wide CPR rules not applied,0,0,0,0
2026-10-05,2026-10-05,CM,NSE,STK,5751,INE953O01021,SANSERA,EQ,,,,,SANSERA ENGINEERING LTD,4282.5,4348.0,4212.7,4291.3,4266.0,4276.6,,4291.43,,,300321,1288973031.1,46322,F1,1,,,,,,Cash Only,Unclassified,False,4284.0,4280.35,4287.65,4287.65,4280.35,7.299999999999272,0.1701116211870359,Narrow,Bullish,Above CPR,True,False,0.15,60,823106404.75,Lower,True,Risk Off,True,238.89999999999992,3923.34,3450.561,0.03055671829216942,1.565985908579458,True,True,No setup,Neutral,0,Not applicable,No directional setup; confirmation score not applicable.,Narrow CPR,Not applicable,Not applicable,Narrow CPR; Wide CPR rules not applied,0,0,0,0
2026-10-05,2026-10-05,CM,NSE,STK,757885,INE0CZ201020,ANTHEM,EQ,,,,,ANTHEM BIOSCIENCES LTD,855.95,858.85,840.6,851.9,850.5,855.75,,851.9,,,292397,248729303.05,21858,F1,1,,,,,,Cash Only,Healthcare,True,850.4499999999999,849.725,851.1749999999998,851.1749999999998,849.725,1.449999999999818,0.17020777086510366,Narrow,Bullish,Above CPR,True,False,0.18333333333333332,60,530978797.35,Inside,True,Risk Off,True,27.946428571428562,879.578,825.475,0.05188498402555261,0.4684354710420717,False,True,No setup,Neutral,0,Not applicable,No directional setup; confirmation score not applicable.,Narrow CPR,Not applicable,Not applicable,Narrow CPR; Wide CPR rules not applied,0,0,0,0
2026-10-05,2026-10-05,CM,NSE,STK,17728,INE563J01010,ASTEC,EQ,,,,,ASTEC LIFESCIENCES LTD,708.6,721.75,700.0,712.7,712.8,708.6,,712.7,,,30766,21881688.6,2250,F1,1,,,,,,Cash Only,Unclassified,False,711.4833333333332,710.875,712.0916666666665,712.0916666666665,710.875,1.2166666666664696,0.1707123146718773,Narrow,Bullish,Above CPR,True,False,0.26666666666666666,60,21684821.575000003,Higher,True,Risk Off,False,51.692857142857164,645.886,689.1325,0.023536456174285708,1.0090785632853425,True,True,No setup,Neutral,0,Not applicable,No directional setup; confirmation score not applicable.,Narrow CPR,Not applicable,Not applicable,Narrow CPR; Wide CPR rules not applied,0,0,0,0
2026-10-05,2026-10-05,CM,NSE,STK,955,INE284A01012,ESABINDIA,EQ,,,,,ESAB INDIA LTD,5520.0,5549.0,5450.5,5514.0,5549.0,5500.5,,5514.02,,,1802,9898534.5,761,F1,1,,,,,,Cash Only,Unclassified,False,5504.5,5499.75,5509.25,5509.25,5499.75,9.5,0.1722887196227784,Narrow,Bullish,Above CPR,True,False,0.3,60,18906833.75,Lower,True,Risk Off,False,125.85714285714286,5838.16,5923.145,0.07548240635641316,0.5235426846655379,False,False,No setup,Neutral,0,Not applicable,No directional setup; confirmation score not applicable.,Narrow CPR,Not applicable,Not applicable,Narrow CPR; Wide CPR rules not applied,0,0,0,0
2026-10-05,2026-10-05,CM,NSE,STK,13750,INE09N301011,FLUOROCHEM,EQ,,,,,GUJARAT FLUOROCHEM LTD,4399.0,4493.5,4343.0,4429.8,4458.1,4341.5,,4429.75,,,137290,603632257.1,25321,F1,1,,,,,,Cash Only,Chemicals,True,4422.099999999999,4418.25,4425.949999999999,4425.949999999999,4418.25,7.699999999998909,0.17382274594787367,Narrow,Bullish,Above CPR,True,False,0.2833333333333333,60,561165892.4,Higher,True,Risk Off,False,135.1785714285713,4578.398,4217.428000000001,0.056961690885064635,1.0756752419830427,False,True,No setup,Neutral,0,Not applicable,No directional setup; confirmation score not applicable.,Narrow CPR,Not applicable,Not applicable,Narrow CPR; Wide CPR rules not applied,0,0,0,0
2026-10-05,2026-10-05,CM,NSE,STK,16675,INE918I01026,BAJAJFINSV,EQ,,,,,BAJAJ FINSERV LTD.,1744.8,1760.9,1732.6,1751.4,1751.4,1732.6,,1751.28,,,1075845,1878276235.4,58324,F1,1,,,,,,F&O + Cash,Financial Services,True,1748.3,1746.75,1749.85,1749.85,1746.75,3.099999999999909,0.1770012561379416,Narrow,Bullish,Above CPR,True,False,0.3333333333333333,60,1526606215.05,Higher,True,Risk Off,False,38.49285714285712,1938.886,1864.4240000000002,0.0805344219706787,1.2303606633348352,False,False,No setup,Neutral,0,Not applicable,No directional setup; confirmation score not applicable.,Narrow CPR,Not applicable,Not applicable,Narrow CPR; Wide CPR rules not applied,0,0,0,0
2026-10-05,2026-10-05,CM,NSE,STK,757645,INE0LEZ01016,ATHERENERG,EQ,,,,,ATHER ENERGY LIMITED,1411.1,1423.8,1388.5,1409.9,1409.9,1406.1,,1409.99,,,3319066,4670252563.0,106084,F1,1,,,,,,F&O + Cash,Automobile and Auto Components,True,1407.4000000000003,1406.15,1408.6500000000005,1408.6500000000005,1406.15,2.5000000000004547,0.17731754025111388,Narrow,Bullish,Above CPR,True,False,0.16666666666666666,60,4940431466.299999,Higher,True,Risk Off,True,59.65714285714286,1487.7,1273.531,0.04190613026820685,0.9453126907754997,False,True,No setup,Neutral,0,Not applicable,No directional setup; confirmation score not applicable.,Narrow CPR,Not applicable,Not applicable,Narrow CPR; Wide CPR rules not applied,0,0,0,0
2026-10-05,2026-10-05,CM,NSE,STK,18011,INE716A01013,WHIRLPOOL,EQ,,,,,WHIRLPOOL OF INDIA LTD,867.6,888.7,850.1,871.75,870.1,861.65,,871.76,,,825507,721036980.2,38181,F1,1,,,,,,Cash Only,Consumer Durables,True,870.1833333333334,869.4000000000001,870.9666666666667,870.9666666666667,869.4000000000001,1.566666666666606,0.17971513239651346,Narrow,Bullish,Above CPR,True,False,0.23333333333333334,60,215124296.875,Inside,True,Risk Off,True,50.746428571428574,800.7470000000001,803.8865,0.030872451732468834,3.351722658361391,True,True,No setup,Neutral,0,Not applicable,No directional setup; confirmation score not applicable.,Narrow CPR,Not applicable,Not applicable,Narrow CPR; Wide CPR rules not applied,0,0,0,0
2026-10-05,2026-10-05,CM,NSE,STK,3721,INE151A01013,TATACOMM,EQ,,,,,TATA COMMUNICATIONS LTD,1683.0,1697.6,1647.7,1677.2,1680.0,1683.0,,1677.17,,,88150,147556532.9,12848,F1,1,,,,,,Cash Only,Telecommunication,True,1674.1666666666667,1672.65,1675.6833333333334,1675.6833333333334,1672.65,3.033333333333303,0.1808569838619904,Narrow,Bullish,Above CPR,True,False,0.26666666666666666,60,355635226.7,Overlapping,True,Risk Off,False,51.75,1724.302,1807.8719999999998,0.058615136876005856,0.4149097778338841,False,False,No setup,Neutral,0,Not applicable,No directional setup; confirmation score not applicable.,Narrow CPR,Not applicable,Not applicable,Narrow CPR; Wide CPR rules not applied,0,0,0,0
2026-10-05,2026-10-05,CM,NSE,STK,13740,INE635A01023,SHYAMTEL,EQ,,,,,SHYAM TELECOM LIMITED,10.79,11.3,10.5,10.93,11.2,10.32,,10.93,,,6059,65508.79,42,F1,1,,,,,,Cash Only,Unclassified,False,10.910000000000002,10.9,10.920000000000003,10.920000000000003,10.9,0.020000000000003126,0.18298261665144672,Narrow,Bullish,Above CPR,True,False,0.1,60,82410.48999999999,Higher,True,Risk Off,True,0.8957142857142857,11.8036,10.880700000000001,0.022328548644341608,0.7949083909099437,False,True,No setup,Neutral,0,Not applicable,No directional setup; confirmation score not applicable.,Narrow CPR,Not applicable,Not applicable,Narrow CPR; Wide CPR rules not applied,0,0,0,0
2026-10-05,2026-10-05,CM,NSE,STK,28879,INE0V7W01012,CARRARO,EQ,,,,,CARRARO INDIA LIMITED,518.5,526.45,508.5,518.9,520.5,518.1,,518.91,,,114896,59448142.45,9188,F1,1,,,,,,Cash Only,Unclassified,False,517.9499999999999,517.475,518.4249999999998,518.4249999999998,517.475,0.9499999999998181,0.183079591443403,Narrow,Bullish,Above CPR,True,False,0.26666666666666666,60,50145106.825,Outside,True,Risk Off,False,16.528571428571436,530.931,541.053,0.05747623163352397,1.1855223014573766,False,False,No setup,Neutral,0,Not applicable,No directional setup; confirmation score not applicable.,Narrow CPR,Not applicable,Not applicable,Narrow CPR; Wide CPR rules not applied,0,-2,0,-2
2026-10-05,2026-10-05,CM,NSE,STK,10666,INE160A01022,PNB,EQ,,,,,PUNJAB NATIONAL BANK,110.65,113.58,110.5,112.35,112.35,109.57,,112.34,,,12282429,1379692894.18,66058,F1,1,,,,,,F&O + Cash,Financial Services,True,112.14333333333332,112.03999999999999,112.24666666666664,112.24666666666664,112.03999999999999,0.20666666666664923,0.18394896899568247,Narrow,Bullish,Above CPR,True,False,0.36666666666666664,60,1334668230.3400002,Higher,True,Risk Off,False,2.730714285714287,115.16279999999999,110.6188,0.07568227395587465,1.0337347235938403,False,True,No setup,Neutral,0,Not applicable,No directional setup; confirmation score not applicable.,Narrow CPR,Not applicable,Not applicable,Narrow CPR; Wide CPR rules not applied,0,0,0,0
2026-10-05,2026-10-05,CM,NSE,STK,13511,INE672B01032,MUNJALAU,EQ,,,,,MUNJAL AUTO IND. LTD.,105.9,106.88,103.65,105.56,105.7,104.07,,105.57,,,353413,37199729.55,4856,F1,1,,,,,,Cash Only,Unclassified,False,105.36333333333334,105.265,105.46166666666669,105.46166666666669,105.265,0.19666666666668675,0.1863079449286536,Narrow,Bullish,Above CPR,True,False,0.15,60,36717531.599999994,Inside,True,Risk Off,True,4.7749999999999995,108.5534,102.5159,0.0411867364746988,1.013132635255906,False,True,No setup,Neutral,0,Not applicable,No directional setup; confirmation score not applicable.,Narrow CPR,Not applicable,Not applicable,Narrow CPR; Wide CPR rules not applied,0,0,0,0
2026-10-05,2026-10-05,CM,NSE,STK,2031,INE101A01026,M&M,EQ,,,,,MAHINDRA & MAHINDRA LTD,2857.5,2874.0,2825.1,2857.6,2857.6,2860.0,,2857.62,,,3307236,9428271585.7,151408,F1,1,,,,,,F&O + Cash,Automobile and Auto Components,True,2852.2333333333336,2849.55,2854.916666666667,2854.916666666667,2849.55,5.366666666666788,0.18780328480776834,Narrow,Bullish,Above CPR,True,False,0.3,60,6227180570.950001,Lower,True,Risk Off,False,64.75714285714285,3235.2660000000005,3167.413,0.082873740716231,1.5140514199448774,False,False,No setup,Neutral,0,Not applicable,No directional setup; confirmation score not applicable.,Narrow CPR,Not applicable,Not applicable,Narrow CPR; Wide CPR rules not applied,0,0,0,0
2026-10-05,2026-10-05,CM,NSE,STK,19783,INE08KJ01020,MUFIN,EQ,,,,,MUFIN GREEN FINANCE LTD,131.3,134.43,130.6,132.89,132.5,130.59,,132.89,,,1067885,141980875.22,7170,F1,1,,,,,,Cash Only,Unclassified,False,132.64,132.515,132.765,132.765,132.515,0.25,0.18812551734517272,Narrow,Bullish,Above CPR,True,False,0.31666666666666665,60,97218960.32499999,Higher,True,Risk Off,False,4.221428571428572,133.9172,129.6873,0.059221658206429766,1.4604237151411854,False,True,No setup,Neutral,0,Not applicable,No directional setup; confirmation score not applicable.,Narrow CPR,Not applicable,Not applicable,Narrow CPR; Wide CPR rules not applied,0,0,0,0
2026-10-05,2026-10-05,CM,NSE,STK,13072,INE489L01022,IIFLCAPS,EQ,,,,,IIFL CAPITAL SERVICES LTD,346.9,346.9,341.55,345.2,346.0,345.6,,345.2,,,319157,110131938.85,5033,F1,1,,,,,,Cash Only,Unclassified,False,344.55,344.225,344.875,344.875,344.225,0.6499999999999773,0.18829663962919388,Narrow,Bullish,Above CPR,True,False,0.55,60,102017483.45,Overlapping,True,Risk Off,False,5.407142857142852,338.486,339.829,0.12021136063407781,1.0795398506764478,True,True,No setup,Neutral,0,Not applicable,No directional setup; confirmation score not applicable.,Narrow CPR,Not applicable,Not applicable,Narrow CPR; Wide CPR rules not applied,0,0,0,0
2026-10-05,2026-10-05,CM,NSE,STK,4503,INE356A01018,MPHASIS,EQ,,,,,MPHASIS LIMITED,2277.8,2342.0,2239.2,2297.1,2297.1,2250.2,,2296.98,,,1107616,2543702057.6,42255,F1,1,,,,,,F&O + Cash,Information Technology,True,2292.7666666666664,2290.6,2294.933333333333,2294.933333333333,2290.6,4.33333333333303,0.18864365214109227,Narrow,Bullish,Above CPR,True,False,0.21666666666666667,60,999966761.4000001,Higher,True,Risk Off,True,72.97857142857141,2378.028,2327.82,0.05937816058203233,2.5437866095055983,False,False,No setup,Neutral,0,Not applicable,No directional setup; confirmation score not applicable.,Narrow CPR,Not applicable,Not applicable,Narrow CPR; Wide CPR rules not applied,0,0,0,0
2026-10-05,2026-10-05,CM,NSE,STK,23693,INE065X01017,INDGN,EQ,,,,,INDEGENE LIMITED,598.25,605.5,588.0,598.45,597.0,593.5,,598.45,,,510522,305671537.7,30939,F1,1,,,,,,Cash Only,Healthcare,True,597.3166666666667,596.75,597.8833333333334,597.8833333333334,596.75,1.1333333333334394,0.18937811568776663,Narrow,Bullish,Above CPR,True,False,0.35,60,203375530.8,Higher,True,Risk Off,False,20.117857142857158,571.7270000000001,542.552,0.05633469436061828,1.502990730977357,True,True,No setup,Neutral,0,Not applicable,No directional setup; confirmation score not applicable.,Narrow CPR,Not applicable,Not applicable,Narrow CPR; Wide CPR rules not applied,0,0,0,0
2026-10-05,2026-10-05,CM,NSE,STK,3063,INE205A01025,VEDL,EQ,,,,,VEDANTA LIMITED,253.3,256.6,252.05,255.05,255.05,252.05,,255.05,,,7161255,1822162887.05,63796,F1,1,,,,,,F&O + Cash,Metals & Mining,True,254.5666666666667,254.32500000000002,254.80833333333337,254.80833333333337,254.32500000000002,0.4833333333333485,0.18950532575312623,Narrow,Bullish,Above CPR,True,False,0.23333333333333334,60,2482615680.75,Higher,True,Risk Off,True,6.825000000000007,268.761,284.3285,0.07081807081807297,0.7339689752138854,False,False,No setup,Neutral,0,Not applicable,No directional setup; confirmation score not applicable.,Narrow CPR,Not applicable,Not applicable,Narrow CPR; Wide CPR rules not applied,0,0,0,0
2026-10-05,2026-10-05,CM,NSE,STK,489,INE520Y01019,ICEMAKE,EQ,,,,,ICE MAKE REFRIGERAT LTD,623.5,634.4,619.1,628.55,621.35,623.65,,628.55,,,14078,8801212.55,1346,F1,1,,,,,,Cash Only,Unclassified,False,627.35,626.75,627.95,627.95,626.75,1.2000000000000455,0.1909155993954412,Narrow,Bullish,Above CPR,True,False,0.16666666666666666,60,19087698.875,Higher,True,Risk Off,True,22.871428571428574,742.7130000000001,763.1775,0.05246720799500511,0.461093430257711,False,False,No setup,Neutral,0,Not applicable,No directional setup; confirmation score not applicable.,Narrow CPR,Not applicable,Not applicable,Narrow CPR; Wide CPR rules not applied,0,0,0,0
2026-10-05,2026-10-05,CM,NSE,STK,20224,INE209L01016,JWL,EQ,,,,,JUPITER WAGONS LIMITED,224.2,226.99,218.61,223.44,222.85,223.93,,223.44,,,1604474,357447821.06,38089,F1,1,,,,,,Cash Only,Capital Goods,True,223.01333333333332,222.8,223.22666666666663,223.22666666666663,222.8,0.4266666666666197,0.1909535744122,Narrow,Bullish,Above CPR,True,False,0.18333333333333332,60,150192637.07999998,Lower,True,Risk Off,True,8.327857142857145,244.03100000000003,256.939,0.05123366783885989,2.3799290565063167,False,False,No setup,Neutral,0,Not applicable,No directional setup; confirmation score not applicable.,Narrow CPR,Not applicable,Not applicable,Narrow CPR; Wide CPR rules not applied,0,0,-2,-2
2026-10-05,2026-10-05,CM,NSE,STK,144,INE850D01014,GODREJAGRO,EQ,,,,,GODREJ AGROVET LIMITED,633.5,651.45,626.65,640.9,641.5,631.9,,640.93,,,220599,141448567.55,18184,F1,1,,,,,,Cash Only,Unclassified,False,639.6666666666666,639.05,640.2833333333333,640.2833333333333,639.05,1.2333333333333485,0.19243771779268973,Narrow,Bullish,Above CPR,True,False,0.2,60,91104679.675,Higher,True,Risk Off,True,22.48571428571429,612.666,590.8879999999999,0.05484963998305869,1.5525938739326346,True,True,No setup,Neutral,0,Not applicable,No directional setup; confirmation score not applicable.,Narrow CPR,Not applicable,Not applicable,Narrow CPR; Wide CPR rules not applied,0,0,0,0
2026-10-05,2026-10-05,CM,NSE,STK,19113,INE851I01011,UDS,EQ,,,,,UPDATER SERVICES LIMITED,209.6,211.98,208.43,210.82,211.0,208.55,,210.79,,,78015,16409346.87,2329,F1,1,,,,,,Cash Only,Unclassified,False,210.41,210.20499999999998,210.615,210.615,210.20499999999998,0.410000000000025,0.19447870221042834,Narrow,Bullish,Above CPR,True,False,0.21666666666666667,60,55618050.43,Higher,True,Risk Off,True,8.298571428571424,210.5084,197.4456,0.049406093992084295,0.2950363549807008,True,True,No setup,Neutral,0,Not applicable,No directional setup; confirmation score not applicable.,Narrow CPR,Not applicable,Not applicable,Narrow CPR; Wide CPR rules not applied,0,0,0,0
2026-10-05,2026-10-05,CM,NSE,STK,4684,INE073K01018,SONACOMS,EQ,,,,,SONA BLW PRECISION FRGS L,803.75,803.75,785.6,797.0,797.0,805.0,,796.87,,,2049996,1627012919.2,52308,F1,1,,,,,,F&O + Cash,Automobile and Auto Components,True,795.4499999999999,794.675,796.2249999999999,796.2249999999999,794.675,1.5499999999999545,0.1944792973651135,Narrow,Bullish,Above CPR,True,False,0.2833333333333333,60,1615132579.75,Lower,True,Risk Off,False,25.70714285714285,796.183,711.8385000000001,0.060294526257291946,1.007355643492647,True,True,No setup,Neutral,0,Not applicable,No directional setup; confirmation score not applicable.,Narrow CPR,Not applicable,Not applicable,Narrow CPR; Wide CPR rules not applied,0,0,0,0
2026-10-05,2026-10-05,CM,NSE,STK,23729,INE883F01010,AADHARHFC,EQ,,,,,AADHAR HOUSING FINANCE L,450.95,455.7,449.05,453.7,453.6,448.4,,453.66,,,255416,115369433.45,16741,F1,1,,,,,,Cash Only,Financial Services,True,452.81666666666666,452.375,453.2583333333333,453.2583333333333,452.375,0.8833333333333258,0.19469546690176898,Narrow,Bullish,Above CPR,True,False,0.3,60,123332257.65,Higher,True,Risk Off,False,13.564285714285708,475.79900000000004,485.981,0.06512199403194611,0.9354359974290148,False,False,No setup,Neutral,0,Not applicable,No directional setup; confirmation score not applicable.,Narrow CPR,Not applicable,Not applicable,Narrow CPR; Wide CPR rules not applied,0,0,0,0
2026-10-05,2026-10-05,CM,NSE,STK,1494,INE07T201019,RBA,EQ,,,,,RESTAURANT BRAND ASIA LTD,92.0,95.98,91.45,93.99,93.0,92.22,,94.0,,,4841004,457679054.42,45832,F1,1,,,,,,Cash Only,Unclassified,False,93.80666666666667,93.715,93.89833333333334,93.89833333333334,93.715,0.18333333333333712,0.19505621165372605,Narrow,Bullish,Above CPR,True,False,0.16666666666666666,60,285958655.615,Higher,True,Risk Off,True,3.4542857142857133,92.4942,81.6225,0.053074165977392895,1.600507784720444,True,True,No setup,Neutral,0,Not applicable,No directional setup; confirmation score not applicable.,Narrow CPR,Not applicable,Not applicable,Narrow CPR; Wide CPR rules not applied,0,0,0,0
2026-10-05,2026-10-05,CM,NSE,STK,13648,INE187D01029,TALBROAUTO,EQ,,,,,TALBROS AUTO. COMP. LTD,421.0,422.45,408.0,416.45,417.3,419.7,,416.45,,,115228,47716171.7,6004,F1,1,,,,,,Cash Only,Unclassified,False,415.6333333333334,415.225,416.04166666666674,416.04166666666674,415.225,0.8166666666667197,0.19610197302598625,Narrow,Bullish,Above CPR,True,False,0.2,60,62125500.625,Lower,True,Risk Off,True,23.749999999999996,423.031,398.1315,0.03438596491228294,0.768060960796483,False,True,No setup,Neutral,0,Not applicable,No directional setup; confirmation score not applicable.,Narrow CPR,Not applicable,Not applicable,Narrow CPR; Wide CPR rules not applied,0,0,0,0
2026-10-05,2026-10-05,CM,NSE,STK,13560,INE536A01023,GRINDWELL,EQ,,,,,GRINDWELL NORTON LIMITED,1990.0,2023.1,1973.5,2004.2,2010.0,1975.8,,2004.16,,,78949,157733471.0,14222,F1,1,,,,,,Cash Only,Unclassified,False,2000.2666666666667,1998.3,2002.2333333333333,2002.2333333333333,1998.3,3.933333333333394,0.19625453214915647,Narrow,Bullish,Above CPR,True,False,0.2833333333333333,60,52490954.8,Higher,True,Risk Off,False,61.871428571428574,2014.468,2011.0130000000001,0.06357269298853327,3.004964790619507,False,False,No setup,Neutral,0,Not applicable,No directional setup; confirmation score not applicable.,Narrow CPR,Not applicable,Not applicable,Narrow CPR; Wide CPR rules not applied,0,0,0,0
2026-10-05,2026-10-05,CM,NSE,STK,5359,INE08LI01020,KRSNAA,EQ,,,,,KRSNAA DIAGNOSTICS LTD,555.0,564.1,551.3,559.35,560.35,554.85,,559.35,,,50372,28134524.85,5216,F1,1,,,,,,Cash Only,Unclassified,False,558.25,557.7,558.8,558.8,557.7,1.099999999999909,0.19665683382495916,Narrow,Bullish,Above CPR,True,False,0.21666666666666667,60,29923448.375,Higher,True,Risk Off,True,21.80000000000002,553.148,550.7909999999999,0.05045871559632606,0.9402166654530839,True,True,No setup,Neutral,0,Not applicable,No directional setup; confirmation score not applicable.,Narrow CPR,Not applicable,Not applicable,Narrow CPR; Wide CPR rules not applied,0,0,0,0
2026-10-05,2026-10-05,CM,NSE,STK,13577,INE540H01012,VOLTAMP,EQ,,,,,VOLTAMP TRANSFORMERS LTD,10452.0,10638.0,10421.0,10561.0,10555.0,10426.0,,10560.93,,,14532,153447962.0,7618,F1,1,,,,,,Cash Only,Unclassified,False,10540.0,10529.5,10550.5,10550.5,10529.5,21.0,0.19884480636303378,Narrow,Bullish,Above CPR,True,False,0.2833333333333333,60,239642564.0,Higher,True,Risk Off,False,307.35714285714283,10458.68,10048.055,0.0683244248198931,0.6403201478014565,True,True,No setup,Neutral,0,Not applicable,No directional setup; confirmation score not applicable.,Narrow CPR,Not applicable,Not applicable,Narrow CPR; Wide CPR rules not applied,0,0,0,0
2026-10-05,2026-10-05,CM,NSE,STK,23799,INE03JT01014,GODIGIT,EQ,,,,,GO DIGIT GENERAL INS LTD,256.3,257.95,252.6,256.05,257.4,256.3,,256.01,,,228010,58132736.75,13513,F1,1,,,,,,Cash Only,Financial Services,True,255.5333333333333,255.27499999999998,255.79166666666663,255.79166666666663,255.27499999999998,0.5166666666666515,0.20178350582567917,Narrow,Bullish,Above CPR,True,False,0.23333333333333334,60,89479826.69999999,Lower,True,Risk Off,True,9.857142857142847,257.027,280.66450000000003,0.05241545893719658,0.6496742214857241,False,False,No setup,Neutral,0,Not applicable,No directional setup; confirmation score not applicable.,Narrow CPR,Not applicable,Not applicable,Narrow CPR; Wide CPR rules not applied,0,0,0,0
2026-10-05,2026-10-05,CM,NSE,STK,7177,INE0CLI01024,RATEGAIN,EQ,,,,,RATEGAIN TRAVEL TECHN LTD,840.65,858.5,835.2,849.45,846.0,840.65,,849.45,,,304666,258699834.85,23158,F1,1,,,,,,Cash Only,Unclassified,False,847.7166666666667,846.85,848.5833333333334,848.5833333333334,846.85,1.7333333333333485,0.20405360331194872,Narrow,Bullish,Above CPR,True,False,0.2,60,273958049.125,Inside,True,Risk Off,True,27.400000000000002,898.0930000000001,861.8709999999999,0.06326034063260395,0.9443045593158022,False,False,No setup,Neutral,0,Not applicable,No directional setup; confirmation score not applicable.,Narrow CPR,Not applicable,Not applicable,Narrow CPR; Wide CPR rules not applied,0,0,0,0
2026-10-05,2026-10-05,CM,NSE,STK,357,INE298J01013,NAM-INDIA,EQ,,,,,NIPPON L I A M LTD,1049.0,1069.5,1046.0,1061.0,1061.0,1046.0,,1060.99,,,842149,892932405.2,43667,F1,1,,,,,,F&O + Cash,Financial Services,True,1058.8333333333333,1057.75,1059.9166666666665,1059.9166666666665,1057.75,2.166666666666515,0.20420986490730583,Narrow,Bullish,Above CPR,True,False,0.21666666666666667,60,1018175620.45,Higher,True,Risk Off,True,33.89999999999999,1166.488,1151.703,0.06391347099311255,0.8769925219829496,False,False,No setup,Neutral,0,Not applicable,No directional setup; confirmation score not applicable.,Narrow CPR,Not applicable,Not applicable,Narrow CPR; Wide CPR rules not applied,0,0,0,0
2026-10-05,2026-10-05,CM,NSE,STK,20160,INE068L01024,CANTABIL,EQ,,,,,CANTABIL RETAIL LTD,226.3,228.98,220.0,225.18,228.98,224.66,,225.23,,,172213,38511759.87,3103,F1,1,,,,,,Cash Only,Unclassified,False,224.72000000000003,224.49,224.95000000000005,224.95000000000005,224.49,0.4600000000000364,0.2042810196287576,Narrow,Bullish,Above CPR,True,False,0.21666666666666667,60,26526288.784999996,Lower,True,Risk Off,True,6.149285714285712,238.1634,235.96599999999998,0.07480543617145442,1.4518336953255786,False,False,No setup,Neutral,0,Not applicable,No directional setup; confirmation score not applicable.,Narrow CPR,Not applicable,Not applicable,Narrow CPR; Wide CPR rules not applied,0,0,0,0
2026-10-05,2026-10-05,CM,NSE,STK,12173,INE254N01026,HNDFDS,EQ,,,,,HINDUSTAN FOODS LIMITED,580.0,580.0,556.55,570.05,570.0,574.6,,570.05,,,57425,32528225.55,4568,F1,1,,,,,,Cash Only,Unclassified,False,568.8666666666667,568.275,569.4583333333334,569.4583333333334,568.275,1.183333333333394,0.20758413004708254,Narrow,Bullish,Above CPR,True,False,0.3,60,40640961.45,Lower,True,Risk Off,False,18.882142857142874,607.8290000000001,575.6345,0.06266944076666352,0.8003803155596851,False,False,No setup,Neutral,0,Not applicable,No directional setup; confirmation score not applicable.,Narrow CPR,Not applicable,Not applicable,Narrow CPR; Wide CPR rules not applied,0,0,0,0
2026-10-05,2026-10-05,CM,NSE,STK,21401,INF277KA1976,TATAGOLD,EQ,,,,,TATAAML-TATAGOLD,14.28,14.34,14.17,14.3,14.34,14.28,,14.3,,,45583508,649663500.32,118082,F1,1,,,,,,Cash Only,Unclassified,False,14.270000000000001,14.254999999999999,14.285000000000004,14.285000000000004,14.254999999999999,0.03000000000000469,0.20979020979024257,Narrow,Bullish,Above CPR,True,False,0.6,60,620335886.36,Overlapping,True,Risk Off,False,0.1771428571428569,14.608999999999998,14.5047,0.1693548387097041,1.0472769907478483,False,False,No setup,Neutral,0,Not applicable,No directional setup; confirmation score not applicable.,Narrow CPR,Not applicable,Not applicable,Narrow CPR; Wide CPR rules not applied,0,0,0,0
2026-10-05,2026-10-05,CM,NSE,STK,764985,INE362D01010,VIJSOLX,EQ,,,,,VIJAY SOLVEX LTD.,625.05,644.8,625.05,636.95,636.95,623.3,,636.95,,,33,20796.2,11,F1,1,,,,,,Cash Only,Unclassified,False,635.6,634.925,636.2750000000001,636.2750000000001,634.925,1.3500000000001364,0.21194756260305148,Narrow,Bullish,Above CPR,True,False,0.21212121212121213,33,145503.8,Higher,True,Risk Off,True,22.096428571428564,,,0.06109584612898631,0.14292547686039817,False,False,No setup,Neutral,0,Not applicable,No directional setup; confirmation score not applicable.,Narrow CPR,Not applicable,Not applicable,Narrow CPR; Wide CPR rules not applied,0,0,0,0
2026-10-05,2026-10-05,CM,NSE,STK,1811,INE437B01014,KAKATCEM,EQ,,,,,KAKATIYA CEM SUGAR &IND L,103.01,105.9,103.01,104.79,104.8,103.09,,104.79,,,458,47772.84,35,F1,1,,,,,,Cash Only,Unclassified,False,104.56666666666668,104.45500000000001,104.67833333333334,104.67833333333334,104.45500000000001,0.22333333333332916,0.21312466202245361,Narrow,Bullish,Above CPR,True,False,0.06666666666666667,60,339194.94499999995,Inside,True,Risk Off,True,3.644285714285718,114.777,111.3321,0.061283156931920914,0.14084183949144644,False,False,No setup,Neutral,0,Not applicable,No directional setup; confirmation score not applicable.,Narrow CPR,Not applicable,Not applicable,Narrow CPR; Wide CPR rules not applied,0,0,0,0
2026-10-05,2026-10-05,CM,NSE,STK,4822,INE021O01019,DODLA,EQ,,,,,DODLA DAIRY LIMITED,1006.3,1021.5,1003.2,1015.6,1015.0,1006.3,,1015.6,,,9309,9424897.3,1554,F1,1,,,,,,Cash Only,Unclassified,False,1013.4333333333334,1012.35,1014.5166666666668,1014.5166666666668,1012.35,2.1666666666667425,0.21333858474465758,Narrow,Bullish,Above CPR,True,False,0.4,60,19407782.049999997,Higher,True,Risk Off,False,31.435714285714287,1066.69,1078.627,0.06892372945542921,0.4856246466349823,False,False,No setup,Neutral,0,Not applicable,No directional setup; confirmation score not applicable.,Narrow CPR,Not applicable,Not applicable,Narrow CPR; Wide CPR rules not applied,0,0,0,0
2026-10-05,2026-10-05,CM,NSE,STK,3812,INE256A01028,ZEEL,EQ,,,,,ZEE ENTERTAINMENT ENT LTD,72.09,74.57,72.09,73.57,73.8,71.92,,73.57,,,15449821,1132544836.45,57132,F1,1,,,,,,Cash Only,Media Entertainment & Publication,True,73.41,73.33,73.49,73.49,73.33,0.1599999999999966,0.21747995106700638,Narrow,Bullish,Above CPR,True,False,0.18333333333333332,60,1795596896.75,Higher,True,Risk Off,True,2.723571428571429,92.35019999999999,96.90539999999999,0.058746393915550796,0.6307344585524106,False,False,No setup,Neutral,0,Not applicable,No directional setup; confirmation score not applicable.,Narrow CPR,Not applicable,Not applicable,Narrow CPR; Wide CPR rules not applied,0,0,0,0
2026-10-05,2026-10-05,CM,NSE,STK,18908,INE572E01012,PNBHOUSING,EQ,,,,,PNB HOUSING FIN LTD.,1092.0,1116.0,1088.3,1105.8,1105.8,1092.0,,1105.83,,,638892,705038764.2,33088,F1,1,,,,,,F&O + Cash,Financial Services,True,1103.3666666666668,1102.15,1104.5833333333335,1104.5833333333335,1102.15,2.433333333333394,0.2200518478326455,Narrow,Bullish,Above CPR,True,False,0.26666666666666666,60,847608731.4,Higher,True,Risk Off,False,36.12857142857139,1132.142,1089.8490000000002,0.067352049558457,0.8317974297356324,False,True,No setup,Neutral,0,Not applicable,No directional setup; confirmation score not applicable.,Narrow CPR,Not applicable,Not applicable,Narrow CPR; Wide CPR rules not applied,0,0,-2,-2
2026-10-05,2026-10-05,CM,NSE,STK,12015,INE065D01027,AEROENTER,EQ,,,,,AEROFLEX ENTERPRISES LTD,122.54,130.0,122.54,126.69,126.7,121.93,,126.7,,,761790,96901198.26,9529,F1,1,,,,,,Cash Only,Unclassified,False,126.41000000000001,126.27000000000001,126.55000000000001,126.55000000000001,126.27000000000001,0.28000000000000114,0.22101191885705354,Narrow,Bullish,Above CPR,True,False,0.11666666666666667,60,68144315.695,Higher,True,Risk Off,True,7.8357142857142845,130.7358,122.8115,0.03573381950774856,1.4219997261944772,False,True,No setup,Neutral,0,Not applicable,No directional setup; confirmation score not applicable.,Narrow CPR,Not applicable,Not applicable,Narrow CPR; Wide CPR rules not applied,0,-2,0,-2
2026-10-05,2026-10-05,CM,NSE,STK,757545,INE103V01028,TRAVELFOOD,EQ,,,,,TRAVEL FOOD SERVICES LTD,1208.1,1215.6,1185.0,1204.3,1200.2,1208.1,,1204.31,,,52265,62757529.0,7050,F1,1,,,,,,Cash Only,Consumer Services,True,1201.6333333333332,1200.3,1202.9666666666665,1202.9666666666665,1200.3,2.666666666666515,0.221428769132817,Narrow,Bullish,Above CPR,True,False,0.25,60,35844808.45,Inside,True,Risk Off,True,35.46428571428573,1290.672,1274.0330000000001,0.0751930177912008,1.7508122295461728,False,False,No setup,Neutral,0,Not applicable,No directional setup; confirmation score not applicable.,Narrow CPR,Not applicable,Not applicable,Narrow CPR; Wide CPR rules not applied,0,0,0,0
2026-10-05,2026-10-05,CM,NSE,STK,759316,INE506V01022,RUBICON,EQ,,,,,RUBICON RESEARCH LIMITED,1646.0,1646.0,1560.3,1608.5,1609.9,1630.9,,1608.55,,,159926,255246613.9,16734,F1,1,,,,,,Cash Only,Unclassified,False,1604.9333333333334,1603.15,1606.7166666666667,1606.7166666666667,1603.15,3.566666666666606,0.22173867992953722,Narrow,Bullish,Above CPR,True,False,0.18333333333333332,60,394579753.15,Lower,True,Risk Off,True,69.56428571428573,1689.0520000000001,1478.7334999999998,0.05127152000547538,0.6468821875991384,False,True,No setup,Neutral,0,Not applicable,No directional setup; confirmation score not applicable.,Narrow CPR,Not applicable,Not applicable,Narrow CPR; Wide CPR rules not applied,0,0,0,0
2026-10-05,2026-10-05,CM,NSE,STK,1196,INE531A01024,KANSAINER,EQ,,,,,KANSAI NEROLAC PAINTS LTD,175.4,177.59,175.17,176.97,177.0,175.27,,176.97,,,241586,42693066.34,9597,F1,1,,,,,,Cash Only,Unclassified,False,176.57666666666668,176.38,176.77333333333337,176.77333333333337,176.38,0.3933333333333735,0.22225989339061622,Narrow,Bullish,Above CPR,True,False,0.38333333333333336,60,35664088.815,Higher,True,Risk Off,False,4.78428571428572,195.048,203.01170000000002,0.08221359609834611,1.1970883810171447,False,False,No setup,Neutral,0,Not applicable,No directional setup; confirmation score not applicable.,Narrow CPR,Not applicable,Not applicable,Narrow CPR; Wide CPR rules not applied,0,0,0,0
2026-10-05,2026-10-05,CM,NSE,STK,13061,INE466L01038,360ONE,EQ,,,,,360 ONE WAM LIMITED,1033.6,1059.6,1033.3,1050.0,1050.0,1040.0,,1050.01,,,564932,592811216.3,67190,F1,1,,,,,,F&O + Cash,Financial Services,True,1047.6333333333332,1046.4499999999998,1048.8166666666666,1048.8166666666666,1046.4499999999998,2.366666666666788,0.22539682539683698,Narrow,Bullish,Above CPR,True,False,0.31666666666666665,60,936391673.75,Higher,True,Risk Off,False,30.250000000000007,1132.156,1117.06,0.07823691460055496,0.6330804009885612,False,False,No setup,Neutral,0,Not applicable,No directional setup; confirmation score not applicable.,Narrow CPR,Not applicable,Not applicable,Narrow CPR; Wide CPR rules not applied,0,0,0,0
2026-10-05,2026-10-05,CM,NSE,STK,18520,INE509F01029,CUPID,EQ,,,,,CUPID LIMITED,314.3,316.0,302.1,310.1,310.0,312.5,,310.09,,,15766847,4887136621.8,154999,F1,1,,,,,,Cash Only,Unclassified,False,309.40000000000003,309.05,309.75000000000006,309.75000000000006,309.05,0.7000000000000455,0.22573363431152704,Narrow,Bullish,Above CPR,True,False,0.26666666666666666,60,6846345659.205,Lower,True,Risk Off,False,16.357142857142865,270.9006,219.12470000000002,0.04279475982533027,0.7138314167981253,True,True,No setup,Neutral,0,Not applicable,No directional setup; confirmation score not applicable.,Narrow CPR,Not applicable,Not applicable,Narrow CPR; Wide CPR rules not applied,0,0,0,0
2026-10-05,2026-10-05,CM,NSE,STK,2144,INE171Z01026,BDL,EQ,,,,,BHARAT DYNAMICS LIMITED,1087.9,1102.8,1082.1,1096.2,1096.2,1087.9,,1096.09,,,660761,721144875.9,32923,F1,1,,,,,,F&O + Cash,Capital Goods,True,1093.6999999999998,1092.4499999999998,1094.9499999999998,1094.9499999999998,1092.4499999999998,2.5,0.22806057288815906,Narrow,Bullish,Above CPR,True,False,0.2,60,1169441729.4499998,Overlapping,True,Risk Off,True,35.77857142857145,1249.206,1272.2359999999999,0.06987422639249347,0.6166573825265853,False,False,No setup,Neutral,0,Not applicable,No directional setup; confirmation score not applicable.,Narrow CPR,Not applicable,Not applicable,Narrow CPR; Wide CPR rules not applied,0,0,0,0
2026-10-05,2026-10-05,CM,NSE,STK,759176,INE906O01029,TIGERLOGS,EQ,,,,,TIGER LOGISTICS (INDIA) L,26.05,26.6,25.82,26.3,26.54,25.69,,26.29,,,16487,430753.89,353,F1,1,,,,,,Cash Only,Unclassified,False,26.24,26.21,26.269999999999996,26.269999999999996,26.21,0.05999999999999517,0.2281368821292592,Narrow,Bullish,Above CPR,True,False,0.16666666666666666,60,3266512.27,Higher,True,Risk Off,True,1.4014285714285712,30.5432,30.128200000000003,0.04281345565748891,0.13186966843997192,False,False,No setup,Neutral,0,Not applicable,No directional setup; confirmation score not applicable.,Narrow CPR,Not applicable,Not applicable,Narrow CPR; Wide CPR rules not applied,0,0,0,0
2026-10-05,2026-10-05,CM,NSE,STK,8304,INE974Z01015,PRITI,EQ,,,,,PRITI INTERNATIONAL LTD,30.91,32.95,30.91,32.04,32.22,32.79,,32.04,,,2125,68329.33,85,F1,1,,,,,,Cash Only,Unclassified,False,31.96666666666667,31.93,32.00333333333334,32.00333333333334,31.93,0.07333333333333769,0.22888056595923129,Narrow,Bullish,Above CPR,True,False,0.21666666666666667,60,383025.74,Inside,True,Risk Off,True,2.412142857142858,38.4352,44.5933,0.03040173724212992,0.17839357219178012,False,False,No setup,Neutral,0,Not applicable,No directional setup; confirmation score not applicable.,Narrow CPR,Not applicable,Not applicable,Narrow CPR; Wide CPR rules not applied,0,0,0,0
2026-10-05,2026-10-05,CM,NSE,STK,1181,INE260B01028,GODFRYPHLP,EQ,,,,,GODFREY PHILLIPS INDIA LT,1850.0,1894.0,1845.1,1876.0,1876.0,1849.7,,1875.99,,,174573,327037757.0,14550,F1,1,,,,,,F&O + Cash,Fast Moving Consumer Goods,True,1871.7,1869.55,1873.8500000000001,1873.8500000000001,1869.55,4.300000000000182,0.22921108742005236,Narrow,Bullish,Above CPR,True,False,0.3,60,387771195.2,Overlapping,True,Risk Off,False,52.564285714285724,2074.5860000000002,2148.435,0.08180459301535879,0.8433781597194819,False,False,No setup,Neutral,0,Not applicable,No directional setup; confirmation score not applicable.,Narrow CPR,Not applicable,Not applicable,Narrow CPR; Wide CPR rules not applied,0,0,0,0
2026-10-05,2026-10-05,CM,NSE,STK,759291,INE304W01038,BLUESTONE,EQ,,,,,BLUESTONE JEWEL LFSTL LTD,780.5,797.65,778.2,790.65,792.0,787.95,,790.65,,,509584,402625733.55,22243,F1,1,,,,,,Cash Only,Unclassified,False,788.8333333333334,787.925,789.7416666666668,789.7416666666668,787.925,1.8166666666668334,0.2297687556651911,Narrow,Bullish,Above CPR,True,False,0.1,60,881445065.55,Higher,True,Risk Off,True,58.17857142857142,825.9889999999999,684.5764999999999,0.031225700838963377,0.45677915650792317,False,True,No setup,Neutral,0,Not applicable,No directional setup; confirmation score not applicable.,Narrow CPR,Not applicable,Not applicable,Narrow CPR; Wide CPR rules not applied,0,0,0,0
2026-10-05,2026-10-05,CM,NSE,STK,11411,INE399G01023,RKFORGE,EQ,,,,,RAMKRISHNA FORGINGS LTD,695.45,704.05,692.0,700.45,700.1,695.45,,700.43,,,291847,203874684.0,17834,F1,1,,,,,,Cash Only,Automobile and Auto Components,True,698.8333333333334,698.025,699.6416666666668,699.6416666666668,698.025,1.616666666666788,0.2308040069479317,Narrow,Bullish,Above CPR,True,False,0.31666666666666665,60,565728256.3,Higher,True,Risk Off,False,24.142857142857142,708.8839999999999,639.133,0.06696252465483737,0.36037564277483664,False,True,No setup,Neutral,0,Not applicable,No directional setup; confirmation score not applicable.,Narrow CPR,Not applicable,Not applicable,Narrow CPR; Wide CPR rules not applied,0,-2,0,-2
2026-10-05,2026-10-05,CM,NSE,STK,14278,INE607D01018,ORIENTBELL,EQ,,,,,ORIENT BELL LIMITED,408.6,428.8,402.5,417.1,420.0,398.55,,416.85,,,86469,35949011.05,4317,F1,1,,,,,,Cash Only,Unclassified,False,416.1333333333334,415.65,416.6166666666668,416.6166666666668,415.65,0.9666666666668107,0.2317589706705372,Narrow,Bullish,Above CPR,True,False,0.23333333333333334,60,6825357.275,Higher,True,Risk Off,True,16.614285714285717,370.04900000000004,347.10350000000005,0.05818286041846667,5.266978650579137,True,True,No setup,Neutral,0,Not applicable,No directional setup; confirmation score not applicable.,Narrow CPR,Not applicable,Not applicable,Narrow CPR; Wide CPR rules not applied,0,0,0,0
2026-10-05,2026-10-05,CM,NSE,STK,757772,INE756I01012,HDBFS,EQ,,,,,HDB FINANCIAL SERVICES L,622.1,625.6,615.15,622.55,623.0,618.2,,622.56,,,308905,191759803.1,29087,F1,1,,,,,,Cash Only,Financial Services,True,621.1,620.375,621.825,621.825,620.375,1.4500000000000455,0.232913019034623,Narrow,Bullish,Above CPR,True,False,0.25,60,265709450.325,Higher,True,Risk Off,True,15.732142857142849,675.678,687.005,0.0921679909194127,0.7216898114291788,False,False,No setup,Neutral,0,Not applicable,No directional setup; confirmation score not applicable.,Narrow CPR,Not applicable,Not applicable,Narrow CPR; Wide CPR rules not applied,0,0,0,0
2026-10-05,2026-10-05,CM,NSE,STK,13587,INE731H01025,ACE,EQ,,,,,ACTION CONST EQUIP LTD,1210.0,1243.4,1203.0,1227.5,1227.2,1212.3,,1227.49,,,287382,353086478.5,29702,F1,1,,,,,,Cash Only,Capital Goods,True,1224.6333333333334,1223.2,1226.0666666666668,1226.0666666666668,1223.2,2.866666666666788,0.23353699932112323,Narrow,Bullish,Above CPR,True,False,0.2,60,334283925.29999995,Higher,True,Risk Off,True,42.60000000000001,1142.336,1043.23,0.06729264475743632,1.0562472550336541,True,True,No setup,Neutral,0,Not applicable,No directional setup; confirmation score not applicable.,Narrow CPR,Not applicable,Not applicable,Narrow CPR; Wide CPR rules not applied,0,0,0,0
2026-10-05,2026-10-05,CM,NSE,STK,18391,INE976G01028,RBLBANK,EQ,,,,,RBL BANK LIMITED,418.05,419.9,410.2,416.55,416.55,411.4,,416.56,,,4238401,1761567181.7,49170,F1,1,,,,,,F&O + Cash,Financial Services,True,415.54999999999995,415.04999999999995,416.04999999999995,416.04999999999995,415.04999999999995,1.0,0.24006721882126994,Narrow,Bullish,Above CPR,True,False,0.3,60,1320094421.025,Higher,True,Risk Off,False,11.864285714285712,394.55600000000004,375.976,0.08428657435279953,1.334425139326181,True,True,No setup,Neutral,0,Not applicable,No directional setup; confirmation score not applicable.,Narrow CPR,Not applicable,Not applicable,Narrow CPR; Wide CPR rules not applied,0,0,0,0
2026-10-05,2026-10-05,CM,NSE,STK,1134,INE713T01028,APOLLO,EQ,,,,,APOLLO MICRO SYSTEMS LTD,395.5,405.5,395.0,401.7,402.4,394.0,,401.69,,,4584428,1837587917.0,52256,F1,1,,,,,,Cash Only,Unclassified,False,400.73333333333335,400.25,401.2166666666667,401.2166666666667,400.25,0.966666666666697,0.24064392996432588,Narrow,Bullish,Above CPR,True,False,0.2833333333333333,60,2009810893.925,Higher,True,Risk Off,False,18.696428571428566,392.732,395.35,0.051703279210444174,0.9143088648561049,True,True,No setup,Neutral,0,Not applicable,No directional setup; confirmation score not applicable.,Narrow CPR,Not applicable,Not applicable,Narrow CPR; Wide CPR rules not applied,0,0,0,0
2026-10-05,2026-10-05,CM,NSE,STK,2885,INE002A01018,RELIANCE,EQ,,,,,RELIANCE INDUSTRIES LTD,1171.2,1193.0,1171.2,1186.4,1186.4,1167.7,,1186.4,,,14254907,16844086844.0,302759,F1,1,,,,,,F&O + Cash,Oil Gas & Consumable Fuels,True,1183.5333333333333,1182.1,1184.9666666666667,1184.9666666666667,1182.1,2.866666666666788,0.24162733198472586,Narrow,Bullish,Above CPR,True,False,0.45,60,13333800662.6,Higher,True,Risk Off,False,20.58571428571427,1278.344,1295.556,0.13925514688874066,1.263262236343911,False,False,No setup,Neutral,0,Not applicable,No directional setup; confirmation score not applicable.,Narrow CPR,Not applicable,Not applicable,Narrow CPR; Wide CPR rules not applied,0,0,0,0
2026-10-05,2026-10-05,CM,NSE,STK,3103,INE070A01015,SHREECEM,EQ,,,,,SHREE CEMENT LIMITED,21750.0,22100.0,21720.0,21990.0,21990.0,21900.0,,21990.0,,,39075,854332495.0,13283,F1,1,,,,,,F&O + Cash,Construction Materials,True,21936.666666666668,21910.0,21963.333333333336,21963.333333333336,21910.0,53.33333333333576,0.24253448537214986,Narrow,Bullish,Above CPR,True,False,0.4666666666666667,60,411973097.5,Higher,True,Risk Off,False,563.2142857142857,24154.4,24779.3,0.09469456774466718,2.0737579715384205,False,False,No setup,Neutral,0,Not applicable,No directional setup; confirmation score not applicable.,Narrow CPR,Not applicable,Not applicable,Narrow CPR; Wide CPR rules not applied,0,0,0,0
2026-10-05,2026-10-05,CM,NSE,STK,3453,INE014B01011,TECILCHEM,EQ,,,,,TECIL CHEMICALS,9.29,10.15,8.9,9.56,9.66,9.25,,9.56,,,21261,204194.55,85,F1,1,,,,,,Cash Only,Unclassified,False,9.536666666666667,9.525,9.548333333333334,9.548333333333334,9.525,0.023333333333333428,0.2440725244072534,Narrow,Bullish,Above CPR,True,False,0.05,60,97929.995,Higher,True,Risk Off,True,0.7799999999999999,9.3604,10.1659,0.02991452991453004,2.085107325901528,True,False,No setup,Neutral,0,Not applicable,No directional setup; confirmation score not applicable.,Narrow CPR,Not applicable,Not applicable,Narrow CPR; Wide CPR rules not applied,0,0,0,0
2026-10-05,2026-10-05,CM,NSE,STK,20182,INE442H01029,ASHOKA,EQ,,,,,ASHOKA BUILDCON LTD,105.35,106.65,104.36,105.9,106.49,105.31,,105.9,,,538732,56891780.77,7556,F1,1,,,,,,Cash Only,Unclassified,False,105.63666666666666,105.505,105.76833333333332,105.76833333333332,105.505,0.2633333333333212,0.2486622599936933,Narrow,Bullish,Above CPR,True,False,0.4,60,66162086.995000005,Inside,True,Risk Off,False,3.3700000000000023,114.911,120.9553,0.07814045499505075,0.859884918296175,False,False,No setup,Neutral,0,Not applicable,No directional setup; confirmation score not applicable.,Narrow CPR,Not applicable,Not applicable,Narrow CPR; Wide CPR rules not applied,0,0,0,0
