TradDt,BizDt,Sgmt,Src,FinInstrmTp,FinInstrmId,ISIN,SYMBOL,SERIES,XpryDt,FininstrmActlXpryDt,StrkPric,OptnTp,NAME,OPEN,HIGH,LOW,CLOSE,LAST,PREVCLOSE,UndrlygPric,SttlmPric,OpnIntrst,ChngInOpnIntrst,VOLUME,VALUE,TtlNbOfTxsExctd,SsnId,NewBrdLotQty,Rmks,Rsvd1,Rsvd2,Rsvd3,Rsvd4,Segment,Industry,Nifty500,Pivot,BC,TC,CPR_Top,CPR_Bottom,CPR_Width,CPR_Width_Pct,CPR_Class,Bias,Price_Position,Bullish_CPR,Bearish_CPR,Width_Rank_Pct,History_Days,Value_60d,Overlay,History_OK,Regime,Own_Narrow,ATR14,SMA50,SMA100,Width_ATR,Value_Ratio,Above_SMA50,Above_SMA100,Setup,Signal_Direction,Signal_Score,Signal_Grade,Signal_Explanation,Strategy_Type,Strategy_Setup,Strategy_Confirmation,Strategy_Explanation,Daily_Signal,Weekly_Signal,Monthly_Signal,Confluence_Score
2026-09-21,2026-09-21,CM,NSE,STK,29877,INE370E01029,VIVIDHA,EQ,,,,,VISAGAR POLYTEX LTD,0.51,0.53,0.51,0.52,0.52,0.51,,0.52,,,231678,121456.8,165,F1,1,,,,,,Cash Only,Unclassified,False,0.52,0.52,0.52,0.52,0.52,0.0,0.0,Narrow,Neutral,Inside CPR,False,False,0.1,60,105384.625,Inside,True,Neutral,False,0.028571428571428588,0.521,0.5292,0.0,1.1525096758659055,False,False,No setup,Neutral,0,Not applicable,No directional setup; confirmation score not applicable.,Narrow CPR,Not applicable,Not applicable,Narrow CPR; Wide CPR rules not applied,0,0,0,0
2026-09-21,2026-09-21,CM,NSE,STK,765010,INE290E01011,YOGI,EQ,,,,,YOGI LTD.,162.0,162.0,162.0,162.0,162.0,163.98,,162.5,,,70,11340.0,4,F1,1,,,,,,Cash Only,Unclassified,False,162.0,162.0,162.0,162.0,162.0,0.0,0.0,Narrow,Neutral,Inside CPR,False,False,0.10416666666666667,24,91296.975,Lower,True,Neutral,False,7.7242857142857115,,,0.0,0.12421002995991925,False,False,No setup,Neutral,0,Not applicable,No directional setup; confirmation score not applicable.,Narrow CPR,Not applicable,Not applicable,Narrow CPR; Wide CPR rules not applied,0,0,0,0
2026-09-21,2026-09-21,CM,NSE,STK,11943,INE942G01012,MCLEODRUSS,EQ,,,,,MCLEOD RUSSEL INDIA LTD.,46.54,46.54,46.54,46.54,46.54,44.33,,46.54,,,32416,1508640.64,62,F1,1,,,,,,Cash Only,Unclassified,False,46.54,46.54,46.54,46.54,46.54,0.0,0.0,Narrow,Neutral,Inside CPR,False,False,0.025,60,14455513.535,Higher,True,Neutral,False,1.9878571428571432,42.538000000000004,42.6837,0.0,0.10436437531930268,True,True,No setup,Neutral,0,Not applicable,No directional setup; confirmation score not applicable.,Narrow CPR,Not applicable,Not applicable,Narrow CPR; Wide CPR rules not applied,0,0,0,0
2026-09-21,2026-09-21,CM,NSE,STK,3403,INE820Y01021,AJOONI,EQ,,,,,AJOONI BIOTECH LIMITED,3.26,3.34,3.02,3.18,3.19,3.28,,3.18,,,624857,1968806.72,1040,F1,1,,,,,,Cash Only,Unclassified,False,3.1799999999999997,3.1799999999999997,3.1799999999999997,3.1799999999999997,3.1799999999999997,0.0,0.0,Narrow,Neutral,Above CPR,False,False,0.041666666666666664,60,1112890.815,Lower,True,Neutral,False,0.162142857142857,3.7874,3.8823000000000003,0.0,1.769092433384851,False,False,No setup,Neutral,0,Not applicable,No directional setup; confirmation score not applicable.,Narrow CPR,Not applicable,Not applicable,Narrow CPR; Wide CPR rules not applied,0,0,0,0
2026-09-21,2026-09-21,CM,NSE,STK,759381,INE296Q01012,MONEYBOXX,EQ,,,,,MONEYBOXX FINANCE LIMITED,57.21,57.21,57.21,57.21,57.21,54.49,,57.23,,,19171,1096772.91,44,F1,1,,,,,,Cash Only,Unclassified,False,57.21,57.21,57.21,57.21,57.21,0.0,0.0,Narrow,Neutral,Inside CPR,False,False,0.041666666666666664,60,841677.26,Higher,True,Neutral,False,5.178571428571429,56.663199999999996,63.3531,0.0,1.3030801259855824,True,False,No setup,Neutral,0,Not applicable,No directional setup; confirmation score not applicable.,Narrow CPR,Not applicable,Not applicable,Narrow CPR; Wide CPR rules not applied,0,0,-2,-2
2026-09-21,2026-09-21,CM,NSE,STK,10590,INE970D01010,LOYALTEX,EQ,,,,,LOYAL TEXTILE MILLS LTD,202.54,202.54,202.54,202.54,202.54,201.35,,205.15,,,1,202.54,1,F1,1,,,,,,Cash Only,Unclassified,False,202.54,202.54,202.54,202.54,202.54,0.0,0.0,Narrow,Neutral,Inside CPR,False,False,0.041666666666666664,60,97874.325,Inside,True,Neutral,False,11.89,210.93759999999997,214.29260000000002,0.0,0.002069388473432639,False,False,No setup,Neutral,0,Not applicable,No directional setup; confirmation score not applicable.,Narrow CPR,Not applicable,Not applicable,Narrow CPR; Wide CPR rules not applied,0,0,0,0
2026-09-21,2026-09-21,CM,NSE,STK,25786,INE879E01037,KANANIIND,EQ,,,,,KANANI INDUSTRIES LTD,1.42,1.44,1.4,1.42,1.43,1.42,,1.42,,,137903,195536.71,229,F1,1,,,,,,Cash Only,Unclassified,False,1.42,1.42,1.42,1.42,1.42,0.0,0.0,Narrow,Neutral,Inside CPR,False,False,0.05,60,181143.875,Inside,True,Neutral,False,0.07642857142857148,1.4962,1.5295,0.0,1.0794552672564832,False,False,No setup,Neutral,0,Not applicable,No directional setup; confirmation score not applicable.,Narrow CPR,Not applicable,Not applicable,Narrow CPR; Wide CPR rules not applied,0,0,0,0
2026-09-21,2026-09-21,CM,NSE,STK,764828,INE798F01010,PANCHMAHQ,EQ,,,,,PANCHMAHAL STEEL LTD.,301.0,301.0,301.0,301.0,301.0,296.4,,302.48,,,25,7525.0,2,F1,1,,,,,,Cash Only,Unclassified,False,301.0,301.0,301.0,301.0,301.0,0.0,0.0,Narrow,Neutral,Inside CPR,False,False,0.1111111111111111,18,38769.775,Higher,False,Neutral,False,21.68928571428572,,,0.0,0.1940944975822016,False,False,No setup,Neutral,0,Not applicable,No directional setup; confirmation score not applicable.,Narrow CPR,Not applicable,Not applicable,Narrow CPR; Wide CPR rules not applied,0,0,0,0
2026-09-21,2026-09-21,CM,NSE,STK,29492,INE215B01022,ORCHASP,EQ,,,,,ORCHASP LIMITED,1.4,1.46,1.4,1.43,1.43,1.4,,1.41,,,146394,208518.54,306,F1,1,,,,,,Cash Only,Unclassified,False,1.43,1.43,1.43,1.43,1.43,0.0,0.0,Narrow,Neutral,Inside CPR,False,False,0.025,60,361170.98,Higher,True,Neutral,False,0.12285714285714279,1.518,1.7372,0.0,0.5773402392407054,False,False,No setup,Neutral,0,Not applicable,No directional setup; confirmation score not applicable.,Narrow CPR,Not applicable,Not applicable,Narrow CPR; Wide CPR rules not applied,0,0,0,0
2026-09-21,2026-09-21,CM,NSE,STK,128,INE450U01017,ROUTE,EQ,,,,,ROUTE MOBILE LIMITED,465.9,475.05,463.35,469.2,468.25,464.4,,469.22,,,187504,87963276.15,7429,F1,1,,,,,,Cash Only,Unclassified,False,469.20000000000005,469.20000000000005,469.20000000000005,469.20000000000005,469.20000000000005,0.0,0.0,Narrow,Neutral,Below CPR,False,False,0.016666666666666666,60,89928598.525,Inside,True,Neutral,False,15.814285714285713,523.935,526.6355,0.0,0.9781457466564027,False,False,No setup,Neutral,0,Not applicable,No directional setup; confirmation score not applicable.,Narrow CPR,Not applicable,Not applicable,Narrow CPR; Wide CPR rules not applied,0,0,-2,-2
2026-09-21,2026-09-21,CM,NSE,STK,13251,INE190H01024,SAKUMA,EQ,,,,,SAKUMA EXPORTS LIMITED,1.53,1.55,1.51,1.53,1.54,1.51,,1.53,,,515929,786154.2,826,F1,1,,,,,,Cash Only,Unclassified,False,1.53,1.53,1.53,1.53,1.53,0.0,0.0,Narrow,Neutral,Inside CPR,False,False,0.05,60,1672394.02,Inside,True,Neutral,False,0.06642857142857136,1.6735999999999998,1.7276000000000002,0.0,0.47007714127081124,False,False,No setup,Neutral,0,Not applicable,No directional setup; confirmation score not applicable.,Narrow CPR,Not applicable,Not applicable,Narrow CPR; Wide CPR rules not applied,0,0,0,0
2026-09-21,2026-09-21,CM,NSE,STK,759062,INE0KKN01029,RHETAN,EQ,,,,,RHETAN TMT LIMITED,18.6,18.6,18.6,18.6,18.6,19.57,,18.6,,,556175,10344855.0,1332,F1,1,,,,,,Cash Only,Unclassified,False,18.6,18.6,18.6,18.6,18.6,0.0,0.0,Narrow,Neutral,Inside CPR,False,False,0.06666666666666667,60,218786023.26,Lower,True,Neutral,False,1.3964285714285718,25.679399999999998,26.921800000000005,0.0,0.04728297925917519,False,False,No setup,Neutral,0,Not applicable,No directional setup; confirmation score not applicable.,Narrow CPR,Not applicable,Not applicable,Narrow CPR; Wide CPR rules not applied,0,0,0,0
2026-09-21,2026-09-21,CM,NSE,STK,764970,INE726E01014,UPHOT,EQ,,,,,U P HOTELS LTD.,1450.0,1450.0,1450.0,1450.0,1450.0,1500.0,,1450.0,,,1,1450.0,1,F1,1,,,,,,Cash Only,Unclassified,False,1450.0,1450.0,1450.0,1450.0,1450.0,0.0,0.0,Narrow,Neutral,Inside CPR,False,False,0.13157894736842105,19,42948.5,Lower,False,Neutral,False,50.06428571428574,,,0.0,0.033761365356182405,False,False,No setup,Neutral,0,Not applicable,No directional setup; confirmation score not applicable.,Narrow CPR,Not applicable,Not applicable,Narrow CPR; Wide CPR rules not applied,0,0,0,0
2026-09-21,2026-09-21,CM,NSE,STK,1134,INE713T01028,APOLLO,EQ,,,,,APOLLO MICRO SYSTEMS LTD,372.45,398.5,372.4,385.45,387.6,370.7,,385.48,,,12586221,4894598624.85,118662,F1,1,,,,,,Cash Only,Unclassified,False,385.45,385.45,385.45,385.45,385.45,0.0,0.0,Narrow,Neutral,Inside CPR,False,False,0.016666666666666666,60,2211514603.625,Higher,True,Neutral,False,18.332142857142856,392.28,386.80769999999995,0.0,2.2132336891771045,False,False,No setup,Neutral,0,Not applicable,No directional setup; confirmation score not applicable.,Narrow CPR,Not applicable,Not applicable,Narrow CPR; Wide CPR rules not applied,0,0,-2,-2
2026-09-21,2026-09-21,CM,NSE,STK,762670,INE507F01023,EMPOWER,EQ,,,,,EMPOWER INDIA LTD.,2.27,2.27,2.27,2.27,2.27,2.38,,2.27,,,632555,1435899.85,939,F1,1,,,,,,Cash Only,Unclassified,False,2.27,2.27,2.27,2.27,2.27,0.0,0.0,Narrow,Neutral,Inside CPR,False,False,0.19696969696969696,33,8135344.35,Lower,True,Neutral,False,0.1078571428571429,,,0.0,0.1765014224628365,False,False,No setup,Neutral,0,Not applicable,No directional setup; confirmation score not applicable.,Narrow CPR,Not applicable,Not applicable,Narrow CPR; Wide CPR rules not applied,0,0,0,0
2026-09-21,2026-09-21,CM,NSE,STK,17486,INE201K01015,EXPLEOSOL,EQ,,,,,EXPLEO SOLUTIONS LIMITED,886.85,889.9,876.4,883.15,885.0,881.95,,883.03,,,10828,9558088.25,1243,F1,1,,,,,,Cash Only,Unclassified,False,883.15,883.15,883.15,883.15,883.15,0.0,0.0,Narrow,Neutral,Inside CPR,False,False,0.025,60,24469207.174999997,Lower,True,Neutral,False,30.142857142857135,852.934,849.1709999999999,0.0,0.3906169979943374,True,True,No setup,Neutral,0,Not applicable,No directional setup; confirmation score not applicable.,Narrow CPR,Not applicable,Not applicable,Narrow CPR; Wide CPR rules not applied,0,0,0,0
2026-09-21,2026-09-21,CM,NSE,STK,758958,INE1VXE01018,STLNETWORK,EQ,,,,,STL NETWORKS LIMITED,45.09,45.09,45.09,45.09,45.09,42.95,,45.09,,,1786378,80547784.02,1578,F1,1,,,,,,Cash Only,Unclassified,False,45.09,45.09,45.09,45.09,45.09,0.0,0.0,Narrow,Neutral,Inside CPR,False,False,0.016666666666666666,60,82789578.86,Higher,True,Neutral,False,1.940714285714286,29.408599999999996,24.716099999999997,0.0,0.9729217750486332,True,True,No setup,Neutral,0,Not applicable,No directional setup; confirmation score not applicable.,Narrow CPR,Not applicable,Not applicable,Narrow CPR; Wide CPR rules not applied,0,0,0,0
2026-09-21,2026-09-21,CM,NSE,STK,765210,INE574G01013,VASUPRADA,EQ,,,,,SHRI VASUPRADA PLANTATI L,98.0,98.0,98.0,98.0,98.0,102.0,,98.85,,,684,67032.0,5,F1,1,,,,,,Cash Only,Unclassified,False,98.0,98.0,98.0,98.0,98.0,0.0,0.0,Narrow,Neutral,Inside CPR,False,False,0.34375,16,4714.58,Lower,False,Neutral,False,2.2092857142857136,,,0.0,14.21802154168558,False,False,No setup,Neutral,0,Not applicable,No directional setup; confirmation score not applicable.,Narrow CPR,Not applicable,Not applicable,Narrow CPR; Wide CPR rules not applied,0,0,0,0
2026-09-21,2026-09-21,CM,NSE,STK,14607,INE797H01018,TGBHOTELS,EQ,,,,,TGB BANQUETS&HOTELS LTD,9.45,9.78,9.3,9.54,9.58,9.41,,9.54,,,3162,30009.29,53,F1,1,,,,,,Cash Only,Unclassified,False,9.54,9.54,9.54,9.54,9.54,0.0,0.0,Narrow,Neutral,Inside CPR,False,False,0.025,60,170626.525,Inside,True,Neutral,False,0.6457142857142856,9.3062,9.2255,0.0,0.1758770507692166,True,True,No setup,Neutral,0,Not applicable,No directional setup; confirmation score not applicable.,Narrow CPR,Not applicable,Not applicable,Narrow CPR; Wide CPR rules not applied,0,0,0,0
2026-09-21,2026-09-21,CM,NSE,STK,762919,INE321M01017,SONAL,EQ,,,,,SONAL MERCANTILE LTD.,84.01,84.01,84.01,84.01,84.01,84.07,,84.01,,,1,84.01,1,F1,1,,,,,,Cash Only,Unclassified,False,84.01,84.01,84.01,84.01,84.01,0.0,0.0,Narrow,Neutral,Inside CPR,False,False,0.11666666666666667,60,5586.645,Lower,True,Neutral,False,3.1614285714285697,90.0642,,0.0,0.01503764781903987,False,False,No setup,Neutral,0,Not applicable,No directional setup; confirmation score not applicable.,Narrow CPR,Not applicable,Not applicable,Narrow CPR; Wide CPR rules not applied,0,0,0,0
2026-09-21,2026-09-21,CM,NSE,STK,11999,INE512B01022,FCSSOFT,EQ,,,,,FCS SOFTWARE SOLN. LTD.,1.41,1.41,1.39,1.4,1.4,1.41,,1.4,,,1254958,1758090.8,1153,F1,1,,,,,,Cash Only,Unclassified,False,1.3999999999999997,1.4,1.3999999999999995,1.4,1.3999999999999995,4.440892098500626e-16,3.1720657846433045e-14,Narrow,Bearish,Inside CPR,False,False,0.06666666666666667,60,2723251.88,Lower,True,Neutral,True,0.03642857142857146,1.4929999999999999,1.5318,1.2190684191962491e-14,0.6455850863123246,False,False,Watch Short,Short,66,Confirmed,CPR width: Narrow (20/20); Price location: Inside CPR; watch state (10/20); Trend: aligned with SMA50/SMA100 (20/20); Participation: light (0.65x) (4/20); Higher timeframe: slightly aligned (-1) (12/20),Narrow CPR,Not applicable,Not applicable,Narrow CPR; Wide CPR rules not applied,-1,0,0,-1
2026-09-21,2026-09-21,CM,NSE,STK,31258,INE875G01048,NDL,EQ,,,,,NANDAN DENIM LIMITED,2.77,2.84,2.74,2.79,2.76,2.78,,2.79,,,839999,2320928.29,1226,F1,1,,,,,,Cash Only,Unclassified,False,2.7900000000000005,2.79,2.790000000000001,2.790000000000001,2.79,8.881784197001252e-16,3.1834351960577964e-14,Narrow,Bullish,Inside CPR,False,False,0.05,60,2198033.925,Lower,True,Neutral,True,0.15714285714285722,2.5674,2.577,5.652044489000794e-15,1.0559110410454653,True,True,Watch Long,Long,82,Strong confirmation,CPR width: Narrow (20/20); Price location: Inside CPR; watch state (10/20); Trend: aligned with SMA50/SMA100 (20/20); Participation: confirmed (1.06x) (20/20); Higher timeframe: slightly aligned (+1) (12/20),Narrow CPR,Not applicable,Not applicable,Narrow CPR; Wide CPR rules not applied,1,0,0,1
2026-09-21,2026-09-21,CM,NSE,STK,2454,INE660C01027,CENTRUM,EQ,,,,,CENTRUM CAPITAL LIMITED,21.7,22.0,21.7,21.85,22.0,21.94,,21.86,,,95806,2091650.86,472,F1,1,,,,,,Cash Only,Unclassified,False,21.850000000000005,21.85,21.85000000000001,21.85000000000001,21.85,7.105427357601002e-15,3.2519118341423346e-14,Narrow,Bullish,Inside CPR,False,False,0.03333333333333333,60,5922581.335,Lower,True,Neutral,True,0.9678571428571429,23.5364,23.378400000000003,7.341400959882954e-15,0.35316540908255845,False,False,Watch Long,Long,46,Weak confirmation,CPR width: Narrow (20/20); Price location: Inside CPR; watch state (10/20); Trend: opposes SMA direction (0/20); Participation: light (0.35x) (4/20); Higher timeframe: slightly aligned (+1) (12/20),Narrow CPR,Not applicable,Not applicable,Narrow CPR; Wide CPR rules not applied,1,0,0,1
2026-09-21,2026-09-21,CM,NSE,STK,13072,INE489L01022,IIFLCAPS,EQ,,,,,IIFL CAPITAL SERVICES LTD,345.4,345.8,343.0,344.4,344.5,345.1,,344.4,,,329452,113410027.45,5419,F1,1,,,,,,Cash Only,Unclassified,False,344.3999999999999,344.4,344.39999999999986,344.4,344.39999999999986,1.1368683772161603e-13,3.301011548246691e-14,Narrow,Bearish,Inside CPR,False,False,0.06666666666666667,60,86611143.0,Higher,True,Neutral,True,4.467857142857135,337.09,338.67940000000004,2.5445495253439282e-14,1.309416127322093,True,True,Watch Short,Short,62,Mixed,CPR width: Narrow (20/20); Price location: Inside CPR; watch state (10/20); Trend: opposes SMA direction (0/20); Participation: confirmed (1.31x) (20/20); Higher timeframe: slightly aligned (-1) (12/20),Narrow CPR,Not applicable,Not applicable,Narrow CPR; Wide CPR rules not applied,-1,0,0,-1
2026-09-21,2026-09-21,CM,NSE,STK,30893,INE00WV01027,CMRGREEN,EQ,,,,,CMR GREEN TECHNOLOGIES L,232.0,233.19,226.6,229.9,229.6,231.87,,229.9,,,489891,112565055.08,16860,F1,1,,,,,,Cash Only,Unclassified,False,229.89666666666665,229.89499999999998,229.8983333333333,229.8983333333333,229.89499999999998,0.0033333333333303017,0.001449905756124533,Narrow,Bullish,Above CPR,True,False,0.016666666666666666,60,163047382.05,Higher,True,Neutral,True,8.044285714285719,220.4682,,0.0004143728171428183,0.6903824744973879,True,False,No setup,Neutral,0,Not applicable,No directional setup; confirmation score not applicable.,Narrow CPR,Not applicable,Not applicable,Narrow CPR; Wide CPR rules not applied,0,0,0,0
2026-09-21,2026-09-21,CM,NSE,STK,25800,INE0JVO01026,GARUDA,EQ,,,,,GARUDA CONSTRUCT N ENG L,175.5,178.88,174.65,176.77,176.25,175.53,,176.76,,,325038,57465420.92,4897,F1,1,,,,,,Cash Only,Unclassified,False,176.76666666666665,176.765,176.76833333333332,176.76833333333332,176.765,0.0033333333333303017,0.001885689502364825,Narrow,Bullish,Above CPR,True,False,0.016666666666666666,60,57005239.269999996,Higher,True,Neutral,True,6.932142857142856,178.58739999999997,176.9134,0.0004808517946071533,1.008072620269523,False,False,No setup,Neutral,0,Not applicable,No directional setup; confirmation score not applicable.,Narrow CPR,Not applicable,Not applicable,Narrow CPR; Wide CPR rules not applied,0,-2,0,-2
2026-09-21,2026-09-21,CM,NSE,STK,760039,INE0QPI01025,SUDEEPPHRM,EQ,,,,,SUDEEP PHARMA LIMITED,1160.0,1165.0,1123.1,1144.0,1138.0,1155.0,,1144.01,,,99336,113416897.6,11206,F1,1,,,,,,Cash Only,Unclassified,False,1144.0333333333333,1144.05,1144.0166666666667,1144.05,1144.0166666666667,0.03333333333330302,0.0029137529137502637,Narrow,Bearish,Below CPR,False,True,0.03333333333333333,60,207936091.35,Inside,True,Neutral,True,67.75000000000001,1050.22,899.8809999999999,0.0004920049200487529,0.54544113464697,True,True,No setup,Neutral,0,Not applicable,No directional setup; confirmation score not applicable.,Narrow CPR,Not applicable,Not applicable,Narrow CPR; Wide CPR rules not applied,0,0,0,0
2026-09-21,2026-09-21,CM,NSE,STK,11703,INE540L01014,ALKEM,EQ,,,,,ALKEM LABORATORIES LTD.,5395.0,5411.0,5316.5,5364.0,5364.0,5466.5,,5363.64,,,94968,510476864.0,9631,F1,1,,,,,,F&O + Cash,Healthcare,True,5363.833333333333,5363.75,5363.916666666666,5363.916666666666,5363.75,0.16666666666606034,0.0031071339796058975,Narrow,Bullish,Above CPR,True,False,0.05,60,614466963.25,Lower,True,Neutral,True,119.82142857142857,5453.32,5447.225,0.0013909587680028881,0.8307637261733615,False,False,No setup,Neutral,0,Not applicable,No directional setup; confirmation score not applicable.,Narrow CPR,Not applicable,Not applicable,Narrow CPR; Wide CPR rules not applied,0,0,0,0
2026-09-21,2026-09-21,CM,NSE,STK,8546,INE427F01016,CHALET,EQ,,,,,CHALET HOTELS LIMITED,864.0,865.6,854.6,860.05,860.0,865.65,,860.05,,,34551,29723159.7,3729,F1,1,,,,,,Cash Only,Consumer Services,True,860.0833333333334,860.1,860.0666666666667,860.1,860.0666666666667,0.03333333333330302,0.0038757436583109145,Narrow,Bearish,Below CPR,False,True,0.016666666666666666,60,86337963.85,Inside,True,Neutral,True,25.021428571428583,857.1029999999998,822.0084999999999,0.0013321914549421696,0.3442652383097636,True,True,No setup,Neutral,0,Not applicable,No directional setup; confirmation score not applicable.,Narrow CPR,Not applicable,Not applicable,Narrow CPR; Wide CPR rules not applied,0,0,0,0
2026-09-21,2026-09-21,CM,NSE,STK,34,INE045A01017,ADOR,EQ,,,,,ADOR WELDING LTD,1585.0,1587.9,1564.7,1576.4,1571.1,1592.1,,1576.4,,,13795,21746248.3,1920,F1,1,,,,,,Cash Only,Unclassified,False,1576.3333333333333,1576.3000000000002,1576.3666666666663,1576.3666666666663,1576.3000000000002,0.06666666666615129,0.004229045081587876,Narrow,Bullish,Above CPR,True,False,0.016666666666666666,60,54862065.85,Lower,True,Neutral,True,56.39285714285719,1538.218,1346.094,0.0011821828161192112,0.3963804126417161,True,True,No setup,Neutral,0,Not applicable,No directional setup; confirmation score not applicable.,Narrow CPR,Not applicable,Not applicable,Narrow CPR; Wide CPR rules not applied,0,0,0,0
2026-09-21,2026-09-21,CM,NSE,STK,25503,INE250Z01010,INDOUS,EQ,,,,,INDO US BIOTECH LTD,79.92,79.92,77.07,78.5,78.5,78.0,,78.5,,,3873,305837.83,66,F1,1,,,,,,Cash Only,Unclassified,False,78.49666666666667,78.495,78.49833333333333,78.49833333333333,78.495,0.0033333333333303017,0.004246284501057709,Narrow,Bullish,Above CPR,True,False,0.03333333333333333,60,1108906.23,Inside,True,Neutral,True,4.719285714285715,82.3418,89.5564,0.0007063215781235692,0.2758013452589224,False,False,No setup,Neutral,0,Not applicable,No directional setup; confirmation score not applicable.,Narrow CPR,Not applicable,Not applicable,Narrow CPR; Wide CPR rules not applied,0,0,0,0
2026-09-21,2026-09-21,CM,NSE,STK,14198,INE325A01013,TIMKEN,EQ,,,,,TIMKEN INDIA LTD.,3124.2,3161.8,3112.2,3136.8,3129.5,3124.2,,3136.72,,,15710,49231714.4,4378,F1,1,,,,,,Cash Only,Capital Goods,True,3136.933333333333,3137.0,3136.866666666666,3137.0,3136.866666666666,0.13333333333412156,0.004250616339394337,Narrow,Bearish,Below CPR,False,True,0.016666666666666666,60,105473294.9,Lower,True,Neutral,True,107.17857142857153,3177.4580000000005,3356.097,0.0012440297678625125,0.4667694741752113,False,False,No setup,Neutral,0,Not applicable,No directional setup; confirmation score not applicable.,Narrow CPR,Not applicable,Not applicable,Narrow CPR; Wide CPR rules not applied,0,0,0,0
2026-09-21,2026-09-21,CM,NSE,STK,14900,INE280H01015,SAHYADRI,EQ,,,,,SAHYADRI INDUSTRIES LTD,366.95,378.5,363.45,370.95,371.1,365.35,,370.42,,,4122,1516687.6,408,F1,1,,,,,,Cash Only,Unclassified,False,370.9666666666667,370.975,370.95833333333337,370.975,370.95833333333337,0.01666666666665151,0.004492968504286698,Narrow,Bearish,Below CPR,False,True,0.03333333333333333,60,3147764.225,Higher,True,Neutral,True,19.778571428571432,338.16200000000003,312.3757,0.0008426628144930339,0.48183011546870225,True,True,No setup,Neutral,0,Not applicable,No directional setup; confirmation score not applicable.,Narrow CPR,Not applicable,Not applicable,Narrow CPR; Wide CPR rules not applied,0,0,0,0
2026-09-21,2026-09-21,CM,NSE,STK,29008,INE105A01035,TVSHLTD,EQ,,,,,TVS HOLDINGS LIMITED,12875.0,12875.0,12581.0,12729.0,12743.0,12812.0,,12729.0,,,3141,39891406.0,1480,F1,1,,,,,,Cash Only,Unclassified,False,12728.333333333334,12728.0,12728.666666666668,12728.666666666668,12728.0,0.6666666666678793,0.005237384450215095,Narrow,Bullish,Above CPR,True,False,0.016666666666666666,60,57111042.5,Lower,True,Neutral,True,409.7857142857143,13936.04,13833.23,0.001626866538844398,0.6984884928339383,False,False,No setup,Neutral,0,Not applicable,No directional setup; confirmation score not applicable.,Narrow CPR,Not applicable,Not applicable,Narrow CPR; Wide CPR rules not applied,0,0,0,0
2026-09-21,2026-09-21,CM,NSE,STK,11895,INE0KL801015,DCXINDIA,EQ,,,,,DCX SYSTEMS LIMITED,163.1,164.99,159.02,162.02,161.8,163.1,,162.03,,,408177,65912419.97,6762,F1,1,,,,,,Cash Only,Unclassified,False,162.01,162.005,162.015,162.015,162.005,0.009999999999990905,0.006172077521288054,Narrow,Bullish,Above CPR,True,False,0.05,60,74013540.68,Lower,True,Neutral,True,5.50642857142857,176.687,187.74,0.001816059151639288,0.8905454240457773,False,False,No setup,Neutral,0,Not applicable,No directional setup; confirmation score not applicable.,Narrow CPR,Not applicable,Not applicable,Narrow CPR; Wide CPR rules not applied,0,0,-2,-2
2026-09-21,2026-09-21,CM,NSE,STK,23480,INE985A01022,SINCLAIR,EQ,,,,,SINCLAIRS HOTELS LIMITED,81.93,85.47,81.93,83.71,84.0,81.93,,83.71,,,45303,3818663.1,598,F1,1,,,,,,Cash Only,Unclassified,False,83.70333333333333,83.7,83.70666666666666,83.70666666666666,83.7,0.006666666666660603,0.007964002707753678,Narrow,Bullish,Above CPR,True,False,0.016666666666666666,60,1662804.125,Higher,True,Neutral,True,3.267857142857145,77.3504,77.0753,0.0020400728597431343,2.296520102751128,True,True,No setup,Neutral,0,Not applicable,No directional setup; confirmation score not applicable.,Narrow CPR,Not applicable,Not applicable,Narrow CPR; Wide CPR rules not applied,0,0,0,0
2026-09-21,2026-09-21,CM,NSE,STK,881,INE089A01031,DRREDDY,EQ,,,,,DR. REDDY S LABORATORIES,1185.0,1211.9,1185.0,1198.3,1198.3,1185.0,,1198.31,,,1718834,2067057819.9,64405,F1,1,,,,,,F&O + Cash,Healthcare,True,1198.3999999999999,1198.45,1198.3499999999997,1198.45,1198.3499999999997,0.1000000000003638,0.008345155637182992,Narrow,Bearish,Below CPR,False,True,0.03333333333333333,60,2085184899.6,Higher,True,Neutral,True,23.471428571428564,1176.692,1240.638,0.00426049908705141,0.9913067279052917,True,False,No setup,Neutral,0,Not applicable,No directional setup; confirmation score not applicable.,Narrow CPR,Not applicable,Not applicable,Narrow CPR; Wide CPR rules not applied,0,0,0,0
2026-09-21,2026-09-21,CM,NSE,STK,17357,INE528A01020,GKWLIMITED,EQ,,,,,GKW LIMITED,1569.1,1587.1,1556.1,1571.4,1571.4,1587.1,,1571.4,,,63,99320.1,14,F1,1,,,,,,Cash Only,Unclassified,False,1571.5333333333335,1571.6,1571.4666666666672,1571.6,1571.4666666666672,0.13333333333275732,0.00848500275758924,Narrow,Bearish,Below CPR,False,True,0.016666666666666666,60,469522.45,Lower,True,Neutral,True,53.25714285714288,1622.4879999999998,1682.487,0.002503576537900485,0.21153429404706847,False,False,No setup,Neutral,0,Not applicable,No directional setup; confirmation score not applicable.,Narrow CPR,Not applicable,Not applicable,Narrow CPR; Wide CPR rules not applied,0,0,0,0
2026-09-21,2026-09-21,CM,NSE,STK,357,INE298J01013,NAM-INDIA,EQ,,,,,NIPPON L I A M LTD,1155.0,1158.0,1135.1,1146.7,1146.7,1155.0,,1146.7,,,654535,752772294.8,30412,F1,1,,,,,,F&O + Cash,Financial Services,True,1146.6000000000001,1146.55,1146.6500000000003,1146.6500000000003,1146.55,0.1000000000003638,0.008720676724545547,Narrow,Bullish,Above CPR,True,False,0.016666666666666666,60,1007835423.1,Inside,True,Neutral,True,32.98571428571428,1178.114,1147.2515,0.003031615417940869,0.746919861662084,False,False,No setup,Neutral,0,Not applicable,No directional setup; confirmation score not applicable.,Narrow CPR,Not applicable,Not applicable,Narrow CPR; Wide CPR rules not applied,0,0,0,0
2026-09-21,2026-09-21,CM,NSE,STK,762824,INE265B01019,NITTAGELA,EQ,,,,,NITTA GELATIN INDIA LTD.,1706.0,1759.9,1692.2,1725.8,1711.9,1711.4,,1725.83,,,2941,5035012.2,521,F1,1,,,,,,Cash Only,Unclassified,False,1725.966666666667,1726.0500000000002,1725.8833333333337,1726.0500000000002,1725.8833333333337,0.16666666666651508,0.009657356974534424,Narrow,Bearish,Below CPR,False,True,0.016666666666666666,60,10787081.8,Inside,True,Neutral,True,76.29285714285713,1715.092,1613.249,0.002184564491462608,0.4667631425581662,True,True,No setup,Neutral,0,Not applicable,No directional setup; confirmation score not applicable.,Narrow CPR,Not applicable,Not applicable,Narrow CPR; Wide CPR rules not applied,0,0,0,0
2026-09-21,2026-09-21,CM,NSE,STK,19943,INE288B01029,DEEPAKNTR,EQ,,,,,DEEPAK NITRITE LTD,1586.3,1602.0,1570.1,1586.3,1587.0,1586.3,,1586.06,,,177305,280584686.9,15971,F1,1,,,,,,Cash Only,Chemicals,True,1586.1333333333332,1586.05,1586.2166666666665,1586.2166666666665,1586.05,0.16666666666651508,0.010506629683320626,Narrow,Bullish,Above CPR,True,False,0.05,60,402654823.75,Lower,True,Neutral,True,49.04285714285715,1700.0739999999998,1698.9479999999999,0.003398388193025358,0.6968367702312916,False,False,No setup,Neutral,0,Not applicable,No directional setup; confirmation score not applicable.,Narrow CPR,Not applicable,Not applicable,Narrow CPR; Wide CPR rules not applied,0,0,0,0
2026-09-21,2026-09-21,CM,NSE,STK,2142,INE180A01020,MFSL,EQ,,,,,MAX FINANCIAL SERV LTD,1551.3,1591.8,1545.7,1569.0,1569.0,1559.0,,1569.0,,,534288,844760908.2,43450,F1,1,,,,,,F&O + Cash,Financial Services,True,1568.8333333333333,1568.75,1568.9166666666665,1568.9166666666665,1568.75,0.16666666666651508,0.010622477161664442,Narrow,Bullish,Above CPR,True,False,0.016666666666666666,60,889786714.05,Higher,True,Neutral,True,46.10000000000001,1536.2920000000001,1581.4389999999999,0.0036153289949352506,0.949397080065336,True,False,No setup,Neutral,0,Not applicable,No directional setup; confirmation score not applicable.,Narrow CPR,Not applicable,Not applicable,Narrow CPR; Wide CPR rules not applied,0,0,0,0
2026-09-21,2026-09-21,CM,NSE,STK,4992,INE221J01015,SHARDACROP,EQ,,,,,SHARDA CROPCHEM LTD.,745.25,753.55,738.2,745.75,746.3,743.1,,745.78,,,103522,77077312.35,8410,F1,1,,,,,,Cash Only,Unclassified,False,745.8333333333334,745.875,745.7916666666667,745.875,745.7916666666667,0.08333333333325754,0.011174432897520287,Narrow,Bearish,Below CPR,False,True,0.016666666666666666,60,112513176.57499999,Higher,True,Neutral,True,18.042857142857144,810.676,880.0564999999999,0.004618632884661938,0.6850514286086408,False,False,No setup,Neutral,0,Not applicable,No directional setup; confirmation score not applicable.,Narrow CPR,Not applicable,Not applicable,Narrow CPR; Wide CPR rules not applied,0,0,0,0
2026-09-21,2026-09-21,CM,NSE,STK,758889,INE385F01024,SGMART,EQ,,,,,SG MART LIMITED,726.0,747.85,713.2,730.4,728.1,733.55,,730.41,,,128659,93692145.5,13481,F1,1,,,,,,Cash Only,Unclassified,False,730.4833333333335,730.5250000000001,730.4416666666668,730.5250000000001,730.4416666666668,0.08333333333325754,0.011409273457455852,Narrow,Bearish,Below CPR,False,True,0.05,60,184750129.55,Inside,True,Neutral,True,35.407142857142865,739.7979999999999,666.8705,0.0023535740703361013,0.5071289840402713,False,True,No setup,Neutral,0,Not applicable,No directional setup; confirmation score not applicable.,Narrow CPR,Not applicable,Not applicable,Narrow CPR; Wide CPR rules not applied,0,0,0,0
2026-09-21,2026-09-21,CM,NSE,STK,3718,INE226A01021,VOLTAS,EQ,,,,,VOLTAS LTD,1125.0,1158.8,1125.0,1142.1,1142.1,1110.9,,1142.1,,,887002,1016942160.8,28617,F1,1,,,,,,F&O + Cash,Consumer Durables,True,1141.9666666666667,1141.9,1142.0333333333333,1142.0333333333333,1141.9,0.13333333333321207,0.011674400957290262,Narrow,Bullish,Above CPR,True,False,0.03333333333333333,60,899084250.55,Higher,True,Neutral,True,28.192857142857147,1253.652,1278.323,0.0047293302930452715,1.1310866141609113,False,False,No setup,Neutral,0,Not applicable,No directional setup; confirmation score not applicable.,Narrow CPR,Not applicable,Not applicable,Narrow CPR; Wide CPR rules not applied,0,0,0,0
2026-09-21,2026-09-21,CM,NSE,STK,7053,INE793A01012,ACCELYA,EQ,,,,,ACCELYA SOLN INDIA LTD,1123.0,1125.0,1115.2,1119.9,1118.0,1123.0,,1119.94,,,7474,8373754.3,541,F1,1,,,,,,Cash Only,Unclassified,False,1120.0333333333333,1120.1,1119.9666666666667,1120.1,1119.9666666666667,0.13333333333321207,0.011905824924833651,Narrow,Bearish,Below CPR,False,True,0.016666666666666666,60,5975271.1,Lower,True,Neutral,True,15.17142857142861,1135.042,1130.894,0.008788449466407553,1.4014015698802353,False,False,No setup,Neutral,0,Not applicable,No directional setup; confirmation score not applicable.,Narrow CPR,Not applicable,Not applicable,Narrow CPR; Wide CPR rules not applied,0,0,0,0
2026-09-21,2026-09-21,CM,NSE,STK,15061,INF174KA1A86,PSUBANK,EQ,,,,,KOTAK PSU BANK,83.21,83.31,82.8,83.07,82.8,83.0,,83.06,,,89624,7448179.28,453,F1,1,,,,,,Cash Only,Unclassified,False,83.06,83.055,83.065,83.065,83.055,0.009999999999990905,0.012038040207043344,Narrow,Bullish,Above CPR,True,False,0.016666666666666666,60,19387932.605,Higher,True,Neutral,True,1.3964285714285734,84.9692,452.8297,0.0071611253196865714,0.3841657298766951,False,False,No setup,Neutral,0,Not applicable,No directional setup; confirmation score not applicable.,Narrow CPR,Not applicable,Not applicable,Narrow CPR; Wide CPR rules not applied,0,0,-2,-2
2026-09-21,2026-09-21,CM,NSE,STK,9362,INE278Y01022,CAMPUS,EQ,,,,,CAMPUS ACTIVEWEAR LIMITED,212.12,213.4,209.0,211.16,211.3,212.12,,211.16,,,484658,102325574.02,12371,F1,1,,,,,,Cash Only,Unclassified,False,211.18666666666664,211.2,211.1733333333333,211.2,211.1733333333333,0.026666666666699257,0.012628654416887316,Narrow,Bearish,Below CPR,False,True,0.05,60,91051096.315,Lower,True,Neutral,True,4.340000000000003,221.2594,230.55190000000002,0.006144393241174939,1.123825831442983,False,False,No setup,Neutral,0,Not applicable,No directional setup; confirmation score not applicable.,Narrow CPR,Not applicable,Not applicable,Narrow CPR; Wide CPR rules not applied,0,0,0,0
2026-09-21,2026-09-21,CM,NSE,STK,1406,INE094A01015,HINDPETRO,EQ,,,,,HINDUSTAN PETROLEUM CORP,356.85,359.85,355.5,357.6,357.6,359.0,,357.6,,,1629936,582396454.8,20073,F1,1,,,,,,F&O + Cash,Oil Gas & Consumable Fuels,True,357.65000000000003,357.675,357.62500000000006,357.675,357.62500000000006,0.049999999999954525,0.013982102908264687,Narrow,Bearish,Below CPR,False,True,0.016666666666666666,60,1985052682.725,Higher,True,Neutral,True,7.810714285714279,376.634,382.67949999999996,0.0064014631915808315,0.2933909310661265,False,False,No setup,Neutral,0,Not applicable,No directional setup; confirmation score not applicable.,Narrow CPR,Not applicable,Not applicable,Narrow CPR; Wide CPR rules not applied,0,0,0,0
2026-09-21,2026-09-21,CM,NSE,STK,1023,INE171A01029,FEDERALBNK,EQ,,,,,FEDERAL BANK LTD,333.1,335.35,328.8,332.0,332.0,332.75,,332.0,,,4137418,1370797432.15,41894,F1,1,,,,,,F&O + Cash,Financial Services,True,332.05,332.07500000000005,332.025,332.07500000000005,332.025,0.05000000000006821,0.01506024096387597,Narrow,Bearish,Below CPR,False,True,0.016666666666666666,60,1572495854.4,Higher,True,Neutral,True,6.732142857142853,349.37199999999996,327.4695,0.007427055702927909,0.871733574568335,False,True,No setup,Neutral,0,Not applicable,No directional setup; confirmation score not applicable.,Narrow CPR,Not applicable,Not applicable,Narrow CPR; Wide CPR rules not applied,0,0,0,0
2026-09-21,2026-09-21,CM,NSE,STK,10406,INE395H01011,STEELCITY,EQ,,,,,STEEL CITY SECURITIES LTD,86.7,87.6,84.5,86.07,86.7,85.39,,86.07,,,9607,821628.64,162,F1,1,,,,,,Cash Only,Unclassified,False,86.05666666666666,86.05,86.06333333333332,86.06333333333332,86.05,0.013333333333321207,0.015491266798328346,Narrow,Bullish,Above CPR,True,False,0.03333333333333333,60,560163.655,Higher,True,Neutral,True,3.5635714285714286,81.7224,80.30109999999999,0.0037415647758367787,1.4667653509223122,True,True,No setup,Neutral,0,Not applicable,No directional setup; confirmation score not applicable.,Narrow CPR,Not applicable,Not applicable,Narrow CPR; Wide CPR rules not applied,0,0,0,0
2026-09-21,2026-09-21,CM,NSE,STK,3481,INE332A01027,THOMASCOOK,EQ,,,,,THOMAS COOK (INDIA) LTD,106.0,106.07,104.04,105.03,104.85,106.04,,105.03,,,409652,43065202.83,6118,F1,1,,,,,,Cash Only,Unclassified,False,105.04666666666667,105.055,105.03833333333333,105.055,105.03833333333333,0.01666666666667993,0.0158684820210225,Narrow,Bearish,Below CPR,False,True,0.03333333333333333,60,82319974.155,Lower,True,Neutral,True,3.922857142857144,105.3898,103.1226,0.004248604030107774,0.5231440275833016,False,True,No setup,Neutral,0,Not applicable,No directional setup; confirmation score not applicable.,Narrow CPR,Not applicable,Not applicable,Narrow CPR; Wide CPR rules not applied,0,0,0,0
2026-09-21,2026-09-21,CM,NSE,STK,22255,INE07OG01012,NDRAUTO,EQ,,,,,NDR AUTO COMPONENTS LTD,725.95,740.0,724.05,732.2,734.0,726.0,,732.29,,,30458,22359684.95,1385,F1,1,,,,,,Cash Only,Unclassified,False,732.0833333333334,732.025,732.1416666666668,732.1416666666668,732.025,0.11666666666678793,0.015933715742527714,Narrow,Bullish,Above CPR,True,False,0.03333333333333333,60,13265375.65,Higher,True,Neutral,True,21.18214285714288,775.275,797.9665,0.005507783959989983,1.6855674154994622,False,False,No setup,Neutral,0,Not applicable,No directional setup; confirmation score not applicable.,Narrow CPR,Not applicable,Not applicable,Narrow CPR; Wide CPR rules not applied,0,0,0,0
2026-09-21,2026-09-21,CM,NSE,STK,13750,INE09N301011,FLUOROCHEM,EQ,,,,,GUJARAT FLUOROCHEM LTD,4610.0,4610.0,4512.2,4560.0,4560.0,4586.7,,4560.01,,,147437,672225272.3,12284,F1,1,,,,,,Cash Only,Chemicals,True,4560.733333333334,4561.1,4560.366666666667,4561.1,4560.366666666667,0.7333333333335759,0.016081871345034558,Narrow,Bearish,Below CPR,False,True,0.03333333333333333,60,568795224.3,Inside,True,Neutral,True,165.0785714285712,4546.544,4150.552,0.004442329049660368,1.1818405703516381,True,True,No setup,Neutral,0,Not applicable,No directional setup; confirmation score not applicable.,Narrow CPR,Not applicable,Not applicable,Narrow CPR; Wide CPR rules not applied,0,0,0,0
2026-09-21,2026-09-21,CM,NSE,STK,764728,INE354A01013,JENBURPH,EQ,,,,,JENBURKT PHARMACEUTICAL L,983.0,999.7,959.0,979.6,984.9,979.9,,979.92,,,1336,1313680.8,135,F1,1,,,,,,Cash Only,Unclassified,False,979.4333333333334,979.35,979.5166666666668,979.5166666666668,979.35,0.16666666666674246,0.01701374710767073,Narrow,Bullish,Above CPR,True,False,0.04,25,1140482.8,Lower,True,Neutral,True,31.05714285714288,,,0.00536645200858876,1.1518637545432513,False,False,No setup,Neutral,0,Not applicable,No directional setup; confirmation score not applicable.,Narrow CPR,Not applicable,Not applicable,Narrow CPR; Wide CPR rules not applied,0,0,0,0
2026-09-21,2026-09-21,CM,NSE,STK,760740,INE121R01077,AMAGI,EQ,,,,,AMAGI MEDIA LABS LIMITED,569.5,574.2,554.5,564.5,563.8,569.5,,564.47,,,461059,259137301.3,26398,F1,1,,,,,,Cash Only,Unclassified,False,564.4,564.35,564.4499999999999,564.4499999999999,564.35,0.09999999999990905,0.017714791851179634,Narrow,Bullish,Above CPR,True,False,0.03333333333333333,60,224578807.95,Lower,True,Neutral,True,19.68214285714287,600.846,528.4215,0.005080747595713031,1.153881364254521,False,True,No setup,Neutral,0,Not applicable,No directional setup; confirmation score not applicable.,Narrow CPR,Not applicable,Not applicable,Narrow CPR; Wide CPR rules not applied,0,0,0,0
2026-09-21,2026-09-21,CM,NSE,STK,8652,INE918N01018,VETO,EQ,,,,,VETO SWITCHGEAR CABLE LTD,143.8,147.38,140.1,143.78,142.5,139.15,,143.75,,,365390,52822000.05,3768,F1,1,,,,,,Cash Only,Unclassified,False,143.75333333333333,143.74,143.76666666666665,143.76666666666665,143.74,0.026666666666642413,0.018546853989875097,Narrow,Bullish,Above CPR,True,False,0.03333333333333333,60,5059091.755000001,Higher,True,Neutral,True,7.860714285714288,117.94940000000001,108.73289999999999,0.0033923973951203424,10.441004553395373,True,True,No setup,Neutral,0,Not applicable,No directional setup; confirmation score not applicable.,Narrow CPR,Not applicable,Not applicable,Narrow CPR; Wide CPR rules not applied,0,0,0,0
2026-09-21,2026-09-21,CM,NSE,STK,19126,INE880L01014,KIOCL,EQ,,,,,KIOCL LIMITED,342.35,343.2,339.0,341.0,340.85,340.65,,341.0,,,33595,11466535.8,1851,F1,1,,,,,,Cash Only,Unclassified,False,341.06666666666666,341.1,341.0333333333333,341.1,341.0333333333333,0.06666666666671972,0.01955034213100285,Narrow,Bearish,Below CPR,False,True,0.016666666666666666,60,26854896.15,Higher,True,Neutral,True,11.324999999999985,373.79400000000004,384.432,0.0058866813833748175,0.42698120059570593,False,False,No setup,Neutral,0,Not applicable,No directional setup; confirmation score not applicable.,Narrow CPR,Not applicable,Not applicable,Narrow CPR; Wide CPR rules not applied,0,0,0,0
2026-09-21,2026-09-21,CM,NSE,STK,2085,INE288A01013,MAHSCOOTER,EQ,,,,,MAHARASHTRA SCOOTERS LTD,13580.0,13771.0,13455.0,13609.0,13600.0,13729.0,,13607.15,,,4184,57087312.0,1436,F1,1,,,,,,Cash Only,Unclassified,False,13611.666666666666,13613.0,13610.333333333332,13613.0,13610.333333333332,2.6666666666678793,0.019594875939950615,Narrow,Bearish,Below CPR,False,True,0.016666666666666666,60,36899521.0,Inside,True,Neutral,True,312.07142857142856,13288.66,12886.23,0.008545052262153883,1.5471017089896641,True,True,No setup,Neutral,0,Not applicable,No directional setup; confirmation score not applicable.,Narrow CPR,Not applicable,Not applicable,Narrow CPR; Wide CPR rules not applied,0,0,0,0
2026-09-21,2026-09-21,CM,NSE,STK,762797,INE085D01033,METROGLOBL,EQ,,,,,METROGLOBAL LTD.,132.1,136.0,128.1,132.01,132.01,132.01,,131.3,,,1357,180191.0,29,F1,1,,,,,,Cash Only,Unclassified,False,132.03666666666666,132.05,132.0233333333333,132.05,132.0233333333333,0.026666666666699257,0.020200489861903842,Narrow,Bearish,Below CPR,False,True,0.03333333333333333,60,194284.53,Lower,True,Neutral,True,7.007142857142861,135.77640000000002,132.74880000000002,0.0038056405028928583,0.9274593298807682,False,False,No setup,Neutral,0,Not applicable,No directional setup; confirmation score not applicable.,Narrow CPR,Not applicable,Not applicable,Narrow CPR; Wide CPR rules not applied,0,0,0,0
2026-09-21,2026-09-21,CM,NSE,STK,3375,INE335A01020,SURYAROSNI,EQ,,,,,SURYA ROSHNI LTD,211.0,212.23,210.0,211.18,212.04,210.62,,211.18,,,273968,57814474.71,6137,F1,1,,,,,,Cash Only,Unclassified,False,211.13666666666668,211.115,211.15833333333336,211.15833333333336,211.115,0.043333333333350765,0.020519619913510163,Narrow,Bullish,Above CPR,True,False,0.05,60,97888437.515,Higher,True,Neutral,True,5.089999999999997,228.497,240.94209999999998,0.0085134250163754,0.5906159724036943,False,False,No setup,Neutral,0,Not applicable,No directional setup; confirmation score not applicable.,Narrow CPR,Not applicable,Not applicable,Narrow CPR; Wide CPR rules not applied,0,0,0,0
2026-09-21,2026-09-21,CM,NSE,STK,28125,INE115Q01022,IKS,EQ,,,,,INVENTURUS KNOWLEDGE SO L,1780.0,1797.0,1769.7,1782.8,1781.0,1779.9,,1782.8,,,158305,282236001.6,13533,F1,1,,,,,,Cash Only,Information Technology,True,1783.1666666666667,1783.35,1782.9833333333336,1783.35,1782.9833333333336,0.3666666666663332,0.020566898511685732,Narrow,Bearish,Below CPR,False,True,0.05,60,244148650.10000002,Higher,True,Neutral,True,52.57857142857141,1799.364,1747.181,0.00697369016890187,1.1560006638758802,False,True,No setup,Neutral,0,Not applicable,No directional setup; confirmation score not applicable.,Narrow CPR,Not applicable,Not applicable,Narrow CPR; Wide CPR rules not applied,0,0,0,0
2026-09-21,2026-09-21,CM,NSE,STK,4771,INE911B01018,TCIFINANCE,EQ,,,,,TCI FINANCE LTD,15.58,15.7,15.11,15.41,15.48,15.58,,15.41,,,12625,194774.76,98,F1,1,,,,,,Cash Only,Unclassified,False,15.406666666666666,15.405,15.408333333333333,15.408333333333333,15.405,0.0033333333333338544,0.021630975557001,Narrow,Bullish,Above CPR,True,False,0.016666666666666666,60,335377.49,Inside,True,Neutral,True,2.165714285714286,14.7456,13.495400000000002,0.0015391380826739432,0.5807627697374681,True,True,No setup,Neutral,0,Not applicable,No directional setup; confirmation score not applicable.,Narrow CPR,Not applicable,Not applicable,Narrow CPR; Wide CPR rules not applied,0,0,0,0
2026-09-21,2026-09-21,CM,NSE,STK,762658,INE927X01018,ELCIDIN,EQ,,,,,ELCID INVESTMENTS LTD.,105200.0,106610.0,105200.0,105870.0,105250.0,105130.0,,105870.0,,,7,740000.0,7,F1,1,,,,,,Cash Only,Unclassified,False,105893.33333333333,105905.0,105881.66666666666,105905.0,105881.66666666666,23.333333333343035,0.02203960832468408,Narrow,Bearish,Below CPR,False,True,0.1,60,950825.0,Inside,True,Neutral,True,3149.285714285714,109520.3,113862.2875,0.007409087472597017,0.7782715010648648,False,False,No setup,Neutral,0,Not applicable,No directional setup; confirmation score not applicable.,Narrow CPR,Not applicable,Not applicable,Narrow CPR; Wide CPR rules not applied,0,0,0,0
2026-09-21,2026-09-21,CM,NSE,STK,4306,INE721A01047,SHRIRAMFIN,EQ,,,,,SHRIRAM FINANCE LIMITED,1019.0,1019.0,1005.3,1011.8,1011.8,1010.0,,1011.81,,,2189525,2217032381.7,56832,F1,1,,,,,,F&O + Cash,Financial Services,True,1012.0333333333333,1012.15,1011.9166666666666,1012.15,1011.9166666666666,0.2333333333333485,0.023061211043027132,Narrow,Bearish,Below CPR,False,True,0.05,60,4265710352.8,Higher,True,Neutral,True,27.671428571428596,1066.608,1019.993,0.008432283600069375,0.5197334554711963,False,False,No setup,Neutral,0,Not applicable,No directional setup; confirmation score not applicable.,Narrow CPR,Not applicable,Not applicable,Narrow CPR; Wide CPR rules not applied,0,0,0,0
2026-09-21,2026-09-21,CM,NSE,STK,23142,INE772T01024,PVSL,EQ,,,,,POPULAR VEHICLES N SER L,98.2,101.19,97.5,99.38,99.0,98.77,,99.41,,,49218,4891752.98,325,F1,1,,,,,,Cash Only,Unclassified,False,99.35666666666667,99.345,99.36833333333334,99.36833333333334,99.345,0.023333333333340533,0.023478902529020462,Narrow,Bullish,Above CPR,True,False,0.03333333333333333,60,2958024.49,Lower,True,Neutral,True,4.509285714285716,105.75319999999999,102.25389999999999,0.0051745076297602935,1.653722948047668,False,False,No setup,Neutral,0,Not applicable,No directional setup; confirmation score not applicable.,Narrow CPR,Not applicable,Not applicable,Narrow CPR; Wide CPR rules not applied,0,0,0,0
2026-09-21,2026-09-21,CM,NSE,STK,29624,INE274Y01021,AJAXENGG,EQ,,,,,AJAX ENGINEERING LIMITED,559.7,569.2,555.6,562.6,558.8,559.75,,562.6,,,39739,22412386.8,5028,F1,1,,,,,,Cash Only,Unclassified,False,562.4666666666667,562.4000000000001,562.5333333333333,562.5333333333333,562.4000000000001,0.13333333333321207,0.023699490460933535,Narrow,Bullish,Above CPR,True,False,0.05,60,29204587.325,Higher,True,Neutral,True,19.503571428571433,578.9830000000001,566.188,0.006836354757974615,0.7674269302485343,False,False,No setup,Neutral,0,Not applicable,No directional setup; confirmation score not applicable.,Narrow CPR,Not applicable,Not applicable,Narrow CPR; Wide CPR rules not applied,0,0,0,0
2026-09-21,2026-09-21,CM,NSE,STK,6141,INE697V01011,PANSARI,EQ,,,,,PANSARI DEVELOPERS LTD,271.1,287.9,271.1,279.6,276.05,284.95,,279.6,,,869,244890.3,56,F1,1,,,,,,Cash Only,Unclassified,False,279.53333333333336,279.5,279.5666666666667,279.5666666666667,279.5,0.06666666666671972,0.023843586075364704,Narrow,Bullish,Above CPR,True,False,0.05,60,578647.9,Inside,True,Neutral,True,16.478571428571424,321.50100000000003,308.296,0.004045658141890231,0.42321124815280586,False,False,No setup,Neutral,0,Not applicable,No directional setup; confirmation score not applicable.,Narrow CPR,Not applicable,Not applicable,Narrow CPR; Wide CPR rules not applied,0,0,0,0
2026-09-21,2026-09-21,CM,NSE,STK,6705,INE982J01020,PAYTM,EQ,,,,,ONE 97 COMMUNICATIONS LTD,1823.0,1829.3,1792.0,1810.0,1810.0,1849.9,,1809.99,,,5052267,9164713924.5,88082,F1,1,,,,,,F&O + Cash,Financial Services,True,1810.4333333333334,1810.65,1810.2166666666667,1810.65,1810.2166666666667,0.43333333333339397,0.023941068139966517,Narrow,Bearish,Below CPR,False,True,0.03333333333333333,60,4919072810.9,Inside,True,Neutral,True,68.82142857142858,1544.7939999999999,1337.595,0.006296488496800741,1.8630978391277793,True,True,No setup,Neutral,0,Not applicable,No directional setup; confirmation score not applicable.,Narrow CPR,Not applicable,Not applicable,Narrow CPR; Wide CPR rules not applied,0,0,0,0
2026-09-21,2026-09-21,CM,NSE,STK,11027,INE344S01016,INFOBEAN,EQ,,,,,INFOBEANS TECHNO. LTD.,151.01,154.0,151.01,152.45,151.1,151.27,,152.44,,,116567,17767810.72,2208,F1,1,,,,,,Cash Only,Unclassified,False,152.48666666666665,152.505,152.4683333333333,152.505,152.4683333333333,0.03666666666669016,0.02405160161803225,Narrow,Bearish,Below CPR,False,True,0.08333333333333333,60,35577487.370000005,Higher,True,Neutral,True,4.858571428571431,161.11780000000002,161.93800000000002,0.007546799960800676,0.4994116232891237,False,False,No setup,Neutral,0,Not applicable,No directional setup; confirmation score not applicable.,Narrow CPR,Not applicable,Not applicable,Narrow CPR; Wide CPR rules not applied,0,0,0,0
2026-09-21,2026-09-21,CM,NSE,STK,399,INE470Y01017,NIACL,EQ,,,,,THE NEW INDIA ASSU CO LTD,186.62,188.79,184.47,186.56,186.31,187.66,,186.57,,,2009703,375077920.82,19707,F1,1,,,,,,Cash Only,Financial Services,True,186.60666666666665,186.63,186.58333333333331,186.63,186.58333333333331,0.04666666666668107,0.025014293882226125,Narrow,Bearish,Below CPR,False,True,0.03333333333333333,60,273498729.03,Lower,True,Neutral,True,15.34785714285714,184.3588,176.35170000000002,0.0030405981911552802,1.371406449127805,True,True,No setup,Neutral,0,Not applicable,No directional setup; confirmation score not applicable.,Narrow CPR,Not applicable,Not applicable,Narrow CPR; Wide CPR rules not applied,0,0,0,0
2026-09-21,2026-09-21,CM,NSE,STK,5501,INE384C01016,YUKEN,EQ,,,,,YUKEN INDIA LIMITED,1149.9,1149.9,1102.55,1125.8,1120.0,1139.2,,1125.72,,,15947,17904803.2,1606,F1,1,,,,,,Cash Only,Unclassified,False,1126.0833333333333,1126.225,1125.9416666666666,1126.225,1125.9416666666666,0.283333333333303,0.02516728844673148,Narrow,Bearish,Below CPR,False,True,0.03333333333333333,60,8986788.5,Inside,True,Neutral,True,60.189285714285724,879.2719999999999,796.0664999999999,0.0047073715856716805,1.9923472328296141,True,True,No setup,Neutral,0,Not applicable,No directional setup; confirmation score not applicable.,Narrow CPR,Not applicable,Not applicable,Narrow CPR; Wide CPR rules not applied,0,0,0,0
2026-09-21,2026-09-21,CM,NSE,STK,764885,INE414Y01015,SGRL,EQ,,,,,SHREE GANESH REMEDIES LTD,708.4,740.0,702.05,720.75,717.0,697.75,,720.35,,,40973,29896564.8,2240,F1,1,,,,,,Cash Only,Unclassified,False,720.9333333333334,721.025,720.8416666666668,721.025,720.8416666666668,0.1833333333331666,0.02543646664351947,Narrow,Bearish,Below CPR,False,True,0.04,25,9315287.7,Higher,True,Neutral,True,43.185714285714276,,,0.0042452310067223505,3.2094086369441928,False,False,No setup,Neutral,0,Not applicable,No directional setup; confirmation score not applicable.,Narrow CPR,Not applicable,Not applicable,Narrow CPR; Wide CPR rules not applied,0,0,0,0
2026-09-21,2026-09-21,CM,NSE,STK,764613,INE767C01012,AXTEL,EQ,,,,,AXTEL INDUSTRIES LTD.,437.85,442.0,425.65,434.0,434.75,440.05,,433.02,,,10440,4520055.0,273,F1,1,,,,,,Cash Only,Unclassified,False,433.8833333333334,433.825,433.9416666666668,433.9416666666668,433.825,0.11666666666678793,0.026881720430135467,Narrow,Bullish,Above CPR,True,False,0.04,25,1337505.4,Lower,True,Neutral,True,20.26071428571429,,,0.005758270168641039,3.3794667296296526,False,False,No setup,Neutral,0,Not applicable,No directional setup; confirmation score not applicable.,Narrow CPR,Not applicable,Not applicable,Narrow CPR; Wide CPR rules not applied,0,0,0,0
2026-09-21,2026-09-21,CM,NSE,STK,759820,INE15B701018,PINELABS,EQ,,,,,PINE LABS LIMITED,194.49,196.1,191.46,193.7,192.6,192.04,,193.7,,,18744636,3623054011.37,103661,F1,1,,,,,,Cash Only,Financial Services,True,193.75333333333333,193.78,193.72666666666666,193.78,193.72666666666666,0.05333333333334167,0.027533987265535194,Narrow,Bearish,Below CPR,False,True,0.016666666666666666,60,2213715248.135,Higher,True,Neutral,True,11.803571428571427,161.99620000000002,160.0618,0.004518406454867071,1.6366395878703606,True,True,No setup,Neutral,0,Not applicable,No directional setup; confirmation score not applicable.,Narrow CPR,Not applicable,Not applicable,Narrow CPR; Wide CPR rules not applied,0,0,0,0
2026-09-21,2026-09-21,CM,NSE,STK,15141,INE259A01022,COLPAL,EQ,,,,,COLGATE PALMOLIVE LTD.,1892.3,1903.0,1879.4,1892.0,1892.0,1917.8,,1892.0,,,720315,1360339329.4,27415,F1,1,,,,,,F&O + Cash,Fast Moving Consumer Goods,True,1891.4666666666665,1891.2,1891.733333333333,1891.733333333333,1891.2,0.5333333333328483,0.02818886539814209,Narrow,Bullish,Above CPR,True,False,0.05,60,563805090.0,Inside,True,Neutral,True,42.44285714285713,1957.43,2016.556,0.012565914955671286,2.4127829874682405,False,False,No setup,Neutral,0,Not applicable,No directional setup; confirmation score not applicable.,Narrow CPR,Not applicable,Not applicable,Narrow CPR; Wide CPR rules not applied,0,0,0,0
2026-09-21,2026-09-21,CM,NSE,STK,28687,INE0TO701015,MAMATA,EQ,,,,,MAMATA MACHINERY LIMITED,400.2,409.9,398.35,404.3,404.9,403.75,,404.3,,,32416,13074599.2,1720,F1,1,,,,,,Cash Only,Unclassified,False,404.18333333333334,404.125,404.2416666666667,404.2416666666667,404.125,0.11666666666667425,0.028856459724628802,Narrow,Bullish,Above CPR,True,False,0.05,60,18765345.725,Higher,True,Neutral,True,14.382142857142854,404.805,399.936,0.008111911265624236,0.696741716971484,False,True,No setup,Neutral,0,Not applicable,No directional setup; confirmation score not applicable.,Narrow CPR,Not applicable,Not applicable,Narrow CPR; Wide CPR rules not applied,0,0,0,0
2026-09-21,2026-09-21,CM,NSE,STK,19438,INE926K01017,AHLEAST,EQ,,,,,ASIAN HOTELS (EAST) LTD,135.85,135.85,134.03,135.0,135.0,135.59,,135.0,,,41,5526.15,5,F1,1,,,,,,Cash Only,Unclassified,False,134.96,134.94,134.98000000000002,134.98000000000002,134.94,0.040000000000020464,0.029629629629644785,Narrow,Bullish,Above CPR,True,False,0.05,60,275477.165,Lower,True,Neutral,True,4.445714285714287,141.0374,148.30630000000002,0.008997429305917197,0.020060283399533314,False,False,No setup,Neutral,0,Not applicable,No directional setup; confirmation score not applicable.,Narrow CPR,Not applicable,Not applicable,Narrow CPR; Wide CPR rules not applied,0,0,0,0
2026-09-21,2026-09-21,CM,NSE,STK,1145,INE162A01010,GIPCL,EQ,,,,,GUJ IND POW CO. LTD,189.8,192.89,186.0,189.36,189.7,188.35,,189.36,,,313414,59375646.04,5966,F1,1,,,,,,Cash Only,Unclassified,False,189.41666666666666,189.445,189.38833333333332,189.445,189.38833333333332,0.05666666666667197,0.029925362624985196,Narrow,Bearish,Below CPR,False,True,0.03333333333333333,60,64913392.58,Higher,True,Neutral,True,6.715000000000002,177.6996,168.1015,0.008438818565401632,0.9146902307844222,True,True,No setup,Neutral,0,Not applicable,No directional setup; confirmation score not applicable.,Narrow CPR,Not applicable,Not applicable,Narrow CPR; Wide CPR rules not applied,0,0,0,0
2026-09-21,2026-09-21,CM,NSE,STK,3150,INE003A01024,SIEMENS,EQ,,,,,SIEMENS LTD,3880.0,3919.0,3851.5,3887.0,3887.0,3913.9,,3886.99,,,196942,767388570.6,17900,F1,1,,,,,,F&O + Cash,Capital Goods,True,3885.8333333333335,3885.25,3886.416666666667,3886.416666666667,3885.25,1.1666666666669698,0.030014578509569585,Narrow,Bullish,Above CPR,True,False,0.08333333333333333,60,1116603005.0500002,Inside,True,Neutral,True,100.86428571428574,3865.84,3763.75,0.011566697353825914,0.6872528258739884,True,True,No setup,Neutral,0,Not applicable,No directional setup; confirmation score not applicable.,Narrow CPR,Not applicable,Not applicable,Narrow CPR; Wide CPR rules not applied,0,0,0,0
2026-09-21,2026-09-21,CM,NSE,STK,1375,INE549A01026,HCC,EQ,,,,,HINDUSTAN CONSTRUCTION CO,21.71,22.21,21.47,21.83,21.81,21.77,,21.83,,,17293181,376973757.12,24401,F1,1,,,,,,Cash Only,Unclassified,False,21.836666666666662,21.84,21.833333333333325,21.84,21.833333333333325,0.006666666666674814,0.030539013589898373,Narrow,Bearish,Below CPR,False,True,0.05,60,498461344.555,Higher,True,Neutral,True,0.9371428571428575,22.028200000000002,22.8411,0.007113821138220074,0.7562748069392268,False,False,No setup,Neutral,0,Not applicable,No directional setup; confirmation score not applicable.,Narrow CPR,Not applicable,Not applicable,Narrow CPR; Wide CPR rules not applied,0,0,0,0
2026-09-21,2026-09-21,CM,NSE,STK,29135,INE121J01017,INDUSTOWER,EQ,,,,,INDUS TOWERS LIMITED,376.0,380.7,374.25,377.65,377.65,375.9,,377.65,,,1695335,640673657.45,28726,F1,1,,,,,,F&O + Cash,Telecommunication,True,377.5333333333333,377.475,377.5916666666666,377.5916666666666,377.475,0.11666666666656056,0.03089280197711123,Narrow,Bullish,Above CPR,True,False,0.016666666666666666,60,1661936112.75,Inside,True,Neutral,True,9.03214285714286,384.413,398.60949999999997,0.012916831422157748,0.38549836695580286,False,False,No setup,Neutral,0,Not applicable,No directional setup; confirmation score not applicable.,Narrow CPR,Not applicable,Not applicable,Narrow CPR; Wide CPR rules not applied,0,0,0,0
2026-09-21,2026-09-21,CM,NSE,STK,20160,INE068L01024,CANTABIL,EQ,,,,,CANTABIL RETAIL LTD,243.2,243.33,238.6,241.08,240.99,242.63,,241.08,,,115259,27804056.87,1607,F1,1,,,,,,Cash Only,Unclassified,False,241.00333333333333,240.965,241.04166666666666,241.04166666666666,240.965,0.07666666666665378,0.03180133842154213,Narrow,Bullish,Above CPR,True,False,0.03333333333333333,60,30065694.29,Lower,True,Neutral,True,6.010714285714286,241.8606,236.4427,0.012755000990292963,0.9247768104675956,False,True,No setup,Neutral,0,Not applicable,No directional setup; confirmation score not applicable.,Narrow CPR,Not applicable,Not applicable,Narrow CPR; Wide CPR rules not applied,0,0,0,0
2026-09-21,2026-09-21,CM,NSE,STK,24966,INE713C01016,SURAJLTD,EQ,,,,,SURAJ LIMITED,200.79,200.79,195.02,198.0,198.0,200.79,,198.0,,,81,16039.66,10,F1,1,,,,,,Cash Only,Unclassified,False,197.93666666666664,197.905,197.96833333333328,197.96833333333328,197.905,0.06333333333327573,0.0319865319865029,Narrow,Bullish,Above CPR,True,False,0.08333333333333333,60,175816.24,Lower,True,Neutral,True,7.031428571428573,213.65259999999998,222.8896,0.009007178653655629,0.0912296839017829,False,False,No setup,Neutral,0,Not applicable,No directional setup; confirmation score not applicable.,Narrow CPR,Not applicable,Not applicable,Narrow CPR; Wide CPR rules not applied,0,0,0,0
2026-09-21,2026-09-21,CM,NSE,STK,7406,INE935A01035,GLENMARK,EQ,,,,,GLENMARK PHARMACEUTICALS,2425.0,2473.6,2424.0,2450.0,2450.0,2447.4,,2450.0,,,405696,996653297.4,28378,F1,1,,,,,,F&O + Cash,Healthcare,True,2449.2000000000003,2448.8,2449.6000000000004,2449.6000000000004,2448.8,0.8000000000001819,0.032653061224497223,Narrow,Bullish,Above CPR,True,False,0.03333333333333333,60,1118656378.15,Higher,True,Neutral,True,56.95714285714296,2332.4539999999997,2295.923,0.01404564835716394,0.8909378401330308,True,True,No setup,Neutral,0,Not applicable,No directional setup; confirmation score not applicable.,Narrow CPR,Not applicable,Not applicable,Narrow CPR; Wide CPR rules not applied,0,0,0,0
2026-09-21,2026-09-21,CM,NSE,STK,21614,INE674K01013,ABCAPITAL,EQ,,,,,ADITYA BIRLA CAPITAL LTD.,405.1,405.45,400.95,403.4,403.4,410.05,,403.4,,,1591907,640631057.45,27482,F1,1,,,,,,F&O + Cash,Financial Services,True,403.26666666666665,403.2,403.3333333333333,403.3333333333333,403.2,0.13333333333332575,0.03305238803503366,Narrow,Bullish,Above CPR,True,False,0.016666666666666666,60,1152859474.6,Inside,True,Neutral,True,10.332142857142856,403.29200000000003,385.1565,0.012904712524483657,0.5556887648186919,True,True,No setup,Neutral,0,Not applicable,No directional setup; confirmation score not applicable.,Narrow CPR,Not applicable,Not applicable,Narrow CPR; Wide CPR rules not applied,0,0,0,0
2026-09-21,2026-09-21,CM,NSE,STK,2708,INE603A01013,PRAKASH,EQ,,,,,PRAKASH INDUSTRIES LTD,118.0,122.7,117.36,120.09,121.5,118.51,,120.08,,,884307,105592062.06,6203,F1,1,,,,,,Cash Only,Unclassified,False,120.05,120.03,120.07,120.07,120.03,0.03999999999999204,0.033308352069274745,Narrow,Bullish,Above CPR,True,False,0.06666666666666667,60,39821715.56,Higher,True,Neutral,True,3.7242857142857124,125.8516,134.8308,0.01074031453778076,2.65162011668992,False,False,No setup,Neutral,0,Not applicable,No directional setup; confirmation score not applicable.,Narrow CPR,Not applicable,Not applicable,Narrow CPR; Wide CPR rules not applied,0,0,0,0
2026-09-21,2026-09-21,CM,NSE,STK,11798,INE835G01018,ALLDIGI,EQ,,,,,ALLDIGI TECH LIMITED,775.0,800.0,775.0,787.9,789.9,776.3,,787.9,,,5376,4207307.4,577,F1,1,,,,,,Cash Only,Unclassified,False,787.6333333333333,787.5,787.7666666666667,787.7666666666667,787.5,0.2666666666666515,0.03384524262808117,Narrow,Bullish,Above CPR,True,False,0.13333333333333333,60,5237653.025,Higher,True,Neutral,True,17.300000000000004,815.2230000000001,816.5020000000001,0.015414258188823783,0.8032810459031887,False,False,No setup,Neutral,0,Not applicable,No directional setup; confirmation score not applicable.,Narrow CPR,Not applicable,Not applicable,Narrow CPR; Wide CPR rules not applied,0,0,0,0
2026-09-21,2026-09-21,CM,NSE,STK,4668,INE028A01039,BANKBARODA,EQ,,,,,BANK OF BARODA,234.0,234.51,232.52,233.64,233.64,234.94,,233.65,,,4397710,1026394915.87,33998,F1,1,,,,,,F&O + Cash,Financial Services,True,233.55666666666664,233.515,233.5983333333333,233.5983333333333,233.515,0.08333333333331439,0.03566740854875637,Narrow,Bullish,Above CPR,True,False,0.05,60,2059501389.175,Inside,True,Neutral,True,4.019999999999998,243.0776,254.92340000000002,0.020729684908784685,0.49837058681526586,False,False,No setup,Neutral,0,Not applicable,No directional setup; confirmation score not applicable.,Narrow CPR,Not applicable,Not applicable,Narrow CPR; Wide CPR rules not applied,0,0,0,0
2026-09-21,2026-09-21,CM,NSE,STK,7145,INE463V01026,ANANDRATHI,EQ,,,,,ANAND RATHI WEALTH LTD,2229.0,2234.7,2190.1,2211.2,2202.0,2229.4,,2211.16,,,160196,353935688.8,25377,F1,1,,,,,,Cash Only,Financial Services,True,2211.9999999999995,2212.3999999999996,2211.5999999999995,2212.3999999999996,2211.5999999999995,0.8000000000001819,0.036179450072367135,Narrow,Bearish,Below CPR,False,True,0.08333333333333333,60,435051958.85,Lower,True,Neutral,True,44.607142857142854,2142.084,2404.185,0.017934347477986466,0.8135480868436503,True,False,No setup,Neutral,0,Not applicable,No directional setup; confirmation score not applicable.,Narrow CPR,Not applicable,Not applicable,Narrow CPR; Wide CPR rules not applied,0,0,0,0
2026-09-21,2026-09-21,CM,NSE,STK,4751,INE681B01017,INDRAMEDCO,EQ,,,,,INDRAPRASTHA MEDICAL CORP,362.75,371.7,359.8,365.95,365.4,362.9,,365.97,,,219559,80605384.75,7427,F1,1,,,,,,Cash Only,Unclassified,False,365.81666666666666,365.75,365.8833333333333,365.8833333333333,365.75,0.13333333333332575,0.03643484993395976,Narrow,Bullish,Above CPR,True,False,0.11666666666666667,60,48330186.4,Higher,True,Neutral,True,8.889285714285709,367.45099999999996,377.24800000000005,0.014999330387035449,1.6678062046539097,False,False,No setup,Neutral,0,Not applicable,No directional setup; confirmation score not applicable.,Narrow CPR,Not applicable,Not applicable,Narrow CPR; Wide CPR rules not applied,0,0,0,0
2026-09-21,2026-09-21,CM,NSE,STK,17534,INE002S01010,MGL,EQ,,,,,MAHANAGAR GAS LTD.,1079.5,1083.9,1070.5,1077.8,1072.5,1081.7,,1077.88,,,65214,70293632.9,7997,F1,1,,,,,,Cash Only,Oil Gas & Consumable Fuels,True,1077.3999999999999,1077.2,1077.5999999999997,1077.5999999999997,1077.2,0.3999999999996362,0.03711263685281464,Narrow,Bullish,Above CPR,True,False,0.08333333333333333,60,171151737.3,Inside,True,Neutral,True,22.528571428571418,1101.924,1111.3125,0.017755231452108146,0.4107094325124329,False,False,No setup,Neutral,0,Not applicable,No directional setup; confirmation score not applicable.,Narrow CPR,Not applicable,Not applicable,Narrow CPR; Wide CPR rules not applied,0,0,0,0
2026-09-21,2026-09-21,CM,NSE,STK,757953,INE505V01016,EUROBOND,EQ,,,,,EURO PANEL PRODUCTS LTD,156.5,156.5,150.0,153.34,154.0,148.05,,153.34,,,1620,247049.29,48,F1,1,,,,,,Cash Only,Unclassified,False,153.28,153.25,153.31,153.31,153.25,0.060000000000002274,0.03912873353332612,Narrow,Bullish,Above CPR,True,False,0.06666666666666667,60,920743.905,Higher,True,Neutral,True,6.87,157.3584,166.7416,0.008733624454148802,0.2683148795864144,False,False,No setup,Neutral,0,Not applicable,No directional setup; confirmation score not applicable.,Narrow CPR,Not applicable,Not applicable,Narrow CPR; Wide CPR rules not applied,0,-2,0,-2
2026-09-21,2026-09-21,CM,NSE,STK,3186,INE640A01023,SKFINDIA,EQ,,,,,SKF INDIA LTD,1525.0,1544.8,1518.4,1532.5,1532.0,1552.6,,1532.54,,,55845,85506960.1,7298,F1,1,,,,,,Cash Only,Unclassified,False,1531.8999999999999,1531.6,1532.1999999999998,1532.1999999999998,1531.6,0.599999999999909,0.039151712887432896,Narrow,Bullish,Above CPR,True,False,0.1,60,65848747.25,Lower,True,Neutral,True,41.48571428571428,1535.904,1594.04,0.014462809917353181,1.298535866982648,False,False,No setup,Neutral,0,Not applicable,No directional setup; confirmation score not applicable.,Narrow CPR,Not applicable,Not applicable,Narrow CPR; Wide CPR rules not applied,0,0,0,0
2026-09-21,2026-09-21,CM,NSE,STK,29284,INE665J01013,VMART,EQ,,,,,VMART RETAIL LTD,805.4,818.0,798.65,808.8,805.15,808.15,,808.64,,,71017,57591952.5,7443,F1,1,,,,,,Cash Only,Unclassified,False,808.4833333333332,808.325,808.6416666666664,808.6416666666664,808.325,0.31666666666637866,0.03915265413778174,Narrow,Bullish,Above CPR,True,False,0.05,60,70016092.25,Higher,True,Neutral,True,24.43571428571428,797.784,750.6805,0.012959173730866127,0.8225530824308465,True,True,No setup,Neutral,0,Not applicable,No directional setup; confirmation score not applicable.,Narrow CPR,Not applicable,Not applicable,Narrow CPR; Wide CPR rules not applied,0,0,0,0
2026-09-21,2026-09-21,CM,NSE,STK,760865,INE0UH301010,OMNI,EQ,,,,,OMNITECH ENGINEERING LTD,545.0,564.0,538.05,551.35,550.0,556.15,,551.35,,,788403,436563648.25,25813,F1,1,,,,,,Cash Only,Unclassified,False,551.1333333333333,551.025,551.2416666666667,551.2416666666667,551.025,0.21666666666669698,0.03929748193827822,Narrow,Bullish,Above CPR,True,False,0.06666666666666667,60,253554253.72500002,Lower,True,Neutral,True,28.689285714285727,572.475,519.9592,0.007552180588407211,1.7217760768608061,False,True,No setup,Neutral,0,Not applicable,No directional setup; confirmation score not applicable.,Narrow CPR,Not applicable,Not applicable,Narrow CPR; Wide CPR rules not applied,0,0,0,0
2026-09-21,2026-09-21,CM,NSE,STK,18659,INE182D01020,MARATHON,EQ,,,,,MARATHON NXTGEN REALT LTD,408.0,426.8,408.0,417.65,415.0,409.0,,417.65,,,78220,32917874.25,3621,F1,1,,,,,,Cash Only,Unclassified,False,417.4833333333333,417.4,417.5666666666666,417.5666666666666,417.4,0.16666666666662877,0.03990582225945859,Narrow,Bullish,Above CPR,True,False,0.05,60,31478976.799999997,Higher,True,Neutral,True,19.37142857142857,399.905,421.29949999999997,0.008603736479840718,1.045709790986599,True,False,No setup,Neutral,0,Not applicable,No directional setup; confirmation score not applicable.,Narrow CPR,Not applicable,Not applicable,Narrow CPR; Wide CPR rules not applied,0,0,0,0
2026-09-21,2026-09-21,CM,NSE,STK,2256,INE138A01028,PENINLAND,EQ,,,,,PENINSULA LAND LIMITED,15.26,17.25,15.15,16.19,16.3,15.36,,16.19,,,273095,4427964.86,704,F1,1,,,,,,Cash Only,Unclassified,False,16.19666666666667,16.2,16.19333333333334,16.2,16.19333333333334,0.006666666666660603,0.04117768169648303,Narrow,Bearish,Below CPR,False,True,0.016666666666666666,60,6386956.675,Higher,True,Neutral,True,1.4549999999999998,16.9328,20.0588,0.004581901489113817,0.6932824325131344,False,False,No setup,Neutral,0,Not applicable,No directional setup; confirmation score not applicable.,Narrow CPR,Not applicable,Not applicable,Narrow CPR; Wide CPR rules not applied,0,0,0,0
2026-09-21,2026-09-21,CM,NSE,STK,13,INE117A01022,ABB,EQ,,,,,ABB INDIA LIMITED,7240.0,7330.0,7221.0,7271.0,7271.0,7270.5,,7271.0,,,161482,1173789479.5,16692,F1,1,,,,,,F&O + Cash,Capital Goods,True,7274.0,7275.5,7272.5,7275.5,7272.5,3.0,0.04125979920231055,Narrow,Bearish,Below CPR,False,True,0.06666666666666667,60,1536620168.25,Higher,True,Neutral,True,158.85714285714286,7434.68,7178.93,0.018884892086330936,0.7638774394304518,False,True,No setup,Neutral,0,Not applicable,No directional setup; confirmation score not applicable.,Narrow CPR,Not applicable,Not applicable,Narrow CPR; Wide CPR rules not applied,0,0,0,0
2026-09-21,2026-09-21,CM,NSE,STK,17438,INE274J01014,OIL,EQ,,,,,OIL INDIA LTD,475.7,482.3,475.0,478.35,478.35,475.7,,478.36,,,830047,398250168.35,14380,F1,1,,,,,,F&O + Cash,Oil Gas & Consumable Fuels,True,478.55,478.65,478.45000000000005,478.65,478.45000000000005,0.1999999999999318,0.041810389881871385,Narrow,Bearish,Below CPR,False,True,0.06666666666666667,60,1179543977.725,Higher,True,Neutral,True,12.889285714285721,466.7389999999999,462.1035,0.015516763646434156,0.3376306232499357,True,True,No setup,Neutral,0,Not applicable,No directional setup; confirmation score not applicable.,Narrow CPR,Not applicable,Not applicable,Narrow CPR; Wide CPR rules not applied,0,0,0,0
2026-09-21,2026-09-21,CM,NSE,STK,18431,INE412U01025,BIGBLOC,EQ,,,,,BIGBLOC CONSTRUCTION LTD,40.8,40.8,38.47,39.61,40.19,40.4,,39.61,,,77799,3087541.36,577,F1,1,,,,,,Cash Only,Unclassified,False,39.626666666666665,39.635,39.61833333333333,39.635,39.61833333333333,0.01666666666666572,0.0420769166035489,Narrow,Bearish,Below CPR,False,True,0.016666666666666666,60,1877449.78,Lower,True,Neutral,True,1.6707142857142852,44.141000000000005,47.7458,0.009975773122416423,1.6445400526239375,False,False,No setup,Neutral,0,Not applicable,No directional setup; confirmation score not applicable.,Narrow CPR,Not applicable,Not applicable,Narrow CPR; Wide CPR rules not applied,0,0,0,0
2026-09-21,2026-09-21,CM,NSE,STK,1205,INE533A01012,GOODYEAR,EQ,,,,,GOODYEAR INDIA LIMITED,700.6,715.4,700.1,708.2,709.75,704.85,,708.51,,,4530,3208956.9,456,F1,1,,,,,,Cash Only,Unclassified,False,707.9,707.75,708.05,708.05,707.75,0.2999999999999545,0.04236091499575749,Narrow,Bullish,Above CPR,True,False,0.05,60,5682476.5,Inside,True,Neutral,True,15.842857142857147,776.8489999999999,766.5434999999999,0.018935978358879,0.5647109847264656,False,False,No setup,Neutral,0,Not applicable,No directional setup; confirmation score not applicable.,Narrow CPR,Not applicable,Not applicable,Narrow CPR; Wide CPR rules not applied,0,0,0,0
2026-09-21,2026-09-21,CM,NSE,STK,23740,INE673O01025,TBOTEK,EQ,,,,,TBO TEK LIMITED,1715.0,1723.6,1684.0,1704.9,1705.0,1710.6,,1704.9,,,181669,309252306.7,14651,F1,1,,,,,,Cash Only,Consumer Services,True,1704.1666666666667,1703.8,1704.5333333333335,1704.5333333333335,1703.8,0.7333333333335759,0.043013275460940574,Narrow,Bullish,Above CPR,True,False,0.06666666666666667,60,212101964.2,Higher,True,Neutral,True,54.47857142857145,1614.698,1466.5409999999997,0.013460950133302816,1.4580360340670528,True,True,No setup,Neutral,0,Not applicable,No directional setup; confirmation score not applicable.,Narrow CPR,Not applicable,Not applicable,Narrow CPR; Wide CPR rules not applied,0,0,0,0
2026-09-21,2026-09-21,CM,NSE,STK,759806,INE0HOQ01053,GROWW,EQ,,,,,BILLIONBRAINS GARAGE VN L,192.0,192.23,189.2,190.59,190.13,191.76,,190.59,,,15975276,3041328650.6,82076,F1,1,,,,,,Cash Only,Financial Services,True,190.67333333333332,190.71499999999997,190.63166666666666,190.71499999999997,190.63166666666666,0.08333333333331439,0.0437238749846867,Narrow,Bearish,Below CPR,False,True,0.03333333333333333,60,4499775430.615,Inside,True,Neutral,True,5.603571428571432,196.6212,196.80740000000003,0.014871468026340352,0.6758845407945905,False,False,No setup,Neutral,0,Not applicable,No directional setup; confirmation score not applicable.,Narrow CPR,Not applicable,Not applicable,Narrow CPR; Wide CPR rules not applied,0,0,-2,-2
2026-09-21,2026-09-21,CM,NSE,STK,3456,INE155A01022,TMPV,EQ,,,,,TATA MOTORS PASS VEH LTD,303.8,303.8,299.1,301.65,301.65,303.8,,301.65,,,8488497,2557049322.15,84058,F1,1,,,,,,F&O + Cash,Automobile and Auto Components,True,301.5166666666667,301.45000000000005,301.58333333333337,301.58333333333337,301.45000000000005,0.13333333333332575,0.04420133709044447,Narrow,Bullish,Above CPR,True,False,0.1,60,2578787321.4750004,Lower,True,Neutral,True,8.271428571428563,324.539,343.607,0.016119746689693976,0.9915704567243775,False,False,No setup,Neutral,0,Not applicable,No directional setup; confirmation score not applicable.,Narrow CPR,Not applicable,Not applicable,Narrow CPR; Wide CPR rules not applied,0,0,0,0
2026-09-21,2026-09-21,CM,NSE,STK,5204,INE131A01031,GMDCLTD,EQ,,,,,GUJARAT MINERAL DEV CORP,558.45,561.85,553.2,557.9,558.5,556.45,,557.9,,,632829,352765787.45,16487,F1,1,,,,,,Cash Only,Metals & Mining,True,557.6500000000001,557.5250000000001,557.7750000000001,557.7750000000001,557.5250000000001,0.25,0.04481089801039613,Narrow,Bullish,Above CPR,True,False,0.016666666666666666,60,488056684.55,Higher,True,Neutral,True,14.753571428571433,571.448,605.9445,0.01694504962478818,0.7227967541828846,False,False,No setup,Neutral,0,Not applicable,No directional setup; confirmation score not applicable.,Narrow CPR,Not applicable,Not applicable,Narrow CPR; Wide CPR rules not applied,0,0,0,0
2026-09-21,2026-09-21,CM,NSE,STK,765105,INE348N01042,KDGREEN,EQ,,,,,KD GREEN INDUSTRIES LTD,49.52,54.28,48.61,51.41,51.94,49.35,,51.4,,,113250,5911657.7,527,F1,1,,,,,,Cash Only,Unclassified,False,51.43333333333334,51.445,51.421666666666674,51.445,51.421666666666674,0.023333333333326323,0.04538676003370225,Narrow,Bearish,Below CPR,False,True,0.16666666666666666,12,1668602.825,Higher,False,Neutral,False,,,,,3.5428788753249294,False,False,No setup,Neutral,0,Not applicable,No directional setup; confirmation score not applicable.,Narrow CPR,Not applicable,Not applicable,Narrow CPR; Wide CPR rules not applied,0,0,0,0
2026-09-21,2026-09-21,CM,NSE,STK,27008,INE750M01017,HEXATRADEX,EQ,,,,,HEXA TRADEX LIMITED,161.9,161.9,158.0,159.84,160.0,158.29,,159.86,,,804,128682.42,55,F1,1,,,,,,Cash Only,Unclassified,False,159.91333333333333,159.95,159.87666666666667,159.95,159.87666666666667,0.07333333333332348,0.045879212545873044,Narrow,Bearish,Below CPR,False,True,0.06666666666666667,60,312428.65,Lower,True,Neutral,True,4.909285714285714,158.5056,160.6725,0.014937678839902937,0.41187778393562813,True,False,No setup,Neutral,0,Not applicable,No directional setup; confirmation score not applicable.,Narrow CPR,Not applicable,Not applicable,Narrow CPR; Wide CPR rules not applied,0,0,0,0
2026-09-21,2026-09-21,CM,NSE,STK,758115,INE0J5801029,JSLL,EQ,,,,,JEENA SIKHO LIFECARE LTD,505.1,510.5,505.0,508.1,507.1,510.4,,508.12,,,223216,113390536.05,11525,F1,1,,,,,,Cash Only,Unclassified,False,507.8666666666666,507.75,507.98333333333323,507.98333333333323,507.75,0.2333333333332348,0.0459227186249232,Narrow,Bullish,Above CPR,True,False,0.08333333333333333,60,257176261.35,Inside,True,Neutral,True,17.22857142857142,536.51,582.1545000000001,0.013543394140403352,0.4409059197562676,False,False,No setup,Neutral,0,Not applicable,No directional setup; confirmation score not applicable.,Narrow CPR,Not applicable,Not applicable,Narrow CPR; Wide CPR rules not applied,0,0,0,0
2026-09-21,2026-09-21,CM,NSE,STK,12018,INE040H01021,SUZLON,EQ,,,,,SUZLON ENERGY LIMITED,43.14,43.63,43.11,43.34,43.34,43.14,,43.35,,,26003443,1128004125.99,57404,F1,1,,,,,,F&O + Cash,Capital Goods,True,43.36000000000001,43.370000000000005,43.35000000000001,43.370000000000005,43.35000000000001,0.01999999999999602,0.046146746654351686,Narrow,Bearish,Below CPR,False,True,0.1,60,2381937907.88,Higher,True,Neutral,True,1.135,47.778600000000004,51.5828,0.017621145374445833,0.4735657139752897,False,False,No setup,Neutral,0,Not applicable,No directional setup; confirmation score not applicable.,Narrow CPR,Not applicable,Not applicable,Narrow CPR; Wide CPR rules not applied,0,0,0,0
2026-09-21,2026-09-21,CM,NSE,STK,25178,INE419M01035,TDPOWERSYS,EQ,,,,,TD POWER SYSTEMS LTD.,740.0,759.6,736.05,747.3,750.2,763.75,,747.26,,,1983807,1480678397.6,74580,F1,1,,,,,,Cash Only,Unclassified,False,747.65,747.825,747.4749999999999,747.825,747.4749999999999,0.3500000000001364,0.046835273651831454,Narrow,Bearish,Below CPR,False,True,0.08333333333333333,60,1224856190.225,Overlapping,True,Neutral,True,41.36785714285713,1048.528,1136.611,0.008460675127345094,1.208858974152718,False,False,No setup,Neutral,0,Not applicable,No directional setup; confirmation score not applicable.,Narrow CPR,Not applicable,Not applicable,Narrow CPR; Wide CPR rules not applied,0,0,0,0
2026-09-21,2026-09-21,CM,NSE,STK,7254,INE804L01022,MEDPLUS,EQ,,,,,MEDPLUS HEALTH SERV LTD,655.7,665.45,655.0,660.7,656.75,659.65,,660.69,,,66888,44161560.55,4188,F1,1,,,,,,Cash Only,Unclassified,False,660.3833333333333,660.225,660.5416666666666,660.5416666666666,660.225,0.31666666666660603,0.04792896422984804,Narrow,Bullish,Above CPR,True,False,0.1,60,98977828.75,Higher,True,Neutral,True,16.810714285714305,696.815,781.4995,0.018837192833365112,0.44617629127371616,False,False,No setup,Neutral,0,Not applicable,No directional setup; confirmation score not applicable.,Narrow CPR,Not applicable,Not applicable,Narrow CPR; Wide CPR rules not applied,0,0,0,0
2026-09-21,2026-09-21,CM,NSE,STK,3291,INE733A01018,STARPAPER,EQ,,,,,STAR PAPER MILLS LTD,157.98,163.0,155.03,159.13,160.0,158.82,,159.13,,,5456,860792.49,166,F1,1,,,,,,Cash Only,Unclassified,False,159.0533333333333,159.015,159.09166666666664,159.09166666666664,159.015,0.07666666666665378,0.048178638010842566,Narrow,Bullish,Above CPR,True,False,0.08333333333333333,60,1283465.38,Higher,True,Neutral,True,8.406428571428574,150.8144,144.8182,0.009120004531677736,0.6706783863542934,True,True,No setup,Neutral,0,Not applicable,No directional setup; confirmation score not applicable.,Narrow CPR,Not applicable,Not applicable,Narrow CPR; Wide CPR rules not applied,0,0,0,0
2026-09-21,2026-09-21,CM,NSE,STK,24538,INE683C01011,MAITHANALL,EQ,,,,,MAITHAN ALLOYS LTD,1001.0,1007.95,990.0,998.25,996.0,1009.1,,998.2,,,38649,38538509.25,2763,F1,1,,,,,,Cash Only,Unclassified,False,998.7333333333332,998.975,998.4916666666664,998.975,998.4916666666664,0.48333333333357587,0.048418064947014866,Narrow,Bearish,Below CPR,False,True,0.016666666666666666,60,34573949.125,Lower,True,Neutral,True,49.657142857142865,998.711,1004.9555,0.009733410049870628,1.1146689986343872,False,False,No setup,Neutral,0,Not applicable,No directional setup; confirmation score not applicable.,Narrow CPR,Not applicable,Not applicable,Narrow CPR; Wide CPR rules not applied,0,0,-2,-2
2026-09-21,2026-09-21,CM,NSE,STK,9741,INE088F01024,PARADEEP,EQ,,,,,PARADEEP PHOSPHATES LTD,156.63,157.18,154.05,155.73,155.6,155.62,,155.72,,,1949055,302840502.69,23627,F1,1,,,,,,Cash Only,Chemicals,True,155.65333333333334,155.615,155.69166666666666,155.69166666666666,155.615,0.07666666666665378,0.0492305057899273,Narrow,Bullish,Above CPR,True,False,0.08333333333333333,60,452982919.32,Higher,True,Neutral,True,5.145000000000002,149.6662,139.8584,0.014901198574665452,0.6685472890337943,True,True,No setup,Neutral,0,Not applicable,No directional setup; confirmation score not applicable.,Narrow CPR,Not applicable,Not applicable,Narrow CPR; Wide CPR rules not applied,0,0,0,0
2026-09-21,2026-09-21,CM,NSE,STK,757767,INE12NJ01018,SAMBHV,EQ,,,,,SAMBHV STEEL TUBES LTD,151.1,161.63,148.4,155.13,154.93,147.57,,155.13,,,59833915,9324113991.05,338404,F1,1,,,,,,Cash Only,Unclassified,False,155.0533333333333,155.015,155.09166666666664,155.09166666666664,155.015,0.07666666666665378,0.04942091579104865,Narrow,Bullish,Above CPR,True,False,0.03333333333333333,60,164272152.04500002,Higher,True,Neutral,True,6.94714285714286,124.6328,118.2163,0.011035711837684068,56.760162175849445,True,True,No setup,Neutral,0,Not applicable,No directional setup; confirmation score not applicable.,Narrow CPR,Not applicable,Not applicable,Narrow CPR; Wide CPR rules not applied,0,0,0,0
2026-09-21,2026-09-21,CM,NSE,STK,3220,INE670K01029,LODHA,EQ,,,,,LODHA DEVELOPERS LIMITED,1137.8,1150.7,1127.0,1138.0,1138.0,1144.7,,1138.0,,,451750,514780924.1,17666,F1,1,,,,,,F&O + Cash,Realty,True,1138.5666666666666,1138.85,1138.2833333333333,1138.85,1138.2833333333333,0.566666666666606,0.04979496192149438,Narrow,Bearish,Below CPR,False,True,0.03333333333333333,60,1952000255.75,Inside,True,Neutral,True,45.128571428571455,1205.181,1071.152,0.012556716260418613,0.2637197011545525,False,True,No setup,Neutral,0,Not applicable,No directional setup; confirmation score not applicable.,Narrow CPR,Not applicable,Not applicable,Narrow CPR; Wide CPR rules not applied,0,0,0,0
2026-09-21,2026-09-21,CM,NSE,STK,9617,INE663A01033,SPLPETRO,EQ,,,,,SUPREME PETROCHEM LIMITED,871.35,878.8,851.1,865.6,865.9,865.7,,865.56,,,259805,225068167.05,19644,F1,1,,,,,,Cash Only,Chemicals,True,865.1666666666666,864.95,865.3833333333332,865.3833333333332,864.95,0.4333333333331666,0.050061614294497056,Narrow,Bullish,Above CPR,True,False,0.1,60,53983005.475,Higher,True,Neutral,True,33.49642857142857,737.2579999999999,724.8580000000001,0.012936702562457263,4.169241135605742,True,True,No setup,Neutral,0,Not applicable,No directional setup; confirmation score not applicable.,Narrow CPR,Not applicable,Not applicable,Narrow CPR; Wide CPR rules not applied,0,0,0,0
2026-09-21,2026-09-21,CM,NSE,STK,13920,INE083C01022,PLASTIBLEN,EQ,,,,,PLASTIBLENDS INDIA LTD,185.0,190.0,181.06,185.67,186.39,186.63,,185.77,,,22944,4256602.76,885,F1,1,,,,,,Cash Only,Unclassified,False,185.57666666666668,185.53,185.62333333333336,185.62333333333336,185.53,0.09333333333336213,0.05026839733579046,Narrow,Bullish,Above CPR,True,False,0.1,60,5291753.255,Lower,True,Neutral,True,7.557857142857145,191.6586,182.3804,0.01234917934663141,0.8043842097093395,False,True,No setup,Neutral,0,Not applicable,No directional setup; confirmation score not applicable.,Narrow CPR,Not applicable,Not applicable,Narrow CPR; Wide CPR rules not applied,0,0,0,0
2026-09-21,2026-09-21,CM,NSE,STK,9253,INE937C01029,NILAINFRA,EQ,,,,,NILA INFRASTRUCTURES LTD,6.63,6.72,6.51,6.62,6.6,6.63,,6.62,,,89195,590147.83,475,F1,1,,,,,,Cash Only,Unclassified,False,6.616666666666667,6.615,6.618333333333334,6.618333333333334,6.615,0.0033333333333338544,0.050352467270904144,Narrow,Bullish,Above CPR,True,False,0.05,60,1092255.565,Higher,True,Neutral,True,0.30571428571428555,7.0607999999999995,7.5224,0.010903426791278968,0.5403019667837535,False,False,No setup,Neutral,0,Not applicable,No directional setup; confirmation score not applicable.,Narrow CPR,Not applicable,Not applicable,Narrow CPR; Wide CPR rules not applied,0,-1,0,-1
2026-09-21,2026-09-21,CM,NSE,STK,759517,INE0XAD01024,MIDWESTLTD,EQ,,,,,MIDWEST LIMITED,994.5,1003.0,975.1,988.3,993.2,980.8,,988.35,,,11386,11260046.3,1515,F1,1,,,,,,Cash Only,Unclassified,False,988.7999999999998,989.05,988.5499999999997,989.05,988.5499999999997,0.5000000000002274,0.050591925528708635,Narrow,Bearish,Below CPR,False,True,0.03333333333333333,60,14669644.75,Higher,True,Neutral,True,40.742857142857154,1149.26,1218.1009999999999,0.012272089761576404,0.767574572656233,False,False,No setup,Neutral,0,Not applicable,No directional setup; confirmation score not applicable.,Narrow CPR,Not applicable,Not applicable,Narrow CPR; Wide CPR rules not applied,0,0,0,0
2026-09-21,2026-09-21,CM,NSE,STK,17197,INE551D01018,PAKKA,EQ,,,,,PAKKA LIMITED,79.7,79.7,77.76,78.67,78.62,78.56,,78.63,,,90442,7107233.75,905,F1,1,,,,,,Cash Only,Unclassified,False,78.71,78.73,78.68999999999998,78.73,78.68999999999998,0.040000000000020464,0.050845303165146134,Narrow,Bearish,Below CPR,False,True,0.11666666666666667,60,4835744.245,Higher,True,Neutral,True,3.3514285714285696,75.8202,80.7627,0.01193520886616127,1.4697290406432568,True,False,No setup,Neutral,0,Not applicable,No directional setup; confirmation score not applicable.,Narrow CPR,Not applicable,Not applicable,Narrow CPR; Wide CPR rules not applied,0,0,0,0
2026-09-21,2026-09-21,CM,NSE,STK,18417,INE0N2P01017,RISHABH,EQ,,,,,RISHABH INSTRUMENTS LTD,764.0,771.95,723.0,748.05,750.0,764.7,,748.09,,,223888,166515283.65,13715,F1,1,,,,,,Cash Only,Unclassified,False,747.6666666666666,747.475,747.8583333333332,747.8583333333332,747.475,0.38333333333321207,0.051244346411765535,Narrow,Bullish,Above CPR,True,False,0.11666666666666667,60,144195472.325,Lower,True,Neutral,True,44.97857142857142,689.955,617.863,0.008522576888462712,1.1547885725197649,True,True,No setup,Neutral,0,Not applicable,No directional setup; confirmation score not applicable.,Narrow CPR,Not applicable,Not applicable,Narrow CPR; Wide CPR rules not applied,0,0,0,0
2026-09-21,2026-09-21,CM,NSE,STK,23066,INE0L9R01028,GOPAL,EQ,,,,,GOPAL SNACKS LIMITED,256.35,259.7,254.0,257.05,256.0,256.75,,257.05,,,47564,12171206.25,2457,F1,1,,,,,,Cash Only,Unclassified,False,256.9166666666667,256.85,256.98333333333335,256.98333333333335,256.85,0.13333333333332575,0.05187058289567234,Narrow,Bullish,Above CPR,True,False,0.1,60,31140269.45,Higher,True,Neutral,True,6.635714285714282,268.437,278.81649999999996,0.020093290276281612,0.39085102553600415,False,False,No setup,Neutral,0,Not applicable,No directional setup; confirmation score not applicable.,Narrow CPR,Not applicable,Not applicable,Narrow CPR; Wide CPR rules not applied,0,0,0,0
2026-09-21,2026-09-21,CM,NSE,STK,4007,INE558D01021,CORALFINAC,EQ,,,,,CORAL INDIA FIN & HOUS LT,31.6,32.55,31.6,32.1,32.47,32.56,,32.1,,,5416,173592.1,85,F1,1,,,,,,Cash Only,Unclassified,False,32.083333333333336,32.075,32.09166666666667,32.09166666666667,32.075,0.01666666666666572,0.05192107995846019,Narrow,Bullish,Above CPR,True,False,0.05,60,763639.3049999999,Lower,True,Neutral,True,1.454285714285715,32.9804,32.883,0.011460379829730843,0.22732211249917267,False,False,No setup,Neutral,0,Not applicable,No directional setup; confirmation score not applicable.,Narrow CPR,Not applicable,Not applicable,Narrow CPR; Wide CPR rules not applied,0,0,0,0
2026-09-21,2026-09-21,CM,NSE,STK,10753,INE692A01016,UNIONBANK,EQ,,,,,UNION BANK OF INDIA,177.11,178.87,177.03,178.09,178.09,176.56,,178.08,,,4110898,730630538.91,45034,F1,1,,,,,,F&O + Cash,Financial Services,True,177.99666666666667,177.95,178.04333333333335,178.04333333333335,177.95,0.09333333333336213,0.052407958522860426,Narrow,Bullish,Above CPR,True,False,0.1,60,1917758939.5,Higher,True,Neutral,True,4.234999999999995,179.37539999999998,173.0634,0.022038567493119773,0.38098142778074634,False,True,No setup,Neutral,0,Not applicable,No directional setup; confirmation score not applicable.,Narrow CPR,Not applicable,Not applicable,Narrow CPR; Wide CPR rules not applied,0,0,0,0
2026-09-21,2026-09-21,CM,NSE,STK,3787,INE075A01022,WIPRO,EQ,,,,,WIPRO LTD,165.24,165.5,163.34,164.55,164.55,166.83,,164.56,,,9282035,1526328975.55,67278,F1,1,,,,,,F&O + Cash,Information Technology,True,164.46333333333334,164.42000000000002,164.50666666666666,164.50666666666666,164.42000000000002,0.08666666666664469,0.05266889496605572,Narrow,Bullish,Above CPR,True,False,0.06666666666666667,60,1810371972.0300002,Lower,True,Neutral,True,3.796428571428566,178.083,183.30020000000002,0.022828472875503807,0.8431024116212437,False,False,No setup,Neutral,0,Not applicable,No directional setup; confirmation score not applicable.,Narrow CPR,Not applicable,Not applicable,Narrow CPR; Wide CPR rules not applied,0,0,0,0
2026-09-21,2026-09-21,CM,NSE,STK,9117,INE716B01029,TIPSMUSIC,EQ,,,,,TIPS MUSIC LIMITED,657.7,665.0,653.95,660.0,656.5,657.7,,659.99,,,194431,128521485.95,13335,F1,1,,,,,,Cash Only,Unclassified,False,659.65,659.475,659.8249999999999,659.8249999999999,659.475,0.34999999999990905,0.05303030303028926,Narrow,Bullish,Above CPR,True,False,0.06666666666666667,60,143157452.95,Higher,True,Neutral,True,18.464285714285705,664.681,660.3014999999999,0.018955512572528935,0.8977631503047778,False,False,No setup,Neutral,0,Not applicable,No directional setup; confirmation score not applicable.,Narrow CPR,Not applicable,Not applicable,Narrow CPR; Wide CPR rules not applied,0,0,0,0
2026-09-21,2026-09-21,CM,NSE,STK,14096,INE076B01028,SIYSIL,EQ,,,,,SIYARAM SILK MILLS LTD,527.45,536.8,524.05,530.0,530.0,527.4,,530.0,,,18552,9845207.05,2471,F1,1,,,,,,Cash Only,Unclassified,False,530.2833333333333,530.425,530.1416666666667,530.425,530.1416666666667,0.283333333333303,0.05345911949684963,Narrow,Bearish,Below CPR,False,True,0.08333333333333333,60,25091997.825000003,Higher,True,Neutral,True,17.724999999999998,596.7,601.0895,0.0159849553361525,0.3923644150881796,False,False,No setup,Neutral,0,Not applicable,No directional setup; confirmation score not applicable.,Narrow CPR,Not applicable,Not applicable,Narrow CPR; Wide CPR rules not applied,0,0,0,0
2026-09-21,2026-09-21,CM,NSE,STK,20534,INE024L01027,GRAVITA,EQ,,,,,GRAVITA INDIA LIMITED,1604.0,1610.5,1552.1,1580.0,1578.0,1598.4,,1579.99,,,272538,430582648.9,24691,F1,1,,,,,,Cash Only,Metals & Mining,True,1580.8666666666668,1581.3,1580.4333333333336,1581.3,1580.4333333333336,0.8666666666663332,0.05485232067508437,Narrow,Bearish,Below CPR,False,True,0.1,60,361621905.85,Lower,True,Neutral,True,51.32857142857142,1741.4980000000003,1710.031,0.016884683180251416,1.1906984669192158,False,False,No setup,Neutral,0,Not applicable,No directional setup; confirmation score not applicable.,Narrow CPR,Not applicable,Not applicable,Narrow CPR; Wide CPR rules not applied,0,0,0,0
2026-09-21,2026-09-21,CM,NSE,STK,15068,INE621H01010,RELIGARE,EQ,,,,,RELIGARE ENTER. LTD.,253.02,256.0,250.0,253.21,252.17,253.02,,253.22,,,1257880,318587253.15,13548,F1,1,,,,,,Cash Only,Unclassified,False,253.07000000000002,253.0,253.14000000000004,253.14000000000004,253.0,0.1400000000000432,0.05529007543147712,Narrow,Bullish,Above CPR,True,False,0.08333333333333333,60,163280113.72,Higher,True,Neutral,True,7.5792857142857075,247.6636,244.7761,0.018471397606263373,1.951169961189074,True,True,No setup,Neutral,0,Not applicable,No directional setup; confirmation score not applicable.,Narrow CPR,Not applicable,Not applicable,Narrow CPR; Wide CPR rules not applied,0,0,0,0
2026-09-21,2026-09-21,CM,NSE,STK,17728,INE563J01010,ASTEC,EQ,,,,,ASTEC LIFESCIENCES LTD,728.0,728.0,712.1,719.45,712.9,726.7,,719.45,,,22784,16388252.4,1607,F1,1,,,,,,Cash Only,Unclassified,False,719.85,720.05,719.6500000000001,720.05,719.6500000000001,0.3999999999998636,0.05559802627004845,Narrow,Bearish,Below CPR,False,True,0.11666666666666667,60,19286962.025,Lower,True,Neutral,True,49.99285714285715,637.362,686.2669999999999,0.00800114302042876,0.8497062616060189,True,True,No setup,Neutral,0,Not applicable,No directional setup; confirmation score not applicable.,Narrow CPR,Not applicable,Not applicable,Narrow CPR; Wide CPR rules not applied,0,0,0,0
2026-09-21,2026-09-21,CM,NSE,STK,10530,INE597I01028,SHARDAMOTR,EQ,,,,,SHARDA MOTOR INDS LTD,967.0,969.9,944.0,957.75,960.05,967.05,,957.74,,,72546,69654111.8,7838,F1,1,,,,,,Cash Only,Unclassified,False,957.2166666666667,956.95,957.4833333333333,957.4833333333333,956.95,0.533333333333303,0.05568606978160303,Narrow,Bullish,Above CPR,True,False,0.1,60,35490717.6,Inside,True,Neutral,True,30.074999999999996,891.4909999999999,871.7114999999999,0.017733444167358375,1.9626008294630817,True,True,No setup,Neutral,0,Not applicable,No directional setup; confirmation score not applicable.,Narrow CPR,Not applicable,Not applicable,Narrow CPR; Wide CPR rules not applied,0,0,0,0
2026-09-21,2026-09-21,CM,NSE,STK,2963,INE114A01011,SAIL,EQ,,,,,STEEL AUTHORITY OF INDIA,178.0,179.8,175.1,177.3,177.3,177.33,,177.25,,,7044243,1246184031.33,35773,F1,1,,,,,,F&O + Cash,Metals & Mining,True,177.4,177.45,177.35000000000002,177.45,177.35000000000002,0.0999999999999659,0.0564015792441996,Narrow,Bearish,Below CPR,False,True,0.13333333333333333,60,2313029657.45,Lower,True,Neutral,True,5.855714285714287,175.86059999999998,180.4172,0.01707733593558822,0.5387669921637995,True,False,No setup,Neutral,0,Not applicable,No directional setup; confirmation score not applicable.,Narrow CPR,Not applicable,Not applicable,Narrow CPR; Wide CPR rules not applied,0,0,0,0
2026-09-21,2026-09-21,CM,NSE,STK,759747,INE719F01016,SHIVAUM,EQ,,,,,SHIV AUM STEELS LIMITED,471.0,475.9,470.0,472.55,470.0,468.3,,472.55,,,356,167840.55,18,F1,1,,,,,,Cash Only,Unclassified,False,472.81666666666666,472.95,472.68333333333334,472.95,472.68333333333334,0.2666666666666515,0.056431418192075235,Narrow,Bearish,Below CPR,False,True,0.05,60,1081540.125,Higher,True,Neutral,True,18.242857142857133,437.21,394.405,0.014617593317670803,0.155186614088867,True,True,No setup,Neutral,0,Not applicable,No directional setup; confirmation score not applicable.,Narrow CPR,Not applicable,Not applicable,Narrow CPR; Wide CPR rules not applied,0,0,0,0
2026-09-21,2026-09-21,CM,NSE,STK,10557,INE278M01019,NAVKARCORP,EQ,,,,,NAVKAR CORPORATION LTD.,88.91,89.49,87.82,88.58,88.57,88.91,,88.59,,,222333,19699566.85,2676,F1,1,,,,,,Cash Only,Unclassified,False,88.63,88.655,88.60499999999999,88.655,88.60499999999999,0.05000000000001137,0.05644615037255743,Narrow,Bearish,Below CPR,False,True,0.08333333333333333,60,28986757.775,Inside,True,Neutral,True,2.7935714285714286,99.1954,100.15129999999999,0.017898235745337745,0.6796057359333284,False,False,No setup,Neutral,0,Not applicable,No directional setup; confirmation score not applicable.,Narrow CPR,Not applicable,Not applicable,Narrow CPR; Wide CPR rules not applied,0,0,0,0
2026-09-21,2026-09-21,CM,NSE,STK,4568,INE446A01025,ATLASCYCLE,EQ,,,,,ATLAS CYCLE (HARYANA) LTD,88.0,89.19,87.5,88.42,88.17,88.19,,88.42,,,4438,393143.14,115,F1,1,,,,,,Cash Only,Unclassified,False,88.37,88.345,88.39500000000001,88.39500000000001,88.345,0.05000000000001137,0.05654829224158716,Narrow,Bullish,Above CPR,True,False,0.13333333333333333,60,359673.225,Overlapping,True,Neutral,True,6.366428571428571,97.00120000000001,98.21950000000001,0.007853696847303481,1.0930564542300862,False,False,No setup,Neutral,0,Not applicable,No directional setup; confirmation score not applicable.,Narrow CPR,Not applicable,Not applicable,Narrow CPR; Wide CPR rules not applied,0,0,0,0
2026-09-21,2026-09-21,CM,NSE,STK,10940,INE361B01024,DIVISLAB,EQ,,,,,DIVI S LABORATORIES LTD,9418.0,9461.5,9375.5,9410.5,9410.5,9375.0,,9410.55,,,380343,3578347152.0,51101,F1,1,,,,,,F&O + Cash,Healthcare,True,9415.833333333334,9418.5,9413.166666666668,9418.5,9413.166666666668,5.333333333332121,0.05667428227333426,Narrow,Bearish,Below CPR,False,True,0.08333333333333333,60,3384274107.0,Higher,True,Neutral,True,210.0,8453.25,7580.185,0.025396825396819624,1.057345545562808,True,True,No setup,Neutral,0,Not applicable,No directional setup; confirmation score not applicable.,Narrow CPR,Not applicable,Not applicable,Narrow CPR; Wide CPR rules not applied,0,0,0,0
2026-09-21,2026-09-21,CM,NSE,STK,765291,INE1EEM01017,BLEL,EQ,,,,,BEHARI LAL ENGINEERING L,440.9,444.0,434.35,439.55,441.5,440.4,,439.56,,,317773,139412564.1,5883,F1,1,,,,,,Cash Only,Unclassified,False,439.3,439.175,439.425,439.425,439.175,0.25,0.05687635081333181,Narrow,Bullish,Above CPR,True,False,0.13043478260869565,23,675122762.25,Overlapping,True,Neutral,True,18.92142857142857,,,0.01321253303133258,0.20649957592212703,False,False,No setup,Neutral,0,Not applicable,No directional setup; confirmation score not applicable.,Narrow CPR,Not applicable,Not applicable,Narrow CPR; Wide CPR rules not applied,0,0,0,0
2026-09-21,2026-09-21,CM,NSE,STK,31181,INE745G01043,MCX,EQ,,,,,MULTI COMMODITY EXCHANGE,3250.0,3268.0,3155.5,3209.0,3209.0,3260.0,,3208.9,,,1267161,4068810628.6,61554,F1,1,,,,,,F&O + Cash,Financial Services,True,3210.8333333333335,3211.75,3209.916666666667,3211.75,3209.916666666667,1.8333333333330302,0.057130985769181374,Narrow,Bearish,Below CPR,False,True,0.03333333333333333,60,6480354780.65,Lower,True,Neutral,True,112.85000000000007,3004.126,2989.4970000000003,0.016245753950669288,0.6278684989206541,True,True,No setup,Neutral,0,Not applicable,No directional setup; confirmation score not applicable.,Narrow CPR,Not applicable,Not applicable,Narrow CPR; Wide CPR rules not applied,0,0,0,0
2026-09-21,2026-09-21,CM,NSE,STK,16795,INE877I01016,ARCHIDPLY,EQ,,,,,ARCHIDPLY IND. LTD,105.04,106.99,102.51,104.84,104.51,104.8,,104.77,,,18328,1936017.23,439,F1,1,,,,,,Cash Only,Unclassified,False,104.78000000000002,104.75,104.81000000000003,104.81000000000003,104.75,0.060000000000030695,0.05723006486076945,Narrow,Bullish,Above CPR,True,False,0.05,60,1196419.895,Higher,True,Neutral,True,4.132857142857143,93.55,87.575,0.014517801590052365,1.6181753898366926,True,True,No setup,Neutral,0,Not applicable,No directional setup; confirmation score not applicable.,Narrow CPR,Not applicable,Not applicable,Narrow CPR; Wide CPR rules not applied,0,0,0,0
2026-09-21,2026-09-21,CM,NSE,STK,12384,INE518E01015,ZIMLAB,EQ,,,,,ZIM LABORATORIES LIMITED,134.0,136.52,130.55,133.65,136.0,135.51,,133.67,,,101668,13510916.44,1655,F1,1,,,,,,Cash Only,Unclassified,False,133.57333333333335,133.53500000000003,133.61166666666668,133.61166666666668,133.53500000000003,0.07666666666665378,0.05736376106745513,Narrow,Bullish,Above CPR,True,False,0.03333333333333333,60,8257098.62,Lower,True,Neutral,True,9.239285714285716,106.87179999999998,88.1454,0.008297899755184792,1.6362789233586748,True,True,No setup,Neutral,0,Not applicable,No directional setup; confirmation score not applicable.,Narrow CPR,Not applicable,Not applicable,Narrow CPR; Wide CPR rules not applied,0,0,0,0
2026-09-21,2026-09-21,CM,NSE,STK,2385,INE060A01024,NAVNETEDUL,EQ,,,,,NAVNEET EDUCATION LTD,126.41,128.0,125.42,126.82,126.45,126.89,,126.84,,,139117,17562702.2,1837,F1,1,,,,,,Cash Only,Unclassified,False,126.74666666666667,126.71000000000001,126.78333333333333,126.78333333333333,126.71000000000001,0.07333333333332348,0.0578247384744705,Narrow,Bullish,Above CPR,True,False,0.13333333333333333,60,17542294.994999997,Higher,True,Neutral,True,3.0721428571428606,135.209,139.40879999999999,0.02387041773230708,1.0011633144355296,False,False,No setup,Neutral,0,Not applicable,No directional setup; confirmation score not applicable.,Narrow CPR,Not applicable,Not applicable,Narrow CPR; Wide CPR rules not applied,0,0,0,0
2026-09-21,2026-09-21,CM,NSE,STK,11184,INE092T01019,IDFCFIRSTB,EQ,,,,,IDFC FIRST BANK LIMITED,85.92,86.55,85.2,85.8,85.8,85.92,,85.79,,,20239022,1736348416.07,77040,F1,1,,,,,,F&O + Cash,Financial Services,True,85.85000000000001,85.875,85.82500000000002,85.875,85.82500000000002,0.04999999999998295,0.0582750582750384,Narrow,Bearish,Below CPR,False,True,0.06666666666666667,60,1195805438.06,Lower,True,Neutral,True,1.5357142857142858,84.4738,79.08539999999999,0.03255813953487261,1.452032547106445,True,True,No setup,Neutral,0,Not applicable,No directional setup; confirmation score not applicable.,Narrow CPR,Not applicable,Not applicable,Narrow CPR; Wide CPR rules not applied,0,0,0,0
2026-09-21,2026-09-21,CM,NSE,STK,12173,INE254N01026,HNDFDS,EQ,,,,,HINDUSTAN FOODS LIMITED,625.0,625.0,611.6,617.75,612.0,625.7,,617.74,,,72898,45111448.6,3383,F1,1,,,,,,Cash Only,Unclassified,False,618.1166666666667,618.3,617.9333333333334,618.3,617.9333333333334,0.36666666666656056,0.0593551868339232,Narrow,Bearish,Below CPR,False,True,0.1,60,38978780.675,Lower,True,Neutral,True,20.121428571428574,601.727,568.679,0.018222695538984195,1.1573334983496122,True,True,No setup,Neutral,0,Not applicable,No directional setup; confirmation score not applicable.,Narrow CPR,Not applicable,Not applicable,Narrow CPR; Wide CPR rules not applied,0,0,0,0
2026-09-21,2026-09-21,CM,NSE,STK,4963,INE090A01021,ICICIBANK,EQ,,,,,ICICI BANK LTD.,1347.8,1352.0,1340.4,1345.0,1345.0,1338.9,,1344.99,,,5705598,7671289249.6,127740,F1,1,,,,,,F&O + Cash,Financial Services,True,1345.8,1346.2,1345.3999999999999,1346.2,1345.3999999999999,0.8000000000001819,0.059479553903359246,Narrow,Bearish,Below CPR,False,True,0.18333333333333332,60,15176248275.75,Inside,True,Neutral,True,20.985714285714284,1419.162,1362.1280000000002,0.038121170864542364,0.5054799519758707,False,False,No setup,Neutral,0,Not applicable,No directional setup; confirmation score not applicable.,Narrow CPR,Not applicable,Not applicable,Narrow CPR; Wide CPR rules not applied,0,0,0,0
2026-09-21,2026-09-21,CM,NSE,STK,24932,INE0URU01010,GLOBALE,EQ,,,,,GLOBALE TESSILE LIMITED,11.5,11.5,10.8,11.16,10.86,11.0,,11.16,,,3542,39509.55,27,F1,1,,,,,,Cash Only,Unclassified,False,11.153333333333334,11.15,11.156666666666668,11.156666666666668,11.15,0.006666666666667709,0.0597371565113594,Narrow,Bullish,Above CPR,True,False,0.03333333333333333,60,62786.369999999995,Inside,True,Neutral,True,0.7171428571428573,11.666000000000002,11.487,0.009296148738381265,0.6292695373215557,False,False,No setup,Neutral,0,Not applicable,No directional setup; confirmation score not applicable.,Narrow CPR,Not applicable,Not applicable,Narrow CPR; Wide CPR rules not applied,0,0,0,0
2026-09-21,2026-09-21,CM,NSE,STK,4421,INE741K01010,CREDITACC,EQ,,,,,CREDITACCESS GRAMEEN LTD,1385.0,1409.8,1378.7,1393.0,1390.2,1387.6,,1393.01,,,98303,137108974.2,13585,F1,1,,,,,,Cash Only,Financial Services,True,1393.8333333333333,1394.25,1393.4166666666665,1394.25,1393.4166666666665,0.8333333333334849,0.059822924144543065,Narrow,Bearish,Below CPR,False,True,0.06666666666666667,60,406819738.15,Higher,True,Neutral,True,41.72142857142857,1484.102,1434.4560000000001,0.019973748787311743,0.33702635674340375,False,False,No setup,Neutral,0,Not applicable,No directional setup; confirmation score not applicable.,Narrow CPR,Not applicable,Not applicable,Narrow CPR; Wide CPR rules not applied,0,0,0,0
2026-09-21,2026-09-21,CM,NSE,STK,21113,INE878K01010,BFINVEST,EQ,,,,,BF INVESTMENT LIMITED,448.2,448.2,440.0,444.5,442.7,445.25,,444.46,,,9316,4126752.4,682,F1,1,,,,,,Cash Only,Unclassified,False,444.23333333333335,444.1,444.3666666666667,444.3666666666667,444.1,0.2666666666666515,0.059992500937379414,Narrow,Bullish,Above CPR,True,False,0.08333333333333333,60,13102484.55,Lower,True,Neutral,True,15.339285714285703,459.41299999999995,446.12299999999993,0.017384555684903952,0.3149595318545901,False,False,No setup,Neutral,0,Not applicable,No directional setup; confirmation score not applicable.,Narrow CPR,Not applicable,Not applicable,Narrow CPR; Wide CPR rules not applied,0,0,0,0
2026-09-21,2026-09-21,CM,NSE,STK,5382,INE071N01016,EPIGRAL,EQ,,,,,EPIGRAL LIMITED,1109.8,1124.9,1095.1,1111.0,1110.0,1105.3,,1110.94,,,23879,26480225.3,2624,F1,1,,,,,,Cash Only,Unclassified,False,1110.3333333333333,1110.0,1110.6666666666665,1110.6666666666665,1110.0,0.6666666666665151,0.060006000600046364,Narrow,Bullish,Above CPR,True,False,0.03333333333333333,60,52020783.7,Higher,True,Neutral,True,39.84285714285717,1136.0079999999998,1150.568,0.01673240109955397,0.5090316488253905,False,False,No setup,Neutral,0,Not applicable,No directional setup; confirmation score not applicable.,Narrow CPR,Not applicable,Not applicable,Narrow CPR; Wide CPR rules not applied,0,0,0,0
2026-09-21,2026-09-21,CM,NSE,STK,17313,INE281B01032,LLOYDSME,EQ,,,,,LLOYDS METALS N ENERGY L,1826.7,1839.8,1812.7,1824.6,1820.0,1826.7,,1824.64,,,229204,418400301.6,9700,F1,1,,,,,,Cash Only,Metals & Mining,True,1825.7,1826.25,1825.15,1826.25,1825.15,1.099999999999909,0.060287186232593944,Narrow,Bearish,Below CPR,False,True,0.1,60,755008963.85,Higher,True,Neutral,True,39.27857142857145,1896.902,1827.9980000000003,0.028005091834876737,0.5541660054821878,False,False,No setup,Neutral,0,Not applicable,No directional setup; confirmation score not applicable.,Narrow CPR,Not applicable,Not applicable,Narrow CPR; Wide CPR rules not applied,0,0,0,0
2026-09-21,2026-09-21,CM,NSE,STK,5435,INE852O01025,APTUS,EQ,,,,,APTUS VALUE HSG FIN I LTD,239.17,240.47,234.5,237.27,238.19,237.68,,237.27,,,1262350,299876580.0,27206,F1,1,,,,,,Cash Only,Financial Services,True,237.41333333333333,237.485,237.34166666666664,237.485,237.34166666666664,0.1433333333333735,0.0604093789073096,Narrow,Bearish,Below CPR,False,True,0.08333333333333333,60,247259406.975,Lower,True,Neutral,True,7.45357142857143,264.11379999999997,266.3105,0.01923015492733329,1.2128015013411402,False,False,No setup,Neutral,0,Not applicable,No directional setup; confirmation score not applicable.,Narrow CPR,Not applicable,Not applicable,Narrow CPR; Wide CPR rules not applied,0,0,0,0
2026-09-21,2026-09-21,CM,NSE,STK,20560,INE325C01035,DOLLAR,EQ,,,,,DOLLAR INDUSTRIES LIMITED,272.25,279.0,271.0,275.25,276.75,273.25,,275.25,,,81750,22545253.45,3458,F1,1,,,,,,Cash Only,Unclassified,False,275.0833333333333,275.0,275.16666666666663,275.16666666666663,275.0,0.16666666666662877,0.06055101422947457,Narrow,Bullish,Above CPR,True,False,0.1,60,27033947.75,Higher,True,Neutral,True,8.714285714285706,267.859,268.64349999999996,0.019125683060104957,0.8339608280111438,True,True,No setup,Neutral,0,Not applicable,No directional setup; confirmation score not applicable.,Narrow CPR,Not applicable,Not applicable,Narrow CPR; Wide CPR rules not applied,0,0,0,0
2026-09-21,2026-09-21,CM,NSE,STK,16657,INE087B01017,ANIKINDS,EQ,,,,,ANIK INDUSTRIES LTD,44.89,44.97,43.01,43.95,44.4,44.59,,43.99,,,1045,46619.05,45,F1,1,,,,,,Cash Only,Unclassified,False,43.97666666666667,43.989999999999995,43.96333333333334,43.989999999999995,43.96333333333334,0.026666666666656624,0.06067500948044738,Narrow,Bearish,Below CPR,False,True,0.06666666666666667,60,375231.70999999996,Inside,True,Neutral,True,2.5949999999999998,43.34780000000001,44.0585,0.01027617212587924,0.12424069916692278,True,False,No setup,Neutral,0,Not applicable,No directional setup; confirmation score not applicable.,Narrow CPR,Not applicable,Not applicable,Narrow CPR; Wide CPR rules not applied,0,0,0,0
2026-09-21,2026-09-21,CM,NSE,STK,12219,INE263M01029,RUSTOMJEE,EQ,,,,,KEYSTONE REALTORS LIMITED,353.8,359.8,348.45,354.45,358.0,353.75,,354.53,,,25052,8823460.05,1535,F1,1,,,,,,Cash Only,Unclassified,False,354.23333333333335,354.125,354.3416666666667,354.3416666666667,354.125,0.21666666666669698,0.06112756853341712,Narrow,Bullish,Above CPR,True,False,0.11666666666666667,60,11527221.5,Higher,True,Neutral,True,11.417857142857136,382.21200000000005,392.6655,0.0189761234490695,0.7654455195469264,False,False,No setup,Neutral,0,Not applicable,No directional setup; confirmation score not applicable.,Narrow CPR,Not applicable,Not applicable,Narrow CPR; Wide CPR rules not applied,0,0,0,0
2026-09-21,2026-09-21,CM,NSE,STK,19401,INE02PY01013,BOROLTD,EQ,,,,,BOROSIL LIMITED,260.0,267.0,255.76,261.14,259.0,259.21,,261.07,,,101036,26189512.86,2192,F1,1,,,,,,Cash Only,Unclassified,False,261.3,261.38,261.22,261.38,261.22,0.15999999999996817,0.06126981695640966,Narrow,Bearish,Below CPR,False,True,0.06666666666666667,60,22842383.77,Higher,True,Neutral,True,10.94214285714286,246.12079999999997,239.2314,0.014622364384095265,1.1465315145609254,True,True,No setup,Neutral,0,Not applicable,No directional setup; confirmation score not applicable.,Narrow CPR,Not applicable,Not applicable,Narrow CPR; Wide CPR rules not applied,0,0,0,0
2026-09-21,2026-09-21,CM,NSE,STK,760259,INE0E7301029,WAKEFIT,EQ,,,,,WAKEFIT INNOVATIONS LTD,147.19,148.29,145.3,146.66,147.0,146.85,,146.65,,,144051,21101885.74,2335,F1,1,,,,,,Cash Only,Unclassified,False,146.75,146.79500000000002,146.70499999999998,146.79500000000002,146.70499999999998,0.09000000000003183,0.06136642574664655,Narrow,Bearish,Below CPR,False,True,0.08333333333333333,60,117380170.805,Overlapping,True,Neutral,True,6.226428571428569,136.947,131.9946,0.01445451416772337,0.179773854436248,True,True,No setup,Neutral,0,Not applicable,No directional setup; confirmation score not applicable.,Narrow CPR,Not applicable,Not applicable,Narrow CPR; Wide CPR rules not applied,0,0,0,0
2026-09-21,2026-09-21,CM,NSE,STK,21808,INE123W01016,SBILIFE,EQ,,,,,SBI LIFE INSURANCE CO LTD,1744.0,1774.4,1734.3,1756.0,1756.0,1731.0,,1756.03,,,707336,1247485979.1,24595,F1,1,,,,,,F&O + Cash,Financial Services,True,1754.8999999999999,1754.35,1755.4499999999998,1755.4499999999998,1754.35,1.099999999999909,0.06264236902049596,Narrow,Bullish,Above CPR,True,False,0.18333333333333332,60,1587968757.95,Higher,True,Neutral,True,41.092857142857156,1797.4520000000002,1805.006,0.026768642447416516,0.7855859712948328,False,False,No setup,Neutral,0,Not applicable,No directional setup; confirmation score not applicable.,Narrow CPR,Not applicable,Not applicable,Narrow CPR; Wide CPR rules not applied,0,0,0,0
2026-09-21,2026-09-21,CM,NSE,STK,13771,INE273D01027,VGL,EQ,,,,,VARVEE GLOBAL LIMITED,66.7,71.49,66.7,69.03,68.77,66.27,,69.09,,,478309,33039119.76,2846,F1,1,,,,,,Cash Only,Unclassified,False,69.07333333333334,69.095,69.05166666666668,69.095,69.05166666666668,0.043333333333322344,0.06277463904580956,Narrow,Bearish,Below CPR,False,True,0.13333333333333333,60,1402722.8199999998,Higher,True,Neutral,True,4.815000000000002,60.322399999999995,62.97650000000001,0.008999653859464657,23.553562606189015,True,True,No setup,Neutral,0,Not applicable,No directional setup; confirmation score not applicable.,Narrow CPR,Not applicable,Not applicable,Narrow CPR; Wide CPR rules not applied,0,0,0,0
2026-09-21,2026-09-21,CM,NSE,STK,756782,INE0GGO01015,KRISHIVAL,EQ,,,,,KRISHIVAL FOODS LIMITED,420.0,421.0,414.0,417.1,417.0,419.3,,417.14,,,3900,1630749.85,210,F1,1,,,,,,Cash Only,Unclassified,False,417.3666666666666,417.5,417.23333333333323,417.5,417.23333333333323,0.2666666666667652,0.06393350915050712,Narrow,Bearish,Below CPR,False,True,0.23333333333333334,60,4146562.5,Inside,True,Neutral,True,5.9178571428571445,401.45,395.5485,0.0450613558640279,0.393277528072952,True,True,No setup,Neutral,0,Not applicable,No directional setup; confirmation score not applicable.,Narrow CPR,Not applicable,Not applicable,Narrow CPR; Wide CPR rules not applied,0,0,0,0
2026-09-21,2026-09-21,CM,NSE,STK,8998,INE398B01018,UMIYA-MRO,EQ,,,,,UMIYA BUILDCON LIMITED,97.0,100.85,96.0,98.33,98.1,98.01,,98.08,,,5576,546493.93,211,F1,1,,,,,,Cash Only,Unclassified,False,98.39333333333333,98.425,98.36166666666666,98.425,98.36166666666666,0.06333333333333258,0.06440896301569467,Narrow,Bearish,Below CPR,False,True,0.11666666666666667,60,831239.27,Higher,True,Neutral,True,5.784999999999999,92.2974,89.8225,0.010947853644482728,0.6574447932422635,True,True,No setup,Neutral,0,Not applicable,No directional setup; confirmation score not applicable.,Narrow CPR,Not applicable,Not applicable,Narrow CPR; Wide CPR rules not applied,0,0,0,0
2026-09-21,2026-09-21,CM,NSE,STK,11699,INE244B01030,PATELENG,EQ,,,,,PATEL ENGINEERING LTD.,25.46,25.99,25.46,25.75,25.79,25.62,,25.75,,,2618475,67183565.35,23521,F1,1,,,,,,Cash Only,Unclassified,False,25.733333333333334,25.725,25.741666666666667,25.741666666666667,25.725,0.01666666666666572,0.06472491909384746,Narrow,Bullish,Above CPR,True,False,0.05,60,92736081.445,Inside,True,Neutral,True,0.7792857142857146,28.176199999999998,28.655099999999997,0.02138710663000183,0.7244598251635777,False,False,No setup,Neutral,0,Not applicable,No directional setup; confirmation score not applicable.,Narrow CPR,Not applicable,Not applicable,Narrow CPR; Wide CPR rules not applied,0,0,0,0
2026-09-21,2026-09-21,CM,NSE,STK,14707,INE508G01029,TIMETECHNO,EQ,,,,,TIME TECHNOPLAST LTD.,180.1,181.9,178.21,180.23,181.5,179.24,,180.23,,,3679418,662917697.74,29693,F1,1,,,,,,Cash Only,Unclassified,False,180.11333333333334,180.055,180.17166666666668,180.17166666666668,180.055,0.11666666666667425,0.06473210157391902,Narrow,Bullish,Above CPR,True,False,0.08333333333333333,60,617408066.81,Higher,True,Neutral,True,5.147857142857142,194.44940000000003,186.0499,0.022663151565608986,1.073710781210128,False,False,No setup,Neutral,0,Not applicable,No directional setup; confirmation score not applicable.,Narrow CPR,Not applicable,Not applicable,Narrow CPR; Wide CPR rules not applied,0,0,0,0
2026-09-21,2026-09-21,CM,NSE,STK,765205,INE400A01014,TUTIALKA,EQ,,,,,TUTICORIN ALKAL CH & FE L,56.56,57.9,55.33,56.56,57.59,56.56,,56.63,,,3395,191770.22,138,F1,1,,,,,,Cash Only,Unclassified,False,56.596666666666664,56.614999999999995,56.57833333333333,56.614999999999995,56.57833333333333,0.03666666666666174,0.06482791136255613,Narrow,Bearish,Below CPR,False,True,0.08,25,548982.51,Higher,True,Neutral,True,2.957857142857143,,,0.012396361587376583,0.3493193617406864,False,False,No setup,Neutral,0,Not applicable,No directional setup; confirmation score not applicable.,Narrow CPR,Not applicable,Not applicable,Narrow CPR; Wide CPR rules not applied,0,0,0,0
2026-09-21,2026-09-21,CM,NSE,STK,3103,INE070A01015,SHREECEM,EQ,,,,,SHREE CEMENT LIMITED,22450.0,22700.0,22355.0,22550.0,22550.0,22600.0,,22550.08,,,34945,784164995.0,6667,F1,1,,,,,,F&O + Cash,Construction Materials,True,22535.0,22527.5,22542.5,22542.5,22527.5,15.0,0.06651884700665188,Narrow,Bullish,Above CPR,True,False,0.13333333333333333,60,414054412.5,Lower,True,Neutral,True,513.5714285714286,24972.5,25024.6,0.02920723226703755,1.8938694319553955,False,False,No setup,Neutral,0,Not applicable,No directional setup; confirmation score not applicable.,Narrow CPR,Not applicable,Not applicable,Narrow CPR; Wide CPR rules not applied,0,0,0,0
2026-09-21,2026-09-21,CM,NSE,STK,15362,INE951I01027,VGUARD,EQ,,,,,V-GUARD IND LTD.,325.4,328.45,322.1,324.95,325.5,325.4,,324.95,,,255648,83086491.55,12344,F1,1,,,,,,Cash Only,Unclassified,False,325.1666666666667,325.275,325.0583333333334,325.275,325.0583333333334,0.2166666666665833,0.06667692465504949,Narrow,Bearish,Below CPR,False,True,0.13333333333333333,60,123158978.4,Lower,True,Neutral,True,8.7392857142857,320.858,316.2155,0.024792262634508958,0.6746279697136558,True,True,No setup,Neutral,0,Not applicable,No directional setup; confirmation score not applicable.,Narrow CPR,Not applicable,Not applicable,Narrow CPR; Wide CPR rules not applied,0,0,0,0
2026-09-21,2026-09-21,CM,NSE,STK,760896,INE0OU201013,DCMSIL,EQ,,,,,DCM SHRIRAM INTERNATNL L,69.05,70.74,68.6,69.6,68.61,70.26,,69.6,,,84258,5856567.84,599,F1,1,,,,,,Cash Only,Unclassified,False,69.64666666666666,69.66999999999999,69.62333333333333,69.66999999999999,69.62333333333333,0.046666666666652645,0.06704980842909863,Narrow,Bearish,Below CPR,False,True,0.02702702702702703,37,7685577.55,Lower,True,Neutral,True,3.7735714285714317,,,0.012366710833487346,0.7620205250547502,False,False,No setup,Neutral,0,Not applicable,No directional setup; confirmation score not applicable.,Narrow CPR,Not applicable,Not applicable,Narrow CPR; Wide CPR rules not applied,0,0,0,0
2026-09-21,2026-09-21,CM,NSE,STK,14278,INE607D01018,ORIENTBELL,EQ,,,,,ORIENT BELL LIMITED,395.45,395.8,388.5,392.55,393.85,393.25,,392.61,,,6089,2390211.8,619,F1,1,,,,,,Cash Only,Unclassified,False,392.2833333333333,392.15,392.41666666666663,392.41666666666663,392.15,0.2666666666666515,0.06793189827197847,Narrow,Bullish,Above CPR,True,False,0.06666666666666667,60,4193331.95,Higher,True,Neutral,True,17.78571428571429,355.017,341.12550000000005,0.014993306559570766,0.5700030020280173,True,True,No setup,Neutral,0,Not applicable,No directional setup; confirmation score not applicable.,Narrow CPR,Not applicable,Not applicable,Narrow CPR; Wide CPR rules not applied,0,0,0,0
2026-09-21,2026-09-21,CM,NSE,STK,25608,INE337M01021,INDOTHAI,EQ,,,,,INDO THAI SEC LTD,34.73,35.23,33.0,34.08,34.0,33.56,,34.09,,,2524843,87546312.71,6464,F1,1,,,,,,Cash Only,Unclassified,False,34.10333333333333,34.114999999999995,34.09166666666667,34.114999999999995,34.09166666666667,0.023333333333326323,0.06846635367760072,Narrow,Bearish,Below CPR,False,True,0.48333333333333334,60,127449552.16999999,Inside,True,Neutral,False,2.505,110.03200000000001,179.35440000000003,0.00931470392547957,0.6869095357292851,False,False,No setup,Neutral,0,Not applicable,No directional setup; confirmation score not applicable.,Narrow CPR,Not applicable,Not applicable,Narrow CPR; Wide CPR rules not applied,0,0,0,0
2026-09-21,2026-09-21,CM,NSE,STK,6006,INE377E01024,COASTCORP,EQ,,,,,COASTAL CORPORATION LTD,38.84,39.7,38.26,38.94,38.26,38.84,,38.94,,,58205,2267355.46,750,F1,1,,,,,,Cash Only,Unclassified,False,38.96666666666667,38.980000000000004,38.95333333333333,38.980000000000004,38.95333333333333,0.026666666666670835,0.06848142441363851,Narrow,Bearish,Below CPR,False,True,0.13333333333333333,60,3726357.555,Higher,True,Neutral,True,1.9992857142857143,44.2526,49.0584,0.013338096939385197,0.6084642781951181,False,False,No setup,Neutral,0,Not applicable,No directional setup; confirmation score not applicable.,Narrow CPR,Not applicable,Not applicable,Narrow CPR; Wide CPR rules not applied,0,0,0,0
2026-09-21,2026-09-21,CM,NSE,STK,8585,INE589A01014,NLCINDIA,EQ,,,,,NLC INDIA LIMITED,268.8,268.95,263.8,266.65,267.35,268.8,,266.65,,,1193291,318064066.9,31469,F1,1,,,,,,Cash Only,Power,True,266.46666666666664,266.375,266.5583333333333,266.5583333333333,266.375,0.18333333333328028,0.0687542971435516,Narrow,Bullish,Above CPR,True,False,0.05,60,516487453.475,Inside,True,Neutral,True,7.4642857142857,282.173,304.97950000000003,0.02456140350876487,0.6158214778694435,False,False,No setup,Neutral,0,Not applicable,No directional setup; confirmation score not applicable.,Narrow CPR,Not applicable,Not applicable,Narrow CPR; Wide CPR rules not applied,0,0,0,0
2026-09-21,2026-09-21,CM,NSE,STK,28888,INE0RB801010,SENORES,EQ,,,,,SENORES PHARMACEUTICALS L,1402.1,1413.0,1380.1,1395.1,1395.0,1402.6,,1394.65,,,125365,175587668.3,12927,F1,1,,,,,,Cash Only,Unclassified,False,1396.0666666666666,1396.55,1395.5833333333333,1396.55,1395.5833333333333,0.966666666666697,0.06929013451843574,Narrow,Bearish,Below CPR,False,True,0.08333333333333333,60,290580058.9,Lower,True,Neutral,True,54.56428571428574,1432.744,1290.395,0.017716105947550402,0.6042660634205,False,True,No setup,Neutral,0,Not applicable,No directional setup; confirmation score not applicable.,Narrow CPR,Not applicable,Not applicable,Narrow CPR; Wide CPR rules not applied,0,-2,0,-2
2026-09-21,2026-09-21,CM,NSE,STK,9111,INE955V01021,ARVINDFASN,EQ,,,,,ARVIND FASHIONS LIMITED,425.95,435.0,421.1,427.6,425.5,428.1,,427.62,,,130718,56035945.75,12291,F1,1,,,,,,Cash Only,Unclassified,False,427.90000000000003,428.05,427.75000000000006,428.05,427.75000000000006,0.2999999999999545,0.07015902712814652,Narrow,Bearish,Below CPR,False,True,0.08333333333333333,60,93416279.5,Overlapping,True,Neutral,True,13.610714285714291,450.89899999999994,454.865,0.022041458934659468,0.5998520391726797,False,False,No setup,Neutral,0,Not applicable,No directional setup; confirmation score not applicable.,Narrow CPR,Not applicable,Not applicable,Narrow CPR; Wide CPR rules not applied,0,0,0,0
2026-09-21,2026-09-21,CM,NSE,STK,760351,INE119201023,PARKHOSPS,EQ,,,,,PARK MEDI WORLD LIMITED,284.25,287.5,282.5,284.7,283.9,282.05,,284.69,,,324336,92747179.15,9348,F1,1,,,,,,Cash Only,Unclassified,False,284.90000000000003,285.0,284.80000000000007,285.0,284.80000000000007,0.1999999999999318,0.07024938531785452,Narrow,Bearish,Below CPR,False,True,0.11666666666666667,60,157030519.4,Higher,True,Neutral,True,9.314285714285713,282.58,276.4748,0.02147239263802949,0.5906315505060986,True,True,No setup,Neutral,0,Not applicable,No directional setup; confirmation score not applicable.,Narrow CPR,Not applicable,Not applicable,Narrow CPR; Wide CPR rules not applied,0,0,0,0
2026-09-21,2026-09-21,CM,NSE,STK,1594,INE009A01021,INFY,EQ,,,,,INFOSYS LIMITED,1041.5,1044.5,1030.3,1038.5,1038.5,1051.4,,1038.5,,,6074358,6299313013.0,132434,F1,1,,,,,,F&O + Cash,Information Technology,True,1037.7666666666667,1037.4,1038.1333333333332,1038.1333333333332,1037.4,0.7333333333331211,0.07061466859250083,Narrow,Bullish,Above CPR,True,False,0.1,60,9936151182.65,Lower,True,Neutral,True,29.692857142857147,1113.236,1121.26,0.024697297730728155,0.6339791834085152,False,False,No setup,Neutral,0,Not applicable,No directional setup; confirmation score not applicable.,Narrow CPR,Not applicable,Not applicable,Narrow CPR; Wide CPR rules not applied,0,0,0,0
2026-09-21,2026-09-21,CM,NSE,STK,9039,INE527H01019,UFO,EQ,,,,,UFO MOVIEZ INDIA LTD.,60.11,61.5,60.11,60.87,60.56,60.95,,60.88,,,25437,1546802.12,419,F1,1,,,,,,Cash Only,Unclassified,False,60.82666666666666,60.805,60.84833333333332,60.84833333333332,60.805,0.043333333333322344,0.07118996769068892,Narrow,Bullish,Above CPR,True,False,0.11666666666666667,60,2070616.585,Lower,True,Neutral,True,2.084285714285714,66.0954,69.643,0.02079049577335548,0.7470248867923561,False,False,No setup,Neutral,0,Not applicable,No directional setup; confirmation score not applicable.,Narrow CPR,Not applicable,Not applicable,Narrow CPR; Wide CPR rules not applied,0,0,0,0
2026-09-21,2026-09-21,CM,NSE,STK,15119,INE532F01054,EDELWEISS,EQ,,,,,EDELWEISS FIN SERV LTD,137.01,142.95,135.79,139.52,139.4,136.25,,139.52,,,12504087,1756808932.67,69986,F1,1,,,,,,Cash Only,Unclassified,False,139.42,139.37,139.46999999999997,139.46999999999997,139.37,0.0999999999999659,0.07167431192658105,Narrow,Bullish,Above CPR,True,False,0.1,60,417281812.55999994,Higher,True,Neutral,True,7.057857142857145,124.07260000000001,120.5361,0.014168606416349783,4.210125818549527,True,True,No setup,Neutral,0,Not applicable,No directional setup; confirmation score not applicable.,Narrow CPR,Not applicable,Not applicable,Narrow CPR; Wide CPR rules not applied,0,0,0,0
2026-09-21,2026-09-21,CM,NSE,STK,7227,INE0BV301023,MAPMYINDIA,EQ,,,,,C.E. INFO SYSTEMS LIMITED,910.6,913.9,889.1,900.5,897.0,899.4,,900.48,,,103519,93282434.6,7570,F1,1,,,,,,Cash Only,Information Technology,True,901.1666666666666,901.5,900.8333333333333,901.5,900.8333333333333,0.6666666666667425,0.07403294466038228,Narrow,Bearish,Below CPR,False,True,0.08333333333333333,60,236662605.89999998,Higher,True,Neutral,True,25.978571428571417,1031.758,969.0645,0.02566217578590706,0.3941578951404591,False,False,No setup,Neutral,0,Not applicable,No directional setup; confirmation score not applicable.,Narrow CPR,Not applicable,Not applicable,Narrow CPR; Wide CPR rules not applied,0,-2,0,-2
2026-09-21,2026-09-21,CM,NSE,STK,467,INE795G01014,HDFCLIFE,EQ,,,,,HDFC LIFE INS CO LTD,551.65,565.9,551.65,559.4,559.4,550.95,,559.28,,,2831490,1592773682.75,60904,F1,1,,,,,,F&O + Cash,Financial Services,True,558.9833333333332,558.775,559.1916666666665,559.1916666666665,558.775,0.4166666666665151,0.07448456679773241,Narrow,Bullish,Above CPR,True,False,0.16666666666666666,60,1689259954.7,Higher,True,Neutral,True,15.39642857142856,545.787,566.873,0.027062553158576738,0.9428825198386146,True,False,No setup,Neutral,0,Not applicable,No directional setup; confirmation score not applicable.,Narrow CPR,Not applicable,Not applicable,Narrow CPR; Wide CPR rules not applied,0,0,-2,-2
2026-09-21,2026-09-21,CM,NSE,STK,1672,INE926X01010,HGINFRA,EQ,,,,,H.G.INFRA ENGINEERING LTD,442.95,445.95,440.35,442.65,441.55,442.45,,442.66,,,50346,22308941.15,4134,F1,1,,,,,,Cash Only,Unclassified,False,442.9833333333333,443.15,442.8166666666666,443.15,442.8166666666666,0.33333333333337123,0.07530404006175788,Narrow,Bearish,Below CPR,False,True,0.08333333333333333,60,26051370.275,Lower,True,Neutral,True,12.535714285714278,516.687,550.7905000000001,0.026590693257362963,0.8563442503985522,False,False,No setup,Neutral,0,Not applicable,No directional setup; confirmation score not applicable.,Narrow CPR,Not applicable,Not applicable,Narrow CPR; Wide CPR rules not applied,0,0,0,0
2026-09-21,2026-09-21,CM,NSE,STK,10791,INE096B01018,NUCLEUS,EQ,,,,,NUCLEUS SOFTWARE EXPORTS,685.35,687.95,681.5,683.95,682.5,686.25,,683.95,,,8584,5869023.8,650,F1,1,,,,,,Cash Only,Unclassified,False,684.4666666666667,684.725,684.2083333333334,684.725,684.2083333333334,0.5166666666666515,0.07554158442381044,Narrow,Bearish,Below CPR,False,True,0.18333333333333332,60,15012532.475000001,Lower,True,Neutral,True,13.8857142857143,722.6669999999999,746.6955,0.03720850480109626,0.39094162225950485,False,False,No setup,Neutral,0,Not applicable,No directional setup; confirmation score not applicable.,Narrow CPR,Not applicable,Not applicable,Narrow CPR; Wide CPR rules not applied,0,0,0,0
2026-09-21,2026-09-21,CM,NSE,STK,10407,INE013801027,KSHITIJPOL,EQ,,,,,KSHITIJ POLYLINE LIMITED,4.4,4.41,4.4,4.4,4.41,4.2,,4.4,,,5953754,26242281.83,3085,F1,1,,,,,,Cash Only,Unclassified,False,4.403333333333333,4.405,4.401666666666666,4.405,4.401666666666666,0.0033333333333338544,0.0757575757575876,Narrow,Bearish,Below CPR,False,True,0.11666666666666667,60,1897569.9,Higher,True,Neutral,True,0.2178571428571428,2.8834,2.6942999999999997,0.015300546448089827,13.82941510086137,True,True,No setup,Neutral,0,Not applicable,No directional setup; confirmation score not applicable.,Narrow CPR,Not applicable,Not applicable,Narrow CPR; Wide CPR rules not applied,0,0,0,0
2026-09-21,2026-09-21,CM,NSE,STK,25114,INE01FR01028,STYLEBAAZA,EQ,,,,,BAAZAR STYLE RETAIL LTD,388.0,403.05,385.55,394.75,398.95,386.75,,394.8,,,1044725,415341234.85,15841,F1,1,,,,,,Cash Only,Unclassified,False,394.45,394.3,394.59999999999997,394.59999999999997,394.3,0.2999999999999545,0.07599746675109678,Narrow,Bullish,Above CPR,True,False,0.08333333333333333,60,326359608.85,Higher,True,Neutral,True,16.14285714285714,390.73199999999997,345.0365,0.018584070796457363,1.2726490153409191,True,True,No setup,Neutral,0,Not applicable,No directional setup; confirmation score not applicable.,Narrow CPR,Not applicable,Not applicable,Narrow CPR; Wide CPR rules not applied,0,0,0,0
2026-09-21,2026-09-21,CM,NSE,STK,8159,INE296C01020,FIBERWEB,EQ,,,,,FIBERWEB INDIA LIMITED,26.1,26.91,25.57,26.27,26.0,26.1,,26.39,,,8360,217525.14,141,F1,1,,,,,,Cash Only,Unclassified,False,26.25,26.240000000000002,26.259999999999998,26.259999999999998,26.240000000000002,0.01999999999999602,0.07613247049865254,Narrow,Bullish,Above CPR,True,False,0.11666666666666667,60,491679.92000000004,Higher,True,Neutral,True,1.2528571428571424,28.2274,30.7748,0.01596351197263081,0.4424120879290738,False,False,No setup,Neutral,0,Not applicable,No directional setup; confirmation score not applicable.,Narrow CPR,Not applicable,Not applicable,Narrow CPR; Wide CPR rules not applied,0,0,0,0
2026-09-21,2026-09-21,CM,NSE,STK,14745,INE199C01026,ADVANIHOTR,EQ,,,,,ADVANI HOT.& RES.(I) LTD,47.8,48.81,47.1,47.9,47.89,47.89,,47.9,,,7324,350547.71,279,F1,1,,,,,,Cash Only,Unclassified,False,47.93666666666667,47.955,47.91833333333334,47.955,47.91833333333334,0.03666666666666174,0.07654836464856314,Narrow,Bearish,Below CPR,False,True,0.13333333333333333,60,1168155.775,Lower,True,Neutral,True,1.3342857142857147,50.31679999999999,51.756600000000006,0.027480371163450975,0.30008644181038274,False,False,No setup,Neutral,0,Not applicable,No directional setup; confirmation score not applicable.,Narrow CPR,Not applicable,Not applicable,Narrow CPR; Wide CPR rules not applied,0,0,0,0
2026-09-21,2026-09-21,CM,NSE,STK,676,INE302A01020,EXIDEIND,EQ,,,,,EXIDE INDUSTRIES LTD,434.75,437.3,430.7,434.5,432.85,435.85,,434.5,,,1810338,785899716.25,31806,F1,1,,,,,,Cash Only,Automobile and Auto Components,True,434.1666666666667,434.0,434.33333333333337,434.33333333333337,434.0,0.33333333333337123,0.07671653241274366,Narrow,Bullish,Above CPR,True,False,0.06666666666666667,60,1231830779.75,Inside,True,Neutral,True,11.982142857142852,443.539,411.79299999999995,0.02781917536016214,0.6379932448266136,False,True,No setup,Neutral,0,Not applicable,No directional setup; confirmation score not applicable.,Narrow CPR,Not applicable,Not applicable,Narrow CPR; Wide CPR rules not applied,0,0,0,0
2026-09-21,2026-09-21,CM,NSE,STK,6385,INE652F01027,CCHHL,EQ,,,,,COUNTRY CLUB HOSP HOL LTD,12.73,13.3,12.71,13.02,12.98,13.01,,13.02,,,24687,323175.26,215,F1,1,,,,,,Cash Only,Unclassified,False,13.01,13.005,13.014999999999999,13.014999999999999,13.005,0.00999999999999801,0.07680491551457766,Narrow,Bullish,Above CPR,True,False,0.05,60,193892.35499999998,Higher,True,Neutral,True,0.537857142857143,12.693999999999999,12.930500000000002,0.018592297476755924,1.6667767019488728,True,True,No setup,Neutral,0,Not applicable,No directional setup; confirmation score not applicable.,Narrow CPR,Not applicable,Not applicable,Narrow CPR; Wide CPR rules not applied,0,0,0,0
2026-09-21,2026-09-21,CM,NSE,STK,2320,INE103C01036,SMCGLOBAL,EQ,,,,,SMC GLOBAL SECURITIES LTD,81.57,82.36,80.51,81.53,81.49,80.94,,81.53,,,355859,28990239.01,3077,F1,1,,,,,,Cash Only,Unclassified,False,81.46666666666667,81.435,81.49833333333333,81.49833333333333,81.435,0.06333333333333258,0.0776810172124771,Narrow,Bullish,Above CPR,True,False,0.1,60,36721183.61,Inside,True,Neutral,True,3.827142857142859,80.3858,73.68650000000001,0.016548463356973787,0.7894690791531379,True,True,No setup,Neutral,0,Not applicable,No directional setup; confirmation score not applicable.,Narrow CPR,Not applicable,Not applicable,Narrow CPR; Wide CPR rules not applied,0,0,0,0
2026-09-21,2026-09-21,CM,NSE,STK,762432,INE25E901019,OMPOWER,EQ,,,,,OM POWER TRANSMISSION LTD,171.1,172.39,169.01,170.5,170.0,172.37,,170.5,,,68711,11779434.94,785,F1,1,,,,,,Cash Only,Unclassified,False,170.63333333333333,170.7,170.56666666666666,170.7,170.56666666666666,0.13333333333332575,0.07820136852394473,Narrow,Bearish,Below CPR,False,True,0.08333333333333333,60,15617617.129999999,Lower,True,Neutral,True,6.660714285714287,169.171,,0.020017873100981878,0.7542402174383437,True,False,No setup,Neutral,0,Not applicable,No directional setup; confirmation score not applicable.,Narrow CPR,Not applicable,Not applicable,Narrow CPR; Wide CPR rules not applied,0,0,0,0
2026-09-21,2026-09-21,CM,NSE,STK,1480,INE364Z01019,REPL,EQ,,,,,RUDRABHISHEK ENTERP LTD,61.0,61.0,57.36,59.25,59.5,58.12,,59.25,,,2410,141789.34,72,F1,1,,,,,,Cash Only,Unclassified,False,59.20333333333334,59.18,59.22666666666668,59.22666666666668,59.18,0.04666666666668107,0.07876230661043218,Narrow,Bullish,Above CPR,True,False,0.05,60,879938.3200000001,Lower,True,Neutral,True,5.408571428571428,72.833,88.2437,0.008628279626697504,0.1611355441367754,False,False,No setup,Neutral,0,Not applicable,No directional setup; confirmation score not applicable.,Narrow CPR,Not applicable,Not applicable,Narrow CPR; Wide CPR rules not applied,0,0,0,0
2026-09-21,2026-09-21,CM,NSE,STK,2144,INE171Z01026,BDL,EQ,,,,,BHARAT DYNAMICS LIMITED,1180.0,1182.9,1164.3,1175.0,1175.0,1196.6,,1175.0,,,841005,986859090.3,33027,F1,1,,,,,,F&O + Cash,Capital Goods,True,1174.0666666666666,1173.6,1174.5333333333333,1174.5333333333333,1173.6,0.933333333333394,0.07943262411348033,Narrow,Bullish,Above CPR,True,False,0.06666666666666667,60,1269494863.1,Overlapping,True,Neutral,True,35.01428571428572,1274.63,1296.87,0.026655786753707698,0.7773635947530917,False,False,No setup,Neutral,0,Not applicable,No directional setup; confirmation score not applicable.,Narrow CPR,Not applicable,Not applicable,Narrow CPR; Wide CPR rules not applied,0,0,0,0
2026-09-21,2026-09-21,CM,NSE,STK,15121,INE00CE01017,SVLL,EQ,,,,,SHREE VASU LOGISTICS LTD,814.0,816.05,814.0,816.0,816.0,815.85,,816.0,,,489,399005.85,14,F1,1,,,,,,Cash Only,Unclassified,False,815.35,815.025,815.6750000000001,815.6750000000001,815.025,0.650000000000091,0.07965686274510918,Narrow,Bullish,Above CPR,True,False,0.11666666666666667,60,519865.77499999997,Higher,True,Neutral,True,65.2107142857143,619.522,597.893,0.009967687167973352,0.7675170576481978,True,True,No setup,Neutral,0,Not applicable,No directional setup; confirmation score not applicable.,Narrow CPR,Not applicable,Not applicable,Narrow CPR; Wide CPR rules not applied,0,0,0,0
2026-09-21,2026-09-21,CM,NSE,STK,24409,INE435G01025,DHANUKA,EQ,,,,,DHANUKA AGRITECH LTD,970.05,986.6,962.25,975.6,978.9,973.3,,975.6,,,16809,16377762.2,1808,F1,1,,,,,,Cash Only,Unclassified,False,974.8166666666666,974.425,975.2083333333333,975.2083333333333,974.425,0.783333333333303,0.08029246959135948,Narrow,Bullish,Above CPR,True,False,0.18333333333333332,60,23280058.799999997,Lower,True,Neutral,True,27.42500000000001,1003.0880000000001,1045.862,0.028562746885444038,0.7035103450855545,False,False,No setup,Neutral,0,Not applicable,No directional setup; confirmation score not applicable.,Narrow CPR,Not applicable,Not applicable,Narrow CPR; Wide CPR rules not applied,0,0,0,0
2026-09-21,2026-09-21,CM,NSE,STK,184,INE822C01015,TCPLPACK,EQ,,,,,TCPL PACKAGING LIMITED,3802.6,3969.0,3802.6,3881.1,3904.9,3844.2,,3881.92,,,4846,18860058.7,1620,F1,1,,,,,,Cash Only,Unclassified,False,3884.2333333333336,3885.8,3882.666666666667,3885.8,3882.666666666667,3.133333333333212,0.08073312548847524,Narrow,Bearish,Below CPR,False,True,0.06666666666666667,60,18358333.55,Higher,True,Neutral,True,159.9214285714286,3643.6859999999997,3189.0429999999997,0.01959295487367232,1.0273295584609312,True,True,No setup,Neutral,0,Not applicable,No directional setup; confirmation score not applicable.,Narrow CPR,Not applicable,Not applicable,Narrow CPR; Wide CPR rules not applied,0,0,0,0
2026-09-21,2026-09-21,CM,NSE,STK,13725,INE503A01015,DCBBANK,EQ,,,,,DCB BANK LIMITED,218.2,220.54,216.47,218.77,219.1,218.35,,218.77,,,550532,120326190.98,18863,F1,1,,,,,,Cash Only,Unclassified,False,218.59333333333333,218.505,218.68166666666667,218.68166666666667,218.505,0.17666666666667652,0.08075452149137291,Narrow,Bullish,Above CPR,True,False,0.06666666666666667,60,201471685.07,Lower,True,Neutral,True,7.013571428571432,201.2448,191.6721,0.025189258919782766,0.5972362366363961,True,True,No setup,Neutral,0,Not applicable,No directional setup; confirmation score not applicable.,Narrow CPR,Not applicable,Not applicable,Narrow CPR; Wide CPR rules not applied,0,0,0,0
2026-09-21,2026-09-21,CM,NSE,STK,25017,INE338D01028,BODALCHEM,EQ,,,,,BODAL CHEMICALS LTD,194.3,200.79,194.15,197.71,197.75,191.23,,197.68,,,3601741,715994779.31,19116,F1,1,,,,,,Cash Only,Unclassified,False,197.54999999999998,197.47,197.62999999999997,197.62999999999997,197.47,0.15999999999996817,0.08092660968082957,Narrow,Bullish,Above CPR,True,False,0.13333333333333333,60,28887221.5,Higher,True,Neutral,True,13.664285714285711,97.436,73.05030000000001,0.011709357030839283,24.78586524183366,True,True,No setup,Neutral,0,Not applicable,No directional setup; confirmation score not applicable.,Narrow CPR,Not applicable,Not applicable,Narrow CPR; Wide CPR rules not applied,0,0,0,0
2026-09-21,2026-09-21,CM,NSE,STK,11522,INE161A01038,NIITLTD,EQ,,,,,NIIT LIMITED,91.57,91.57,89.77,90.56,90.5,91.57,,90.56,,,129190,11721809.36,2329,F1,1,,,,,,Cash Only,Unclassified,False,90.63333333333333,90.66999999999999,90.59666666666666,90.66999999999999,90.59666666666666,0.07333333333332348,0.08097762073026002,Narrow,Bearish,Below CPR,False,True,0.1,60,37841059.730000004,Inside,True,Neutral,True,3.683571428571429,96.079,90.5785,0.019908215370690877,0.3097642995105412,False,False,No setup,Neutral,0,Not applicable,No directional setup; confirmation score not applicable.,Narrow CPR,Not applicable,Not applicable,Narrow CPR; Wide CPR rules not applied,0,0,0,0
2026-09-21,2026-09-21,CM,NSE,STK,1964,INE849A01020,TRENT,EQ,,,,,TRENT LTD,2813.9,2836.9,2801.0,2815.5,2815.5,2824.0,,2815.49,,,592996,1672897069.1,35241,F1,1,,,,,,F&O + Cash,Consumer Services,True,2817.7999999999997,2818.95,2816.6499999999996,2818.95,2816.6499999999996,2.300000000000182,0.0816906410939507,Narrow,Bearish,Below CPR,False,True,0.16666666666666666,60,2247356301.95,Higher,True,Neutral,True,59.0857142857143,2911.0159999999996,3247.94,0.03892649903288508,0.7443844430224306,False,False,No setup,Neutral,0,Not applicable,No directional setup; confirmation score not applicable.,Narrow CPR,Not applicable,Not applicable,Narrow CPR; Wide CPR rules not applied,0,0,0,0
2026-09-21,2026-09-21,CM,NSE,STK,11630,INE733E01010,NTPC,EQ,,,,,NTPC LTD,325.0,328.75,324.85,326.4,326.4,323.65,,326.4,,,5098202,1667298734.9,57557,F1,1,,,,,,F&O + Cash,Power,True,326.6666666666667,326.8,326.53333333333336,326.8,326.53333333333336,0.2666666666666515,0.08169934640522412,Narrow,Bearish,Below CPR,False,True,0.31666666666666665,60,2726392014.25,Inside,True,Neutral,False,5.0071428571428545,338.971,356.0195,0.05325725154540832,0.6115403530327077,False,False,No setup,Neutral,0,Not applicable,No directional setup; confirmation score not applicable.,Narrow CPR,Not applicable,Not applicable,Narrow CPR; Wide CPR rules not applied,0,0,0,0
2026-09-21,2026-09-21,CM,NSE,STK,13414,INE411H01032,RSYSTEMS,EQ,,,,,R SYS INTERNATIONAL LTD,241.95,246.21,239.35,243.08,242.01,242.15,,243.07,,,94887,23055888.08,2635,F1,1,,,,,,Cash Only,Unclassified,False,242.88,242.78,242.98,242.98,242.78,0.19999999999998863,0.08227743952607726,Narrow,Bullish,Above CPR,True,False,0.13333333333333333,60,65266915.36,Overlapping,True,Neutral,True,8.271428571428572,248.36480000000003,254.21559999999997,0.02417962003454094,0.35325536610437414,False,False,No setup,Neutral,0,Not applicable,No directional setup; confirmation score not applicable.,Narrow CPR,Not applicable,Not applicable,Narrow CPR; Wide CPR rules not applied,0,0,0,0
2026-09-21,2026-09-21,CM,NSE,STK,17933,INE520H01022,BEARDSELL,EQ,,,,,BEARDSELL LIMITED,23.9,24.61,23.87,24.21,24.32,23.87,,24.21,,,7917,192080.37,129,F1,1,,,,,,Cash Only,Unclassified,False,24.23,24.240000000000002,24.22,24.240000000000002,24.22,0.020000000000003126,0.08261049153243752,Narrow,Bearish,Below CPR,False,True,0.11666666666666667,60,373100.03,Inside,True,Neutral,True,1.2985714285714283,26.2024,26.9398,0.015401540154017812,0.5148227138979323,False,False,No setup,Neutral,0,Not applicable,No directional setup; confirmation score not applicable.,Narrow CPR,Not applicable,Not applicable,Narrow CPR; Wide CPR rules not applied,0,0,-2,-2
2026-09-21,2026-09-21,CM,NSE,STK,19691,INE863T01013,JITFINFRA,EQ,,,,,JITF INFRALOGISTICS LTD,284.0,287.45,276.35,282.25,284.7,284.75,,282.25,,,10338,2913676.35,778,F1,1,,,,,,Cash Only,Unclassified,False,282.01666666666665,281.9,282.1333333333333,282.1333333333333,281.9,0.2333333333333485,0.08266902863891887,Narrow,Bullish,Above CPR,True,False,0.1,60,6886493.325,Lower,True,Neutral,True,11.889285714285702,328.465,317.8675,0.01962551316711855,0.4231001487248229,False,False,No setup,Neutral,0,Not applicable,No directional setup; confirmation score not applicable.,Narrow CPR,Not applicable,Not applicable,Narrow CPR; Wide CPR rules not applied,0,0,0,0
2026-09-21,2026-09-21,CM,NSE,STK,981,INE255A01020,EPL,EQ,,,,,EPL LIMITED,240.1,242.7,236.0,239.65,240.0,239.35,,239.64,,,3816913,913709027.5,35386,F1,1,,,,,,Cash Only,Unclassified,False,239.45000000000002,239.35,239.55000000000004,239.55000000000004,239.35,0.20000000000004547,0.08345503859797433,Narrow,Bullish,Above CPR,True,False,0.08333333333333333,60,228827282.86,Higher,True,Neutral,True,9.400714285714283,241.1482,233.0957,0.02127497910493608,3.993007372547534,False,True,No setup,Neutral,0,Not applicable,No directional setup; confirmation score not applicable.,Narrow CPR,Not applicable,Not applicable,Narrow CPR; Wide CPR rules not applied,0,0,0,0
2026-09-21,2026-09-21,CM,NSE,STK,10447,INE854D01024,UNITDSPR,EQ,,,,,UNITED SPIRITS LIMITED,1384.0,1411.0,1379.5,1397.0,1397.0,1371.0,,1397.11,,,773709,1084112700.8,22052,F1,1,,,,,,F&O + Cash,Fast Moving Consumer Goods,True,1395.8333333333333,1395.25,1396.4166666666665,1396.4166666666665,1395.25,1.166666666666515,0.08351228823668684,Narrow,Bullish,Above CPR,True,False,0.1,60,865542112.7,Higher,True,Neutral,True,30.992857142857183,1470.638,1390.786,0.03764308212337218,1.2525244986846265,False,True,No setup,Neutral,0,Not applicable,No directional setup; confirmation score not applicable.,Narrow CPR,Not applicable,Not applicable,Narrow CPR; Wide CPR rules not applied,0,0,0,0
2026-09-21,2026-09-21,CM,NSE,STK,9590,INE455K01017,POLYCAB,EQ,,,,,POLYCAB INDIA LIMITED,8352.5,8429.0,8331.0,8369.5,8369.5,8400.0,,8369.55,,,211821,1775594981.0,30739,F1,1,,,,,,F&O + Cash,Capital Goods,True,8376.5,8380.0,8373.0,8380.0,8373.0,7.0,0.08363701535336639,Narrow,Bearish,Below CPR,False,True,0.13333333333333333,60,2641362694.25,Higher,True,Neutral,True,220.60714285714286,8930.27,9143.995,0.031730613566456206,0.6722268717072837,False,False,No setup,Neutral,0,Not applicable,No directional setup; confirmation score not applicable.,Narrow CPR,Not applicable,Not applicable,Narrow CPR; Wide CPR rules not applied,0,0,0,0
2026-09-21,2026-09-21,CM,NSE,STK,764203,INE536P01021,CPL,EQ,,,,,CAPTAIN POLYPLAST LIMITED,64.47,64.47,63.19,63.75,63.5,64.49,,63.72,,,14296,915031.87,383,F1,1,,,,,,Cash Only,Unclassified,False,63.803333333333335,63.83,63.77666666666667,63.83,63.77666666666667,0.05333333333332746,0.08366013071894504,Narrow,Bearish,Below CPR,False,True,0.11904761904761904,42,7554983.405,Lower,True,Neutral,True,2.8850000000000007,,,0.0184864240323492,0.12111633089682478,False,False,No setup,Neutral,0,Not applicable,No directional setup; confirmation score not applicable.,Narrow CPR,Not applicable,Not applicable,Narrow CPR; Wide CPR rules not applied,0,0,0,0
2026-09-21,2026-09-21,CM,NSE,STK,10859,INE0JS101016,DREAMFOLKS,EQ,,,,,DREAMFOLKS SERVICES LTD,64.76,65.0,62.12,63.48,63.99,64.76,,63.47,,,64545,4116285.96,1348,F1,1,,,,,,Cash Only,Unclassified,False,63.53333333333333,63.56,63.50666666666666,63.56,63.50666666666666,0.05333333333334167,0.0840159630329894,Narrow,Bearish,Below CPR,False,True,0.16666666666666666,60,2940148.8449999997,Lower,True,Neutral,True,2.465714285714289,67.4946,70.6926,0.02162997296253715,1.400026385398866,False,False,No setup,Neutral,0,Not applicable,No directional setup; confirmation score not applicable.,Narrow CPR,Not applicable,Not applicable,Narrow CPR; Wide CPR rules not applied,0,0,0,0
2026-09-21,2026-09-21,CM,NSE,STK,13796,INE201A01024,MANALIPETC,EQ,,,,,MANALI PETROCHEMICALS LT,84.1,89.1,84.1,86.71,86.88,82.92,,86.71,,,5278521,457659887.63,32296,F1,1,,,,,,Cash Only,Unclassified,False,86.63666666666666,86.6,86.67333333333332,86.67333333333332,86.6,0.07333333333332348,0.08457309806634009,Narrow,Bullish,Above CPR,True,False,0.06666666666666667,60,44373617.42,Higher,True,Neutral,True,5.368571428571429,72.80720000000001,66.862,0.01365974809295541,10.31378360024631,True,True,No setup,Neutral,0,Not applicable,No directional setup; confirmation score not applicable.,Narrow CPR,Not applicable,Not applicable,Narrow CPR; Wide CPR rules not applied,0,0,0,0
2026-09-21,2026-09-21,CM,NSE,STK,7425,INE558R01013,HECPROJECT,EQ,,,,,HEC INFRA PROJECTS LTD,119.68,120.5,116.0,118.1,119.5,119.77,,118.1,,,21092,2496138.47,220,F1,1,,,,,,Cash Only,Unclassified,False,118.2,118.25,118.15,118.25,118.15,0.09999999999999432,0.0846740050804355,Narrow,Bearish,Below CPR,False,True,0.1,60,1314683.04,Inside,True,Neutral,True,6.619285714285715,125.4408,126.1859,0.01510737023847977,1.8986618021633566,False,False,No setup,Neutral,0,Not applicable,No directional setup; confirmation score not applicable.,Narrow CPR,Not applicable,Not applicable,Narrow CPR; Wide CPR rules not applied,0,0,0,0
2026-09-21,2026-09-21,CM,NSE,STK,2912,INE046A01015,RIIL,EQ,,,,,RELIANCE INDUSTRIAL INFRA,706.0,711.0,697.9,705.35,704.1,703.15,,705.44,,,46189,32498380.1,3396,F1,1,,,,,,Cash Only,Unclassified,False,704.75,704.45,705.05,705.05,704.45,0.599999999999909,0.08506415254836734,Narrow,Bullish,Above CPR,True,False,0.18333333333333332,60,32698619.35,Overlapping,True,Neutral,True,16.846428571428596,745.597,768.455,0.035615857536564405,0.9938762169785618,False,False,No setup,Neutral,0,Not applicable,No directional setup; confirmation score not applicable.,Narrow CPR,Not applicable,Not applicable,Narrow CPR; Wide CPR rules not applied,0,0,0,0
2026-09-21,2026-09-21,CM,NSE,STK,18151,INE395N01027,TVSSCS,EQ,,,,,TVS SUPPLY CHAIN SOL L,133.81,133.85,131.51,132.85,132.17,133.85,,132.82,,,415337,55065023.48,7119,F1,1,,,,,,Cash Only,Unclassified,False,132.73666666666668,132.68,132.79333333333335,132.79333333333335,132.68,0.11333333333334394,0.08530924601681893,Narrow,Bullish,Above CPR,True,False,0.08333333333333333,60,62872345.865,Lower,True,Neutral,True,4.944285714285712,130.9652,128.4452,0.022922084176059173,0.8758226327078052,True,True,No setup,Neutral,0,Not applicable,No directional setup; confirmation score not applicable.,Narrow CPR,Not applicable,Not applicable,Narrow CPR; Wide CPR rules not applied,0,0,0,0
2026-09-21,2026-09-21,CM,NSE,STK,13337,INE297H01019,GALLANTT,EQ,,,,,GALLANTT ISPAT LIMITED,554.05,554.1,541.0,546.85,548.3,547.15,,546.9,,,41459,22600285.75,3036,F1,1,,,,,,Cash Only,Capital Goods,True,547.3166666666666,547.55,547.0833333333333,547.55,547.0833333333333,0.466666666666697,0.08533723446405724,Narrow,Bearish,Below CPR,False,True,0.13333333333333333,60,36381561.724999994,Outside,True,Neutral,True,19.42500000000001,586.193,651.451,0.02402402402402557,0.6212016383691952,False,False,No setup,Neutral,0,Not applicable,No directional setup; confirmation score not applicable.,Narrow CPR,Not applicable,Not applicable,Narrow CPR; Wide CPR rules not applied,0,0,0,0
2026-09-21,2026-09-21,CM,NSE,STK,13656,INE062D01024,ALICON,EQ,,,,,ALICON CASTALLOY LIMITED,729.35,753.25,721.35,738.25,745.0,729.35,,738.24,,,65933,48977133.5,3262,F1,1,,,,,,Cash Only,Unclassified,False,737.6166666666667,737.3,737.9333333333334,737.9333333333334,737.3,0.6333333333334394,0.08578846370923664,Narrow,Bullish,Above CPR,True,False,0.05,60,13095933.725,Higher,True,Neutral,True,33.785714285714285,694.695,680.5384999999999,0.01874559548978468,3.739873347595152,True,True,No setup,Neutral,0,Not applicable,No directional setup; confirmation score not applicable.,Narrow CPR,Not applicable,Not applicable,Narrow CPR; Wide CPR rules not applied,0,0,0,0
2026-09-21,2026-09-21,CM,NSE,STK,11596,INE405C01035,LINCOLN,EQ,,,,,LINCOLN PHARMA LTD,603.0,607.95,593.6,601.55,599.0,604.85,,601.88,,,12962,7788169.5,1216,F1,1,,,,,,Cash Only,Unclassified,False,601.0333333333334,600.7750000000001,601.2916666666667,601.2916666666667,600.7750000000001,0.5166666666666515,0.08588923059872854,Narrow,Bullish,Above CPR,True,False,0.23333333333333334,60,15175441.375,Lower,True,Neutral,True,17.175000000000004,605.339,626.6575,0.030082484230954956,0.5132087632607655,False,False,No setup,Neutral,0,Not applicable,No directional setup; confirmation score not applicable.,Narrow CPR,Not applicable,Not applicable,Narrow CPR; Wide CPR rules not applied,0,0,0,0
2026-09-21,2026-09-21,CM,NSE,STK,157,INE437A01024,APOLLOHOSP,EQ,,,,,APOLLO HOSPITALS ENTER. L,8889.0,8974.5,8826.5,8912.0,8912.0,8944.5,,8912.11,,,209388,1866928762.0,27636,F1,1,,,,,,F&O + Cash,Healthcare,True,8904.333333333334,8900.5,8908.166666666668,8908.166666666668,8900.5,7.666666666667879,0.0860263315380148,Narrow,Bullish,Above CPR,True,False,0.18333333333333332,60,2414764185.75,Inside,True,Neutral,True,149.32142857142858,8834.82,8579.325,0.05134337877701521,0.7731308808607958,True,True,No setup,Neutral,0,Not applicable,No directional setup; confirmation score not applicable.,Narrow CPR,Not applicable,Not applicable,Narrow CPR; Wide CPR rules not applied,0,0,0,0
2026-09-21,2026-09-21,CM,NSE,STK,7965,INE389C01015,MALLCOM,EQ,,,,,MALLCOM (INDIA) LIMITED,982.0,982.0,951.1,967.8,968.95,968.9,,967.8,,,2310,2240251.15,180,F1,1,,,,,,Cash Only,Unclassified,False,966.9666666666666,966.55,967.3833333333332,967.3833333333332,966.55,0.8333333333332575,0.08610594475441802,Narrow,Bullish,Above CPR,True,False,0.13333333333333333,60,2229532.55,Inside,True,Neutral,True,37.69642857142857,997.062,1013.5155,0.022106426654032413,1.0048075548392421,False,False,No setup,Neutral,0,Not applicable,No directional setup; confirmation score not applicable.,Narrow CPR,Not applicable,Not applicable,Narrow CPR; Wide CPR rules not applied,0,0,0,0
2026-09-21,2026-09-21,CM,NSE,STK,14557,INE210C01013,AROGRANITE,EQ,,,,,ARO GRANITE IND. LTD.,22.7,23.68,22.7,23.22,23.59,23.15,,23.22,,,1426,33015.99,40,F1,1,,,,,,Cash Only,Unclassified,False,23.2,23.189999999999998,23.21,23.21,23.189999999999998,0.020000000000003126,0.08613264427219262,Narrow,Bullish,Above CPR,True,False,0.08333333333333333,60,168873.84999999998,Lower,True,Neutral,True,1.1871428571428577,24.811200000000003,25.263999999999996,0.016847172081831747,0.19550682358458696,False,False,No setup,Neutral,0,Not applicable,No directional setup; confirmation score not applicable.,Narrow CPR,Not applicable,Not applicable,Narrow CPR; Wide CPR rules not applied,0,0,0,0
2026-09-21,2026-09-21,CM,NSE,STK,3426,INE245A01021,TATAPOWER,EQ,,,,,TATA POWER CO LTD,367.3,369.6,365.65,367.15,367.15,374.8,,367.14,,,2875538,1054913311.8,37177,F1,1,,,,,,F&O + Cash,Power,True,367.4666666666667,367.625,367.3083333333334,367.625,367.3083333333334,0.31666666666660603,0.08624994325659978,Narrow,Bearish,Below CPR,False,True,0.16666666666666666,60,1381980609.3249998,Lower,True,Neutral,True,8.617857142857149,372.88199999999995,389.76550000000003,0.03674540682413992,0.7633343801511446,False,False,No setup,Neutral,0,Not applicable,No directional setup; confirmation score not applicable.,Narrow CPR,Not applicable,Not applicable,Narrow CPR; Wide CPR rules not applied,0,0,0,0
2026-09-21,2026-09-21,CM,NSE,STK,9867,INE747B01016,NEXTMEDIA,EQ,,,,,NEXT MEDIAWORKS LIMITED,3.82,3.88,3.75,3.82,3.88,3.82,,3.82,,,4591,17546.48,41,F1,1,,,,,,Cash Only,Unclassified,False,3.8166666666666664,3.815,3.818333333333333,3.818333333333333,3.815,0.0033333333333329662,0.08726003490400436,Narrow,Bullish,Above CPR,True,False,0.08333333333333333,60,35578.39,Lower,True,Neutral,True,0.22928571428571434,3.926,3.9858999999999996,0.014537902388368074,0.4931780218272946,False,False,No setup,Neutral,0,Not applicable,No directional setup; confirmation score not applicable.,Narrow CPR,Not applicable,Not applicable,Narrow CPR; Wide CPR rules not applied,0,0,0,0
2026-09-21,2026-09-21,CM,NSE,STK,6164,INE414D01027,BHAGCHEM,EQ,,,,,BHAGIRADHA CHEM & INDS L,248.45,248.45,242.4,245.75,245.1,246.85,,245.74,,,144638,35280767.4,1250,F1,1,,,,,,Cash Only,Unclassified,False,245.53333333333333,245.425,245.64166666666665,245.64166666666665,245.425,0.21666666666664014,0.08816547982365824,Narrow,Bullish,Above CPR,True,False,0.1,60,18239315.299999997,Lower,True,Neutral,True,7.499999999999992,273.334,268.0397,0.028888888888885383,1.934325210113562,False,False,No setup,Neutral,0,Not applicable,No directional setup; confirmation score not applicable.,Narrow CPR,Not applicable,Not applicable,Narrow CPR; Wide CPR rules not applied,0,0,0,0
2026-09-21,2026-09-21,CM,NSE,STK,9879,INE974B01016,CHEVIOT,EQ,,,,,CHEVIOT COMPANY LIMITED,1170.0,1179.9,1160.0,1168.4,1174.0,1174.7,,1168.4,,,711,830374.3,100,F1,1,,,,,,Cash Only,Unclassified,False,1169.4333333333334,1169.95,1168.9166666666667,1169.95,1168.9166666666667,1.033333333333303,0.08844003195252507,Narrow,Bearish,Below CPR,False,True,0.23333333333333334,60,1655841.15,Lower,True,Neutral,True,36.250000000000014,1156.198,1151.022,0.028505747126435933,0.5014818601409925,True,True,No setup,Neutral,0,Not applicable,No directional setup; confirmation score not applicable.,Narrow CPR,Not applicable,Not applicable,Narrow CPR; Wide CPR rules not applied,0,0,0,0
2026-09-21,2026-09-21,CM,NSE,STK,27969,INE01EA01019,VMM,EQ,,,,,VISHAL MEGA MART LIMITED,101.7,102.48,100.55,101.65,101.65,102.65,,101.65,,,6538236,665935170.92,21027,F1,1,,,,,,F&O + Cash,Consumer Services,True,101.56,101.515,101.605,101.605,101.515,0.09000000000000341,0.08853910477127733,Narrow,Bullish,Above CPR,True,False,0.11666666666666667,60,1009496699.8399999,Inside,True,Neutral,True,2.6750000000000003,107.75139999999999,113.8275,0.03364485981308538,0.6596704783933888,False,False,No setup,Neutral,0,Not applicable,No directional setup; confirmation score not applicable.,Narrow CPR,Not applicable,Not applicable,Narrow CPR; Wide CPR rules not applied,0,0,0,0
2026-09-21,2026-09-21,CM,NSE,STK,13423,INE050401020,ELIN,EQ,,,,,ELIN ELECTRONICS LIMITED,88.53,90.99,88.01,89.38,89.05,88.53,,89.38,,,63326,5635882.12,1418,F1,1,,,,,,Cash Only,Unclassified,False,89.46,89.5,89.41999999999999,89.5,89.41999999999999,0.0800000000000125,0.0895054822107994,Narrow,Bearish,Below CPR,False,True,0.08333333333333333,60,14295495.78,Higher,True,Neutral,True,3.6378571428571425,99.0068,105.3334,0.02199096799529109,0.39424180921971497,False,False,No setup,Neutral,0,Not applicable,No directional setup; confirmation score not applicable.,Narrow CPR,Not applicable,Not applicable,Narrow CPR; Wide CPR rules not applied,0,0,0,0
2026-09-21,2026-09-21,CM,NSE,STK,11667,INE366A01041,DWARKESH,EQ,,,,,DWARIKESH SUGAR IND LTD,41.4,41.4,40.35,40.93,40.92,41.15,,40.93,,,1227282,50181185.76,7121,F1,1,,,,,,Cash Only,Unclassified,False,40.89333333333334,40.875,40.911666666666676,40.911666666666676,40.875,0.03666666666667595,0.08958384233246018,Narrow,Bullish,Above CPR,True,False,0.08333333333333333,60,72244597.86,Inside,True,Neutral,True,2.207142857142857,44.803000000000004,44.6695,0.016612729234092665,0.6946012192807021,False,False,No setup,Neutral,0,Not applicable,No directional setup; confirmation score not applicable.,Narrow CPR,Not applicable,Not applicable,Narrow CPR; Wide CPR rules not applied,0,0,0,0
2026-09-21,2026-09-21,CM,NSE,STK,28847,INE781S01027,VENTIVE,EQ,,,,,VENTIVE HOSPITALITY LTD,555.05,561.0,554.0,556.75,554.5,557.35,,556.66,,,24379,13573888.55,1153,F1,1,,,,,,Cash Only,Unclassified,False,557.25,557.5,557.0,557.5,557.0,0.5,0.08980691513246519,Narrow,Bearish,Below CPR,False,True,0.11666666666666667,60,11472831.475000001,Lower,True,Neutral,True,15.239285714285725,596.007,616.601,0.032809936723693436,1.1831332639704792,False,False,No setup,Neutral,0,Not applicable,No directional setup; confirmation score not applicable.,Narrow CPR,Not applicable,Not applicable,Narrow CPR; Wide CPR rules not applied,0,0,-2,-2
2026-09-21,2026-09-21,CM,NSE,STK,764773,INE987A01010,MAKERSL,EQ,,,,,MAKERS LABORATORIES LTD.,191.83,195.34,184.88,190.37,191.0,190.88,,190.37,,,2737,517890.62,158,F1,1,,,,,,Cash Only,Unclassified,False,190.1966666666667,190.11,190.28333333333336,190.28333333333336,190.11,0.17333333333334622,0.09105076079915228,Narrow,Bullish,Above CPR,True,False,0.08,25,862178.72,Higher,True,Neutral,True,12.215714285714284,,,0.014189373562547347,0.6006766439329424,False,False,No setup,Neutral,0,Not applicable,No directional setup; confirmation score not applicable.,Narrow CPR,Not applicable,Not applicable,Narrow CPR; Wide CPR rules not applied,0,0,0,0
2026-09-21,2026-09-21,CM,NSE,STK,757955,INE124Y01028,PASHUPATI,EQ,,,,,PASHUPATI COTSPIN LIMITED,81.0,81.0,79.6,80.19,80.4,80.26,,80.19,,,25989,2087104.46,1260,F1,1,,,,,,Cash Only,Unclassified,False,80.26333333333334,80.3,80.22666666666667,80.3,80.22666666666667,0.07333333333332348,0.09144947416551126,Narrow,Bearish,Below CPR,False,True,0.1,60,2572731.34,Lower,True,Neutral,True,4.276428571428573,84.47059999999999,86.98570000000001,0.01714826568676346,0.8112407337487482,False,False,No setup,Neutral,0,Not applicable,No directional setup; confirmation score not applicable.,Narrow CPR,Not applicable,Not applicable,Narrow CPR; Wide CPR rules not applied,0,0,0,0
2026-09-21,2026-09-21,CM,NSE,STK,637,INE085A01013,CHAMBLFERT,EQ,,,,,CHAMBAL FERTILIZERS LTD,415.0,420.0,413.25,417.2,417.7,414.9,,417.21,,,498363,207699423.8,16615,F1,1,,,,,,Cash Only,Chemicals,True,416.81666666666666,416.625,417.0083333333333,417.0083333333333,416.625,0.38333333333332575,0.09188239054010686,Narrow,Bullish,Above CPR,True,False,0.15,60,179359792.0,Higher,True,Neutral,True,7.825000000000001,434.204,448.254,0.04898828541000967,1.1580043748043598,False,False,No setup,Neutral,0,Not applicable,No directional setup; confirmation score not applicable.,Narrow CPR,Not applicable,Not applicable,Narrow CPR; Wide CPR rules not applied,0,0,0,0
2026-09-21,2026-09-21,CM,NSE,STK,18962,INE451D01029,RAJRATAN,EQ,,,,,RAJRATAN GLOBAL WIRE LTD,457.15,458.15,446.1,452.75,454.6,452.6,,452.78,,,172848,77827896.6,10258,F1,1,,,,,,Cash Only,Unclassified,False,452.3333333333333,452.125,452.54166666666663,452.54166666666663,452.125,0.41666666666662877,0.09203018590096715,Narrow,Bullish,Above CPR,True,False,0.05,60,49188030.900000006,Higher,True,Neutral,True,21.83571428571427,498.103,467.705,0.019081888561769077,1.5822527386433756,False,False,No setup,Neutral,0,Not applicable,No directional setup; confirmation score not applicable.,Narrow CPR,Not applicable,Not applicable,Narrow CPR; Wide CPR rules not applied,0,0,0,0
2026-09-21,2026-09-21,CM,NSE,STK,350,INE459A01010,BANARISUG,EQ,,,,,BANNARI AMMAN SUGARS LTD,3315.0,3340.0,3280.0,3305.4,3304.0,3316.7,,3305.33,,,438,1449803.5,141,F1,1,,,,,,Cash Only,Unclassified,False,3308.4666666666667,3310.0,3306.9333333333334,3310.0,3306.9333333333334,3.066666666666606,0.09277747524253059,Narrow,Bearish,Below CPR,False,True,0.1,60,1920875.65,Lower,True,Neutral,True,122.97857142857148,3590.612,3582.895,0.024936593676791814,0.7547617671138681,False,False,No setup,Neutral,0,Not applicable,No directional setup; confirmation score not applicable.,Narrow CPR,Not applicable,Not applicable,Narrow CPR; Wide CPR rules not applied,0,0,0,0
2026-09-21,2026-09-21,CM,NSE,STK,759723,INE0LP301011,PWL,EQ,,,,,PHYSICSWALLAH LIMITED,136.0,137.2,132.7,134.76,135.0,136.6,,134.76,,,8286541,1109445150.91,32962,F1,1,,,,,,Cash Only,Consumer Services,True,134.88666666666666,134.95,134.82333333333332,134.95,134.82333333333332,0.12666666666666515,0.0939942614029869,Narrow,Bearish,Below CPR,False,True,0.03333333333333333,60,910286697.05,Inside,True,Neutral,True,5.807857142857142,126.832,121.31689999999999,0.0218095355224857,1.2187865147380714,True,True,No setup,Neutral,0,Not applicable,No directional setup; confirmation score not applicable.,Narrow CPR,Not applicable,Not applicable,Narrow CPR; Wide CPR rules not applied,0,0,0,0
2026-09-21,2026-09-21,CM,NSE,STK,312,INE974X01010,TIINDIA,EQ,,,,,TUBE INVEST OF INDIA LTD,2601.0,2614.2,2569.1,2588.0,2588.0,2600.0,,2587.98,,,95386,247450075.6,11983,F1,1,,,,,,F&O + Cash,Automobile and Auto Components,True,2590.433333333333,2591.6499999999996,2589.2166666666662,2591.6499999999996,2589.2166666666662,2.433333333333394,0.09402369912416515,Narrow,Bearish,Below CPR,False,True,0.11666666666666667,60,601929813.05,Lower,True,Neutral,True,67.71428571428571,2784.25,2914.828,0.03593530239099949,0.4110945665677558,False,False,No setup,Neutral,0,Not applicable,No directional setup; confirmation score not applicable.,Narrow CPR,Not applicable,Not applicable,Narrow CPR; Wide CPR rules not applied,0,0,0,0
2026-09-21,2026-09-21,CM,NSE,STK,24596,INE206N01018,RELTD,EQ,,,,,RAVINDRA ENERGY LIMITED,146.9,147.4,140.88,143.93,145.44,147.59,,143.94,,,159643,23022760.8,2465,F1,1,,,,,,Cash Only,Unclassified,False,144.07,144.14,144.0,144.14,144.0,0.13999999999998636,0.09726950600985643,Narrow,Bearish,Below CPR,False,True,0.05,60,35139736.085,Lower,True,Neutral,True,6.691428571428574,163.80020000000002,153.5983,0.02092228864218412,0.6551773964468578,False,False,No setup,Neutral,0,Not applicable,No directional setup; confirmation score not applicable.,Narrow CPR,Not applicable,Not applicable,Narrow CPR; Wide CPR rules not applied,0,0,0,0
2026-09-21,2026-09-21,CM,NSE,STK,14413,INE761H01022,PAGEIND,EQ,,,,,PAGE INDUSTRIES LTD,35975.0,36300.0,35495.0,35950.0,35950.0,36400.0,,35950.22,,,15472,557181615.0,7395,F1,1,,,,,,F&O + Cash,Textiles,True,35915.0,35897.5,35932.5,35932.5,35897.5,35.0,0.09735744089012517,Narrow,Bullish,Above CPR,True,False,0.11666666666666667,60,989672322.5,Inside,True,Neutral,True,896.0714285714286,37706.8,38274.35,0.039059386209645275,0.5629960567074462,False,False,No setup,Neutral,0,Not applicable,No directional setup; confirmation score not applicable.,Narrow CPR,Not applicable,Not applicable,Narrow CPR; Wide CPR rules not applied,0,0,0,0
2026-09-21,2026-09-21,CM,NSE,STK,19597,INE07U701015,IRMENERGY,EQ,,,,,IRM ENERGY LIMITED,270.15,275.2,269.1,271.75,272.0,270.2,,271.74,,,37451,10163312.5,2149,F1,1,,,,,,Cash Only,Unclassified,False,272.01666666666665,272.15,271.8833333333333,272.15,271.8833333333333,0.2666666666666515,0.09812940815700148,Narrow,Bearish,Below CPR,False,True,0.11666666666666667,60,17410258.525,Inside,True,Neutral,True,8.8142857142857,275.93399999999997,277.8484,0.03025391680172712,0.5837542553090836,False,False,No setup,Neutral,0,Not applicable,No directional setup; confirmation score not applicable.,Narrow CPR,Not applicable,Not applicable,Narrow CPR; Wide CPR rules not applied,0,0,0,0
2026-09-21,2026-09-21,CM,NSE,STK,5900,INE238A01034,AXISBANK,EQ,,,,,AXIS BANK LIMITED,1248.0,1254.3,1242.0,1250.0,1250.0,1257.0,,1250.0,,,3680283,4595201263.4,208942,F1,1,,,,,,F&O + Cash,Financial Services,True,1248.7666666666667,1248.15,1249.3833333333332,1249.3833333333332,1248.15,1.2333333333331211,0.0986666666666497,Narrow,Bullish,Above CPR,True,False,0.16666666666666666,60,7050090714.049999,Overlapping,True,Neutral,True,23.300000000000004,1252.288,1278.529,0.05293276108725841,0.6517932108649759,False,False,No setup,Neutral,0,Not applicable,No directional setup; confirmation score not applicable.,Narrow CPR,Not applicable,Not applicable,Narrow CPR; Wide CPR rules not applied,0,0,0,0
2026-09-21,2026-09-21,CM,NSE,STK,4548,INE610B01024,GUJRAFFIA,EQ,,,,,GUJARAT RAFFIA INDUST LTD,40.3,41.4,39.14,40.33,39.9,40.25,,40.28,,,4036,163349.14,52,F1,1,,,,,,Cash Only,Unclassified,False,40.29,40.269999999999996,40.31,40.31,40.269999999999996,0.04000000000000625,0.09918175055791285,Narrow,Bullish,Above CPR,True,False,0.1,60,85370.075,Lower,True,Neutral,True,1.884285714285714,40.407399999999996,40.6147,0.0212282031842338,1.9134238783320738,False,False,No setup,Neutral,0,Not applicable,No directional setup; confirmation score not applicable.,Narrow CPR,Not applicable,Not applicable,Narrow CPR; Wide CPR rules not applied,0,0,0,0
2026-09-21,2026-09-21,CM,NSE,STK,17987,INE391D01019,TRF,EQ,,,,,TRF LIMITED,215.0,219.5,214.01,216.43,216.0,215.25,,216.43,,,8163,1763607.97,196,F1,1,,,,,,Cash Only,Unclassified,False,216.64666666666668,216.755,216.53833333333336,216.755,216.53833333333336,0.21666666666664014,0.10010935021329767,Narrow,Bearish,Below CPR,False,True,0.11666666666666667,60,2958933.755,Inside,True,Neutral,True,8.993571428571432,230.8396,235.88719999999998,0.024091282132737358,0.596028203409373,False,False,No setup,Neutral,0,Not applicable,No directional setup; confirmation score not applicable.,Narrow CPR,Not applicable,Not applicable,Narrow CPR; Wide CPR rules not applied,0,0,-2,-2
2026-09-21,2026-09-21,CM,NSE,STK,3018,INE626A01014,SAURASHCEM,EQ,,,,,SAURASHTRA CEMENT LIMITED,52.75,53.53,52.75,53.22,53.15,53.51,,53.22,,,27366,1459219.87,554,F1,1,,,,,,Cash Only,Unclassified,False,53.166666666666664,53.14,53.19333333333333,53.19333333333333,53.14,0.05333333333332746,0.10021295252410271,Narrow,Bullish,Above CPR,True,False,0.08333333333333333,60,5753623.405,Inside,True,Neutral,True,1.9435714285714296,57.9208,58.595299999999995,0.027440891828981406,0.2536175497221303,False,False,No setup,Neutral,0,Not applicable,No directional setup; confirmation score not applicable.,Narrow CPR,Not applicable,Not applicable,Narrow CPR; Wide CPR rules not applied,0,0,0,0
2026-09-21,2026-09-21,CM,NSE,STK,18154,INE982F01036,HATHWAY,EQ,,,,,HATHWAY CABLE & DATACOM,9.95,10.03,9.94,9.97,9.96,9.98,,9.97,,,885696,8844597.07,1905,F1,1,,,,,,Cash Only,Unclassified,False,9.979999999999999,9.985,9.974999999999998,9.985,9.974999999999998,0.010000000000001563,0.10030090270814004,Narrow,Bearish,Below CPR,False,True,0.25,60,13422205.004999999,Lower,True,Neutral,True,0.21928571428571417,10.628599999999999,10.7776,0.045602605863199336,0.6589526137251843,False,False,No setup,Neutral,0,Not applicable,No directional setup; confirmation score not applicable.,Narrow CPR,Not applicable,Not applicable,Narrow CPR; Wide CPR rules not applied,0,0,-2,-2
2026-09-21,2026-09-21,CM,NSE,STK,760,INE067A01029,CGPOWER,EQ,,,,,CG POWER AND IND SOL LTD,903.0,919.75,903.0,910.0,910.0,892.0,,909.98,,,2999705,2737545414.85,66438,F1,1,,,,,,F&O + Cash,Capital Goods,True,910.9166666666666,911.375,910.4583333333333,911.375,910.4583333333333,0.9166666666667425,0.10073260073260908,Narrow,Bearish,Below CPR,False,True,0.11666666666666667,60,2687660964.125,Higher,True,Neutral,True,26.614285714285707,886.193,891.3960000000001,0.03444265521560493,1.0185605444253794,True,True,No setup,Neutral,0,Not applicable,No directional setup; confirmation score not applicable.,Narrow CPR,Not applicable,Not applicable,Narrow CPR; Wide CPR rules not applied,0,0,0,0
2026-09-21,2026-09-21,CM,NSE,STK,757862,INE18JU01028,EBGNG,EQ,,,,,GNG ELECTRONICS LIMITED,702.6,706.9,671.9,690.45,689.0,703.05,,690.36,,,727792,498046766.8,35287,F1,1,,,,,,Cash Only,Unclassified,False,689.75,689.4,690.1,690.1,689.4,0.7000000000000455,0.10138315591281706,Narrow,Bullish,Above CPR,True,False,0.1,60,343159887.29999995,Inside,True,Neutral,True,41.14285714285713,593.961,538.4875,0.017013888888889998,1.4513548501214935,True,True,No setup,Neutral,0,Not applicable,No directional setup; confirmation score not applicable.,Narrow CPR,Not applicable,Not applicable,Narrow CPR; Wide CPR rules not applied,0,0,0,0
2026-09-21,2026-09-21,CM,NSE,STK,1174,INE113A01013,GNFC,EQ,,,,,GUJ NAR VAL FER & CHEM L,588.9,598.85,582.75,589.9,592.1,588.9,,589.87,,,600276,354330554.7,17062,F1,1,,,,,,Cash Only,Unclassified,False,590.5,590.8,590.2,590.8,590.2,0.599999999999909,0.10171215460245957,Narrow,Bearish,Below CPR,False,True,0.1,60,205454940.725,Higher,True,Neutral,True,19.86785714285714,551.875,533.295,0.03019953262627621,1.7246144261591108,True,True,No setup,Neutral,0,Not applicable,No directional setup; confirmation score not applicable.,Narrow CPR,Not applicable,Not applicable,Narrow CPR; Wide CPR rules not applied,0,0,0,0
2026-09-21,2026-09-21,CM,NSE,STK,14672,INE048G01026,NAVINFLUOR,EQ,,,,,NAVIN FLUORINE INT. LTD,8590.0,8594.0,8405.0,8486.5,8470.0,8590.0,,8486.49,,,99240,841481629.5,19241,F1,1,,,,,,Cash Only,Chemicals,True,8495.166666666666,8499.5,8490.833333333332,8499.5,8490.833333333332,8.66666666666788,0.10212297963433546,Narrow,Bearish,Below CPR,False,True,0.15,60,956825228.25,Inside,True,Neutral,True,237.28571428571428,8136.96,7682.38,0.03652418221955157,0.8794517584355929,True,True,No setup,Neutral,0,Not applicable,No directional setup; confirmation score not applicable.,Narrow CPR,Not applicable,Not applicable,Narrow CPR; Wide CPR rules not applied,0,0,0,0
2026-09-21,2026-09-21,CM,NSE,STK,3024,INE324A01032,JINDALSAW,EQ,,,,,JINDAL SAW LIMITED,291.0,295.8,289.4,293.05,293.3,289.5,,293.04,,,1096972,321110244.25,26919,F1,1,,,,,,Cash Only,Capital Goods,True,292.75,292.6,292.9,292.9,292.6,0.2999999999999545,0.10237160894043833,Narrow,Bullish,Above CPR,True,False,0.16666666666666666,60,406184997.79499996,Higher,True,Neutral,True,11.685714285714292,279.861,262.0464,0.025672371638137903,0.7905517091797248,True,True,No setup,Neutral,0,Not applicable,No directional setup; confirmation score not applicable.,Narrow CPR,Not applicable,Not applicable,Narrow CPR; Wide CPR rules not applied,0,0,0,0
2026-09-21,2026-09-21,CM,NSE,STK,13061,INE466L01038,360ONE,EQ,,,,,360 ONE WAM LIMITED,1073.3,1085.9,1062.8,1072.7,1072.7,1073.1,,1072.71,,,573949,616490375.5,26619,F1,1,,,,,,F&O + Cash,Financial Services,True,1073.8,1074.35,1073.25,1074.35,1073.25,1.099999999999909,0.10254497995710907,Narrow,Bearish,Below CPR,False,True,0.2,60,977509866.1500001,Overlapping,True,Neutral,True,29.914285714285743,1140.234,1119.0285000000001,0.03677172874880304,0.6306743254961672,False,False,No setup,Neutral,0,Not applicable,No directional setup; confirmation score not applicable.,Narrow CPR,Not applicable,Not applicable,Narrow CPR; Wide CPR rules not applied,0,0,0,0
2026-09-21,2026-09-21,CM,NSE,STK,2124,INE759A01021,MASTEK,EQ,,,,,MASTEK LTD,1589.7,1601.8,1571.7,1589.2,1581.0,1588.2,,1589.21,,,37730,59951288.0,4842,F1,1,,,,,,Cash Only,Unclassified,False,1587.5666666666666,1586.75,1588.3833333333332,1588.3833333333332,1586.75,1.633333333333212,0.10277707861397005,Narrow,Bullish,Above CPR,True,False,0.05,60,155724444.0,Lower,True,Neutral,True,59.37142857142861,1744.6219999999998,1686.241,0.027510426692330312,0.38498315653000503,False,False,No setup,Neutral,0,Not applicable,No directional setup; confirmation score not applicable.,Narrow CPR,Not applicable,Not applicable,Narrow CPR; Wide CPR rules not applied,0,0,0,0
2026-09-21,2026-09-21,CM,NSE,STK,765140,INE258R01028,PANORAMA,EQ,,,,,PANORAMA STUDIOS INTL. L,53.25,56.42,53.19,54.89,55.4,53.26,,54.92,,,436211,23957697.42,3347,F1,1,,,,,,Cash Only,Unclassified,False,54.833333333333336,54.805,54.86166666666667,54.86166666666667,54.805,0.05666666666667197,0.10323677658347964,Narrow,Bullish,Above CPR,True,False,0.04,25,14183882.08,Higher,True,Neutral,True,4.291428571428571,,,0.01320461606746684,1.6890790042439496,False,False,No setup,Neutral,0,Not applicable,No directional setup; confirmation score not applicable.,Narrow CPR,Not applicable,Not applicable,Narrow CPR; Wide CPR rules not applied,0,0,0,0
2026-09-21,2026-09-21,CM,NSE,STK,7929,INE010B01027,ZYDUSLIFE,EQ,,,,,ZYDUS LIFESCIENCES LTD,1155.0,1173.5,1152.1,1161.0,1161.0,1160.0,,1161.0,,,864429,1004323177.8,21058,F1,1,,,,,,F&O + Cash,Healthcare,True,1162.2,1162.8,1161.6000000000001,1162.8,1161.6000000000001,1.199999999999818,0.10335917312659933,Narrow,Bearish,Below CPR,False,True,0.2,60,1220531102.65,Higher,True,Neutral,True,30.18571428571433,1135.15,1095.018,0.03975390440131905,0.8228575049168575,True,True,No setup,Neutral,0,Not applicable,No directional setup; confirmation score not applicable.,Narrow CPR,Not applicable,Not applicable,Narrow CPR; Wide CPR rules not applied,0,0,0,0
2026-09-21,2026-09-21,CM,NSE,STK,21683,INE727S01012,BRNL,EQ,,,,,BHARAT ROAD NETWORK LTD,16.25,16.25,16.0,16.1,16.02,16.25,,16.1,,,14486,233230.85,230,F1,1,,,,,,Cash Only,Unclassified,False,16.116666666666667,16.125,16.108333333333334,16.125,16.108333333333334,0.01666666666666572,0.10351966873705415,Narrow,Bearish,Below CPR,False,True,0.1,60,428315.765,Lower,True,Neutral,True,0.5521428571428569,17.316399999999998,18.449099999999998,0.03018542475204659,0.5445301552232148,False,False,No setup,Neutral,0,Not applicable,No directional setup; confirmation score not applicable.,Narrow CPR,Not applicable,Not applicable,Narrow CPR; Wide CPR rules not applied,0,0,0,0
2026-09-21,2026-09-21,CM,NSE,STK,14957,INE387I01016,MAGNUM,EQ,,,,,MAGNUM VENTURES LTD.,19.6,19.6,18.88,19.27,19.39,19.19,,19.16,,,2087,40264.95,52,F1,1,,,,,,Cash Only,Unclassified,False,19.25,19.240000000000002,19.259999999999998,19.259999999999998,19.240000000000002,0.01999999999999602,0.1037882719252518,Narrow,Bullish,Above CPR,True,False,0.05,60,377673.815,Overlapping,True,Neutral,True,1.0028571428571424,19.244600000000002,19.6067,0.019943019943015984,0.10661303061214343,True,False,No setup,Neutral,0,Not applicable,No directional setup; confirmation score not applicable.,Narrow CPR,Not applicable,Not applicable,Narrow CPR; Wide CPR rules not applied,0,0,0,0
2026-09-21,2026-09-21,CM,NSE,STK,6302,INE451F01024,APOLSINHOT,EQ,,,,,APOLLO SINDOORI HOTEL LTD,1210.2,1220.0,1208.0,1215.9,1220.0,1214.9,,1215.9,,,506,614003.2,79,F1,1,,,,,,Cash Only,Unclassified,False,1214.6333333333334,1214.0,1215.2666666666669,1215.2666666666669,1214.0,1.2666666666668789,0.10417523370892992,Narrow,Bullish,Above CPR,True,False,0.1,60,924872.95,Lower,True,Neutral,True,29.785714285714302,1216.366,1220.5325,0.0425259792166338,0.6638784278424404,False,False,No setup,Neutral,0,Not applicable,No directional setup; confirmation score not applicable.,Narrow CPR,Not applicable,Not applicable,Narrow CPR; Wide CPR rules not applied,0,0,0,0
2026-09-21,2026-09-21,CM,NSE,STK,25262,INE0RWQ01014,TOLINS,EQ,,,,,TOLINS TYRES LIMITED,88.61,90.77,87.73,89.39,88.91,88.02,,89.39,,,39906,3564718.14,917,F1,1,,,,,,Cash Only,Unclassified,False,89.29666666666667,89.25,89.34333333333333,89.34333333333333,89.25,0.09333333333333371,0.10441138084051203,Narrow,Bullish,Above CPR,True,False,0.15,60,3649550.02,Higher,True,Neutral,True,2.564285714285716,97.65279999999998,101.30940000000001,0.036397400185701145,0.9767555234110752,False,False,No setup,Neutral,0,Not applicable,No directional setup; confirmation score not applicable.,Narrow CPR,Not applicable,Not applicable,Narrow CPR; Wide CPR rules not applied,0,0,0,0
2026-09-21,2026-09-21,CM,NSE,STK,764718,INE684B01029,ISTLTD,EQ,,,,,I S T LTD.,663.85,675.0,631.05,652.0,642.0,663.85,,652.0,,,943,618975.1,139,F1,1,,,,,,Cash Only,Unclassified,False,652.6833333333333,653.025,652.3416666666666,653.025,652.3416666666666,0.683333333333394,0.10480572597137944,Narrow,Bearish,Below CPR,False,True,0.04,25,408538.35,Lower,True,Neutral,True,35.29642857142857,,,0.019359843502312082,1.5150966855376,False,False,No setup,Neutral,0,Not applicable,No directional setup; confirmation score not applicable.,Narrow CPR,Not applicable,Not applicable,Narrow CPR; Wide CPR rules not applied,0,0,0,0
2026-09-21,2026-09-21,CM,NSE,STK,7325,INE843D01027,DCMSRIND,EQ,,,,,DCM SHRIRAM IND LTD,38.3,38.88,37.2,38.1,38.04,38.24,,38.1,,,173540,6588331.98,1450,F1,1,,,,,,Cash Only,Unclassified,False,38.06,38.040000000000006,38.08,38.08,38.040000000000006,0.03999999999999204,0.10498687664039906,Narrow,Bullish,Above CPR,True,False,0.1,60,8439380.535,Lower,True,Neutral,True,2.0742857142857147,43.3016,41.8375,0.01928374655646999,0.7806653524718684,False,False,No setup,Neutral,0,Not applicable,No directional setup; confirmation score not applicable.,Narrow CPR,Not applicable,Not applicable,Narrow CPR; Wide CPR rules not applied,0,0,0,0
2026-09-21,2026-09-21,CM,NSE,STK,2972,INE142Z01019,ORIENTELEC,EQ,,,,,ORIENT ELECTRIC LIMITED,168.0,169.6,165.89,168.01,167.59,167.36,,168.0,,,137603,23073888.52,3399,F1,1,,,,,,Cash Only,Unclassified,False,167.83333333333334,167.745,167.92166666666668,167.92166666666668,167.745,0.17666666666667652,0.10515247108307632,Narrow,Bullish,Above CPR,True,False,0.2,60,26853971.98,Inside,True,Neutral,True,4.629285714285716,177.91299999999998,179.9824,0.0381628349534558,0.85923559230585,False,False,No setup,Neutral,0,Not applicable,No directional setup; confirmation score not applicable.,Narrow CPR,Not applicable,Not applicable,Narrow CPR; Wide CPR rules not applied,0,0,0,0
2026-09-21,2026-09-21,CM,NSE,STK,760923,INE0KNW01016,KNAGRI,EQ,,,,,KN AGRI RESOURCES LIMITED,198.5,207.9,198.0,202.63,206.0,196.06,,202.63,,,9916,2015352.85,264,F1,1,,,,,,Cash Only,Unclassified,False,202.84333333333333,202.95,202.73666666666668,202.95,202.73666666666668,0.21333333333330984,0.10528220566219702,Narrow,Bearish,Below CPR,False,True,0.13333333333333333,60,1870801.4,Higher,True,Neutral,True,10.777857142857142,207.0844,202.7927,0.01979366867695896,1.077267127339118,False,False,No setup,Neutral,0,Not applicable,No directional setup; confirmation score not applicable.,Narrow CPR,Not applicable,Not applicable,Narrow CPR; Wide CPR rules not applied,0,0,0,0
2026-09-21,2026-09-21,CM,NSE,STK,15073,INE139I01011,BVCL,EQ,,,,,BARAK VALLEY CEM. LTD.,40.56,41.49,40.56,41.09,41.31,40.76,,41.09,,,8821,362429.59,171,F1,1,,,,,,Cash Only,Unclassified,False,41.046666666666674,41.025000000000006,41.06833333333334,41.06833333333334,41.025000000000006,0.043333333333336554,0.10545956031476406,Narrow,Bullish,Above CPR,True,False,0.11666666666666667,60,697900.65,Higher,True,Neutral,True,1.9649999999999999,41.8402,42.2625,0.02205258693808476,0.5193140169736195,False,False,No setup,Neutral,0,Not applicable,No directional setup; confirmation score not applicable.,Narrow CPR,Not applicable,Not applicable,Narrow CPR; Wide CPR rules not applied,0,0,0,0
2026-09-21,2026-09-21,CM,NSE,STK,20314,INE740D01017,NRAIL,EQ,,,,,N R AGARWAL INDS LTD,625.2,643.9,612.4,627.15,619.9,625.2,,627.2,,,12067,7516393.15,992,F1,1,,,,,,Cash Only,Unclassified,False,627.8166666666666,628.15,627.4833333333332,628.15,627.4833333333332,0.6666666666667425,0.10630099125675556,Narrow,Bearish,Below CPR,False,True,0.06666666666666667,60,3660273.575,Higher,True,Neutral,True,45.374999999999986,516.4879999999999,486.7775,0.01469237832874364,2.053505836650475,True,True,No setup,Neutral,0,Not applicable,No directional setup; confirmation score not applicable.,Narrow CPR,Not applicable,Not applicable,Narrow CPR; Wide CPR rules not applied,0,0,0,0
2026-09-21,2026-09-21,CM,NSE,STK,5585,INE043W01024,VIJAYA,EQ,,,,,VIJAYA DIAGNOSTIC CEN LTD,1555.3,1573.9,1543.3,1556.1,1546.0,1558.9,,1556.2,,,107149,167027959.5,13195,F1,1,,,,,,Cash Only,Healthcare,True,1557.7666666666664,1558.6,1556.933333333333,1558.6,1556.933333333333,1.6666666666669698,0.10710537026328448,Narrow,Bearish,Below CPR,False,True,0.11666666666666667,60,198645011.75,Higher,True,Neutral,True,54.51428571428575,1436.3039999999999,1364.2635,0.030573025856050266,0.8408364148112065,True,True,No setup,Neutral,0,Not applicable,No directional setup; confirmation score not applicable.,Narrow CPR,Not applicable,Not applicable,Narrow CPR; Wide CPR rules not applied,0,0,0,0
2026-09-21,2026-09-21,CM,NSE,STK,762817,INE445D01013,NILE,EQ,,,,,NILE LTD.,1450.0,1471.9,1450.0,1458.6,1451.1,1462.2,,1459.11,,,1251,1828712.3,215,F1,1,,,,,,Cash Only,Unclassified,False,1460.1666666666667,1460.95,1459.3833333333334,1460.95,1459.3833333333334,1.566666666666606,0.10740893093833856,Narrow,Bearish,Below CPR,False,True,0.06666666666666667,60,4629833.35,Lower,True,Neutral,True,40.55000000000002,1622.674,1689.48,0.03863542951089039,0.39498447606110926,False,False,No setup,Neutral,0,Not applicable,No directional setup; confirmation score not applicable.,Narrow CPR,Not applicable,Not applicable,Narrow CPR; Wide CPR rules not applied,0,0,0,0
2026-09-21,2026-09-21,CM,NSE,STK,11262,INE203G01027,IGL,EQ,,,,,INDRAPRASTHA GAS LTD,148.56,149.42,147.8,148.85,148.93,148.56,,148.85,,,740058,110129754.75,22157,F1,1,,,,,,Cash Only,Oil Gas & Consumable Fuels,True,148.69000000000003,148.61,148.77000000000004,148.77000000000004,148.61,0.160000000000025,0.10749076251261337,Narrow,Bullish,Above CPR,True,False,0.18333333333333332,60,166211857.035,Lower,True,Neutral,True,3.1571428571428544,151.458,156.6248,0.050678733031682174,0.6625866331955456,False,False,No setup,Neutral,0,Not applicable,No directional setup; confirmation score not applicable.,Narrow CPR,Not applicable,Not applicable,Narrow CPR; Wide CPR rules not applied,0,0,0,0
2026-09-21,2026-09-21,CM,NSE,STK,19458,INE0INJ01017,PLAZACABLE,EQ,,,,,PLAZA WIRES LIMITED,63.6,63.6,60.0,61.7,61.0,61.06,,61.68,,,165579,10182068.97,1538,F1,1,,,,,,Cash Only,Unclassified,False,61.76666666666667,61.8,61.73333333333335,61.8,61.73333333333335,0.06666666666664867,0.10804970286328794,Narrow,Bearish,Below CPR,False,True,0.05,60,4105557.245,Inside,True,Neutral,True,3.857857142857142,50.7184,43.6821,0.017280750478301823,2.480069905833209,True,True,No setup,Neutral,0,Not applicable,No directional setup; confirmation score not applicable.,Narrow CPR,Not applicable,Not applicable,Narrow CPR; Wide CPR rules not applied,0,0,0,0
2026-09-21,2026-09-21,CM,NSE,STK,8696,INE366I01010,VRLLOG,EQ,,,,,VRL LOGISTICS LIMITED,293.55,294.45,291.0,292.25,292.0,293.6,,292.25,,,96495,28225799.4,4334,F1,1,,,,,,Cash Only,Unclassified,False,292.56666666666666,292.725,292.4083333333333,292.725,292.4083333333333,0.3166666666667197,0.1083547191331804,Narrow,Bearish,Below CPR,False,True,0.16666666666666666,60,39093380.0,Overlapping,True,Neutral,True,6.457142857142851,277.4298,259.5981,0.04904129793511151,0.7220096957592308,True,True,No setup,Neutral,0,Not applicable,No directional setup; confirmation score not applicable.,Narrow CPR,Not applicable,Not applicable,Narrow CPR; Wide CPR rules not applied,0,0,0,0
2026-09-21,2026-09-21,CM,NSE,STK,3411,INE670A01012,TATAELXSI,EQ,,,,,TATA ELXSI LIMITED,3306.9,3318.0,3266.7,3287.0,3287.0,3266.7,,3286.96,,,336930,1107422785.9,27305,F1,1,,,,,,F&O + Cash,Information Technology,True,3290.566666666667,3292.35,3288.783333333334,3292.35,3288.783333333334,3.5666666666656965,0.10850826488182833,Narrow,Bearish,Below CPR,False,True,0.1,60,873378020.7,Inside,True,Neutral,True,88.7642857142858,3595.946,3844.215,0.040181325608207696,1.2679764771414976,False,False,No setup,Neutral,0,Not applicable,No directional setup; confirmation score not applicable.,Narrow CPR,Not applicable,Not applicable,Narrow CPR; Wide CPR rules not applied,0,0,0,0
2026-09-21,2026-09-21,CM,NSE,STK,11239,INE023A01030,NSIL,EQ,,,,,NALWA SONS INVESTMENT LTD,5501.0,5585.0,5487.0,5527.0,5550.0,5507.5,,5526.79,,,1399,7735594.5,322,F1,1,,,,,,Cash Only,Unclassified,False,5533.0,5536.0,5530.0,5536.0,5530.0,6.0,0.1085579880586213,Narrow,Bearish,Below CPR,False,True,0.2833333333333333,60,9635649.0,Higher,True,Neutral,False,126.35714285714286,5572.34,5579.5830000000005,0.047484454494064444,0.8028099093273323,False,False,No setup,Neutral,0,Not applicable,No directional setup; confirmation score not applicable.,Narrow CPR,Not applicable,Not applicable,Narrow CPR; Wide CPR rules not applied,0,0,0,0
2026-09-21,2026-09-21,CM,NSE,STK,765125,INE588G01021,MLKFOOD,EQ,,,,,MILKFOOD LTD.,83.0,83.01,80.5,81.62,81.9,79.82,,81.67,,,2971,243981.92,76,F1,1,,,,,,Cash Only,Unclassified,False,81.71,81.755,81.66499999999999,81.755,81.66499999999999,0.09000000000000341,0.11026709139917104,Narrow,Bearish,Below CPR,False,True,0.12,25,283036.07,Higher,True,Neutral,True,4.995000000000002,,,0.018018018018018694,0.8620170566952827,False,False,No setup,Neutral,0,Not applicable,No directional setup; confirmation score not applicable.,Narrow CPR,Not applicable,Not applicable,Narrow CPR; Wide CPR rules not applied,0,0,0,0
2026-09-21,2026-09-21,CM,NSE,STK,23729,INE883F01010,AADHARHFC,EQ,,,,,AADHAR HOUSING FINANCE L,461.0,470.25,460.3,466.05,467.0,461.65,,466.05,,,141533,65879687.3,9555,F1,1,,,,,,Cash Only,Financial Services,True,465.5333333333333,465.275,465.79166666666663,465.79166666666663,465.275,0.5166666666666515,0.11086078031684402,Narrow,Bullish,Above CPR,True,False,0.16666666666666666,60,128539008.0,Higher,True,Neutral,True,13.821428571428571,488.2939999999999,490.69449999999995,0.03738156761412466,0.5125268066484533,False,False,No setup,Neutral,0,Not applicable,No directional setup; confirmation score not applicable.,Narrow CPR,Not applicable,Not applicable,Narrow CPR; Wide CPR rules not applied,0,0,0,0
2026-09-21,2026-09-21,CM,NSE,STK,13786,INE813H01021,TORNTPOWER,EQ,,,,,TORRENT POWER LTD,1250.0,1269.8,1250.0,1262.0,1264.8,1258.8,,1263.38,,,121302,153216200.3,8780,F1,1,,,,,,Cash Only,Power,True,1260.6000000000001,1259.9,1261.3000000000002,1261.3000000000002,1259.9,1.400000000000091,0.11093502377179801,Narrow,Bullish,Above CPR,True,False,0.21666666666666667,60,438140912.65,Higher,True,Neutral,True,40.36428571428572,1328.8239999999998,1405.713,0.034684126703240614,0.3496961727981648,False,False,No setup,Neutral,0,Not applicable,No directional setup; confirmation score not applicable.,Narrow CPR,Not applicable,Not applicable,Narrow CPR; Wide CPR rules not applied,0,0,0,0
2026-09-21,2026-09-21,CM,NSE,STK,10634,INE900C01027,ASAL,EQ,,,,,AUTOMOTIVE STAMPINGS & AS,450.25,456.9,445.4,450.4,446.0,449.7,,450.38,,,13831,6223156.7,540,F1,1,,,,,,Cash Only,Unclassified,False,450.8999999999999,451.15,450.64999999999986,451.15,450.64999999999986,0.5000000000001137,0.11101243339256522,Narrow,Bearish,Below CPR,False,True,0.11666666666666667,60,8553771.5,Higher,True,Neutral,True,14.021428571428563,495.465,502.0905,0.035659704533884846,0.7275336616134767,False,False,No setup,Neutral,0,Not applicable,No directional setup; confirmation score not applicable.,Narrow CPR,Not applicable,Not applicable,Narrow CPR; Wide CPR rules not applied,0,0,0,0
2026-09-21,2026-09-21,CM,NSE,STK,765150,INE914G01029,POLYSPIN,EQ,,,,,POLYSPIN EXPORTS LTD.,29.6,30.5,29.6,30.0,30.0,29.6,,30.0,,,1116,33737.38,32,F1,1,,,,,,Cash Only,Unclassified,False,30.03333333333333,30.05,30.016666666666662,30.05,30.016666666666662,0.033333333333338544,0.11111111111112848,Narrow,Bearish,Below CPR,False,True,0.16666666666666666,24,21168.995,Higher,True,Neutral,True,1.0964285714285713,,,0.030401737242132878,1.5937166596713732,False,False,No setup,Neutral,0,Not applicable,No directional setup; confirmation score not applicable.,Narrow CPR,Not applicable,Not applicable,Narrow CPR; Wide CPR rules not applied,0,0,0,0
2026-09-21,2026-09-21,CM,NSE,STK,14299,INE134E01011,PFC,EQ,,,,,POWER FIN CORP LTD.,342.6,348.05,342.6,344.75,344.75,342.55,,344.75,,,9174012,3176155945.25,69675,F1,1,,,,,,F&O + Cash,Financial Services,True,345.1333333333334,345.32500000000005,344.9416666666667,345.32500000000005,344.9416666666667,0.38333333333332575,0.11119168479574351,Narrow,Bearish,Below CPR,False,True,0.23333333333333334,60,2499385352.575,Higher,True,Neutral,True,6.949999999999997,381.47,407.00300000000004,0.05515587529975913,1.2707748094857623,False,False,No setup,Neutral,0,Not applicable,No directional setup; confirmation score not applicable.,Narrow CPR,Not applicable,Not applicable,Narrow CPR; Wide CPR rules not applied,0,0,0,0
2026-09-21,2026-09-21,CM,NSE,STK,17477,INE663B01015,CONTROLPR,EQ,,,,,CONTROL PRINT LIMITED,606.0,606.9,593.0,598.95,596.0,600.9,,598.91,,,24493,14688595.3,1355,F1,1,,,,,,Cash Only,Unclassified,False,599.6166666666667,599.95,599.2833333333333,599.95,599.2833333333333,0.6666666666667425,0.11130589642987601,Narrow,Bearish,Below CPR,False,True,0.1,60,12888633.25,Lower,True,Neutral,True,18.07857142857143,594.99,614.162,0.03687607006453732,1.1396549979416941,True,False,No setup,Neutral,0,Not applicable,No directional setup; confirmation score not applicable.,Narrow CPR,Not applicable,Not applicable,Narrow CPR; Wide CPR rules not applied,0,0,0,0
2026-09-21,2026-09-21,CM,NSE,STK,5114,INE00QT01015,SGIL,EQ,,,,,SYNERGY GREEN IND. LTD,589.0,609.2,589.0,598.1,608.5,589.3,,598.08,,,14075,8474491.85,510,F1,1,,,,,,Cash Only,Unclassified,False,598.7666666666668,599.1,598.4333333333335,599.1,598.4333333333335,0.6666666666665151,0.11146408069996909,Narrow,Bearish,Below CPR,False,True,0.13333333333333333,60,5321709.5,Higher,True,Neutral,True,20.76785714285715,590.686,577.0169999999999,0.03210088850672815,1.5924378904936467,True,True,No setup,Neutral,0,Not applicable,No directional setup; confirmation score not applicable.,Narrow CPR,Not applicable,Not applicable,Narrow CPR; Wide CPR rules not applied,0,0,0,0
2026-09-21,2026-09-21,CM,NSE,STK,3482,INE419D01026,CLSEL,EQ,,,,,CHAMAN LAL SETIA EXP LTD,292.0,294.3,291.2,293.25,292.1,294.9,,293.44,,,19164,5613661.55,1018,F1,1,,,,,,Cash Only,Unclassified,False,292.9166666666667,292.75,293.08333333333337,293.08333333333337,292.75,0.33333333333337123,0.11366865586815728,Narrow,Bullish,Above CPR,True,False,0.13333333333333333,60,18113949.5,Lower,True,Neutral,True,11.192857142857134,289.156,286.1995,0.029780897681347805,0.3099082036195364,True,True,No setup,Neutral,0,Not applicable,No directional setup; confirmation score not applicable.,Narrow CPR,Not applicable,Not applicable,Narrow CPR; Wide CPR rules not applied,0,0,0,0
2026-09-21,2026-09-21,CM,NSE,STK,955,INE284A01012,ESABINDIA,EQ,,,,,ESAB INDIA LTD,5650.0,5650.0,5491.0,5561.0,5551.0,5627.5,,5561.15,,,6922,38334562.5,1937,F1,1,,,,,,Cash Only,Unclassified,False,5567.333333333333,5570.5,5564.166666666666,5570.5,5564.166666666666,6.33333333333394,0.11388838937842005,Narrow,Bearish,Below CPR,False,True,0.23333333333333334,60,18511690.25,Lower,True,Neutral,True,136.0,5872.27,6037.639,0.04656862745098485,2.07082994487767,False,False,No setup,Neutral,0,Not applicable,No directional setup; confirmation score not applicable.,Narrow CPR,Not applicable,Not applicable,Narrow CPR; Wide CPR rules not applied,0,0,0,0
2026-09-21,2026-09-21,CM,NSE,STK,765175,INE886B01012,SUMEDHA,EQ,,,,,SUMEDHA FISCAL SERVICES L,42.61,45.05,42.6,43.9,43.9,44.4,,43.98,,,232,10102.51,19,F1,1,,,,,,Cash Only,Unclassified,False,43.85,43.825,43.875,43.875,43.825,0.04999999999999716,0.11389521640090469,Narrow,Bullish,Above CPR,True,False,0.2,25,69109.99,Lower,True,Neutral,True,2.6585714285714297,,,0.018807092960772702,0.1461801687426087,False,False,No setup,Neutral,0,Not applicable,No directional setup; confirmation score not applicable.,Narrow CPR,Not applicable,Not applicable,Narrow CPR; Wide CPR rules not applied,0,0,0,0
2026-09-21,2026-09-21,CM,NSE,STK,11253,INE192B01031,WELSPUNLIV,EQ,,,,,WELSPUN LIVING LIMITED,215.0,218.2,214.28,215.87,215.6,214.66,,215.88,,,2702207,583894022.7,29238,F1,1,,,,,,Cash Only,Textiles,True,216.11666666666667,216.24,215.99333333333334,216.24,215.99333333333334,0.2466666666666697,0.11426630224981224,Narrow,Bearish,Below CPR,False,True,0.08333333333333333,60,466213862.405,Higher,True,Neutral,True,7.3164285714285695,180.5664,163.8966,0.033714081161118584,1.2524166906748289,True,True,No setup,Neutral,0,Not applicable,No directional setup; confirmation score not applicable.,Narrow CPR,Not applicable,Not applicable,Narrow CPR; Wide CPR rules not applied,0,0,0,0
2026-09-21,2026-09-21,CM,NSE,STK,2792,INE07O001026,EASEMYTRIP,EQ,,,,,EASY TRIP PLANNERS LTD,5.78,5.83,5.77,5.79,5.81,5.76,,5.79,,,4895490,28394704.03,4960,F1,1,,,,,,Cash Only,Unclassified,False,5.796666666666667,5.8,5.793333333333334,5.8,5.793333333333334,0.0066666666666659324,0.11514104778352216,Narrow,Bearish,Below CPR,False,True,0.26666666666666666,60,94369498.095,Higher,True,Neutral,False,0.1564285714285714,6.3372,6.9775,0.04261796042617492,0.30088857738138636,False,False,No setup,Neutral,0,Not applicable,No directional setup; confirmation score not applicable.,Narrow CPR,Not applicable,Not applicable,Narrow CPR; Wide CPR rules not applied,0,0,0,0
2026-09-21,2026-09-21,CM,NSE,STK,15234,INE540G01014,AMBIKCO,EQ,,,,,AMBIKA COTTON MILL LTD.,1610.0,1629.0,1604.2,1619.4,1611.0,1602.0,,1619.39,,,18461,29835903.9,1778,F1,1,,,,,,Cash Only,Unclassified,False,1617.5333333333335,1616.6,1618.4666666666672,1618.4666666666672,1616.6,1.8666666666672427,0.1152690296818107,Narrow,Bullish,Above CPR,True,False,0.26666666666666666,60,15011515.399999999,Higher,True,Neutral,False,34.61428571428576,1669.786,1654.379,0.05392763791444772,1.987534443058294,False,False,No setup,Neutral,0,Not applicable,No directional setup; confirmation score not applicable.,Narrow CPR,Not applicable,Not applicable,Narrow CPR; Wide CPR rules not applied,0,0,0,0
2026-09-21,2026-09-21,CM,NSE,STK,212,INE208A01029,ASHOKLEY,EQ,,,,,ASHOK LEYLAND LTD,163.0,163.19,160.87,161.75,161.75,163.0,,161.75,,,7883370,1274914175.45,40972,F1,1,,,,,,F&O + Cash,Capital Goods,True,161.93666666666667,162.03,161.84333333333333,162.03,161.84333333333333,0.18666666666666742,0.11540443070582221,Narrow,Bearish,Below CPR,False,True,0.21666666666666667,60,2426646002.805,Inside,True,Neutral,True,4.442857142857138,166.5832,161.4835,0.04201500535905703,0.5253811944454634,False,True,No setup,Neutral,0,Not applicable,No directional setup; confirmation score not applicable.,Narrow CPR,Not applicable,Not applicable,Narrow CPR; Wide CPR rules not applied,0,0,0,0
2026-09-21,2026-09-21,CM,NSE,STK,16807,INE947I01017,LOTUSEYE,EQ,,,,,LOTUS EYE HOSP & INST L,112.65,116.86,112.1,114.68,114.99,115.1,,114.68,,,6158,703356.18,173,F1,1,,,,,,Cash Only,Unclassified,False,114.54666666666667,114.47999999999999,114.61333333333334,114.61333333333334,114.47999999999999,0.13333333333335418,0.11626555051739987,Narrow,Bullish,Above CPR,True,False,0.13333333333333333,60,1190375.575,Inside,True,Neutral,True,3.7457142857142887,115.8082,117.30689999999998,0.03559623696924022,0.5908691296862337,False,False,No setup,Neutral,0,Not applicable,No directional setup; confirmation score not applicable.,Narrow CPR,Not applicable,Not applicable,Narrow CPR; Wide CPR rules not applied,0,0,0,0
2026-09-21,2026-09-21,CM,NSE,STK,762909,INE997I01012,SHRIKRISH,EQ,,,,,SHRI KRISHNA DEVCON LTD.,37.65,37.65,37.0,37.26,37.54,36.98,,37.26,,,9,336.53,4,F1,1,,,,,,Cash Only,Unclassified,False,37.303333333333335,37.325,37.281666666666666,37.325,37.281666666666666,0.043333333333336554,0.11629987475398969,Narrow,Bearish,Below CPR,False,True,0.13333333333333333,60,29632.309999999998,Higher,True,Neutral,True,2.8814285714285712,39.291799999999995,41.1633,0.015038836555942285,0.011356860130040487,False,False,No setup,Neutral,0,Not applicable,No directional setup; confirmation score not applicable.,Narrow CPR,Not applicable,Not applicable,Narrow CPR; Wide CPR rules not applied,0,0,0,0
2026-09-21,2026-09-21,CM,NSE,STK,10350,INE718F01018,CSLFINANCE,EQ,,,,,CSL FINANCE LIMITED,218.0,222.15,218.0,220.46,220.5,218.24,,220.46,,,15570,3432486.78,419,F1,1,,,,,,Cash Only,Unclassified,False,220.20333333333335,220.075,220.3316666666667,220.3316666666667,220.075,0.25666666666671745,0.11642323626359313,Narrow,Bullish,Above CPR,True,False,0.2,60,7797418.715,Higher,True,Neutral,True,9.756428571428568,223.4044,225.7157,0.02630744075945564,0.44020808750425044,False,False,No setup,Neutral,0,Not applicable,No directional setup; confirmation score not applicable.,Narrow CPR,Not applicable,Not applicable,Narrow CPR; Wide CPR rules not applied,0,0,0,0
2026-09-21,2026-09-21,CM,NSE,STK,764905,INE311M01018,SHRADDHA,EQ,,,,,SHRADDHA PRIME PROJECTS L,146.95,149.79,146.95,148.11,148.0,147.14,,147.44,,,4559,674223.22,102,F1,1,,,,,,Cash Only,Unclassified,False,148.28333333333333,148.37,148.19666666666666,148.37,148.19666666666666,0.17333333333334622,0.11703013525983809,Narrow,Bearish,Below CPR,False,True,0.12,25,728182.32,Inside,True,Neutral,True,8.71142857142857,,,0.019897234065815412,0.9258989149860162,False,False,No setup,Neutral,0,Not applicable,No directional setup; confirmation score not applicable.,Narrow CPR,Not applicable,Not applicable,Narrow CPR; Wide CPR rules not applied,0,0,0,0
2026-09-21,2026-09-21,CM,NSE,STK,15228,INE551W01018,UJJIVANSFB,EQ,,,,,UJJIVAN SMALL FINANC BANK,65.02,65.25,64.1,64.79,64.88,65.02,,64.79,,,4816181,311243464.35,53228,F1,1,,,,,,Cash Only,Unclassified,False,64.71333333333332,64.675,64.75166666666665,64.75166666666665,64.675,0.07666666666665378,0.11833101816121898,Narrow,Bullish,Above CPR,True,False,0.06666666666666667,60,910096547.985,Inside,True,Neutral,True,2.2942857142857145,68.13940000000001,62.583400000000005,0.03341635533415793,0.34198950104701403,False,True,No setup,Neutral,0,Not applicable,No directional setup; confirmation score not applicable.,Narrow CPR,Not applicable,Not applicable,Narrow CPR; Wide CPR rules not applied,0,0,0,0
2026-09-21,2026-09-21,CM,NSE,STK,23402,INE0R6Z01013,SRM,EQ,,,,,SRM CONTRACTORS LIMITED,424.4,425.2,418.3,421.0,419.0,423.85,,421.02,,,33287,14022319.75,1231,F1,1,,,,,,Cash Only,Unclassified,False,421.5,421.75,421.25,421.75,421.25,0.5,0.11876484560570072,Narrow,Bearish,Below CPR,False,True,0.08333333333333333,60,37187702.400000006,Lower,True,Neutral,True,16.31428571428571,479.22900000000004,490.19800000000004,0.030647985989492126,0.3770687309254147,False,False,No setup,Neutral,0,Not applicable,No directional setup; confirmation score not applicable.,Narrow CPR,Not applicable,Not applicable,Narrow CPR; Wide CPR rules not applied,0,0,0,0
2026-09-21,2026-09-21,CM,NSE,STK,8050,INE813A01018,MAHLIFE,EQ,,,,,MAHINDRA LIFESPACE DEVLTD,367.75,368.5,358.1,362.65,360.25,366.4,,362.61,,,96705,35076782.65,7838,F1,1,,,,,,Cash Only,Unclassified,False,363.0833333333333,363.3,362.8666666666666,363.3,362.8666666666666,0.43333333333339397,0.11949078542214092,Narrow,Bearish,Below CPR,False,True,0.13333333333333333,60,39556507.975,Lower,True,Neutral,True,12.71785714285714,374.084,358.972,0.034072825985214925,0.8867512438703835,False,True,No setup,Neutral,0,Not applicable,No directional setup; confirmation score not applicable.,Narrow CPR,Not applicable,Not applicable,Narrow CPR; Wide CPR rules not applied,0,0,0,0
2026-09-21,2026-09-21,CM,NSE,STK,17270,INE991I01015,ASPINWALL,EQ,,,,,ASPINWALL & CO LTD,252.0,252.0,247.2,249.15,249.1,251.55,,249.15,,,329,81926.6,19,F1,1,,,,,,Cash Only,Unclassified,False,249.45000000000002,249.6,249.30000000000004,249.6,249.30000000000004,0.2999999999999545,0.12040939193255248,Narrow,Bearish,Below CPR,False,True,0.16666666666666666,60,436714.56,Lower,True,Neutral,True,10.517857142857137,249.4556,245.412,0.028522920203730838,0.18759759234956583,False,True,No setup,Neutral,0,Not applicable,No directional setup; confirmation score not applicable.,Narrow CPR,Not applicable,Not applicable,Narrow CPR; Wide CPR rules not applied,0,0,0,0
2026-09-21,2026-09-21,CM,NSE,STK,20642,INE247D01039,JINDWORLD,EQ,,,,,JINDAL WORLDWIDE LTD,49.79,50.85,48.95,49.81,49.83,49.7,,49.81,,,4890463,244371590.95,11758,F1,1,,,,,,Cash Only,Unclassified,False,49.870000000000005,49.900000000000006,49.84,49.900000000000006,49.84,0.060000000000002274,0.12045773940976164,Narrow,Bearish,Below CPR,False,True,0.21666666666666667,60,233886763.23000002,Higher,True,Neutral,True,4.970714285714286,40.2676,34.541199999999996,0.012070699813192007,1.0448286494507146,True,True,No setup,Neutral,0,Not applicable,No directional setup; confirmation score not applicable.,Narrow CPR,Not applicable,Not applicable,Narrow CPR; Wide CPR rules not applied,0,0,0,0
2026-09-21,2026-09-21,CM,NSE,STK,11435,INE572J01011,SPANDANA,EQ,,,,,SPANDANA SPHOORTY FIN LTD,229.25,231.99,226.1,228.63,226.3,229.25,,228.63,,,92860,21315465.77,2558,F1,1,,,,,,Cash Only,Unclassified,False,228.90666666666667,229.04500000000002,228.76833333333332,229.04500000000002,228.76833333333332,0.27666666666669926,0.12101065768564898,Narrow,Bearish,Below CPR,False,True,0.16666666666666666,60,43774145.175,Lower,True,Neutral,True,5.967142857142854,254.6428,258.0319,0.04636501476339228,0.4869419079409813,False,False,No setup,Neutral,0,Not applicable,No directional setup; confirmation score not applicable.,Narrow CPR,Not applicable,Not applicable,Narrow CPR; Wide CPR rules not applied,0,0,0,0
2026-09-21,2026-09-21,CM,NSE,STK,27144,INE0UIZ01018,BLACKBUCK,EQ,,,,,BLACKBUCK LIMITED,634.6,636.85,620.75,629.95,630.0,632.4,,629.95,,,672779,422514771.9,33088,F1,1,,,,,,Cash Only,Unclassified,False,629.1833333333333,628.8,629.5666666666666,629.5666666666666,628.8,0.7666666666666515,0.12170278064396405,Narrow,Bullish,Above CPR,True,False,0.13333333333333333,60,192057008.15,Inside,True,Neutral,True,22.771428571428583,581.061,561.2689999999999,0.033667921371810274,2.1999445683856966,True,True,No setup,Neutral,0,Not applicable,No directional setup; confirmation score not applicable.,Narrow CPR,Not applicable,Not applicable,Narrow CPR; Wide CPR rules not applied,0,0,0,0
2026-09-21,2026-09-21,CM,NSE,STK,14101,INE034D01049,PTL,EQ,,,,,PTL ENTERPRISES LTD,38.34,38.64,38.1,38.3,38.22,38.33,,38.3,,,60413,2308121.6,625,F1,1,,,,,,Cash Only,Unclassified,False,38.34666666666667,38.370000000000005,38.32333333333334,38.370000000000005,38.32333333333334,0.046666666666666856,0.12184508268059233,Narrow,Bearish,Below CPR,False,True,0.2,60,1227492.96,Overlapping,True,Neutral,True,0.725714285714287,38.9588,39.7752,0.06430446194225736,1.8803542465938055,False,False,No setup,Neutral,0,Not applicable,No directional setup; confirmation score not applicable.,Narrow CPR,Not applicable,Not applicable,Narrow CPR; Wide CPR rules not applied,0,0,0,0
2026-09-21,2026-09-21,CM,NSE,STK,1720,INE364A01020,JAYSREETEA,EQ,,,,,JAYSHREE TEA & INDUSTRIES,89.45,90.74,89.45,90.26,90.06,89.38,,90.26,,,24305,2190281.99,292,F1,1,,,,,,Cash Only,Unclassified,False,90.14999999999999,90.095,90.20499999999998,90.20499999999998,90.095,0.10999999999998522,0.12187015289162996,Narrow,Bullish,Above CPR,True,False,0.13333333333333333,60,3842884.285,Overlapping,True,Neutral,True,3.9550000000000005,90.2748,88.8826,0.027812895069528498,0.5699578305153157,False,True,No setup,Neutral,0,Not applicable,No directional setup; confirmation score not applicable.,Narrow CPR,Not applicable,Not applicable,Narrow CPR; Wide CPR rules not applied,0,0,0,0
2026-09-21,2026-09-21,CM,NSE,STK,12978,INF277K010X4,NPBET,EQ,,,,,TATAAML - NPBET,284.56,284.86,283.81,283.81,283.81,283.0,,283.81,,,48,13656.06,12,F1,1,,,,,,Cash Only,Unclassified,False,284.16,284.33500000000004,283.985,284.33500000000004,283.985,0.35000000000002274,0.12332194073500678,Narrow,Bearish,Below CPR,False,True,0.3,60,164251.22,Higher,True,Neutral,False,5.648571428571423,285.95619999999997,282.5823,0.06196256954982705,0.08314130025944404,False,True,No setup,Neutral,0,Not applicable,No directional setup; confirmation score not applicable.,Narrow CPR,Not applicable,Not applicable,Narrow CPR; Wide CPR rules not applied,0,0,0,0
2026-09-21,2026-09-21,CM,NSE,STK,10794,INE476A01022,CANBK,EQ,,,,,CANARA BANK,123.23,123.99,122.95,123.7,123.7,123.78,,123.7,,,5171600,638584703.04,35267,F1,1,,,,,,F&O + Cash,Financial Services,True,123.54666666666667,123.47,123.62333333333333,123.62333333333333,123.47,0.15333333333333599,0.12395580706009376,Narrow,Bullish,Above CPR,True,False,0.16666666666666666,60,1923214716.665,Inside,True,Neutral,True,2.0528571428571403,127.0582,128.9124,0.07469264671770029,0.33204025401144716,False,False,No setup,Neutral,0,Not applicable,No directional setup; confirmation score not applicable.,Narrow CPR,Not applicable,Not applicable,Narrow CPR; Wide CPR rules not applied,0,0,0,0
2026-09-21,2026-09-21,CM,NSE,STK,11359,INE680A01011,DHANBANK,EQ,,,,,DHANLAXMI BANK LIMITED,29.67,29.74,29.25,29.44,29.45,29.47,,29.44,,,255637,7540439.89,1390,F1,1,,,,,,Cash Only,Unclassified,False,29.476666666666663,29.494999999999997,29.45833333333333,29.494999999999997,29.45833333333333,0.036666666666668846,0.12454710144928277,Narrow,Bearish,Below CPR,False,True,0.18333333333333332,60,25842131.27,Higher,True,Neutral,True,0.8685714285714289,32.464,32.673899999999996,0.042214912280704245,0.29178862266494476,False,False,No setup,Neutral,0,Not applicable,No directional setup; confirmation score not applicable.,Narrow CPR,Not applicable,Not applicable,Narrow CPR; Wide CPR rules not applied,0,0,0,0
2026-09-21,2026-09-21,CM,NSE,STK,7109,INE412C01023,JMA,EQ,,,,,JULLUNDUR MOT AGENCY LTD,91.58,91.58,85.35,88.3,88.0,90.21,,88.3,,,18388,1630865.26,402,F1,1,,,,,,Cash Only,Unclassified,False,88.41000000000001,88.465,88.35500000000002,88.465,88.35500000000002,0.10999999999998522,0.12457531143826187,Narrow,Bearish,Below CPR,False,True,0.11666666666666667,60,764178.4299999999,Lower,True,Neutral,True,4.835000000000003,89.70859999999999,89.60780000000001,0.022750775594619476,2.1341419699585082,False,False,No setup,Neutral,0,Not applicable,No directional setup; confirmation score not applicable.,Narrow CPR,Not applicable,Not applicable,Narrow CPR; Wide CPR rules not applied,0,0,0,0
2026-09-21,2026-09-21,CM,NSE,STK,12024,INE128X01021,ACI,EQ,,,,,ARCHEAN CHEMICAL IND LTD,469.95,476.25,458.0,466.25,462.2,467.15,,466.27,,,373995,174002349.85,15662,F1,1,,,,,,Cash Only,Unclassified,False,466.8333333333333,467.125,466.54166666666663,467.125,466.54166666666663,0.5833333333333712,0.125111706881152,Narrow,Bearish,Below CPR,False,True,0.16666666666666666,60,117503624.67500001,Overlapping,True,Neutral,True,18.38571428571429,514.045,530.4915,0.03172753172753378,1.4808253816107224,False,False,No setup,Neutral,0,Not applicable,No directional setup; confirmation score not applicable.,Narrow CPR,Not applicable,Not applicable,Narrow CPR; Wide CPR rules not applied,0,0,0,0
2026-09-21,2026-09-21,CM,NSE,STK,13880,INE213C01025,BANCOINDIA,EQ,,,,,BANCO PRODUCTS (I) LTD,600.1,605.85,595.05,599.3,601.0,604.0,,599.27,,,59193,35514000.45,6266,F1,1,,,,,,Cash Only,Unclassified,False,600.0666666666667,600.45,599.6833333333334,600.45,599.6833333333334,0.7666666666666515,0.1279270259747458,Narrow,Bearish,Below CPR,False,True,0.23333333333333334,60,69253633.85,Lower,True,Neutral,True,15.782142857142885,631.561,638.8015,0.04857810967790496,0.5128106422100767,False,False,No setup,Neutral,0,Not applicable,No directional setup; confirmation score not applicable.,Narrow CPR,Not applicable,Not applicable,Narrow CPR; Wide CPR rules not applied,0,0,0,0
2026-09-21,2026-09-21,CM,NSE,STK,11233,INE495B01038,SUVEN,EQ,,,,,SUVEN LIFE SCIENCES LTD,338.0,342.75,331.75,337.9,337.6,341.55,,337.91,,,586343,197674974.3,17886,F1,1,,,,,,Cash Only,Unclassified,False,337.46666666666664,337.25,337.6833333333333,337.6833333333333,337.25,0.4333333333332803,0.1282430699417817,Narrow,Bullish,Above CPR,True,False,0.1,60,262118502.275,Lower,True,Neutral,True,17.910714285714278,343.00200000000007,302.4924,0.024194084413423435,0.7541435365467277,False,True,No setup,Neutral,0,Not applicable,No directional setup; confirmation score not applicable.,Narrow CPR,Not applicable,Not applicable,Narrow CPR; Wide CPR rules not applied,0,-2,0,-2
2026-09-21,2026-09-21,CM,NSE,STK,2275,INE01GN01025,IRISDOREME,EQ,,,,,IRIS CLOTHINGS LIMITED,65.39,66.72,63.15,64.81,63.15,64.58,,64.81,,,1328423,85986732.62,4810,F1,1,,,,,,Cash Only,Unclassified,False,64.89333333333333,64.935,64.85166666666666,64.935,64.85166666666666,0.08333333333334281,0.1285809803014084,Narrow,Bearish,Below CPR,False,True,0.18333333333333332,60,38292579.230000004,Higher,True,Neutral,True,3.278571428571428,55.16759999999999,46.6703,0.025417574437185175,2.245519480511629,True,True,No setup,Neutral,0,Not applicable,No directional setup; confirmation score not applicable.,Narrow CPR,Not applicable,Not applicable,Narrow CPR; Wide CPR rules not applied,0,0,0,0
2026-09-21,2026-09-21,CM,NSE,STK,10568,INE809A01032,RAMAPHO,EQ,,,,,RAMA PHOSPHATES LIMITED,122.83,122.83,118.66,120.98,122.4,120.87,,120.98,,,10559,1272341.99,383,F1,1,,,,,,Cash Only,Unclassified,False,120.82333333333334,120.745,120.90166666666667,120.90166666666667,120.745,0.1566666666666663,0.1294979886482611,Narrow,Bullish,Above CPR,True,False,0.15,60,2773171.33,Higher,True,Neutral,True,3.6557142857142844,123.7368,125.50619999999999,0.04285528201120221,0.45880396073473034,False,False,No setup,Neutral,0,Not applicable,No directional setup; confirmation score not applicable.,Narrow CPR,Not applicable,Not applicable,Narrow CPR; Wide CPR rules not applied,0,0,0,0
2026-09-21,2026-09-21,CM,NSE,STK,2313,INE692B01014,MURUDCERA,EQ,,,,,MURUDESHWAR CERAMICS LTD,28.12,28.99,27.5,28.3,28.5,28.26,,28.35,,,33166,939986.84,332,F1,1,,,,,,Cash Only,Unclassified,False,28.263333333333332,28.244999999999997,28.281666666666666,28.281666666666666,28.244999999999997,0.036666666666668846,0.12956419316844114,Narrow,Bullish,Above CPR,True,False,0.2,60,439798.51,Lower,True,Neutral,True,1.385,30.3988,31.446099999999998,0.026474127557161622,2.1373124706584385,False,False,No setup,Neutral,0,Not applicable,No directional setup; confirmation score not applicable.,Narrow CPR,Not applicable,Not applicable,Narrow CPR; Wide CPR rules not applied,0,0,0,0
2026-09-21,2026-09-21,CM,NSE,STK,29124,INE785M01021,PCJEWELLER,EQ,,,,,PC JEWELLER LTD,12.75,13.09,12.54,12.79,12.73,12.72,,12.79,,,304134029,3890591212.68,151646,F1,1,,,,,,Cash Only,Unclassified,False,12.806666666666667,12.815,12.798333333333334,12.815,12.798333333333334,0.01666666666666572,0.130310138128739,Narrow,Bearish,Below CPR,False,True,0.1,60,3664599345.9750004,Higher,True,Neutral,True,0.9492857142857142,10.6536,9.8446,0.01755706044644997,1.061668915308086,True,True,No setup,Neutral,0,Not applicable,No directional setup; confirmation score not applicable.,Narrow CPR,Not applicable,Not applicable,Narrow CPR; Wide CPR rules not applied,0,-2,0,-2
2026-09-21,2026-09-21,CM,NSE,STK,438,INE257A01026,BHEL,EQ,,,,,BHEL,433.0,438.3,430.2,433.4,433.4,439.9,,433.4,,,5111793,2220852828.35,47167,F1,1,,,,,,F&O + Cash,Capital Goods,True,433.9666666666667,434.25,433.6833333333334,434.25,433.6833333333334,0.566666666666606,0.13074911552067514,Narrow,Bearish,Below CPR,False,True,0.13333333333333333,60,3395466905.15,Inside,True,Neutral,True,13.007142857142842,419.224,407.6321,0.04356580633351177,0.654064047857916,True,True,No setup,Neutral,0,Not applicable,No directional setup; confirmation score not applicable.,Narrow CPR,Not applicable,Not applicable,Narrow CPR; Wide CPR rules not applied,0,0,0,0
2026-09-21,2026-09-21,CM,NSE,STK,21119,INE029L01018,KICL,EQ,,,,,KALYANI INVEST CO LTD,4959.0,5017.5,4910.0,4954.0,4916.5,5009.5,,4950.37,,,632,3133973.0,190,F1,1,,,,,,Cash Only,Unclassified,False,4960.5,4963.75,4957.25,4963.75,4957.25,6.5,0.13120710536939847,Narrow,Bearish,Below CPR,False,True,0.21666666666666667,60,6005057.0,Inside,True,Neutral,True,147.14285714285714,5302.78,5202.188,0.0441747572815534,0.5218889679148757,False,False,No setup,Neutral,0,Not applicable,No directional setup; confirmation score not applicable.,Narrow CPR,Not applicable,Not applicable,Narrow CPR; Wide CPR rules not applied,0,0,0,0
2026-09-21,2026-09-21,CM,NSE,STK,1372,INE310C01029,HINDCOMPOS,EQ,,,,,HINDUSTAN COMPOSITES LTD.,380.5,382.95,374.05,379.25,380.0,378.65,,378.62,,,4347,1647693.65,291,F1,1,,,,,,Cash Only,Unclassified,False,378.75,378.5,379.0,379.0,378.5,0.5,0.13183915622940012,Narrow,Bullish,Above CPR,True,False,0.16666666666666666,60,1647674.0,Higher,True,Neutral,True,15.371428571428567,413.165,419.95700000000005,0.0325278810408922,1.0000119259028182,False,False,No setup,Neutral,0,Not applicable,No directional setup; confirmation score not applicable.,Narrow CPR,Not applicable,Not applicable,Narrow CPR; Wide CPR rules not applied,0,0,0,0
2026-09-21,2026-09-21,CM,NSE,STK,17641,INE805D01034,SUNTECK,EQ,,,,,SUNTECK REALTY LIMITED,294.05,294.95,286.2,290.0,290.3,294.05,,290.0,,,96896,28060842.95,3722,F1,1,,,,,,Cash Only,Unclassified,False,290.3833333333333,290.575,290.19166666666666,290.575,290.19166666666666,0.38333333333332575,0.13218390804597438,Narrow,Bearish,Below CPR,False,True,0.23333333333333334,60,50193020.900000006,Inside,True,Neutral,True,8.67857142857142,301.07,306.0455,0.04417009602194705,0.5590586588901645,False,False,No setup,Neutral,0,Not applicable,No directional setup; confirmation score not applicable.,Narrow CPR,Not applicable,Not applicable,Narrow CPR; Wide CPR rules not applied,0,0,-2,-2
2026-09-21,2026-09-21,CM,NSE,STK,4745,INE084A01016,BANKINDIA,EQ,,,,,BANK OF INDIA,139.22,139.61,138.2,138.63,138.63,140.0,,138.63,,,2616892,362491884.01,16399,F1,1,,,,,,F&O + Cash,Financial Services,True,138.81333333333333,138.905,138.72166666666666,138.905,138.72166666666666,0.18333333333333712,0.13224650748996403,Narrow,Bearish,Below CPR,False,True,0.23333333333333334,60,936324964.9,Lower,True,Neutral,True,2.8242857142857156,142.0978,142.1351,0.06491316809981584,0.38714324363733515,False,False,No setup,Neutral,0,Not applicable,No directional setup; confirmation score not applicable.,Narrow CPR,Not applicable,Not applicable,Narrow CPR; Wide CPR rules not applied,0,0,0,0
2026-09-21,2026-09-21,CM,NSE,STK,8119,INE425Y01011,RPSGVENT,EQ,,,,,RPSG VENTURES LIMITED,841.0,850.0,833.45,843.4,842.0,843.45,,843.45,,,13946,11745290.5,870,F1,1,,,,,,Cash Only,Unclassified,False,842.2833333333333,841.725,842.8416666666666,842.8416666666666,841.725,1.1166666666665606,0.1324006007430117,Narrow,Bullish,Above CPR,True,False,0.21666666666666667,60,18063324.45,Lower,True,Neutral,True,27.935714285714294,880.6419999999999,892.957,0.03997272649790806,0.6502286183538047,False,False,No setup,Neutral,0,Not applicable,No directional setup; confirmation score not applicable.,Narrow CPR,Not applicable,Not applicable,Narrow CPR; Wide CPR rules not applied,0,0,0,0
2026-09-21,2026-09-21,CM,NSE,STK,22415,INE597L01014,LOVABLE,EQ,,,,,LOVABLE LINGERIE LTD,70.0,71.39,69.21,70.44,69.9,69.67,,70.18,,,7906,555145.6,249,F1,1,,,,,,Cash Only,Unclassified,False,70.34666666666666,70.3,70.39333333333333,70.39333333333333,70.3,0.09333333333333371,0.13250047321597633,Narrow,Bullish,Above CPR,True,False,0.16666666666666666,60,715205.12,Higher,True,Neutral,True,2.7242857142857164,72.424,73.0304,0.03425974479986028,0.7762047341048117,False,False,No setup,Neutral,0,Not applicable,No directional setup; confirmation score not applicable.,Narrow CPR,Not applicable,Not applicable,Narrow CPR; Wide CPR rules not applied,0,0,0,0
2026-09-21,2026-09-21,CM,NSE,STK,762732,INE411F01010,KAMAHOLD,EQ,,,,,KAMA HOLDINGS LTD.,2249.9,2250.0,2241.0,2250.0,2250.0,2249.9,,2250.02,,,2972,6684022.6,339,F1,1,,,,,,Cash Only,Unclassified,False,2247.0,2245.5,2248.5,2248.5,2245.5,3.0,0.13333333333333333,Narrow,Bullish,Above CPR,True,False,0.21666666666666667,60,7555344.15,Lower,True,Neutral,True,40.62142857142862,2444.008,2523.111,0.07385264638649543,0.8846748033310964,False,False,No setup,Neutral,0,Not applicable,No directional setup; confirmation score not applicable.,Narrow CPR,Not applicable,Not applicable,Narrow CPR; Wide CPR rules not applied,0,0,0,0
2026-09-21,2026-09-21,CM,NSE,STK,24851,INE442P01014,SUYOG,EQ,,,,,SUYOG TELEMATICS LIMITED,647.45,655.0,644.0,648.2,650.0,649.4,,648.2,,,11834,7678085.35,1011,F1,1,,,,,,Cash Only,Unclassified,False,649.0666666666667,649.5,648.6333333333334,649.5,648.6333333333334,0.8666666666665606,0.13370358942711516,Narrow,Bearish,Below CPR,False,True,0.15,60,17074627.65,Lower,True,Neutral,True,28.02142857142857,788.539,789.0205000000001,0.030928711020473742,0.44967805491207885,False,False,No setup,Neutral,0,Not applicable,No directional setup; confirmation score not applicable.,Narrow CPR,Not applicable,Not applicable,Narrow CPR; Wide CPR rules not applied,0,-2,0,-2
2026-09-21,2026-09-21,CM,NSE,STK,10618,INE764L01010,SADBHIN,EQ,,,,,SADBHAV INFRA PROJ LTD.,2.55,2.55,2.44,2.49,2.48,2.54,,2.49,,,166393,412216.91,314,F1,1,,,,,,Cash Only,Unclassified,False,2.4933333333333336,2.495,2.491666666666667,2.495,2.491666666666667,0.0033333333333329662,0.133868808567589,Narrow,Bearish,Below CPR,False,True,0.13333333333333333,60,683774.23,Lower,True,Neutral,True,0.1935714285714285,2.8066000000000004,3.0054999999999996,0.017220172201720126,0.6028552874828289,False,False,No setup,Neutral,0,Not applicable,No directional setup; confirmation score not applicable.,Narrow CPR,Not applicable,Not applicable,Narrow CPR; Wide CPR rules not applied,0,0,0,0
2026-09-21,2026-09-21,CM,NSE,STK,1139,INE289B01019,GICHSGFIN,EQ,,,,,GIC HOUSING FINANCE LTD,138.17,140.0,138.0,139.28,138.9,139.35,,139.28,,,41626,5788921.15,613,F1,1,,,,,,Cash Only,Unclassified,False,139.09333333333333,139.0,139.18666666666667,139.18666666666667,139.0,0.18666666666666742,0.13402259237985886,Narrow,Bullish,Above CPR,True,False,0.3333333333333333,60,10229218.29,Overlapping,True,Neutral,False,3.9957142857142856,143.8486,148.7115,0.04671672029555495,0.5659201891956106,False,False,No setup,Neutral,0,Not applicable,No directional setup; confirmation score not applicable.,Narrow CPR,Not applicable,Not applicable,Narrow CPR; Wide CPR rules not applied,0,0,0,0
2026-09-21,2026-09-21,CM,NSE,STK,764583,INE841D01013,AMAL,EQ,,,,,AMAL LTD.,717.2,730.0,715.0,721.05,724.3,722.4,,721.01,,,15150,10950855.25,538,F1,1,,,,,,Cash Only,Unclassified,False,722.0166666666668,722.5,721.5333333333335,722.5,721.5333333333335,0.9666666666664696,0.13406374962436304,Narrow,Bearish,Below CPR,False,True,0.08,25,5175918.7,Lower,True,Neutral,True,27.639285714285734,,,0.03497437222724012,2.1157316960948402,False,False,No setup,Neutral,0,Not applicable,No directional setup; confirmation score not applicable.,Narrow CPR,Not applicable,Not applicable,Narrow CPR; Wide CPR rules not applied,0,0,0,0
2026-09-21,2026-09-21,CM,NSE,STK,764788,INE596B01017,MUKESHB,EQ,,,,,MUKESH BABU FINANC SER L,127.0,127.0,126.35,126.42,126.35,133.0,,126.61,,,18,2275.6,3,F1,1,,,,,,Cash Only,Unclassified,False,126.58999999999999,126.675,126.50499999999998,126.675,126.50499999999998,0.17000000000001592,0.13447239360861882,Narrow,Bearish,Below CPR,False,True,0.5,20,34750.05,Lower,True,Neutral,False,4.120714285714287,,,0.04125498353267849,0.06548479786360019,False,False,No setup,Neutral,0,Not applicable,No directional setup; confirmation score not applicable.,Narrow CPR,Not applicable,Not applicable,Narrow CPR; Wide CPR rules not applied,0,0,0,0
2026-09-21,2026-09-21,CM,NSE,STK,766056,INE590T01012,KARAMTARA,EQ,,,,,KARAMTARA ENGINEERING L,350.0,373.8,338.65,356.95,360.0,355.55,,356.96,,,9825881,3540235087.3,135408,F1,1,,,,,,Cash Only,Unclassified,False,356.4666666666667,356.225,356.70833333333337,356.70833333333337,356.225,0.4833333333333485,0.13540645281785924,Narrow,Bullish,Above CPR,True,False,0.3333333333333333,3,9319455985.15,Higher,False,Neutral,False,,,,,0.379875723748377,False,False,No setup,Neutral,0,Not applicable,No directional setup; confirmation score not applicable.,Narrow CPR,Not applicable,Not applicable,Narrow CPR; Wide CPR rules not applied,0,0,0,0
2026-09-21,2026-09-21,CM,NSE,STK,5701,INE491A01021,CUB,EQ,,,,,CITY UNION BANK LTD,236.0,237.74,233.1,234.94,233.1,235.79,,234.94,,,846007,199260196.28,19707,F1,1,,,,,,Cash Only,Financial Services,True,235.26,235.42000000000002,235.09999999999997,235.42000000000002,235.09999999999997,0.32000000000005,0.1362049885077254,Narrow,Bearish,Below CPR,False,True,0.15,60,524721004.685,Overlapping,True,Neutral,True,8.817857142857147,222.43,229.7073,0.0362899959497829,0.37974503498219914,True,True,No setup,Neutral,0,Not applicable,No directional setup; confirmation score not applicable.,Narrow CPR,Not applicable,Not applicable,Narrow CPR; Wide CPR rules not applied,0,0,0,0
2026-09-21,2026-09-21,CM,NSE,STK,15067,INE0N7W01012,BLAL,EQ,,,,,BEML LAND ASSETS LIMITED,163.8,166.77,163.03,165.24,164.88,162.99,,165.22,,,38216,6324230.1,697,F1,1,,,,,,Cash Only,Unclassified,False,165.01333333333335,164.9,165.1266666666667,165.1266666666667,164.9,0.2266666666666879,0.13717421124829815,Narrow,Bullish,Above CPR,True,False,0.11666666666666667,60,2508939.9000000004,Higher,True,Neutral,True,3.6399999999999944,170.45080000000002,179.13609999999997,0.0622710622710682,2.520678195599663,False,False,No setup,Neutral,0,Not applicable,No directional setup; confirmation score not applicable.,Narrow CPR,Not applicable,Not applicable,Narrow CPR; Wide CPR rules not applied,0,0,0,0
2026-09-21,2026-09-21,CM,NSE,STK,20321,INE274V01019,SHANKARA,EQ,,,,,SHANKARA BLDG PRODUCT LTD,149.5,149.5,146.03,147.46,147.01,149.26,,147.45,,,32968,4868991.64,480,F1,1,,,,,,Cash Only,Unclassified,False,147.66333333333333,147.765,147.56166666666667,147.765,147.56166666666667,0.20333333333331893,0.13789050137889525,Narrow,Bearish,Below CPR,False,True,0.4,60,10874651.620000001,Lower,True,Neutral,False,2.075714285714284,143.4226,125.01010000000001,0.09795824730442078,0.44773771244728844,True,True,No setup,Neutral,0,Not applicable,No directional setup; confirmation score not applicable.,Narrow CPR,Not applicable,Not applicable,Narrow CPR; Wide CPR rules not applied,0,0,0,0
2026-09-21,2026-09-21,CM,NSE,STK,3987,INE461C01038,GREENPLY,EQ,,,,,GREENPLY INDUSTRIES LTD,291.0,292.85,288.15,289.9,290.0,292.85,,289.9,,,76796,22303618.35,2070,F1,1,,,,,,Cash Only,Unclassified,False,290.3,290.5,290.1,290.5,290.1,0.39999999999997726,0.13797861331492836,Narrow,Bearish,Below CPR,False,True,0.2,60,40045594.11,Lower,True,Neutral,True,10.589285714285714,294.346,287.31919999999997,0.03777403035412939,0.556955611364758,False,True,No setup,Neutral,0,Not applicable,No directional setup; confirmation score not applicable.,Narrow CPR,Not applicable,Not applicable,Narrow CPR; Wide CPR rules not applied,0,0,0,0
2026-09-21,2026-09-21,CM,NSE,STK,760234,INE947N01017,AEQUS,EQ,,,,,AEQUS LIMITED,233.23,233.23,228.95,231.57,231.5,231.67,,231.57,,,1065725,246408410.43,19112,F1,1,,,,,,Cash Only,Unclassified,False,231.25,231.08999999999997,231.41000000000003,231.41000000000003,231.08999999999997,0.32000000000005,0.13818715723109645,Narrow,Bullish,Above CPR,True,False,0.15,60,602566019.0,Overlapping,True,Neutral,True,8.915714285714282,239.4906,223.3631,0.03589168402500162,0.40893180607650564,False,True,No setup,Neutral,0,Not applicable,No directional setup; confirmation score not applicable.,Narrow CPR,Not applicable,Not applicable,Narrow CPR; Wide CPR rules not applied,0,0,0,0
2026-09-21,2026-09-21,CM,NSE,STK,16915,INE342J01019,ZFCVINDIA,EQ,,,,,ZF COM VE CTR SYS IND LTD,2394.0,2394.0,2341.0,2362.6,2362.9,2387.0,,2362.56,,,123925,293255277.6,28743,F1,1,,,,,,Cash Only,Automobile and Auto Components,True,2365.866666666667,2367.5,2364.2333333333336,2367.5,2364.2333333333336,3.266666666666424,0.1382657524196404,Narrow,Bearish,Below CPR,False,True,0.18333333333333332,60,220112108.3,Lower,True,Neutral,True,70.20000000000005,2498.458,7144.234,0.04653371320037638,1.3322996170674541,False,False,No setup,Neutral,0,Not applicable,No directional setup; confirmation score not applicable.,Narrow CPR,Not applicable,Not applicable,Narrow CPR; Wide CPR rules not applied,0,0,0,0
2026-09-21,2026-09-21,CM,NSE,STK,526,INE029A01011,BPCL,EQ,,,,,BHARAT PETROLEUM CORP  LT,313.0,315.95,310.85,312.75,312.75,314.0,,312.08,,,3153498,985134820.25,32196,F1,1,,,,,,F&O + Cash,Oil Gas & Consumable Fuels,True,313.18333333333334,313.4,312.9666666666667,313.4,312.9666666666667,0.4333333333332803,0.13855582200904246,Narrow,Bearish,Below CPR,False,True,0.25,60,1629319178.4499998,Overlapping,True,Neutral,True,7.271428571428572,314.448,307.8265,0.05959397511459649,0.6046297332528646,False,True,No setup,Neutral,0,Not applicable,No directional setup; confirmation score not applicable.,Narrow CPR,Not applicable,Not applicable,Narrow CPR; Wide CPR rules not applied,0,0,0,0
2026-09-21,2026-09-21,CM,NSE,STK,1808,INE217B01036,KAJARIACER,EQ,,,,,KAJARIA CERAMICS LTD,1196.5,1205.9,1190.1,1200.5,1200.4,1202.7,,1200.38,,,96077,115226601.9,9140,F1,1,,,,,,Cash Only,Consumer Durables,True,1198.8333333333333,1198.0,1199.6666666666665,1199.6666666666665,1198.0,1.666666666666515,0.13883104262111748,Narrow,Bullish,Above CPR,True,False,0.23333333333333334,60,236391511.3,Lower,True,Neutral,True,28.471428571428614,1221.748,1173.872,0.05853821709315398,0.48743967694240975,False,True,No setup,Neutral,0,Not applicable,No directional setup; confirmation score not applicable.,Narrow CPR,Not applicable,Not applicable,Narrow CPR; Wide CPR rules not applied,0,0,0,0
2026-09-21,2026-09-21,CM,NSE,STK,756843,INE14LE01019,ABLBL,EQ,,,,,ADITYA BIRLA LIFES BRAN L,81.5,81.52,80.6,80.89,80.92,81.17,,80.89,,,411431,33289205.89,6045,F1,1,,,,,,Cash Only,Consumer Services,True,81.00333333333333,81.06,80.94666666666666,81.06,80.94666666666666,0.11333333333334394,0.14010796554993687,Narrow,Bearish,Below CPR,False,True,0.15,60,49173538.655,Lower,True,Neutral,True,1.9857142857142864,89.49780000000001,95.0558,0.05707434052758326,0.6769739742253659,False,False,No setup,Neutral,0,Not applicable,No directional setup; confirmation score not applicable.,Narrow CPR,Not applicable,Not applicable,Narrow CPR; Wide CPR rules not applied,0,0,0,0
2026-09-21,2026-09-21,CM,NSE,STK,762762,INE515C01023,LAHOTIOV,EQ,,,,,LAHOTI OVERSEAS LTD.,40.45,40.45,39.5,39.89,39.98,39.26,,39.97,,,3167,126999.47,45,F1,1,,,,,,Cash Only,Unclassified,False,39.946666666666665,39.975,39.91833333333333,39.975,39.91833333333333,0.05666666666667197,0.14205732430852838,Narrow,Bearish,Below CPR,False,True,0.06666666666666667,60,147164.39,Higher,True,Neutral,True,2.5642857142857145,41.9804,43.300399999999996,0.022098421541320544,0.8629769063018573,False,False,No setup,Neutral,0,Not applicable,No directional setup; confirmation score not applicable.,Narrow CPR,Not applicable,Not applicable,Narrow CPR; Wide CPR rules not applied,0,0,0,0
2026-09-21,2026-09-21,CM,NSE,STK,22656,INE0KGZ01021,SIGNPOST,EQ,,,,,SIGNPOST INDIA LIMITED,267.3,273.95,265.5,269.15,270.0,271.5,,269.15,,,29471,7954374.7,1495,F1,1,,,,,,Cash Only,Unclassified,False,269.53333333333336,269.725,269.3416666666667,269.725,269.3416666666667,0.38333333333332575,0.142423679484795,Narrow,Bearish,Below CPR,False,True,0.18333333333333332,60,29478067.5,Inside,True,Neutral,True,15.48928571428571,278.389,278.47769999999997,0.024748289908538446,0.26984043984565814,False,False,No setup,Neutral,0,Not applicable,No directional setup; confirmation score not applicable.,Narrow CPR,Not applicable,Not applicable,Narrow CPR; Wide CPR rules not applied,0,0,0,0
2026-09-21,2026-09-21,CM,NSE,STK,10999,INE585B01010,MARUTI,EQ,,,,,MARUTI SUZUKI INDIA LTD.,12129.0,12229.0,12129.0,12153.0,12153.0,12103.0,,12153.1,,,339171,4133975151.0,39298,F1,1,,,,,,F&O + Cash,Automobile and Auto Components,True,12170.333333333334,12179.0,12161.666666666668,12179.0,12161.666666666668,17.33333333333212,0.1426259634109448,Narrow,Bearish,Below CPR,False,True,0.25,60,4679810250.0,Overlapping,True,Neutral,True,251.42857142857142,13422.56,13435.46,0.06893939393938912,0.8833638395915732,False,False,No setup,Neutral,0,Not applicable,No directional setup; confirmation score not applicable.,Narrow CPR,Not applicable,Not applicable,Narrow CPR; Wide CPR rules not applied,0,0,0,0
2026-09-21,2026-09-21,CM,NSE,STK,1030,INE721Z01010,AARON,EQ,,,,,AARON INDUSTRIES LIMITED,118.0,124.0,118.0,120.74,120.25,119.92,,120.74,,,9458,1143373.66,407,F1,1,,,,,,Cash Only,Unclassified,False,120.91333333333334,121.0,120.82666666666668,121.0,120.82666666666668,0.1733333333333178,0.14355916293963708,Narrow,Bearish,Below CPR,False,True,0.16666666666666666,60,1352178.765,Overlapping,True,Neutral,True,7.902142857142857,130.4112,126.941,0.02193497845671562,0.8455787722712832,False,False,No setup,Neutral,0,Not applicable,No directional setup; confirmation score not applicable.,Narrow CPR,Not applicable,Not applicable,Narrow CPR; Wide CPR rules not applied,0,0,0,0
2026-09-21,2026-09-21,CM,NSE,STK,1675,INE248A01017,ITI,EQ,,,,,ITI LTD,256.9,258.0,253.6,255.25,255.75,256.3,,255.25,,,88140,22477883.9,3128,F1,1,,,,,,Cash Only,Telecommunication,True,255.61666666666667,255.8,255.43333333333334,255.8,255.43333333333334,0.36666666666667425,0.14365001632386845,Narrow,Bearish,Below CPR,False,True,0.15,60,51376617.95,Overlapping,True,Neutral,True,5.75,275.639,286.397,0.0637681159420303,0.4375119421421549,False,False,No setup,Neutral,0,Not applicable,No directional setup; confirmation score not applicable.,Narrow CPR,Not applicable,Not applicable,Narrow CPR; Wide CPR rules not applied,0,0,0,0
2026-09-21,2026-09-21,CM,NSE,STK,16123,INE316L01019,BHARATWIRE,EQ,,,,,BHARAT WIRE ROPES LTD.,173.05,173.22,168.46,170.47,170.11,173.05,,170.47,,,102819,17499450.48,2832,F1,1,,,,,,Cash Only,Unclassified,False,170.71666666666667,170.84,170.59333333333333,170.84,170.59333333333333,0.2466666666666697,0.14469799182652063,Narrow,Bearish,Below CPR,False,True,0.15,60,25087613.259999998,Lower,True,Neutral,True,7.121428571428571,189.5384,204.36700000000002,0.03463724506853938,0.697533491872714,False,False,No setup,Neutral,0,Not applicable,No directional setup; confirmation score not applicable.,Narrow CPR,Not applicable,Not applicable,Narrow CPR; Wide CPR rules not applied,0,0,0,0
2026-09-21,2026-09-21,CM,NSE,STK,11351,INE347G01014,PETRONET,EQ,,,,,PETRONET LNG LIMITED,287.0,289.65,286.6,287.5,287.5,292.6,,287.5,,,1124206,323661507.25,39904,F1,1,,,,,,F&O + Cash,Oil Gas & Consumable Fuels,True,287.9166666666667,288.125,287.70833333333337,288.125,287.70833333333337,0.41666666666662877,0.14492753623187088,Narrow,Bearish,Below CPR,False,True,0.21666666666666667,60,456776411.075,Lower,True,Neutral,True,6.1285714285714255,283.637,280.02479999999997,0.06798756798756184,0.7085775434162179,True,True,No setup,Neutral,0,Not applicable,No directional setup; confirmation score not applicable.,Narrow CPR,Not applicable,Not applicable,Narrow CPR; Wide CPR rules not applied,0,0,0,0
2026-09-21,2026-09-21,CM,NSE,STK,7603,INE925R01014,CMSINFO,EQ,,,,,CMS INFO SYSTEMS LIMITED,232.95,235.49,229.8,232.14,232.2,230.93,,232.14,,,664959,154677229.83,14423,F1,1,,,,,,Cash Only,Unclassified,False,232.4766666666667,232.645,232.30833333333337,232.645,232.30833333333337,0.3366666666666447,0.1450274259785667,Narrow,Bearish,Below CPR,False,True,0.21666666666666667,60,156791478.495,Higher,True,Neutral,True,7.865714285714284,255.9314,274.7182,0.042801791984498974,0.9865155384380956,False,False,No setup,Neutral,0,Not applicable,No directional setup; confirmation score not applicable.,Narrow CPR,Not applicable,Not applicable,Narrow CPR; Wide CPR rules not applied,0,0,0,0
2026-09-21,2026-09-21,CM,NSE,STK,756038,INE299N01021,WAAREERTL,EQ,,,,,WAAREE RENEWABLE TECH LTD,814.95,817.25,807.0,813.9,812.0,819.65,,813.89,,,85244,69190288.75,7245,F1,1,,,,,,Cash Only,Unclassified,False,812.7166666666667,812.125,813.3083333333334,813.3083333333334,812.125,1.183333333333394,0.14539050661425162,Narrow,Bullish,Above CPR,True,False,0.2833333333333333,60,106970320.55,Lower,True,Neutral,False,17.7464285714286,898.3870000000002,942.5405000000001,0.06668008318240085,0.6468176256203618,False,False,No setup,Neutral,0,Not applicable,No directional setup; confirmation score not applicable.,Narrow CPR,Not applicable,Not applicable,Narrow CPR; Wide CPR rules not applied,0,0,-2,-2
2026-09-21,2026-09-21,CM,NSE,STK,28662,INE284H01025,DAMCAPITAL,EQ,,,,,DAM CAPITAL ADVISORS LTD,137.92,138.99,136.25,137.32,137.5,137.92,,137.34,,,129171,17707222.4,5603,F1,1,,,,,,Cash Only,Unclassified,False,137.52,137.62,137.42000000000002,137.62,137.42000000000002,0.19999999999998863,0.14564520827263955,Narrow,Bearish,Below CPR,False,True,0.21666666666666667,60,32526115.52,Lower,True,Neutral,True,4.018571428571432,149.95,151.07139999999998,0.04976892996800281,0.5444001571325662,False,False,No setup,Neutral,0,Not applicable,No directional setup; confirmation score not applicable.,Narrow CPR,Not applicable,Not applicable,Narrow CPR; Wide CPR rules not applied,0,-2,0,-2
2026-09-21,2026-09-21,CM,NSE,STK,9480,INE0J1Y01017,LICI,EQ,,,,,LIFE INSURA CORP OF INDIA,400.2,402.2,396.05,400.0,400.0,407.7,,400.0,,,7381704,2947852857.85,102834,F1,1,,,,,,F&O + Cash,Financial Services,True,399.4166666666667,399.125,399.70833333333337,399.70833333333337,399.125,0.5833333333333712,0.1458333333333428,Narrow,Bullish,Above CPR,True,False,0.31666666666666665,60,2162474831.675,Lower,True,Neutral,False,8.242857142857133,415.035,494.7265,0.07076834199884928,1.363184817076768,False,False,No setup,Neutral,0,Not applicable,No directional setup; confirmation score not applicable.,Narrow CPR,Not applicable,Not applicable,Narrow CPR; Wide CPR rules not applied,0,0,0,0
2026-09-21,2026-09-21,CM,NSE,STK,13288,INE00ZE01026,AFSL,EQ,,,,,ABANS FINANCIAL SRVCS LTD,201.02,201.94,201.0,201.03,201.0,201.0,,201.03,,,1897,381458.86,32,F1,1,,,,,,Cash Only,Unclassified,False,201.32333333333335,201.47,201.1766666666667,201.47,201.1766666666667,0.2933333333332939,0.1459152033692951,Narrow,Bearish,Below CPR,False,True,0.36666666666666664,60,1265916.225,Overlapping,True,Neutral,False,4.8742857142857146,203.017,202.2272,0.060179757717850446,0.3013302558785041,False,False,No setup,Neutral,0,Not applicable,No directional setup; confirmation score not applicable.,Narrow CPR,Not applicable,Not applicable,Narrow CPR; Wide CPR rules not applied,0,0,0,0
2026-09-21,2026-09-21,CM,NSE,STK,15391,INE084Q01012,RACE,EQ,,,,,RACE ECO CHAIN LIMITED,96.67,103.75,96.67,99.99,100.0,96.8,,99.99,,,127219,12764785.42,494,F1,1,,,,,,Cash Only,Unclassified,False,100.13666666666667,100.21000000000001,100.06333333333333,100.21000000000001,100.06333333333333,0.14666666666667538,0.1466813348001554,Narrow,Bearish,Below CPR,False,True,0.13333333333333333,60,619108.44,Higher,True,Neutral,True,4.799285714285715,103.885,107.774,0.030560103189960632,20.61801228230712,False,False,No setup,Neutral,0,Not applicable,No directional setup; confirmation score not applicable.,Narrow CPR,Not applicable,Not applicable,Narrow CPR; Wide CPR rules not applied,0,0,0,0
2026-09-21,2026-09-21,CM,NSE,STK,3813,INE420B01036,ARIHANTCAP,EQ,,,,,ARIHANT CAPITAL MKTS LTD,81.5,83.27,80.31,81.61,81.12,80.29,,81.61,,,323910,26549876.52,2634,F1,1,,,,,,Cash Only,Unclassified,False,81.73,81.78999999999999,81.67000000000002,81.78999999999999,81.67000000000002,0.11999999999997613,0.14704080382303167,Narrow,Bearish,Below CPR,False,True,0.18333333333333332,60,12793115.649999999,Higher,True,Neutral,True,2.7621428571428583,77.2266,73.3943,0.043444530643901344,2.0753252957578012,True,True,No setup,Neutral,0,Not applicable,No directional setup; confirmation score not applicable.,Narrow CPR,Not applicable,Not applicable,Narrow CPR; Wide CPR rules not applied,0,0,0,0
2026-09-21,2026-09-21,CM,NSE,STK,757801,INE05J901018,IGCL,EQ,,,,,INDOGULF CROPSCIENCES LTD,65.87,66.87,64.52,65.55,65.0,67.05,,65.55,,,157829,10368153.04,1733,F1,1,,,,,,Cash Only,Unclassified,False,65.64666666666666,65.695,65.59833333333333,65.695,65.59833333333333,0.09666666666666401,0.14747012458682535,Narrow,Bearish,Below CPR,False,True,0.23333333333333334,60,7926969.225,Lower,True,Neutral,True,2.9521428571428574,72.224,67.5285,0.03274457617549712,1.3079592900778545,False,False,No setup,Neutral,0,Not applicable,No directional setup; confirmation score not applicable.,Narrow CPR,Not applicable,Not applicable,Narrow CPR; Wide CPR rules not applied,0,0,0,0
2026-09-21,2026-09-21,CM,NSE,STK,757515,INE0U4701011,DIGITIDE,EQ,,,,,DIGITIDE SOLUTIONS LTD,84.05,84.87,82.62,83.56,83.2,83.45,,83.56,,,103678,8663130.51,1564,F1,1,,,,,,Cash Only,Unclassified,False,83.68333333333334,83.745,83.62166666666667,83.745,83.62166666666667,0.12333333333333485,0.1475985319929809,Narrow,Bearish,Below CPR,False,True,0.15,60,24918939.89,Lower,True,Neutral,True,3.647142857142858,97.7414,94.7844,0.033816425120773354,0.3476524502343105,False,False,No setup,Neutral,0,Not applicable,No directional setup; confirmation score not applicable.,Narrow CPR,Not applicable,Not applicable,Narrow CPR; Wide CPR rules not applied,0,0,0,0
2026-09-21,2026-09-21,CM,NSE,STK,1593,INE0APB01032,MGEL,EQ,,,,,MANGALAM GLOBAL ENT LTD,15.64,15.99,15.64,15.78,15.78,15.64,,15.79,,,287061,4562082.78,603,F1,1,,,,,,Cash Only,Unclassified,False,15.803333333333335,15.815000000000001,15.791666666666668,15.815000000000001,15.791666666666668,0.023333333333333428,0.1478664976763842,Narrow,Bearish,Below CPR,False,True,0.11666666666666667,60,3823751.895,Higher,True,Neutral,True,1.1300000000000001,13.993599999999999,12.715600000000002,0.020648967551622502,1.1930906882231176,True,True,No setup,Neutral,0,Not applicable,No directional setup; confirmation score not applicable.,Narrow CPR,Not applicable,Not applicable,Narrow CPR; Wide CPR rules not applied,0,0,0,0
2026-09-21,2026-09-21,CM,NSE,STK,14788,INE232I01014,SPARC,EQ,,,,,SUN PHARMA ADV.RES.CO.LTD,193.92,198.33,193.0,196.1,197.08,193.92,,196.11,,,661924,129453926.32,11771,F1,1,,,,,,Cash Only,Unclassified,False,195.81000000000003,195.66500000000002,195.95500000000004,195.95500000000004,195.66500000000002,0.29000000000002046,0.14788373278940362,Narrow,Bullish,Above CPR,True,False,0.13333333333333333,60,199342164.52499998,Higher,True,Neutral,True,7.714285714285718,207.93460000000002,208.3629,0.037592592592595224,0.6494056419446819,False,False,No setup,Neutral,0,Not applicable,No directional setup; confirmation score not applicable.,Narrow CPR,Not applicable,Not applicable,Narrow CPR; Wide CPR rules not applied,0,0,0,0
2026-09-21,2026-09-21,CM,NSE,STK,393,INE581X01021,GLOBE,EQ,,,,,GLOBE ENTERPRISE (I) LTD,2.15,2.48,2.03,2.25,2.25,2.07,,2.25,,,7221088,16557653.15,1744,F1,1,,,,,,Cash Only,Unclassified,False,2.2533333333333334,2.255,2.251666666666667,2.255,2.251666666666667,0.0033333333333329662,0.14814814814813185,Narrow,Bearish,Below CPR,False,True,0.15,60,599892.29,Higher,True,Neutral,True,0.11499999999999999,2.0174000000000003,2.1756,0.02898550724637362,27.601043430646524,True,True,No setup,Neutral,0,Not applicable,No directional setup; confirmation score not applicable.,Narrow CPR,Not applicable,Not applicable,Narrow CPR; Wide CPR rules not applied,0,0,0,0
2026-09-21,2026-09-21,CM,NSE,STK,14339,INE460C01014,GANESHHOU,EQ,,,,,GANESH HOUSING LIMITED,741.45,748.55,733.05,742.45,747.9,741.45,,742.46,,,13488,9992215.7,1314,F1,1,,,,,,Cash Only,Unclassified,False,741.35,740.8,741.9000000000001,741.9000000000001,740.8,1.1000000000001364,0.14815812512628948,Narrow,Bullish,Above CPR,True,False,0.15,60,23125975.775,Lower,True,Neutral,True,21.81071428571432,790.3610000000001,764.6695,0.050433928279030246,0.43207758224852677,False,False,No setup,Neutral,0,Not applicable,No directional setup; confirmation score not applicable.,Narrow CPR,Not applicable,Not applicable,Narrow CPR; Wide CPR rules not applied,0,0,0,0
2026-09-21,2026-09-21,CM,NSE,STK,18321,INE337A01034,LGBBROSLTD,EQ,,,,,LG BALAKRISHNAN & BROS,1735.1,1736.4,1718.7,1731.4,1732.9,1730.4,,1731.28,,,19176,33156845.0,3359,F1,1,,,,,,Cash Only,Unclassified,False,1728.8333333333333,1727.5500000000002,1730.1166666666663,1730.1166666666663,1727.5500000000002,2.5666666666661513,0.14824227022445138,Narrow,Bullish,Above CPR,True,False,0.21666666666666667,60,33839796.2,Lower,True,Neutral,True,41.25714285714292,1619.0120000000002,1600.5439999999999,0.062211449676811054,0.9798181054057292,True,True,No setup,Neutral,0,Not applicable,No directional setup; confirmation score not applicable.,Narrow CPR,Not applicable,Not applicable,Narrow CPR; Wide CPR rules not applied,0,0,0,0
2026-09-21,2026-09-21,CM,NSE,STK,30023,INE951D01028,ATULAUTO,EQ,,,,,ATUL AUTO LIMITED,450.0,458.0,442.0,449.0,447.0,446.45,,448.97,,,87157,39003583.2,3978,F1,1,,,,,,Cash Only,Unclassified,False,449.6666666666667,450.0,449.33333333333337,450.0,449.33333333333337,0.6666666666666288,0.1484780994803182,Narrow,Bearish,Below CPR,False,True,0.18333333333333332,60,42706886.849999994,Higher,True,Neutral,True,12.582142857142852,487.16799999999995,483.9705,0.052985145236064755,0.9132855629817468,False,False,No setup,Neutral,0,Not applicable,No directional setup; confirmation score not applicable.,Narrow CPR,Not applicable,Not applicable,Narrow CPR; Wide CPR rules not applied,0,0,0,0
2026-09-21,2026-09-21,CM,NSE,STK,5428,INE948A01012,TRIGYN,EQ,,,,,TRIGYN TECHNOLOGIES LTD,54.1,57.98,53.81,56.02,55.2,53.56,,56.02,,,42782,2422764.83,806,F1,1,,,,,,Cash Only,Unclassified,False,55.93666666666667,55.894999999999996,55.97833333333334,55.97833333333334,55.894999999999996,0.08333333333334281,0.14875639652506747,Narrow,Bullish,Above CPR,True,False,0.25,60,1816125.505,Higher,True,Neutral,True,3.374285714285715,55.9682,56.01390000000001,0.024696584815131224,1.3340294067397067,True,True,No setup,Neutral,0,Not applicable,No directional setup; confirmation score not applicable.,Narrow CPR,Not applicable,Not applicable,Narrow CPR; Wide CPR rules not applied,0,0,0,0
2026-09-21,2026-09-21,CM,NSE,STK,3138,INE634A01018,HONDAPOWER,EQ,,,,,HONDA I POWER PRODUCT LTD,1910.0,1939.9,1910.0,1920.6,1920.0,1930.3,,1920.59,,,2380,4579402.9,527,F1,1,,,,,,Cash Only,Unclassified,False,1923.5,1924.95,1922.05,1924.95,1922.05,2.900000000000091,0.15099448089139286,Narrow,Bearish,Below CPR,False,True,0.2,60,6188162.5,Lower,True,Neutral,True,49.30714285714287,2060.432,2141.896,0.058815007967552166,0.7400262840544346,False,False,No setup,Neutral,0,Not applicable,No directional setup; confirmation score not applicable.,Narrow CPR,Not applicable,Not applicable,Narrow CPR; Wide CPR rules not applied,0,0,0,0
2026-09-21,2026-09-21,CM,NSE,STK,18479,INE566K01011,ISFT,EQ,,,,,INTRASOFT TECH. LTD,94.1,94.1,90.5,92.09,93.0,95.16,,92.09,,,165042,15077807.49,1707,F1,1,,,,,,Cash Only,Unclassified,False,92.23,92.3,92.16000000000001,92.3,92.16000000000001,0.13999999999998636,0.15202519274621168,Narrow,Bearish,Below CPR,False,True,0.13333333333333333,60,2049426.0550000002,Lower,True,Neutral,True,5.802857142857143,82.2558,81.5694,0.024126046282617046,7.357087831109866,True,True,No setup,Neutral,0,Not applicable,No directional setup; confirmation score not applicable.,Narrow CPR,Not applicable,Not applicable,Narrow CPR; Wide CPR rules not applied,0,0,0,0
2026-09-21,2026-09-21,CM,NSE,STK,1424,INE267A01025,HINDZINC,EQ,,,,,HINDUSTAN ZINC LIMITED,590.95,595.0,585.9,591.8,591.8,596.0,,591.73,,,4306457,2544238745.7,37042,F1,1,,,,,,F&O + Cash,Metals & Mining,True,590.9,590.45,591.3499999999999,591.3499999999999,590.45,0.8999999999998636,0.1520784048664859,Narrow,Bullish,Above CPR,True,False,0.21666666666666667,60,2321481399.875,Inside,True,Neutral,True,16.314285714285738,569.677,579.2045,0.055166374781077374,1.0959548268777835,True,True,No setup,Neutral,0,Not applicable,No directional setup; confirmation score not applicable.,Narrow CPR,Not applicable,Not applicable,Narrow CPR; Wide CPR rules not applied,0,0,0,0
2026-09-21,2026-09-21,CM,NSE,STK,24730,INE642C01025,RUBFILA,EQ,,,,,RUBFILA INTERNATIONAL LTD,68.68,68.79,66.66,67.88,68.0,67.36,,67.88,,,63758,4344013.42,813,F1,1,,,,,,Cash Only,Unclassified,False,67.77666666666666,67.725,67.82833333333332,67.82833333333332,67.725,0.10333333333332462,0.15222942447455012,Narrow,Bullish,Above CPR,True,False,0.11666666666666667,60,1384259.005,Higher,True,Neutral,True,3.3049999999999997,69.9166,71.9902,0.03126575895108158,3.1381507393553134,False,False,No setup,Neutral,0,Not applicable,No directional setup; confirmation score not applicable.,Narrow CPR,Not applicable,Not applicable,Narrow CPR; Wide CPR rules not applied,0,0,0,0
2026-09-21,2026-09-21,CM,NSE,STK,11483,INE018A01030,LT,EQ,,,,,LARSEN & TOUBRO LTD.,3885.0,3908.7,3883.0,3904.8,3904.8,3885.0,,3904.81,,,947371,3693383369.5,65431,F1,1,,,,,,F&O + Cash,Construction,True,3898.8333333333335,3895.85,3901.816666666667,3901.816666666667,3895.85,5.966666666667152,0.15280338728403892,Narrow,Bullish,Above CPR,True,False,0.26666666666666666,60,5655021881.75,Higher,True,Neutral,False,61.735714285714366,3956.04,3988.8630000000003,0.0966485402445216,0.6531156636934263,False,False,No setup,Neutral,0,Not applicable,No directional setup; confirmation score not applicable.,Narrow CPR,Not applicable,Not applicable,Narrow CPR; Wide CPR rules not applied,0,0,0,0
2026-09-21,2026-09-21,CM,NSE,STK,910,INE066A01021,EICHERMOT,EQ,,,,,EICHER MOTORS LTD,7550.0,7569.5,7490.0,7512.5,7512.5,7516.0,,7512.66,,,251852,1893477121.0,25457,F1,1,,,,,,F&O + Cash,Automobile and Auto Components,True,7524.0,7529.75,7518.25,7529.75,7518.25,11.5,0.15307820299500832,Narrow,Bearish,Below CPR,False,True,0.3333333333333333,60,3327028588.0,Outside,True,Neutral,False,141.57142857142858,7793.9,7530.075,0.0812310797174571,0.5691195825095807,False,False,No setup,Neutral,0,Not applicable,No directional setup; confirmation score not applicable.,Narrow CPR,Not applicable,Not applicable,Narrow CPR; Wide CPR rules not applied,0,0,0,0
2026-09-21,2026-09-21,CM,NSE,STK,761675,INE0H9F01037,SAIPARENT,EQ,,,,,SAI PARENTERALS LIMITED,514.1,516.5,507.55,510.85,511.0,510.75,,510.86,,,25492,13016281.5,1376,F1,1,,,,,,Cash Only,Unclassified,False,511.6333333333334,512.025,511.2416666666668,512.025,511.2416666666668,0.7833333333331893,0.15333920589863742,Narrow,Bearish,Below CPR,False,True,0.2,60,47189382.375,Lower,True,Neutral,True,12.492857142857149,540.274,538.605,0.06270249666474925,0.2758307238811366,False,False,No setup,Neutral,0,Not applicable,No directional setup; confirmation score not applicable.,Narrow CPR,Not applicable,Not applicable,Narrow CPR; Wide CPR rules not applied,0,0,0,0
2026-09-21,2026-09-21,CM,NSE,STK,757,INE007A01025,CRISIL,EQ,,,,,CRISIL LTD,4558.9,4650.0,4540.0,4605.6,4600.0,4577.5,,4605.72,,,76809,352894721.9,5507,F1,1,,,,,,Cash Only,Financial Services,True,4598.533333333334,4595.0,4602.0666666666675,4602.0666666666675,4595.0,7.0666666666675155,0.1534363962712245,Narrow,Bullish,Above CPR,True,False,0.23333333333333334,60,218150350.60000002,Higher,True,Neutral,True,118.6785714285713,4511.562,4282.2570000000005,0.05954458822350004,1.6176674524216874,True,True,No setup,Neutral,0,Not applicable,No directional setup; confirmation score not applicable.,Narrow CPR,Not applicable,Not applicable,Narrow CPR; Wide CPR rules not applied,0,-2,0,-2
2026-09-21,2026-09-21,CM,NSE,STK,765145,INE501F01018,PBMPOLY,EQ,,,,,P B M POLYTEX LTD.,64.7,65.0,64.7,65.0,65.0,65.0,,65.0,,,101,6535.3,3,F1,1,,,,,,Cash Only,Unclassified,False,64.89999999999999,64.85,64.94999999999999,64.94999999999999,64.85,0.09999999999999432,0.1538461538461451,Narrow,Bullish,Above CPR,True,False,0.17647058823529413,17,21588.59,Higher,False,Neutral,False,4.593571428571429,,,0.021769553724147416,0.30272009427202057,False,False,No setup,Neutral,0,Not applicable,No directional setup; confirmation score not applicable.,Narrow CPR,Not applicable,Not applicable,Narrow CPR; Wide CPR rules not applied,0,0,0,0
2026-09-21,2026-09-21,CM,NSE,STK,757102,INE894V01022,BELRISE,EQ,,,,,BELRISE INDUSTRIES LTD,242.5,245.4,239.5,241.89,240.98,240.18,,241.83,,,2979428,720636575.32,35088,F1,1,,,,,,Cash Only,Automobile and Auto Components,True,242.26333333333332,242.45,242.07666666666665,242.45,242.07666666666665,0.37333333333333485,0.15434012705499808,Narrow,Bearish,Below CPR,False,True,0.2,60,827894493.1800001,Higher,True,Neutral,True,6.237857142857139,235.56220000000002,229.8536,0.05984961258063312,0.8704449434758106,True,True,No setup,Neutral,0,Not applicable,No directional setup; confirmation score not applicable.,Narrow CPR,Not applicable,Not applicable,Narrow CPR; Wide CPR rules not applied,0,0,0,0
2026-09-21,2026-09-21,CM,NSE,STK,11654,INE600L01024,LALPATHLAB,EQ,,,,,DR. LAL PATH LABS LTD.,1896.9,1935.0,1896.9,1920.4,1902.3,1896.9,,1920.29,,,214308,410799440.3,35675,F1,1,,,,,,Cash Only,Healthcare,True,1917.4333333333334,1915.95,1918.9166666666667,1918.9166666666667,1915.95,2.966666666666697,0.15448170520030707,Narrow,Bullish,Above CPR,True,False,0.2833333333333333,60,407210256.05,Inside,True,Neutral,False,56.892857142857125,1868.8519999999999,1741.108,0.052144800167399585,1.0088140811698005,True,True,No setup,Neutral,0,Not applicable,No directional setup; confirmation score not applicable.,Narrow CPR,Not applicable,Not applicable,Narrow CPR; Wide CPR rules not applied,0,0,0,0
2026-09-21,2026-09-21,CM,NSE,STK,21314,INE256H01015,DYNPRO,EQ,,,,,DYNEMIC PRODUCTS LIMITED,226.71,232.18,226.71,229.98,230.0,229.89,,229.98,,,14246,3279229.05,261,F1,1,,,,,,Cash Only,Unclassified,False,229.62333333333333,229.445,229.80166666666668,229.80166666666668,229.445,0.35666666666668334,0.15508594950286259,Narrow,Bullish,Above CPR,True,False,0.23333333333333334,60,2442086.295,Lower,True,Neutral,True,9.145,238.53,236.858,0.039001275742666305,1.3427981872360493,False,False,No setup,Neutral,0,Not applicable,No directional setup; confirmation score not applicable.,Narrow CPR,Not applicable,Not applicable,Narrow CPR; Wide CPR rules not applied,0,0,0,0
2026-09-21,2026-09-21,CM,NSE,STK,11223,INE691A01018,UCOBANK,EQ,,,,,UCO BANK,23.75,23.84,23.51,23.62,23.66,23.75,,23.62,,,3228395,76538181.88,9982,F1,1,,,,,,Cash Only,Financial Services,True,23.656666666666666,23.675,23.638333333333332,23.675,23.638333333333332,0.036666666666668846,0.15523567598081645,Narrow,Bearish,Below CPR,False,True,0.3333333333333333,60,103289483.00999999,Lower,True,Neutral,False,0.468571428571428,25.5618,25.833599999999997,0.07825203252032996,0.7410065347368419,False,False,No setup,Neutral,0,Not applicable,No directional setup; confirmation score not applicable.,Narrow CPR,Not applicable,Not applicable,Narrow CPR; Wide CPR rules not applied,0,0,0,0
2026-09-21,2026-09-21,CM,NSE,STK,2614,INE694N01015,HERANBA,EQ,,,,,HERANBA INDUSTRIES LTD,169.0,169.0,165.94,167.08,168.75,167.02,,167.07,,,22561,3768996.98,726,F1,1,,,,,,Cash Only,Unclassified,False,167.34,167.47,167.21,167.47,167.21,0.2599999999999909,0.15561407708881428,Narrow,Bearish,Below CPR,False,True,0.23333333333333334,60,5266525.265000001,Higher,True,Neutral,True,5.602142857142856,173.67260000000002,183.1652,0.0464108121892117,0.7156515520864969,False,False,No setup,Neutral,0,Not applicable,No directional setup; confirmation score not applicable.,Narrow CPR,Not applicable,Not applicable,Narrow CPR; Wide CPR rules not applied,0,0,0,0
2026-09-21,2026-09-21,CM,NSE,STK,764623,INE365Y01019,BPLPHARMA,EQ,,,,,BHARAT PARENTERALS LTD.,1521.0,1560.2,1516.0,1541.7,1545.0,1509.7,,1541.84,,,902,1397414.9,145,F1,1,,,,,,Cash Only,Unclassified,False,1539.3,1538.1,1540.5,1540.5,1538.1,2.400000000000091,0.15567230978790236,Narrow,Bullish,Above CPR,True,False,0.08,25,1611007.4,Higher,True,Neutral,True,63.871428571428574,,,0.03757548646835302,0.8674168101276257,False,False,No setup,Neutral,0,Not applicable,No directional setup; confirmation score not applicable.,Narrow CPR,Not applicable,Not applicable,Narrow CPR; Wide CPR rules not applied,0,0,0,0
2026-09-21,2026-09-21,CM,NSE,STK,764768,INE026D01011,LOTUSCHO,EQ,,,,,LOTUS CHOCOLATE CO. LTD.,588.0,588.0,570.3,577.8,576.05,575.1,,578.78,,,683,396046.95,88,F1,1,,,,,,Cash Only,Unclassified,False,578.6999999999999,579.15,578.2499999999999,579.15,578.2499999999999,0.900000000000091,0.15576323987540516,Narrow,Bearish,Below CPR,False,True,0.32,25,1427939.45,Higher,True,Neutral,False,28.607142857142858,,,0.03146067415730655,0.27735556294071156,False,False,No setup,Neutral,0,Not applicable,No directional setup; confirmation score not applicable.,Narrow CPR,Not applicable,Not applicable,Narrow CPR; Wide CPR rules not applied,0,0,0,0
2026-09-21,2026-09-21,CM,NSE,STK,23553,INE206F01022,AIIL,EQ,,,,,AUTHUM INVEST & INFRA LTD,553.9,565.0,551.15,559.4,561.95,559.0,,559.4,,,155515,87068712.8,10371,F1,1,,,,,,Cash Only,Financial Services,True,558.5166666666668,558.075,558.9583333333335,558.9583333333335,558.075,0.8833333333334394,0.15790728161126913,Narrow,Bullish,Above CPR,True,False,0.18333333333333332,60,109322728.92500001,Higher,True,Neutral,True,21.314285714285713,546.1669999999999,523.524,0.04144325290438389,0.7964374257409252,True,True,No setup,Neutral,0,Not applicable,No directional setup; confirmation score not applicable.,Narrow CPR,Not applicable,Not applicable,Narrow CPR; Wide CPR rules not applied,0,0,0,0
2026-09-21,2026-09-21,CM,NSE,STK,4870,INE915B01019,INDSWFTLAB,EQ,,,,,IND SWIFT LABORATORIES LT,372.9,386.0,371.0,379.4,382.0,373.25,,379.7,,,762788,288190457.8,15107,F1,1,,,,,,Cash Only,Unclassified,False,378.8,378.5,379.1,379.1,378.5,0.6000000000000227,0.15814443858724903,Narrow,Bullish,Above CPR,True,False,0.08333333333333333,60,183115241.36,Higher,True,Neutral,True,23.124999999999996,300.4852,233.0296,0.025945945945946933,1.5738201564195562,True,True,No setup,Neutral,0,Not applicable,No directional setup; confirmation score not applicable.,Narrow CPR,Not applicable,Not applicable,Narrow CPR; Wide CPR rules not applied,0,0,0,0
2026-09-21,2026-09-21,CM,NSE,STK,11060,INE0D6I01023,KSOLVES,EQ,,,,,KSOLVES INDIA LIMITED,251.1,253.8,249.3,252.15,252.0,251.6,,252.04,,,29265,7347222.7,1556,F1,1,,,,,,Cash Only,Unclassified,False,251.75,251.55,251.95,251.95,251.55,0.39999999999997726,0.1586357326987814,Narrow,Bullish,Above CPR,True,False,0.3333333333333333,60,8832400.925,Lower,True,Neutral,False,10.021428571428567,276.341,281.7385,0.03991446899500844,0.8318488667338206,False,False,No setup,Neutral,0,Not applicable,No directional setup; confirmation score not applicable.,Narrow CPR,Not applicable,Not applicable,Narrow CPR; Wide CPR rules not applied,0,0,0,0
2026-09-21,2026-09-21,CM,NSE,STK,14894,INE483A01010,CENTRALBK,EQ,,,,,CENTRAL BANK OF INDIA,31.73,31.73,31.4,31.49,31.45,31.73,,31.49,,,4219951,133087688.36,12996,F1,1,,,,,,Cash Only,Financial Services,True,31.539999999999996,31.564999999999998,31.514999999999993,31.564999999999998,31.514999999999993,0.05000000000000426,0.15878056525882586,Narrow,Bearish,Below CPR,False,True,0.35,60,186253271.485,Inside,True,Neutral,False,0.5892857142857141,31.167800000000003,31.999499999999998,0.08484848484849211,0.7145522185940142,True,False,No setup,Neutral,0,Not applicable,No directional setup; confirmation score not applicable.,Narrow CPR,Not applicable,Not applicable,Narrow CPR; Wide CPR rules not applied,0,0,0,0
2026-09-21,2026-09-21,CM,NSE,STK,714,INE597J01018,SHALBY,EQ,,,,,SHALBY LIMITED,138.0,140.95,136.35,138.32,138.05,137.66,,138.32,,,112394,15550900.83,2644,F1,1,,,,,,Cash Only,Unclassified,False,138.54,138.64999999999998,138.43,138.64999999999998,138.43,0.21999999999997044,0.15905147484092716,Narrow,Bearish,Below CPR,False,True,0.26666666666666666,60,9916385.695,Higher,True,Neutral,False,5.315714285714291,156.10379999999998,162.5436,0.04138672399891942,1.568202499207046,False,False,No setup,Neutral,0,Not applicable,No directional setup; confirmation score not applicable.,Narrow CPR,Not applicable,Not applicable,Narrow CPR; Wide CPR rules not applied,0,0,0,0
2026-09-21,2026-09-21,CM,NSE,STK,13826,INE671H01015,SOBHA,EQ,,,,,SOBHA LIMITED,1206.1,1228.8,1205.0,1214.0,1216.4,1215.2,,1213.64,,,49708,60558399.3,7518,F1,1,,,,,,Cash Only,Realty,True,1215.9333333333334,1216.9,1214.9666666666667,1216.9,1214.9666666666667,1.933333333333394,0.15925315760571615,Narrow,Bearish,Below CPR,False,True,0.26666666666666666,60,129913287.1,Higher,True,Neutral,False,33.300000000000004,1322.9160000000002,1361.9270000000001,0.05805805805805987,0.4661447697292543,False,False,No setup,Neutral,0,Not applicable,No directional setup; confirmation score not applicable.,Narrow CPR,Not applicable,Not applicable,Narrow CPR; Wide CPR rules not applied,0,0,0,0
2026-09-21,2026-09-21,CM,NSE,STK,547,INE216A01030,BRITANNIA,EQ,,,,,BRITANNIA INDUSTRIES LTD,5001.5,5030.5,4991.5,5023.0,5023.0,4998.0,,5022.98,,,166876,837083200.0,16956,F1,1,,,,,,F&O + Cash,Fast Moving Consumer Goods,True,5015.0,5011.0,5019.0,5019.0,5011.0,8.0,0.15926737009755126,Narrow,Bullish,Above CPR,True,False,0.25,60,1351002627.75,Higher,True,Neutral,True,85.71428571428571,5330.64,5330.075,0.09333333333333334,0.619601459542757,False,False,No setup,Neutral,0,Not applicable,No directional setup; confirmation score not applicable.,Narrow CPR,Not applicable,Not applicable,Narrow CPR; Wide CPR rules not applied,0,0,0,0
2026-09-21,2026-09-21,CM,NSE,STK,21383,INE471W01019,PALASHSECU,EQ,,,,,PALASH SECURITIES LTD,86.21,88.0,86.2,86.89,86.21,86.11,,86.89,,,296,25746.11,23,F1,1,,,,,,Cash Only,Unclassified,False,87.02999999999999,87.1,86.95999999999998,87.1,86.95999999999998,0.14000000000001478,0.16112325929337643,Narrow,Bearish,Below CPR,False,True,0.21666666666666667,60,96093.34,Inside,True,Neutral,True,3.104285714285715,89.0516,92.48479999999999,0.045098941555458044,0.2679281415340543,False,False,No setup,Neutral,0,Not applicable,No directional setup; confirmation score not applicable.,Narrow CPR,Not applicable,Not applicable,Narrow CPR; Wide CPR rules not applied,0,0,0,0
2026-09-21,2026-09-21,CM,NSE,STK,762904,INE220Z01013,SHINDL,EQ,,,,,SHARAT INDUSTRIES LTD.,162.6,166.0,159.21,163.0,163.65,161.64,,163.36,,,364484,58549444.38,1490,F1,1,,,,,,Cash Only,Unclassified,False,162.73666666666668,162.60500000000002,162.86833333333334,162.86833333333334,162.60500000000002,0.2633333333333212,0.16155419222903142,Narrow,Bullish,Above CPR,True,False,0.18333333333333332,60,22419750.535,Higher,True,Neutral,True,5.221428571428571,161.841,157.2013,0.050433196534425406,2.611511858198292,True,True,No setup,Neutral,0,Not applicable,No directional setup; confirmation score not applicable.,Narrow CPR,Not applicable,Not applicable,Narrow CPR; Wide CPR rules not applied,0,0,0,0
2026-09-21,2026-09-21,CM,NSE,STK,14838,INE583C01021,DECCANCE,EQ,,,,,DECCAN CEMENTS LIMITED,576.4,576.4,555.25,567.2,567.0,567.45,,567.21,,,73820,41640905.05,2912,F1,1,,,,,,Cash Only,Unclassified,False,566.2833333333334,565.825,566.7416666666668,566.7416666666668,565.825,0.9166666666667425,0.1616125999059842,Narrow,Bullish,Above CPR,True,False,0.31666666666666665,60,8432427.125,Lower,True,Neutral,False,19.19642857142858,563.851,583.129,0.04775193798450005,4.938187360854304,True,False,No setup,Neutral,0,Not applicable,No directional setup; confirmation score not applicable.,Narrow CPR,Not applicable,Not applicable,Narrow CPR; Wide CPR rules not applied,0,0,0,0
2026-09-21,2026-09-21,CM,NSE,STK,3744,INE686Y01026,FINEORG,EQ,,,,,FINE ORGANIC IND. LTD.,5144.0,5199.0,5125.0,5149.5,5134.0,5199.0,,5149.46,,,15057,77519749.0,4799,F1,1,,,,,,Cash Only,Unclassified,False,5157.833333333333,5162.0,5153.666666666666,5162.0,5153.666666666666,8.33333333333394,0.1618280091918427,Narrow,Bearish,Below CPR,False,True,0.16666666666666666,60,76185359.6,Lower,True,Neutral,True,110.28571428571429,5075.906,4949.563999999999,0.07556131260795022,1.0175150371016954,True,True,No setup,Neutral,0,Not applicable,No directional setup; confirmation score not applicable.,Narrow CPR,Not applicable,Not applicable,Narrow CPR; Wide CPR rules not applied,0,0,0,0
2026-09-21,2026-09-21,CM,NSE,STK,11072,INE449G01018,AGRITECH,EQ,,,,,AGRI-TECH (INDIA) LIMITED,97.0,100.9,97.0,98.71,98.2,98.33,,98.71,,,810,79763.34,51,F1,1,,,,,,Cash Only,Unclassified,False,98.87,98.95,98.79,98.95,98.79,0.1599999999999966,0.1620909735589065,Narrow,Bearish,Below CPR,False,True,0.11666666666666667,60,325516.4,Higher,True,Neutral,True,4.365714285714287,106.57519999999998,113.6643,0.03664921465968507,0.2450363176786177,False,False,No setup,Neutral,0,Not applicable,No directional setup; confirmation score not applicable.,Narrow CPR,Not applicable,Not applicable,Narrow CPR; Wide CPR rules not applied,0,0,0,0
2026-09-21,2026-09-21,CM,NSE,STK,6068,INE801L01010,AIROLAM,EQ,,,,,AIRO LAM LIMITED,90.01,90.01,86.04,88.24,87.31,89.0,,88.24,,,2208,195256.05,40,F1,1,,,,,,Cash Only,Unclassified,False,88.09666666666668,88.025,88.16833333333335,88.16833333333335,88.025,0.14333333333334508,0.16243578120279362,Narrow,Bullish,Above CPR,True,False,0.13333333333333333,60,194817.72,Lower,True,Neutral,True,3.931428571428572,87.9984,87.2744,0.03645833333333632,1.0022499493372574,True,True,No setup,Neutral,0,Not applicable,No directional setup; confirmation score not applicable.,Narrow CPR,Not applicable,Not applicable,Narrow CPR; Wide CPR rules not applied,0,0,0,0
2026-09-21,2026-09-21,CM,NSE,STK,1467,INE133A01011,JSWDULUX,EQ,,,,,JSW DULUX LIMITED,3199.8,3205.0,3129.4,3159.5,3158.0,3188.8,,3159.39,,,10870,34220388.5,3920,F1,1,,,,,,Cash Only,Consumer Durables,True,3164.633333333333,3167.2,3162.0666666666666,3167.2,3162.0666666666666,5.133333333333212,0.1624729651316098,Narrow,Bearish,Below CPR,False,True,0.25,60,50158842.3,Inside,True,Neutral,True,75.90000000000002,3073.97,3077.235,0.06763285024154428,0.6822403973227269,True,True,No setup,Neutral,0,Not applicable,No directional setup; confirmation score not applicable.,Narrow CPR,Not applicable,Not applicable,Narrow CPR; Wide CPR rules not applied,0,0,0,0
2026-09-21,2026-09-21,CM,NSE,STK,11868,INE111B01023,63MOONS,EQ,,,,,63 MOONS TECHNOLOGIES LTD,883.8,905.0,883.45,892.05,885.2,884.75,,892.11,,,281652,252229978.75,12485,F1,1,,,,,,Cash Only,Unclassified,False,893.5,894.225,892.775,894.225,892.775,1.4500000000000455,0.16254694243596723,Narrow,Bearish,Below CPR,False,True,0.21666666666666667,60,212571018.125,Higher,True,Neutral,True,42.85357142857142,807.115,739.1285,0.03383615301275213,1.186568051349686,True,True,No setup,Neutral,0,Not applicable,No directional setup; confirmation score not applicable.,Narrow CPR,Not applicable,Not applicable,Narrow CPR; Wide CPR rules not applied,0,0,0,0
2026-09-21,2026-09-21,CM,NSE,STK,21428,INF277KA1984,TATSILV,EQ,,,,,TATAAML-TATSILV,22.74,22.74,22.47,22.55,22.55,22.74,,22.55,,,33649809,759073182.43,49429,F1,1,,,,,,Cash Only,Unclassified,False,22.586666666666662,22.604999999999997,22.568333333333328,22.604999999999997,22.568333333333328,0.036666666666668846,0.16260162601626982,Narrow,Bearish,Below CPR,False,True,0.2833333333333333,60,922649978.0450001,Lower,True,Neutral,False,0.5842857142857143,22.0688,22.9161,0.0627546862265726,0.8227098038179089,True,False,No setup,Neutral,0,Not applicable,No directional setup; confirmation score not applicable.,Narrow CPR,Not applicable,Not applicable,Narrow CPR; Wide CPR rules not applied,0,0,0,0
2026-09-21,2026-09-21,CM,NSE,STK,928,INE086A01029,ELECTCAST,EQ,,,,,ELECTROSTEEL CASTINGS LTD,73.37,74.15,72.75,73.63,73.59,73.38,,73.63,,,1039883,76336021.83,8698,F1,1,,,,,,Cash Only,Unclassified,False,73.51,73.45,73.57000000000001,73.57000000000001,73.45,0.12000000000000455,0.16297704739916413,Narrow,Bullish,Above CPR,True,False,0.13333333333333333,60,98343369.77,Lower,True,Neutral,True,2.9957142857142864,75.1824,77.4954,0.040057224606582335,0.7762193019064777,False,False,No setup,Neutral,0,Not applicable,No directional setup; confirmation score not applicable.,Narrow CPR,Not applicable,Not applicable,Narrow CPR; Wide CPR rules not applied,0,0,0,0
2026-09-21,2026-09-21,CM,NSE,STK,28859,INE195N01013,PROZONER,EQ,,,,,PROZONE REALTY LIMITED,52.75,53.23,52.31,52.9,53.14,53.17,,52.89,,,95345,5043442.26,707,F1,1,,,,,,Cash Only,Unclassified,False,52.81333333333333,52.769999999999996,52.85666666666667,52.85666666666667,52.769999999999996,0.08666666666667311,0.1638311279143159,Narrow,Bullish,Above CPR,True,False,0.11666666666666667,60,7533779.38,Lower,True,Neutral,True,2.749285714285714,44.9524,47.3763,0.03152333939551633,0.6694438482481816,True,True,No setup,Neutral,0,Not applicable,No directional setup; confirmation score not applicable.,Narrow CPR,Not applicable,Not applicable,Narrow CPR; Wide CPR rules not applied,0,0,0,0
2026-09-21,2026-09-21,CM,NSE,STK,762717,INE620D01011,INDPRUD,EQ,,,,,INDUSTRIAL & PRU INV CO L,6260.0,6300.0,6260.0,6295.5,6300.0,6227.5,,6295.5,,,31,194516.0,11,F1,1,,,,,,Cash Only,Unclassified,False,6285.166666666667,6280.0,6290.333333333334,6290.333333333334,6280.0,10.33333333333394,0.16413840573955904,Narrow,Bullish,Above CPR,True,False,0.3333333333333333,60,319881.75,Higher,True,Neutral,False,143.96428571428572,6366.38,6457.8075,0.07177706110973711,0.6080872072257951,False,False,No setup,Neutral,0,Not applicable,No directional setup; confirmation score not applicable.,Narrow CPR,Not applicable,Not applicable,Narrow CPR; Wide CPR rules not applied,0,0,0,0
2026-09-21,2026-09-21,CM,NSE,STK,1994,INE557B01019,LIBERTSHOE,EQ,,,,,LIBERTY SHOES LTD,221.28,223.59,219.0,220.75,220.0,221.28,,220.73,,,11622,2564997.83,453,F1,1,,,,,,Cash Only,Unclassified,False,221.11333333333334,221.29500000000002,220.93166666666667,221.29500000000002,220.93166666666667,0.36333333333334394,0.1645904114760335,Narrow,Bearish,Below CPR,False,True,0.21666666666666667,60,6738497.279999999,Higher,True,Neutral,True,7.9778571428571405,247.4132,249.0329,0.045542722416212884,0.3806483438990125,False,False,No setup,Neutral,0,Not applicable,No directional setup; confirmation score not applicable.,Narrow CPR,Not applicable,Not applicable,Narrow CPR; Wide CPR rules not applied,0,0,0,0
2026-09-21,2026-09-21,CM,NSE,STK,17778,INE0NN701020,ATL,EQ,,,,,ALLCARGO TERMINALS LTD,24.8,24.8,23.9,24.29,24.37,24.24,,24.29,,,94816,2292422.6,686,F1,1,,,,,,Cash Only,Unclassified,False,24.330000000000002,24.35,24.310000000000002,24.35,24.310000000000002,0.03999999999999915,0.16467682173733697,Narrow,Bearish,Below CPR,False,True,0.08333333333333333,60,3400641.8600000003,Overlapping,True,Neutral,True,1.221428571428571,24.347800000000003,24.5194,0.032748538011695215,0.6741146802209862,False,False,No setup,Neutral,0,Not applicable,No directional setup; confirmation score not applicable.,Narrow CPR,Not applicable,Not applicable,Narrow CPR; Wide CPR rules not applied,0,0,0,0
2026-09-21,2026-09-21,CM,NSE,STK,764698,INE074C01013,HINDADH,EQ,,,,,HINDUSTAN ADHESIVES LTD.,378.0,387.9,378.0,383.9,387.0,374.9,,385.85,,,5897,2259806.25,202,F1,1,,,,,,Cash Only,Unclassified,False,383.26666666666665,382.95,383.5833333333333,383.5833333333333,382.95,0.6333333333333258,0.16497351740904553,Narrow,Bullish,Above CPR,True,False,0.16,25,955853.55,Higher,True,Neutral,True,16.932142857142846,,,0.037404204457568306,2.364176238085845,False,False,No setup,Neutral,0,Not applicable,No directional setup; confirmation score not applicable.,Narrow CPR,Not applicable,Not applicable,Narrow CPR; Wide CPR rules not applied,0,0,0,0
2026-09-21,2026-09-21,CM,NSE,STK,760125,INE0HF201011,FABTECH,EQ,,,,,FABTECH TECHNOLOGIES LTD,145.25,148.48,145.25,147.23,147.0,147.93,,147.24,,,50235,7390217.51,490,F1,1,,,,,,Cash Only,Unclassified,False,146.98666666666668,146.865,147.10833333333335,147.10833333333335,146.865,0.2433333333333394,0.1652742873961417,Narrow,Bullish,Above CPR,True,False,0.2833333333333333,60,12629834.879999999,Lower,True,Neutral,False,3.70214285714285,148.9084,152.7893,0.0657276995305182,0.5851396776139008,False,False,No setup,Neutral,0,Not applicable,No directional setup; confirmation score not applicable.,Narrow CPR,Not applicable,Not applicable,Narrow CPR; Wide CPR rules not applied,0,0,0,0
2026-09-21,2026-09-21,CM,NSE,STK,24378,INE375Y01018,RELIABLE,EQ,,,,,RELIABLE DATA SERVICE LTD,142.1,142.1,139.22,141.01,141.3,140.2,,141.01,,,18190,2562649.39,254,F1,1,,,,,,Cash Only,Unclassified,False,140.77666666666667,140.66,140.89333333333335,140.89333333333335,140.66,0.2333333333333485,0.16547289790323275,Narrow,Bullish,Above CPR,True,False,0.15,60,3058970.99,Higher,True,Neutral,True,6.287857142857136,141.34040000000002,140.9635,0.0371085614752571,0.837748837232353,False,True,No setup,Neutral,0,Not applicable,No directional setup; confirmation score not applicable.,Narrow CPR,Not applicable,Not applicable,Narrow CPR; Wide CPR rules not applied,0,0,0,0
2026-09-21,2026-09-21,CM,NSE,STK,764713,INE558A01019,IPRINGLTD,EQ,,,,,IP RINGS LTD.,140.0,144.14,136.0,140.42,141.0,139.95,,140.14,,,725,101418.82,101,F1,1,,,,,,Cash Only,Unclassified,False,140.18666666666664,140.07,140.30333333333328,140.30333333333328,140.07,0.23333333333329165,0.1661681621800966,Narrow,Bullish,Above CPR,True,False,0.04,25,326669.11,Higher,True,Neutral,True,13.42428571428571,,,0.017381433790923082,0.3104634533702927,False,False,No setup,Neutral,0,Not applicable,No directional setup; confirmation score not applicable.,Narrow CPR,Not applicable,Not applicable,Narrow CPR; Wide CPR rules not applied,0,0,0,0
2026-09-21,2026-09-21,CM,NSE,STK,940,INE199A01012,PGHL,EQ,,,,,PROCTER & GAMBLE HEALTH L,5500.0,5555.0,5479.5,5503.5,5480.0,5503.5,,5503.52,,,3243,17898830.5,1050,F1,1,,,,,,Cash Only,Unclassified,False,5512.666666666667,5517.25,5508.083333333334,5517.25,5508.083333333334,9.16666666666606,0.16656067351078513,Narrow,Bearish,Below CPR,False,True,0.25,60,60466997.5,Higher,True,Neutral,True,120.03571428571429,6084.37,5997.259,0.07636616086481693,0.29600991019936124,False,False,No setup,Neutral,0,Not applicable,No directional setup; confirmation score not applicable.,Narrow CPR,Not applicable,Not applicable,Narrow CPR; Wide CPR rules not applied,0,0,0,0
2026-09-21,2026-09-21,CM,NSE,STK,16913,INE025R01021,ARTEMISMED,EQ,,,,,ARTEMIS MED SERVICE LTD,338.5,344.8,335.0,339.05,337.45,338.5,,339.02,,,339752,115275159.35,16268,F1,1,,,,,,Cash Only,Unclassified,False,339.6166666666666,339.9,339.33333333333326,339.9,339.33333333333326,0.5666666666667197,0.1671336577692729,Narrow,Bearish,Below CPR,False,True,0.26666666666666666,60,71510568.7,Higher,True,Neutral,False,15.774999999999997,310.837,288.76849999999996,0.03592181722134516,1.6120017145102077,True,True,No setup,Neutral,0,Not applicable,No directional setup; confirmation score not applicable.,Narrow CPR,Not applicable,Not applicable,Narrow CPR; Wide CPR rules not applied,0,0,0,0
2026-09-21,2026-09-21,CM,NSE,STK,20481,INE215F01023,WIPL,EQ,,,,,THE WESTERN INDIA PLY LTD,166.5,166.5,165.21,165.44,165.21,165.21,,165.44,,,31,5148.71,9,F1,1,,,,,,Cash Only,Unclassified,False,165.71666666666667,165.85500000000002,165.57833333333332,165.85500000000002,165.57833333333332,0.27666666666669926,0.16723081882658322,Narrow,Bearish,Below CPR,False,True,0.2,60,174920.175,Lower,True,Neutral,True,4.806428571428564,167.1984,162.545,0.05756179719622225,0.02943462639458256,False,True,No setup,Neutral,0,Not applicable,No directional setup; confirmation score not applicable.,Narrow CPR,Not applicable,Not applicable,Narrow CPR; Wide CPR rules not applied,0,0,0,0
2026-09-21,2026-09-21,CM,NSE,STK,760229,INE0VDM01015,MEESHO,EQ,,,,,MEESHO LIMITED,216.0,221.2,216.0,219.15,219.5,214.44,,219.14,,,10943685,2397922005.88,70998,F1,1,,,,,,Cash Only,Consumer Services,True,218.78333333333333,218.6,218.96666666666667,218.96666666666667,218.6,0.36666666666667425,0.1673131036580763,Narrow,Bullish,Above CPR,True,False,0.21666666666666667,60,2473747842.37,Higher,True,Neutral,True,8.032857142857141,198.28420000000003,191.605,0.045645859268481595,0.9693477907524504,True,True,No setup,Neutral,0,Not applicable,No directional setup; confirmation score not applicable.,Narrow CPR,Not applicable,Not applicable,Narrow CPR; Wide CPR rules not applied,0,0,0,0
2026-09-21,2026-09-21,CM,NSE,STK,79,INE426A01027,ALEMBICLTD,EQ,,,,,ALEMBIC LIMITED,102.95,105.39,102.21,103.54,103.42,102.63,,103.54,,,427143,44427038.49,5175,F1,1,,,,,,Cash Only,Unclassified,False,103.71333333333332,103.8,103.62666666666665,103.8,103.62666666666665,0.17333333333334622,0.1674071212414006,Narrow,Bearish,Below CPR,False,True,0.26666666666666666,60,27378163.025,Inside,True,Neutral,False,5.595714285714286,94.2132,91.9907,0.030976087141522172,1.6227180198113385,True,True,No setup,Neutral,0,Not applicable,No directional setup; confirmation score not applicable.,Narrow CPR,Not applicable,Not applicable,Narrow CPR; Wide CPR rules not applied,0,0,0,0
2026-09-21,2026-09-21,CM,NSE,STK,19931,INE725E01024,ORISSAMINE,EQ,,,,,ORISSA MIN DEV CO LTD,3833.9,3859.3,3801.5,3820.8,3815.5,3821.2,,3820.91,,,4696,17951011.6,1231,F1,1,,,,,,Cash Only,Unclassified,False,3827.2000000000003,3830.4,3824.0000000000005,3830.4,3824.0000000000005,6.399999999999636,0.16750418760468058,Narrow,Bearish,Below CPR,False,True,0.15,60,32315946.35,Lower,True,Neutral,True,131.8285714285714,4190.682,4126.0160000000005,0.04854789770264138,0.5554846330533038,False,False,No setup,Neutral,0,Not applicable,No directional setup; confirmation score not applicable.,Narrow CPR,Not applicable,Not applicable,Narrow CPR; Wide CPR rules not applied,0,0,0,0
2026-09-21,2026-09-21,CM,NSE,STK,8827,INE652Z01025,AVROIND,EQ,,,,,AVRO INDIA LIMITED,8.05,8.05,7.81,7.91,7.94,7.94,,7.91,,,41632,329185.91,192,F1,1,,,,,,Cash Only,Unclassified,False,7.923333333333333,7.93,7.916666666666666,7.93,7.916666666666666,0.013333333333333641,0.1685630004214114,Narrow,Bearish,Below CPR,False,True,0.11666666666666667,60,2948400.985,Overlapping,True,Neutral,True,0.6314285714285713,8.7964,13.200700000000001,0.021116138763198077,0.11164896215770324,False,False,No setup,Neutral,0,Not applicable,No directional setup; confirmation score not applicable.,Narrow CPR,Not applicable,Not applicable,Narrow CPR; Wide CPR rules not applied,0,0,0,0
2026-09-21,2026-09-21,CM,NSE,STK,15034,INE193E01025,BAJAJELEC,EQ,,,,,BAJAJ ELECT.LTD,324.4,328.0,322.35,326.0,326.05,323.05,,326.01,,,95027,30934328.55,3494,F1,1,,,,,,Cash Only,Unclassified,False,325.45,325.175,325.72499999999997,325.72499999999997,325.175,0.5499999999999545,0.16871165644170386,Narrow,Bullish,Above CPR,True,False,0.23333333333333334,60,37048917.425,Higher,True,Neutral,True,8.924999999999992,339.59399999999994,340.9125,0.061624649859938936,0.8349590406419278,False,False,No setup,Neutral,0,Not applicable,No directional setup; confirmation score not applicable.,Narrow CPR,Not applicable,Not applicable,Narrow CPR; Wide CPR rules not applied,0,0,0,0
2026-09-21,2026-09-21,CM,NSE,STK,4176,INE058B01018,ZENITHEXPO,EQ,,,,,ZENITH EXPORTS LTD,196.5,197.0,196.0,197.0,197.0,203.95,,197.0,,,200,39299.5,9,F1,1,,,,,,Cash Only,Unclassified,False,196.66666666666666,196.5,196.83333333333331,196.83333333333331,196.5,0.3333333333333144,0.1692047377326469,Narrow,Bullish,Above CPR,True,False,0.23333333333333334,60,38998.119999999995,Lower,True,Neutral,True,7.5621428571428595,205.3118,206.01719999999997,0.04407921664934731,1.0077280648400488,False,False,No setup,Neutral,0,Not applicable,No directional setup; confirmation score not applicable.,Narrow CPR,Not applicable,Not applicable,Narrow CPR; Wide CPR rules not applied,0,0,0,0
2026-09-21,2026-09-21,CM,NSE,STK,21195,INE869I01013,GTPL,EQ,,,,,GTPL HATHWAY LIMITED,54.91,55.69,54.15,55.06,54.94,56.96,,55.06,,,62970,3450372.61,1298,F1,1,,,,,,Cash Only,Unclassified,False,54.96666666666667,54.92,55.013333333333335,55.013333333333335,54.92,0.09333333333333371,0.16951204746337398,Narrow,Bullish,Above CPR,True,False,0.15,60,2697766.1,Lower,True,Neutral,True,2.1642857142857155,58.012800000000006,61.325,0.043124312431243275,1.2789739666459594,False,False,No setup,Neutral,0,Not applicable,No directional setup; confirmation score not applicable.,Narrow CPR,Not applicable,Not applicable,Narrow CPR; Wide CPR rules not applied,0,0,0,0
2026-09-21,2026-09-21,CM,NSE,STK,11880,INE824G01012,JSWHL,EQ,,,,,JSW HOLDINGS LIMITED,11326.0,11326.0,11141.0,11205.0,11180.0,11282.0,,11205.29,,,1081,12115185.0,522,F1,1,,,,,,Cash Only,Unclassified,False,11224.0,11233.5,11214.5,11233.5,11214.5,19.0,0.16956715751896473,Narrow,Bearish,Below CPR,False,True,0.2,60,32943515.0,Overlapping,True,Neutral,True,385.0,11431.0,11919.5,0.04935064935064935,0.3677562943723522,False,False,No setup,Neutral,0,Not applicable,No directional setup; confirmation score not applicable.,Narrow CPR,Not applicable,Not applicable,Narrow CPR; Wide CPR rules not applied,0,0,0,0
2026-09-21,2026-09-21,CM,NSE,STK,513,INE032A01023,BOMDYEING,EQ,,,,,BOMBAY DYEING & MFG. CO L,110.81,111.3,109.3,110.02,110.0,111.3,,110.03,,,324885,35864568.16,3326,F1,1,,,,,,Cash Only,Unclassified,False,110.20666666666666,110.3,110.11333333333333,110.3,110.11333333333333,0.18666666666666742,0.16966612131127742,Narrow,Bearish,Below CPR,False,True,0.21666666666666667,60,48438136.735,Lower,True,Neutral,True,3.161428571428572,116.74619999999999,121.8944,0.059045036903148294,0.7404200610814432,False,False,No setup,Neutral,0,Not applicable,No directional setup; confirmation score not applicable.,Narrow CPR,Not applicable,Not applicable,Narrow CPR; Wide CPR rules not applied,0,0,0,0
2026-09-21,2026-09-21,CM,NSE,STK,14657,INE070I01018,INSECTICID,EQ,,,,,INSECTICIDES (I) LTD,605.55,608.95,592.0,598.95,597.0,605.6,,598.82,,,31293,18759908.45,1634,F1,1,,,,,,Cash Only,Unclassified,False,599.9666666666667,600.475,599.4583333333334,600.475,599.4583333333334,1.0166666666666515,0.1697414920555391,Narrow,Bearish,Below CPR,False,True,0.25,60,12220256.399999999,Lower,True,Neutral,True,21.232142857142858,621.296,662.5490000000001,0.04788337538547728,1.5351485137414957,False,False,No setup,Neutral,0,Not applicable,No directional setup; confirmation score not applicable.,Narrow CPR,Not applicable,Not applicable,Narrow CPR; Wide CPR rules not applied,0,0,0,0
2026-09-21,2026-09-21,CM,NSE,STK,15337,INE855B01025,RAIN,EQ,,,,,RAIN INDUSTRIES LIMITED,207.49,215.95,207.32,212.18,212.0,206.92,,212.17,,,3399674,723086369.11,26133,F1,1,,,,,,Cash Only,Unclassified,False,211.8166666666667,211.635,211.9983333333334,211.9983333333334,211.635,0.3633333333334008,0.17123825682599716,Narrow,Bullish,Above CPR,True,False,0.16666666666666666,60,913877694.37,Higher,True,Neutral,True,9.987142857142858,212.96200000000002,194.8782,0.036380107757599846,0.7912288193098685,False,True,No setup,Neutral,0,Not applicable,No directional setup; confirmation score not applicable.,Narrow CPR,Not applicable,Not applicable,Narrow CPR; Wide CPR rules not applied,0,0,0,0
2026-09-21,2026-09-21,CM,NSE,STK,17351,INE498E01010,SALONA,EQ,,,,,SALONA COTSPIN LTD.,260.0,267.95,255.5,261.05,261.0,263.4,,261.05,,,286,74819.05,24,F1,1,,,,,,Cash Only,Unclassified,False,261.5,261.725,261.275,261.725,261.275,0.4500000000000455,0.1723807699674566,Narrow,Bearish,Below CPR,False,True,0.2,60,87057.945,Lower,True,Neutral,True,11.889285714285709,257.899,264.7525,0.03784920396515854,0.8594166793162875,True,False,No setup,Neutral,0,Not applicable,No directional setup; confirmation score not applicable.,Narrow CPR,Not applicable,Not applicable,Narrow CPR; Wide CPR rules not applied,0,0,0,0
2026-09-21,2026-09-21,CM,NSE,STK,7287,INE391J01032,JTLIND,EQ,,,,,JTL INDUSTRIES LIMITED,87.3,91.0,87.3,88.92,88.8,87.67,,88.92,,,1807365,161175327.0,17630,F1,1,,,,,,Cash Only,Unclassified,False,89.07333333333334,89.15,88.99666666666667,89.15,88.99666666666667,0.15333333333333599,0.17243964612385965,Narrow,Bearish,Below CPR,False,True,0.11666666666666667,60,203287877.04500002,Inside,True,Neutral,True,4.73785714285714,80.1088,77.52680000000001,0.03236343534851055,0.7928427870016177,True,True,No setup,Neutral,0,Not applicable,No directional setup; confirmation score not applicable.,Narrow CPR,Not applicable,Not applicable,Narrow CPR; Wide CPR rules not applied,0,0,0,0
2026-09-21,2026-09-21,CM,NSE,STK,277,INE481Y01014,GICRE,EQ,,,,,GENERAL INS CORP OF INDIA,349.1,349.1,345.1,346.2,345.8,351.0,,346.2,,,205977,71522001.85,5205,F1,1,,,,,,Cash Only,Financial Services,True,346.8,347.1,346.5,347.1,346.5,0.6000000000000227,0.17331022530329948,Narrow,Bearish,Below CPR,False,True,0.4166666666666667,60,213236246.39999998,Overlapping,True,Neutral,False,9.542857142857136,355.182,366.966,0.06287425149700841,0.33541202800876163,False,False,No setup,Neutral,0,Not applicable,No directional setup; confirmation score not applicable.,Narrow CPR,Not applicable,Not applicable,Narrow CPR; Wide CPR rules not applied,0,0,0,0
2026-09-21,2026-09-21,CM,NSE,STK,17869,INE121E01018,JSWENERGY,EQ,,,,,JSW ENERGY LIMITED,519.0,522.15,514.55,517.0,517.0,526.0,,517.0,,,1672819,864600198.6,18952,F1,1,,,,,,F&O + Cash,Power,True,517.9,518.3499999999999,517.45,518.3499999999999,517.45,0.8999999999998636,0.17408123791099875,Narrow,Bearish,Below CPR,False,True,0.3,60,1039544974.625,Overlapping,True,Neutral,False,13.02500000000001,545.0840000000001,553.105,0.06909788867561328,0.8317102383298918,False,False,No setup,Neutral,0,Not applicable,No directional setup; confirmation score not applicable.,Narrow CPR,Not applicable,Not applicable,Narrow CPR; Wide CPR rules not applied,0,0,0,0
2026-09-21,2026-09-21,CM,NSE,STK,21131,INE010J01012,TEJASNET,EQ,,,,,TEJAS NETWORKS LIMITED,518.4,524.35,512.05,516.85,516.8,518.3,,516.85,,,1011267,523636477.35,25830,F1,1,,,,,,Cash Only,Telecommunication,True,517.75,518.2,517.3,518.2,517.3,0.900000000000091,0.17413175969818923,Narrow,Bearish,Below CPR,False,True,0.11666666666666667,60,882011875.3,Lower,True,Neutral,True,28.29285714285714,531.923,532.6605000000001,0.031810148952287995,0.5936841577919739,False,False,No setup,Neutral,0,Not applicable,No directional setup; confirmation score not applicable.,Narrow CPR,Not applicable,Not applicable,Narrow CPR; Wide CPR rules not applied,0,0,0,0
2026-09-21,2026-09-21,CM,NSE,STK,2649,INE602A01031,PCBL,EQ,,,,,PCBL CHEMICAL LIMITED,336.7,354.5,336.0,344.35,344.55,336.7,,344.39,,,3337001,1159588191.1,58292,F1,1,,,,,,Cash Only,Chemicals,True,344.95,345.25,344.65,345.25,344.65,0.6000000000000227,0.17424132423407077,Narrow,Bearish,Below CPR,False,True,0.18333333333333332,60,316751974.35,Higher,True,Neutral,True,12.228571428571419,323.605,310.9601,0.04906542056074956,3.6608712336507647,True,True,No setup,Neutral,0,Not applicable,No directional setup; confirmation score not applicable.,Narrow CPR,Not applicable,Not applicable,Narrow CPR; Wide CPR rules not applied,0,0,-2,-2
2026-09-21,2026-09-21,CM,NSE,STK,3546,INE690A01028,TTKPRESTIG,EQ,,,,,TTK PRESTIGE LTD,530.85,535.5,517.05,524.9,525.3,530.85,,524.92,,,117081,61358354.2,8115,F1,1,,,,,,Cash Only,Unclassified,False,525.8166666666666,526.275,525.3583333333332,526.275,525.3583333333332,0.9166666666667425,0.1746364386867484,Narrow,Bearish,Below CPR,False,True,0.21666666666666667,60,42654705.175,Lower,True,Neutral,True,16.653571428571436,606.576,579.7445,0.05504324826649963,1.4384897034984607,False,False,No setup,Neutral,0,Not applicable,No directional setup; confirmation score not applicable.,Narrow CPR,Not applicable,Not applicable,Narrow CPR; Wide CPR rules not applied,0,0,0,0
2026-09-21,2026-09-21,CM,NSE,STK,1153,INE159A01016,GLAXO,EQ,,,,,GLAXOSMITHKLINE PHARMA LT,2837.0,2875.1,2835.7,2862.9,2870.0,2838.8,,2862.95,,,21828,62404370.2,4535,F1,1,,,,,,Cash Only,Healthcare,True,2857.8999999999996,2855.3999999999996,2860.3999999999996,2860.3999999999996,2855.3999999999996,5.0,0.1746480841105173,Narrow,Bullish,Above CPR,True,False,0.25,60,173400589.0,Higher,True,Neutral,True,84.77142857142861,2746.5619999999994,2535.872,0.058982136838557436,0.3598855722456629,True,True,No setup,Neutral,0,Not applicable,No directional setup; confirmation score not applicable.,Narrow CPR,Not applicable,Not applicable,Narrow CPR; Wide CPR rules not applied,0,0,0,0
2026-09-21,2026-09-21,CM,NSE,STK,19531,INE933K01021,BAJAJCON,EQ,,,,,BAJAJ CONSUMER CARE LTD,511.3,524.4,508.9,515.3,515.6,512.15,,515.3,,,602599,311287588.5,29220,F1,1,,,,,,Cash Only,Unclassified,False,516.1999999999999,516.65,515.7499999999999,516.65,515.7499999999999,0.900000000000091,0.17465554046188456,Narrow,Bearish,Below CPR,False,True,0.18333333333333332,60,387478050.6,Higher,True,Neutral,True,20.803571428571423,518.565,542.564,0.043261802575111676,0.8033683147160955,False,False,No setup,Neutral,0,Not applicable,No directional setup; confirmation score not applicable.,Narrow CPR,Not applicable,Not applicable,Narrow CPR; Wide CPR rules not applied,0,0,0,0
2026-09-21,2026-09-21,CM,NSE,STK,9348,INE565A01014,IOB,EQ,,,,,INDIAN OVERSEAS BANK,32.29,32.29,32.0,32.06,32.02,32.17,,32.06,,,1390442,44617958.21,8049,F1,1,,,,,,Cash Only,Financial Services,True,32.11666666666667,32.144999999999996,32.08833333333334,32.144999999999996,32.08833333333334,0.05666666666665776,0.17675192347678653,Narrow,Bearish,Below CPR,False,True,0.21666666666666667,60,71216417.235,Lower,True,Neutral,True,0.597857142857143,33.4744,33.7452,0.09478295499799384,0.6265122557734072,False,False,No setup,Neutral,0,Not applicable,No directional setup; confirmation score not applicable.,Narrow CPR,Not applicable,Not applicable,Narrow CPR; Wide CPR rules not applied,0,0,0,0
2026-09-21,2026-09-21,CM,NSE,STK,278,INE449A01011,AUTOAXLES,EQ,,,,,AUTOMOTIVE AXLES LIMITED,1705.2,1707.0,1672.0,1694.0,1697.0,1701.2,,1694.0,,,2043,3456803.7,402,F1,1,,,,,,Cash Only,Unclassified,False,1691.0,1689.5,1692.5,1692.5,1689.5,3.0,0.1770956316410862,Narrow,Bullish,Above CPR,True,False,0.26666666666666666,60,10226085.9,Inside,True,Neutral,False,45.76428571428577,1765.932,1763.523,0.06555330107694701,0.3380378117105392,False,False,No setup,Neutral,0,Not applicable,No directional setup; confirmation score not applicable.,Narrow CPR,Not applicable,Not applicable,Narrow CPR; Wide CPR rules not applied,0,0,0,0
2026-09-21,2026-09-21,CM,NSE,STK,13735,INE792H01019,GLOBALVECT,EQ,,,,,GLOBAL VEC HELICORP LTD,133.55,135.8,130.61,133.56,134.0,131.58,,133.52,,,3880,516524.32,182,F1,1,,,,,,Cash Only,Unclassified,False,133.32333333333335,133.205,133.4416666666667,133.4416666666667,133.205,0.2366666666666788,0.17719876210443156,Narrow,Bullish,Above CPR,True,False,0.13333333333333333,60,1006081.5800000001,Higher,True,Neutral,True,6.001428571428574,149.68779999999998,158.3425,0.039435055145602256,0.5134020245157455,False,False,No setup,Neutral,0,Not applicable,No directional setup; confirmation score not applicable.,Narrow CPR,Not applicable,Not applicable,Narrow CPR; Wide CPR rules not applied,0,0,0,0
2026-09-21,2026-09-21,CM,NSE,STK,761528,INE0ADB01012,INNOVISION,EQ,,,,,INNOVISION LIMITED,252.45,255.5,252.45,253.3,252.8,253.1,,253.15,,,8382,2127265.45,529,F1,1,,,,,,Cash Only,Unclassified,False,253.75,253.975,253.525,253.975,253.525,0.44999999999998863,0.1776549545992849,Narrow,Bearish,Below CPR,False,True,0.18333333333333332,60,4045111.4000000004,Higher,True,Neutral,True,10.12142857142857,273.466,287.0845,0.044460127028933254,0.525885504661256,False,False,No setup,Neutral,0,Not applicable,No directional setup; confirmation score not applicable.,Narrow CPR,Not applicable,Not applicable,Narrow CPR; Wide CPR rules not applied,0,0,0,0
2026-09-21,2026-09-21,CM,NSE,STK,13310,INE878B01027,KEI,EQ,,,,,KEI INDUSTRIES LTD.,4619.5,4630.0,4586.5,4596.0,4596.0,4650.0,,4596.04,,,221739,1021670342.5,25456,F1,1,,,,,,F&O + Cash,Capital Goods,True,4604.166666666667,4608.25,4600.083333333334,4608.25,4600.083333333334,8.16666666666606,0.17769074557584988,Narrow,Bearish,Below CPR,False,True,0.2833333333333333,60,1724990776.55,Inside,True,Neutral,False,185.2357142857143,5179.372,5209.13,0.0440879702823911,0.5922758291747806,False,False,No setup,Neutral,0,Not applicable,No directional setup; confirmation score not applicable.,Narrow CPR,Not applicable,Not applicable,Narrow CPR; Wide CPR rules not applied,0,0,0,0
2026-09-21,2026-09-21,CM,NSE,STK,11058,INE650K01021,SECURKLOUD,EQ,,,,,SECUREKLOUD TECH LIMITED,16.84,17.24,16.55,16.85,16.85,16.84,,16.85,,,9692,163236.95,75,F1,1,,,,,,Cash Only,Unclassified,False,16.88,16.895,16.865,16.895,16.865,0.030000000000001137,0.17804154302671296,Narrow,Bearish,Below CPR,False,True,0.11666666666666667,60,229246.425,Overlapping,True,Neutral,True,0.8728571428571427,17.796400000000002,19.090799999999998,0.03436988543371653,0.7120588685297928,False,False,No setup,Neutral,0,Not applicable,No directional setup; confirmation score not applicable.,Narrow CPR,Not applicable,Not applicable,Narrow CPR; Wide CPR rules not applied,0,0,0,0
2026-09-21,2026-09-21,CM,NSE,STK,7177,INE0CLI01024,RATEGAIN,EQ,,,,,RATEGAIN TRAVEL TECHN LTD,844.0,856.9,832.2,842.3,843.0,858.4,,842.28,,,399753,336162770.35,29638,F1,1,,,,,,Cash Only,Unclassified,False,843.7999999999998,844.55,843.0499999999997,844.55,843.0499999999997,1.5000000000002274,0.17808381811708743,Narrow,Bearish,Below CPR,False,True,0.2,60,332992126.525,Lower,True,Neutral,True,30.36785714285714,916.207,842.2305,0.04939433141245016,1.0095216780591418,False,True,No setup,Neutral,0,Not applicable,No directional setup; confirmation score not applicable.,Narrow CPR,Not applicable,Not applicable,Narrow CPR; Wide CPR rules not applied,0,0,0,0
2026-09-21,2026-09-21,CM,NSE,STK,759291,INE304W01038,BLUESTONE,EQ,,,,,BLUESTONE JEWEL LFSTL LTD,833.0,858.0,828.35,845.45,844.0,827.5,,845.45,,,478364,405098473.3,19563,F1,1,,,,,,Cash Only,Unclassified,False,843.9333333333334,843.175,844.6916666666668,844.6916666666668,843.175,1.5166666666668789,0.17939164547482153,Narrow,Bullish,Above CPR,True,False,0.1,60,617188398.3,Higher,True,Neutral,True,43.24999999999999,796.403,655.6110000000001,0.03506743737958102,0.6563611280053449,True,True,No setup,Neutral,0,Not applicable,No directional setup; confirmation score not applicable.,Narrow CPR,Not applicable,Not applicable,Narrow CPR; Wide CPR rules not applied,0,0,0,0
2026-09-21,2026-09-21,CM,NSE,STK,28879,INE0V7W01012,CARRARO,EQ,,,,,CARRARO INDIA LIMITED,518.85,535.0,518.85,528.35,528.0,524.65,,528.28,,,49204,25935874.35,2886,F1,1,,,,,,Cash Only,Unclassified,False,527.4,526.925,527.875,527.875,526.925,0.9500000000000455,0.17980505346835346,Narrow,Bullish,Above CPR,True,False,0.23333333333333334,60,56241800.1,Higher,True,Neutral,True,18.203571428571443,535.544,544.8975,0.0521875613105773,0.46114943518673046,False,False,No setup,Neutral,0,Not applicable,No directional setup; confirmation score not applicable.,Narrow CPR,Not applicable,Not applicable,Narrow CPR; Wide CPR rules not applied,0,0,0,0
2026-09-21,2026-09-21,CM,NSE,STK,100,INE885A01032,ARE&M,EQ,,,,,AMARA RAJA ENERGY MOB LTD,796.0,801.8,791.1,794.3,794.1,796.0,,794.31,,,308363,245210904.0,20547,F1,1,,,,,,Cash Only,Automobile and Auto Components,True,795.7333333333332,796.45,795.0166666666664,796.45,795.0166666666664,1.4333333333336213,0.18045238994506124,Narrow,Bearish,Below CPR,False,True,0.25,60,475061658.9,Lower,True,Neutral,True,18.242857142857158,891.005,871.2045000000002,0.07856956408250071,0.516166479458231,False,False,No setup,Neutral,0,Not applicable,No directional setup; confirmation score not applicable.,Narrow CPR,Not applicable,Not applicable,Narrow CPR; Wide CPR rules not applied,0,0,0,0
2026-09-21,2026-09-21,CM,NSE,STK,3045,INE062A01020,SBIN,EQ,,,,,STATE BANK OF INDIA,993.6,997.5,989.1,996.0,996.0,996.2,,996.0,,,3590054,3567888810.2,89282,F1,1,,,,,,F&O + Cash,Financial Services,True,994.1999999999999,993.3,995.0999999999999,995.0999999999999,993.3,1.7999999999999545,0.18072289156626048,Narrow,Bullish,Above CPR,True,False,0.35,60,8946789394.6,Overlapping,True,Neutral,False,17.685714285714294,1034.284,1021.5814999999999,0.10177705977382613,0.39878985106696097,False,False,No setup,Neutral,0,Not applicable,No directional setup; confirmation score not applicable.,Narrow CPR,Not applicable,Not applicable,Narrow CPR; Wide CPR rules not applied,0,0,0,0
2026-09-21,2026-09-21,CM,NSE,STK,13218,INE142Q01026,SULA,EQ,,,,,SULA VINEYARDS LIMITED,132.6,135.59,132.6,134.46,134.6,134.49,,134.44,,,193406,26038230.4,3595,F1,1,,,,,,Cash Only,Unclassified,False,134.21666666666667,134.095,134.33833333333334,134.33833333333334,134.095,0.2433333333333394,0.18097079676732067,Narrow,Bullish,Above CPR,True,False,0.38333333333333336,60,34133253.225,Lower,True,Neutral,False,4.279285714285716,149.6166,154.4804,0.05686307238635871,0.7628405715787144,False,False,No setup,Neutral,0,Not applicable,No directional setup; confirmation score not applicable.,Narrow CPR,Not applicable,Not applicable,Narrow CPR; Wide CPR rules not applied,0,0,0,0
2026-09-21,2026-09-21,CM,NSE,STK,8153,INE00EM01016,MEGASTAR,EQ,,,,,MEGASTAR FOODS LIMITED,265.6,287.8,265.6,275.95,275.0,281.8,,275.94,,,5230,1448480.75,258,F1,1,,,,,,Cash Only,Unclassified,False,276.45000000000005,276.70000000000005,276.20000000000005,276.70000000000005,276.20000000000005,0.5,0.1811922449719152,Narrow,Bearish,Below CPR,False,True,0.16666666666666666,60,1488301.0,Lower,True,Neutral,True,14.56428571428572,316.6,318.5685,0.034330554193231964,0.9732444915376661,False,False,No setup,Neutral,0,Not applicable,No directional setup; confirmation score not applicable.,Narrow CPR,Not applicable,Not applicable,Narrow CPR; Wide CPR rules not applied,0,0,0,0
2026-09-21,2026-09-21,CM,NSE,STK,19025,INE250A01039,KIRLOSIND,EQ,,,,,KIRLOSKAR INDUSTRIES LTD,3701.1,3769.1,3655.0,3722.2,3743.0,3699.8,,3722.09,,,7613,28224481.0,1588,F1,1,,,,,,Cash Only,Unclassified,False,3715.433333333333,3712.05,3718.8166666666657,3718.8166666666657,3712.05,6.766666666665515,0.18179213010223833,Narrow,Bullish,Above CPR,True,False,0.25,60,25776574.6,Lower,True,Neutral,True,137.10714285714283,3780.6679999999997,3623.075,0.049353130155414024,1.0949663187598246,False,True,No setup,Neutral,0,Not applicable,No directional setup; confirmation score not applicable.,Narrow CPR,Not applicable,Not applicable,Narrow CPR; Wide CPR rules not applied,0,0,-2,-2
2026-09-21,2026-09-21,CM,NSE,STK,3273,INE647A01010,SRF,EQ,,,,,SRF LTD,2530.9,2563.0,2530.9,2540.0,2540.0,2512.0,,2540.03,,,103302,263685806.4,8722,F1,1,,,,,,F&O + Cash,Chemicals,True,2544.633333333333,2546.95,2542.3166666666666,2546.95,2542.3166666666666,4.633333333333212,0.1824146981627249,Narrow,Bearish,Below CPR,False,True,0.43333333333333335,60,701294262.5,Higher,True,Neutral,False,50.84285714285719,2624.224,2665.6620000000003,0.09113046735974277,0.3759988074906003,False,False,No setup,Neutral,0,Not applicable,No directional setup; confirmation score not applicable.,Narrow CPR,Not applicable,Not applicable,Narrow CPR; Wide CPR rules not applied,0,0,-2,-2
2026-09-21,2026-09-21,CM,NSE,STK,9652,INE750D01016,RELCHEMQ,EQ,,,,,RELIANCE CHEMOTEX IND LTD,122.09,122.1,115.99,118.72,116.6,119.7,,118.72,,,3056,358491.74,150,F1,1,,,,,,Cash Only,Unclassified,False,118.93666666666665,119.04499999999999,118.82833333333332,119.04499999999999,118.82833333333332,0.21666666666666856,0.18250224618149305,Narrow,Bearish,Below CPR,False,True,0.16666666666666666,60,350388.58499999996,Lower,True,Neutral,True,6.889285714285715,120.8934,124.008,0.031449801278728456,1.023126195734944,False,False,No setup,Neutral,0,Not applicable,No directional setup; confirmation score not applicable.,Narrow CPR,Not applicable,Not applicable,Narrow CPR; Wide CPR rules not applied,0,0,0,0
2026-09-21,2026-09-21,CM,NSE,STK,16669,INE917I01010,BAJAJ-AUTO,EQ,,,,,BAJAJ AUTO LIMITED,11470.0,11533.0,11450.0,11460.0,11460.0,11414.0,,11460.27,,,93033,1068508937.0,19869,F1,1,,,,,,F&O + Cash,Automobile and Auto Components,True,11481.0,11491.5,11470.5,11491.5,11470.5,21.0,0.18324607329842932,Narrow,Bearish,Below CPR,False,True,0.38333333333333336,60,2871957077.0,Overlapping,True,Neutral,False,218.64285714285714,11481.59,10836.32,0.09604704344985299,0.37204906213854255,False,True,No setup,Neutral,0,Not applicable,No directional setup; confirmation score not applicable.,Narrow CPR,Not applicable,Not applicable,Narrow CPR; Wide CPR rules not applied,0,0,0,0
2026-09-21,2026-09-21,CM,NSE,STK,16658,INE0A0S01028,SIGMA,EQ,,,,,SIGMA SOLVE LIMITED,47.04,47.9,45.88,46.76,46.82,47.03,,46.76,,,88827,4147043.68,1027,F1,1,,,,,,Cash Only,Unclassified,False,46.846666666666664,46.89,46.80333333333333,46.89,46.80333333333333,0.08666666666667311,0.18534359851726498,Narrow,Bearish,Below CPR,False,True,0.16666666666666666,60,3544395.365,Inside,True,Neutral,True,2.125714285714284,44.87,42.6963,0.04077060931899948,1.1700285247382383,True,True,No setup,Neutral,0,Not applicable,No directional setup; confirmation score not applicable.,Narrow CPR,Not applicable,Not applicable,Narrow CPR; Wide CPR rules not applied,0,0,0,0
2026-09-21,2026-09-21,CM,NSE,STK,758448,INE0GV601021,ALLTIME,EQ,,,,,ALL TIME PLASTICS LIMITED,207.51,208.92,205.01,206.39,205.01,208.4,,206.39,,,25494,5278029.41,657,F1,1,,,,,,Cash Only,Unclassified,False,206.7733333333333,206.96499999999997,206.58166666666665,206.96499999999997,206.58166666666665,0.38333333333332575,0.18573251288014234,Narrow,Bearish,Below CPR,False,True,0.2,60,12984664.530000001,Lower,True,Neutral,True,9.932857142857141,217.287,228.5639,0.03859245409655229,0.40648176915202905,False,False,No setup,Neutral,0,Not applicable,No directional setup; confirmation score not applicable.,Narrow CPR,Not applicable,Not applicable,Narrow CPR; Wide CPR rules not applied,0,0,0,0
2026-09-21,2026-09-21,CM,NSE,STK,764733,INE577D01013,JYOTIRES,EQ,,,,,JYOTI RESINS & ADHESIVE L,844.5,845.0,835.2,842.45,840.3,841.0,,841.82,,,3142,2637797.2,469,F1,1,,,,,,Cash Only,Unclassified,False,840.8833333333333,840.1,841.6666666666666,841.6666666666666,840.1,1.566666666666606,0.18596553702493987,Narrow,Bullish,Above CPR,True,False,0.36,25,5005203.5,Lower,True,Neutral,False,22.942857142857154,,,0.06828559568285328,0.5270109796734539,False,False,No setup,Neutral,0,Not applicable,No directional setup; confirmation score not applicable.,Narrow CPR,Not applicable,Not applicable,Narrow CPR; Wide CPR rules not applied,0,0,0,0
2026-09-21,2026-09-21,CM,NSE,STK,1338,INE480C01038,SDBL,EQ,,,,,SOM DIST & BREW LTD,68.1,68.69,67.15,68.11,68.2,68.06,,68.11,,,202446,13738162.7,2927,F1,1,,,,,,Cash Only,Unclassified,False,67.98333333333333,67.92,68.04666666666667,68.04666666666667,67.92,0.12666666666666515,0.18597367004355478,Narrow,Bullish,Above CPR,True,False,0.2,60,32534976.03,Lower,True,Neutral,True,2.323571428571429,71.6546,75.2937,0.05451378214980977,0.4222582702176344,False,False,No setup,Neutral,0,Not applicable,No directional setup; confirmation score not applicable.,Narrow CPR,Not applicable,Not applicable,Narrow CPR; Wide CPR rules not applied,0,0,0,0
2026-09-21,2026-09-21,CM,NSE,STK,11915,INE528G01035,YESBANK,EQ,,,,,YES BANK LIMITED,22.95,23.28,22.93,23.17,23.17,22.72,,23.17,,,52755958,1221600269.79,93804,F1,1,,,,,,F&O + Cash,Financial Services,True,23.126666666666665,23.105,23.14833333333333,23.14833333333333,23.105,0.04333333333332945,0.18702344986331224,Narrow,Bullish,Above CPR,True,False,0.36666666666666664,60,1251316156.665,Higher,True,Neutral,False,0.5935714285714282,22.843200000000003,22.9556,0.07300441235458636,0.976252295060108,True,True,No setup,Neutral,0,Not applicable,No directional setup; confirmation score not applicable.,Narrow CPR,Not applicable,Not applicable,Narrow CPR; Wide CPR rules not applied,0,0,0,0
2026-09-21,2026-09-21,CM,NSE,STK,4481,INE767A01016,AARTIDRUGS,EQ,,,,,AARTI DRUGS LTD.,427.7,440.85,427.7,435.5,436.0,431.8,,435.5,,,114136,49815404.3,5665,F1,1,,,,,,Cash Only,Unclassified,False,434.68333333333334,434.275,435.0916666666667,435.0916666666667,434.275,0.8166666666667197,0.18752391886721465,Narrow,Bullish,Above CPR,True,False,0.25,60,60094355.625,Higher,True,Neutral,True,15.749999999999991,419.131,399.345,0.05185185185185525,0.8289531318191915,True,True,No setup,Neutral,0,Not applicable,No directional setup; confirmation score not applicable.,Narrow CPR,Not applicable,Not applicable,Narrow CPR; Wide CPR rules not applied,0,0,0,0
2026-09-21,2026-09-21,CM,NSE,STK,28805,INE0JPD01013,SANATHAN,EQ,,,,,SANATHAN TEXTILES LIMITED,475.0,487.5,475.0,479.9,476.05,480.85,,479.94,,,51399,24723714.3,2675,F1,1,,,,,,Cash Only,Unclassified,False,480.8,481.25,480.35,481.25,480.35,0.8999999999999773,0.18753907063971187,Narrow,Bearish,Below CPR,False,True,0.25,60,19426187.65,Higher,True,Neutral,True,20.460714285714282,465.434,447.49700000000007,0.043986734159538084,1.2727002716871214,True,True,No setup,Neutral,0,Not applicable,No directional setup; confirmation score not applicable.,Narrow CPR,Not applicable,Not applicable,Narrow CPR; Wide CPR rules not applied,0,0,0,0
2026-09-21,2026-09-21,CM,NSE,STK,14889,INE022I01019,ASIANTILES,EQ,,,,,ASIAN GRANITO IND. LTD.,51.0,52.14,50.67,51.26,51.38,50.65,,51.26,,,3127035,160615360.99,7505,F1,1,,,,,,Cash Only,Unclassified,False,51.35666666666666,51.405,51.30833333333332,51.405,51.30833333333332,0.09666666666667822,0.1885810898686661,Narrow,Bearish,Below CPR,False,True,0.13333333333333333,60,176312914.175,Higher,True,Neutral,True,1.6814285714285708,50.415,54.552,0.05749079580855971,0.9109676494291318,True,False,No setup,Neutral,0,Not applicable,No directional setup; confirmation score not applicable.,Narrow CPR,Not applicable,Not applicable,Narrow CPR; Wide CPR rules not applied,0,0,-2,-2
2026-09-21,2026-09-21,CM,NSE,STK,9408,INE961O01016,RAINBOW,EQ,,,,,RAINBOW CHILDRENS MED LTD,1441.4,1452.3,1435.1,1439.6,1442.0,1454.7,,1439.62,,,93792,134999982.6,14188,F1,1,,,,,,Cash Only,Healthcare,True,1442.3333333333333,1443.6999999999998,1440.9666666666667,1443.6999999999998,1440.9666666666667,2.733333333333121,0.189867555802523,Narrow,Bearish,Below CPR,False,True,0.25,60,116680021.75,Lower,True,Neutral,True,36.52857142857148,1477.79,1423.1870000000001,0.0748272715421659,1.1570102625559375,False,True,No setup,Neutral,0,Not applicable,No directional setup; confirmation score not applicable.,Narrow CPR,Not applicable,Not applicable,Narrow CPR; Wide CPR rules not applied,0,0,0,0
2026-09-21,2026-09-21,CM,NSE,STK,19036,INE371C01013,PODDARMENT,EQ,,,,,PODDAR PIGMENTS LIMITED,288.95,297.95,282.0,289.15,286.25,284.15,,289.19,,,4695,1355810.7,215,F1,1,,,,,,Cash Only,Unclassified,False,289.7,289.975,289.42499999999995,289.975,289.42499999999995,0.5500000000000682,0.19021269237422384,Narrow,Bearish,Below CPR,False,True,0.1,60,1042510.9750000001,Higher,True,Neutral,True,19.685714285714273,259.8826,255.75959999999998,0.02793904208998897,1.3005241503572658,True,True,No setup,Neutral,0,Not applicable,No directional setup; confirmation score not applicable.,Narrow CPR,Not applicable,Not applicable,Narrow CPR; Wide CPR rules not applied,0,0,0,0
2026-09-21,2026-09-21,CM,NSE,STK,1565,INE09E501017,RVHL,EQ,,,,,RAVINDER HEIGHTS LIMITED,40.7,40.7,39.55,40.01,39.8,39.48,,40.01,,,8424,338196.96,63,F1,1,,,,,,Cash Only,Unclassified,False,40.086666666666666,40.125,40.04833333333333,40.125,40.04833333333333,0.07666666666666799,0.19161876197617594,Narrow,Bearish,Below CPR,False,True,0.15,60,411330.52,Higher,True,Neutral,True,2.132857142857143,42.5116,42.575900000000004,0.035945523554365436,0.8222024468303495,False,False,No setup,Neutral,0,Not applicable,No directional setup; confirmation score not applicable.,Narrow CPR,Not applicable,Not applicable,Narrow CPR; Wide CPR rules not applied,0,0,0,0
2026-09-21,2026-09-21,CM,NSE,STK,756871,INE1NPP01017,ENRIN,EQ,,,,,SIEMENS ENERGY INDIA LTD,3229.0,3264.0,3184.0,3214.7,3211.0,3228.0,,3214.79,,,205501,661245883.4,28493,F1,1,,,,,,Cash Only,Capital Goods,True,3220.9,3224.0,3217.8,3224.0,3217.8,6.199999999999818,0.19286403085823928,Narrow,Bearish,Below CPR,False,True,0.18333333333333332,60,1280669478.55,Higher,True,Neutral,True,100.4571428571429,3316.24,3398.2140000000004,0.06171786120591398,0.5163282911596175,False,False,No setup,Neutral,0,Not applicable,No directional setup; confirmation score not applicable.,Narrow CPR,Not applicable,Not applicable,Narrow CPR; Wide CPR rules not applied,0,0,0,0
2026-09-21,2026-09-21,CM,NSE,STK,1235,INE224A01026,GREAVESCOT,EQ,,,,,GREAVES COTTON LTD.,196.85,200.5,195.5,198.58,198.0,197.35,,198.58,,,705324,139860438.03,12203,F1,1,,,,,,Cash Only,Unclassified,False,198.19333333333336,198.0,198.3866666666667,198.3866666666667,198.0,0.3866666666667129,0.19471581562428888,Narrow,Bullish,Above CPR,True,False,0.18333333333333332,60,245561992.905,Higher,True,Neutral,True,5.7557142857142845,211.0516,200.6482,0.06717961446182653,0.5695524636180465,False,False,No setup,Neutral,0,Not applicable,No directional setup; confirmation score not applicable.,Narrow CPR,Not applicable,Not applicable,Narrow CPR; Wide CPR rules not applied,0,0,0,0
2026-09-21,2026-09-21,CM,NSE,STK,18967,INE542Z01028,KAPSTON,EQ,,,,,KAPSTON SERVICES LIMITED,584.3,584.3,575.0,577.95,578.9,584.3,,577.95,,,30688,17762913.5,1741,F1,1,,,,,,Cash Only,Unclassified,False,579.0833333333334,579.65,578.5166666666668,579.65,578.5166666666668,1.133333333333212,0.19609539464196074,Narrow,Bearish,Below CPR,False,True,0.26666666666666666,60,22311697.75,Lower,True,Neutral,False,22.90714285714287,521.0790000000001,435.51099999999997,0.04947510653777661,0.7961255884259189,True,True,No setup,Neutral,0,Not applicable,No directional setup; confirmation score not applicable.,Narrow CPR,Not applicable,Not applicable,Narrow CPR; Wide CPR rules not applied,0,0,0,0
2026-09-21,2026-09-21,CM,NSE,STK,19299,INE353K01014,ITDC,EQ,,,,,INDIA TOUR. DEV. CO. LTD.,656.0,660.75,647.0,651.95,650.7,658.3,,651.96,,,51090,33366984.8,4911,F1,1,,,,,,Cash Only,Unclassified,False,653.2333333333333,653.875,652.5916666666667,653.875,652.5916666666667,1.283333333333303,0.19684536135183725,Narrow,Bearish,Below CPR,False,True,0.15,60,81687621.94999999,Lower,True,Neutral,True,29.58571428571427,692.318,642.1764999999999,0.04337679060035309,0.40847051246544464,False,True,No setup,Neutral,0,Not applicable,No directional setup; confirmation score not applicable.,Narrow CPR,Not applicable,Not applicable,Narrow CPR; Wide CPR rules not applied,0,0,0,0
2026-09-21,2026-09-21,CM,NSE,STK,13409,INE177H01039,GPIL,EQ,,,,,GODAWARI POW & ISP LTD,234.0,239.6,232.6,236.8,236.39,233.47,,236.78,,,1413064,334594996.34,15166,F1,1,,,,,,Cash Only,Capital Goods,True,236.33333333333334,236.1,236.5666666666667,236.5666666666667,236.1,0.466666666666697,0.19707207207208485,Narrow,Bullish,Above CPR,True,False,0.26666666666666666,60,315465009.21000004,Higher,True,Neutral,False,7.108571428571425,243.6124,261.44870000000003,0.06564844587353055,1.0606405990252485,False,False,No setup,Neutral,0,Not applicable,No directional setup; confirmation score not applicable.,Narrow CPR,Not applicable,Not applicable,Narrow CPR; Wide CPR rules not applied,0,0,0,0
2026-09-21,2026-09-21,CM,NSE,STK,20877,INE488V01015,PSPPROJECT,EQ,,,,,PSP PROJECTS LIMITED,806.9,839.6,805.55,820.15,827.15,810.1,,820.22,,,54262,44777275.3,2985,F1,1,,,,,,Cash Only,Unclassified,False,821.7666666666668,822.575,820.9583333333335,822.575,820.9583333333335,1.6166666666665606,0.19711841329836743,Narrow,Bearish,Below CPR,False,True,0.25,60,55590506.55,Higher,True,Neutral,True,29.303571428571427,938.0370000000001,914.0605,0.05516961202518428,0.8054842108647776,False,False,No setup,Neutral,0,Not applicable,No directional setup; confirmation score not applicable.,Narrow CPR,Not applicable,Not applicable,Narrow CPR; Wide CPR rules not applied,0,0,0,0
2026-09-21,2026-09-21,CM,NSE,STK,18143,INE758E01017,JIOFIN,EQ,,,,,JIO FIN SERVICES LTD,230.8,231.75,229.55,229.97,229.97,229.89,,229.99,,,5862734,1353394160.83,56581,F1,1,,,,,,F&O + Cash,Financial Services,True,230.42333333333332,230.65,230.19666666666663,230.65,230.19666666666663,0.4533333333333758,0.19712716151383908,Narrow,Bearish,Below CPR,False,True,0.3,60,2597546485.755,Overlapping,True,Neutral,False,4.040714285714287,241.93920000000003,240.46790000000001,0.11219138530435316,0.5210278885294419,False,False,No setup,Neutral,0,Not applicable,No directional setup; confirmation score not applicable.,Narrow CPR,Not applicable,Not applicable,Narrow CPR; Wide CPR rules not applied,0,0,0,0
2026-09-21,2026-09-21,CM,NSE,STK,31017,INE480M01011,THOMASCOTT,EQ,,,,,THOMAS SCOTT (INDIA) LTD,234.0,238.0,234.0,236.7,235.8,236.55,,236.7,,,30163,7108175.6,943,F1,1,,,,,,Cash Only,Unclassified,False,236.23333333333335,236.0,236.4666666666667,236.4666666666667,236.0,0.466666666666697,0.19715533023519097,Narrow,Bullish,Above CPR,True,False,0.2,60,10514327.55,Higher,True,Neutral,True,12.249999999999991,289.198,287.8028,0.0380952380952406,0.6760466198335241,False,False,No setup,Neutral,0,Not applicable,No directional setup; confirmation score not applicable.,Narrow CPR,Not applicable,Not applicable,Narrow CPR; Wide CPR rules not applied,0,0,0,0
2026-09-21,2026-09-21,CM,NSE,STK,762573,INE213D01015,BEEKAY,EQ,,,,,BEEKAY STEEL INDS. LTD.,441.9,444.8,417.15,429.7,431.95,430.05,,430.07,,,586,252296.7,133,F1,1,,,,,,Cash Only,Unclassified,False,430.55,430.975,430.125,430.975,430.125,0.8500000000000227,0.1978124272748482,Narrow,Bearish,Below CPR,False,True,0.26666666666666666,60,764325.875,Higher,True,Neutral,False,19.28571428571428,414.903,412.05,0.044074074074075265,0.33009048660036533,True,True,No setup,Neutral,0,Not applicable,No directional setup; confirmation score not applicable.,Narrow CPR,Not applicable,Not applicable,Narrow CPR; Wide CPR rules not applied,0,0,0,0
2026-09-21,2026-09-21,CM,NSE,STK,8477,INE01P501012,XELPMOC,EQ,,,,,XELPMOC DESIGN & TECH LTD,75.7,75.7,72.5,73.88,74.5,74.39,,73.86,,,9857,726389.97,204,F1,1,,,,,,Cash Only,Unclassified,False,74.02666666666666,74.1,73.95333333333332,74.1,73.95333333333332,0.14666666666667538,0.1985201227215422,Narrow,Bearish,Below CPR,False,True,0.25,60,682416.06,Lower,True,Neutral,True,3.6221428571428578,79.89519999999999,86.596,0.04049168474331404,1.0644385625977206,False,False,No setup,Neutral,0,Not applicable,No directional setup; confirmation score not applicable.,Narrow CPR,Not applicable,Not applicable,Narrow CPR; Wide CPR rules not applied,0,0,0,0
2026-09-21,2026-09-21,CM,NSE,STK,1394,INE030A01027,HINDUNILVR,EQ,,,,,HINDUSTAN UNILEVER LTD.,1940.0,1966.6,1939.0,1947.0,1947.0,1932.0,,1947.01,,,864547,1691185441.8,47679,F1,1,,,,,,F&O + Cash,Fast Moving Consumer Goods,True,1950.8666666666668,1952.8,1948.9333333333336,1952.8,1948.9333333333336,3.866666666666333,0.1985961307995035,Narrow,Bearish,Below CPR,False,True,0.38333333333333336,60,2504558977.3999996,Higher,True,Neutral,False,29.985714285714266,2046.7880000000002,2121.518,0.12895029379068296,0.6752428100358138,False,False,No setup,Neutral,0,Not applicable,No directional setup; confirmation score not applicable.,Narrow CPR,Not applicable,Not applicable,Narrow CPR; Wide CPR rules not applied,0,0,0,0
2026-09-21,2026-09-21,CM,NSE,STK,17424,INE615I01010,GLOBUSSPR,EQ,,,,,GLOBUS SPIRITS LTD,819.75,836.9,819.75,830.8,829.3,819.75,,830.79,,,51319,42678859.7,5106,F1,1,,,,,,Cash Only,Unclassified,False,829.15,828.325,829.9749999999999,829.9749999999999,828.325,1.6499999999998636,0.19860375541644965,Narrow,Bullish,Above CPR,True,False,0.26666666666666666,60,70527098.025,Overlapping,True,Neutral,False,24.253571428571433,890.6870000000001,902.822,0.06803121778824352,0.6051412988078918,False,False,No setup,Neutral,0,Not applicable,No directional setup; confirmation score not applicable.,Narrow CPR,Not applicable,Not applicable,Narrow CPR; Wide CPR rules not applied,0,0,0,0
2026-09-21,2026-09-21,CM,NSE,STK,13276,INE559R01029,LANDMARK,EQ,,,,,LANDMARK CARS LIMITED,504.65,508.95,492.25,502.1,503.0,504.5,,502.06,,,61438,30730417.25,3230,F1,1,,,,,,Cash Only,Unclassified,False,501.1000000000001,500.6,501.60000000000014,501.60000000000014,500.6,1.0000000000001137,0.19916351324439627,Narrow,Bullish,Above CPR,True,False,0.21666666666666667,60,61452085.175,Inside,True,Neutral,True,21.50357142857143,515.2439999999999,461.13599999999997,0.04650390300615044,0.5000711881864959,False,True,No setup,Neutral,0,Not applicable,No directional setup; confirmation score not applicable.,Narrow CPR,Not applicable,Not applicable,Narrow CPR; Wide CPR rules not applied,0,0,0,0
2026-09-21,2026-09-21,CM,NSE,STK,15083,INE742F01042,ADANIPORTS,EQ,,,,,ADANI PORT & SEZ LTD,1793.7,1796.8,1766.7,1787.1,1787.1,1824.0,,1787.1,,,2317822,4136892074.3,66261,F1,1,,,,,,F&O + Cash,Services,True,1783.5333333333335,1781.75,1785.316666666667,1785.316666666667,1781.75,3.566666666667061,0.19957846044804775,Narrow,Bullish,Above CPR,True,False,0.4166666666666667,60,3001969533.6000004,Overlapping,True,Neutral,False,44.65714285714288,1728.8139999999999,1761.094,0.07986777564513568,1.3780593133931596,True,True,No setup,Neutral,0,Not applicable,No directional setup; confirmation score not applicable.,Narrow CPR,Not applicable,Not applicable,Narrow CPR; Wide CPR rules not applied,0,0,0,0
2026-09-21,2026-09-21,CM,NSE,STK,766072,INE148G01016,ARCIL,EQ,,,,,ASSET RECONSTRUC CO (I) L,134.9,137.9,131.65,135.18,135.3,136.37,,135.19,,,1716516,233045061.03,34851,F1,1,,,,,,Cash Only,Unclassified,False,134.91,134.775,135.045,135.045,134.775,0.2699999999999818,0.1997336884154326,Narrow,Bullish,Above CPR,True,False,0.3333333333333333,3,844756426.65,Overlapping,False,Neutral,False,,,,,0.2758724925647182,False,False,No setup,Neutral,0,Not applicable,No directional setup; confirmation score not applicable.,Narrow CPR,Not applicable,Not applicable,Narrow CPR; Wide CPR rules not applied,0,0,0,0
2026-09-21,2026-09-21,CM,NSE,STK,958,INE042A01014,ESCORTS,EQ,,,,,ESCORTS KUBOTA LIMITED,2798.0,2859.3,2797.2,2819.8,2822.3,2798.2,,2819.85,,,59112,167750699.9,8311,F1,1,,,,,,Cash Only,Capital Goods,True,2825.433333333333,2828.25,2822.616666666666,2828.25,2822.616666666666,5.633333333334122,0.19977776201624659,Narrow,Bearish,Below CPR,False,True,0.43333333333333335,60,198698241.55,Higher,True,Neutral,False,64.3285714285715,3000.586,2968.7980000000007,0.0875712487971104,0.8442485378401678,False,False,No setup,Neutral,0,Not applicable,No directional setup; confirmation score not applicable.,Narrow CPR,Not applicable,Not applicable,Narrow CPR; Wide CPR rules not applied,0,0,0,0
2026-09-21,2026-09-21,CM,NSE,STK,263,INE100A01010,ATUL,EQ,,,,,ATUL LTD,6120.0,6150.0,6058.5,6086.0,6089.0,6170.5,,6086.23,,,19435,118641339.0,4775,F1,1,,,,,,Cash Only,Chemicals,True,6098.166666666667,6104.25,6092.083333333334,6104.25,6092.083333333334,12.16666666666606,0.1999123671814995,Narrow,Bearish,Below CPR,False,True,0.25,60,195638270.0,Lower,True,Neutral,True,134.0,6464.54,6591.655,0.09079601990049299,0.6064321617646691,False,False,No setup,Neutral,0,Not applicable,No directional setup; confirmation score not applicable.,Narrow CPR,Not applicable,Not applicable,Narrow CPR; Wide CPR rules not applied,0,0,0,0
2026-09-21,2026-09-21,CM,NSE,STK,3715,INE709A01018,VLSFINANCE,EQ,,,,,VLS FINANCE LTD,234.65,243.0,231.85,238.14,238.2,238.2,,238.14,,,2499,598478.44,130,F1,1,,,,,,Cash Only,Unclassified,False,237.66333333333333,237.425,237.90166666666664,237.90166666666664,237.425,0.47666666666663104,0.20016236947452384,Narrow,Bullish,Above CPR,True,False,0.4166666666666667,60,2659651.575,Lower,True,Neutral,False,5.786428571428573,251.3898,245.3962,0.08237666131752663,0.22502136957544897,False,False,No setup,Neutral,0,Not applicable,No directional setup; confirmation score not applicable.,Narrow CPR,Not applicable,Not applicable,Narrow CPR; Wide CPR rules not applied,0,-2,0,-2
2026-09-21,2026-09-21,CM,NSE,STK,22675,INE646H01017,CAPITALSFB,EQ,,,,,CAPITAL SMALL FIN BANK L,280.2,287.95,274.35,282.0,277.0,278.9,,281.98,,,21782,6073134.7,650,F1,1,,,,,,Cash Only,Unclassified,False,281.43333333333334,281.15,281.7166666666667,281.7166666666667,281.15,0.5666666666667197,0.20094562647756017,Narrow,Bullish,Above CPR,True,False,0.36666666666666664,60,7952247.875,Higher,True,Neutral,False,8.139285714285702,288.781,284.81899999999996,0.06962117887963219,0.7637003769830302,False,False,No setup,Neutral,0,Not applicable,No directional setup; confirmation score not applicable.,Narrow CPR,Not applicable,Not applicable,Narrow CPR; Wide CPR rules not applied,0,0,0,0
2026-09-21,2026-09-21,CM,NSE,STK,17999,INE458F01011,UNITEDTEA,EQ,,,,,UNITED NILGIRI TEA LTD,438.9,438.9,418.6,430.05,430.0,431.65,,430.05,,,1273,548012.1,138,F1,1,,,,,,Cash Only,Unclassified,False,429.18333333333334,428.75,429.6166666666667,429.6166666666667,428.75,0.8666666666666742,0.20152695423013003,Narrow,Bullish,Above CPR,True,False,0.43333333333333335,60,704112.8,Lower,True,Neutral,False,11.760714285714275,457.3039999999999,484.164,0.07369166919728788,0.7783015732706463,False,False,No setup,Neutral,0,Not applicable,No directional setup; confirmation score not applicable.,Narrow CPR,Not applicable,Not applicable,Narrow CPR; Wide CPR rules not applied,0,0,0,0
2026-09-21,2026-09-21,CM,NSE,STK,6944,INE845D01014,GANECOS,EQ,,,,,GANESHA ECOSPHERE LIMITED,1002.0,1018.6,991.7,1008.2,1009.9,1002.0,,1008.19,,,63820,64120348.7,5685,F1,1,,,,,,Cash Only,Unclassified,False,1006.1666666666666,1005.1500000000001,1007.1833333333332,1007.1833333333332,1005.1500000000001,2.0333333333330756,0.2016795609336516,Narrow,Bullish,Above CPR,True,False,0.16666666666666666,60,113609029.95,Higher,True,Neutral,True,40.999999999999986,1090.3529999999998,1034.71,0.04959349593495308,0.5643948260822202,False,False,No setup,Neutral,0,Not applicable,No directional setup; confirmation score not applicable.,Narrow CPR,Not applicable,Not applicable,Narrow CPR; Wide CPR rules not applied,0,0,0,0
2026-09-21,2026-09-21,CM,NSE,STK,29087,INE0LRY01011,QUADFUTURE,EQ,,,,,QUADRANT FUTURE TEK LTD,528.5,541.1,527.65,536.0,535.0,528.2,,535.95,,,590777,315798285.3,18565,F1,1,,,,,,Cash Only,Unclassified,False,534.9166666666666,534.375,535.4583333333333,535.4583333333333,534.375,1.0833333333332575,0.20211442786068237,Narrow,Bullish,Above CPR,True,False,0.1,60,142721385.97500002,Overlapping,True,Neutral,True,31.321428571428566,403.60200000000003,380.05199999999996,0.034587609274037874,2.212690713046447,True,True,No setup,Neutral,0,Not applicable,No directional setup; confirmation score not applicable.,Narrow CPR,Not applicable,Not applicable,Narrow CPR; Wide CPR rules not applied,0,0,0,0
2026-09-21,2026-09-21,CM,NSE,STK,14922,INE323I01011,PURVA,EQ,,,,,PURAVANKARA LIMITED,214.5,216.3,212.27,214.94,214.6,213.43,,214.96,,,166913,35754953.53,4205,F1,1,,,,,,Cash Only,Unclassified,False,214.50333333333333,214.28500000000003,214.72166666666664,214.72166666666664,214.28500000000003,0.4366666666666106,0.20315747030176354,Narrow,Bullish,Above CPR,True,False,0.2,60,35226831.935,Inside,True,Neutral,True,8.980714285714287,216.9216,216.8163,0.04862271004002662,1.014992026418228,False,False,No setup,Neutral,0,Not applicable,No directional setup; confirmation score not applicable.,Narrow CPR,Not applicable,Not applicable,Narrow CPR; Wide CPR rules not applied,0,0,0,0
2026-09-21,2026-09-21,CM,NSE,STK,21401,INF277KA1976,TATAGOLD,EQ,,,,,TATAAML-TATAGOLD,14.85,14.86,14.75,14.76,14.77,14.85,,14.76,,,34757654,513884956.28,83793,F1,1,,,,,,Cash Only,Unclassified,False,14.79,14.805,14.774999999999999,14.805,14.774999999999999,0.030000000000001137,0.20325203252033291,Narrow,Bearish,Below CPR,False,True,0.4666666666666667,60,639869561.6800001,Lower,True,Neutral,False,0.23571428571428552,14.49,14.508799999999999,0.1272727272727322,0.8031089257172617,True,True,No setup,Neutral,0,Not applicable,No directional setup; confirmation score not applicable.,Narrow CPR,Not applicable,Not applicable,Narrow CPR; Wide CPR rules not applied,0,0,0,0
2026-09-21,2026-09-21,CM,NSE,STK,21484,INE577L01016,STEL,EQ,,,,,STEL HOLDINGS LIMITED,654.2,668.9,652.55,662.75,664.0,654.2,,662.78,,,14231,9387082.85,442,F1,1,,,,,,Cash Only,Unclassified,False,661.4,660.7249999999999,662.075,662.075,660.7249999999999,1.3500000000001364,0.2036967182195604,Narrow,Bullish,Above CPR,True,False,0.21666666666666667,60,1826658.725,Higher,True,Neutral,True,27.22499999999999,583.7570000000001,550.4075,0.04958677685950916,5.138936311160148,True,True,No setup,Neutral,0,Not applicable,No directional setup; confirmation score not applicable.,Narrow CPR,Not applicable,Not applicable,Narrow CPR; Wide CPR rules not applied,0,0,0,0
2026-09-21,2026-09-21,CM,NSE,STK,3339,INE660A01013,SUNDARMFIN,EQ,,,,,SUNDARAM FINANCE LTD,4751.3,4751.3,4636.4,4679.5,4684.0,4730.6,,4679.36,,,18298,85567890.8,5393,F1,1,,,,,,Cash Only,Financial Services,True,4689.066666666667,4693.85,4684.283333333333,4693.85,4684.283333333333,9.566666666667516,0.20443779606085086,Narrow,Bearish,Below CPR,False,True,0.35,60,199778649.5,Lower,True,Neutral,False,105.52142857142846,4568.75,4520.767,0.09066089036305786,0.4283134910269778,True,True,No setup,Neutral,0,Not applicable,No directional setup; confirmation score not applicable.,Narrow CPR,Not applicable,Not applicable,Narrow CPR; Wide CPR rules not applied,0,0,0,0
2026-09-21,2026-09-21,CM,NSE,STK,1597,INE177A01018,INGERRAND,EQ,,,,,INGERSOLL-RAND INDIA LTD,4155.7,4237.3,4149.6,4206.4,4200.0,4155.7,,4206.37,,,22846,95724897.5,4549,F1,1,,,,,,Cash Only,Unclassified,False,4197.766666666667,4193.450000000001,4202.083333333334,4202.083333333334,4193.450000000001,8.633333333333212,0.20524280461518668,Narrow,Bullish,Above CPR,True,False,0.3,60,68768530.55,Inside,True,Neutral,False,141.192857142857,4508.331999999999,4419.643,0.06114568051128906,1.391986955870762,False,False,No setup,Neutral,0,Not applicable,No directional setup; confirmation score not applicable.,Narrow CPR,Not applicable,Not applicable,Narrow CPR; Wide CPR rules not applied,0,0,0,0
2026-09-21,2026-09-21,CM,NSE,STK,2277,INE883A01011,MRF,EQ,,,,,MRF LTD,125780.0,125780.0,124700.0,124855.0,124860.0,125670.0,,124854.7,,,2449,306251300.0,1940,F1,1,,,,,,Cash Only,Automobile and Auto Components,True,125111.66666666667,125240.0,124983.33333333334,125240.0,124983.33333333334,256.66666666665697,0.20557179661740174,Narrow,Bearish,Below CPR,False,True,0.4666666666666667,60,524819320.0,Overlapping,True,Neutral,False,2060.3571428571427,131477.6,129911.85,0.12457387184375794,0.5835366350461336,False,False,No setup,Neutral,0,Not applicable,No directional setup; confirmation score not applicable.,Narrow CPR,Not applicable,Not applicable,Narrow CPR; Wide CPR rules not applied,0,0,0,0
2026-09-21,2026-09-21,CM,NSE,STK,8054,INE614B01018,KTKBANK,EQ,,,,,KARNATAKA BANK LIMITED,313.8,316.0,311.15,314.55,314.8,313.8,,314.55,,,1337604,419574257.6,20735,F1,1,,,,,,Cash Only,Unclassified,False,313.90000000000003,313.575,314.2250000000001,314.2250000000001,313.575,0.650000000000091,0.20664441265302527,Narrow,Bullish,Above CPR,True,False,0.23333333333333334,60,664760670.425,Overlapping,True,Neutral,True,9.274999999999997,308.187,286.7984,0.07008086253370255,0.6311658861101914,True,True,No setup,Neutral,0,Not applicable,No directional setup; confirmation score not applicable.,Narrow CPR,Not applicable,Not applicable,Narrow CPR; Wide CPR rules not applied,0,0,0,0
2026-09-21,2026-09-21,CM,NSE,STK,2263,INE545U01014,BANDHANBNK,EQ,,,,,BANDHAN BANK LIMITED,176.0,181.26,175.63,179.0,179.0,175.0,,178.99,,,15271152,2745464576.53,70527,F1,1,,,,,,F&O + Cash,Financial Services,True,178.63,178.445,178.815,178.815,178.445,0.37000000000000455,0.20670391061452767,Narrow,Bullish,Above CPR,True,False,0.2833333333333333,60,1433822181.0549998,Higher,True,Neutral,False,5.465714285714286,177.1584,190.172,0.06769472033455388,1.9147873514621596,True,False,No setup,Neutral,0,Not applicable,No directional setup; confirmation score not applicable.,Narrow CPR,Not applicable,Not applicable,Narrow CPR; Wide CPR rules not applied,0,0,0,0
2026-09-21,2026-09-21,CM,NSE,STK,21957,INE611L01021,INDTERRAIN,EQ,,,,,IND TERRAIN FASHIONS LTD,29.5,29.7,28.16,29.02,29.11,28.91,,29.02,,,27878,803292.16,295,F1,1,,,,,,Cash Only,Unclassified,False,28.959999999999997,28.93,28.989999999999995,28.989999999999995,28.93,0.05999999999999517,0.20675396278427002,Narrow,Bullish,Above CPR,True,False,0.16666666666666666,60,487222.81,Overlapping,True,Neutral,True,1.6457142857142852,30.1794,31.133799999999997,0.03645833333333041,1.6487162413434626,False,False,No setup,Neutral,0,Not applicable,No directional setup; confirmation score not applicable.,Narrow CPR,Not applicable,Not applicable,Narrow CPR; Wide CPR rules not applied,0,0,0,0
2026-09-21,2026-09-21,CM,NSE,STK,27067,INE050M01012,VSSL,EQ,,,,,VARDHMAN SPC STEEL LTD,404.7,417.05,402.0,410.8,410.0,404.7,,410.79,,,146996,60325886.75,5938,F1,1,,,,,,Cash Only,Unclassified,False,409.95,409.525,410.375,410.375,409.525,0.8500000000000227,0.20691333982473778,Narrow,Bullish,Above CPR,True,False,0.2,60,38601565.875,Higher,True,Neutral,True,21.110714285714284,340.60900000000004,308.3849,0.040263914735240464,1.5627834100136748,True,True,No setup,Neutral,0,Not applicable,No directional setup; confirmation score not applicable.,Narrow CPR,Not applicable,Not applicable,Narrow CPR; Wide CPR rules not applied,0,0,0,0
2026-09-21,2026-09-21,CM,NSE,STK,16249,INE483S01020,CCAVENUE,EQ,,,,,AVENUESAI LIMITED,15.9,16.28,15.82,16.0,15.99,16.08,,16.0,,,6402972,102615542.67,11323,F1,1,,,,,,Cash Only,Unclassified,False,16.033333333333335,16.05,16.01666666666667,16.05,16.01666666666667,0.03333333333333144,0.2083333333333215,Narrow,Bearish,Below CPR,False,True,0.16666666666666666,60,193889005.595,Lower,True,Neutral,True,0.7792857142857145,16.1296,15.404200000000001,0.04277421326000367,0.5292488986422769,False,True,No setup,Neutral,0,Not applicable,No directional setup; confirmation score not applicable.,Narrow CPR,Not applicable,Not applicable,Narrow CPR; Wide CPR rules not applied,0,0,0,0
2026-09-21,2026-09-21,CM,NSE,STK,25718,INE205C01021,POLYMED,EQ,,,,,POLY MEDICURE LIMITED,1728.0,1728.0,1695.1,1706.2,1708.0,1726.0,,1706.05,,,72056,122872853.8,7248,F1,1,,,,,,Cash Only,Healthcare,True,1709.7666666666667,1711.55,1707.9833333333333,1711.55,1707.9833333333333,3.566666666666606,0.20904153479466683,Narrow,Bearish,Below CPR,False,True,0.26666666666666666,60,174929873.9,Lower,True,Neutral,False,53.771428571428636,1724.6979999999999,1636.1529999999998,0.0663301452355638,0.7024120641065642,False,True,No setup,Neutral,0,Not applicable,No directional setup; confirmation score not applicable.,Narrow CPR,Not applicable,Not applicable,Narrow CPR; Wide CPR rules not applied,0,0,0,0
2026-09-21,2026-09-21,CM,NSE,STK,764532,INE1D0W01018,TECHNOCRAF,EQ,,,,,TECHNOCRAFT VENTURES LTD,442.4,446.95,431.1,437.65,439.7,440.8,,437.66,,,746751,328202506.7,16855,F1,1,,,,,,Cash Only,Unclassified,False,438.5666666666666,439.025,438.10833333333323,439.025,438.10833333333323,0.9166666666667425,0.20945199741042897,Narrow,Bearish,Below CPR,False,True,0.3076923076923077,26,637704963.3399999,Lower,True,Neutral,False,22.264285714285705,,,0.04117206715859609,0.5146619919359401,False,False,No setup,Neutral,0,Not applicable,No directional setup; confirmation score not applicable.,Narrow CPR,Not applicable,Not applicable,Narrow CPR; Wide CPR rules not applied,0,0,0,0
2026-09-21,2026-09-21,CM,NSE,STK,3724,INE710A01016,VSTIND,EQ,,,,,VST INDUSTRIES LTD,208.7,208.7,206.12,206.76,206.55,208.92,,206.76,,,77120,15956788.49,2620,F1,1,,,,,,Cash Only,Unclassified,False,207.1933333333333,207.41,206.9766666666666,207.41,206.9766666666666,0.43333333333339397,0.20958276907206133,Narrow,Bearish,Below CPR,False,True,0.5666666666666667,60,34838769.545,Lower,True,Neutral,False,3.55857142857143,217.4054,238.2204,0.12177171149473129,0.45801814181150063,False,False,No setup,Neutral,0,Not applicable,No directional setup; confirmation score not applicable.,Narrow CPR,Not applicable,Not applicable,Narrow CPR; Wide CPR rules not applied,0,0,0,0
2026-09-21,2026-09-21,CM,NSE,STK,12603,INE484I01029,PRECAM,EQ,,,,,PRECISION CAMSHAFTS LTD.,116.34,118.38,115.72,117.42,116.6,116.41,,117.4,,,86106,10078682.77,2391,F1,1,,,,,,Cash Only,Unclassified,False,117.17333333333333,117.05,117.29666666666667,117.29666666666667,117.05,0.2466666666666697,0.21007210583092292,Narrow,Bullish,Above CPR,True,False,0.26666666666666666,60,14678043.615,Higher,True,Neutral,False,4.495,132.4428,142.5056,0.05487578791249604,0.6866502808112823,False,False,No setup,Neutral,0,Not applicable,No directional setup; confirmation score not applicable.,Narrow CPR,Not applicable,Not applicable,Narrow CPR; Wide CPR rules not applied,0,0,0,0
2026-09-21,2026-09-21,CM,NSE,STK,1497,INE644Y01017,SHIVAMILLS,EQ,,,,,SHIVA MILLS LIMITED,61.58,61.58,59.1,60.15,60.5,61.58,,60.15,,,2401,144308.91,22,F1,1,,,,,,Cash Only,Unclassified,False,60.27666666666667,60.34,60.21333333333334,60.34,60.21333333333334,0.12666666666666515,0.2105846494873901,Narrow,Bearish,Below CPR,False,True,0.18333333333333332,60,147511.59,Inside,True,Neutral,True,3.0607142857142864,61.840199999999996,57.64849999999999,0.04138467522364788,0.9782886212534215,False,True,No setup,Neutral,0,Not applicable,No directional setup; confirmation score not applicable.,Narrow CPR,Not applicable,Not applicable,Narrow CPR; Wide CPR rules not applied,0,0,0,0
2026-09-21,2026-09-21,CM,NSE,STK,4957,INE691Z01023,GANGAFORGE,EQ,,,,,GANGA FORGING LIMITED,1.57,1.61,1.56,1.58,1.58,1.55,,1.58,,,2230854,3548613.01,938,F1,1,,,,,,Cash Only,Unclassified,False,1.5833333333333333,1.585,1.5816666666666666,1.585,1.5816666666666666,0.0033333333333334103,0.210970464135026,Narrow,Bearish,Below CPR,False,True,0.2833333333333333,60,2034584.22,Higher,True,Neutral,False,0.07785714285714282,2.126,2.3680999999999996,0.042813455657493366,1.744146531324223,False,False,No setup,Neutral,0,Not applicable,No directional setup; confirmation score not applicable.,Narrow CPR,Not applicable,Not applicable,Narrow CPR; Wide CPR rules not applied,0,0,0,0
2026-09-21,2026-09-21,CM,NSE,STK,24948,INE498L01015,LTF,EQ,,,,,L&T FINANCE LIMITED,311.0,311.25,306.3,307.8,307.8,312.8,,307.82,,,2617760,807669427.6,41864,F1,1,,,,,,F&O + Cash,Financial Services,True,308.45,308.775,308.125,308.775,308.125,0.6499999999999773,0.21117608836906343,Narrow,Bearish,Below CPR,False,True,0.25,60,1248491806.1,Overlapping,True,Neutral,True,8.614285714285716,312.312,300.689,0.07545605306799072,0.6469160819909365,False,True,No setup,Neutral,0,Not applicable,No directional setup; confirmation score not applicable.,Narrow CPR,Not applicable,Not applicable,Narrow CPR; Wide CPR rules not applied,0,0,0,0
2026-09-21,2026-09-21,CM,NSE,STK,24184,INE603J01030,PIIND,EQ,,,,,PI INDUSTRIES LTD,2324.0,2342.7,2315.7,2321.8,2321.8,2366.8,,2321.81,,,68758,160235556.2,8905,F1,1,,,,,,F&O + Cash,Chemicals,True,2326.733333333333,2329.2,2324.2666666666664,2329.2,2324.2666666666664,4.933333333333394,0.21247882390099895,Narrow,Bearish,Below CPR,False,True,0.4,60,455145064.4,Lower,True,Neutral,False,60.150000000000055,2547.514,2690.3340000000003,0.08201717927403807,0.35205381477932157,False,False,No setup,Neutral,0,Not applicable,No directional setup; confirmation score not applicable.,Narrow CPR,Not applicable,Not applicable,Narrow CPR; Wide CPR rules not applied,0,0,0,0
2026-09-21,2026-09-21,CM,NSE,STK,13501,INE418H01029,ALLCARGO,EQ,,,,,ALLCARGO LOGISTICS LTD,11.06,11.23,10.8,10.98,10.9,11.11,,10.98,,,5674569,62693310.14,6548,F1,1,,,,,,Cash Only,Unclassified,False,11.003333333333336,11.015,10.99166666666667,11.015,10.99166666666667,0.023333333333329875,0.21250758955673837,Narrow,Bearish,Below CPR,False,True,0.2,60,83853621.4,Lower,True,Neutral,True,0.6314285714285715,10.2196,9.520299999999999,0.0369532428355903,0.7476517900275205,True,True,No setup,Neutral,0,Not applicable,No directional setup; confirmation score not applicable.,Narrow CPR,Not applicable,Not applicable,Narrow CPR; Wide CPR rules not applied,0,0,0,0
2026-09-21,2026-09-21,CM,NSE,STK,203,INE348A01023,ASHAPURMIN,EQ,,,,,ASHAPURA MINECHEM LTD,527.0,541.85,519.25,532.25,531.0,525.35,,532.28,,,391419,208236999.15,14138,F1,1,,,,,,Cash Only,Unclassified,False,531.1166666666667,530.55,531.6833333333334,531.6833333333334,530.55,1.1333333333334394,0.21293251917960349,Narrow,Bullish,Above CPR,True,False,0.16666666666666666,60,207616845.05,Higher,True,Neutral,True,19.796428571428578,624.3820000000001,648.2835,0.057249383606957055,1.002987012445212,False,False,No setup,Neutral,0,Not applicable,No directional setup; confirmation score not applicable.,Narrow CPR,Not applicable,Not applicable,Narrow CPR; Wide CPR rules not applied,0,0,0,0
2026-09-21,2026-09-21,CM,NSE,STK,11532,INE481G01011,ULTRACEMCO,EQ,,,,,ULTRATECH CEMENT LIMITED,11014.0,11146.0,10983.0,11100.0,11100.0,11014.0,,11100.0,,,152231,1687001056.0,22879,F1,1,,,,,,F&O + Cash,Construction Materials,True,11076.333333333334,11064.5,11088.166666666668,11088.166666666668,11064.5,23.66666666666788,0.21321321321322415,Narrow,Bullish,Above CPR,True,False,0.35,60,2619217181.0,Higher,True,Neutral,False,206.85714285714286,11584.4,11523.67,0.11441068139963753,0.6440859766183704,False,False,No setup,Neutral,0,Not applicable,No directional setup; confirmation score not applicable.,Narrow CPR,Not applicable,Not applicable,Narrow CPR; Wide CPR rules not applied,0,0,0,0
2026-09-21,2026-09-21,CM,NSE,STK,9641,INE060B01014,KHANDSE,EQ,,,,,KHANDWALA SECURITIES LTD,17.5,17.82,16.59,17.15,17.29,18.09,,17.17,,,5959,101936.68,188,F1,1,,,,,,Cash Only,Unclassified,False,17.186666666666664,17.205,17.16833333333333,17.205,17.16833333333333,0.036666666666668846,0.21379980563655307,Narrow,Bearish,Below CPR,False,True,0.21666666666666667,60,23528.655,Lower,True,Neutral,True,1.2085714285714277,17.4106,17.592,0.03033884948778748,4.332448242366595,False,False,No setup,Neutral,0,Not applicable,No directional setup; confirmation score not applicable.,Narrow CPR,Not applicable,Not applicable,Narrow CPR; Wide CPR rules not applied,0,0,0,0
2026-09-21,2026-09-21,CM,NSE,STK,14523,INE725G01011,ICRA,EQ,,,,,ICRA LIMITED,4575.4,4601.8,4518.8,4545.7,4531.0,4544.7,,4545.62,,,27497,125166106.3,4701,F1,1,,,,,,Cash Only,Unclassified,False,4555.433333333333,4560.3,4550.566666666667,4560.3,4550.566666666667,9.733333333333576,0.21412177075771777,Narrow,Bearish,Below CPR,False,True,0.18333333333333332,60,139793714.5,Overlapping,True,Neutral,True,115.42857142857136,4955.696,5121.4929999999995,0.08432343234323647,0.895362904889404,False,False,No setup,Neutral,0,Not applicable,No directional setup; confirmation score not applicable.,Narrow CPR,Not applicable,Not applicable,Narrow CPR; Wide CPR rules not applied,0,0,0,0
2026-09-21,2026-09-21,CM,NSE,STK,15295,INE539B01017,VIRINCHI,EQ,,,,,VIRINCHI LIMITED,14.02,14.23,13.82,13.98,14.03,14.17,,13.98,,,28467,397902.87,145,F1,1,,,,,,Cash Only,Unclassified,False,14.01,14.025,13.995,14.025,13.995,0.030000000000001137,0.2145922746781197,Narrow,Bearish,Below CPR,False,True,0.16666666666666666,60,766379.64,Lower,True,Neutral,True,0.7335714285714287,15.083599999999999,15.731900000000001,0.04089581304771333,0.5191981222256896,False,False,No setup,Neutral,0,Not applicable,No directional setup; confirmation score not applicable.,Narrow CPR,Not applicable,Not applicable,Narrow CPR; Wide CPR rules not applied,0,0,0,0
2026-09-21,2026-09-21,CM,NSE,STK,24231,INE239D01028,OMINFRAL,EQ,,,,,OM INFRA LIMITED,78.33,80.0,77.71,79.11,79.99,78.33,,79.12,,,44681,3531154.77,1060,F1,1,,,,,,Cash Only,Unclassified,False,78.94,78.85499999999999,79.025,79.025,78.85499999999999,0.17000000000001592,0.21489065857668552,Narrow,Bullish,Above CPR,True,False,0.2,60,5711787.2,Inside,True,Neutral,True,3.365714285714283,85.4032,86.9058,0.05050933786078576,0.6182223963105629,False,False,No setup,Neutral,0,Not applicable,No directional setup; confirmation score not applicable.,Narrow CPR,Not applicable,Not applicable,Narrow CPR; Wide CPR rules not applied,0,0,0,0
2026-09-21,2026-09-21,CM,NSE,STK,11896,INE007B01023,GEOJITFSL,EQ,,,,,GEOJIT FINANCIAL SER L,81.89,82.74,80.61,81.94,81.6,81.99,,81.95,,,191462,15652814.29,2248,F1,1,,,,,,Cash Only,Unclassified,False,81.76333333333334,81.675,81.85166666666667,81.85166666666667,81.675,0.17666666666667652,0.2156049141648481,Narrow,Bullish,Above CPR,True,False,0.35,60,25043114.68,Overlapping,True,Neutral,False,2.7221428571428583,79.8422,77.1338,0.0648998513076219,0.6250346448519318,True,True,No setup,Neutral,0,Not applicable,No directional setup; confirmation score not applicable.,Narrow CPR,Not applicable,Not applicable,Narrow CPR; Wide CPR rules not applied,0,0,0,0
2026-09-21,2026-09-21,CM,NSE,STK,765080,INE638B01025,HBPOR,EQ,,,,,HB PORTFOLIO LTD.,60.5,63.48,60.5,61.79,62.5,61.0,,61.82,,,139,8620.94,20,F1,1,,,,,,Cash Only,Unclassified,False,61.923333333333325,61.989999999999995,61.856666666666655,61.989999999999995,61.856666666666655,0.13333333333333997,0.21578464692238222,Narrow,Bearish,Below CPR,False,True,0.08,25,53824.72,Higher,True,Neutral,True,3.047857142857142,,,0.04374658229826014,0.1601669270179204,False,False,No setup,Neutral,0,Not applicable,No directional setup; confirmation score not applicable.,Narrow CPR,Not applicable,Not applicable,Narrow CPR; Wide CPR rules not applied,0,0,0,0
2026-09-21,2026-09-21,CM,NSE,STK,763294,INE12F801023,KISSHT,EQ,,,,,ONEMI TECHNOLOGY SOL LTD,357.0,368.85,353.8,362.5,362.9,356.05,,362.51,,,1819776,660106261.3,46673,F1,1,,,,,,Cash Only,Unclassified,False,361.7166666666667,361.32500000000005,362.10833333333335,362.10833333333335,361.32500000000005,0.783333333333303,0.21609195402298012,Narrow,Bullish,Above CPR,True,False,0.16666666666666666,60,503668685.175,Higher,True,Neutral,True,18.860714285714284,318.778,,0.041532538029412015,1.3105961929530037,True,False,No setup,Neutral,0,Not applicable,No directional setup; confirmation score not applicable.,Narrow CPR,Not applicable,Not applicable,Narrow CPR; Wide CPR rules not applied,0,0,0,0
2026-09-21,2026-09-21,CM,NSE,STK,18908,INE572E01012,PNBHOUSING,EQ,,,,,PNB HOUSING FIN LTD.,1128.4,1154.6,1120.2,1141.1,1141.1,1133.1,,1141.1,,,1155761,1315657237.2,32702,F1,1,,,,,,F&O + Cash,Financial Services,True,1138.6333333333334,1137.4,1139.8666666666668,1139.8666666666668,1137.4,2.466666666666697,0.2161656880787571,Narrow,Bullish,Above CPR,True,False,0.25,60,915341822.65,Higher,True,Neutral,True,33.021428571428565,1130.294,1085.518,0.07469896892349938,1.4373398053538617,True,True,No setup,Neutral,0,Not applicable,No directional setup; confirmation score not applicable.,Narrow CPR,Not applicable,Not applicable,Narrow CPR; Wide CPR rules not applied,0,0,0,0
2026-09-21,2026-09-21,CM,NSE,STK,11411,INE399G01023,RKFORGE,EQ,,,,,RAMKRISHNA FORGINGS LTD,725.0,725.0,712.65,716.5,719.4,724.1,,716.5,,,318768,228666355.05,12275,F1,1,,,,,,Cash Only,Automobile and Auto Components,True,718.0500000000001,718.825,717.2750000000001,718.825,717.2750000000001,1.5499999999999545,0.21632937892532514,Narrow,Bearish,Below CPR,False,True,0.23333333333333334,60,524372744.65,Inside,True,Neutral,True,25.878571428571426,684.5340000000001,630.4,0.059895114545954635,0.43607597340442744,True,True,No setup,Neutral,0,Not applicable,No directional setup; confirmation score not applicable.,Narrow CPR,Not applicable,Not applicable,Narrow CPR; Wide CPR rules not applied,0,0,0,0
2026-09-21,2026-09-21,CM,NSE,STK,765000,INE285C01015,VOITHPAPR,EQ,,,,,VOITH PAPER FABRICS IND L,1445.1,1445.1,1429.0,1432.4,1437.0,1457.5,,1432.61,,,1522,2190155.4,152,F1,1,,,,,,Cash Only,Unclassified,False,1435.5,1437.05,1433.95,1437.05,1433.95,3.099999999999909,0.21641999441496151,Narrow,Bearish,Below CPR,False,True,0.28,25,529074.2,Lower,True,Neutral,False,41.514285714285734,,,0.07467309015829096,4.13959970076031,False,False,No setup,Neutral,0,Not applicable,No directional setup; confirmation score not applicable.,Narrow CPR,Not applicable,Not applicable,Narrow CPR; Wide CPR rules not applied,0,0,0,0
2026-09-21,2026-09-21,CM,NSE,STK,22663,INE953L01027,JSFB,EQ,,,,,JANA SMALL FIN BANK LTD,528.0,537.25,521.9,531.3,529.3,527.3,,531.29,,,835023,442505445.7,15358,F1,1,,,,,,Cash Only,Unclassified,False,530.15,529.575,530.7249999999999,530.7249999999999,529.575,1.1499999999998636,0.21645021645019077,Narrow,Bullish,Above CPR,True,False,0.16666666666666666,60,312919147.925,Higher,True,Neutral,True,22.06785714285715,541.309,504.54,0.052111992231746514,1.4141207038121522,False,True,No setup,Neutral,0,Not applicable,No directional setup; confirmation score not applicable.,Narrow CPR,Not applicable,Not applicable,Narrow CPR; Wide CPR rules not applied,0,0,0,0
2026-09-21,2026-09-21,CM,NSE,STK,757478,INE090501011,SCODATUBES,EQ,,,,,SCODA TUBES LIMITED,127.8,131.9,127.5,129.28,129.95,128.51,,129.27,,,177565,23014096.88,3348,F1,1,,,,,,Cash Only,Unclassified,False,129.55999999999997,129.7,129.41999999999996,129.7,129.41999999999996,0.28000000000002956,0.21658415841586445,Narrow,Bearish,Below CPR,False,True,0.26666666666666666,60,22573218.5,Higher,True,Neutral,False,5.369285714285717,136.90980000000002,138.4756,0.05214846348277786,1.0195310376320506,False,False,No setup,Neutral,0,Not applicable,No directional setup; confirmation score not applicable.,Narrow CPR,Not applicable,Not applicable,Narrow CPR; Wide CPR rules not applied,0,0,0,0
2026-09-21,2026-09-21,CM,NSE,STK,495,INE233B01017,BLUEDART,EQ,,,,,BLUE DART EXPRESS LTD,4821.2,4849.8,4794.0,4806.2,4814.9,4821.0,,4806.06,,,5084,24465073.3,1701,F1,1,,,,,,Cash Only,Services,True,4816.666666666667,4821.9,4811.433333333334,4821.9,4811.433333333334,10.466666666665333,0.21777426379812184,Narrow,Bearish,Below CPR,False,True,0.43333333333333335,60,32937524.75,Overlapping,True,Neutral,False,92.33571428571427,5010.5779999999995,4991.434,0.11335447770814162,0.7427720657727931,False,False,No setup,Neutral,0,Not applicable,No directional setup; confirmation score not applicable.,Narrow CPR,Not applicable,Not applicable,Narrow CPR; Wide CPR rules not applied,0,0,0,0
2026-09-21,2026-09-21,CM,NSE,STK,2643,INE182A01018,PFIZER,EQ,,,,,PFIZER LTD,4012.5,4045.0,4000.0,4035.7,4034.0,4002.4,,4035.75,,,16758,67513162.3,3141,F1,1,,,,,,Cash Only,Healthcare,True,4026.9,4022.5,4031.3,4031.3,4022.5,8.800000000000182,0.21805386921724068,Narrow,Bullish,Above CPR,True,False,0.48333333333333334,60,129155560.0,Higher,True,Neutral,False,98.19285714285719,4645.52,4624.623,0.0896195533570979,0.5227274946583794,False,False,No setup,Neutral,0,Not applicable,No directional setup; confirmation score not applicable.,Narrow CPR,Not applicable,Not applicable,Narrow CPR; Wide CPR rules not applied,0,0,0,0
2026-09-21,2026-09-21,CM,NSE,STK,761148,INE0L4K01016,VITAL,EQ,,,,,VITAL CHEMTECH LIMITED,56.95,56.95,53.21,54.9,55.95,55.4,,54.9,,,3023,166206.21,21,F1,1,,,,,,Cash Only,Unclassified,False,55.02,55.08,54.96000000000001,55.08,54.96000000000001,0.11999999999999034,0.21857923497266,Narrow,Bearish,Below CPR,False,True,0.18421052631578946,38,502862.475,Lower,True,Neutral,True,3.220000000000001,,,0.037267080745338604,0.33052020833330226,False,False,No setup,Neutral,0,Not applicable,No directional setup; confirmation score not applicable.,Narrow CPR,Not applicable,Not applicable,Narrow CPR; Wide CPR rules not applied,0,0,0,0
2026-09-21,2026-09-21,CM,NSE,STK,8962,INE626Z01029,HARDWYN,EQ,,,,,HARDWYN INDIA LIMITED,9.19,9.19,9.05,9.15,9.17,9.16,,9.15,,,432254,3944375.53,645,F1,1,,,,,,Cash Only,Unclassified,False,9.13,9.120000000000001,9.14,9.14,9.120000000000001,0.019999999999999574,0.2185792349726729,Narrow,Bullish,Above CPR,True,False,0.31666666666666665,60,25659384.955,Overlapping,True,Neutral,False,0.33928571428571386,11.443200000000001,18.1133,0.05894736842105145,0.1537205796989065,False,False,No setup,Neutral,0,Not applicable,No directional setup; confirmation score not applicable.,Narrow CPR,Not applicable,Not applicable,Narrow CPR; Wide CPR rules not applied,0,0,0,0
2026-09-21,2026-09-21,CM,NSE,STK,7374,INE939A01011,STAR,EQ,,,,,STRIDES PHARMA SCI LTD,1230.0,1260.9,1217.4,1235.1,1227.1,1219.8,,1235.24,,,421704,523867851.7,25520,F1,1,,,,,,Cash Only,Unclassified,False,1237.8,1239.15,1236.4499999999998,1239.15,1236.4499999999998,2.700000000000273,0.2186057809084506,Narrow,Bearish,Below CPR,False,True,0.16666666666666666,60,215850122.45,Higher,True,Neutral,True,52.864285714285735,1054.45,1077.8205,0.051074179164982844,2.426998167774262,True,True,No setup,Neutral,0,Not applicable,No directional setup; confirmation score not applicable.,Narrow CPR,Not applicable,Not applicable,Narrow CPR; Wide CPR rules not applied,0,0,0,0
2026-09-21,2026-09-21,CM,NSE,STK,338,INE164A01016,BALMLAWRIE,EQ,,,,,BALMER LAWRIE & CO LTD,166.84,167.41,165.7,166.01,166.24,167.41,,166.02,,,54022,8977134.19,1290,F1,1,,,,,,Cash Only,Unclassified,False,166.37333333333333,166.555,166.19166666666666,166.555,166.19166666666666,0.36333333333334394,0.21886231753107882,Narrow,Bearish,Below CPR,False,True,0.5666666666666667,60,17462993.415,Inside,True,Neutral,False,3.489999999999999,174.62380000000002,178.91549999999998,0.10410697230181779,0.5140661727724759,False,False,No setup,Neutral,0,Not applicable,No directional setup; confirmation score not applicable.,Narrow CPR,Not applicable,Not applicable,Narrow CPR; Wide CPR rules not applied,0,0,0,0
2026-09-21,2026-09-21,CM,NSE,STK,27754,INE403Y01018,INNOVANA,EQ,,,,,INNOVANA THINKLABS LTD,304.85,309.0,298.0,304.5,298.0,303.25,,302.43,,,19663,6006183.75,431,F1,1,,,,,,Cash Only,Unclassified,False,303.8333333333333,303.5,304.16666666666663,304.16666666666663,303.5,0.6666666666666288,0.2189381499726203,Narrow,Bullish,Above CPR,True,False,0.18333333333333332,60,1060594.875,Higher,True,Neutral,True,17.98214285714285,319.582,331.0325,0.03707381661701214,5.663032974772766,False,False,No setup,Neutral,0,Not applicable,No directional setup; confirmation score not applicable.,Narrow CPR,Not applicable,Not applicable,Narrow CPR; Wide CPR rules not applied,0,0,0,0
2026-09-21,2026-09-21,CM,NSE,STK,19020,INE880J01026,JSWINFRA,EQ,,,,,JSW INFRASTRUCTURE LTD,349.0,350.95,345.95,349.6,350.0,348.25,,349.6,,,4303920,1500989677.6,53848,F1,1,,,,,,Cash Only,Services,True,348.8333333333333,348.45,349.21666666666664,349.21666666666664,348.45,0.7666666666666515,0.21929824561403075,Narrow,Bullish,Above CPR,True,False,0.25,60,910052437.725,Higher,True,Neutral,True,11.235714285714282,335.03100000000006,312.9732,0.06823479550752146,1.6493441645541413,True,True,No setup,Neutral,0,Not applicable,No directional setup; confirmation score not applicable.,Narrow CPR,Not applicable,Not applicable,Narrow CPR; Wide CPR rules not applied,0,0,0,0
2026-09-21,2026-09-21,CM,NSE,STK,1196,INE531A01024,KANSAINER,EQ,,,,,KANSAI NEROLAC PAINTS LTD,183.96,183.96,181.78,182.27,181.79,183.96,,182.27,,,104622,19121312.54,2997,F1,1,,,,,,Cash Only,Unclassified,False,182.67,182.87,182.46999999999997,182.87,182.46999999999997,0.4000000000000341,0.21945465518189172,Narrow,Bearish,Below CPR,False,True,0.35,60,37099526.885,Lower,True,Neutral,False,3.9957142857142878,198.81600000000003,205.3876,0.10010725777619726,0.5154058325129501,False,False,No setup,Neutral,0,Not applicable,No directional setup; confirmation score not applicable.,Narrow CPR,Not applicable,Not applicable,Narrow CPR; Wide CPR rules not applied,0,0,0,0
2026-09-21,2026-09-21,CM,NSE,STK,14260,INE940H01022,PGIL,EQ,,,,,PEARL GLOBAL IND LIMITED,1146.1,1153.9,1130.4,1138.4,1150.0,1146.1,,1138.19,,,114831,131208140.4,11589,F1,1,,,,,,Cash Only,Unclassified,False,1140.9,1142.15,1139.65,1142.15,1139.65,2.5,0.2196064652143359,Narrow,Bearish,Below CPR,False,True,0.3,60,149911744.64999998,Overlapping,True,Neutral,False,170.4857142857143,2104.416,1914.415,0.014663985252220546,0.8752358976698763,False,False,No setup,Neutral,0,Not applicable,No directional setup; confirmation score not applicable.,Narrow CPR,Not applicable,Not applicable,Narrow CPR; Wide CPR rules not applied,0,0,0,0
2026-09-21,2026-09-21,CM,NSE,STK,14813,INE102I01027,ADSL,EQ,,,,,ALLIED DIGITAL SERV. LTD,96.29,99.0,95.52,96.94,96.7,96.29,,96.91,,,77436,7532267.34,1781,F1,1,,,,,,Cash Only,Unclassified,False,97.15333333333332,97.25999999999999,97.04666666666665,97.25999999999999,97.04666666666665,0.21333333333333826,0.22006739563991978,Narrow,Bearish,Below CPR,False,True,0.25,60,10963301.785,Higher,True,Neutral,True,3.4164285714285683,110.2916,116.77949999999998,0.06244337584500812,0.6870436924673236,False,False,No setup,Neutral,0,Not applicable,No directional setup; confirmation score not applicable.,Narrow CPR,Not applicable,Not applicable,Narrow CPR; Wide CPR rules not applied,0,0,0,0
2026-09-21,2026-09-21,CM,NSE,STK,10666,INE160A01022,PNB,EQ,,,,,PUNJAB NATIONAL BANK,117.23,118.58,116.64,118.0,118.0,117.27,,118.0,,,8624424,1016134986.97,32634,F1,1,,,,,,F&O + Cash,Financial Services,True,117.74000000000001,117.61,117.87000000000002,117.87000000000002,117.61,0.2600000000000193,0.22033898305086386,Narrow,Bullish,Above CPR,True,False,0.48333333333333334,60,1361218582.455,Higher,True,Neutral,False,2.279285714285718,114.051,110.0457,0.11407082419305123,0.7464892119951588,True,True,No setup,Neutral,0,Not applicable,No directional setup; confirmation score not applicable.,Narrow CPR,Not applicable,Not applicable,Narrow CPR; Wide CPR rules not applied,0,0,0,0
2026-09-21,2026-09-21,CM,NSE,STK,17022,INE636A01039,MAWANASUG,EQ,,,,,MAWANA SUGARS LIMITED,126.9,128.2,123.53,125.45,125.0,128.21,,125.45,,,110224,13841543.84,3188,F1,1,,,,,,Cash Only,Unclassified,False,125.72666666666667,125.865,125.58833333333335,125.865,125.58833333333335,0.2766666666666424,0.22053939152382815,Narrow,Bearish,Below CPR,False,True,0.15,60,30856774.215,Lower,True,Neutral,True,6.729285714285715,122.68360000000001,101.9458,0.04111382372713081,0.4485739093644919,True,True,No setup,Neutral,0,Not applicable,No directional setup; confirmation score not applicable.,Narrow CPR,Not applicable,Not applicable,Narrow CPR; Wide CPR rules not applied,0,0,0,0
2026-09-21,2026-09-21,CM,NSE,STK,7553,INE349A01021,NRBBEARING,EQ,,,,,NRB BEARING LIMITED,531.1,538.0,522.5,528.5,524.9,525.5,,528.22,,,1157056,614237258.15,37683,F1,1,,,,,,Cash Only,Unclassified,False,529.6666666666666,530.25,529.0833333333333,530.25,529.0833333333333,1.1666666666667425,0.22075055187639406,Narrow,Bearish,Below CPR,False,True,0.18333333333333332,60,154154239.525,Higher,True,Neutral,True,24.90714285714285,455.39799999999997,419.7293,0.04684064620973444,3.984562864068269,True,True,No setup,Neutral,0,Not applicable,No directional setup; confirmation score not applicable.,Narrow CPR,Not applicable,Not applicable,Narrow CPR; Wide CPR rules not applied,0,0,0,0
2026-09-21,2026-09-21,CM,NSE,STK,916,INE126A01031,EIDPARRY,EQ,,,,,EID PARRY INDIA LTD,700.0,705.0,692.15,700.9,703.0,700.7,,700.91,,,222482,155662712.65,12735,F1,1,,,,,,Cash Only,Fast Moving Consumer Goods,True,699.35,698.575,700.125,700.125,698.575,1.5499999999999545,0.2211442431159872,Narrow,Bullish,Above CPR,True,False,0.23333333333333334,60,244948837.0,Overlapping,True,Neutral,True,21.66428571428571,773.291,767.9159999999999,0.07154632377184098,0.6354907194354223,False,False,No setup,Neutral,0,Not applicable,No directional setup; confirmation score not applicable.,Narrow CPR,Not applicable,Not applicable,Narrow CPR; Wide CPR rules not applied,0,0,0,0
2026-09-21,2026-09-21,CM,NSE,STK,781,INE495A01022,DALMIASUG,EQ,,,,,DALMIA BHARAT SUG IN LTD,392.95,393.15,377.6,384.1,382.0,390.5,,384.11,,,204296,78295481.75,6835,F1,1,,,,,,Cash Only,Unclassified,False,384.95,385.375,384.525,385.375,384.525,0.8500000000000227,0.22129653736006838,Narrow,Bearish,Below CPR,False,True,0.21666666666666667,60,85176536.625,Lower,True,Neutral,True,19.87142857142856,414.845,381.9365,0.04277498202731964,0.9192141973875426,False,True,No setup,Neutral,0,Not applicable,No directional setup; confirmation score not applicable.,Narrow CPR,Not applicable,Not applicable,Narrow CPR; Wide CPR rules not applied,0,0,0,0
2026-09-21,2026-09-21,CM,NSE,STK,17256,INE155C01010,ALBERTDAVD,EQ,,,,,ALBERT DAVID LIMITED,833.0,844.9,833.0,841.75,844.9,833.6,,841.7,,,1552,1301536.6,153,F1,1,,,,,,Cash Only,Unclassified,False,839.8833333333333,838.95,840.8166666666666,840.8166666666666,838.95,1.8666666666665606,0.22176022176020915,Narrow,Bullish,Above CPR,True,False,0.36666666666666664,60,2837855.0,Higher,True,Neutral,False,23.97857142857143,789.6569999999999,754.5885000000001,0.07784728428159621,0.4586339330233575,True,True,No setup,Neutral,0,Not applicable,No directional setup; confirmation score not applicable.,Narrow CPR,Not applicable,Not applicable,Narrow CPR; Wide CPR rules not applied,0,0,0,0
2026-09-21,2026-09-21,CM,NSE,STK,764975,INE693D01018,VADILENT,EQ,,,,,VADILAL ENTERPRISES LTD.,10570.0,10570.0,10500.0,10500.0,10500.0,10540.0,,10457.33,,,57,598671.0,14,F1,1,,,,,,Cash Only,Unclassified,False,10523.333333333334,10535.0,10511.666666666668,10535.0,10511.666666666668,23.33333333333212,0.2222222222222107,Narrow,Bearish,Below CPR,False,True,0.34782608695652173,23,232550.0,Overlapping,True,Neutral,False,525.1428571428571,,,0.04443235400797738,2.57437540313911,False,False,No setup,Neutral,0,Not applicable,No directional setup; confirmation score not applicable.,Narrow CPR,Not applicable,Not applicable,Narrow CPR; Wide CPR rules not applied,0,0,0,0
2026-09-21,2026-09-21,CM,NSE,STK,19585,INE118H01025,BSE,EQ,,,,,BSE LIMITED,3258.0,3258.0,3085.1,3161.0,3161.0,3266.4,,3161.0,,,6738927,21285977639.1,329129,F1,1,,,,,,F&O + Cash,Financial Services,True,3168.0333333333333,3171.55,3164.5166666666664,3171.55,3164.5166666666664,7.033333333333758,0.22250342718550328,Narrow,Bearish,Below CPR,False,True,0.2833333333333333,60,12413944669.4,Lower,True,Neutral,False,115.57857142857145,3447.2739999999994,3703.6609999999996,0.06085326411635411,1.7146828188762024,False,False,No setup,Neutral,0,Not applicable,No directional setup; confirmation score not applicable.,Narrow CPR,Not applicable,Not applicable,Narrow CPR; Wide CPR rules not applied,0,0,0,0
2026-09-21,2026-09-21,CM,NSE,STK,13260,INE389H01022,KEC,EQ,,,,,KEC INTL. LIMITED,406.2,407.3,402.0,403.3,404.0,404.25,,403.3,,,321934,130130888.5,10531,F1,1,,,,,,Cash Only,Construction,True,404.2,404.65,403.75,404.65,403.75,0.8999999999999773,0.2231589387552634,Narrow,Bearish,Below CPR,False,True,0.38333333333333336,60,349052548.45,Overlapping,True,Neutral,False,12.796428571428574,444.909,483.23949999999996,0.07033212391850226,0.3728117416069821,False,False,No setup,Neutral,0,Not applicable,No directional setup; confirmation score not applicable.,Narrow CPR,Not applicable,Not applicable,Narrow CPR; Wide CPR rules not applied,0,0,0,0
2026-09-21,2026-09-21,CM,NSE,STK,2739,INE010A01011,PRSMJOHNSN,EQ,,,,,PRISM JOHNSON LIMITED,117.22,117.8,115.86,116.44,117.0,117.05,,116.64,,,335784,39190946.78,4436,F1,1,,,,,,Cash Only,Unclassified,False,116.7,116.83,116.57000000000001,116.83,116.57000000000001,0.2599999999999909,0.2232909653040114,Narrow,Bearish,Below CPR,False,True,0.35,60,28786936.52,Overlapping,True,Neutral,False,2.762857142857141,110.26379999999999,115.95439999999999,0.09410548086866274,1.3614142912626954,True,True,No setup,Neutral,0,Not applicable,No directional setup; confirmation score not applicable.,Narrow CPR,Not applicable,Not applicable,Narrow CPR; Wide CPR rules not applied,0,0,0,0
2026-09-21,2026-09-21,CM,NSE,STK,17945,INE03QK01018,COHANCE,EQ,,,,,COHANCE LIFESCIENCES LTD,438.45,482.25,435.55,460.45,458.0,438.0,,460.45,,,8798590,4115417506.1,160526,F1,1,,,,,,Cash Only,Healthcare,True,459.4166666666667,458.9,459.9333333333334,459.9333333333334,458.9,1.0333333333334167,0.22441814167301916,Narrow,Bullish,Above CPR,True,False,0.35,60,247395010.675,Higher,True,Neutral,False,18.199999999999996,443.658,442.9315,0.05677655677656137,16.63500607741187,True,True,No setup,Neutral,0,Not applicable,No directional setup; confirmation score not applicable.,Narrow CPR,Not applicable,Not applicable,Narrow CPR; Wide CPR rules not applied,0,0,0,0
2026-09-21,2026-09-21,CM,NSE,STK,758748,INE0PKD01011,MEIL,EQ,,,,,MANGAL ELECTRICAL IND L,271.85,274.8,261.5,267.25,267.0,271.85,,267.25,,,77033,20633626.7,1948,F1,1,,,,,,Cash Only,Unclassified,False,267.84999999999997,268.15,267.54999999999995,268.15,267.54999999999995,0.6000000000000227,0.2245088868101114,Narrow,Bearish,Below CPR,False,True,0.13333333333333333,60,15093574.375,Lower,True,Neutral,True,10.382142857142854,280.5572,265.98150000000004,0.057791537667700864,1.3670470749576837,False,True,No setup,Neutral,0,Not applicable,No directional setup; confirmation score not applicable.,Narrow CPR,Not applicable,Not applicable,Narrow CPR; Wide CPR rules not applied,0,0,0,0
2026-09-21,2026-09-21,CM,NSE,STK,5245,INE198H01019,AAREYDRUGS,EQ,,,,,AAREY DRUGS & PHARM LTD,103.0,103.99,100.06,102.37,100.5,102.13,,102.37,,,206096,21215898.42,1593,F1,1,,,,,,Cash Only,Unclassified,False,102.14,102.025,102.255,102.255,102.025,0.22999999999998977,0.22467519781184894,Narrow,Bullish,Above CPR,True,False,0.15,60,11685477.44,Higher,True,Neutral,True,4.4457142857142875,81.64659999999999,75.1176,0.05173521850899511,1.8155782276706018,True,True,No setup,Neutral,0,Not applicable,No directional setup; confirmation score not applicable.,Narrow CPR,Not applicable,Not applicable,Narrow CPR; Wide CPR rules not applied,0,0,0,0
2026-09-21,2026-09-21,CM,NSE,STK,14385,INE063E01061,POCL,EQ,,,,,PONDY OXIDES & CHEM LTD,471.0,478.0,464.5,472.85,473.0,469.95,,472.85,,,436490,205976988.45,16418,F1,1,,,,,,Cash Only,Unclassified,False,471.7833333333333,471.25,472.3166666666666,472.3166666666666,471.25,1.066666666666606,0.22558246096364723,Narrow,Bullish,Above CPR,True,False,0.26666666666666666,60,216227158.925,Higher,True,Neutral,False,18.43928571428571,604.7719999999999,988.235,0.0578475046807379,0.9525953607032529,False,False,No setup,Neutral,0,Not applicable,No directional setup; confirmation score not applicable.,Narrow CPR,Not applicable,Not applicable,Narrow CPR; Wide CPR rules not applied,0,0,0,0
2026-09-21,2026-09-21,CM,NSE,STK,1164,INE619B01017,NEWGEN,EQ,,,,,NEWGEN SOFTWARE TECH LTD,493.8,497.0,487.85,494.1,492.0,497.3,,493.99,,,382959,188154634.85,14914,F1,1,,,,,,Cash Only,Information Technology,True,492.98333333333335,492.425,493.5416666666667,493.5416666666667,492.425,1.1166666666666742,0.2260001349254552,Narrow,Bullish,Above CPR,True,False,0.21666666666666667,60,504989257.35,Overlapping,True,Neutral,True,14.957142857142847,532.099,503.55800000000005,0.07465775230818267,0.37259136132393605,False,False,No setup,Neutral,0,Not applicable,No directional setup; confirmation score not applicable.,Narrow CPR,Not applicable,Not applicable,Narrow CPR; Wide CPR rules not applied,0,0,0,0
2026-09-21,2026-09-21,CM,NSE,STK,3324,INE287B01021,SUBROS,EQ,,,,,SUBROS LIMITED,717.95,724.45,710.2,714.9,717.0,720.3,,714.78,,,21479,15414456.3,1711,F1,1,,,,,,Cash Only,Unclassified,False,716.5166666666668,717.325,715.7083333333335,717.325,715.7083333333335,1.6166666666665606,0.22613885391894817,Narrow,Bearish,Below CPR,False,True,0.35,60,27252256.275,Inside,True,Neutral,False,21.185714285714294,757.4859999999999,762.2185000000001,0.0763092829849354,0.565621288177175,False,False,No setup,Neutral,0,Not applicable,No directional setup; confirmation score not applicable.,Narrow CPR,Not applicable,Not applicable,Narrow CPR; Wide CPR rules not applied,0,0,0,0
2026-09-21,2026-09-21,CM,NSE,STK,18571,INE934S01014,GNA,EQ,,,,,GNA AXLES LIMITED,569.0,572.85,560.7,564.85,561.5,558.55,,564.83,,,309236,175196146.95,10276,F1,1,,,,,,Cash Only,Unclassified,False,566.1333333333333,566.7750000000001,565.4916666666666,566.7750000000001,565.4916666666666,1.2833333333335304,0.22719896137621143,Narrow,Bearish,Below CPR,False,True,0.23333333333333334,60,167704426.75,Higher,True,Neutral,True,23.878571428571437,540.9630000000001,472.1215,0.05374414198824235,1.0446721672479644,True,True,No setup,Neutral,0,Not applicable,No directional setup; confirmation score not applicable.,Narrow CPR,Not applicable,Not applicable,Narrow CPR; Wide CPR rules not applied,0,0,0,0
2026-09-21,2026-09-21,CM,NSE,STK,21001,INE608A01012,PSB,EQ,,,,,PUNJAB & SIND BANK,22.15,22.2,21.85,21.95,21.94,22.1,,21.95,,,571381,12538713.53,3616,F1,1,,,,,,Cash Only,Unclassified,False,22.0,22.025,21.975,22.025,21.975,0.04999999999999716,0.22779043280180938,Narrow,Bearish,Below CPR,False,True,0.4,60,25321763.86,Inside,True,Neutral,False,0.4599999999999996,23.462600000000002,23.8968,0.10869565217390696,0.4951753597942288,False,False,No setup,Neutral,0,Not applicable,No directional setup; confirmation score not applicable.,Narrow CPR,Not applicable,Not applicable,Narrow CPR; Wide CPR rules not applied,0,0,0,0
2026-09-21,2026-09-21,CM,NSE,STK,3327,INE659A01023,SUDARSCHEM,EQ,,,,,SUDARSHAN CHEMICAL INDS L,1263.5,1274.9,1249.5,1257.9,1258.8,1263.5,,1257.77,,,126679,159772881.7,9758,F1,1,,,,,,Cash Only,Unclassified,False,1260.7666666666667,1262.2,1259.3333333333333,1262.2,1259.3333333333333,2.866666666666788,0.22789304926200712,Narrow,Bearish,Below CPR,False,True,0.21666666666666667,60,292367969.75,Higher,True,Neutral,True,52.68571428571431,1141.4089999999999,1026.215,0.054410701373827294,0.5464787467540294,True,True,No setup,Neutral,0,Not applicable,No directional setup; confirmation score not applicable.,Narrow CPR,Not applicable,Not applicable,Narrow CPR; Wide CPR rules not applied,0,0,0,0
2026-09-21,2026-09-21,CM,NSE,STK,760254,INE02ZQ01018,CORONA,EQ,,,,,CORONA REMEDIES LIMITED,2227.0,2247.9,2193.1,2212.9,2202.0,2201.8,,2212.93,,,20909,46406342.7,4193,F1,1,,,,,,Cash Only,Unclassified,False,2217.9666666666667,2220.5,2215.4333333333334,2220.5,2215.4333333333334,5.066666666666606,0.22896048925241114,Narrow,Bearish,Below CPR,False,True,0.21666666666666667,60,46696205.95,Higher,True,Neutral,True,78.66428571428575,2107.978,1953.655,0.06440872907775579,0.9937925738482829,True,True,No setup,Neutral,0,Not applicable,No directional setup; confirmation score not applicable.,Narrow CPR,Not applicable,Not applicable,Narrow CPR; Wide CPR rules not applied,0,0,0,0
2026-09-21,2026-09-21,CM,NSE,STK,359,INE294G01026,ROML,EQ,,,,,RAJ OIL MILLS LIMITED,41.35,41.7,40.0,40.71,40.95,41.35,,40.71,,,4860,197817.23,113,F1,1,,,,,,Cash Only,Unclassified,False,40.803333333333335,40.85,40.75666666666667,40.85,40.75666666666667,0.09333333333333371,0.2292638991238853,Narrow,Bearish,Below CPR,False,True,0.26666666666666666,60,81815.75,Lower,True,Neutral,False,1.4692857142857139,43.6702,44.7363,0.06352292983309053,2.4178380079630144,False,False,No setup,Neutral,0,Not applicable,No directional setup; confirmation score not applicable.,Narrow CPR,Not applicable,Not applicable,Narrow CPR; Wide CPR rules not applied,0,0,0,0
2026-09-21,2026-09-21,CM,NSE,STK,8132,INE791A01024,BLBLIMITED,EQ,,,,,BLB LIMITED,16.01,16.2,15.67,15.99,15.89,16.0,,16.01,,,161431,2589937.85,468,F1,1,,,,,,Cash Only,Unclassified,False,15.953333333333333,15.934999999999999,15.971666666666668,15.971666666666668,15.934999999999999,0.036666666666668846,0.22930998540756,Narrow,Bullish,Above CPR,True,False,0.21666666666666667,60,1294873.115,Lower,True,Neutral,True,1.0121428571428568,16.038,15.9028,0.036226770171726465,2.000147983611506,False,True,No setup,Neutral,0,Not applicable,No directional setup; confirmation score not applicable.,Narrow CPR,Not applicable,Not applicable,Narrow CPR; Wide CPR rules not applied,0,0,0,0
2026-09-21,2026-09-21,CM,NSE,STK,3757,INE398A01010,VENKEYS,EQ,,,,,VENKY S (INDIA) LIMITED,1659.9,1659.9,1632.0,1640.3,1639.0,1646.8,,1640.37,,,42692,70189537.4,5125,F1,1,,,,,,Cash Only,Unclassified,False,1644.0666666666666,1645.95,1642.1833333333332,1645.95,1642.1833333333332,3.766666666666879,0.22963279074967258,Narrow,Bearish,Below CPR,False,True,0.2833333333333333,60,69533977.80000001,Overlapping,True,Neutral,False,62.31428571428574,1574.93,1528.0569999999998,0.06044627846553907,1.0094279030301643,True,True,No setup,Neutral,0,Not applicable,No directional setup; confirmation score not applicable.,Narrow CPR,Not applicable,Not applicable,Narrow CPR; Wide CPR rules not applied,0,0,0,0
2026-09-21,2026-09-21,CM,NSE,STK,757919,INE16SF01016,BORANA,EQ,,,,,BORANA WEAVES LIMITED,298.95,300.7,295.05,296.85,299.95,297.1,,296.85,,,11436,3397648.4,347,F1,1,,,,,,Cash Only,Unclassified,False,297.53333333333336,297.875,297.1916666666667,297.875,297.1916666666667,0.6833333333332803,0.230194823423709,Narrow,Bearish,Below CPR,False,True,0.26666666666666666,60,6607361.625,Lower,True,Neutral,False,13.410714285714278,317.162,318.6233,0.05095428317798099,0.5142216504609735,False,False,No setup,Neutral,0,Not applicable,No directional setup; confirmation score not applicable.,Narrow CPR,Not applicable,Not applicable,Narrow CPR; Wide CPR rules not applied,0,0,0,0
2026-09-21,2026-09-21,CM,NSE,STK,19410,INE02A801020,ROSSARI,EQ,,,,,ROSSARI BIOTECH LIMITED,439.8,446.85,438.2,441.0,442.75,437.95,,441.06,,,31023,13695714.05,2295,F1,1,,,,,,Cash Only,Unclassified,False,442.01666666666665,442.525,441.5083333333333,442.525,441.5083333333333,1.0166666666666515,0.23053665910808424,Narrow,Bearish,Below CPR,False,True,0.3,60,29228227.1,Higher,True,Neutral,False,12.357142857142852,492.602,505.8210000000001,0.08227360308285045,0.46857833706923674,False,False,No setup,Neutral,0,Not applicable,No directional setup; confirmation score not applicable.,Narrow CPR,Not applicable,Not applicable,Narrow CPR; Wide CPR rules not applied,0,0,0,0
2026-09-21,2026-09-21,CM,NSE,STK,6600,INE949P01018,GENUSPAPER,EQ,,,,,GENUS P&B LIMITED,11.4,11.7,11.2,11.49,11.5,11.41,,11.49,,,52641,603130.71,195,F1,1,,,,,,Cash Only,Unclassified,False,11.463333333333333,11.45,11.476666666666667,11.476666666666667,11.45,0.026666666666667282,0.23208587177256118,Narrow,Bullish,Above CPR,True,False,0.13333333333333333,60,953338.36,Higher,True,Neutral,True,0.7814285714285713,11.9444,12.201100000000002,0.034125533211457226,0.632651255111564,False,False,No setup,Neutral,0,Not applicable,No directional setup; confirmation score not applicable.,Narrow CPR,Not applicable,Not applicable,Narrow CPR; Wide CPR rules not applied,0,0,0,0
2026-09-21,2026-09-21,CM,NSE,STK,14761,INE189I01024,NELCAST,EQ,,,,,NELCAST LIMITED,108.8,108.89,107.0,107.57,107.06,108.34,,107.57,,,38639,4163718.65,747,F1,1,,,,,,Cash Only,Unclassified,False,107.82,107.945,107.695,107.945,107.695,0.25,0.23240680487124663,Narrow,Bearish,Below CPR,False,True,0.25,60,13717687.05,Overlapping,True,Neutral,True,4.133571428571431,119.8882,130.2132,0.06048038707447725,0.3035292053845185,False,False,No setup,Neutral,0,Not applicable,No directional setup; confirmation score not applicable.,Narrow CPR,Not applicable,Not applicable,Narrow CPR; Wide CPR rules not applied,0,0,0,0
2026-09-21,2026-09-21,CM,NSE,STK,9819,INE176B01034,HAVELLS,EQ,,,,,HAVELLS INDIA LIMITED,1108.6,1113.4,1100.5,1103.1,1103.1,1132.4,,1102.65,,,647751,717660401.3,30962,F1,1,,,,,,F&O + Cash,Consumer Durables,True,1105.6666666666667,1106.95,1104.3833333333334,1106.95,1104.3833333333334,2.566666666666606,0.23267760553590844,Narrow,Bearish,Below CPR,False,True,0.45,60,1129366409.25,Lower,True,Neutral,False,27.485714285714284,1217.412,1205.202,0.09338184338184118,0.635453999182241,False,False,No setup,Neutral,0,Not applicable,No directional setup; confirmation score not applicable.,Narrow CPR,Not applicable,Not applicable,Narrow CPR; Wide CPR rules not applied,0,0,0,0
2026-09-21,2026-09-21,CM,NSE,STK,11932,INE139R01012,FUSION,EQ,,,,,FUSION FINANCE LIMITED,185.05,187.9,182.73,184.67,184.43,185.12,,184.66,,,213462,39570408.74,5019,F1,1,,,,,,Cash Only,Unclassified,False,185.1,185.315,184.885,185.315,184.885,0.4300000000000068,0.23284778253100497,Narrow,Bearish,Below CPR,False,True,0.16666666666666666,60,128031444.135,Higher,True,Neutral,True,6.908571428571436,205.07760000000002,198.1369,0.062241521918942194,0.30906789349556846,False,False,No setup,Neutral,0,Not applicable,No directional setup; confirmation score not applicable.,Narrow CPR,Not applicable,Not applicable,Narrow CPR; Wide CPR rules not applied,0,-2,0,-2
2026-09-21,2026-09-21,CM,NSE,STK,4598,INE978A01027,HERITGFOOD,EQ,,,,,HERITAGE FOODS LTD,416.1,429.9,416.05,421.5,422.0,418.1,,421.5,,,544761,230474627.75,17241,F1,1,,,,,,Cash Only,Unclassified,False,422.48333333333335,422.975,421.9916666666667,422.975,421.9916666666667,0.9833333333333485,0.2332937920126568,Narrow,Bearish,Below CPR,False,True,0.3333333333333333,60,99976851.125,Higher,True,Neutral,False,18.903571428571418,362.17199999999997,347.819,0.05201838906732245,2.3052799238679764,True,True,No setup,Neutral,0,Not applicable,No directional setup; confirmation score not applicable.,Narrow CPR,Not applicable,Not applicable,Narrow CPR; Wide CPR rules not applied,0,0,0,0
2026-09-21,2026-09-21,CM,NSE,STK,11452,INE421D01022,CCL,EQ,,,,,CCL PRODUCTS (I) LTD,1060.0,1079.5,1055.0,1071.0,1070.5,1065.6,,1071.03,,,135661,144783737.8,18052,F1,1,,,,,,Cash Only,Fast Moving Consumer Goods,True,1068.5,1067.25,1069.75,1069.75,1067.25,2.5,0.2334267040149393,Narrow,Bullish,Above CPR,True,False,0.36666666666666664,60,161580184.05,Overlapping,True,Neutral,False,30.414285714285743,1133.576,1133.372,0.08219821512447151,0.8960488481384422,False,False,No setup,Neutral,0,Not applicable,No directional setup; confirmation score not applicable.,Narrow CPR,Not applicable,Not applicable,Narrow CPR; Wide CPR rules not applied,0,0,0,0
2026-09-21,2026-09-21,CM,NSE,STK,422,INE465A01025,BHARATFORG,EQ,,,,,BHARAT FORGE LTD,1964.9,1981.8,1942.2,1968.9,1968.9,1962.1,,1968.88,,,685946,1347086504.8,35178,F1,1,,,,,,F&O + Cash,Automobile and Auto Components,True,1964.3,1962.0,1966.6,1966.6,1962.0,4.599999999999909,0.23363299304179536,Narrow,Bullish,Above CPR,True,False,0.31666666666666665,60,1646560146.35,Overlapping,True,Neutral,False,54.642857142857146,2081.38,2035.5829999999999,0.08418300653594604,0.8181216506339863,False,False,No setup,Neutral,0,Not applicable,No directional setup; confirmation score not applicable.,Narrow CPR,Not applicable,Not applicable,Narrow CPR; Wide CPR rules not applied,0,0,0,0
2026-09-21,2026-09-21,CM,NSE,STK,2970,INE428Q01011,SURYODAY,EQ,,,,,SURYODAY SMALL FIN BK LTD,146.63,147.84,145.01,146.94,147.7,146.63,,146.94,,,178777,26086554.9,2182,F1,1,,,,,,Cash Only,Unclassified,False,146.59666666666666,146.425,146.76833333333332,146.76833333333332,146.425,0.3433333333333053,0.23365546027855266,Narrow,Bullish,Above CPR,True,False,0.26666666666666666,60,70071111.67,Overlapping,True,Neutral,False,3.8735714285714318,162.373,166.0416,0.08863482697153366,0.37228687084136275,False,False,No setup,Neutral,0,Not applicable,No directional setup; confirmation score not applicable.,Narrow CPR,Not applicable,Not applicable,Narrow CPR; Wide CPR rules not applied,0,0,0,0
2026-09-21,2026-09-21,CM,NSE,STK,19,INE189B01011,STYRENIX,EQ,,,,,STYRENIX PERFORMANCE LTD,2075.0,2135.0,2071.9,2096.1,2099.9,2067.9,,2096.07,,,29094,61321034.0,3454,F1,1,,,,,,Cash Only,Unclassified,False,2101.0,2103.45,2098.55,2103.45,2098.55,4.899999999999636,0.23376747292589267,Narrow,Bearish,Below CPR,False,True,0.3,60,77515013.6,Higher,True,Neutral,False,60.75714285714292,2214.616,2237.7790000000005,0.0806489536797494,0.7910858961650238,False,False,No setup,Neutral,0,Not applicable,No directional setup; confirmation score not applicable.,Narrow CPR,Not applicable,Not applicable,Narrow CPR; Wide CPR rules not applied,0,0,0,0
2026-09-21,2026-09-21,CM,NSE,STK,7780,INE977Y01011,BCONCEPTS,EQ,,,,,BRAND CONCEPTS LIMITED,151.99,154.65,150.3,151.94,151.35,153.1,,152.05,,,10265,1558118.02,277,F1,1,,,,,,Cash Only,Unclassified,False,152.29666666666668,152.47500000000002,152.11833333333334,152.47500000000002,152.11833333333334,0.35666666666668334,0.23474178403756965,Narrow,Bearish,Below CPR,False,True,0.1,60,2120261.2800000003,Lower,True,Neutral,True,9.057142857142855,172.95859999999996,187.8823,0.039379600420611734,0.7348707608337779,False,False,No setup,Neutral,0,Not applicable,No directional setup; confirmation score not applicable.,Narrow CPR,Not applicable,Not applicable,Narrow CPR; Wide CPR rules not applied,0,0,0,0
2026-09-21,2026-09-21,CM,NSE,STK,760715,INE115S01010,HALDER,EQ,,,,,HALDER VENTURE LIMITED,279.2,290.0,279.0,283.5,279.6,280.95,,288.52,,,1229,352996.95,93,F1,1,,,,,,Cash Only,Unclassified,False,284.1666666666667,284.5,283.83333333333337,284.5,283.83333333333337,0.6666666666666288,0.2351557907113329,Narrow,Bearish,Below CPR,False,True,0.3,60,6728637.99,Inside,True,Neutral,False,21.199999999999996,268.4828,251.57029999999997,0.03144654088050136,0.052461872748187484,True,True,No setup,Neutral,0,Not applicable,No directional setup; confirmation score not applicable.,Narrow CPR,Not applicable,Not applicable,Narrow CPR; Wide CPR rules not applied,0,0,0,0
2026-09-21,2026-09-21,CM,NSE,STK,14309,INE562A01011,INDIANB,EQ,,,,,INDIAN BANK,842.5,849.55,838.4,841.0,841.0,839.8,,841.0,,,363123,305962061.75,20524,F1,1,,,,,,F&O + Cash,Financial Services,True,842.9833333333332,843.9749999999999,841.9916666666666,843.9749999999999,841.9916666666666,1.9833333333333485,0.2358303606817299,Narrow,Bearish,Below CPR,False,True,0.45,60,1253212791.125,Higher,True,Neutral,False,18.57142857142858,859.4789999999999,846.925,0.10679487179487256,0.2441421472209361,False,False,No setup,Neutral,0,Not applicable,No directional setup; confirmation score not applicable.,Narrow CPR,Not applicable,Not applicable,Narrow CPR; Wide CPR rules not applied,0,0,0,0
2026-09-21,2026-09-21,CM,NSE,STK,23650,INE414G01012,MUTHOOTFIN,EQ,,,,,MUTHOOT FINANCE LIMITED,2826.0,2874.2,2814.0,2854.2,2854.2,2841.1,,2854.25,,,433892,1236439520.9,41757,F1,1,,,,,,F&O + Cash,Financial Services,True,2847.4666666666667,2844.1,2850.8333333333335,2850.8333333333335,2844.1,6.733333333333576,0.23590965360989335,Narrow,Bullish,Above CPR,True,False,0.35,60,2409946698.25,Higher,True,Neutral,False,73.74285714285709,2949.716,3085.252,0.09130827844505049,0.513056791587071,False,False,No setup,Neutral,0,Not applicable,No directional setup; confirmation score not applicable.,Narrow CPR,Not applicable,Not applicable,Narrow CPR; Wide CPR rules not applied,0,0,0,0
2026-09-21,2026-09-21,CM,NSE,STK,11640,INE802W01023,BOHRAIND,EQ,,,,,BOHRA INDUSTRIES LIMITED,12.71,13.47,12.02,12.7,12.53,12.71,,12.7,,,4942,62635.82,29,F1,1,,,,,,Cash Only,Unclassified,False,12.729999999999999,12.745000000000001,12.714999999999996,12.745000000000001,12.714999999999996,0.03000000000000469,0.23622047244098182,Narrow,Bearish,Below CPR,False,True,0.11666666666666667,60,222246.01,Lower,True,Neutral,True,1.0342857142857145,13.7182,15.1174,0.029005524861882983,0.2818310213983144,False,False,No setup,Neutral,0,Not applicable,No directional setup; confirmation score not applicable.,Narrow CPR,Not applicable,Not applicable,Narrow CPR; Wide CPR rules not applied,0,0,0,0
2026-09-21,2026-09-21,CM,NSE,STK,3275,INE869Y01028,TEMBO,EQ,,,,,TEMBO GLOBAL IND LTD,56.19,59.0,56.19,57.8,57.74,56.19,,57.8,,,1803580,104749008.24,8420,F1,1,,,,,,Cash Only,Unclassified,False,57.663333333333334,57.595,57.73166666666667,57.73166666666667,57.595,0.13666666666667027,0.23644752018455065,Narrow,Bullish,Above CPR,True,False,0.18333333333333332,60,72681776.44,Higher,True,Neutral,True,2.1307142857142862,225.8224,403.07020000000006,0.06414124483182645,1.4412004407524632,False,False,No setup,Neutral,0,Not applicable,No directional setup; confirmation score not applicable.,Narrow CPR,Not applicable,Not applicable,Narrow CPR; Wide CPR rules not applied,0,0,0,0
2026-09-21,2026-09-21,CM,NSE,STK,13381,INE401H01017,KKCL,EQ,,,,,KEWAL KIRAN CLOTHING LTD,487.2,490.45,485.0,486.0,485.25,485.6,,485.99,,,12670,6162567.05,696,F1,1,,,,,,Cash Only,Unclassified,False,487.15000000000003,487.725,486.57500000000005,487.725,486.57500000000005,1.1499999999999773,0.2366255144032875,Narrow,Bearish,Below CPR,False,True,0.23333333333333334,60,15991412.100000001,Higher,True,Neutral,True,15.049999999999992,508.04699999999997,487.8455,0.0764119601328889,0.3853672841061984,False,False,No setup,Neutral,0,Not applicable,No directional setup; confirmation score not applicable.,Narrow CPR,Not applicable,Not applicable,Narrow CPR; Wide CPR rules not applied,0,0,0,0
2026-09-21,2026-09-21,CM,NSE,STK,11423,INE365B01017,DATAMATICS,EQ,,,,,DATAMATICS GLOBAL SER LTD,766.0,779.9,762.3,773.85,768.1,765.95,,773.94,,,71980,55652910.35,4780,F1,1,,,,,,Cash Only,Unclassified,False,772.0166666666665,771.0999999999999,772.9333333333332,772.9333333333332,771.0999999999999,1.8333333333332575,0.23691068467186888,Narrow,Bullish,Above CPR,True,False,0.26666666666666666,60,57197297.775000006,Higher,True,Neutral,False,29.77500000000001,816.942,803.3225,0.061572907920512406,0.972998944266996,False,False,No setup,Neutral,0,Not applicable,No directional setup; confirmation score not applicable.,Narrow CPR,Not applicable,Not applicable,Narrow CPR; Wide CPR rules not applied,0,0,0,0
2026-09-21,2026-09-21,CM,NSE,STK,761056,INE0B9A01018,BONLON,EQ,,,,,BONLON INDUSTRIES LIMITED,39.14,40.97,38.01,39.35,39.05,39.13,,39.28,,,49258,1937241.26,309,F1,1,,,,,,Cash Only,Unclassified,False,39.44333333333333,39.489999999999995,39.39666666666666,39.489999999999995,39.39666666666666,0.09333333333333371,0.23718763235917079,Narrow,Bearish,Below CPR,False,True,0.21666666666666667,60,223890.485,Higher,True,Neutral,True,2.6878571428571436,40.712199999999996,43.246900000000004,0.03472406767649938,8.652628806445259,False,False,No setup,Neutral,0,Not applicable,No directional setup; confirmation score not applicable.,Narrow CPR,Not applicable,Not applicable,Narrow CPR; Wide CPR rules not applied,0,0,0,0
2026-09-21,2026-09-21,CM,NSE,STK,14134,INE450D01021,PITTIENG,EQ,,,,,PITTI ENGINEERING LIMITED,1154.0,1154.0,1122.9,1134.4,1136.2,1146.1,,1134.43,,,44508,50459788.0,4699,F1,1,,,,,,Cash Only,Unclassified,False,1137.1000000000001,1138.45,1135.7500000000002,1138.45,1135.7500000000002,2.699999999999818,0.23801128349786826,Narrow,Bearish,Below CPR,False,True,0.3333333333333333,60,55750808.275,Lower,True,Neutral,False,51.40000000000004,1032.765,993.94,0.05252918287937385,0.9050951826760758,True,True,No setup,Neutral,0,Not applicable,No directional setup; confirmation score not applicable.,Narrow CPR,Not applicable,Not applicable,Narrow CPR; Wide CPR rules not applied,0,0,0,0
2026-09-21,2026-09-21,CM,NSE,STK,20531,INE0KQN01018,BAJEL,EQ,,,,,BAJEL PROJECTS LIMITED,172.8,173.99,169.0,172.11,171.6,171.91,,172.1,,,100841,17275470.98,2147,F1,1,,,,,,Cash Only,Unclassified,False,171.70000000000002,171.495,171.90500000000003,171.90500000000003,171.495,0.410000000000025,0.2382197431875109,Narrow,Bullish,Above CPR,True,False,0.25,60,25947375.299999997,Lower,True,Neutral,True,6.478571428571428,183.18280000000001,186.34439999999998,0.06328555678059924,0.6657887659257775,False,False,No setup,Neutral,0,Not applicable,No directional setup; confirmation score not applicable.,Narrow CPR,Not applicable,Not applicable,Narrow CPR; Wide CPR rules not applied,0,0,0,0
2026-09-21,2026-09-21,CM,NSE,STK,765467,INE0LEG01024,HTEL,EQ,,,,,HY-TECH ENGINEERS LIMITED,72.0,75.56,70.0,72.52,72.8,76.77,,72.51,,,3432660,250008651.94,28879,F1,1,,,,,,Cash Only,Unclassified,False,72.69333333333333,72.78,72.60666666666665,72.78,72.60666666666665,0.17333333333334622,0.2390145247288282,Narrow,Bearish,Below CPR,False,True,0.25,4,269720830.995,Lower,False,Neutral,False,,,,,0.9269163639223497,False,False,No setup,Neutral,0,Not applicable,No directional setup; confirmation score not applicable.,Narrow CPR,Not applicable,Not applicable,Narrow CPR; Wide CPR rules not applied,0,0,0,0
2026-09-21,2026-09-21,CM,NSE,STK,14490,INE732C01016,NCLIND,EQ,,,,,NCL INDUSTRIES LIMITED,174.66,178.0,174.62,175.68,175.1,174.66,,175.68,,,20336,3580228.76,563,F1,1,,,,,,Cash Only,Unclassified,False,176.1,176.31,175.89,176.31,175.89,0.4200000000000159,0.23907103825137518,Narrow,Bearish,Below CPR,False,True,0.4666666666666667,60,6495035.515,Higher,True,Neutral,False,4.199285714285716,178.35100000000003,179.8226,0.1000170096955302,0.5512254323677859,False,False,No setup,Neutral,0,Not applicable,No directional setup; confirmation score not applicable.,Narrow CPR,Not applicable,Not applicable,Narrow CPR; Wide CPR rules not applied,0,0,-2,-2
2026-09-21,2026-09-21,CM,NSE,STK,29439,INE822E01011,SUPREME,EQ,,,,,SUPREME HOLDIN N HOSP I L,32.64,32.64,31.51,31.96,32.45,32.0,,31.96,,,9585,308580.46,193,F1,1,,,,,,Cash Only,Unclassified,False,32.03666666666667,32.075,31.998333333333335,32.075,31.998333333333335,0.07666666666666799,0.23988318731748434,Narrow,Bearish,Below CPR,False,True,0.11666666666666667,60,870448.56,Lower,True,Neutral,True,2.2428571428571433,41.028400000000005,44.5751,0.03418259023354623,0.3545074047798988,False,False,No setup,Neutral,0,Not applicable,No directional setup; confirmation score not applicable.,Narrow CPR,Not applicable,Not applicable,Narrow CPR; Wide CPR rules not applied,0,0,0,0
2026-09-21,2026-09-21,CM,NSE,STK,17903,INE358A01014,ABBOTINDIA,EQ,,,,,ABBOTT INDIA LIMITED,27200.0,27300.0,26815.0,26960.0,26815.0,27270.0,,26960.33,,,7355,198978210.0,3304,F1,1,,,,,,Cash Only,Healthcare,True,27025.0,27057.5,26992.5,27057.5,26992.5,65.0,0.2410979228486647,Narrow,Bearish,Below CPR,False,True,0.4,60,229706307.5,Inside,True,Neutral,False,582.8571428571429,27032.4,26761.2,0.11151960784313725,0.8662287603922239,False,True,No setup,Neutral,0,Not applicable,No directional setup; confirmation score not applicable.,Narrow CPR,Not applicable,Not applicable,Narrow CPR; Wide CPR rules not applied,0,0,0,0
2026-09-21,2026-09-21,CM,NSE,STK,1363,INE038A01020,HINDALCO,EQ,,,,,HINDALCO  INDUSTRIES  LTD,987.0,993.5,976.0,981.2,981.2,986.5,,981.21,,,3348127,3286727563.3,67312,F1,1,,,,,,F&O + Cash,Metals & Mining,True,983.5666666666666,984.75,982.3833333333332,984.75,982.3833333333332,2.366666666666788,0.24120125016987237,Narrow,Bearish,Below CPR,False,True,0.48333333333333334,60,3958914005.75,Lower,True,Neutral,False,21.07142857142858,1002.6339999999999,1021.0165,0.11231638418079667,0.8302093853330222,False,False,No setup,Neutral,0,Not applicable,No directional setup; confirmation score not applicable.,Narrow CPR,Not applicable,Not applicable,Narrow CPR; Wide CPR rules not applied,0,0,0,0
2026-09-21,2026-09-21,CM,NSE,STK,7242,INE317I01021,METROBRAND,EQ,,,,,METRO BRANDS LIMITED,935.0,949.9,935.0,939.05,937.75,940.85,,939.09,,,70488,66281306.05,14219,F1,1,,,,,,Cash Only,Unclassified,False,941.3166666666666,942.45,940.1833333333332,942.45,940.1833333333332,2.266666666666879,0.24137869832989498,Narrow,Bearish,Below CPR,False,True,0.31666666666666665,60,29996200.25,Outside,True,Neutral,False,22.096428571428582,974.7810000000001,1003.8125,0.10258067992027248,2.209656739773232,False,False,No setup,Neutral,0,Not applicable,No directional setup; confirmation score not applicable.,Narrow CPR,Not applicable,Not applicable,Narrow CPR; Wide CPR rules not applied,0,0,0,0
2026-09-21,2026-09-21,CM,NSE,STK,7902,INE850E01012,LFIC,EQ,,,,,LAKSHMI FIN IND CORP LTD,132.74,136.99,129.01,132.52,132.51,132.74,,132.52,,,1658,220747.88,79,F1,1,,,,,,Cash Only,Unclassified,False,132.84,133.0,132.68,133.0,132.68,0.3199999999999932,0.24147298520977448,Narrow,Bearish,Below CPR,False,True,0.23333333333333334,60,141076.555,Overlapping,True,Neutral,True,9.867857142857144,139.6586,142.1173,0.03242851972493597,1.5647382373350414,False,False,No setup,Neutral,0,Not applicable,No directional setup; confirmation score not applicable.,Narrow CPR,Not applicable,Not applicable,Narrow CPR; Wide CPR rules not applied,0,0,0,0
2026-09-21,2026-09-21,CM,NSE,STK,1624,INE242A01010,IOC,EQ,,,,,INDIAN OIL CORP LTD,136.9,137.71,136.34,136.53,136.53,137.0,,136.53,,,8616145,1179417744.78,65134,F1,1,,,,,,F&O + Cash,Oil Gas & Consumable Fuels,True,136.86,137.025,136.69500000000002,137.025,136.69500000000002,0.3299999999999841,0.2417051197538886,Narrow,Bearish,Below CPR,False,True,0.4666666666666667,60,1207864106.6,Higher,True,Neutral,False,2.4557142857142855,138.8534,139.83700000000002,0.13438045375217503,0.9764490378805334,False,False,No setup,Neutral,0,Not applicable,No directional setup; confirmation score not applicable.,Narrow CPR,Not applicable,Not applicable,Narrow CPR; Wide CPR rules not applied,0,0,0,0
2026-09-21,2026-09-21,CM,NSE,STK,11427,INE155G01029,NDTV,EQ,,,,,NDTV LTD,71.75,72.49,71.17,71.57,71.5,71.72,,71.55,,,42775,3068714.16,818,F1,1,,,,,,Cash Only,Unclassified,False,71.74333333333333,71.83,71.65666666666665,71.83,71.65666666666665,0.17333333333334622,0.24218713613713322,Narrow,Bearish,Below CPR,False,True,0.43333333333333335,60,6829485.885,Lower,True,Neutral,False,2.625714285714285,75.4438,77.7916,0.06601378309757475,0.4493331140401061,False,False,No setup,Neutral,0,Not applicable,No directional setup; confirmation score not applicable.,Narrow CPR,Not applicable,Not applicable,Narrow CPR; Wide CPR rules not applied,0,0,0,0
2026-09-21,2026-09-21,CM,NSE,STK,7083,INE575P01011,STARHEALTH,EQ,,,,,STAR HEALTH & AL INS CO L,543.9,549.1,540.65,542.9,543.5,547.05,,542.9,,,225057,122441947.75,16430,F1,1,,,,,,Cash Only,Financial Services,True,544.2166666666667,544.875,543.5583333333334,544.875,543.5583333333334,1.316666666666606,0.24252471296124628,Narrow,Bearish,Below CPR,False,True,0.31666666666666665,60,207230869.4,Lower,True,Neutral,False,18.271428571428576,577.897,559.7194999999999,0.07206150638519343,0.590848014605685,False,False,No setup,Neutral,0,Not applicable,No directional setup; confirmation score not applicable.,Narrow CPR,Not applicable,Not applicable,Narrow CPR; Wide CPR rules not applied,0,0,0,0
2026-09-21,2026-09-21,CM,NSE,STK,1214,INE393A01011,DELTAMAGNT,EQ,,,,,DELTA MANUFACTURING LTD,54.95,55.9,53.5,54.9,55.9,54.95,,54.9,,,2200,119426.12,51,F1,1,,,,,,Cash Only,Unclassified,False,54.76666666666667,54.7,54.83333333333334,54.83333333333334,54.7,0.13333333333333997,0.2428658166363205,Narrow,Bullish,Above CPR,True,False,0.23333333333333334,60,158602.685,Lower,True,Neutral,True,3.0121428571428575,57.7006,59.367999999999995,0.044265275472296875,0.7529892700114125,False,False,No setup,Neutral,0,Not applicable,No directional setup; confirmation score not applicable.,Narrow CPR,Not applicable,Not applicable,Narrow CPR; Wide CPR rules not applied,0,0,0,0
2026-09-21,2026-09-21,CM,NSE,STK,17094,INE299U01018,CROMPTON,EQ,,,,,CROMPT GREA CON ELEC LTD,226.53,226.69,225.05,225.05,225.05,227.12,,225.05,,,1491613,336939872.73,14415,F1,1,,,,,,F&O + Cash,Consumer Durables,True,225.59666666666666,225.87,225.32333333333332,225.87,225.32333333333332,0.5466666666666811,0.24290898318892737,Narrow,Bearish,Below CPR,False,True,0.3,60,590120610.94,Lower,True,Neutral,False,4.947857142857141,245.7636,261.0,0.11048553967566822,0.5709678097724638,False,False,No setup,Neutral,0,Not applicable,No directional setup; confirmation score not applicable.,Narrow CPR,Not applicable,Not applicable,Narrow CPR; Wide CPR rules not applied,0,0,0,0
2026-09-21,2026-09-21,CM,NSE,STK,3880,INE355A01028,SOMANYCERA,EQ,,,,,SOMANY CERAMICS LIMITED,572.6,602.0,572.6,589.45,590.0,572.6,,589.51,,,391433,231718051.55,17656,F1,1,,,,,,Cash Only,Unclassified,False,588.0166666666667,587.3,588.7333333333333,588.7333333333333,587.3,1.433333333333394,0.24316453190828635,Narrow,Bullish,Above CPR,True,False,0.2,60,51183896.275,Higher,True,Neutral,True,19.34999999999999,529.4720000000001,515.8005,0.07407407407407725,4.527167105548766,True,True,No setup,Neutral,0,Not applicable,No directional setup; confirmation score not applicable.,Narrow CPR,Not applicable,Not applicable,Narrow CPR; Wide CPR rules not applied,0,0,0,0
2026-09-21,2026-09-21,CM,NSE,STK,17939,INE531E01026,HINDCOPPER,EQ,,,,,HINDUSTAN COPPER LTD,504.5,507.0,497.2,503.95,504.5,497.4,,503.95,,,4883834,2451692291.6,64508,F1,1,,,,,,Cash Only,Metals & Mining,True,502.7166666666667,502.1,503.33333333333337,503.33333333333337,502.1,1.2333333333333485,0.24473327380362112,Narrow,Bullish,Above CPR,True,False,0.3,60,3016523195.15,Higher,True,Neutral,False,15.74285714285713,516.677,523.4755,0.0783424077434977,0.8127543310596312,False,False,No setup,Neutral,0,Not applicable,No directional setup; confirmation score not applicable.,Narrow CPR,Not applicable,Not applicable,Narrow CPR; Wide CPR rules not applied,0,0,0,0
2026-09-21,2026-09-21,CM,NSE,STK,10661,INE838E01017,PONNIERODE,EQ,,,,,PONNIE SUGARS (ERODE) LTD,353.2,358.05,347.55,354.1,353.0,356.6,,354.11,,,9895,3505677.6,606,F1,1,,,,,,Cash Only,Unclassified,False,353.23333333333335,352.8,353.6666666666667,353.6666666666667,352.8,0.8666666666666742,0.24475195330886027,Narrow,Bullish,Above CPR,True,False,0.2,60,7175964.525,Lower,True,Neutral,True,17.828571428571422,351.964,332.63550000000004,0.048611111111111556,0.4885305087262816,True,True,No setup,Neutral,0,Not applicable,No directional setup; confirmation score not applicable.,Narrow CPR,Not applicable,Not applicable,Narrow CPR; Wide CPR rules not applied,0,-2,0,-2
2026-09-21,2026-09-21,CM,NSE,STK,16675,INE918I01026,BAJAJFINSV,EQ,,,,,BAJAJ FINSERV LTD.,1860.2,1864.0,1849.2,1849.8,1849.8,1852.5,,1849.8,,,269959,501373461.4,30187,F1,1,,,,,,F&O + Cash,Financial Services,True,1854.3333333333333,1856.6,1852.0666666666666,1856.6,1852.0666666666666,4.533333333333303,0.24507153926550457,Narrow,Bearish,Below CPR,False,True,0.38333333333333336,60,1739377527.1,Overlapping,True,Neutral,False,35.5357142857143,1957.582,1866.241,0.1275711892797311,0.28824878647013535,False,False,No setup,Neutral,0,Not applicable,No directional setup; confirmation score not applicable.,Narrow CPR,Not applicable,Not applicable,Narrow CPR; Wide CPR rules not applied,0,0,0,0
2026-09-21,2026-09-21,CM,NSE,STK,10577,INE001B01026,KRBL,EQ,,,,,KRBL LIMITED,392.45,397.25,386.15,393.15,391.8,392.45,,393.15,,,258237,101453563.9,6447,F1,1,,,,,,Cash Only,Unclassified,False,392.18333333333334,391.7,392.6666666666667,392.6666666666667,391.7,0.966666666666697,0.24587731569800253,Narrow,Bullish,Above CPR,True,False,0.3,60,126820532.225,Lower,True,Neutral,False,13.424999999999995,388.846,376.019,0.07200496585971675,0.799977433622539,True,True,No setup,Neutral,0,Not applicable,No directional setup; confirmation score not applicable.,Narrow CPR,Not applicable,Not applicable,Narrow CPR; Wide CPR rules not applied,0,0,0,0
2026-09-21,2026-09-21,CM,NSE,STK,21623,INE346W01013,APEX,EQ,,,,,APEX FROZEN FOODS LIMITED,345.25,357.65,343.05,351.65,351.4,345.35,,351.64,,,160070,56250585.8,6136,F1,1,,,,,,Cash Only,Unclassified,False,350.7833333333333,350.35,351.2166666666666,351.2166666666666,350.35,0.8666666666665606,0.24645717806528097,Narrow,Bullish,Above CPR,True,False,0.21666666666666667,60,37859819.849999994,Higher,True,Neutral,True,13.87857142857143,382.834,406.91,0.062446388745917895,1.485759468028742,False,False,No setup,Neutral,0,Not applicable,No directional setup; confirmation score not applicable.,Narrow CPR,Not applicable,Not applicable,Narrow CPR; Wide CPR rules not applied,0,0,0,0
2026-09-21,2026-09-21,CM,NSE,STK,827,INE501A01019,DEEPAKFERT,EQ,,,,,DEEPAK FERTILIZERS & PETR,1347.1,1383.1,1338.6,1365.9,1368.5,1343.2,,1365.9,,,202462,276687846.9,15204,F1,1,,,,,,Cash Only,Chemicals,True,1362.5333333333333,1360.85,1364.2166666666667,1364.2166666666667,1360.85,3.366666666666788,0.24647973253289318,Narrow,Bullish,Above CPR,True,False,0.21666666666666667,60,315503698.65,Higher,True,Neutral,True,39.8357142857143,1480.7620000000002,1464.3075,0.08451377682147214,0.876971801230578,False,False,No setup,Neutral,0,Not applicable,No directional setup; confirmation score not applicable.,Narrow CPR,Not applicable,Not applicable,Narrow CPR; Wide CPR rules not applied,0,0,0,0
2026-09-21,2026-09-21,CM,NSE,STK,5449,INE488A01050,CHEMPLASTS,EQ,,,,,CHEMPLAST SANMAR LIMITED,171.48,191.0,170.0,181.17,180.42,171.48,,181.18,,,1444196,266015609.67,22068,F1,1,,,,,,Cash Only,Unclassified,False,180.72333333333333,180.5,180.94666666666666,180.94666666666666,180.5,0.44666666666665833,0.24654560173685397,Narrow,Bullish,Above CPR,True,False,0.35,60,44791689.81999999,Higher,True,Neutral,False,9.930714285714282,184.8826,200.76229999999998,0.04497830204512133,5.938950076208579,False,False,No setup,Neutral,0,Not applicable,No directional setup; confirmation score not applicable.,Narrow CPR,Not applicable,Not applicable,Narrow CPR; Wide CPR rules not applied,0,0,0,0
2026-09-21,2026-09-21,CM,NSE,STK,18921,INE200M01039,VBL,EQ,,,,,VARUN BEVERAGES LIMITED,422.0,431.15,422.0,425.0,425.0,421.95,,425.01,,,4940296,2115476269.85,48143,F1,1,,,,,,F&O + Cash,Fast Moving Consumer Goods,True,426.05,426.575,425.52500000000003,426.575,425.52500000000003,1.0499999999999545,0.24705882352940106,Narrow,Bearish,Below CPR,False,True,0.4,60,2150807675.725,Higher,True,Neutral,False,9.414285714285711,434.755,474.86800000000005,0.11153262518967655,0.9835729589987211,False,False,No setup,Neutral,0,Not applicable,No directional setup; confirmation score not applicable.,Narrow CPR,Not applicable,Not applicable,Narrow CPR; Wide CPR rules not applied,0,0,0,0
2026-09-21,2026-09-21,CM,NSE,STK,4732,INE411D01023,SKMEGGPROD,EQ,,,,,SKM EGG PROD EXPORT(I) LT,230.8,231.8,228.0,229.05,228.4,229.75,,229.06,,,72043,16543515.05,2249,F1,1,,,,,,Cash Only,Unclassified,False,229.61666666666667,229.9,229.33333333333334,229.9,229.33333333333334,0.5666666666666629,0.24739867568944024,Narrow,Bearish,Below CPR,False,True,0.1,60,117107076.99000001,Lower,True,Neutral,True,8.742857142857144,268.52099999999996,249.3528,0.06481481481481438,0.14126827750480597,False,False,No setup,Neutral,0,Not applicable,No directional setup; confirmation score not applicable.,Narrow CPR,Not applicable,Not applicable,Narrow CPR; Wide CPR rules not applied,0,-2,0,-2
2026-09-21,2026-09-21,CM,NSE,STK,14304,INE684F01012,FSL,EQ,,,,,FIRSTSOURCE SOLU. LTD.,272.05,272.75,268.15,269.45,269.0,273.45,,269.45,,,331530,89836055.1,9491,F1,1,,,,,,Cash Only,Services,True,270.1166666666666,270.45,269.78333333333325,270.45,269.78333333333325,0.6666666666667425,0.24741757901901745,Narrow,Bearish,Below CPR,False,True,0.18333333333333332,60,294188808.33500004,Lower,True,Neutral,True,10.335714285714293,273.5792,260.4058,0.0645012669891803,0.30536870388931137,False,True,No setup,Neutral,0,Not applicable,No directional setup; confirmation score not applicable.,Narrow CPR,Not applicable,Not applicable,Narrow CPR; Wide CPR rules not applied,0,0,0,0
2026-09-21,2026-09-21,CM,NSE,STK,4184,INE495C01010,SANGAMIND,EQ,,,,,SANGAM (INDIA) LTD,570.1,592.4,569.5,578.8,585.0,580.0,,578.8,,,27954,16277681.4,1529,F1,1,,,,,,Cash Only,Unclassified,False,580.2333333333333,580.95,579.5166666666667,580.95,579.5166666666667,1.433333333333394,0.24763879290487112,Narrow,Bearish,Below CPR,False,True,0.25,60,13177356.5,Overlapping,True,Neutral,True,17.05714285714286,595.029,560.561,0.08403126744835641,1.235276696050532,False,True,No setup,Neutral,0,Not applicable,No directional setup; confirmation score not applicable.,Narrow CPR,Not applicable,Not applicable,Narrow CPR; Wide CPR rules not applied,0,0,0,0
2026-09-21,2026-09-21,CM,NSE,STK,20196,INE844K01012,BEDMUTHA,EQ,,,,,BEDMUTHA INDUST LTD,104.74,104.74,101.43,103.47,103.48,104.74,,103.47,,,2512,257760.95,40,F1,1,,,,,,Cash Only,Unclassified,False,103.21333333333332,103.08500000000001,103.34166666666664,103.34166666666664,103.08500000000001,0.2566666666666322,0.2480590187171472,Narrow,Bullish,Above CPR,True,False,0.2,60,300696.03500000003,Lower,True,Neutral,True,4.757142857142855,109.00319999999999,113.0547,0.053953953953946726,0.8572143294140875,False,False,No setup,Neutral,0,Not applicable,No directional setup; confirmation score not applicable.,Narrow CPR,Not applicable,Not applicable,Narrow CPR; Wide CPR rules not applied,0,0,0,0
2026-09-21,2026-09-21,CM,NSE,STK,1076,INE520A01027,ZENSARTECH,EQ,,,,,ZENSAR TECHNOLOGIES  LTD,437.0,437.95,431.6,436.4,436.95,436.45,,436.38,,,914306,396853278.95,21192,F1,1,,,,,,Cash Only,Information Technology,True,435.3166666666666,434.775,435.85833333333323,435.85833333333323,434.775,1.0833333333332575,0.24824320195537525,Narrow,Bullish,Above CPR,True,False,0.16666666666666666,60,510811622.32500005,Lower,True,Neutral,True,16.617857142857133,485.51099999999997,483.022,0.06519091625474152,0.7769073012546004,False,False,No setup,Neutral,0,Not applicable,No directional setup; confirmation score not applicable.,Narrow CPR,Not applicable,Not applicable,Narrow CPR; Wide CPR rules not applied,0,0,0,0
2026-09-21,2026-09-21,CM,NSE,STK,11301,INE150G01020,LUXIND,EQ,,,,,LUX INDUSTRIES LIMITED,1150.0,1247.9,1128.0,1192.4,1190.2,1139.2,,1192.3,,,328369,397967605.9,26837,F1,1,,,,,,Cash Only,Unclassified,False,1189.4333333333334,1187.95,1190.9166666666667,1190.9166666666667,1187.95,2.966666666666697,0.2487979425248823,Narrow,Bullish,Above CPR,True,False,0.26666666666666666,60,26407729.7,Higher,True,Neutral,False,47.42857142857146,1209.24,1273.1535,0.06255020080321345,15.07011812151349,False,False,No setup,Neutral,0,Not applicable,No directional setup; confirmation score not applicable.,Narrow CPR,Not applicable,Not applicable,Narrow CPR; Wide CPR rules not applied,0,0,-2,-2
2026-09-21,2026-09-21,CM,NSE,STK,5948,INE683A01023,SOUTHBANK,EQ,,,,,THE SOUTH INDIAN BANK LTD,45.83,45.84,44.86,45.52,45.49,46.07,,45.52,,,12134977,550203400.07,34506,F1,1,,,,,,Cash Only,Unclassified,False,45.406666666666666,45.35,45.46333333333333,45.46333333333333,45.35,0.11333333333332973,0.24897480960749063,Narrow,Bullish,Above CPR,True,False,0.43333333333333335,60,420701682.21000004,Lower,True,Neutral,False,1.25,46.151,44.7454,0.09066666666666379,1.3078231519772177,False,True,No setup,Neutral,0,Not applicable,No directional setup; confirmation score not applicable.,Narrow CPR,Not applicable,Not applicable,Narrow CPR; Wide CPR rules not applied,0,0,-2,-2
2026-09-21,2026-09-21,CM,NSE,STK,10457,INE034S01021,ARVSMART,EQ,,,,,ARVIND SMARTSPACES LTD,554.0,594.0,550.5,574.4,575.05,550.1,,574.37,,,70686,39953893.8,3406,F1,1,,,,,,Cash Only,Unclassified,False,572.9666666666667,572.25,573.6833333333334,573.6833333333334,572.25,1.433333333333394,0.24953574744662152,Narrow,Bullish,Above CPR,True,False,0.23333333333333334,60,27831831.675,Higher,True,Neutral,True,21.649999999999995,622.677,612.9015,0.0662047729022353,1.435546688646032,False,False,No setup,Neutral,0,Not applicable,No directional setup; confirmation score not applicable.,Narrow CPR,Not applicable,Not applicable,Narrow CPR; Wide CPR rules not applied,0,0,0,0
2026-09-21,2026-09-21,CM,NSE,STK,14592,INE061F01013,FORTIS,EQ,,,,,FORTIS HEALTHCARE LTD,887.2,906.5,887.2,893.5,893.5,886.0,,893.52,,,916405,825387613.2,21987,F1,1,,,,,,F&O + Cash,Healthcare,True,895.7333333333332,896.85,894.6166666666664,896.85,894.6166666666664,2.233333333333576,0.24995336690918588,Narrow,Bearish,Below CPR,False,True,0.4166666666666667,60,982248789.4,Higher,True,Neutral,False,17.539285714285718,925.339,943.181,0.12733319758366954,0.8403040269504252,False,False,No setup,Neutral,0,Not applicable,No directional setup; confirmation score not applicable.,Narrow CPR,Not applicable,Not applicable,Narrow CPR; Wide CPR rules not applied,0,0,0,0
