TradDt,BizDt,Sgmt,Src,FinInstrmTp,FinInstrmId,ISIN,SYMBOL,SERIES,XpryDt,FininstrmActlXpryDt,StrkPric,OptnTp,NAME,OPEN,HIGH,LOW,CLOSE,LAST,PREVCLOSE,UndrlygPric,SttlmPric,OpnIntrst,ChngInOpnIntrst,VOLUME,VALUE,TtlNbOfTxsExctd,SsnId,NewBrdLotQty,Rmks,Rsvd1,Rsvd2,Rsvd3,Rsvd4,Segment,Industry,Nifty500,Pivot,BC,TC,CPR_Top,CPR_Bottom,CPR_Width,CPR_Width_Pct,CPR_Class,Bias,Price_Position,Bullish_CPR,Bearish_CPR,Width_Rank_Pct,History_Days,Value_60d,Overlay,History_OK,Regime,Own_Narrow,ATR14,SMA50,SMA100,Width_ATR,Value_Ratio,Above_SMA50,Above_SMA100,Setup,Signal_Direction,Signal_Score,Signal_Grade,Signal_Explanation,Strategy_Type,Strategy_Setup,Strategy_Confirmation,Strategy_Explanation,Daily_Signal,Weekly_Signal,Monthly_Signal,Confluence_Score
2026-09-11,2026-09-11,CM,NSE,STK,765387,INE1B3O01011,SUNSHINE,EQ,,,,,SUNSHINE PICTURES LIMITED,512.4,524.95,407.8,407.8,407.8,509.7,,407.63,,,3900142,1749300005.7,58512,F1,1,,,,,,Cash Only,Unclassified,False,446.84999999999997,466.375,427.32499999999993,466.375,427.32499999999993,39.05000000000007,9.575772437469364,Wide,Bearish,Below CPR,False,False,1.0,14,1196382986.5500002,Lower,False,Risk Off,False,,,,,1.4621572066520623,False,False,No setup,Neutral,0,Not applicable,No directional setup; confirmation score not applicable.,Wide CPR,Wide Downside Breakout,Confirmed,Wide CPR + close below CPR + trend aligned + participation confirmed,0,0,0,0
2026-09-11,2026-09-11,CM,NSE,STK,16943,INE760Y01011,ASHOKAMET,EQ,,,,,ASHOKA METCAST LIMITED,14.54,17.2,14.01,17.2,17.2,14.34,,17.18,,,1455188,24486195.03,2863,F1,1,,,,,,Cash Only,Unclassified,False,16.136666666666667,15.605,16.668333333333333,16.668333333333333,15.605,1.0633333333333326,6.182170542635655,Wide,Bullish,Above CPR,False,False,1.0,60,165720.055,Higher,True,Risk Off,False,0.9578571428571429,14.174,14.943,1.1101168282376328,147.7563776454214,True,True,No setup,Neutral,0,Not applicable,No directional setup; confirmation score not applicable.,Wide CPR,Wide Upside Breakout,Confirmed,Wide CPR + close above CPR + trend aligned + participation confirmed,0,0,0,0
2026-09-11,2026-09-11,CM,NSE,STK,2859,INE301A01014,RAYMOND,EQ,,,,,RAYMOND LTD,853.85,1024.5,835.05,1002.8,1003.0,853.85,,1002.82,,,16245056,15704419966.2,395484,F1,1,,,,,,Cash Only,Unclassified,False,954.1166666666667,929.775,978.4583333333334,978.4583333333334,929.775,48.683333333333394,4.854740061162086,Wide,Bullish,Above CPR,False,False,1.0,60,294653690.85,Higher,True,Risk Off,False,53.721428571428575,647.523,588.6395,0.9062181447502559,53.29788987504889,True,True,No setup,Neutral,0,Not applicable,No directional setup; confirmation score not applicable.,Wide CPR,Wide Upside Breakout,Confirmed,Wide CPR + close above CPR + trend aligned + participation confirmed,0,0,0,0
2026-09-11,2026-09-11,CM,NSE,STK,13771,INE273D01027,VGL,EQ,,,,,VARVEE GLOBAL LIMITED,57.96,69.33,54.62,66.82,65.21,57.78,,66.82,,,2056842,136115228.73,10155,F1,1,,,,,,Cash Only,Unclassified,False,63.589999999999996,61.974999999999994,65.205,65.205,61.974999999999994,3.230000000000004,4.833882071236164,Wide,Bullish,Above CPR,False,False,1.0,60,1402722.8199999998,Higher,True,Risk Off,False,4.510714285714287,59.9828,62.685,0.7160728424386389,97.03643997892614,True,True,No setup,Neutral,0,Not applicable,No directional setup; confirmation score not applicable.,Wide CPR,Wide Upside Breakout,Confirmed,Wide CPR + close above CPR + trend aligned + participation confirmed,0,0,0,0
2026-09-11,2026-09-11,CM,NSE,STK,765110,INE442D01010,MEDICAPQ,EQ,,,,,MEDI CAPS LTD.,34.59,36.2,31.7,31.7,31.7,35.22,,31.71,,,64727,2099900.38,536,F1,1,,,,,,Cash Only,Unclassified,False,33.2,33.95,32.45,33.95,32.45,1.5,4.731861198738171,Wide,Bearish,Below CPR,False,False,1.0,20,69237.57,Overlapping,True,Risk Off,False,3.011428571428571,,,0.49810246679316894,30.328915067354323,False,False,No setup,Neutral,0,Not applicable,No directional setup; confirmation score not applicable.,Wide CPR,Wide Downside Breakout,Confirmed,Wide CPR + close below CPR + trend aligned + participation confirmed,0,0,0,0
2026-09-11,2026-09-11,CM,NSE,STK,764548,INE869T01028,MOLBIO,EQ,,,,,MOLBIO DIAGNOSTICS LTD,1545.0,1686.8,1391.7,1438.2,1406.7,1509.4,,1438.53,,,22057840,34171233983.6,828870,F1,1,,,,,,Cash Only,Unclassified,False,1505.5666666666666,1539.25,1471.8833333333332,1539.25,1471.8833333333332,67.36666666666679,4.684095860566457,Wide,Bearish,Below CPR,False,False,0.95,20,2196931579.2,Higher,True,Risk Off,False,107.46071428571426,,,0.6268957647866896,15.554072920215049,False,False,No setup,Neutral,0,Not applicable,No directional setup; confirmation score not applicable.,Wide CPR,Wide Downside Breakout,Confirmed,Wide CPR + close below CPR + trend aligned + participation confirmed,0,0,0,0
2026-09-11,2026-09-11,CM,NSE,STK,762700,INE214F01026,GRAVISSHO,EQ,,,,,GRAVISS HOSPITALITY LTD.,37.5,42.7,36.83,42.7,42.7,35.59,,42.7,,,433905,17968205.43,1653,F1,1,,,,,,Cash Only,Unclassified,False,40.74333333333333,39.765,41.721666666666664,41.721666666666664,39.765,1.9566666666666634,4.5823575331771975,Wide,Bullish,Above CPR,False,False,0.9833333333333333,60,28372.675,Higher,True,Risk Off,False,2.684285714285714,30.251400000000004,29.521299999999997,0.7289338300514446,633.2926109364028,True,True,No setup,Neutral,0,Not applicable,No directional setup; confirmation score not applicable.,Wide CPR,Wide Upside Breakout,Confirmed,Wide CPR + close above CPR + trend aligned + participation confirmed,0,0,0,0
2026-09-11,2026-09-11,CM,NSE,STK,759820,INE15B701018,PINELABS,EQ,,,,,PINE LABS LIMITED,171.0,206.38,170.96,202.17,198.85,173.17,,202.18,,,276696049,53093085875.22,1171675,F1,1,,,,,,Cash Only,Financial Services,True,193.17,188.67000000000002,197.66999999999996,197.66999999999996,188.67000000000002,8.999999999999943,4.451699065143169,Wide,Bullish,Above CPR,False,False,1.0,60,2213715248.135,Higher,True,Risk Off,False,9.49142857142857,157.59339999999997,160.52390000000003,0.9482239614689888,23.983701571351418,True,True,No setup,Neutral,0,Not applicable,No directional setup; confirmation score not applicable.,Wide CPR,Wide Upside Breakout,Confirmed,Wide CPR + close above CPR + trend aligned + participation confirmed,0,0,0,0
2026-09-11,2026-09-11,CM,NSE,STK,765382,INE1WFC01025,SHANKESH,EQ,,,,,SHANKESH JEWELLERS LTD,104.4,115.9,100.0,101.3,101.3,98.41,,101.32,,,53876821,5747075774.9,281997,F1,1,,,,,,Cash Only,Unclassified,False,105.73333333333333,107.95,103.51666666666667,107.95,103.51666666666667,4.433333333333337,4.376439618295496,Wide,Bearish,Below CPR,False,False,0.9285714285714286,14,670574831.05,Higher,False,Risk Off,False,,,,,8.570372028280735,False,False,No setup,Neutral,0,Not applicable,No directional setup; confirmation score not applicable.,Wide CPR,Wide Downside Breakout,Confirmed,Wide CPR + close below CPR + trend aligned + participation confirmed,0,0,0,0
2026-09-11,2026-09-11,CM,NSE,STK,763753,INE0ZK601013,CSM,EQ,,,,,CSM TECHNOLOGIES LIMITED,101.15,101.15,76.26,83.44,84.11,94.96,,83.38,,,2772772,240428469.4,19621,F1,1,,,,,,Cash Only,Unclassified,False,86.95,88.70500000000001,85.195,88.70500000000001,85.195,3.5100000000000193,4.206615532118911,Wide,Bearish,Below CPR,False,False,1.0,42,27070322.125,Lower,True,Risk Off,False,4.135000000000001,,,0.8488512696493394,8.881625726129036,False,False,No setup,Neutral,0,Not applicable,No directional setup; confirmation score not applicable.,Wide CPR,Wide Downside Breakout,Confirmed,Wide CPR + close below CPR + trend aligned + participation confirmed,0,0,0,0
2026-09-11,2026-09-11,CM,NSE,STK,14398,INE005I01014,AMDIND,EQ,,,,,AMD INDUSTRIES LIMITED,56.32,65.2,55.51,64.03,65.0,56.04,,64.03,,,484603,30428790.9,3522,F1,1,,,,,,Cash Only,Unclassified,False,61.580000000000005,60.355000000000004,62.80500000000001,62.80500000000001,60.355000000000004,2.450000000000003,3.8263314071529013,Wide,Bullish,Above CPR,False,False,1.0,60,728795.79,Higher,True,Risk Off,False,4.07357142857143,50.815999999999995,48.48049999999999,0.6014378397334741,41.752149665957866,True,True,No setup,Neutral,0,Not applicable,No directional setup; confirmation score not applicable.,Wide CPR,Wide Upside Breakout,Confirmed,Wide CPR + close above CPR + trend aligned + participation confirmed,0,0,0,0
2026-09-11,2026-09-11,CM,NSE,STK,3727,INE02AR01019,ANMOL,EQ,,,,,ANMOL INDIA LIMITED,15.0,16.87,15.0,16.87,16.87,15.34,,16.96,,,1521669,24910646.66,3422,F1,1,,,,,,Cash Only,Unclassified,False,16.246666666666666,15.935,16.55833333333333,16.55833333333333,15.935,0.6233333333333295,3.69492195218334,Wide,Bullish,Above CPR,False,False,0.9333333333333333,60,259990.675,Higher,True,Risk Off,False,0.9771428571428571,10.6164,11.108699999999999,0.6379142300194893,95.81361585372245,True,True,No setup,Neutral,0,Not applicable,No directional setup; confirmation score not applicable.,Wide CPR,Wide Upside Breakout,Confirmed,Wide CPR + close above CPR + trend aligned + participation confirmed,0,0,-2,-2
2026-09-11,2026-09-11,CM,NSE,STK,24532,INE816B01035,FILATEX,EQ,,,,,FILATEX INDIA LTD,76.0,90.9,74.27,87.41,88.0,76.25,,87.43,,,38898608,3286806772.45,204403,F1,1,,,,,,Cash Only,Unclassified,False,84.19333333333334,82.58500000000001,85.80166666666668,85.80166666666668,82.58500000000001,3.2166666666666686,3.67997559394425,Wide,Bullish,Above CPR,False,False,1.0,60,192256647.65,Higher,True,Risk Off,False,4.800000000000002,75.2336,61.428000000000004,0.6701388888888891,17.095933028196644,True,True,No setup,Neutral,0,Not applicable,No directional setup; confirmation score not applicable.,Wide CPR,Wide Upside Breakout,Confirmed,Wide CPR + close above CPR + trend aligned + participation confirmed,0,0,0,0
2026-09-11,2026-09-11,CM,NSE,STK,25608,INE337M01021,INDOTHAI,EQ,,,,,INDO THAI SEC LTD,43.4,45.49,41.17,41.17,41.17,43.43,,41.19,,,20200138,886414139.97,40368,F1,1,,,,,,Cash Only,Unclassified,False,42.61,43.33,41.89,43.33,41.89,1.4399999999999977,3.49769249453485,Wide,Bearish,Below CPR,False,False,0.9833333333333333,60,149026911.33499998,Lower,True,Risk Off,False,2.63,128.7814,192.57139999999998,0.5475285171102653,5.948013899163591,False,False,No setup,Neutral,0,Not applicable,No directional setup; confirmation score not applicable.,Wide CPR,Wide Downside Breakout,Confirmed,Wide CPR + close below CPR + trend aligned + participation confirmed,0,0,0,0
2026-09-11,2026-09-11,CM,NSE,STK,2289,INE461D01028,HLEGLAS,EQ,,,,,HLE GLASCOAT LIMITED,367.85,404.35,363.0,404.35,404.35,367.6,,404.35,,,870661,340086093.8,21509,F1,1,,,,,,Cash Only,Unclassified,False,390.56666666666666,383.675,397.4583333333333,397.4583333333333,383.675,13.783333333333303,3.408763035324175,Wide,Bullish,Above CPR,False,False,0.9833333333333333,60,73137147.19999999,Higher,True,Risk Off,False,15.339285714285719,378.441,365.0855,0.8985642219635213,4.649977567076886,True,True,No setup,Neutral,0,Not applicable,No directional setup; confirmation score not applicable.,Wide CPR,Wide Upside Breakout,Confirmed,Wide CPR + close above CPR + trend aligned + participation confirmed,0,0,0,0
2026-09-11,2026-09-11,CM,NSE,STK,20314,INE740D01017,NRAIL,EQ,,,,,N R AGARWAL INDS LTD,595.3,634.0,561.65,627.9,633.45,595.3,,628.06,,,40702,24862489.5,2449,F1,1,,,,,,Cash Only,Unclassified,False,607.85,597.825,617.875,617.875,597.825,20.049999999999955,3.19318362796623,Wide,Bullish,Above CPR,False,False,0.9666666666666667,60,3150134.1500000004,Outside,True,Risk Off,False,36.02499999999999,495.149,479.4814999999999,0.5565579458709219,7.892517688492726,True,True,No setup,Neutral,0,Not applicable,No directional setup; confirmation score not applicable.,Wide CPR,Wide Upside Breakout,Confirmed,Wide CPR + close above CPR + trend aligned + participation confirmed,0,0,0,0
2026-09-11,2026-09-11,CM,NSE,STK,23507,INE899L01030,UEL,EQ,,,,,UJAAS ENERGY LIMITED,188.01,206.64,186.96,206.64,206.64,196.8,,207.95,,,41410,8265015.31,661,F1,1,,,,,,Cash Only,Unclassified,False,200.08,196.8,203.36,203.36,196.8,6.560000000000002,3.1746031746031758,Wide,Bullish,Above CPR,False,False,0.9666666666666667,60,936343.25,Outside,True,Risk Off,False,11.883571428571429,179.3024,162.1371,0.5520226002284068,8.826907557671825,True,True,No setup,Neutral,0,Not applicable,No directional setup; confirmation score not applicable.,Wide CPR,Wide Upside Breakout,Confirmed,Wide CPR + close above CPR + trend aligned + participation confirmed,0,0,0,0
2026-09-11,2026-09-11,CM,NSE,STK,27037,INE760L01018,TBZ,EQ,,,,,TRIB BHIMJI ZAVERI LTD,485.2,526.3,476.2,526.3,526.3,501.25,,526.26,,,2734893,1357514060.45,28766,F1,1,,,,,,Cash Only,Unclassified,False,509.59999999999997,501.25,517.9499999999999,517.9499999999999,501.25,16.699999999999932,3.173095192855773,Wide,Bullish,Above CPR,False,False,0.9333333333333333,60,383998267.46500003,Overlapping,True,Risk Off,False,38.503571428571426,301.79420000000005,231.8048,0.43372599944346363,3.5352088159453277,True,True,No setup,Neutral,0,Not applicable,No directional setup; confirmation score not applicable.,Wide CPR,Wide Upside Breakout,Confirmed,Wide CPR + close above CPR + trend aligned + participation confirmed,0,0,0,0
2026-09-11,2026-09-11,CM,NSE,STK,14329,INE812G01025,SMSPHARMA,EQ,,,,,SMS PHARMACEUTICALS LTD.,417.85,469.0,414.55,463.45,466.0,417.45,,463.47,,,10401534,4710448446.95,237234,F1,1,,,,,,Cash Only,Unclassified,False,449.0,441.775,456.225,456.225,441.775,14.450000000000045,3.1179199482144884,Wide,Bullish,Above CPR,False,False,1.0,60,60919350.125,Higher,True,Risk Off,False,20.046428571428567,381.561,386.596,0.7208266524140412,77.32269693101884,True,True,No setup,Neutral,0,Not applicable,No directional setup; confirmation score not applicable.,Wide CPR,Wide Upside Breakout,Confirmed,Wide CPR + close above CPR + trend aligned + participation confirmed,0,0,0,0
2026-09-11,2026-09-11,CM,NSE,STK,11582,INE0HMF01019,TRACXN,EQ,,,,,TRACXN TECHNOLOGIES LTD,28.59,32.39,28.43,31.9,32.35,28.61,,31.88,,,1039887,32306679.29,6380,F1,1,,,,,,Cash Only,Unclassified,False,30.906666666666666,30.41,31.403333333333332,31.403333333333332,30.41,0.9933333333333323,3.1138975966562144,Wide,Bullish,Above CPR,False,False,1.0,60,3565345.605,Higher,True,Risk Off,False,0.9957142857142853,29.801,30.994,0.9976087996174072,9.061303690922271,True,True,No setup,Neutral,0,Not applicable,No directional setup; confirmation score not applicable.,Wide CPR,Wide Upside Breakout,Confirmed,Wide CPR + close above CPR + trend aligned + participation confirmed,0,0,0,0
2026-09-11,2026-09-11,CM,NSE,STK,762752,INE972A01020,KOTIC,EQ,,,,,KOTHARI INDUSTRIAL CORP L,148.76,148.76,130.55,133.82,132.48,151.21,,134.12,,,122378,17023980.81,2032,F1,1,,,,,,Cash Only,Unclassified,False,137.71,139.655,135.76500000000001,139.655,135.76500000000001,3.8899999999999864,2.906889852040044,Wide,Bearish,Below CPR,False,False,1.0,60,1644801.0750000002,Lower,True,Risk Off,False,9.422142857142859,154.72619999999998,162.35289999999998,0.41285725115608973,10.350176120841844,False,False,No setup,Neutral,0,Not applicable,No directional setup; confirmation score not applicable.,Wide CPR,Wide Downside Breakout,Confirmed,Wide CPR + close below CPR + trend aligned + participation confirmed,0,0,0,0
2026-09-11,2026-09-11,CM,NSE,STK,21508,INE704P01025,COCHINSHIP,EQ,,,,,COCHIN SHIPYARD LIMITED,1510.0,1510.0,1372.0,1381.0,1381.0,1520.4,,1381.03,,,6390480,8980693890.0,159729,F1,1,,,,,,F&O + Cash,Capital Goods,True,1421.0,1441.0,1401.0,1441.0,1401.0,40.0,2.896451846488052,Wide,Bearish,Below CPR,False,False,1.0,60,1328297844.1,Lower,True,Risk Off,False,44.67142857142863,1459.636,1503.1529999999998,0.8954269267668681,6.761054329712437,False,False,No setup,Neutral,0,Not applicable,No directional setup; confirmation score not applicable.,Wide CPR,Wide Downside Breakout,Confirmed,Wide CPR + close below CPR + trend aligned + participation confirmed,0,0,0,0
2026-09-11,2026-09-11,CM,NSE,STK,22980,INE0CG401037,MUKKA,EQ,,,,,MUKKA PROTEINS LIMITED,30.57,33.0,28.56,32.17,32.8,30.57,,32.16,,,1909923,59668298.51,5839,F1,1,,,,,,Cash Only,Unclassified,False,31.243333333333336,30.78,31.70666666666667,31.70666666666667,30.78,0.9266666666666694,2.88053051497255,Wide,Bullish,Above CPR,False,False,1.0,60,6863681.3100000005,Higher,True,Risk Off,False,2.014285714285714,25.158,24.360300000000002,0.46004728132387857,8.693337556781172,True,True,No setup,Neutral,0,Not applicable,No directional setup; confirmation score not applicable.,Wide CPR,Wide Upside Breakout,Confirmed,Wide CPR + close above CPR + trend aligned + participation confirmed,0,0,0,0
2026-09-11,2026-09-11,CM,NSE,STK,18131,INE616Z01012,YASHO,EQ,,,,,YASHO INDUSTRIES LIMITED,3950.0,4250.0,3773.0,4187.5,4220.0,3960.0,,4187.71,,,95474,380443871.4,16701,F1,1,,,,,,Cash Only,Unclassified,False,4070.1666666666665,4011.5,4128.833333333333,4128.833333333333,4011.5,117.33333333333303,2.8019900497512364,Wide,Bullish,Above CPR,False,False,0.95,60,106324287.55,Higher,True,Risk Off,False,197.15000000000003,3775.052,2980.7810000000004,0.5951475188097033,3.578146443926019,True,True,No setup,Neutral,0,Not applicable,No directional setup; confirmation score not applicable.,Wide CPR,Wide Upside Breakout,Confirmed,Wide CPR + close above CPR + trend aligned + participation confirmed,0,0,0,0
2026-09-11,2026-09-11,CM,NSE,STK,6278,INE646B01010,MEDICAMEQ,EQ,,,,,MEDICAMEN BIOTECH LIMITED,301.0,330.0,289.45,323.05,320.1,307.5,,323.06,,,191712,60431367.05,5257,F1,1,,,,,,Cash Only,Unclassified,False,314.1666666666667,309.725,318.60833333333335,318.60833333333335,309.725,8.883333333333326,2.7498323272971135,Wide,Bullish,Above CPR,False,False,0.95,60,5085744.8,Overlapping,True,Risk Off,False,19.803571428571427,248.3198,252.56619999999998,0.44857228734595694,11.882500877747542,True,True,No setup,Neutral,0,Not applicable,No directional setup; confirmation score not applicable.,Wide CPR,Wide Upside Breakout,Confirmed,Wide CPR + close above CPR + trend aligned + participation confirmed,0,0,0,0
2026-09-11,2026-09-11,CM,NSE,STK,10321,INE431F01018,PKTEA,EQ,,,,,THE P K TEA PROD CO LTD,1080.0,1150.0,1001.1,1121.75,1123.0,1094.2,,1121.75,,,25219,27550236.3,1537,F1,1,,,,,,Cash Only,Unclassified,False,1090.95,1075.55,1106.3500000000001,1106.3500000000001,1075.55,30.800000000000182,2.745709828393152,Wide,Bullish,Above CPR,False,False,0.9333333333333333,60,79250.5,Overlapping,True,Risk Off,False,91.34642857142858,759.25,779.5754999999999,0.3371779332994507,347.63485782424084,True,True,No setup,Neutral,0,Not applicable,No directional setup; confirmation score not applicable.,Wide CPR,Wide Upside Breakout,Confirmed,Wide CPR + close above CPR + trend aligned + participation confirmed,0,0,0,0
2026-09-11,2026-09-11,CM,NSE,STK,758968,INE0Y8W01025,AHCL,EQ,,,,,ANLON HEALTHCARE LIMITED,17.73,20.0,17.54,19.57,19.8,17.54,,19.57,,,150749037,2880248333.63,744410,F1,1,,,,,,Cash Only,Unclassified,False,19.036666666666665,18.77,19.30333333333333,19.30333333333333,18.77,0.5333333333333314,2.725259751320038,Wide,Bullish,Above CPR,False,False,1.0,60,45046479.555,Higher,True,Risk Off,False,0.8635714285714287,15.2162,17.4402,0.6175902950096476,63.93947678227172,True,True,No setup,Neutral,0,Not applicable,No directional setup; confirmation score not applicable.,Wide CPR,Wide Upside Breakout,Confirmed,Wide CPR + close above CPR + trend aligned + participation confirmed,0,0,0,0
2026-09-11,2026-09-11,CM,NSE,STK,3387,INE294B01019,SMLMAH,EQ,,,,,SML MAHINDRA LIMITED,6219.0,6591.5,6064.5,6583.0,6590.0,6278.0,,6584.61,,,109374,702340296.0,15238,F1,1,,,,,,Cash Only,Unclassified,False,6413.0,6328.0,6498.0,6498.0,6328.0,170.0,2.5824092359106787,Wide,Bullish,Above CPR,False,False,0.95,60,363269537.75,Outside,True,Risk Off,False,294.42857142857144,4998.482,4419.025,0.5773896166909267,1.9333861582507548,True,True,No setup,Neutral,0,Not applicable,No directional setup; confirmation score not applicable.,Wide CPR,Wide Upside Breakout,Confirmed,Wide CPR + close above CPR + trend aligned + participation confirmed,0,0,0,0
2026-09-11,2026-09-11,CM,NSE,STK,762653,INE280B01018,ELANTAS,EQ,,,,,ELANTAS BECK INDIA LTD.,13397.0,14769.0,13162.0,14513.0,14600.0,13397.0,,14513.64,,,23985,344233987.0,11737,F1,1,,,,,,Cash Only,Unclassified,False,14148.0,13965.5,14330.5,14330.5,13965.5,365.0,2.5149865637704125,Wide,Bullish,Above CPR,False,False,0.9666666666666667,60,14915764.0,Higher,True,Risk Off,False,641.9642857142857,10940.48,10327.2955,0.568567454798331,23.078535367011707,True,True,No setup,Neutral,0,Not applicable,No directional setup; confirmation score not applicable.,Wide CPR,Wide Upside Breakout,Confirmed,Wide CPR + close above CPR + trend aligned + participation confirmed,0,0,0,0
2026-09-11,2026-09-11,CM,NSE,STK,25017,INE338D01028,BODALCHEM,EQ,,,,,BODAL CHEMICALS LTD,159.0,174.0,157.81,172.4,171.6,166.11,,172.35,,,7456837,1206393000.94,27755,F1,1,,,,,,Cash Only,Unclassified,False,168.07000000000002,165.905,170.23500000000004,170.23500000000004,165.905,4.330000000000041,2.5116009280742695,Wide,Bullish,Above CPR,False,False,0.8833333333333333,60,26310389.475,Outside,True,Risk Off,False,15.399999999999997,84.5158,66.371,0.2811688311688339,45.85234293419748,True,True,No setup,Neutral,0,Not applicable,No directional setup; confirmation score not applicable.,Wide CPR,Wide Upside Breakout,Confirmed,Wide CPR + close above CPR + trend aligned + participation confirmed,0,0,0,0
2026-09-11,2026-09-11,CM,NSE,STK,27144,INE0UIZ01018,BLACKBUCK,EQ,,,,,BLACKBUCK LIMITED,575.0,634.4,575.0,628.15,631.0,585.9,,628.2,,,4433382,2691843485.55,97390,F1,1,,,,,,Cash Only,Unclassified,False,612.5166666666668,604.7,620.3333333333335,620.3333333333335,604.7,15.63333333333344,2.4887898325771616,Wide,Bullish,Above CPR,False,False,1.0,60,166511680.525,Higher,True,Risk Off,False,18.296428571428578,575.589,560.583,0.854447263972938,16.166094036543267,True,True,No setup,Neutral,0,Not applicable,No directional setup; confirmation score not applicable.,Wide CPR,Wide Upside Breakout,Confirmed,Wide CPR + close above CPR + trend aligned + participation confirmed,0,0,0,0
2026-09-11,2026-09-11,CM,NSE,STK,477,INE800A01015,BIRLACABLE,EQ,,,,,BIRLA CABLE LIMITED,367.0,393.35,362.25,392.35,393.35,374.65,,392.3,,,996485,386203733.5,16412,F1,1,,,,,,Cash Only,Unclassified,False,382.65000000000003,377.8,387.50000000000006,387.50000000000006,377.8,9.700000000000045,2.4722824009175595,Wide,Bullish,Above CPR,False,False,0.8833333333333333,60,8528444.405000001,Higher,True,Risk Off,False,30.425000000000004,159.13400000000001,147.3998,0.3188167625308149,45.2841942985029,True,True,No setup,Neutral,0,Not applicable,No directional setup; confirmation score not applicable.,Wide CPR,Wide Upside Breakout,Confirmed,Wide CPR + close above CPR + trend aligned + participation confirmed,0,0,0,0
2026-09-11,2026-09-11,CM,NSE,STK,14139,INE05ST01028,SBGLP,EQ,,,,,SURATWWALA BUS GROUP LTD,22.33,23.4,21.31,21.56,21.5,22.44,,21.56,,,95640,2107975.45,690,F1,1,,,,,,Cash Only,Unclassified,False,22.09,22.354999999999997,21.825000000000003,22.354999999999997,21.825000000000003,0.529999999999994,2.4582560296845735,Wide,Bearish,Below CPR,False,False,0.9833333333333333,60,543295.4450000001,Overlapping,True,Risk Off,False,2.057857142857143,24.6892,25.415499999999998,0.25754946199236084,3.8799799803217563,False,False,No setup,Neutral,0,Not applicable,No directional setup; confirmation score not applicable.,Wide CPR,Wide Downside Breakout,Confirmed,Wide CPR + close below CPR + trend aligned + participation confirmed,0,0,0,0
2026-09-11,2026-09-11,CM,NSE,STK,4130,INE277C01012,REGENCERAM,EQ,,,,,REGENCY CERAMICS LTD.,34.66,37.5,33.2,34.1,33.98,36.05,,34.11,,,4604,159765.69,132,F1,1,,,,,,Cash Only,Unclassified,False,34.93333333333334,35.35,34.51666666666667,35.35,34.51666666666667,0.8333333333333286,2.4437927663733974,Wide,Bearish,Below CPR,False,False,0.85,60,91401.61,Lower,True,Risk Off,False,2.717857142857143,35.4104,38.8764,0.3066141042487937,1.7479526892359993,False,False,No setup,Neutral,0,Not applicable,No directional setup; confirmation score not applicable.,Wide CPR,Wide Downside Breakout,Confirmed,Wide CPR + close below CPR + trend aligned + participation confirmed,0,0,0,0
2026-09-11,2026-09-11,CM,NSE,STK,13430,INE164B01030,KELLTONTEC,EQ,,,,,KELLTON TECH SOL LTD,13.45,15.19,13.35,13.77,13.82,13.51,,13.77,,,9142272,129446524.21,20260,F1,1,,,,,,Cash Only,Unclassified,False,14.103333333333333,14.27,13.936666666666667,14.27,13.936666666666667,0.33333333333333215,2.4207213749697325,Wide,Bearish,Below CPR,False,False,1.0,60,20235332.755000003,Higher,True,Risk Off,False,0.724285714285714,14.223999999999998,14.9439,0.4602235371466126,6.397054388839477,False,False,No setup,Neutral,0,Not applicable,No directional setup; confirmation score not applicable.,Wide CPR,Wide Downside Breakout,Confirmed,Wide CPR + close below CPR + trend aligned + participation confirmed,0,0,0,0
2026-09-11,2026-09-11,CM,NSE,STK,16249,INE483S01020,CCAVENUE,EQ,,,,,AVENUESAI LIMITED,15.35,16.4,15.0,16.29,16.3,15.36,,16.29,,,42406012,675954420.03,55730,F1,1,,,,,,Cash Only,Unclassified,False,15.896666666666667,15.7,16.093333333333334,16.093333333333334,15.7,0.3933333333333344,2.4145692653980015,Wide,Bullish,Above CPR,False,False,0.9833333333333333,60,194426893.01,Higher,True,Risk Off,False,0.5800000000000002,16.245800000000003,15.3257,0.6781609195402315,3.4766508355160184,True,True,No setup,Neutral,0,Not applicable,No directional setup; confirmation score not applicable.,Wide CPR,Wide Upside Breakout,Confirmed,Wide CPR + close above CPR + trend aligned + participation confirmed,0,0,0,0
2026-09-11,2026-09-11,CM,NSE,STK,764050,INE724A01017,GYFTR,EQ,,,,,GYFTR LIMITED,189.0,189.0,175.0,175.73,176.89,185.32,,175.59,,,47421,8506093.43,673,F1,1,,,,,,Cash Only,Unclassified,False,179.91,182.0,177.82,182.0,177.82,4.180000000000007,2.378649063904858,Wide,Bearish,Below CPR,False,False,0.9565217391304348,46,6610607.65,Lower,True,Risk Off,False,9.448571428571427,,,0.44239491986694973,1.28673397066607,False,False,No setup,Neutral,0,Not applicable,No directional setup; confirmation score not applicable.,Wide CPR,Wide Downside Breakout,Confirmed,Wide CPR + close below CPR + trend aligned + participation confirmed,0,0,0,0
2026-09-11,2026-09-11,CM,NSE,STK,759723,INE0LP301011,PWL,EQ,,,,,PHYSICSWALLAH LIMITED,125.5,137.12,125.37,136.1,136.1,126.73,,136.1,,,41161986,5520372385.12,205962,F1,1,,,,,,Cash Only,Consumer Services,True,132.86333333333334,131.245,134.48166666666668,134.48166666666668,131.245,3.236666666666679,2.3781533186382653,Wide,Bullish,Above CPR,False,False,0.9666666666666667,60,959961537.895,Higher,True,Risk Off,False,5.664999999999998,128.2704,120.12989999999999,0.5713445130920882,5.750618297921656,True,True,No setup,Neutral,0,Not applicable,No directional setup; confirmation score not applicable.,Wide CPR,Wide Upside Breakout,Confirmed,Wide CPR + close above CPR + trend aligned + participation confirmed,0,0,0,0
2026-09-11,2026-09-11,CM,NSE,STK,2998,INE018401013,SUVIDHAA,EQ,,,,,SUVIDHAA INFOSERVE LTD,2.47,2.47,2.19,2.25,2.26,2.41,,2.25,,,184883,425241.29,405,F1,1,,,,,,Cash Only,Unclassified,False,2.3033333333333332,2.33,2.2766666666666664,2.33,2.2766666666666664,0.05333333333333368,2.3703703703703853,Wide,Bearish,Below CPR,False,False,0.8833333333333333,60,256376.005,Lower,True,Risk Off,False,0.2535714285714287,2.4484,2.5941999999999994,0.21032863849765382,1.658662595978902,False,False,No setup,Neutral,0,Not applicable,No directional setup; confirmation score not applicable.,Wide CPR,Wide Downside Breakout,Confirmed,Wide CPR + close below CPR + trend aligned + participation confirmed,0,0,0,0
2026-09-11,2026-09-11,CM,NSE,STK,24999,INE126M01010,IBULLSLTD,EQ,,,,,INDIABULLS LIMITED,24.31,26.14,24.31,26.14,26.14,24.9,,26.14,,,32865374,842586898.59,21221,F1,1,,,,,,Cash Only,Unclassified,False,25.53,25.225,25.835,25.835,25.225,0.6099999999999994,2.3335883703136933,Wide,Bullish,Above CPR,False,False,0.9166666666666666,60,217944452.415,Higher,True,Risk Off,False,1.2507142857142861,21.953400000000002,16.0453,0.4877213021130776,3.8660626102360434,True,True,No setup,Neutral,0,Not applicable,No directional setup; confirmation score not applicable.,Wide CPR,Wide Upside Breakout,Confirmed,Wide CPR + close above CPR + trend aligned + participation confirmed,0,0,0,0
2026-09-11,2026-09-11,CM,NSE,STK,381,INE129Z01016,SINTERCOM,EQ,,,,,SINTERCOM INDIA LIMITED,79.02,82.8,75.81,76.65,76.5,79.82,,76.65,,,13695,1059484.17,359,F1,1,,,,,,Cash Only,Unclassified,False,78.42,79.305,77.535,79.305,77.535,1.7700000000000102,2.3091976516634185,Wide,Bearish,Below CPR,False,False,0.8833333333333333,60,406211.275,Lower,True,Risk Off,False,5.062142857142855,80.84299999999999,78.3363,0.34965429659940955,2.6082096564158634,False,False,No setup,Neutral,0,Not applicable,No directional setup; confirmation score not applicable.,Wide CPR,Wide Downside Breakout,Confirmed,Wide CPR + close below CPR + trend aligned + participation confirmed,0,0,0,0
2026-09-11,2026-09-11,CM,NSE,STK,762949,INE403F01017,THAKDEV,EQ,,,,,THAKKERS DEVELOPERS LTD.,130.65,139.8,125.35,128.15,135.0,138.99,,128.15,,,660,83926.45,23,F1,1,,,,,,Cash Only,Unclassified,False,131.1,132.575,129.625,132.575,129.625,2.9499999999999886,2.3019898556379155,Wide,Bearish,Below CPR,False,False,0.9,60,14178.425,Lower,True,Risk Off,False,8.657857142857143,141.9058,,0.34073096279184756,5.919306975210575,False,False,No setup,Neutral,0,Not applicable,No directional setup; confirmation score not applicable.,Wide CPR,Wide Downside Breakout,Confirmed,Wide CPR + close below CPR + trend aligned + participation confirmed,0,0,0,0
2026-09-11,2026-09-11,CM,NSE,STK,8827,INE652Z01025,AVROIND,EQ,,,,,AVRO INDIA LIMITED,8.4,8.43,7.72,7.81,7.87,8.34,,7.82,,,891730,7108531.23,1850,F1,1,,,,,,Cash Only,Unclassified,False,7.9866666666666655,8.075,7.898333333333332,8.075,7.898333333333332,0.17666666666666764,2.262057191634669,Wide,Bearish,Below CPR,False,False,0.9333333333333333,60,3033348.21,Lower,True,Risk Off,False,0.6842857142857142,9.0142,19.2458,0.25817675713291727,2.3434603408093397,False,False,No setup,Neutral,0,Not applicable,No directional setup; confirmation score not applicable.,Wide CPR,Wide Downside Breakout,Confirmed,Wide CPR + close below CPR + trend aligned + participation confirmed,0,0,0,0
2026-09-11,2026-09-11,CM,NSE,STK,967,INE754A01055,SUBEXLTD,EQ,,,,,SUBEX LTD,19.91,21.0,19.2,20.8,21.0,19.76,,20.8,,,34488169,703669383.79,59661,F1,1,,,,,,Cash Only,Unclassified,False,20.333333333333332,20.1,20.566666666666663,20.566666666666663,20.1,0.46666666666666146,2.2435897435897187,Wide,Bullish,Above CPR,False,False,0.9,60,27926441.575,Higher,True,Risk Off,False,1.250714285714286,12.614,11.0099,0.3731201218351376,25.19724476533133,True,True,No setup,Neutral,0,Not applicable,No directional setup; confirmation score not applicable.,Wide CPR,Wide Upside Breakout,Confirmed,Wide CPR + close above CPR + trend aligned + participation confirmed,0,0,0,0
2026-09-11,2026-09-11,CM,NSE,STK,765220,INE222F01029,VTMLTD,EQ,,,,,V T M LTD.,53.24,53.24,46.83,48.42,49.5,52.72,,48.54,,,58536,2906155.0,912,F1,1,,,,,,Cash Only,Unclassified,False,49.49666666666667,50.035,48.95833333333334,50.035,48.95833333333334,1.0766666666666538,2.223599063747736,Wide,Bearish,Below CPR,False,False,0.95,20,1378638.2349999999,Lower,True,Risk Off,False,3.715714285714287,,,0.2897603485838744,2.10798955536004,False,False,No setup,Neutral,0,Not applicable,No directional setup; confirmation score not applicable.,Wide CPR,Wide Downside Breakout,Confirmed,Wide CPR + close below CPR + trend aligned + participation confirmed,0,0,0,0
2026-09-11,2026-09-11,CM,NSE,STK,11082,INE908V01012,LIBAS,EQ,,,,,LIBAS CONSU PRODUCTS LTD,10.79,11.48,10.19,11.2,11.25,10.69,,11.2,,,371208,4080972.9,506,F1,1,,,,,,Cash Only,Unclassified,False,10.956666666666669,10.835,11.078333333333337,11.078333333333337,10.835,0.24333333333333584,2.17261904761907,Wide,Bullish,Above CPR,False,False,0.9833333333333333,60,234194.16999999998,Higher,True,Risk Off,False,0.8157142857142862,10.2644,11.1698,0.2983070636310595,17.42559560726896,True,True,No setup,Neutral,0,Not applicable,No directional setup; confirmation score not applicable.,Wide CPR,Wide Upside Breakout,Confirmed,Wide CPR + close above CPR + trend aligned + participation confirmed,0,0,0,0
2026-09-11,2026-09-11,CM,NSE,STK,25252,INE0O6601022,KROSS,EQ,,,,,KROSS LIMITED,232.03,239.8,222.84,239.07,239.0,231.54,,239.06,,,2135648,499277952.62,37449,F1,1,,,,,,Cash Only,Unclassified,False,233.90333333333334,231.32,236.48666666666668,236.48666666666668,231.32,5.166666666666686,2.161152242718319,Wide,Bullish,Above CPR,False,False,0.9833333333333333,60,59831572.980000004,Higher,True,Risk Off,False,9.304285714285715,203.09440000000004,196.83010000000002,0.5552996570960662,8.344723826446858,True,True,No setup,Neutral,0,Not applicable,No directional setup; confirmation score not applicable.,Wide CPR,Wide Upside Breakout,Confirmed,Wide CPR + close above CPR + trend aligned + participation confirmed,0,0,0,0
2026-09-11,2026-09-11,CM,NSE,STK,762782,INE435D01014,MCCHRLS-B,EQ,,,,,MAC CHARLES (INDIA) LTD.,720.0,720.0,670.0,673.9,673.0,679.0,,673.85,,,4933,3326303.0,74,F1,1,,,,,,Cash Only,Unclassified,False,687.9666666666667,695.0,680.9333333333334,695.0,680.9333333333334,14.066666666666606,2.0873522283226897,Wide,Bearish,Below CPR,False,False,0.9166666666666666,60,104020.9,Overlapping,True,Risk Off,False,35.200000000000024,687.748,687.3965,0.3996212121212101,31.97725649364695,False,False,No setup,Neutral,0,Not applicable,No directional setup; confirmation score not applicable.,Wide CPR,Wide Downside Breakout,Confirmed,Wide CPR + close below CPR + trend aligned + participation confirmed,0,0,0,0
2026-09-11,2026-09-11,CM,NSE,STK,765010,INE290E01011,YOGI,EQ,,,,,YOGI LTD.,162.9,169.0,155.0,157.13,157.15,155.37,,157.61,,,3204,512028.3,54,F1,1,,,,,,Cash Only,Unclassified,False,160.37666666666667,162.0,158.75333333333333,162.0,158.75333333333333,3.2466666666666697,2.0662296612147073,Wide,Bearish,Below CPR,False,False,0.8421052631578947,19,128766.4,Inside,False,Risk Off,False,7.875,,,0.4122751322751327,3.976412324954336,False,False,No setup,Neutral,0,Not applicable,No directional setup; confirmation score not applicable.,Wide CPR,Wide Downside Breakout,Confirmed,Wide CPR + close below CPR + trend aligned + participation confirmed,0,0,0,0
2026-09-11,2026-09-11,CM,NSE,STK,10993,INE156A01020,INDORAMA,EQ,,,,,INDO RAMA SYNTHETICS LTD,83.02,87.64,80.0,86.5,86.11,82.93,,86.5,,,1794174,152844851.89,18588,F1,1,,,,,,Cash Only,Unclassified,False,84.71333333333332,83.82,85.60666666666665,85.60666666666665,83.82,1.7866666666666617,2.065510597302499,Wide,Bullish,Above CPR,False,False,0.9166666666666666,60,12248975.44,Overlapping,True,Risk Off,False,5.975714285714285,58.8262,50.2299,0.2989879671686979,12.47817441047951,True,True,No setup,Neutral,0,Not applicable,No directional setup; confirmation score not applicable.,Wide CPR,Wide Upside Breakout,Confirmed,Wide CPR + close above CPR + trend aligned + participation confirmed,0,0,0,0
2026-09-11,2026-09-11,CM,NSE,STK,764980,INE359B01010,VEDAVAAG,EQ,,,,,VEDAVAAG SYSTEMS LTD.,22.65,25.69,22.51,23.38,23.0,22.21,,23.37,,,930326,22532333.08,3801,F1,1,,,,,,Cash Only,Unclassified,False,23.86,24.1,23.619999999999997,24.1,23.619999999999997,0.480000000000004,2.0530367835757226,Wide,Bearish,Below CPR,False,False,0.95,20,409712.1,Higher,True,Risk Off,False,1.3742857142857137,,,0.34927234927235234,54.99552754238891,False,False,No setup,Neutral,0,Not applicable,No directional setup; confirmation score not applicable.,Wide CPR,Wide Downside Breakout,Confirmed,Wide CPR + close below CPR + trend aligned + participation confirmed,0,0,0,0
2026-09-11,2026-09-11,CM,NSE,STK,17270,INE991I01015,ASPINWALL,EQ,,,,,ASPINWALL & CO LTD,250.15,265.9,239.2,260.5,260.0,250.15,,260.5,,,4219,1070339.7,181,F1,1,,,,,,Cash Only,Unclassified,False,255.19999999999996,252.54999999999998,257.8499999999999,257.8499999999999,252.54999999999998,5.299999999999926,2.0345489443377835,Wide,Bullish,Above CPR,False,False,0.9833333333333333,60,436714.56,Higher,True,Risk Off,False,9.908571428571422,249.03439999999998,244.3892,0.5348904267589317,2.450890806113723,True,True,No setup,Neutral,0,Not applicable,No directional setup; confirmation score not applicable.,Wide CPR,Wide Upside Breakout,Confirmed,Wide CPR + close above CPR + trend aligned + participation confirmed,0,0,0,0
2026-09-11,2026-09-11,CM,NSE,STK,27171,INE704B01017,RACLGEAR,EQ,,,,,RACL GEARTECH LIMITED,1586.0,1856.0,1551.0,1756.7,1800.0,1588.2,,1756.7,,,1142834,2036128066.6,84261,F1,1,,,,,,Cash Only,Unclassified,False,1721.2333333333333,1703.5,1738.9666666666667,1738.9666666666667,1703.5,35.4666666666667,2.0189370220678944,Wide,Bullish,Above CPR,False,False,0.9833333333333333,60,37288749.55,Higher,True,Risk Off,False,89.13571428571431,1415.306,1357.1680000000001,0.39789513048588315,54.60435362333034,True,True,No setup,Neutral,0,Not applicable,No directional setup; confirmation score not applicable.,Wide CPR,Wide Upside Breakout,Confirmed,Wide CPR + close above CPR + trend aligned + participation confirmed,0,0,0,0
2026-09-11,2026-09-11,CM,NSE,STK,24735,INE912T01018,RPEL,EQ,,,,,RAGHAV PRODUCTIVITY ENH L,1773.5,1854.1,1725.9,1845.2,1840.0,1743.5,,1845.12,,,171393,308478847.5,17739,F1,1,,,,,,Cash Only,Unclassified,False,1808.3999999999999,1790.0,1826.7999999999997,1826.7999999999997,1790.0,36.79999999999973,1.9943637546065318,Wide,Bullish,Above CPR,False,False,0.95,60,94908477.5,Higher,True,Risk Off,False,105.95,1453.8020000000001,1214.1275,0.3473336479471423,3.250277062973642,True,True,No setup,Neutral,0,Not applicable,No directional setup; confirmation score not applicable.,Wide CPR,Wide Upside Breakout,Confirmed,Wide CPR + close above CPR + trend aligned + participation confirmed,0,0,0,0
2026-09-11,2026-09-11,CM,NSE,STK,764312,INE0NG701011,XTRANET,EQ,,,,,XTRANET TECHNOLOGIES LTD,284.91,288.89,270.0,271.34,270.9,285.59,,271.35,,,1232212,341431236.68,20384,F1,1,,,,,,Cash Only,Unclassified,False,276.74333333333334,279.445,274.0416666666667,279.445,274.0416666666667,5.403333333333308,1.991351563843631,Wide,Bearish,Below CPR,False,False,0.6818181818181818,22,258352175.47,Lower,True,Risk Off,False,23.029285714285713,,,0.23462878529408612,1.321572911313252,False,False,No setup,Neutral,0,Not applicable,No directional setup; confirmation score not applicable.,Wide CPR,Wide Downside Breakout,Confirmed,Wide CPR + close below CPR + trend aligned + participation confirmed,0,0,0,0
2026-09-11,2026-09-11,CM,NSE,STK,29877,INE370E01029,VIVIDHA,EQ,,,,,VISAGAR POLYTEX LTD,0.52,0.54,0.51,0.51,0.51,0.51,,0.51,,,204897,106940.49,119,F1,1,,,,,,Cash Only,Unclassified,False,0.52,0.525,0.515,0.525,0.515,0.010000000000000009,1.960784313725492,Wide,Bearish,Below CPR,False,False,0.9,60,106460.495,Overlapping,True,Risk Off,False,0.03071428571428574,0.5216,0.5327000000000001,0.32558139534883723,1.0045086677457211,False,False,No setup,Neutral,0,Not applicable,No directional setup; confirmation score not applicable.,Wide CPR,Wide Downside Breakout,Confirmed,Wide CPR + close below CPR + trend aligned + participation confirmed,0,0,0,0
2026-09-11,2026-09-11,CM,NSE,STK,762807,INE166R01015,NATIONSTD,EQ,,,,,NATIONAL STAND (INDIA) L,116.5,116.5,110.1,110.11,110.1,115.89,,109.82,,,24335,2718219.65,504,F1,1,,,,,,Cash Only,Unclassified,False,112.23666666666666,113.3,111.17333333333333,113.3,111.17333333333333,2.126666666666665,1.9314019314019302,Wide,Bearish,Below CPR,False,False,0.8166666666666667,60,1408275.5,Lower,True,Risk Off,False,6.375,256.5326,762.9533,0.33359477124182985,1.930176055750455,False,False,No setup,Neutral,0,Not applicable,No directional setup; confirmation score not applicable.,Wide CPR,Wide Downside Breakout,Confirmed,Wide CPR + close below CPR + trend aligned + participation confirmed,0,0,0,0
2026-09-11,2026-09-11,CM,NSE,STK,3757,INE398A01010,VENKEYS,EQ,,,,,VENKY S (INDIA) LIMITED,1690.0,1795.0,1676.2,1787.2,1783.0,1706.7,,1787.18,,,254979,449462004.2,20028,F1,1,,,,,,Cash Only,Unclassified,False,1752.8,1735.6,1770.0,1770.0,1735.6,34.40000000000009,1.924798567591769,Wide,Bullish,Above CPR,False,False,1.0,60,61480320.55,Higher,True,Risk Off,False,63.000000000000036,1551.14,1523.231,0.5460317460317472,7.310664618842818,True,True,No setup,Neutral,0,Not applicable,No directional setup; confirmation score not applicable.,Wide CPR,Wide Upside Breakout,Confirmed,Wide CPR + close above CPR + trend aligned + participation confirmed,0,0,0,0
2026-09-11,2026-09-11,CM,NSE,STK,3009,INE080B01012,KOHINOOR,EQ,,,,,KOHINOOR FOODS LIMITED,30.0,31.2,28.72,30.85,31.2,30.17,,30.85,,,148832,4482164.0,1909,F1,1,,,,,,Cash Only,Unclassified,False,30.25666666666667,29.96,30.55333333333334,30.55333333333334,29.96,0.5933333333333408,1.923284710967069,Wide,Bullish,Above CPR,False,False,0.9333333333333333,60,3083117.32,Outside,True,Risk Off,False,1.8600000000000008,27.2962,26.348999999999997,0.3189964157706132,1.4537766600461381,True,True,No setup,Neutral,0,Not applicable,No directional setup; confirmation score not applicable.,Wide CPR,Wide Upside Breakout,Confirmed,Wide CPR + close above CPR + trend aligned + participation confirmed,0,0,0,0
2026-09-11,2026-09-11,CM,NSE,STK,756925,INE607A01022,PRIMO,EQ,,,,,PRIMO CHEMICALS LIMITED,21.43,24.67,21.43,23.71,23.56,21.7,,23.71,,,1605579,38113631.68,4967,F1,1,,,,,,Cash Only,Unclassified,False,23.27,23.05,23.49,23.49,23.05,0.4399999999999977,1.8557570645297246,Wide,Bullish,Above CPR,False,False,0.9,60,2935791.9050000003,Higher,True,Risk Off,False,1.1157142857142859,22.8554,23.3944,0.3943661971830965,12.982402334132738,True,True,No setup,Neutral,0,Not applicable,No directional setup; confirmation score not applicable.,Wide CPR,Wide Upside Breakout,Confirmed,Wide CPR + close above CPR + trend aligned + participation confirmed,0,0,0,0
2026-09-11,2026-09-11,CM,NSE,STK,11667,INE366A01041,DWARKESH,EQ,,,,,DWARIKESH SUGAR IND LTD,45.65,47.45,44.52,44.74,44.87,45.78,,44.74,,,4383063,200293660.44,17557,F1,1,,,,,,Cash Only,Unclassified,False,45.57,45.985,45.155,45.985,45.155,0.8299999999999983,1.855163164953058,Wide,Bearish,Below CPR,False,False,0.95,60,55964032.485,Lower,True,Risk Off,False,2.836428571428571,45.0312,44.86,0.29262150591790426,3.578971198933611,False,False,No setup,Neutral,0,Not applicable,No directional setup; confirmation score not applicable.,Wide CPR,Wide Downside Breakout,Confirmed,Wide CPR + close below CPR + trend aligned + participation confirmed,0,0,0,0
2026-09-11,2026-09-11,CM,NSE,STK,3672,INE624Z01016,SOLARA,EQ,,,,,SOLARA ACTIVE PHA SCI LTD,707.2,759.55,697.4,749.15,749.85,707.25,,749.14,,,1159874,846022165.45,40388,F1,1,,,,,,Cash Only,Unclassified,False,735.3666666666667,728.4749999999999,742.2583333333334,742.2583333333334,728.4749999999999,13.78333333333353,1.839862955794371,Wide,Bullish,Above CPR,False,False,0.9166666666666666,60,117316719.425,Higher,True,Risk Off,False,35.15000000000001,575.095,560.331,0.392128971076345,7.211437292114684,True,True,No setup,Neutral,0,Not applicable,No directional setup; confirmation score not applicable.,Wide CPR,Wide Upside Breakout,Confirmed,Wide CPR + close above CPR + trend aligned + participation confirmed,0,0,0,0
2026-09-11,2026-09-11,CM,NSE,STK,20905,INE02IJ01035,AZAD,EQ,,,,,AZAD ENGINEERING LIMITED,2744.0,2864.0,2677.8,2849.1,2862.0,2773.5,,2849.0,,,454037,1260754874.7,36338,F1,1,,,,,,Cash Only,Unclassified,False,2796.9666666666667,2770.9,2823.0333333333333,2823.0333333333333,2770.9,52.13333333333321,1.8298176032197262,Wide,Bullish,Above CPR,False,False,0.9166666666666666,60,1068245526.8,Outside,True,Risk Off,False,97.9857142857143,2571.536,2338.118,0.5320503474753353,1.180210769032354,True,True,No setup,Neutral,0,Not applicable,No directional setup; confirmation score not applicable.,Wide CPR,Wide Upside Breakout,Confirmed,Wide CPR + close above CPR + trend aligned + participation confirmed,0,0,0,0
2026-09-11,2026-09-11,CM,NSE,STK,1328,INE01JE01028,MARINE,EQ,,,,,MARINE ELECTRICAL (I) LTD,413.0,425.65,390.0,419.15,419.0,408.85,,419.15,,,774758,317893834.15,24505,F1,1,,,,,,Cash Only,Unclassified,False,411.59999999999997,407.825,415.37499999999994,415.37499999999994,407.825,7.5499999999999545,1.8012644637957664,Wide,Bullish,Above CPR,False,False,0.9166666666666666,60,237136038.35000002,Outside,True,Risk Off,False,22.64285714285714,329.839,287.688,0.33343848580441443,1.340554714339985,True,True,No setup,Neutral,0,Not applicable,No directional setup; confirmation score not applicable.,Wide CPR,Wide Upside Breakout,Confirmed,Wide CPR + close above CPR + trend aligned + participation confirmed,0,0,0,0
2026-09-11,2026-09-11,CM,NSE,STK,759239,INE734I01027,FINKURVE,EQ,,,,,FINKURVE FINANCIAL SERV L,67.08,74.92,66.16,72.49,73.01,66.73,,72.51,,,794258,56581345.2,12490,F1,1,,,,,,Cash Only,Unclassified,False,71.19,70.53999999999999,71.84,71.84,70.53999999999999,1.3000000000000114,1.793350807007879,Wide,Bullish,Above CPR,False,False,0.8666666666666667,60,4500815.115,Higher,True,Risk Off,False,5.456428571428573,67.1494,67.1095,0.23825107998429315,12.571355133302337,True,True,No setup,Neutral,0,Not applicable,No directional setup; confirmation score not applicable.,Wide CPR,Wide Upside Breakout,Confirmed,Wide CPR + close above CPR + trend aligned + participation confirmed,0,0,0,0
2026-09-11,2026-09-11,CM,NSE,STK,29075,INE0M4D01010,SETL,EQ,,,,,STANDARD ENGNG TCNLGY LTD,468.15,468.15,443.0,468.15,468.15,445.9,,468.15,,,2933978,1357389069.7,24498,F1,1,,,,,,Cash Only,Unclassified,False,459.76666666666665,455.575,463.9583333333333,463.9583333333333,455.575,8.383333333333326,1.7907365872761563,Wide,Bullish,Above CPR,False,False,0.8333333333333334,60,310318897.65,Higher,True,Risk Off,False,21.364285714285703,313.617,238.2291,0.3923994204836731,4.3741746957059675,True,True,No setup,Neutral,0,Not applicable,No directional setup; confirmation score not applicable.,Wide CPR,Wide Upside Breakout,Confirmed,Wide CPR + close above CPR + trend aligned + participation confirmed,0,0,0,0
2026-09-11,2026-09-11,CM,NSE,STK,16395,INE511Y01018,MMP,EQ,,,,,MMP INDUSTRIES LIMITED,445.0,475.0,439.7,469.95,475.0,447.8,,469.95,,,94390,43156881.9,3320,F1,1,,,,,,Cash Only,Unclassified,False,461.55,457.35,465.75,465.75,457.35,8.399999999999977,1.7874241940631932,Wide,Bullish,Above CPR,False,False,0.9166666666666666,60,16270140.75,Higher,True,Risk Off,False,27.08928571428571,342.06299999999993,306.9968,0.3100856954515483,2.652520501397629,True,True,No setup,Neutral,0,Not applicable,No directional setup; confirmation score not applicable.,Wide CPR,Wide Upside Breakout,Confirmed,Wide CPR + close above CPR + trend aligned + participation confirmed,0,0,0,0
2026-09-11,2026-09-11,CM,NSE,STK,4525,INE221B01012,DYNAMATECH,EQ,,,,,DYNAMATIC TECHNOLOGIES,11463.0,12300.0,11250.0,12097.0,12125.0,11543.0,,12096.98,,,62178,745108677.0,18196,F1,1,,,,,,Cash Only,Unclassified,False,11882.333333333334,11775.0,11989.666666666668,11989.666666666668,11775.0,214.66666666666788,1.774544652944266,Wide,Bullish,Above CPR,False,False,0.9833333333333333,60,140620340.0,Higher,True,Risk Off,False,413.2142857142857,11015.02,10968.775,0.5195044655718842,5.298726180010658,True,True,No setup,Neutral,0,Not applicable,No directional setup; confirmation score not applicable.,Wide CPR,Wide Upside Breakout,Confirmed,Wide CPR + close above CPR + trend aligned + participation confirmed,0,0,0,0
2026-09-11,2026-09-11,CM,NSE,STK,760277,INE537F01012,MODINATUR,EQ,,,,,MODI NATURALS LIMITED,350.0,362.15,335.1,339.7,340.0,355.3,,339.69,,,15368,5314032.2,500,F1,1,,,,,,Cash Only,Unclassified,False,345.65000000000003,348.625,342.67500000000007,348.625,342.67500000000007,5.949999999999932,1.7515454813070157,Wide,Bearish,Below CPR,False,False,0.8333333333333334,60,2918645.45,Lower,True,Risk Off,False,34.66785714285712,364.066,341.829,0.171628721541154,1.820718648782777,False,False,No setup,Neutral,0,Not applicable,No directional setup; confirmation score not applicable.,Wide CPR,Wide Downside Breakout,Confirmed,Wide CPR + close below CPR + trend aligned + participation confirmed,0,0,0,0
2026-09-11,2026-09-11,CM,NSE,STK,13689,INE035801013,AERONEU,EQ,,,,,AEROFLEX NEU LIMITED,69.5,72.76,68.35,68.76,68.5,70.03,,68.76,,,81254,5617236.6,258,F1,1,,,,,,Cash Only,Unclassified,False,69.95666666666666,70.555,69.35833333333332,70.555,69.35833333333332,1.1966666666666868,1.7403529183634185,Wide,Bearish,Below CPR,False,False,0.8833333333333333,60,4213842.39,Lower,True,Risk Off,False,5.0914285714285725,83.6916,86.1083,0.23503554059110005,1.333043830336521,False,False,No setup,Neutral,0,Not applicable,No directional setup; confirmation score not applicable.,Wide CPR,Wide Downside Breakout,Confirmed,Wide CPR + close below CPR + trend aligned + participation confirmed,0,0,0,0
2026-09-11,2026-09-11,CM,NSE,STK,764558,INE451C01013,ACGL,EQ,,,,,AUTOMOBILE CORPN OF GOA L,1702.0,1961.9,1702.0,1785.7,1770.1,1754.6,,1788.96,,,2316,4143986.3,280,F1,1,,,,,,Cash Only,Unclassified,False,1816.5333333333335,1831.95,1801.116666666667,1831.95,1801.116666666667,30.83333333333303,1.7266804801104905,Wide,Bearish,Below CPR,False,False,0.95,20,1057005.45,Higher,True,Risk Off,False,60.72142857142858,,,0.507783398031599,3.9204966256323464,False,False,No setup,Neutral,0,Not applicable,No directional setup; confirmation score not applicable.,Wide CPR,Wide Downside Breakout,Confirmed,Wide CPR + close below CPR + trend aligned + participation confirmed,0,0,0,0
2026-09-11,2026-09-11,CM,NSE,STK,1204,INE546Y01022,PRAXIS,EQ,,,,,PRAXIS HOME RETAIL LTD,4.71,4.71,4.48,4.48,4.48,4.71,,4.48,,,310216,1412191.72,720,F1,1,,,,,,Cash Only,Unclassified,False,4.5566666666666675,4.595000000000001,4.518333333333334,4.595000000000001,4.518333333333334,0.07666666666666622,1.7113095238095135,Wide,Bearish,Below CPR,False,False,0.6833333333333333,60,965293.9650000001,Lower,True,Risk Off,False,0.2592857142857144,6.1744,6.812200000000001,0.2956841138659302,1.4629654501154992,False,False,No setup,Neutral,0,Not applicable,No directional setup; confirmation score not applicable.,Wide CPR,Wide Downside Breakout,Confirmed,Wide CPR + close below CPR + trend aligned + participation confirmed,0,0,0,0
2026-09-11,2026-09-11,CM,NSE,STK,3813,INE420B01036,ARIHANTCAP,EQ,,,,,ARIHANT CAPITAL MKTS LTD,76.0,79.44,74.52,79.0,79.44,76.47,,78.99,,,273519,21157073.77,2022,F1,1,,,,,,Cash Only,Unclassified,False,77.65333333333332,76.97999999999999,78.32666666666665,78.32666666666665,76.97999999999999,1.346666666666664,1.704641350210967,Wide,Bullish,Above CPR,False,False,0.9666666666666667,60,10849681.825,Overlapping,True,Risk Off,False,2.77714285714286,76.452,72.8995,0.4849108367626872,1.9500179001792988,True,True,No setup,Neutral,0,Not applicable,No directional setup; confirmation score not applicable.,Wide CPR,Wide Upside Breakout,Confirmed,Wide CPR + close above CPR + trend aligned + participation confirmed,0,0,0,0
2026-09-11,2026-09-11,CM,NSE,STK,23553,INE206F01022,AIIL,EQ,,,,,AUTHUM INVEST & INFRA LTD,508.0,558.0,503.0,544.35,536.1,512.3,,544.44,,,5994616,3255118119.3,144695,F1,1,,,,,,Cash Only,Financial Services,True,535.1166666666667,530.5,539.7333333333333,539.7333333333333,530.5,9.233333333333348,1.6962126083096076,Wide,Bullish,Above CPR,False,False,0.95,60,136241611.77499998,Higher,True,Risk Off,False,21.582142857142856,543.332,520.9795,0.4278228253075191,23.892246112558887,True,True,No setup,Neutral,0,Not applicable,No directional setup; confirmation score not applicable.,Wide CPR,Wide Upside Breakout,Confirmed,Wide CPR + close above CPR + trend aligned + participation confirmed,0,0,0,0
2026-09-11,2026-09-11,CM,NSE,STK,4598,INE978A01027,HERITGFOOD,EQ,,,,,HERITAGE FOODS LTD,396.0,425.0,389.0,417.4,419.0,398.05,,417.39,,,3638335,1515210599.3,71220,F1,1,,,,,,Cash Only,Unclassified,False,410.4666666666667,407.0,413.9333333333334,413.9333333333334,407.0,6.933333333333394,1.6610765053505978,Wide,Bullish,Above CPR,False,False,0.9666666666666667,60,96831818.9,Higher,True,Risk Off,False,16.171428571428567,354.49199999999996,345.4275,0.4287396937573655,15.647858488177173,True,True,No setup,Neutral,0,Not applicable,No directional setup; confirmation score not applicable.,Wide CPR,Wide Upside Breakout,Confirmed,Wide CPR + close above CPR + trend aligned + participation confirmed,0,0,0,0
2026-09-11,2026-09-11,CM,NSE,STK,19458,INE0INJ01017,PLAZACABLE,EQ,,,,,PLAZA WIRES LIMITED,60.9,63.5,59.32,62.97,63.4,60.51,,62.96,,,304379,18981705.02,2434,F1,1,,,,,,Cash Only,Unclassified,False,61.93,61.41,62.45,62.45,61.41,1.0400000000000063,1.6515801175162874,Wide,Bullish,Above CPR,False,False,0.8,60,3801252.135,Higher,True,Risk Off,False,3.636428571428571,47.7546,42.53099999999999,0.28599489294834196,4.993540114118213,True,True,No setup,Neutral,0,Not applicable,No directional setup; confirmation score not applicable.,Wide CPR,Wide Upside Breakout,Confirmed,Wide CPR + close above CPR + trend aligned + participation confirmed,0,0,0,0
2026-09-11,2026-09-11,CM,NSE,STK,762919,INE321M01017,SONAL,EQ,,,,,SONAL MERCANTILE LTD.,90.5,90.5,86.25,86.25,86.25,90.08,,86.25,,,108,9321.5,4,F1,1,,,,,,Cash Only,Unclassified,False,87.66666666666667,88.375,86.95833333333334,88.375,86.95833333333334,1.4166666666666572,1.642512077294675,Wide,Bearish,Below CPR,False,False,0.8833333333333333,60,4481.09,Lower,True,Risk Off,False,3.7585714285714267,90.30220000000001,,0.37691625490941105,2.0801858476397483,False,False,No setup,Neutral,0,Not applicable,No directional setup; confirmation score not applicable.,Wide CPR,Wide Downside Breakout,Confirmed,Wide CPR + close below CPR + trend aligned + participation confirmed,0,0,0,0
2026-09-11,2026-09-11,CM,NSE,STK,16682,INE596F01018,PTCIL,EQ,,,,,PTC INDUSTRIES LIMITED,22385.0,24050.0,22055.0,23630.0,23440.0,22385.0,,23631.14,,,65881,1533231975.0,22739,F1,1,,,,,,Cash Only,Capital Goods,True,23245.0,23052.5,23437.5,23437.5,23052.5,385.0,1.629284807448159,Wide,Bullish,Above CPR,False,False,0.9666666666666667,60,284770918.5,Higher,True,Risk Off,False,985.7142857142857,19578.68,18384.61,0.39057971014492754,5.384089018204996,True,True,No setup,Neutral,0,Not applicable,No directional setup; confirmation score not applicable.,Wide CPR,Wide Upside Breakout,Confirmed,Wide CPR + close above CPR + trend aligned + participation confirmed,0,0,0,0
2026-09-11,2026-09-11,CM,NSE,STK,9558,INE256Z01025,AKSHAR,EQ,,,,,AKSHAR SPINTEX LIMITED,0.42,0.43,0.41,0.41,0.42,0.42,,0.41,,,895612,374083.47,213,F1,1,,,,,,Cash Only,Unclassified,False,0.4166666666666667,0.42,0.4133333333333334,0.42,0.4133333333333334,0.006666666666666599,1.6260162601625852,Wide,Bearish,Below CPR,False,False,0.85,60,307443.65,Outside,True,Risk Off,False,0.0192857142857143,0.41700000000000004,0.4411,0.3456790123456753,1.21675458250642,False,False,No setup,Neutral,0,Not applicable,No directional setup; confirmation score not applicable.,Wide CPR,Wide Downside Breakout,Confirmed,Wide CPR + close below CPR + trend aligned + participation confirmed,0,0,0,0
2026-09-11,2026-09-11,CM,NSE,STK,22947,INE777F01014,EXICOM,EQ,,,,,EXICOM TELE SYSTEMS LTD,175.65,183.5,172.17,182.28,182.4,176.73,,182.27,,,1693706,303943358.16,18182,F1,1,,,,,,Cash Only,Unclassified,False,179.31666666666663,177.83499999999998,180.7983333333333,180.7983333333333,177.83499999999998,2.96333333333331,1.625704045058871,Wide,Bullish,Above CPR,False,False,0.8,60,268006414.57500002,Overlapping,True,Risk Off,False,8.939285714285715,163.25979999999998,152.1662,0.3314955386869064,1.1340898636399737,True,True,No setup,Neutral,0,Not applicable,No directional setup; confirmation score not applicable.,Wide CPR,Wide Upside Breakout,Confirmed,Wide CPR + close above CPR + trend aligned + participation confirmed,0,0,0,0
2026-09-11,2026-09-11,CM,NSE,STK,30134,INE0I0M01023,PRABHA,EQ,,,,,PRABHA ENERGY LIMITED,239.0,247.0,230.4,244.64,241.2,247.58,,244.58,,,816981,196841063.17,8560,F1,1,,,,,,Cash Only,Unclassified,False,240.67999999999998,238.7,242.65999999999997,242.65999999999997,238.7,3.9599999999999795,1.6187050359712147,Wide,Bullish,Above CPR,False,False,0.9,60,6701422.17,Lower,True,Risk Off,False,14.936428571428573,176.90439999999998,168.555,0.2651236191478155,29.37302831795777,True,True,No setup,Neutral,0,Not applicable,No directional setup; confirmation score not applicable.,Wide CPR,Wide Upside Breakout,Confirmed,Wide CPR + close above CPR + trend aligned + participation confirmed,0,0,0,0
2026-09-11,2026-09-11,CM,NSE,STK,764895,INE960A01017,SHILGRAVQ,EQ,,,,,SHILP GRAVURES LTD.,168.4,172.65,163.0,163.94,163.37,168.4,,164.09,,,5074,848193.2,134,F1,1,,,,,,Cash Only,Unclassified,False,166.53,167.825,165.235,167.825,165.235,2.589999999999975,1.5798462852262871,Wide,Bearish,Below CPR,False,False,0.85,20,471219.27499999997,Outside,True,Risk Off,False,9.791428571428568,,,0.264517070323896,1.7999968273793554,False,False,No setup,Neutral,0,Not applicable,No directional setup; confirmation score not applicable.,Wide CPR,Wide Downside Breakout,Confirmed,Wide CPR + close below CPR + trend aligned + participation confirmed,0,0,0,0
2026-09-11,2026-09-11,CM,NSE,STK,762757,INE552U01010,KPL,EQ,,,,,KWALITY PHARMACEUTICALS L,3500.1,3694.0,3422.3,3643.3,3692.0,3511.6,,3643.16,,,42959,152042665.8,6950,F1,1,,,,,,Cash Only,Unclassified,False,3586.5333333333333,3558.15,3614.9166666666665,3614.9166666666665,3558.15,56.766666666666424,1.5581112361503697,Wide,Bullish,Above CPR,False,False,0.9,60,79028408.3,Higher,True,Risk Off,False,174.75714285714298,3028.8,2577.4145,0.32483173928444753,1.9238988747290766,True,True,No setup,Neutral,0,Not applicable,No directional setup; confirmation score not applicable.,Wide CPR,Wide Upside Breakout,Confirmed,Wide CPR + close above CPR + trend aligned + participation confirmed,0,0,0,0
2026-09-11,2026-09-11,CM,NSE,STK,28960,INE0U3I01011,UNIMECH,EQ,,,,,UNIMECH AEROSPACE N MFG L,1560.9,1614.9,1531.0,1610.0,1609.0,1568.1,,1609.95,,,296742,470723930.8,21493,F1,1,,,,,,Cash Only,Unclassified,False,1585.3,1572.95,1597.6499999999999,1597.6499999999999,1572.95,24.699999999999818,1.5341614906832186,Wide,Bullish,Above CPR,False,False,0.9333333333333333,60,199281009.4,Overlapping,True,Risk Off,False,65.84285714285716,1370.6580000000001,1210.9005,0.37513560425254655,2.3621113332237065,True,True,No setup,Neutral,0,Not applicable,No directional setup; confirmation score not applicable.,Wide CPR,Wide Upside Breakout,Confirmed,Wide CPR + close above CPR + trend aligned + participation confirmed,0,0,0,0
2026-09-11,2026-09-11,CM,NSE,STK,24308,INE552Z01027,ABDL,EQ,,,,,ALLIED BLEND N DISTILS L,601.0,636.9,599.0,632.5,636.0,611.45,,632.47,,,563681,350872855.4,19446,F1,1,,,,,,Cash Only,Fast Moving Consumer Goods,True,622.8000000000001,617.95,627.6500000000001,627.6500000000001,617.95,9.700000000000045,1.5335968379446712,Wide,Bullish,Above CPR,False,False,0.9333333333333333,60,187596842.39999998,Higher,True,Risk Off,False,18.31785714285714,621.411,601.5645,0.5295379216221512,1.8703558701263088,True,True,No setup,Neutral,0,Not applicable,No directional setup; confirmation score not applicable.,Wide CPR,Wide Upside Breakout,Confirmed,Wide CPR + close above CPR + trend aligned + participation confirmed,0,0,0,0
2026-09-11,2026-09-11,CM,NSE,STK,2475,INE213A01029,ONGC,EQ,,,,,OIL AND NATURAL GAS CORP.,239.9,243.16,232.5,232.5,232.5,237.27,,232.5,,,27128531,6452018687.97,152680,F1,1,,,,,,F&O + Cash,Oil Gas & Consumable Fuels,True,236.0533333333333,237.82999999999998,234.27666666666664,237.82999999999998,234.27666666666664,3.5533333333333417,1.5283154121863836,Wide,Bearish,Below CPR,False,False,1.0,60,2773013600.435,Outside,True,Risk Off,False,4.257142857142859,240.3588,255.22979999999998,0.8346756152125295,2.326717289434815,False,False,No setup,Neutral,0,Not applicable,No directional setup; confirmation score not applicable.,Wide CPR,Wide Downside Breakout,Confirmed,Wide CPR + close below CPR + trend aligned + participation confirmed,0,0,0,0
2026-09-11,2026-09-11,CM,NSE,STK,14557,INE210C01013,AROGRANITE,EQ,,,,,ARO GRANITE IND. LTD.,23.6,24.82,23.0,23.38,23.85,24.19,,23.44,,,13819,326912.68,127,F1,1,,,,,,Cash Only,Unclassified,False,23.733333333333334,23.91,23.55666666666667,23.91,23.55666666666667,0.3533333333333317,1.5112631879098877,Wide,Bearish,Below CPR,False,False,0.95,60,168873.84999999998,Lower,True,Risk Off,False,1.0178571428571435,25.0344,25.472399999999997,0.3471345029239748,1.935839563082147,False,False,No setup,Neutral,0,Not applicable,No directional setup; confirmation score not applicable.,Wide CPR,Wide Downside Breakout,Confirmed,Wide CPR + close below CPR + trend aligned + participation confirmed,0,0,0,0
2026-09-11,2026-09-11,CM,NSE,STK,759291,INE304W01038,BLUESTONE,EQ,,,,,BLUESTONE JEWEL LFSTL LTD,853.0,899.0,841.5,890.35,892.0,855.15,,890.35,,,1308518,1148321189.05,57502,F1,1,,,,,,Cash Only,Unclassified,False,876.9499999999999,870.25,883.6499999999999,883.6499999999999,870.25,13.399999999999864,1.5050261133262046,Wide,Bullish,Above CPR,False,False,0.8666666666666667,60,530124214.97499996,Higher,True,Risk Off,False,36.17857142857143,770.232,640.6175,0.37038499506416206,2.16613608020934,True,True,No setup,Neutral,0,Not applicable,No directional setup; confirmation score not applicable.,Wide CPR,Wide Upside Breakout,Confirmed,Wide CPR + close above CPR + trend aligned + participation confirmed,0,0,0,0
2026-09-11,2026-09-11,CM,NSE,STK,764833,INE383L01019,PARNAXLAB,EQ,,,,,PARNAX LAB LTD.,127.48,134.72,125.0,127.0,127.0,127.48,,127.0,,,3083,400515.97,68,F1,1,,,,,,Cash Only,Unclassified,False,128.90666666666667,129.86,127.95333333333332,129.86,127.95333333333332,1.9066666666666947,1.5013123359580274,Wide,Bearish,Below CPR,False,False,0.6,20,213152.99,Higher,True,Risk Off,False,12.31,,,0.15488762523693703,1.879007045596686,False,False,No setup,Neutral,0,Not applicable,No directional setup; confirmation score not applicable.,Wide CPR,Wide Downside Breakout,Confirmed,Wide CPR + close below CPR + trend aligned + participation confirmed,0,0,0,0
2026-09-11,2026-09-11,CM,NSE,STK,17875,INE484J01027,GODREJPROP,EQ,,,,,GODREJ PROPERTIES LTD,1855.0,1855.0,1719.0,1748.0,1748.0,1872.0,,1747.94,,,2684348,4694765957.2,87301,F1,1,,,,,,F&O + Cash,Realty,True,1774.0,1787.0,1761.0,1787.0,1761.0,26.0,1.4874141876430207,Wide,Bearish,Below CPR,False,False,0.9666666666666667,60,1294571163.15,Lower,True,Risk Off,False,67.22142857142858,2039.26,1910.5740000000003,0.38678142599086174,3.626502807135388,False,False,No setup,Neutral,0,Not applicable,No directional setup; confirmation score not applicable.,Wide CPR,Wide Downside Breakout,Confirmed,Wide CPR + close below CPR + trend aligned + participation confirmed,0,0,0,0
2026-09-11,2026-09-11,CM,NSE,STK,7413,INE830Q01018,MANAKCOAT,EQ,,,,,MAN COAT METAL & IND LTD,123.9,129.8,121.53,128.53,128.8,124.37,,128.54,,,734495,92759371.66,8717,F1,1,,,,,,Cash Only,Unclassified,False,126.62,125.665,127.575,127.575,125.665,1.9099999999999966,1.4860343888586296,Wide,Bullish,Above CPR,False,False,0.9333333333333333,60,44318094.885,Overlapping,True,Risk Off,False,4.898571428571428,122.164,114.34689999999999,0.38990959463400343,2.0930360815531253,True,True,No setup,Neutral,0,Not applicable,No directional setup; confirmation score not applicable.,Wide CPR,Wide Upside Breakout,Confirmed,Wide CPR + close above CPR + trend aligned + participation confirmed,0,0,0,0
2026-09-11,2026-09-11,CM,NSE,STK,27161,INE704H01022,CINELINE,EQ,,,,,CINELINE INDIA LIMITED,94.0,97.18,91.15,96.31,96.0,93.58,,96.31,,,19934,1896045.36,327,F1,1,,,,,,Cash Only,Unclassified,False,94.88,94.165,95.59499999999998,95.59499999999998,94.165,1.4299999999999784,1.4847887031460683,Wide,Bullish,Above CPR,False,False,0.9333333333333333,60,1308462.4849999999,Overlapping,True,Risk Off,False,3.9978571428571428,86.16300000000001,83.9608,0.35769162051098263,1.4490636007802702,True,True,No setup,Neutral,0,Not applicable,No directional setup; confirmation score not applicable.,Wide CPR,Wide Upside Breakout,Confirmed,Wide CPR + close above CPR + trend aligned + participation confirmed,0,0,0,0
2026-09-11,2026-09-11,CM,NSE,STK,13367,INE353H01010,SGL,EQ,,,,,STL GLOBAL LIMITED,9.86,10.22,9.67,9.73,9.8,9.9,,9.73,,,8778,86207.25,86,F1,1,,,,,,Cash Only,Unclassified,False,9.873333333333333,9.945,9.801666666666666,9.945,9.801666666666666,0.14333333333333442,1.473107228502923,Wide,Bearish,Below CPR,False,False,0.8833333333333333,60,53961.244999999995,Lower,True,Risk Off,False,0.5750000000000004,9.9716,10.550800000000002,0.24927536231884231,1.5975771129817335,False,False,No setup,Neutral,0,Not applicable,No directional setup; confirmation score not applicable.,Wide CPR,Wide Downside Breakout,Confirmed,Wide CPR + close below CPR + trend aligned + participation confirmed,0,0,0,0
2026-09-11,2026-09-11,CM,NSE,STK,12032,INE128S01021,FIVESTAR,EQ,,,,,FIVE-STAR BUS FIN LTD,525.75,556.85,521.0,551.05,555.45,530.65,,551.04,,,1960216,1076144178.75,62013,F1,1,,,,,,Cash Only,Financial Services,True,542.9666666666666,538.925,547.0083333333332,547.0083333333332,538.925,8.083333333333258,1.4668965308653041,Wide,Bullish,Above CPR,False,False,1.0,60,262088049.7,Higher,True,Risk Off,False,18.17500000000002,540.685,506.5225,0.4447501146263136,4.106040622538159,True,True,No setup,Neutral,0,Not applicable,No directional setup; confirmation score not applicable.,Wide CPR,Wide Upside Breakout,Confirmed,Wide CPR + close above CPR + trend aligned + participation confirmed,0,0,0,0
2026-09-11,2026-09-11,CM,NSE,STK,10350,INE718F01018,CSLFINANCE,EQ,,,,,CSL FINANCE LIMITED,234.54,234.54,217.12,220.98,224.0,241.04,,220.95,,,149373,32979844.23,3980,F1,1,,,,,,Cash Only,Unclassified,False,224.21333333333334,225.82999999999998,222.5966666666667,225.82999999999998,222.5966666666667,3.2333333333332916,1.4631791715690523,Wide,Bearish,Below CPR,False,False,0.9833333333333333,60,7148991.38,Lower,True,Risk Off,False,10.95642857142857,223.915,226.4328,0.2951083295303872,4.613216393331279,False,False,No setup,Neutral,0,Not applicable,No directional setup; confirmation score not applicable.,Wide CPR,Wide Downside Breakout,Confirmed,Wide CPR + close below CPR + trend aligned + participation confirmed,0,0,0,0
2026-09-11,2026-09-11,CM,NSE,STK,11491,INE372A01015,APARINDS,EQ,,,,,APAR INDUSTRIES LTD.,17200.0,17558.0,16686.0,17500.0,17499.0,17342.0,,17499.94,,,169196,2918250013.0,48390,F1,1,,,,,,Cash Only,Capital Goods,True,17248.0,17122.0,17374.0,17374.0,17122.0,252.0,1.44,Wide,Bullish,Above CPR,False,False,0.85,60,2151721292.0,Outside,True,Risk Off,False,645.7142857142857,15733.28,14705.885,0.39026548672566375,1.3562397806118842,True,True,No setup,Neutral,0,Not applicable,No directional setup; confirmation score not applicable.,Wide CPR,Wide Upside Breakout,Confirmed,Wide CPR + close above CPR + trend aligned + participation confirmed,0,0,0,0
2026-09-11,2026-09-11,CM,NSE,STK,4229,INE116C01012,ZFSTEERING,EQ,,,,,Z F STEERING GEAR (I) LTD,742.0,773.7,723.0,764.75,769.95,743.4,,764.9,,,18700,13982196.6,1138,F1,1,,,,,,Cash Only,Unclassified,False,753.8166666666666,748.35,759.2833333333332,759.2833333333332,748.35,10.933333333333167,1.4296611092949547,Wide,Bullish,Above CPR,False,False,0.9666666666666667,60,2286986.625,Higher,True,Risk Off,False,23.60357142857143,674.4830000000001,699.318,0.4632067382861683,6.113807770957121,True,True,No setup,Neutral,0,Not applicable,No directional setup; confirmation score not applicable.,Wide CPR,Wide Upside Breakout,Confirmed,Wide CPR + close above CPR + trend aligned + participation confirmed,0,0,0,0
2026-09-11,2026-09-11,CM,NSE,STK,11817,INE584F01014,MANGALAM,EQ,,,,,MANGALAM DRUG & CHEM LTD,35.0,38.25,33.11,36.46,36.4,34.88,,36.46,,,385169,14027790.82,2704,F1,1,,,,,,Cash Only,Unclassified,False,35.94,35.68,36.199999999999996,36.199999999999996,35.68,0.519999999999996,1.4262205156335601,Wide,Bullish,Above CPR,False,False,0.8666666666666667,60,693664.715,Higher,True,Risk Off,False,2.4907142857142857,28.631600000000002,28.209899999999998,0.2087754516776583,20.22272506682137,True,True,No setup,Neutral,0,Not applicable,No directional setup; confirmation score not applicable.,Wide CPR,Wide Upside Breakout,Confirmed,Wide CPR + close above CPR + trend aligned + participation confirmed,0,0,0,0
2026-09-11,2026-09-11,CM,NSE,STK,9592,INE0JA001018,VENUSPIPES,EQ,,,,,VENUS PIPES & TUBES LTD,1948.0,2044.4,1909.4,2020.1,2022.0,1949.1,,2020.09,,,301736,601551573.4,25593,F1,1,,,,,,Cash Only,Unclassified,False,1991.3,1976.9,2005.6999999999998,2005.6999999999998,1976.9,28.799999999999727,1.4256719964358064,Wide,Bullish,Above CPR,False,False,0.8666666666666667,60,165863981.8,Higher,True,Risk Off,False,91.49285714285716,1684.87,1568.4005000000002,0.31477867124677655,3.6267763915456657,True,True,No setup,Neutral,0,Not applicable,No directional setup; confirmation score not applicable.,Wide CPR,Wide Upside Breakout,Confirmed,Wide CPR + close above CPR + trend aligned + participation confirmed,0,0,0,0
2026-09-11,2026-09-11,CM,NSE,STK,2939,INE301D01026,RUBYMILLS,EQ,,,,,THE RUBY MILLS LTD,445.9,463.8,426.95,455.1,450.25,445.9,,455.02,,,11703,5177476.7,854,F1,1,,,,,,Cash Only,Unclassified,False,448.6166666666666,445.375,451.85833333333323,451.85833333333323,445.375,6.483333333333235,1.4245953270343297,Wide,Bullish,Above CPR,False,False,0.8333333333333334,60,3516434.385,Overlapping,True,Risk Off,False,39.26857142857143,258.0642,229.3518,0.1651023476911112,1.4723655081082938,True,True,No setup,Neutral,0,Not applicable,No directional setup; confirmation score not applicable.,Wide CPR,Wide Upside Breakout,Confirmed,Wide CPR + close above CPR + trend aligned + participation confirmed,0,0,0,0
2026-09-11,2026-09-11,CM,NSE,STK,16192,INE07S101038,PAVNAIND,EQ,,,,,PAVNA INDUSTRIES LIMITED,15.23,15.88,14.51,14.88,14.9,15.08,,14.88,,,94965,1422664.69,398,F1,1,,,,,,Cash Only,Unclassified,False,15.090000000000002,15.195,14.985000000000003,15.195,14.985000000000003,0.2099999999999973,1.4112903225806268,Wide,Bearish,Below CPR,False,False,0.6333333333333333,60,1269419.975,Overlapping,True,Risk Off,False,1.3228571428571425,17.881,18.7679,0.1587473002159807,1.1207202643868903,False,False,No setup,Neutral,0,Not applicable,No directional setup; confirmation score not applicable.,Wide CPR,Wide Downside Breakout,Confirmed,Wide CPR + close below CPR + trend aligned + participation confirmed,0,0,0,0
2026-09-11,2026-09-11,CM,NSE,STK,13735,INE792H01019,GLOBALVECT,EQ,,,,,GLOBAL VEC HELICORP LTD,137.0,139.89,130.0,132.17,134.0,138.35,,132.25,,,23069,3083514.21,764,F1,1,,,,,,Cash Only,Unclassified,False,134.01999999999998,134.945,133.09499999999997,134.945,133.09499999999997,1.8500000000000227,1.3997124914882522,Wide,Bearish,Below CPR,False,False,0.9666666666666667,60,1020454.5249999999,Lower,True,Risk Off,False,4.842142857142859,152.71400000000003,161.2544,0.3820622510694838,3.021706636069844,False,False,No setup,Neutral,0,Not applicable,No directional setup; confirmation score not applicable.,Wide CPR,Wide Downside Breakout,Confirmed,Wide CPR + close below CPR + trend aligned + participation confirmed,0,0,0,0
2026-09-11,2026-09-11,CM,NSE,STK,27079,INE127T01021,KPEL,EQ,,,,,K.P. ENERGY LIMITED,224.13,225.0,213.82,214.91,214.51,224.13,,214.9,,,618562,134210111.73,11341,F1,1,,,,,,Cash Only,Unclassified,False,217.91,219.41,216.41,219.41,216.41,3.0,1.3959331813317202,Wide,Bearish,Below CPR,False,False,0.9,60,63690738.224999994,Lower,True,Risk Off,False,9.83,282.597,320.0439,0.3051881993896236,2.1072155146934635,False,False,No setup,Neutral,0,Not applicable,No directional setup; confirmation score not applicable.,Wide CPR,Wide Downside Breakout,Confirmed,Wide CPR + close below CPR + trend aligned + participation confirmed,0,0,0,0
2026-09-11,2026-09-11,CM,NSE,STK,764808,INE173M01012,ONIXSOLAR,EQ,,,,,ONIX SOLAR ENERGY LTD.,458.9,459.0,436.45,438.65,436.45,459.4,,438.53,,,428009,189446882.75,6445,F1,1,,,,,,Cash Only,Unclassified,False,444.7,447.725,441.67499999999995,447.725,441.67499999999995,6.050000000000068,1.3792317337285007,Wide,Bearish,Below CPR,False,False,0.6,20,109191069.175,Lower,True,Risk Off,False,21.22857142857143,,,0.28499327052490225,1.7350034593614465,False,False,No setup,Neutral,0,Not applicable,No directional setup; confirmation score not applicable.,Wide CPR,Wide Downside Breakout,Confirmed,Wide CPR + close below CPR + trend aligned + participation confirmed,0,0,0,0
2026-09-11,2026-09-11,CM,NSE,STK,14014,INE872H01027,LUMAXTECH,EQ,,,,,LUMAX AUTO TECH LTD,1942.0,2011.9,1893.7,1993.7,1997.9,1942.6,,1993.61,,,164997,325973444.8,26277,F1,1,,,,,,Cash Only,Unclassified,False,1966.4333333333334,1952.8000000000002,1980.0666666666666,1980.0666666666666,1952.8000000000002,27.266666666666424,1.3676414037551499,Wide,Bullish,Above CPR,False,False,0.95,60,221781502.3,Overlapping,True,Risk Off,False,76.00714285714284,1751.842,1697.089,0.35873821382701815,1.469795458230152,True,True,No setup,Neutral,0,Not applicable,No directional setup; confirmation score not applicable.,Wide CPR,Wide Upside Breakout,Confirmed,Wide CPR + close above CPR + trend aligned + participation confirmed,0,0,0,0
2026-09-11,2026-09-11,CM,NSE,STK,760183,INE647U01026,CLEANMAX,EQ,,,,,CLEAN MAX ENVIRO EN SOL L,1395.1,1442.0,1361.7,1431.0,1420.0,1399.0,,1431.02,,,250397,352947746.2,16487,F1,1,,,,,,Cash Only,Unclassified,False,1411.5666666666666,1401.85,1421.2833333333333,1421.2833333333333,1401.85,19.433333333333394,1.358024691358029,Wide,Bullish,Above CPR,False,False,0.85,60,219073802.39999998,Overlapping,True,Risk Off,False,63.72142857142858,1308.6760000000002,1265.7259999999999,0.3049732840115093,1.6110906111702201,True,True,No setup,Neutral,0,Not applicable,No directional setup; confirmation score not applicable.,Wide CPR,Wide Upside Breakout,Confirmed,Wide CPR + close above CPR + trend aligned + participation confirmed,0,0,0,0
2026-09-11,2026-09-11,CM,NSE,STK,40,INE208C01025,AEGISLOG,EQ,,,,,AEGIS LOGISTICS LIMITED,1311.1,1364.6,1287.7,1353.6,1353.0,1307.6,,1353.59,,,1216825,1629308111.6,54754,F1,1,,,,,,Cash Only,Oil Gas & Consumable Fuels,True,1335.3,1326.15,1344.4499999999998,1344.4499999999998,1326.15,18.299999999999727,1.351950354609909,Wide,Bullish,Above CPR,False,False,0.7333333333333333,60,1590042972.65,Overlapping,True,Risk Off,False,56.164285714285775,1313.1960000000001,1076.5065000000002,0.32582983594047554,1.024694388532506,True,True,No setup,Neutral,0,Not applicable,No directional setup; confirmation score not applicable.,Wide CPR,Wide Upside Breakout,Confirmed,Wide CPR + close above CPR + trend aligned + participation confirmed,0,0,0,0
2026-09-11,2026-09-11,CM,NSE,STK,16639,INE415I01015,KIRIINDUS,EQ,,,,,KIRI INDUSTRIES LIMITED,518.8,541.0,512.1,537.35,534.4,523.1,,537.36,,,1067749,565013254.85,22559,F1,1,,,,,,Cash Only,Unclassified,False,530.15,526.55,533.75,533.75,526.55,7.2000000000000455,1.3399088117614302,Wide,Bullish,Above CPR,False,False,0.8333333333333334,60,96752420.625,Overlapping,True,Risk Off,False,36.41071428571429,448.17,423.77549999999997,0.1977439921530174,5.839784174908854,True,True,No setup,Neutral,0,Not applicable,No directional setup; confirmation score not applicable.,Wide CPR,Wide Upside Breakout,Confirmed,Wide CPR + close above CPR + trend aligned + participation confirmed,0,0,0,0
2026-09-11,2026-09-11,CM,NSE,STK,11915,INE528G01035,YESBANK,EQ,,,,,YES BANK LIMITED,22.23,23.95,22.07,23.48,23.48,22.3,,23.48,,,234792571,5469971231.29,140132,F1,1,,,,,,F&O + Cash,Financial Services,True,23.166666666666668,23.009999999999998,23.323333333333338,23.323333333333338,23.009999999999998,0.3133333333333397,1.3344690516752116,Wide,Bullish,Above CPR,False,False,0.9833333333333333,60,1270477825.2350001,Higher,True,Risk Off,False,0.49071428571428505,22.9188,22.798399999999997,0.6385249878699798,4.305444079890352,True,True,No setup,Neutral,0,Not applicable,No directional setup; confirmation score not applicable.,Wide CPR,Wide Upside Breakout,Confirmed,Wide CPR + close above CPR + trend aligned + participation confirmed,0,0,0,0
2026-09-11,2026-09-11,CM,NSE,STK,757955,INE124Y01028,PASHUPATI,EQ,,,,,PASHUPATI COTSPIN LIMITED,81.0,84.7,79.98,80.73,80.56,80.24,,80.72,,,139989,11391396.75,3071,F1,1,,,,,,Cash Only,Unclassified,False,81.80333333333334,82.34,81.26666666666668,82.34,81.26666666666668,1.0733333333333235,1.3295346628679838,Wide,Bearish,Below CPR,False,False,0.95,60,2693052.4349999996,Inside,True,Risk Off,False,3.8585714285714303,85.21980000000002,87.3012,0.2781685795384399,4.2299201463561555,False,False,No setup,Neutral,0,Not applicable,No directional setup; confirmation score not applicable.,Wide CPR,Wide Downside Breakout,Confirmed,Wide CPR + close below CPR + trend aligned + participation confirmed,0,0,0,0
2026-09-11,2026-09-11,CM,NSE,STK,2112,INE882A01013,MARALOVER,EQ,,,,,MARAL OVERSEAS LTD,63.35,63.35,59.0,62.41,62.6,62.65,,62.41,,,12281,746070.81,247,F1,1,,,,,,Cash Only,Unclassified,False,61.586666666666666,61.175,61.998333333333335,61.998333333333335,61.175,0.8233333333333377,1.3192330288949492,Wide,Bullish,Above CPR,False,False,0.8,60,584579.39,Lower,True,Risk Off,False,3.6207142857142856,50.1704,46.1704,0.22739527849017022,1.2762523324676227,True,True,No setup,Neutral,0,Not applicable,No directional setup; confirmation score not applicable.,Wide CPR,Wide Upside Breakout,Confirmed,Wide CPR + close above CPR + trend aligned + participation confirmed,0,0,0,0
2026-09-11,2026-09-11,CM,NSE,STK,16927,INE839G01010,JOCIL,EQ,,,,,JOCIL LIMITED,150.61,150.8,143.1,149.89,150.75,149.87,,149.89,,,8542,1252411.67,248,F1,1,,,,,,Cash Only,Unclassified,False,147.92999999999998,146.95,148.90999999999997,148.90999999999997,146.95,1.9599999999999795,1.3076255921008604,Wide,Bullish,Above CPR,False,False,0.7833333333333333,60,598229.22,Lower,True,Risk Off,False,10.985000000000005,128.7612,128.9978,0.17842512517068537,2.0935314226209143,True,True,No setup,Neutral,0,Not applicable,No directional setup; confirmation score not applicable.,Wide CPR,Wide Upside Breakout,Confirmed,Wide CPR + close above CPR + trend aligned + participation confirmed,0,0,0,0
2026-09-11,2026-09-11,CM,NSE,STK,7627,INE879A01019,SHREERAMA,EQ,,,,,SHREE RAMA MULTI TECH LTD,46.69,47.4,45.0,47.12,47.24,45.88,,47.09,,,107895,5030380.08,1128,F1,1,,,,,,Cash Only,Unclassified,False,46.50666666666667,46.2,46.81333333333333,46.81333333333333,46.2,0.6133333333333297,1.3016411997736201,Wide,Bullish,Above CPR,False,False,0.8833333333333333,60,2584648.0700000003,Higher,True,Risk Off,False,2.7564285714285712,42.0732,43.2895,0.22251014943422173,1.9462533945675626,True,True,No setup,Neutral,0,Not applicable,No directional setup; confirmation score not applicable.,Wide CPR,Wide Upside Breakout,Confirmed,Wide CPR + close above CPR + trend aligned + participation confirmed,0,0,0,0
2026-09-11,2026-09-11,CM,NSE,STK,592,INE371A01025,GRAPHITE,EQ,,,,,GRAPHITE INDIA LTD,812.0,834.4,785.1,825.8,828.0,824.8,,825.72,,,3972340,3236762289.85,89732,F1,1,,,,,,Cash Only,Capital Goods,True,815.1,809.75,820.45,820.45,809.75,10.700000000000045,1.2957132477597537,Wide,Bullish,Above CPR,False,False,0.8833333333333333,60,500462291.67499995,Lower,True,Risk Off,False,37.58571428571429,690.2940000000001,693.8439999999999,0.2846826301786405,6.467544795466733,True,True,No setup,Neutral,0,Not applicable,No directional setup; confirmation score not applicable.,Wide CPR,Wide Upside Breakout,Confirmed,Wide CPR + close above CPR + trend aligned + participation confirmed,0,0,0,0
2026-09-11,2026-09-11,CM,NSE,STK,17752,INE790G01031,SHILPAMED,EQ,,,,,SHILPA MEDICARE LTD,935.0,975.0,910.0,961.15,959.05,939.9,,961.19,,,1471659,1401321256.9,56245,F1,1,,,,,,Cash Only,Unclassified,False,948.7166666666667,942.5,954.9333333333334,954.9333333333334,942.5,12.433333333333394,1.2935892767344737,Wide,Bullish,Above CPR,False,False,0.8333333333333334,60,640576462.925,Outside,True,Risk Off,False,43.800000000000004,755.564,628.2495,0.2838660578386619,2.187594046932801,True,True,No setup,Neutral,0,Not applicable,No directional setup; confirmation score not applicable.,Wide CPR,Wide Upside Breakout,Confirmed,Wide CPR + close above CPR + trend aligned + participation confirmed,0,0,0,0
2026-09-11,2026-09-11,CM,NSE,STK,760433,INE987S01020,KSHINTL,EQ,,,,,KSH INTERNATIONAL LIMITED,1173.0,1178.35,1118.05,1170.9,1172.0,1174.3,,1170.88,,,259796,298654536.4,26257,F1,1,,,,,,Cash Only,Unclassified,False,1155.7666666666667,1148.1999999999998,1163.3333333333335,1163.3333333333335,1148.1999999999998,15.133333333333667,1.292453098755971,Wide,Bullish,Above CPR,False,False,0.8333333333333334,60,201010510.4,Overlapping,True,Risk Off,False,49.550000000000004,944.4069999999999,845.7914999999999,0.30541540531450384,1.485765773171232,True,True,No setup,Neutral,0,Not applicable,No directional setup; confirmation score not applicable.,Wide CPR,Wide Upside Breakout,Confirmed,Wide CPR + close above CPR + trend aligned + participation confirmed,0,0,0,0
2026-09-11,2026-09-11,CM,NSE,STK,759517,INE0XAD01024,MIDWESTLTD,EQ,,,,,MIDWEST LIMITED,1066.7,1066.7,1005.5,1016.4,1007.0,1065.5,,1016.37,,,61358,62757713.1,4768,F1,1,,,,,,Cash Only,Unclassified,False,1029.5333333333333,1036.1,1022.9666666666667,1036.1,1022.9666666666667,13.133333333333212,1.2921422012330983,Wide,Bearish,Below CPR,False,False,0.9,60,15997159.65,Lower,True,Risk Off,False,36.7714285714286,1184.964,1233.503,0.35716135716135355,3.923053496562435,False,False,No setup,Neutral,0,Not applicable,No directional setup; confirmation score not applicable.,Wide CPR,Wide Downside Breakout,Confirmed,Wide CPR + close below CPR + trend aligned + participation confirmed,0,0,0,0
2026-09-11,2026-09-11,CM,NSE,STK,15073,INE139I01011,BVCL,EQ,,,,,BARAK VALLEY CEM. LTD.,43.43,43.8,41.9,42.05,41.9,43.44,,42.06,,,26950,1141146.52,407,F1,1,,,,,,Cash Only,Unclassified,False,42.58333333333333,42.849999999999994,42.31666666666666,42.849999999999994,42.31666666666666,0.5333333333333314,1.268331351565592,Wide,Bearish,Below CPR,False,False,0.8833333333333333,60,697900.65,Lower,True,Risk Off,False,2.6035714285714286,42.0712,42.3574,0.20484682213077202,1.6351131353724917,False,False,No setup,Neutral,0,Not applicable,No directional setup; confirmation score not applicable.,Wide CPR,Wide Downside Breakout,Confirmed,Wide CPR + close below CPR + trend aligned + participation confirmed,0,0,0,0
2026-09-11,2026-09-11,CM,NSE,STK,10905,INE727B01026,GENESYS,EQ,,,,,GENESYS INTL CORPN LTD,291.81,316.94,286.98,307.81,304.15,299.67,,307.78,,,2809027,855333005.94,47487,F1,1,,,,,,Cash Only,Unclassified,False,303.91,301.96000000000004,305.86,305.86,301.96000000000004,3.8999999999999773,1.2670153666222597,Wide,Bullish,Above CPR,False,False,0.65,60,105500898.075,Higher,True,Risk Off,False,24.79071428571429,264.363,272.4568,0.15731696775866444,8.107352842929817,True,True,No setup,Neutral,0,Not applicable,No directional setup; confirmation score not applicable.,Wide CPR,Wide Upside Breakout,Confirmed,Wide CPR + close above CPR + trend aligned + participation confirmed,0,0,0,0
2026-09-11,2026-09-11,CM,NSE,STK,5501,INE384C01016,YUKEN,EQ,,,,,YUKEN INDIA LIMITED,1085.7,1124.85,1060.55,1113.75,1110.0,1085.7,,1113.71,,,35432,39002791.55,4028,F1,1,,,,,,Cash Only,Unclassified,False,1099.7166666666665,1092.6999999999998,1106.7333333333331,1106.7333333333331,1092.6999999999998,14.033333333333303,1.2600074822297018,Wide,Bullish,Above CPR,False,False,0.8833333333333333,60,8222115.15,Overlapping,True,Risk Off,False,48.892857142857146,843.551,776.664,0.2870221572924269,4.743644529230413,True,True,No setup,Neutral,0,Not applicable,No directional setup; confirmation score not applicable.,Wide CPR,Wide Upside Breakout,Confirmed,Wide CPR + close above CPR + trend aligned + participation confirmed,0,0,0,0
2026-09-11,2026-09-11,CM,NSE,STK,762747,INE338F01015,KLBRENG-B,EQ,,,,,KILBURN ENGINEERING LTD.,477.05,490.0,465.7,486.95,488.0,477.4,,486.93,,,237994,114162656.15,6916,F1,1,,,,,,Cash Only,Unclassified,False,480.8833333333334,477.85,483.91666666666674,483.91666666666674,477.85,6.06666666666672,1.2458500188246677,Wide,Bullish,Above CPR,False,False,0.8666666666666667,60,36583643.025,Higher,True,Risk Off,False,21.217857142857135,424.26800000000003,458.6405,0.28592268417213973,3.1205928855140312,True,True,No setup,Neutral,0,Not applicable,No directional setup; confirmation score not applicable.,Wide CPR,Wide Upside Breakout,Confirmed,Wide CPR + close above CPR + trend aligned + participation confirmed,0,0,0,0
2026-09-11,2026-09-11,CM,NSE,STK,15716,INE557Z01018,PIGL,EQ,,,,,POWER INSTRUMENT (G) LTD,104.0,105.99,102.0,102.1,102.01,104.11,,102.08,,,81976,8481044.75,699,F1,1,,,,,,Cash Only,Unclassified,False,103.36333333333334,103.995,102.73166666666668,103.995,102.73166666666668,1.2633333333333212,1.2373490042441933,Wide,Bearish,Below CPR,False,False,0.8833333333333333,60,6230487.765,Lower,True,Risk Off,False,4.78,106.5044,107.45609999999999,0.2642956764295651,1.3612168212001938,False,False,No setup,Neutral,0,Not applicable,No directional setup; confirmation score not applicable.,Wide CPR,Wide Downside Breakout,Confirmed,Wide CPR + close below CPR + trend aligned + participation confirmed,0,0,0,0
2026-09-11,2026-09-11,CM,NSE,STK,13810,INE08ZM01014,GREENPANEL,EQ,,,,,GREENPANEL INDUSTRIES LTD,159.97,159.97,152.91,153.6,153.5,159.99,,153.6,,,484400,74849342.12,8819,F1,1,,,,,,Cash Only,Unclassified,False,155.49333333333334,156.44,154.54666666666668,156.44,154.54666666666668,1.8933333333333167,1.2326388888888782,Wide,Bearish,Below CPR,False,False,0.9166666666666666,60,35272794.855000004,Lower,True,Risk Off,False,5.635714285714284,179.39880000000002,189.87129999999996,0.3359526827207407,2.1220133654759126,False,False,No setup,Neutral,0,Not applicable,No directional setup; confirmation score not applicable.,Wide CPR,Wide Downside Breakout,Confirmed,Wide CPR + close below CPR + trend aligned + participation confirmed,0,0,0,0
2026-09-11,2026-09-11,CM,NSE,STK,18060,INE338H01029,CONCORDBIO,EQ,,,,,CONCORD BIOTECH LIMITED,1439.6,1529.0,1426.9,1505.7,1510.0,1452.8,,1505.73,,,372504,554286147.8,42939,F1,1,,,,,,Cash Only,Healthcare,True,1487.2,1477.95,1496.45,1496.45,1477.95,18.5,1.2286644085807266,Wide,Bullish,Above CPR,False,False,0.8833333333333333,60,153309715.75,Higher,True,Risk Off,False,49.921428571428564,1406.6959999999997,1304.027,0.37058234368293036,3.615466541623928,True,True,No setup,Neutral,0,Not applicable,No directional setup; confirmation score not applicable.,Wide CPR,Wide Upside Breakout,Confirmed,Wide CPR + close above CPR + trend aligned + participation confirmed,0,0,0,0
2026-09-11,2026-09-11,CM,NSE,STK,24851,INE442P01014,SUYOG,EQ,,,,,SUYOG TELEMATICS LIMITED,661.05,679.6,645.05,650.5,654.9,669.4,,650.47,,,46738,30827088.1,3193,F1,1,,,,,,Cash Only,Unclassified,False,658.3833333333333,662.325,654.4416666666666,662.325,654.4416666666666,7.883333333333439,1.2118882910581767,Wide,Bearish,Below CPR,False,False,0.95,60,20846714.4,Lower,True,Risk Off,False,29.232142857142858,811.4730000000001,794.9355,0.2696803095092685,1.478750440405132,False,False,No setup,Neutral,0,Not applicable,No directional setup; confirmation score not applicable.,Wide CPR,Wide Downside Breakout,Confirmed,Wide CPR + close below CPR + trend aligned + participation confirmed,0,0,0,0
2026-09-11,2026-09-11,CM,NSE,STK,16875,INE176J01011,SICAGEN,EQ,,,,,SICAGEN INDIA LIMITED,55.89,55.89,53.11,53.53,53.26,55.24,,53.53,,,26131,1410466.44,435,F1,1,,,,,,Cash Only,Unclassified,False,54.17666666666667,54.5,53.85333333333334,54.5,53.85333333333334,0.6466666666666612,1.2080453328351601,Wide,Bearish,Below CPR,False,False,0.8333333333333334,60,876680.865,Lower,True,Risk Off,False,2.148571428571429,54.756,54.444700000000005,0.3009751773049619,1.6088710228664567,False,False,No setup,Neutral,0,Not applicable,No directional setup; confirmation score not applicable.,Wide CPR,Wide Downside Breakout,Confirmed,Wide CPR + close below CPR + trend aligned + participation confirmed,0,0,0,0
2026-09-11,2026-09-11,CM,NSE,STK,19955,INE866K01023,WAAREEINDO,EQ,,,,,INDOSOLAR LIMITED,259.8,261.95,251.0,251.95,251.5,258.25,,251.9,,,206769,52670429.1,3640,F1,1,,,,,,Cash Only,Unclassified,False,254.9666666666667,256.475,253.45833333333337,256.475,253.45833333333337,3.0166666666666515,1.197327512072495,Wide,Bearish,Below CPR,False,False,0.8666666666666667,60,19965414.975,Lower,True,Risk Off,False,10.378571428571421,318.66900000000004,,0.2906629961000217,2.6380833639547228,False,False,No setup,Neutral,0,Not applicable,No directional setup; confirmation score not applicable.,Wide CPR,Wide Downside Breakout,Confirmed,Wide CPR + close below CPR + trend aligned + participation confirmed,0,0,0,0
2026-09-11,2026-09-11,CM,NSE,STK,24715,INE09XN01023,AKUMS,EQ,,,,,AKUMS DRUGS AND PHARMA L,753.0,784.4,740.5,776.35,774.9,749.65,,776.35,,,398725,307493068.0,20842,F1,1,,,,,,Cash Only,Unclassified,False,767.0833333333334,762.45,771.7166666666667,771.7166666666667,762.45,9.266666666666652,1.1936197161932958,Wide,Bullish,Above CPR,False,False,0.8833333333333333,60,199450331.525,Higher,True,Risk Off,False,26.492857142857133,714.9910000000001,638.5835000000001,0.34977981486474297,1.5417024662175476,True,True,No setup,Neutral,0,Not applicable,No directional setup; confirmation score not applicable.,Wide CPR,Wide Upside Breakout,Confirmed,Wide CPR + close above CPR + trend aligned + participation confirmed,0,0,0,0
2026-09-11,2026-09-11,CM,NSE,STK,9652,INE750D01016,RELCHEMQ,EQ,,,,,RELIANCE CHEMOTEX IND LTD,114.26,115.8,108.6,110.23,111.0,113.69,,110.36,,,4867,543738.15,138,F1,1,,,,,,Cash Only,Unclassified,False,111.54333333333334,112.19999999999999,110.88666666666668,112.19999999999999,110.88666666666668,1.3133333333333042,1.1914481840998858,Wide,Bearish,Below CPR,False,False,0.8833333333333333,60,349466.155,Lower,True,Risk Off,False,5.335000000000002,122.23880000000001,124.06429999999999,0.24617307091533341,1.5559107576526259,False,False,No setup,Neutral,0,Not applicable,No directional setup; confirmation score not applicable.,Wide CPR,Wide Downside Breakout,Confirmed,Wide CPR + close below CPR + trend aligned + participation confirmed,0,0,0,0
2026-09-11,2026-09-11,CM,NSE,STK,24961,INE0PPK01015,ORIENTTECH,EQ,,,,,ORIENT TECHNOLOGIES LTD,237.18,274.5,233.7,249.64,247.47,235.36,,249.66,,,8430139,2214945100.98,111500,F1,1,,,,,,Cash Only,Unclassified,False,252.61333333333332,254.1,251.12666666666664,254.1,251.12666666666664,2.9733333333333576,1.1910484430913948,Wide,Bearish,Below CPR,False,False,0.9333333333333333,60,35347997.165,Higher,True,Risk Off,False,9.303571428571427,254.25280000000004,261.6766,0.319590531030073,62.66112025077164,False,False,No setup,Neutral,0,Not applicable,No directional setup; confirmation score not applicable.,Wide CPR,Wide Downside Breakout,Confirmed,Wide CPR + close below CPR + trend aligned + participation confirmed,0,0,0,0
2026-09-11,2026-09-11,CM,NSE,STK,764823,INE883C01025,PACIFICI,EQ,,,,,PACIFIC INDUSTRIES LTD.,144.8,145.0,140.0,140.0,140.0,137.82,,140.0,,,421,60114.86,19,F1,1,,,,,,Cash Only,Unclassified,False,141.66666666666666,142.5,140.83333333333331,142.5,140.83333333333331,1.6666666666666856,1.190476190476204,Wide,Bearish,Below CPR,False,False,0.5,20,54101.259999999995,Overlapping,True,Risk Off,False,8.535714285714283,,,0.19525801952580424,1.1111545276394672,False,False,No setup,Neutral,0,Not applicable,No directional setup; confirmation score not applicable.,Wide CPR,Wide Downside Breakout,Confirmed,Wide CPR + close below CPR + trend aligned + participation confirmed,0,0,0,0
2026-09-11,2026-09-11,CM,NSE,STK,17376,INE688J01023,LANDSMILL,EQ,,,,,LANDSMILL GREEN LIMITED,0.58,0.59,0.55,0.56,0.56,0.57,,0.56,,,4314557,2466808.52,1306,F1,1,,,,,,Cash Only,Unclassified,False,0.5666666666666668,0.5700000000000001,0.5633333333333335,0.5700000000000001,0.5633333333333335,0.006666666666666599,1.1904761904761783,Wide,Bearish,Below CPR,False,False,0.8083333333333333,60,1586909.56,Outside,True,Risk Off,False,0.03642857142857139,0.7367999999999999,0.8174000000000001,0.18300653594771077,1.5544732870599127,False,False,No setup,Neutral,0,Not applicable,No directional setup; confirmation score not applicable.,Wide CPR,Wide Downside Breakout,Confirmed,Wide CPR + close below CPR + trend aligned + participation confirmed,0,0,0,0
2026-09-11,2026-09-11,CM,NSE,STK,21383,INE471W01019,PALASHSECU,EQ,,,,,PALASH SECURITIES LTD,89.9,89.9,85.0,85.92,86.99,87.99,,85.95,,,2205,191646.51,165,F1,1,,,,,,Cash Only,Unclassified,False,86.94,87.45,86.42999999999999,87.45,86.42999999999999,1.0200000000000102,1.1871508379888387,Wide,Bearish,Below CPR,False,False,0.8,60,96093.34,Lower,True,Risk Off,False,3.7749999999999995,89.57379999999999,93.0191,0.27019867549669147,1.9943786947149513,False,False,No setup,Neutral,0,Not applicable,No directional setup; confirmation score not applicable.,Wide CPR,Wide Downside Breakout,Confirmed,Wide CPR + close below CPR + trend aligned + participation confirmed,0,0,0,0
2026-09-11,2026-09-11,CM,NSE,STK,757336,INE0INX01018,AEGISVOPAK,EQ,,,,,AEGIS VOPAK TERMINALS LTD,289.6,298.4,281.3,295.1,295.05,291.85,,295.09,,,1776446,521727558.65,28301,F1,1,,,,,,Cash Only,Oil Gas & Consumable Fuels,True,291.6,289.85,293.35,293.35,289.85,3.5,1.1860386309725517,Wide,Bullish,Above CPR,False,False,0.8166666666666667,60,260368239.215,Overlapping,True,Risk Off,False,11.30714285714285,282.38919999999996,246.12099999999998,0.3095388502842706,2.0038064558987227,True,True,No setup,Neutral,0,Not applicable,No directional setup; confirmation score not applicable.,Wide CPR,Wide Upside Breakout,Confirmed,Wide CPR + close above CPR + trend aligned + participation confirmed,0,0,0,0
2026-09-11,2026-09-11,CM,NSE,STK,29087,INE0LRY01011,QUADFUTURE,EQ,,,,,QUADRANT FUTURE TEK LTD,431.0,511.8,428.2,478.5,481.5,435.8,,478.56,,,10362562,5035097044.7,256572,F1,1,,,,,,Cash Only,Unclassified,False,472.8333333333333,470.0,475.66666666666663,475.66666666666663,470.0,5.666666666666629,1.1842563566701418,Wide,Bullish,Above CPR,False,False,0.7166666666666667,60,134451832.625,Higher,True,Risk Off,False,26.18928571428571,395.68,370.293,0.21637347152143138,37.449077088769805,True,True,No setup,Neutral,0,Not applicable,No directional setup; confirmation score not applicable.,Wide CPR,Wide Upside Breakout,Confirmed,Wide CPR + close above CPR + trend aligned + participation confirmed,0,0,0,0
2026-09-11,2026-09-11,CM,NSE,STK,12384,INE518E01015,ZIMLAB,EQ,,,,,ZIM LABORATORIES LIMITED,137.18,141.5,132.0,139.22,139.0,136.43,,139.21,,,119406,16300176.53,1487,F1,1,,,,,,Cash Only,Unclassified,False,137.57333333333335,136.75,138.3966666666667,138.3966666666667,136.75,1.6466666666667038,1.182780251879546,Wide,Bullish,Above CPR,False,False,0.65,60,7148516.785,Overlapping,True,Risk Off,False,7.86357142857143,99.80279999999999,85.20120000000001,0.2094044266812049,2.28021798370863,True,True,No setup,Neutral,0,Not applicable,No directional setup; confirmation score not applicable.,Wide CPR,Wide Upside Breakout,Confirmed,Wide CPR + close above CPR + trend aligned + participation confirmed,0,0,0,0
2026-09-11,2026-09-11,CM,NSE,STK,759316,INE506V01022,RUBICON,EQ,,,,,RUBICON RESEARCH LIMITED,1792.0,1848.6,1758.1,1835.4,1839.4,1790.0,,1835.76,,,318589,571873731.7,22699,F1,1,,,,,,Cash Only,Unclassified,False,1814.0333333333335,1803.35,1824.7166666666672,1824.7166666666672,1803.35,21.366666666667243,1.164142239657145,Wide,Bullish,Above CPR,False,False,0.8666666666666667,60,398645351.05,Higher,True,Risk Off,False,79.04285714285712,1621.514,1376.5945000000002,0.27031748900536917,1.43454258326036,True,True,No setup,Neutral,0,Not applicable,No directional setup; confirmation score not applicable.,Wide CPR,Wide Upside Breakout,Confirmed,Wide CPR + close above CPR + trend aligned + participation confirmed,0,0,0,0
2026-09-11,2026-09-11,CM,NSE,STK,16045,INE689W01016,PRINCEPIPE,EQ,,,,,PRINCE PIPES FITTINGS LTD,278.15,278.45,264.15,266.65,266.85,279.9,,266.63,,,328545,88666297.7,8521,F1,1,,,,,,Cash Only,Unclassified,False,269.74999999999994,271.29999999999995,268.19999999999993,271.29999999999995,268.19999999999993,3.1000000000000227,1.162572660791308,Wide,Bearish,Below CPR,False,False,0.9833333333333333,60,41513116.425,Lower,True,Risk Off,False,8.949999999999998,275.465,272.4726,0.3463687150838015,2.135862236702698,False,False,No setup,Neutral,0,Not applicable,No directional setup; confirmation score not applicable.,Wide CPR,Wide Downside Breakout,Confirmed,Wide CPR + close below CPR + trend aligned + participation confirmed,0,0,0,0
2026-09-11,2026-09-11,CM,NSE,STK,759806,INE0HOQ01053,GROWW,EQ,,,,,BILLIONBRAINS GARAGE VN L,194.7,200.91,192.6,200.24,200.0,195.84,,200.24,,,31136422,6154797902.69,205159,F1,1,,,,,,Cash Only,Financial Services,True,197.91666666666666,196.755,199.07833333333332,199.07833333333332,196.755,2.3233333333333235,1.1602743374617075,Wide,Bullish,Above CPR,False,False,0.95,60,4652503596.125,Higher,True,Risk Off,False,5.315714285714291,197.2384,198.11790000000002,0.43706888829167556,1.3229001924504127,True,True,No setup,Neutral,0,Not applicable,No directional setup; confirmation score not applicable.,Wide CPR,Wide Upside Breakout,Confirmed,Wide CPR + close above CPR + trend aligned + participation confirmed,0,0,-2,-2
2026-09-11,2026-09-11,CM,NSE,STK,765185,INE967A01012,SWARNSAR,EQ,,,,,SWARNSARITA JEWELS IND L,40.7,41.4,39.3,39.66,39.5,41.61,,39.65,,,60733,2430197.9,429,F1,1,,,,,,Cash Only,Unclassified,False,40.12,40.349999999999994,39.89,40.349999999999994,39.89,0.45999999999999375,1.1598587997982697,Wide,Bearish,Below CPR,False,False,0.75,20,194862.325,Lower,True,Risk Off,False,2.672857142857143,,,0.17210048102618686,12.471358432164863,False,False,No setup,Neutral,0,Not applicable,No directional setup; confirmation score not applicable.,Wide CPR,Wide Downside Breakout,Confirmed,Wide CPR + close below CPR + trend aligned + participation confirmed,0,0,0,0
2026-09-11,2026-09-11,CM,NSE,STK,19931,INE725E01024,ORISSAMINE,EQ,,,,,ORISSA MIN DEV CO LTD,4100.0,4100.0,3948.0,3955.2,3980.0,4074.5,,3955.18,,,10318,41081658.1,2197,F1,1,,,,,,Cash Only,Unclassified,False,4001.066666666667,4024.0,3978.133333333334,4024.0,3978.133333333334,45.86666666666588,1.1596548004314797,Wide,Bearish,Below CPR,False,False,0.9333333333333333,60,32086331.05,Lower,True,Risk Off,False,125.54999999999995,4187.6,4137.848,0.36532589937607246,1.2803476357575012,False,False,No setup,Neutral,0,Not applicable,No directional setup; confirmation score not applicable.,Wide CPR,Wide Downside Breakout,Confirmed,Wide CPR + close below CPR + trend aligned + participation confirmed,0,0,0,0
2026-09-11,2026-09-11,CM,NSE,STK,8825,INE959A01019,PRIVISCL,EQ,,,,,PRIVI SPECIALITY CHE LTD,3437.9,3570.5,3418.0,3556.1,3551.1,3495.6,,3556.07,,,107650,380190229.0,13254,F1,1,,,,,,Cash Only,Unclassified,False,3514.866666666667,3494.25,3535.4833333333336,3535.4833333333336,3494.25,41.233333333333576,1.1595099500389072,Wide,Bullish,Above CPR,False,False,0.9833333333333333,60,195252462.8,Higher,True,Risk Off,False,89.81428571428572,3555.354,3456.0239999999994,0.4590954880441149,1.9471725147427947,True,True,No setup,Neutral,0,Not applicable,No directional setup; confirmation score not applicable.,Wide CPR,Wide Upside Breakout,Confirmed,Wide CPR + close above CPR + trend aligned + participation confirmed,0,0,0,0
2026-09-11,2026-09-11,CM,NSE,STK,19691,INE863T01013,JITFINFRA,EQ,,,,,JITF INFRALOGISTICS LTD,295.0,303.75,287.0,290.35,292.9,300.95,,290.35,,,32081,9380590.95,1173,F1,1,,,,,,Cash Only,Unclassified,False,293.7,295.375,292.025,295.375,292.025,3.3500000000000227,1.1537799207852668,Wide,Bearish,Below CPR,False,False,0.7666666666666667,60,7283344.025,Lower,True,Risk Off,False,11.039285714285711,330.709,316.3605,0.30346166289227,1.2879511001816228,False,False,No setup,Neutral,0,Not applicable,No directional setup; confirmation score not applicable.,Wide CPR,Wide Downside Breakout,Confirmed,Wide CPR + close below CPR + trend aligned + participation confirmed,0,0,0,0
2026-09-11,2026-09-11,CM,NSE,STK,9810,INE0BWX01014,AETHER,EQ,,,,,AETHER INDUSTRIES LIMITED,1629.9,1691.5,1600.1,1674.7,1675.0,1640.3,,1674.65,,,352268,578277895.0,47231,F1,1,,,,,,Cash Only,Unclassified,False,1655.4333333333334,1645.8,1665.0666666666668,1665.0666666666668,1645.8,19.26666666666688,1.15045480782629,Wide,Bullish,Above CPR,False,False,0.9166666666666666,60,360595433.2,Higher,True,Risk Off,False,55.92857142857141,1559.83,1368.25,0.34448701575138746,1.6036750378900806,True,True,No setup,Neutral,0,Not applicable,No directional setup; confirmation score not applicable.,Wide CPR,Wide Upside Breakout,Confirmed,Wide CPR + close above CPR + trend aligned + participation confirmed,0,0,0,0
2026-09-11,2026-09-11,CM,NSE,STK,14853,INE800H01010,OMAXE,EQ,,,,,OMAXE LIMITED,121.0,126.2,117.51,123.98,123.03,122.42,,123.96,,,1063265,129713439.87,11740,F1,1,,,,,,Cash Only,Unclassified,False,122.56333333333333,121.855,123.27166666666666,123.27166666666666,121.855,1.4166666666666572,1.1426574178630884,Wide,Bullish,Above CPR,False,False,0.6333333333333333,60,91233435.27000001,Outside,True,Risk Off,False,10.600000000000003,100.3256,89.7755,0.13364779874213742,1.4217752459514506,True,True,No setup,Neutral,0,Not applicable,No directional setup; confirmation score not applicable.,Wide CPR,Wide Upside Breakout,Confirmed,Wide CPR + close above CPR + trend aligned + participation confirmed,0,0,0,0
2026-09-11,2026-09-11,CM,NSE,STK,14134,INE450D01021,PITTIENG,EQ,,,,,PITTI ENGINEERING LIMITED,1170.0,1172.0,1123.8,1167.9,1164.0,1171.4,,1167.89,,,128175,147910091.2,8416,F1,1,,,,,,Cash Only,Unclassified,False,1154.5666666666668,1147.9,1161.2333333333336,1161.2333333333336,1147.9,13.333333333333485,1.1416502554442576,Wide,Bullish,Above CPR,False,False,0.9,60,53160211.6,Lower,True,Risk Off,False,50.61428571428576,1014.8509999999999,985.0440000000001,0.2634302380280393,2.7823457948764068,True,True,No setup,Neutral,0,Not applicable,No directional setup; confirmation score not applicable.,Wide CPR,Wide Upside Breakout,Confirmed,Wide CPR + close above CPR + trend aligned + participation confirmed,0,0,0,0
2026-09-11,2026-09-11,CM,NSE,STK,12015,INE065D01027,AEROENTER,EQ,,,,,AEROFLEX ENTERPRISES LTD,133.6,139.0,130.54,137.09,138.55,135.01,,137.1,,,981278,132837946.01,12067,F1,1,,,,,,Cash Only,Unclassified,False,135.54333333333332,134.76999999999998,136.31666666666666,136.31666666666666,134.76999999999998,1.546666666666681,1.1282126097211183,Wide,Bullish,Above CPR,False,False,0.6333333333333333,60,93550039.405,Lower,True,Risk Off,False,8.545714285714286,130.15959999999998,119.1165,0.18098740666443944,1.4199667563464455,True,True,No setup,Neutral,0,Not applicable,No directional setup; confirmation score not applicable.,Wide CPR,Wide Upside Breakout,Confirmed,Wide CPR + close above CPR + trend aligned + participation confirmed,0,0,0,0
2026-09-11,2026-09-11,CM,NSE,STK,1030,INE721Z01010,AARON,EQ,,,,,AARON INDUSTRIES LIMITED,137.0,137.0,121.16,126.94,127.5,136.95,,126.94,,,34810,4451939.37,999,F1,1,,,,,,Cash Only,Unclassified,False,128.36666666666665,129.07999999999998,127.65333333333331,129.07999999999998,127.65333333333331,1.4266666666666765,1.1238905519668163,Wide,Bearish,Below CPR,False,False,0.9166666666666666,60,1334684.895,Lower,True,Risk Off,False,6.639285714285714,129.9074,127.858,0.21488255334409329,3.335573352690112,False,False,No setup,Neutral,0,Not applicable,No directional setup; confirmation score not applicable.,Wide CPR,Wide Downside Breakout,Confirmed,Wide CPR + close below CPR + trend aligned + participation confirmed,0,0,0,0
2026-09-11,2026-09-11,CM,NSE,STK,13587,INE731H01025,ACE,EQ,,,,,ACTION CONST EQUIP LTD,1110.0,1134.0,1086.1,1129.0,1131.0,1121.2,,1129.02,,,299344,331491131.3,21991,F1,1,,,,,,Cash Only,Capital Goods,True,1116.3666666666666,1110.05,1122.6833333333332,1122.6833333333332,1110.05,12.633333333333212,1.118984351933854,Wide,Bullish,Above CPR,False,False,0.8333333333333334,60,313235351.54999995,Overlapping,True,Risk Off,False,39.842857142857156,1080.282,1000.0269999999999,0.3170790008366169,1.058281351896151,True,True,No setup,Neutral,0,Not applicable,No directional setup; confirmation score not applicable.,Wide CPR,Wide Upside Breakout,Confirmed,Wide CPR + close above CPR + trend aligned + participation confirmed,0,0,0,0
2026-09-11,2026-09-11,CM,NSE,STK,3892,INE473B01035,HATSUN,EQ,,,,,HATSUN AGRO PRODUCT LTD.,1194.5,1240.2,1167.7,1224.4,1229.9,1194.5,,1224.3,,,113105,137838311.4,11322,F1,1,,,,,,Cash Only,Unclassified,False,1210.7666666666667,1203.95,1217.5833333333333,1217.5833333333333,1203.95,13.633333333333212,1.1134705433953946,Wide,Bullish,Above CPR,False,False,0.9,60,41319346.3,Higher,True,Risk Off,False,57.80357142857143,990.9889999999999,962.6455000000001,0.2358562454947976,3.3359267206025476,True,True,No setup,Neutral,0,Not applicable,No directional setup; confirmation score not applicable.,Wide CPR,Wide Upside Breakout,Confirmed,Wide CPR + close above CPR + trend aligned + participation confirmed,0,0,0,0
2026-09-11,2026-09-11,CM,NSE,STK,13057,INE244O01017,UNIPARTS,EQ,,,,,UNIPARTS INDIA LIMITED,888.0,905.0,859.95,897.45,902.0,893.85,,897.44,,,168282,150097637.75,9836,F1,1,,,,,,Cash Only,Unclassified,False,887.4666666666667,882.475,892.4583333333334,892.4583333333334,882.475,9.983333333333348,1.1124110906828624,Wide,Bullish,Above CPR,False,False,0.8166666666666667,60,113611109.475,Lower,True,Risk Off,False,36.057142857142864,777.2729999999999,686.558,0.2768753301637616,1.3211528207373842,True,True,No setup,Neutral,0,Not applicable,No directional setup; confirmation score not applicable.,Wide CPR,Wide Upside Breakout,Confirmed,Wide CPR + close above CPR + trend aligned + participation confirmed,0,0,0,0
2026-09-11,2026-09-11,CM,NSE,STK,762834,INE291E01019,PML,EQ,,,,,PAUL MERCHANTS LTD.,499.0,499.0,482.0,482.45,498.95,486.75,,484.22,,,301,147450.15,40,F1,1,,,,,,Cash Only,Unclassified,False,487.81666666666666,490.5,485.1333333333333,490.5,485.1333333333333,5.366666666666674,1.1123777938991968,Wide,Bearish,Below CPR,False,False,0.8666666666666667,60,130523.45,Overlapping,True,Risk Off,False,17.428571428571427,490.36300000000006,514.186,0.30792349726776,1.129683210181772,False,False,No setup,Neutral,0,Not applicable,No directional setup; confirmation score not applicable.,Wide CPR,Wide Downside Breakout,Confirmed,Wide CPR + close below CPR + trend aligned + participation confirmed,0,0,0,0
2026-09-11,2026-09-11,CM,NSE,STK,8266,INE728Z01015,SOFTTECH,EQ,,,,,SOFTTECH ENGINEERS LTD,435.0,455.9,433.85,452.35,455.0,435.0,,452.35,,,7424,3312168.2,202,F1,1,,,,,,Cash Only,Unclassified,False,447.3666666666666,444.875,449.85833333333323,449.85833333333323,444.875,4.983333333333235,1.1016543237168641,Wide,Bullish,Above CPR,False,False,0.75,60,935970.525,Higher,True,Risk Off,False,14.578571428571422,342.8064,322.1382,0.34182590233544985,3.5387526759990653,True,True,No setup,Neutral,0,Not applicable,No directional setup; confirmation score not applicable.,Wide CPR,Wide Upside Breakout,Confirmed,Wide CPR + close above CPR + trend aligned + participation confirmed,0,0,0,0
2026-09-11,2026-09-11,CM,NSE,STK,11705,INE692G01013,XCHANGING,EQ,,,,,XCHANGING SOLUTIONS LTD,63.98,64.94,61.78,62.34,62.5,63.62,,62.37,,,82421,5192996.93,775,F1,1,,,,,,Cash Only,Unclassified,False,63.02,63.36,62.68000000000001,63.36,62.68000000000001,0.6799999999999926,1.0907924286172483,Wide,Bearish,Below CPR,False,False,0.9666666666666667,60,4930684.05,Lower,True,Risk Off,False,1.703571428571426,64.0542,64.67190000000001,0.3991614255765162,1.0532000990815868,False,False,No setup,Neutral,0,Not applicable,No directional setup; confirmation score not applicable.,Wide CPR,Wide Downside Breakout,Confirmed,Wide CPR + close below CPR + trend aligned + participation confirmed,0,0,0,0
2026-09-11,2026-09-11,CM,NSE,STK,2841,INE576O01020,LXCHEM,EQ,,,,,LAXMI ORGANIC INDUS LTD,170.0,176.39,169.0,175.56,175.7,170.63,,175.57,,,1243946,215279070.22,17620,F1,1,,,,,,Cash Only,Unclassified,False,173.65,172.695,174.60500000000002,174.60500000000002,172.695,1.910000000000025,1.0879471405787338,Wide,Bullish,Above CPR,False,False,0.8166666666666667,60,159229809.095,Overlapping,True,Risk Off,False,6.969999999999999,174.02439999999999,163.9804,0.27403156384505384,1.3520023131570784,True,True,No setup,Neutral,0,Not applicable,No directional setup; confirmation score not applicable.,Wide CPR,Wide Upside Breakout,Confirmed,Wide CPR + close above CPR + trend aligned + participation confirmed,0,0,0,0
2026-09-11,2026-09-11,CM,NSE,STK,14450,INE069I01010,EMBDL,EQ,,,,,EMBASSY DEVELOPMENTS LTD,57.31,57.32,55.04,55.28,55.38,57.6,,55.28,,,2777678,154269039.46,11815,F1,1,,,,,,Cash Only,Unclassified,False,55.879999999999995,56.18,55.57999999999999,56.18,55.57999999999999,0.6000000000000085,1.0853835021707825,Wide,Bearish,Below CPR,False,False,0.8833333333333333,60,125218881.265,Lower,True,Risk Off,False,2.0378571428571424,61.9696,63.2332,0.29442691903260154,1.2319950306337695,False,False,No setup,Neutral,0,Not applicable,No directional setup; confirmation score not applicable.,Wide CPR,Wide Downside Breakout,Confirmed,Wide CPR + close below CPR + trend aligned + participation confirmed,0,0,0,0
2026-09-11,2026-09-11,CM,NSE,STK,7420,INE859Q01017,MANAKALUCO,EQ,,,,,MANAK ALUMINIUM CO. LTD.,38.17,38.19,36.75,36.87,36.9,37.69,,36.87,,,147808,5478741.1,992,F1,1,,,,,,Cash Only,Unclassified,False,37.27,37.47,37.07000000000001,37.47,37.07000000000001,0.3999999999999915,1.0848928668293776,Wide,Bearish,Below CPR,False,False,0.65,60,2263721.805,Lower,True,Risk Off,False,2.1571428571428584,37.4294,37.6562,0.1854304635761549,2.420236041327525,False,False,No setup,Neutral,0,Not applicable,No directional setup; confirmation score not applicable.,Wide CPR,Wide Downside Breakout,Confirmed,Wide CPR + close below CPR + trend aligned + participation confirmed,0,0,0,0
2026-09-11,2026-09-11,CM,NSE,STK,15347,INE871H01011,GSS,EQ,,,,,GSS INFOTECH LIMITED,10.47,10.71,10.0,10.19,10.2,10.47,,10.18,,,87837,899495.25,432,F1,1,,,,,,Cash Only,Unclassified,False,10.299999999999999,10.355,10.244999999999997,10.355,10.244999999999997,0.11000000000000298,1.079489695780206,Wide,Bearish,Below CPR,False,False,0.5833333333333334,60,705066.915,Lower,True,Risk Off,False,0.7599999999999996,12.6928,13.173899999999998,0.14473684210526716,1.2757586987328713,False,False,No setup,Neutral,0,Not applicable,No directional setup; confirmation score not applicable.,Wide CPR,Wide Downside Breakout,Confirmed,Wide CPR + close below CPR + trend aligned + participation confirmed,0,0,0,0
2026-09-11,2026-09-11,CM,NSE,STK,11852,INE713B01026,SURYALAXMI,EQ,,,,,SURYALAKSHMI COT MIL LTD,58.41,59.38,55.0,56.28,56.03,58.12,,56.28,,,5357,302605.96,123,F1,1,,,,,,Cash Only,Unclassified,False,56.88666666666666,57.19,56.58333333333333,57.19,56.58333333333333,0.6066666666666691,1.0779436152570523,Wide,Bearish,Below CPR,False,False,0.85,60,247263.505,Lower,True,Risk Off,False,2.8614285714285725,58.480199999999996,58.75410000000001,0.21201531036778243,1.2238197464684488,False,False,No setup,Neutral,0,Not applicable,No directional setup; confirmation score not applicable.,Wide CPR,Wide Downside Breakout,Confirmed,Wide CPR + close below CPR + trend aligned + participation confirmed,0,0,0,0
2026-09-11,2026-09-11,CM,NSE,STK,28314,INE489G01022,ANUHPHR,EQ,,,,,ANUH PHARMA LIMITED,91.2,95.88,90.79,94.86,95.0,91.21,,94.83,,,222204,20799845.11,2960,F1,1,,,,,,Cash Only,Unclassified,False,93.84333333333335,93.33500000000001,94.35166666666669,94.35166666666669,93.33500000000001,1.01666666666668,1.0717548668212946,Wide,Bullish,Above CPR,False,False,0.9333333333333333,60,3877019.0999999996,Inside,True,Risk Off,False,4.884285714285713,80.57300000000001,79.8887,0.2081505313444505,5.364906536054981,True,True,No setup,Neutral,0,Not applicable,No directional setup; confirmation score not applicable.,Wide CPR,Wide Upside Breakout,Confirmed,Wide CPR + close above CPR + trend aligned + participation confirmed,0,0,0,0
2026-09-11,2026-09-11,CM,NSE,STK,1372,INE310C01029,HINDCOMPOS,EQ,,,,,HINDUSTAN COMPOSITES LTD.,380.0,390.0,375.0,376.45,375.1,381.45,,376.45,,,6223,2351542.35,542,F1,1,,,,,,Cash Only,Unclassified,False,380.48333333333335,382.5,378.4666666666667,382.5,378.4666666666667,4.033333333333303,1.0714127595519465,Wide,Bearish,Below CPR,False,False,0.8833333333333333,60,1608465.3,Lower,True,Risk Off,False,13.22142857142857,419.323,424.73350000000005,0.3050603277507631,1.461978912445298,False,False,No setup,Neutral,0,Not applicable,No directional setup; confirmation score not applicable.,Wide CPR,Wide Downside Breakout,Confirmed,Wide CPR + close below CPR + trend aligned + participation confirmed,0,0,0,0
2026-09-11,2026-09-11,CM,NSE,STK,2176,INE00Y801016,AKG,EQ,,,,,AKG EXIM LIMITED,10.72,10.75,10.13,10.61,10.5,10.73,,10.61,,,23492,245191.25,217,F1,1,,,,,,Cash Only,Unclassified,False,10.496666666666668,10.440000000000001,10.553333333333335,10.553333333333335,10.440000000000001,0.11333333333333329,1.0681746779767511,Wide,Bullish,Above CPR,False,False,0.5333333333333333,60,180863.625,Inside,True,Risk Off,False,0.7000000000000001,9.6318,10.4065,0.16190476190476183,1.3556692231508685,True,True,No setup,Neutral,0,Not applicable,No directional setup; confirmation score not applicable.,Wide CPR,Wide Upside Breakout,Confirmed,Wide CPR + close above CPR + trend aligned + participation confirmed,0,0,0,0
2026-09-11,2026-09-11,CM,NSE,STK,11580,INE274F01020,WESTLIFE,EQ,,,,,WESTLIFE FOODWORLD LTD,554.8,572.0,548.95,569.6,569.3,561.95,,569.61,,,7221944,4113055945.8,7818,F1,1,,,,,,Cash Only,Unclassified,False,563.5166666666668,560.475,566.5583333333335,566.5583333333335,560.475,6.083333333333485,1.0680009363296146,Wide,Bullish,Above CPR,False,False,0.7833333333333333,60,39794687.400000006,Overlapping,True,Risk Off,False,21.864285714285717,535.461,502.915,0.2782315147555334,103.35691054580315,True,True,No setup,Neutral,0,Not applicable,No directional setup; confirmation score not applicable.,Wide CPR,Wide Upside Breakout,Confirmed,Wide CPR + close above CPR + trend aligned + participation confirmed,0,0,0,0
2026-09-11,2026-09-11,CM,NSE,STK,20188,INE956G01038,WABAG,EQ,,,,,VA TECH WABAG LTD,2195.0,2319.0,2164.6,2277.9,2282.0,2211.8,,2277.85,,,2231415,5036331447.7,116942,F1,1,,,,,,Cash Only,Unclassified,False,2253.8333333333335,2241.8,2265.866666666667,2265.866666666667,2241.8,24.066666666666606,1.0565286740711448,Wide,Bullish,Above CPR,False,False,0.6833333333333333,60,1330930103.2,Higher,True,Risk Off,False,89.0214285714286,2032.6860000000001,1828.661,0.27034689347134105,3.784069077400067,True,True,No setup,Neutral,0,Not applicable,No directional setup; confirmation score not applicable.,Wide CPR,Wide Upside Breakout,Confirmed,Wide CPR + close above CPR + trend aligned + participation confirmed,0,0,0,0
2026-09-11,2026-09-11,CM,NSE,STK,11407,INE445C01015,XPROINDIA,EQ,,,,,XPRO INDIA LIMITED,1269.8,1309.2,1239.2,1294.7,1285.9,1265.5,,1294.7,,,50993,64900518.2,5318,F1,1,,,,,,Cash Only,Unclassified,False,1281.0333333333335,1274.2,1287.866666666667,1287.866666666667,1274.2,13.66666666666697,1.0555855925439848,Wide,Bullish,Above CPR,False,False,0.7666666666666667,60,61436983.400000006,Overlapping,True,Risk Off,False,65.2714285714286,1271.2060000000001,1226.892,0.2093820675567274,1.0563754046556915,True,True,No setup,Neutral,0,Not applicable,No directional setup; confirmation score not applicable.,Wide CPR,Wide Upside Breakout,Confirmed,Wide CPR + close above CPR + trend aligned + participation confirmed,0,0,0,0
2026-09-11,2026-09-11,CM,NSE,STK,27052,INE0W2G01015,SAGILITY,EQ,,,,,SAGILITY LIMITED,44.25,45.5,43.47,45.2,45.2,44.41,,45.2,,,24429679,1090638107.15,53802,F1,1,,,,,,F&O + Cash,Information Technology,True,44.723333333333336,44.485,44.96166666666667,44.96166666666667,44.485,0.4766666666666737,1.054572271386446,Wide,Bullish,Above CPR,False,False,0.8666666666666667,60,702112110.52,Outside,True,Risk Off,False,1.351428571428571,43.3918,42.24700000000001,0.35271317829457893,1.5533674619887257,True,True,No setup,Neutral,0,Not applicable,No directional setup; confirmation score not applicable.,Wide CPR,Wide Upside Breakout,Confirmed,Wide CPR + close above CPR + trend aligned + participation confirmed,0,0,0,0
2026-09-11,2026-09-11,CM,NSE,STK,25468,INE420C01059,PAISALO,EQ,,,,,PAISALO DIGITAL LIMITED,81.72,84.6,81.2,84.23,83.99,83.05,,84.23,,,16781160,1402503736.63,40380,F1,1,,,,,,Cash Only,Unclassified,False,83.34333333333335,82.9,83.78666666666669,83.78666666666669,82.9,0.8866666666666845,1.052673235980867,Wide,Bullish,Above CPR,False,False,0.8333333333333334,60,780574000.245,Higher,True,Risk Off,False,2.95357142857143,71.351,62.5173,0.3002015316404734,1.7967594823678397,True,True,No setup,Neutral,0,Not applicable,No directional setup; confirmation score not applicable.,Wide CPR,Wide Upside Breakout,Confirmed,Wide CPR + close above CPR + trend aligned + participation confirmed,0,0,0,0
2026-09-11,2026-09-11,CM,NSE,STK,759728,INE1C6T01020,EMMVEE,EQ,,,,,EMMVEE PHOTOVOLTAIC PWR L,342.65,348.2,332.9,346.0,344.8,342.65,,346.01,,,3747104,1284448992.0,59817,F1,1,,,,,,Cash Only,Capital Goods,True,342.3666666666666,340.54999999999995,344.1833333333333,344.1833333333333,340.54999999999995,3.6333333333333258,1.050096339113678,Wide,Bullish,Above CPR,False,False,0.8166666666666667,60,658157242.025,Overlapping,True,Risk Off,False,10.328571428571426,327.92900000000003,314.7214,0.35177501152604823,1.9515837705409773,True,True,No setup,Neutral,0,Not applicable,No directional setup; confirmation score not applicable.,Wide CPR,Wide Upside Breakout,Confirmed,Wide CPR + close above CPR + trend aligned + participation confirmed,0,0,0,0
2026-09-11,2026-09-11,CM,NSE,STK,1805,INE900B01029,KABRAEXTRU,EQ,,,,,KABRA EXTRUSION TECHNIK L,710.0,733.0,690.6,723.15,725.0,707.55,,723.18,,,479794,344473321.65,22195,F1,1,,,,,,Cash Only,Unclassified,False,715.5833333333334,711.8,719.3666666666668,719.3666666666668,711.8,7.566666666666833,1.0463481527576344,Wide,Bullish,Above CPR,False,False,0.6,60,102113948.85,Higher,True,Risk Off,False,34.96071428571429,469.02,354.6574,0.2164334116525399,3.3734208257484304,True,True,No setup,Neutral,0,Not applicable,No directional setup; confirmation score not applicable.,Wide CPR,Wide Upside Breakout,Confirmed,Wide CPR + close above CPR + trend aligned + participation confirmed,0,0,0,0
2026-09-11,2026-09-11,CM,NSE,STK,761420,INE638A01035,SINGERIND,EQ,,,,,SINGER INDIA LIMITED,75.3,76.96,73.01,76.16,75.68,74.02,,76.16,,,62570,4701469.84,987,F1,1,,,,,,Cash Only,Unclassified,False,75.37666666666667,74.985,75.76833333333333,75.76833333333333,74.985,0.7833333333333314,1.0285364145658238,Wide,Bullish,Above CPR,False,False,0.6833333333333333,60,4138359.92,Higher,True,Risk Off,False,4.007857142857142,72.4672,71.8232,0.19544941483989742,1.136070793958395,True,True,No setup,Neutral,0,Not applicable,No directional setup; confirmation score not applicable.,Wide CPR,Wide Upside Breakout,Confirmed,Wide CPR + close above CPR + trend aligned + participation confirmed,0,0,0,0
2026-09-11,2026-09-11,CM,NSE,STK,28859,INE195N01013,PROZONER,EQ,,,,,PROZONE REALTY LIMITED,52.18,53.48,50.65,52.88,53.01,52.3,,52.88,,,257438,13449357.07,1899,F1,1,,,,,,Cash Only,Unclassified,False,52.336666666666666,52.065,52.608333333333334,52.608333333333334,52.065,0.5433333333333366,1.0274836106908785,Wide,Bullish,Above CPR,False,False,0.7333333333333333,60,7063427.62,Higher,True,Risk Off,False,2.9521428571428574,44.1222,47.912400000000005,0.1840471005726279,1.9040836536525592,True,True,No setup,Neutral,0,Not applicable,No directional setup; confirmation score not applicable.,Wide CPR,Wide Upside Breakout,Confirmed,Wide CPR + close above CPR + trend aligned + participation confirmed,0,0,0,0
2026-09-11,2026-09-11,CM,NSE,STK,11966,INE00E101023,BIKAJI,EQ,,,,,BIKAJI FOODS INTERN LTD,566.0,566.0,547.3,548.25,549.75,566.15,,548.27,,,142922,78895644.05,11826,F1,1,,,,,,Cash Only,Fast Moving Consumer Goods,True,553.85,556.65,551.0500000000001,556.65,551.0500000000001,5.599999999999909,1.021431828545355,Wide,Bearish,Below CPR,False,False,0.9666666666666667,60,55883816.25,Lower,True,Risk Off,False,14.839285714285722,620.23,641.4405,0.377376654632966,1.4117798200655274,False,False,No setup,Neutral,0,Not applicable,No directional setup; confirmation score not applicable.,Wide CPR,Wide Downside Breakout,Confirmed,Wide CPR + close below CPR + trend aligned + participation confirmed,0,0,0,0
2026-09-11,2026-09-11,CM,NSE,STK,1415,INE291W01037,GLOBAL,EQ,,,,,GLOBAL EDUCATION LIMITED,123.0,128.0,122.0,126.91,127.9,123.56,,126.91,,,180836,22753623.44,1992,F1,1,,,,,,Cash Only,Unclassified,False,125.63666666666666,125.0,126.27333333333331,126.27333333333331,125.0,1.2733333333333121,1.0033356972132317,Wide,Bullish,Above CPR,False,False,0.8333333333333334,60,5758351.3149999995,Overlapping,True,Risk Off,False,6.357857142857144,106.88119999999999,105.80149999999999,0.20027712242069842,3.9514128602624177,True,True,No setup,Neutral,0,Not applicable,No directional setup; confirmation score not applicable.,Wide CPR,Wide Upside Breakout,Confirmed,Wide CPR + close above CPR + trend aligned + participation confirmed,0,0,0,0
2026-09-11,2026-09-11,CM,NSE,STK,4235,INE274C01019,WENDT,EQ,,,,,WENDT (INDIA) LIMITED,8660.0,8900.0,8461.0,8812.5,8844.0,8669.5,,8812.57,,,28678,251071580.0,7182,F1,1,,,,,,Cash Only,Unclassified,False,8724.5,8680.5,8768.5,8768.5,8680.5,88.0,0.9985815602836879,Wide,Bullish,Above CPR,False,False,0.9333333333333333,60,42369177.25,Higher,True,Risk Off,False,291.35714285714283,8054.83,7645.825,0.30203481245403285,5.925807303704487,True,True,No setup,Neutral,0,Not applicable,No directional setup; confirmation score not applicable.,Wide CPR,Wide Upside Breakout,Confirmed,Wide CPR + close above CPR + trend aligned + participation confirmed,0,0,0,0
2026-09-11,2026-09-11,CM,NSE,STK,2716,INE295F01017,BUTTERFLY,EQ,,,,,BTRFLY GANDHI APPL LTD,609.2,610.1,579.95,586.25,594.95,610.35,,586.27,,,36028,21342264.7,3763,F1,1,,,,,,Cash Only,Unclassified,False,592.1,595.0250000000001,589.175,595.0250000000001,589.175,5.850000000000136,0.9978678038379765,Wide,Bearish,Below CPR,False,False,0.7833333333333333,60,12440469.75,Lower,True,Risk Off,False,16.25357142857145,687.5829999999999,668.3330000000001,0.35992089650627024,1.7155513520701258,False,False,No setup,Neutral,0,Not applicable,No directional setup; confirmation score not applicable.,Wide CPR,Wide Downside Breakout,Confirmed,Wide CPR + close below CPR + trend aligned + participation confirmed,0,0,0,0
2026-09-11,2026-09-11,CM,NSE,STK,13702,INE430N01022,VISHWARAJ,EQ,,,,,VISHWARAJ SUGAR IND LTD,5.52,5.59,5.33,5.38,5.44,5.62,,5.38,,,934016,5071447.35,1375,F1,1,,,,,,Cash Only,Unclassified,False,5.433333333333334,5.46,5.406666666666667,5.46,5.406666666666667,0.05333333333333279,0.9913258983890854,Wide,Bearish,Below CPR,False,False,0.7666666666666667,60,1380698.605,Lower,True,Risk Off,False,0.3699999999999998,5.545,5.468399999999999,0.14414414414414276,3.673102392973012,False,False,No setup,Neutral,0,Not applicable,No directional setup; confirmation score not applicable.,Wide CPR,Wide Downside Breakout,Confirmed,Wide CPR + close below CPR + trend aligned + participation confirmed,0,0,0,0
2026-09-11,2026-09-11,CM,NSE,STK,764880,INE068B01017,SEKURITIND,EQ,,,,,SAINT GOBAIN SEKUR IND L,111.2,115.0,108.96,110.34,110.0,112.43,,110.33,,,50303,5545485.08,669,F1,1,,,,,,Cash Only,Unclassified,False,111.43333333333332,111.97999999999999,110.88666666666666,111.97999999999999,110.88666666666666,1.0933333333333337,0.9908766841882669,Wide,Bearish,Below CPR,False,False,0.85,20,2485722.69,Lower,True,Risk Off,False,3.0028571428571422,,,0.3640976847446878,2.230934730695965,False,False,No setup,Neutral,0,Not applicable,No directional setup; confirmation score not applicable.,Wide CPR,Wide Downside Breakout,Confirmed,Wide CPR + close below CPR + trend aligned + participation confirmed,0,0,0,0
2026-09-11,2026-09-11,CM,NSE,STK,13794,INE020D01022,BAIDFIN,EQ,,,,,BAID FINSERV LIMITED,11.74,12.16,11.25,11.88,11.92,11.74,,11.88,,,152112,1767328.29,726,F1,1,,,,,,Cash Only,Unclassified,False,11.763333333333334,11.705,11.821666666666667,11.821666666666667,11.705,0.11666666666666714,0.9820426487093192,Wide,Bullish,Above CPR,False,False,0.8333333333333334,60,503951.015,Lower,True,Risk Off,False,0.6235714285714289,10.165,10.3565,0.18709431080565167,3.506944598573732,True,True,No setup,Neutral,0,Not applicable,No directional setup; confirmation score not applicable.,Wide CPR,Wide Upside Breakout,Confirmed,Wide CPR + close above CPR + trend aligned + participation confirmed,0,0,0,0
2026-09-11,2026-09-11,CM,NSE,STK,759084,INE0CAZ01013,URBANCO,EQ,,,,,URBAN COMPANY LIMITED,162.97,167.8,161.1,166.89,166.15,164.56,,166.89,,,4314864,713434650.44,40308,F1,1,,,,,,Cash Only,Consumer Services,True,165.26333333333332,164.45,166.07666666666665,166.07666666666665,164.45,1.6266666666666652,0.9746939101603843,Wide,Bullish,Above CPR,False,False,0.7166666666666667,60,486736307.23,Overlapping,True,Risk Off,False,7.160000000000001,147.355,139.0126,0.22718808193668505,1.465751865728145,True,True,No setup,Neutral,0,Not applicable,No directional setup; confirmation score not applicable.,Wide CPR,Wide Upside Breakout,Confirmed,Wide CPR + close above CPR + trend aligned + participation confirmed,0,0,0,0
2026-09-11,2026-09-11,CM,NSE,STK,18039,INE837H01020,ADVENZYMES,EQ,,,,,ADVANCED ENZYME TECH LTD,303.35,303.35,292.0,293.4,293.25,303.35,,293.43,,,216076,63789370.5,6183,F1,1,,,,,,Cash Only,Unclassified,False,296.25,297.675,294.825,297.675,294.825,2.8500000000000227,0.9713701431492922,Wide,Bearish,Below CPR,False,False,0.9,60,59829359.375,Lower,True,Risk Off,False,7.5464285714285655,309.998,334.24049999999994,0.377662091812592,1.066188425989644,False,False,No setup,Neutral,0,Not applicable,No directional setup; confirmation score not applicable.,Wide CPR,Wide Downside Breakout,Confirmed,Wide CPR + close below CPR + trend aligned + participation confirmed,0,0,0,0
2026-09-11,2026-09-11,CM,NSE,STK,3512,INE141D01018,TNTELE,EQ,,,,,TAMILNADU TELECOMMUNICATI,9.0,9.34,8.8,8.94,9.1,8.94,,8.96,,,21111,190140.82,142,F1,1,,,,,,Cash Only,Unclassified,False,9.026666666666666,9.07,8.98333333333333,9.07,8.98333333333333,0.08666666666666956,0.9694258016405992,Wide,Bearish,Below CPR,False,False,0.7666666666666667,60,179087.91999999998,Higher,True,Risk Off,False,0.3499999999999999,9.031,9.2052,0.24761904761905593,1.0617177305984682,False,False,No setup,Neutral,0,Not applicable,No directional setup; confirmation score not applicable.,Wide CPR,Wide Downside Breakout,Confirmed,Wide CPR + close below CPR + trend aligned + participation confirmed,0,0,0,0
2026-09-11,2026-09-11,CM,NSE,STK,15271,INE792I01017,CORDSCABLE,EQ,,,,,CORDS CABLE INDUS LTD.,357.6,382.8,353.15,373.4,374.0,363.1,,373.34,,,522110,192720342.05,17912,F1,1,,,,,,Cash Only,Unclassified,False,369.7833333333333,367.975,371.5916666666666,371.5916666666666,367.975,3.6166666666665606,0.9685770398142906,Wide,Bullish,Above CPR,False,False,0.6,60,7589892.995,Overlapping,True,Risk Off,False,35.57428571428571,216.08700000000002,189.235,0.10166519422803762,25.391707389940617,True,True,No setup,Neutral,0,Not applicable,No directional setup; confirmation score not applicable.,Wide CPR,Wide Upside Breakout,Confirmed,Wide CPR + close above CPR + trend aligned + participation confirmed,0,0,0,0
2026-09-11,2026-09-11,CM,NSE,STK,18011,INE716A01013,WHIRLPOOL,EQ,,,,,WHIRLPOOL OF INDIA LTD,786.1,786.1,760.75,762.35,763.25,795.65,,762.36,,,300241,230855582.9,22742,F1,1,,,,,,Cash Only,Consumer Durables,True,769.7333333333332,773.425,766.0416666666665,773.425,766.0416666666665,7.383333333333439,0.9684965348374682,Wide,Bearish,Below CPR,False,False,0.95,60,178362884.975,Lower,True,Risk Off,False,24.82857142857143,790.7629999999999,824.0235,0.2973724587648681,1.2943028081899302,False,False,No setup,Neutral,0,Not applicable,No directional setup; confirmation score not applicable.,Wide CPR,Wide Downside Breakout,Confirmed,Wide CPR + close below CPR + trend aligned + participation confirmed,0,0,0,0
2026-09-11,2026-09-11,CM,NSE,STK,1581,INE0EK901012,TARC,EQ,,,,,TARC LIMITED,128.56,132.59,126.4,131.39,131.0,128.56,,131.39,,,472565,61681539.9,5828,F1,1,,,,,,Cash Only,Unclassified,False,130.12666666666667,129.495,130.75833333333333,130.75833333333333,129.495,1.2633333333333212,0.9615140675343035,Wide,Bullish,Above CPR,False,False,0.85,60,58583317.41,Overlapping,True,Risk Off,False,5.122857142857145,126.0968,128.295,0.24660717605502633,1.052885746778675,True,True,No setup,Neutral,0,Not applicable,No directional setup; confirmation score not applicable.,Wide CPR,Wide Upside Breakout,Confirmed,Wide CPR + close above CPR + trend aligned + participation confirmed,0,0,0,0
2026-09-11,2026-09-11,CM,NSE,STK,7325,INE843D01027,DCMSRIND,EQ,,,,,DCM SHRIRAM IND LTD,41.89,41.89,40.39,40.56,40.48,41.76,,40.55,,,501707,20471148.38,3576,F1,1,,,,,,Cash Only,Unclassified,False,40.946666666666665,41.14,40.75333333333333,41.14,40.75333333333333,0.38666666666667027,0.9533201840894237,Wide,Bearish,Below CPR,False,False,0.5833333333333334,60,7953541.805,Lower,True,Risk Off,False,2.605000000000001,43.5766,41.9243,0.1484325015994895,2.5738405457466507,False,False,No setup,Neutral,0,Not applicable,No directional setup; confirmation score not applicable.,Wide CPR,Wide Downside Breakout,Confirmed,Wide CPR + close below CPR + trend aligned + participation confirmed,0,0,0,0
2026-09-11,2026-09-11,CM,NSE,STK,764930,INE199E01014,SUNSHIEL,EQ,,,,,SUNSHIELD CHEMICALS LTD.,1220.0,1249.0,1185.7,1200.2,1199.9,1231.7,,1201.28,,,4670,5613375.1,466,F1,1,,,,,,Cash Only,Unclassified,False,1211.6333333333332,1217.35,1205.9166666666665,1217.35,1205.9166666666665,11.433333333333394,0.9526190079431255,Wide,Bearish,Below CPR,False,False,0.85,20,1920371.6,Lower,True,Risk Off,False,63.20000000000001,,,0.18090717299578152,2.92306712929935,False,False,No setup,Neutral,0,Not applicable,No directional setup; confirmation score not applicable.,Wide CPR,Wide Downside Breakout,Confirmed,Wide CPR + close below CPR + trend aligned + participation confirmed,0,0,0,0
2026-09-11,2026-09-11,CM,NSE,STK,1919,INE082A01010,KOPRAN,EQ,,,,,KOPRAN LTD,235.75,237.6,226.2,235.26,237.6,235.82,,235.27,,,399882,92442605.93,7209,F1,1,,,,,,Cash Only,Unclassified,False,233.01999999999998,231.89999999999998,234.14,234.14,231.89999999999998,2.240000000000009,0.9521380600187066,Wide,Bullish,Above CPR,False,False,0.6166666666666667,60,46289245.28,Lower,True,Risk Off,False,16.805000000000003,172.8118,151.0974,0.13329366260041706,1.9970644449012283,True,True,No setup,Neutral,0,Not applicable,No directional setup; confirmation score not applicable.,Wide CPR,Wide Upside Breakout,Confirmed,Wide CPR + close above CPR + trend aligned + participation confirmed,0,0,0,0
2026-09-11,2026-09-11,CM,NSE,STK,2439,INE542C01019,NKIND,EQ,,,,,NK INDUSTRIES LTD,56.8,57.4,55.04,55.43,55.37,56.6,,55.64,,,506,28405.23,19,F1,1,,,,,,Cash Only,Unclassified,False,55.95666666666667,56.22,55.69333333333334,56.22,55.69333333333334,0.5266666666666566,0.9501473329724998,Wide,Bearish,Below CPR,False,False,0.4166666666666667,60,28235.465,Lower,True,Risk Off,False,5.489999999999999,60.576800000000006,63.1249,0.09593199757134002,1.0060124740286729,False,False,No setup,Neutral,0,Not applicable,No directional setup; confirmation score not applicable.,Wide CPR,Wide Downside Breakout,Confirmed,Wide CPR + close below CPR + trend aligned + participation confirmed,0,0,-2,-2
2026-09-11,2026-09-11,CM,NSE,STK,28046,INE0HLU01028,MOBIKWIK,EQ,,,,,ONE MOBIKWIK SYSTEMS LTD,194.42,220.22,193.21,209.7,209.45,194.68,,209.7,,,18106631,3822285778.85,202184,F1,1,,,,,,Cash Only,Unclassified,False,207.71,206.715,208.705,208.705,206.715,1.990000000000009,0.9489747257987645,Wide,Bullish,Above CPR,False,False,0.8833333333333333,60,146457773.82,Higher,True,Risk Off,False,6.8964285714285705,202.77380000000002,202.12260000000003,0.2885551527705865,26.098210283789225,True,True,No setup,Neutral,0,Not applicable,No directional setup; confirmation score not applicable.,Wide CPR,Wide Upside Breakout,Confirmed,Wide CPR + close above CPR + trend aligned + participation confirmed,0,0,0,0
2026-09-11,2026-09-11,CM,NSE,STK,14223,INE545H01011,TIIL,EQ,,,,,TECHNOCRAFT IND LTD,3135.0,3300.0,3107.9,3250.2,3256.0,3157.1,,3250.28,,,40351,129853334.3,8725,F1,1,,,,,,Cash Only,Unclassified,False,3219.3666666666663,3203.95,3234.783333333333,3234.783333333333,3203.95,30.83333333333303,0.9486595696674984,Wide,Bullish,Above CPR,False,False,0.7166666666666667,60,44840437.95,Higher,True,Risk Off,False,131.93571428571428,2861.73,2697.0239999999994,0.23369967336184422,2.8958979937884393,True,True,No setup,Neutral,0,Not applicable,No directional setup; confirmation score not applicable.,Wide CPR,Wide Upside Breakout,Confirmed,Wide CPR + close above CPR + trend aligned + participation confirmed,0,0,0,0
2026-09-11,2026-09-11,CM,NSE,STK,763784,INE1YPB01014,AGL,EQ,,,,,ALLCARGO GLOBAL LIMITED,15.32,15.69,15.0,15.13,15.25,15.51,,15.13,,,3154038,48164397.83,6169,F1,1,,,,,,Cash Only,Unclassified,False,15.273333333333333,15.344999999999999,15.201666666666668,15.344999999999999,15.201666666666668,0.14333333333333087,0.9473452302269059,Wide,Bearish,Below CPR,False,False,0.6097560975609756,41,42520575.62,Lower,True,Risk Off,False,0.7657142857142857,,,0.18718905472636496,1.132731557080459,False,False,No setup,Neutral,0,Not applicable,No directional setup; confirmation score not applicable.,Wide CPR,Wide Downside Breakout,Confirmed,Wide CPR + close below CPR + trend aligned + participation confirmed,0,0,0,0
2026-09-11,2026-09-11,CM,NSE,STK,6385,INE652F01027,CCHHL,EQ,,,,,COUNTRY CLUB HOSP HOL LTD,12.41,12.89,12.2,12.37,12.49,12.5,,12.37,,,19039,236531.69,197,F1,1,,,,,,Cash Only,Unclassified,False,12.486666666666666,12.545,12.428333333333333,12.545,12.428333333333333,0.11666666666666714,0.9431420102398315,Wide,Bearish,Below CPR,False,False,0.8,60,193892.35499999998,Lower,True,Risk Off,False,0.5585714285714287,12.6868,13.0047,0.20886615515771606,1.2199124096460638,False,False,No setup,Neutral,0,Not applicable,No directional setup; confirmation score not applicable.,Wide CPR,Wide Downside Breakout,Confirmed,Wide CPR + close below CPR + trend aligned + participation confirmed,0,0,0,0
2026-09-11,2026-09-11,CM,NSE,STK,6302,INE451F01024,APOLSINHOT,EQ,,,,,APOLLO SINDOORI HOTEL LTD,1208.3,1237.7,1181.0,1226.7,1237.7,1228.9,,1226.7,,,1813,2201183.9,295,F1,1,,,,,,Cash Only,Unclassified,False,1215.1333333333332,1209.35,1220.9166666666665,1220.9166666666665,1209.35,11.566666666666606,0.9429091600771669,Wide,Bullish,Above CPR,False,False,0.85,60,1056138.65,Lower,True,Risk Off,False,38.70000000000001,1217.05,1216.9015,0.29888027562446,2.0841808033443336,True,True,No setup,Neutral,0,Not applicable,No directional setup; confirmation score not applicable.,Wide CPR,Wide Upside Breakout,Confirmed,Wide CPR + close above CPR + trend aligned + participation confirmed,0,0,0,0
2026-09-11,2026-09-11,CM,NSE,STK,758958,INE1VXE01018,STLNETWORK,EQ,,,,,STL NETWORKS LIMITED,36.0,36.6,35.57,36.6,36.6,34.86,,36.6,,,5579818,203011966.01,4804,F1,1,,,,,,Cash Only,Unclassified,False,36.25666666666667,36.085,36.428333333333335,36.428333333333335,36.085,0.3433333333333337,0.9380692167577424,Wide,Bullish,Above CPR,False,False,0.5166666666666667,60,69874279.11500001,Higher,True,Risk Off,False,1.4307142857142858,27.511400000000002,23.6292,0.23997337327342344,2.905389058481451,True,True,No setup,Neutral,0,Not applicable,No directional setup; confirmation score not applicable.,Wide CPR,Wide Upside Breakout,Confirmed,Wide CPR + close above CPR + trend aligned + participation confirmed,0,0,0,0
2026-09-11,2026-09-11,CM,NSE,STK,760946,INE2KCE01013,KWIL,EQ,,,,,KWALITY WALL'S (INDIA) L,41.1,44.17,40.7,43.04,43.3,41.53,,43.04,,,42730153,1836212204.55,101884,F1,1,,,,,,Cash Only,Unclassified,False,42.63666666666666,42.435,42.838333333333324,42.838333333333324,42.435,0.4033333333333218,0.937112763320915,Wide,Bullish,Above CPR,False,False,0.6666666666666666,60,396114035.235,Higher,True,Risk Off,False,2.0435714285714286,37.1314,33.9688,0.19736688803448113,4.635564613257499,True,True,No setup,Neutral,0,Not applicable,No directional setup; confirmation score not applicable.,Wide CPR,Wide Upside Breakout,Confirmed,Wide CPR + close above CPR + trend aligned + participation confirmed,0,0,0,0
2026-09-11,2026-09-11,CM,NSE,STK,20196,INE844K01012,BEDMUTHA,EQ,,,,,BEDMUTHA INDUST LTD,105.1,107.8,103.0,103.94,103.52,105.37,,103.94,,,8678,903407.9,157,F1,1,,,,,,Cash Only,Unclassified,False,104.91333333333334,105.4,104.42666666666668,105.4,104.42666666666668,0.9733333333333292,0.9364376884099761,Wide,Bearish,Below CPR,False,False,0.7333333333333333,60,275045.36,Lower,True,Risk Off,False,4.752857142857143,109.45960000000001,114.3257,0.20478909928864755,3.2845778601755002,False,False,No setup,Neutral,0,Not applicable,No directional setup; confirmation score not applicable.,Wide CPR,Wide Downside Breakout,Confirmed,Wide CPR + close below CPR + trend aligned + participation confirmed,0,0,0,0
2026-09-11,2026-09-11,CM,NSE,STK,25262,INE0RWQ01014,TOLINS,EQ,,,,,TOLINS TYRES LIMITED,90.86,92.68,88.63,89.4,89.06,90.96,,89.4,,,44120,3960361.8,1214,F1,1,,,,,,Cash Only,Unclassified,False,90.23666666666668,90.655,89.81833333333336,90.655,89.81833333333336,0.8366666666666447,0.9358687546606762,Wide,Bearish,Below CPR,False,False,0.95,60,3925413.555,Lower,True,Risk Off,False,2.5528571428571447,99.2422,102.3958,0.32773736243237317,1.0089030733985938,False,False,No setup,Neutral,0,Not applicable,No directional setup; confirmation score not applicable.,Wide CPR,Wide Downside Breakout,Confirmed,Wide CPR + close below CPR + trend aligned + participation confirmed,0,0,0,0
2026-09-11,2026-09-11,CM,NSE,STK,14900,INE280H01015,SAHYADRI,EQ,,,,,SAHYADRI INDUSTRIES LTD,389.9,396.45,374.45,390.9,391.5,383.35,,390.95,,,17080,6607881.05,1083,F1,1,,,,,,Cash Only,Unclassified,False,387.26666666666665,385.45,389.0833333333333,389.0833333333333,385.45,3.6333333333333258,0.929478980131319,Wide,Bullish,Above CPR,False,False,0.7333333333333333,60,2836773.5,Higher,True,Risk Off,False,18.982142857142858,329.763,306.5861,0.19140796487927209,2.32936505152773,True,True,No setup,Neutral,0,Not applicable,No directional setup; confirmation score not applicable.,Wide CPR,Wide Upside Breakout,Confirmed,Wide CPR + close above CPR + trend aligned + participation confirmed,0,0,0,0
2026-09-11,2026-09-11,CM,NSE,STK,18214,INE141K01013,TEXMOPIPES,EQ,,,,,TEXMO PIPE & PRODUCTS LTD,56.25,62.99,55.5,60.08,60.25,56.44,,60.08,,,1133568,68598837.4,5528,F1,1,,,,,,Cash Only,Unclassified,False,59.52333333333333,59.245000000000005,59.80166666666666,59.80166666666666,59.245000000000005,0.5566666666666578,0.9265423879271933,Wide,Bullish,Above CPR,False,False,0.7666666666666667,60,922865.22,Higher,True,Risk Off,False,3.327142857142858,45.449600000000004,45.53,0.1673107199083986,74.3324549602162,True,True,No setup,Neutral,0,Not applicable,No directional setup; confirmation score not applicable.,Wide CPR,Wide Upside Breakout,Confirmed,Wide CPR + close above CPR + trend aligned + participation confirmed,0,0,0,0
2026-09-11,2026-09-11,CM,NSE,STK,10159,INE730A01022,ORICONENT,EQ,,,,,ORICON ENTERPRISES LTD,53.0,53.0,51.2,51.39,51.4,51.65,,51.4,,,48345,2505921.09,525,F1,1,,,,,,Cash Only,Unclassified,False,51.86333333333334,52.1,51.62666666666667,52.1,51.62666666666667,0.47333333333332916,0.921061166245046,Wide,Bearish,Below CPR,False,False,0.7166666666666667,60,2129781.15,Overlapping,True,Risk Off,False,2.377857142857142,54.896800000000006,57.961999999999996,0.19905877640933048,1.176609667148195,False,False,No setup,Neutral,0,Not applicable,No directional setup; confirmation score not applicable.,Wide CPR,Wide Downside Breakout,Confirmed,Wide CPR + close below CPR + trend aligned + participation confirmed,0,0,0,0
2026-09-11,2026-09-11,CM,NSE,STK,5373,INE872J01023,DEVYANI,EQ,,,,,DEVYANI INTERNATIONAL LTD,135.0,138.4,133.75,137.97,138.0,135.92,,137.97,,,2136370,293299741.47,36333,F1,1,,,,,,Cash Only,Consumer Services,True,136.70666666666668,136.075,137.33833333333337,137.33833333333337,136.075,1.263333333333378,0.9156579932835964,Wide,Bullish,Above CPR,False,False,0.75,60,281688642.79999995,Overlapping,True,Risk Off,False,4.968571428571427,128.3332,121.6071,0.25426490320108247,1.0412196194869099,True,True,No setup,Neutral,0,Not applicable,No directional setup; confirmation score not applicable.,Wide CPR,Wide Upside Breakout,Confirmed,Wide CPR + close above CPR + trend aligned + participation confirmed,0,0,0,0
2026-09-11,2026-09-11,CM,NSE,STK,15337,INE855B01025,RAIN,EQ,,,,,RAIN INDUSTRIES LIMITED,214.46,217.4,208.64,215.97,216.0,217.28,,215.97,,,4334459,922747600.53,31567,F1,1,,,,,,Cash Only,Unclassified,False,214.00333333333333,213.01999999999998,214.98666666666668,214.98666666666668,213.01999999999998,1.966666666666697,0.9106203022024804,Wide,Bullish,Above CPR,False,False,0.6833333333333333,60,913877694.37,Lower,True,Risk Off,False,9.257857142857144,212.75760000000002,191.2534,0.21243216829977435,1.0097057912832796,True,True,No setup,Neutral,0,Not applicable,No directional setup; confirmation score not applicable.,Wide CPR,Wide Upside Breakout,Confirmed,Wide CPR + close above CPR + trend aligned + participation confirmed,0,0,0,0
2026-09-11,2026-09-11,CM,NSE,STK,764537,INE551C01044,SHUKRAPHAR,EQ,,,,,SHUKRA PHARMACEUTICALS L,54.05,55.6,53.75,53.94,54.0,53.97,,53.94,,,1577298,85781102.18,5434,F1,1,,,,,,Cash Only,Unclassified,False,54.43,54.675,54.185,54.675,54.185,0.4899999999999949,0.9084167593622449,Wide,Bearish,Below CPR,False,False,0.5238095238095238,21,72982293.81,Overlapping,True,Risk Off,False,2.836428571428572,,,0.17275245530092992,1.1753686778236931,False,False,No setup,Neutral,0,Not applicable,No directional setup; confirmation score not applicable.,Wide CPR,Wide Downside Breakout,Confirmed,Wide CPR + close below CPR + trend aligned + participation confirmed,0,0,0,0
2026-09-11,2026-09-11,CM,NSE,STK,16795,INE877I01016,ARCHIDPLY,EQ,,,,,ARCHIDPLY IND. LTD,100.5,102.99,98.16,101.96,101.5,100.5,,101.97,,,21936,2212458.18,381,F1,1,,,,,,Cash Only,Unclassified,False,101.03666666666665,100.57499999999999,101.4983333333333,101.4983333333333,100.57499999999999,0.9233333333333178,0.9055838891068242,Wide,Bullish,Above CPR,False,False,0.6333333333333333,60,861196.24,Overlapping,True,Risk Off,False,5.958571428571429,91.37519999999999,86.4119,0.15495884280348177,2.5690522986955915,True,True,No setup,Neutral,0,Not applicable,No directional setup; confirmation score not applicable.,Wide CPR,Wide Upside Breakout,Confirmed,Wide CPR + close above CPR + trend aligned + participation confirmed,0,0,0,0
2026-09-11,2026-09-11,CM,NSE,STK,1134,INE713T01028,APOLLO,EQ,,,,,APOLLO MICRO SYSTEMS LTD,411.0,423.5,409.55,422.25,421.15,413.2,,422.24,,,7751875,3237098641.5,58889,F1,1,,,,,,Cash Only,Unclassified,False,418.43333333333334,416.525,420.3416666666667,420.3416666666667,416.525,3.8166666666667197,0.9038879021117158,Wide,Bullish,Above CPR,False,False,0.8,60,2231391532.525,Higher,True,Risk Off,False,11.524999999999993,394.968,382.5862,0.331164135936375,1.4507084903369518,True,True,No setup,Neutral,0,Not applicable,No directional setup; confirmation score not applicable.,Wide CPR,Wide Upside Breakout,Confirmed,Wide CPR + close above CPR + trend aligned + participation confirmed,0,0,-2,-2
2026-09-11,2026-09-11,CM,NSE,STK,758563,INE236E01022,ELLEN,EQ,,,,,ELLENBARRIE INDUS GASES L,373.0,384.0,366.1,380.2,380.0,373.5,,380.2,,,1713956,641774424.5,34339,F1,1,,,,,,Cash Only,Unclassified,False,376.76666666666665,375.05,378.4833333333333,378.4833333333333,375.05,3.4333333333332803,0.9030334911449975,Wide,Bullish,Above CPR,False,False,0.65,60,96515283.44999999,Higher,True,Risk Off,False,16.932142857142853,303.404,287.87960000000004,0.20277016100681686,6.649459044820326,True,True,No setup,Neutral,0,Not applicable,No directional setup; confirmation score not applicable.,Wide CPR,Wide Upside Breakout,Confirmed,Wide CPR + close above CPR + trend aligned + participation confirmed,0,0,0,0
2026-09-11,2026-09-11,CM,NSE,STK,5688,INE731A01020,ARCHIES,EQ,,,,,ARCHIES LTD,12.52,12.65,12.06,12.19,12.16,12.52,,12.19,,,47987,591130.5,266,F1,1,,,,,,Cash Only,Unclassified,False,12.299999999999999,12.355,12.244999999999997,12.355,12.244999999999997,0.11000000000000298,0.90237899917968,Wide,Bearish,Below CPR,False,False,0.7,60,182113.735,Lower,True,Risk Off,False,0.6385714285714286,13.6724,14.143999999999998,0.1722595078299823,3.2459413344084127,False,False,No setup,Neutral,0,Not applicable,No directional setup; confirmation score not applicable.,Wide CPR,Wide Downside Breakout,Confirmed,Wide CPR + close below CPR + trend aligned + participation confirmed,0,0,0,0
2026-09-11,2026-09-11,CM,NSE,STK,13580,INE855R01021,RADIANTCMS,EQ,,,,,RADIANT CASH MGMT SER LTD,37.21,37.69,35.26,35.99,36.11,37.53,,36.0,,,485582,17367580.21,2473,F1,1,,,,,,Cash Only,Unclassified,False,36.31333333333333,36.474999999999994,36.15166666666667,36.474999999999994,36.15166666666667,0.3233333333333235,0.8983977030656389,Wide,Bearish,Below CPR,False,False,0.8,60,5337061.335,Lower,True,Risk Off,False,2.4542857142857164,37.925,39.2149,0.13174233604966604,3.2541466398568195,False,False,No setup,Neutral,0,Not applicable,No directional setup; confirmation score not applicable.,Wide CPR,Wide Downside Breakout,Confirmed,Wide CPR + close below CPR + trend aligned + participation confirmed,0,0,0,0
2026-09-11,2026-09-11,CM,NSE,STK,21828,INE621L01012,TEXRAIL,EQ,,,,,TEXMACO RAIL & ENG. LTD.,117.44,118.8,113.65,117.81,118.8,117.77,,117.81,,,2468362,286496767.7,24057,F1,1,,,,,,Cash Only,Unclassified,False,116.75333333333333,116.225,117.28166666666667,117.28166666666667,116.225,1.056666666666672,0.8969244263361955,Wide,Bullish,Above CPR,False,False,0.9,60,168038615.51,Lower,True,Risk Off,False,4.489285714285715,111.567,110.1795,0.23537523203394442,1.704946013929462,True,True,No setup,Neutral,0,Not applicable,No directional setup; confirmation score not applicable.,Wide CPR,Wide Upside Breakout,Confirmed,Wide CPR + close above CPR + trend aligned + participation confirmed,0,0,0,0
2026-09-11,2026-09-11,CM,NSE,STK,19943,INE288B01029,DEEPAKNTR,EQ,,,,,DEEPAK NITRITE LTD,1634.0,1635.1,1583.2,1587.8,1596.0,1645.8,,1587.7,,,323567,517357220.6,25941,F1,1,,,,,,Cash Only,Chemicals,True,1602.0333333333335,1609.15,1594.916666666667,1609.15,1594.916666666667,14.233333333333121,0.8964185245832675,Wide,Bearish,Below CPR,False,False,0.9,60,402654823.75,Lower,True,Risk Off,False,50.99285714285715,1702.526,1705.0080000000003,0.27912406032590514,1.284865324055366,False,False,No setup,Neutral,0,Not applicable,No directional setup; confirmation score not applicable.,Wide CPR,Wide Downside Breakout,Confirmed,Wide CPR + close below CPR + trend aligned + participation confirmed,0,0,0,0
2026-09-11,2026-09-11,CM,NSE,STK,8890,INE0IQ001011,VERANDA,EQ,,,,,VERANDA LEARNING SOL LTD,230.1,232.86,223.66,225.24,223.9,230.51,,225.24,,,334713,75574930.18,5167,F1,1,,,,,,Cash Only,Unclassified,False,227.25333333333333,228.26,226.24666666666667,228.26,226.24666666666667,2.013333333333321,0.8938613626946017,Wide,Bearish,Below CPR,False,False,0.7833333333333333,60,56917012.775000006,Lower,True,Risk Off,False,8.572857142857142,241.71020000000001,232.81939999999997,0.23484974726434343,1.3278091469550073,False,False,No setup,Neutral,0,Not applicable,No directional setup; confirmation score not applicable.,Wide CPR,Wide Downside Breakout,Confirmed,Wide CPR + close below CPR + trend aligned + participation confirmed,0,0,0,0
2026-09-11,2026-09-11,CM,NSE,STK,19646,INE03EI01018,MAXESTATES,EQ,,,,,MAX ESTATES LIMITED,557.85,568.0,537.95,560.45,559.0,559.75,,560.46,,,105077,58503777.95,4200,F1,1,,,,,,Cash Only,Unclassified,False,555.4666666666667,552.975,557.9583333333334,557.9583333333334,552.975,4.9833333333333485,0.8891664436316082,Wide,Bullish,Above CPR,False,False,0.7166666666666667,60,40443061.075,Overlapping,True,Risk Off,False,26.82500000000001,459.995,442.52700000000004,0.18577197887542765,1.4465714610846874,True,True,No setup,Neutral,0,Not applicable,No directional setup; confirmation score not applicable.,Wide CPR,Wide Upside Breakout,Confirmed,Wide CPR + close above CPR + trend aligned + participation confirmed,0,0,0,0
2026-09-11,2026-09-11,CM,NSE,STK,6705,INE982J01020,PAYTM,EQ,,,,,ONE 97 COMMUNICATIONS LTD,1745.0,1840.0,1726.8,1807.5,1807.5,1739.0,,1807.48,,,9269434,16628906352.7,216343,F1,1,,,,,,F&O + Cash,Financial Services,True,1791.4333333333334,1783.4,1799.4666666666667,1799.4666666666667,1783.4,16.066666666666606,0.8888888888888856,Wide,Bullish,Above CPR,False,False,0.7333333333333333,60,4529209453.0,Higher,True,Risk Off,False,63.07857142857142,1491.7820000000002,1305.4685,0.25470879100139565,3.6714809781396966,True,True,No setup,Neutral,0,Not applicable,No directional setup; confirmation score not applicable.,Wide CPR,Wide Upside Breakout,Confirmed,Wide CPR + close above CPR + trend aligned + participation confirmed,0,0,0,0
2026-09-11,2026-09-11,CM,NSE,STK,25800,INE0JVO01026,GARUDA,EQ,,,,,GARUDA CONSTRUCT N ENG L,178.4,183.7,175.25,181.9,182.0,179.29,,181.9,,,747410,134918061.8,10640,F1,1,,,,,,Cash Only,Unclassified,False,180.28333333333333,179.475,181.09166666666667,181.09166666666667,179.475,1.6166666666666742,0.888766721641932,Wide,Bullish,Above CPR,False,False,0.7,60,57153701.879999995,Outside,True,Risk Off,False,6.7442857142857155,178.73559999999998,176.8165,0.2397091011791298,2.3606180765556393,True,True,No setup,Neutral,0,Not applicable,No directional setup; confirmation score not applicable.,Wide CPR,Wide Upside Breakout,Confirmed,Wide CPR + close above CPR + trend aligned + participation confirmed,0,0,0,0
2026-09-11,2026-09-11,CM,NSE,STK,3329,INE858B01029,ISGEC,EQ,,,,,ISGEC HEAVY ENG LTD,821.0,821.0,792.0,795.95,799.2,810.15,,795.96,,,47204,37730207.0,4729,F1,1,,,,,,Cash Only,Unclassified,False,802.9833333333332,806.5,799.4666666666665,806.5,799.4666666666665,7.03333333333353,0.8836400946458357,Wide,Bearish,Below CPR,False,False,0.9166666666666666,60,28766556.2,Overlapping,True,Risk Off,False,23.26785714285715,822.961,908.6875,0.30227679713482547,1.3115997180086507,False,False,No setup,Neutral,0,Not applicable,No directional setup; confirmation score not applicable.,Wide CPR,Wide Downside Breakout,Confirmed,Wide CPR + close below CPR + trend aligned + participation confirmed,0,0,0,0
2026-09-11,2026-09-11,CM,NSE,STK,6127,INE731U01028,DIGJAMLMTD,EQ,,,,,DIGJAM LTD,64.5,73.19,61.84,68.42,67.7,61.84,,68.44,,,1282661,87417990.71,11080,F1,1,,,,,,Cash Only,Unclassified,False,67.81666666666666,67.515,68.11833333333333,68.11833333333333,67.515,0.6033333333333246,0.8818084380785218,Wide,Bullish,Above CPR,False,False,0.6166666666666667,60,383200.23,Higher,True,Risk Off,False,3.552857142857143,48.428000000000004,47.2237,0.16981637850153888,228.12614363514342,True,True,No setup,Neutral,0,Not applicable,No directional setup; confirmation score not applicable.,Wide CPR,Wide Upside Breakout,Confirmed,Wide CPR + close above CPR + trend aligned + participation confirmed,0,0,0,0
2026-09-11,2026-09-11,CM,NSE,STK,10599,INE844O01030,GUJENERGY,EQ,,,,,GUJARAT ENERGY LIMITED,247.94,249.21,240.36,241.59,241.2,254.8,,241.59,,,1808646,438641359.98,32496,F1,1,,,,,,Cash Only,Unclassified,False,243.72000000000003,244.78500000000003,242.65500000000003,244.78500000000003,242.65500000000003,2.1299999999999955,0.8816590090649428,Wide,Bearish,Below CPR,False,False,0.7906976744186046,43,330442946.9,Lower,True,Risk Off,False,7.698571428571428,,,0.2766747077379842,1.327434475739449,False,False,No setup,Neutral,0,Not applicable,No directional setup; confirmation score not applicable.,Wide CPR,Wide Downside Breakout,Confirmed,Wide CPR + close below CPR + trend aligned + participation confirmed,0,0,0,0
2026-09-11,2026-09-11,CM,NSE,STK,31138,INE453B01029,COMPUSOFT,EQ,,,,,COMPUCOM SOFTWARE LTD,13.1,13.29,12.85,12.9,12.89,13.21,,12.9,,,70186,912847.03,243,F1,1,,,,,,Cash Only,Unclassified,False,13.013333333333334,13.07,12.956666666666667,13.07,12.956666666666667,0.11333333333333329,0.8785529715762269,Wide,Bearish,Below CPR,False,False,0.9,60,297142.49,Lower,True,Risk Off,False,0.4378571428571428,13.255,13.465499999999999,0.25883632408917884,3.0720851467590515,False,False,No setup,Neutral,0,Not applicable,No directional setup; confirmation score not applicable.,Wide CPR,Wide Downside Breakout,Confirmed,Wide CPR + close below CPR + trend aligned + participation confirmed,0,0,0,0
2026-09-11,2026-09-11,CM,NSE,STK,166,INE435A01051,ANDHRAPAP,EQ,,,,,ANDHRA PAPER LIMITED,72.5,73.95,70.84,73.36,73.6,72.58,,73.36,,,1705341,123778927.89,14449,F1,1,,,,,,Cash Only,Unclassified,False,72.71666666666668,72.39500000000001,73.03833333333336,73.03833333333336,72.39500000000001,0.6433333333333451,0.876953834969118,Wide,Bullish,Above CPR,False,False,0.8333333333333334,60,7952541.27,Higher,True,Risk Off,False,4.177142857142858,62.2042,63.15650000000001,0.1540127678978596,15.564701104657079,True,True,No setup,Neutral,0,Not applicable,No directional setup; confirmation score not applicable.,Wide CPR,Wide Upside Breakout,Confirmed,Wide CPR + close above CPR + trend aligned + participation confirmed,0,0,0,0
2026-09-11,2026-09-11,CM,NSE,STK,4040,INE158B01016,EIMCOELECO,EQ,,,,,EIMCO ELECON (INDIA) LTD,2279.0,2335.0,2255.4,2325.5,2320.4,2291.4,,2325.46,,,27993,64603091.9,3268,F1,1,,,,,,Cash Only,Unclassified,False,2305.2999999999997,2295.2,2315.3999999999996,2315.3999999999996,2295.2,20.199999999999818,0.8686304020640644,Wide,Bullish,Above CPR,False,False,0.7333333333333333,60,54142431.7,Higher,True,Risk Off,False,75.61428571428577,1986.06,1802.98,0.2671452862270898,1.1932063239782411,True,True,No setup,Neutral,0,Not applicable,No directional setup; confirmation score not applicable.,Wide CPR,Wide Upside Breakout,Confirmed,Wide CPR + close above CPR + trend aligned + participation confirmed,0,0,0,0
2026-09-11,2026-09-11,CM,NSE,STK,5245,INE198H01019,AAREYDRUGS,EQ,,,,,AAREY DRUGS & PHARM LTD,95.71,100.3,94.92,98.89,98.71,95.71,,98.91,,,369808,36557730.53,2645,F1,1,,,,,,Cash Only,Unclassified,False,98.03666666666668,97.61,98.46333333333335,98.46333333333335,97.61,0.853333333333353,0.8629116526780797,Wide,Bullish,Above CPR,False,False,0.35,60,9833940.870000001,Overlapping,True,Risk Off,False,4.453571428571432,78.21600000000001,73.4396,0.1916065223202395,3.7175056280361787,True,True,No setup,Neutral,0,Not applicable,No directional setup; confirmation score not applicable.,Wide CPR,Wide Upside Breakout,Confirmed,Wide CPR + close above CPR + trend aligned + participation confirmed,0,0,0,0
2026-09-11,2026-09-11,CM,NSE,STK,12026,INE087H01022,RENUKA,EQ,,,,,SHREE RENUKA SUGARS LTD,24.51,25.13,23.97,24.87,24.83,24.82,,24.87,,,19203049,472579561.96,31616,F1,1,,,,,,Cash Only,Unclassified,False,24.656666666666666,24.549999999999997,24.763333333333335,24.763333333333335,24.549999999999997,0.21333333333333826,0.8577938614126991,Wide,Bullish,Above CPR,False,False,0.8,60,105431610.9,Lower,True,Risk Off,False,1.1728571428571428,23.1588,23.7956,0.18189200162403993,4.482332745614911,True,True,No setup,Neutral,0,Not applicable,No directional setup; confirmation score not applicable.,Wide CPR,Wide Upside Breakout,Confirmed,Wide CPR + close above CPR + trend aligned + participation confirmed,0,0,0,0
2026-09-11,2026-09-11,CM,NSE,STK,3021,INE035D01020,SOTL,EQ,,,,,SAVITA OIL TECHNOLO. LTD,697.1,732.8,681.3,716.25,716.55,697.1,,716.23,,,461088,328704173.05,22547,F1,1,,,,,,Cash Only,Unclassified,False,710.1166666666667,707.05,713.1833333333334,713.1833333333334,707.05,6.133333333333439,0.856311809191405,Wide,Bullish,Above CPR,False,False,0.55,60,162535642.05,Higher,True,Risk Off,False,43.41071428571429,659.948,566.1475,0.141286164815579,2.022351337246279,True,True,No setup,Neutral,0,Not applicable,No directional setup; confirmation score not applicable.,Wide CPR,Wide Upside Breakout,Confirmed,Wide CPR + close above CPR + trend aligned + participation confirmed,0,0,0,0
2026-09-11,2026-09-11,CM,NSE,STK,9917,INE136S01016,NEOGEN,EQ,,,,,NEOGEN CHEMICALS LIMITED,2390.0,2411.0,2274.4,2373.0,2387.3,2388.9,,2372.71,,,409164,964633651.9,39042,F1,1,,,,,,Cash Only,Unclassified,False,2352.7999999999997,2342.7,2362.8999999999996,2362.8999999999996,2342.7,20.199999999999818,0.8512431521281002,Wide,Bullish,Above CPR,False,False,0.6833333333333333,60,238819191.85000002,Inside,True,Risk Off,False,88.61428571428574,2144.752,1980.771,0.22795421570207752,4.039179784620814,True,True,No setup,Neutral,0,Not applicable,No directional setup; confirmation score not applicable.,Wide CPR,Wide Upside Breakout,Confirmed,Wide CPR + close above CPR + trend aligned + participation confirmed,0,0,0,0
2026-09-11,2026-09-11,CM,NSE,STK,764728,INE354A01013,JENBURPH,EQ,,,,,JENBURKT PHARMACEUTICAL L,1020.0,1034.8,998.6,1003.9,1010.0,1026.8,,1004.39,,,1783,1810477.8,146,F1,1,,,,,,Cash Only,Unclassified,False,1012.4333333333334,1016.7,1008.1666666666667,1016.7,1008.1666666666667,8.533333333333303,0.850018262111097,Wide,Bearish,Below CPR,False,False,0.9,20,702037.35,Lower,True,Risk Off,False,28.507142857142906,,,0.29934018207633684,2.5788909949021943,False,False,No setup,Neutral,0,Not applicable,No directional setup; confirmation score not applicable.,Wide CPR,Wide Downside Breakout,Confirmed,Wide CPR + close below CPR + trend aligned + participation confirmed,0,0,0,0
2026-09-11,2026-09-11,CM,NSE,STK,18889,INE907A01026,KSL,EQ,,,,,KALYANI STEELS LIMITED,970.0,981.9,931.0,968.75,976.0,968.2,,969.04,,,204430,196420920.15,13055,F1,1,,,,,,Cash Only,Unclassified,False,960.5500000000001,956.45,964.6500000000001,964.6500000000001,956.45,8.200000000000045,0.8464516129032306,Wide,Bullish,Above CPR,False,False,0.7333333333333333,60,39074756.275,Overlapping,True,Risk Off,False,43.96428571428573,894.446,862.4655,0.18651502843216994,5.026798344374319,True,True,No setup,Neutral,0,Not applicable,No directional setup; confirmation score not applicable.,Wide CPR,Wide Upside Breakout,Confirmed,Wide CPR + close above CPR + trend aligned + participation confirmed,0,0,0,0
2026-09-11,2026-09-11,CM,NSE,STK,10530,INE597I01028,SHARDAMOTR,EQ,,,,,SHARDA MOTOR INDS LTD,946.3,948.5,915.1,943.75,945.0,946.25,,943.76,,,86523,80983238.3,8168,F1,1,,,,,,Cash Only,Unclassified,False,935.7833333333333,931.8,939.7666666666667,939.7666666666667,931.8,7.966666666666697,0.8441501103752792,Wide,Bullish,Above CPR,False,False,0.7833333333333333,60,34727729.025,Inside,True,Risk Off,False,25.97499999999999,884.502,867.5555,0.3067051652229721,2.3319474256926305,True,True,No setup,Neutral,0,Not applicable,No directional setup; confirmation score not applicable.,Wide CPR,Wide Upside Breakout,Confirmed,Wide CPR + close above CPR + trend aligned + participation confirmed,0,0,0,0
2026-09-11,2026-09-11,CM,NSE,STK,14418,INE006I01046,ASTRAL,EQ,,,,,ASTRAL LIMITED,1452.0,1456.0,1402.5,1411.4,1411.4,1459.0,,1411.39,,,872167,1233757432.9,45744,F1,1,,,,,,F&O + Cash,Capital Goods,True,1423.3,1429.25,1417.35,1429.25,1417.35,11.900000000000091,0.8431344764064115,Wide,Bearish,Below CPR,False,False,0.8833333333333333,60,779874108.45,Lower,True,Risk Off,False,32.62857142857144,1456.96,1489.7479999999998,0.36471103327495885,1.5819956317720218,False,False,No setup,Neutral,0,Not applicable,No directional setup; confirmation score not applicable.,Wide CPR,Wide Downside Breakout,Confirmed,Wide CPR + close below CPR + trend aligned + participation confirmed,0,0,0,0
2026-09-11,2026-09-11,CM,NSE,STK,685,INE121A01024,CHOLAFIN,EQ,,,,,CHOLAMANDALAM IN & FIN CO,1834.1,1850.2,1795.1,1845.9,1845.9,1859.0,,1845.89,,,1505149,2740718523.9,83555,F1,1,,,,,,F&O + Cash,Financial Services,True,1830.4000000000003,1822.65,1838.1500000000005,1838.1500000000005,1822.65,15.500000000000455,0.8396987919172465,Wide,Bullish,Above CPR,False,False,0.8,60,2183355153.45,Overlapping,True,Risk Off,False,47.01428571428578,1836.98,1721.225,0.32968702522030696,1.2552783817920277,True,True,No setup,Neutral,0,Not applicable,No directional setup; confirmation score not applicable.,Wide CPR,Wide Upside Breakout,Confirmed,Wide CPR + close above CPR + trend aligned + participation confirmed,0,0,0,0
2026-09-11,2026-09-11,CM,NSE,STK,762797,INE085D01033,METROGLOBL,EQ,,,,,METROGLOBAL LTD.,141.99,145.0,128.7,138.58,138.87,140.97,,134.83,,,6913,960958.2,133,F1,1,,,,,,Cash Only,Unclassified,False,137.42666666666665,136.85,138.0033333333333,138.0033333333333,136.85,1.1533333333333076,0.8322509260595378,Wide,Bullish,Above CPR,False,False,0.6,60,211693.02000000002,Lower,True,Risk Off,False,7.007142857142861,136.1228,132.565,0.1645939517499113,4.5393948274723455,True,True,No setup,Neutral,0,Not applicable,No directional setup; confirmation score not applicable.,Wide CPR,Wide Upside Breakout,Confirmed,Wide CPR + close above CPR + trend aligned + participation confirmed,0,0,0,0
2026-09-11,2026-09-11,CM,NSE,STK,4548,INE610B01024,GUJRAFFIA,EQ,,,,,GUJARAT RAFFIA INDUST LTD,40.51,41.9,40.5,41.72,41.74,41.17,,41.72,,,5856,244384.96,53,F1,1,,,,,,Cash Only,Unclassified,False,41.373333333333335,41.2,41.54666666666667,41.54666666666667,41.2,0.346666666666664,0.8309364014061937,Wide,Bullish,Above CPR,False,False,0.48333333333333334,60,85674.905,Outside,True,Risk Off,False,1.6557142857142861,40.3572,40.6727,0.20937589876330004,2.8524684095068444,True,True,No setup,Neutral,0,Not applicable,No directional setup; confirmation score not applicable.,Wide CPR,Wide Upside Breakout,Confirmed,Wide CPR + close above CPR + trend aligned + participation confirmed,0,0,0,0
2026-09-11,2026-09-11,CM,NSE,STK,763663,INE763M01028,MERCURYEV,EQ,,,,,MERCURY EV-TECH LIMITED,41.51,44.05,40.71,41.86,41.65,41.61,,41.86,,,2352177,99591689.42,10005,F1,1,,,,,,Cash Only,Unclassified,False,42.20666666666666,42.379999999999995,42.03333333333333,42.379999999999995,42.03333333333333,0.346666666666664,0.8281573498964739,Wide,Bearish,Below CPR,False,False,0.6285714285714286,35,4998384.16,Higher,True,Risk Off,False,2.5828571428571427,,,0.1342182890855447,19.92477693431231,False,False,No setup,Neutral,0,Not applicable,No directional setup; confirmation score not applicable.,Wide CPR,Wide Downside Breakout,Confirmed,Wide CPR + close below CPR + trend aligned + participation confirmed,0,0,0,0
2026-09-11,2026-09-11,CM,NSE,STK,11872,INE101D01020,GRANULES,EQ,,,,,GRANULES INDIA LIMITED,895.95,914.85,881.25,909.3,913.8,899.25,,909.32,,,7851231,7029731962.65,132381,F1,1,,,,,,Cash Only,Healthcare,True,901.7999999999998,898.05,905.5499999999997,905.5499999999997,898.05,7.499999999999773,0.8248102936324395,Wide,Bullish,Above CPR,False,False,0.8666666666666667,60,710677596.8,Higher,True,Risk Off,False,26.024999999999995,858.709,807.0609999999999,0.28818443804033717,9.89159077801677,True,True,No setup,Neutral,0,Not applicable,No directional setup; confirmation score not applicable.,Wide CPR,Wide Upside Breakout,Confirmed,Wide CPR + close above CPR + trend aligned + participation confirmed,0,0,0,0
2026-09-11,2026-09-11,CM,NSE,STK,2951,INE902B01017,S&SPOWER,EQ,,,,,S&S POWER SWITCHGEARS LTD,352.0,359.0,333.05,350.35,353.0,342.6,,351.68,,,2806,975174.7,117,F1,1,,,,,,Cash Only,Unclassified,False,347.4666666666667,346.025,348.9083333333334,348.9083333333334,346.025,2.8833333333334394,0.8229865372722818,Wide,Bullish,Above CPR,False,False,0.4666666666666667,60,968556.75,Higher,True,Risk Off,False,21.9,330.64200000000005,313.8601,0.1316590563165954,1.0068327952905185,True,True,No setup,Neutral,0,Not applicable,No directional setup; confirmation score not applicable.,Wide CPR,Wide Upside Breakout,Confirmed,Wide CPR + close above CPR + trend aligned + participation confirmed,0,0,0,0
2026-09-11,2026-09-11,CM,NSE,STK,2259,INE083A01026,MOREPENLAB,EQ,,,,,MOREPEN LAB. LTD,114.5,117.7,111.01,115.78,115.72,115.28,,115.79,,,15303804,1751594987.34,57553,F1,1,,,,,,Cash Only,Unclassified,False,114.83,114.355,115.30499999999999,115.30499999999999,114.355,0.9499999999999886,0.8205216790464576,Wide,Bullish,Above CPR,False,False,0.5666666666666667,60,945877120.765,Lower,True,Risk Off,False,6.979285714285715,80.21,63.5045,0.1361170811585287,1.8518208643458434,True,True,No setup,Neutral,0,Not applicable,No directional setup; confirmation score not applicable.,Wide CPR,Wide Upside Breakout,Confirmed,Wide CPR + close above CPR + trend aligned + participation confirmed,0,0,0,0
2026-09-11,2026-09-11,CM,NSE,STK,7016,INE788J01021,SHIVALIK,EQ,,,,,SHIVALIK RASAYAN LIMITED,358.45,365.65,349.55,362.05,364.0,366.8,,362.03,,,115411,41356543.3,4593,F1,1,,,,,,Cash Only,Unclassified,False,359.0833333333333,357.6,360.5666666666666,360.5666666666666,357.6,2.9666666666665833,0.8194080007365234,Wide,Bullish,Above CPR,False,False,0.5,60,11069196.965,Lower,True,Risk Off,False,28.889285714285702,269.9554,281.4447,0.10269089710305893,3.736182799056372,True,True,No setup,Neutral,0,Not applicable,No directional setup; confirmation score not applicable.,Wide CPR,Wide Upside Breakout,Confirmed,Wide CPR + close above CPR + trend aligned + participation confirmed,0,0,0,0
2026-09-11,2026-09-11,CM,NSE,STK,762792,INE689O01013,MERCANTILE,EQ,,,,,MERCANTILE VENTURES LTD.,24.0,24.78,23.52,23.86,23.85,24.03,,23.48,,,3994,94743.16,53,F1,1,,,,,,Cash Only,Unclassified,False,24.05333333333333,24.15,23.956666666666663,24.15,23.956666666666663,0.19333333333333513,0.810282201732335,Wide,Bearish,Below CPR,False,False,0.43333333333333335,60,68925.95,Outside,True,Risk Off,False,2.575,24.5896,24.8944,0.075080906148868,1.3745644419844776,False,False,No setup,Neutral,0,Not applicable,No directional setup; confirmation score not applicable.,Wide CPR,Wide Downside Breakout,Confirmed,Wide CPR + close below CPR + trend aligned + participation confirmed,0,0,0,0
2026-09-11,2026-09-11,CM,NSE,STK,15303,INE863I01016,BANG,EQ,,,,,BANG OVERSEAS LTD.,34.9,35.9,33.49,35.12,35.2,34.51,,35.12,,,316170,11072357.8,1977,F1,1,,,,,,Cash Only,Unclassified,False,34.836666666666666,34.695,34.97833333333333,34.97833333333333,34.695,0.28333333333333144,0.8067577828397821,Wide,Bullish,Above CPR,False,False,0.5833333333333334,60,924786.185,Higher,True,Risk Off,False,2.141428571428571,30.7858,33.438399999999994,0.1323104291750047,11.972884088877258,True,True,No setup,Neutral,0,Not applicable,No directional setup; confirmation score not applicable.,Wide CPR,Wide Upside Breakout,Confirmed,Wide CPR + close above CPR + trend aligned + participation confirmed,0,0,0,0
2026-09-11,2026-09-11,CM,NSE,STK,4568,INE446A01025,ATLASCYCLE,EQ,,,,,ATLAS CYCLE (HARYANA) LTD,97.43,99.05,94.65,95.71,96.0,98.07,,95.71,,,26962,2606355.05,453,F1,1,,,,,,Cash Only,Unclassified,False,96.46999999999998,96.85,96.08999999999997,96.85,96.08999999999997,0.7600000000000193,0.7940654059137178,Wide,Bearish,Below CPR,False,False,0.7166666666666667,60,338137.635,Lower,True,Risk Off,False,5.754285714285713,97.6664,98.88119999999999,0.1320754716981166,7.707970897708561,False,False,No setup,Neutral,0,Not applicable,No directional setup; confirmation score not applicable.,Wide CPR,Wide Downside Breakout,Confirmed,Wide CPR + close below CPR + trend aligned + participation confirmed,0,0,0,0
2026-09-11,2026-09-11,CM,NSE,STK,7553,INE349A01021,NRBBEARING,EQ,,,,,NRB BEARING LIMITED,518.3,519.0,498.2,514.65,516.8,515.95,,514.7,,,700202,356287107.5,37558,F1,1,,,,,,Cash Only,Unclassified,False,510.6166666666666,508.6,512.6333333333332,512.6333333333332,508.6,4.033333333333189,0.7837041354965879,Wide,Bullish,Above CPR,False,False,0.5666666666666667,60,151350516.60000002,Overlapping,True,Risk Off,False,18.553571428571423,448.409,409.30979999999994,0.21738851459736155,2.35405280076857,True,True,No setup,Neutral,0,Not applicable,No directional setup; confirmation score not applicable.,Wide CPR,Wide Upside Breakout,Confirmed,Wide CPR + close above CPR + trend aligned + participation confirmed,0,0,0,0
2026-09-11,2026-09-11,CM,NSE,STK,11045,INE170E01023,SATIA,EQ,,,,,SATIA INDUSTRIES LIMITED,68.43,68.43,66.0,68.01,67.7,68.57,,68.01,,,115287,7815861.38,1142,F1,1,,,,,,Cash Only,Unclassified,False,67.48,67.215,67.745,67.745,67.215,0.5300000000000011,0.7792971621820337,Wide,Bullish,Above CPR,False,False,0.75,60,5278910.96,Lower,True,Risk Off,False,2.8349999999999995,60.1276,60.6052,0.18694885361552072,1.4805821578017295,True,True,No setup,Neutral,0,Not applicable,No directional setup; confirmation score not applicable.,Wide CPR,Wide Upside Breakout,Confirmed,Wide CPR + close above CPR + trend aligned + participation confirmed,0,0,0,0
2026-09-11,2026-09-11,CM,NSE,STK,9897,INE645W01026,AIRAN,EQ,,,,,AIRAN LIMITED,16.62,17.36,16.5,17.13,17.35,17.04,,17.12,,,109228,1830243.74,490,F1,1,,,,,,Cash Only,Unclassified,False,16.996666666666666,16.93,17.063333333333333,17.063333333333333,16.93,0.13333333333333286,0.7783615489394797,Wide,Bullish,Above CPR,False,False,0.75,60,654237.02,Lower,True,Risk Off,False,0.8692857142857146,15.38,16.002200000000002,0.15338263489454884,2.7975239615758825,True,True,No setup,Neutral,0,Not applicable,No directional setup; confirmation score not applicable.,Wide CPR,Wide Upside Breakout,Confirmed,Wide CPR + close above CPR + trend aligned + participation confirmed,0,0,0,0
2026-09-11,2026-09-11,CM,NSE,STK,3963,INE077F01035,GOCLCORP,EQ,,,,,GOCL CORPORATION LIMITED,431.0,446.35,426.55,441.55,443.0,432.2,,441.63,,,203952,89152999.6,6631,F1,1,,,,,,Cash Only,Unclassified,False,438.15000000000003,436.45000000000005,439.85,439.85,436.45000000000005,3.3999999999999773,0.7700147208696585,Wide,Bullish,Above CPR,False,False,0.8,60,21314473.525,Higher,True,Risk Off,False,14.478571428571428,407.296,386.49950000000007,0.23482979773063486,4.182744626341879,True,True,No setup,Neutral,0,Not applicable,No directional setup; confirmation score not applicable.,Wide CPR,Wide Upside Breakout,Confirmed,Wide CPR + close above CPR + trend aligned + participation confirmed,0,0,0,0
2026-09-11,2026-09-11,CM,NSE,STK,17598,INE073G01016,ASALCBR,EQ,,,,,ASSO ALCOHOLS & BREW LTD,694.0,694.0,675.0,676.7,677.0,698.25,,676.72,,,47216,32095241.0,3407,F1,1,,,,,,Cash Only,Unclassified,False,681.9,684.5,679.3,684.5,679.3,5.2000000000000455,0.7684350524604766,Wide,Bearish,Below CPR,False,False,0.8,60,20312118.6,Lower,True,Risk Off,False,18.485714285714298,756.136,805.4359999999999,0.28129829984544275,1.5801030720645752,False,False,No setup,Neutral,0,Not applicable,No directional setup; confirmation score not applicable.,Wide CPR,Wide Downside Breakout,Confirmed,Wide CPR + close below CPR + trend aligned + participation confirmed,0,0,0,0
2026-09-11,2026-09-11,CM,NSE,STK,29452,INE943P01029,AGARWALEYE,EQ,,,,,DR AGARWALS HEALTH CARE L,503.0,511.85,493.25,508.4,506.1,508.35,,508.36,,,183331,92294546.45,13029,F1,1,,,,,,Cash Only,Unclassified,False,504.5,502.55,506.45,506.45,502.55,3.8999999999999773,0.7671125098347714,Wide,Bullish,Above CPR,False,False,0.8166666666666667,60,66125236.075,Lower,True,Risk Off,False,13.625000000000004,500.62300000000005,480.35650000000004,0.28623853211009,1.3957537534583389,True,True,No setup,Neutral,0,Not applicable,No directional setup; confirmation score not applicable.,Wide CPR,Wide Upside Breakout,Confirmed,Wide CPR + close above CPR + trend aligned + participation confirmed,0,0,0,0
2026-09-11,2026-09-11,CM,NSE,STK,764573,INE782D01027,ALFREDHE,EQ,,,,,ALFRED HERBERT INDIA L,2830.0,2979.9,2775.5,2845.0,2880.0,2900.0,,2846.65,,,125,352402.1,27,F1,1,,,,,,Cash Only,Unclassified,False,2866.7999999999997,2877.7,2855.8999999999996,2877.7,2855.8999999999996,21.800000000000182,0.7662565905096724,Wide,Bearish,Below CPR,False,False,0.4444444444444444,18,100947.3,Lower,False,Risk Off,False,127.6285714285714,,,0.1708081486456249,3.4909512191014516,False,False,No setup,Neutral,0,Not applicable,No directional setup; confirmation score not applicable.,Wide CPR,Wide Downside Breakout,Confirmed,Wide CPR + close below CPR + trend aligned + participation confirmed,0,0,0,0
2026-09-11,2026-09-11,CM,NSE,STK,760896,INE0OU201013,DCMSIL,EQ,,,,,DCM SHRIRAM INTERNATNL L,73.99,73.99,69.72,71.04,70.4,72.36,,71.04,,,188725,13432381.47,1147,F1,1,,,,,,Cash Only,Unclassified,False,71.58333333333333,71.85499999999999,71.31166666666667,71.85499999999999,71.31166666666667,0.5433333333333223,0.7648273273273118,Wide,Bearish,Below CPR,False,False,0.375,32,8879122.024999999,Lower,True,Risk Off,False,4.182142857142858,,,0.12991744947338194,1.5128051435918861,False,False,No setup,Neutral,0,Not applicable,No directional setup; confirmation score not applicable.,Wide CPR,Wide Downside Breakout,Confirmed,Wide CPR + close below CPR + trend aligned + participation confirmed,0,0,0,0
2026-09-11,2026-09-11,CM,NSE,STK,18760,INE0JR601024,YATRA,EQ,,,,,YATRA ONLINE LIMITED,113.25,116.95,111.25,115.42,115.6,113.98,,115.42,,,1430101,163428994.88,8171,F1,1,,,,,,Cash Only,Unclassified,False,114.54,114.1,114.98000000000002,114.98000000000002,114.1,0.8800000000000239,0.7624328539248171,Wide,Bullish,Above CPR,False,False,0.7333333333333333,60,116956601.81,Overlapping,True,Risk Off,False,4.484285714285713,111.39740000000002,108.0117,0.19624084103218123,1.3973473267075252,True,True,No setup,Neutral,0,Not applicable,No directional setup; confirmation score not applicable.,Wide CPR,Wide Upside Breakout,Confirmed,Wide CPR + close above CPR + trend aligned + participation confirmed,0,0,0,0
2026-09-11,2026-09-11,CM,NSE,STK,14068,INE229C01021,SAGCEM,EQ,,,,,SAGAR CEMENTS LIMITED,149.48,150.34,145.5,146.25,146.0,150.34,,146.25,,,121275,17790430.56,1793,F1,1,,,,,,Cash Only,Unclassified,False,147.36333333333334,147.92000000000002,146.80666666666667,147.92000000000002,146.80666666666667,1.113333333333344,0.7612535612535686,Wide,Bearish,Below CPR,False,False,0.8166666666666667,60,6089827.335,Lower,True,Risk Off,False,5.515714285714286,169.541,174.4037,0.20184753518087042,2.921335791862808,False,False,No setup,Neutral,0,Not applicable,No directional setup; confirmation score not applicable.,Wide CPR,Wide Downside Breakout,Confirmed,Wide CPR + close below CPR + trend aligned + participation confirmed,0,0,0,0
2026-09-11,2026-09-11,CM,NSE,STK,7105,INE011K01018,TEGA,EQ,,,,,TEGA INDUSTRIES LIMITED,1721.0,1742.0,1677.0,1729.1,1728.0,1721.6,,1729.12,,,278676,475785447.7,17457,F1,1,,,,,,Cash Only,Capital Goods,True,1716.0333333333335,1709.5,1722.566666666667,1722.566666666667,1709.5,13.06666666666706,0.7556917857074236,Wide,Bullish,Above CPR,False,False,0.6666666666666666,60,122499312.35,Lower,True,Risk Off,False,66.41428571428571,1627.578,1661.5669999999998,0.1967448196744879,3.883984640996232,True,True,No setup,Neutral,0,Not applicable,No directional setup; confirmation score not applicable.,Wide CPR,Wide Upside Breakout,Confirmed,Wide CPR + close above CPR + trend aligned + participation confirmed,0,0,0,0
2026-09-11,2026-09-11,CM,NSE,STK,23056,INE0MB501011,JGCHEM,EQ,,,,,J.G.CHEMICALS LIMITED,591.85,595.1,575.6,592.05,594.6,595.0,,592.06,,,335069,196469815.9,15104,F1,1,,,,,,Cash Only,Unclassified,False,587.5833333333334,585.35,589.8166666666667,589.8166666666667,585.35,4.466666666666697,0.7544407848436276,Wide,Bullish,Above CPR,False,False,0.5666666666666667,60,113162537.8,Lower,True,Risk Off,False,35.453571428571415,546.19,481.417,0.1259863671468395,1.7361736465051247,True,True,No setup,Neutral,0,Not applicable,No directional setup; confirmation score not applicable.,Wide CPR,Wide Upside Breakout,Confirmed,Wide CPR + close above CPR + trend aligned + participation confirmed,0,0,0,0
2026-09-11,2026-09-11,CM,NSE,STK,11226,INE116D01028,BAGFILMS,EQ,,,,,B.A.G FILMS AND MEDIA LTD,4.53,4.66,4.32,4.44,4.55,4.46,,4.45,,,136648,616519.99,364,F1,1,,,,,,Cash Only,Unclassified,False,4.473333333333334,4.49,4.456666666666667,4.49,4.456666666666667,0.033333333333333215,0.750750750750748,Wide,Bearish,Below CPR,False,False,0.7166666666666667,60,337058.725,Outside,True,Risk Off,False,0.25285714285714284,4.4634,4.7277000000000005,0.13182674199623307,1.8291174334680107,False,False,No setup,Neutral,0,Not applicable,No directional setup; confirmation score not applicable.,Wide CPR,Wide Downside Breakout,Confirmed,Wide CPR + close below CPR + trend aligned + participation confirmed,0,0,0,0
2026-09-11,2026-09-11,CM,NSE,STK,23864,INE108V01019,AWFIS,EQ,,,,,AWFIS SPACE SOLUTIONS LTD,248.5,299.45,244.1,293.2,293.7,249.6,,293.21,,,23945553,6787041214.95,329269,F1,1,,,,,,Cash Only,Unclassified,False,278.9166666666667,271.775,286.0583333333334,286.0583333333334,271.775,14.283333333333417,4.8715325147794735,Wide,Bullish,Above CPR,False,False,1.0,60,58005459.875,Higher,True,Risk Off,False,12.62857142857142,275.401,301.30780000000004,1.1310331825037783,117.0069374430591,True,False,No setup,Neutral,0,Not applicable,No directional setup; confirmation score not applicable.,Wide CPR,Wide Upside Watch,Watch,Wide CPR + close above CPR; trend mixed; participation confirmed,0,0,0,0
2026-09-11,2026-09-11,CM,NSE,STK,764638,INE700F01024,CFEL,EQ,,,,,CONFIDENCE FUTURIST ENE L,42.66,49.41,42.0,49.3,49.41,44.92,,49.29,,,493522,23481156.86,3141,F1,1,,,,,,Cash Only,Unclassified,False,46.90333333333333,45.705,48.10166666666666,48.10166666666666,45.705,2.396666666666661,4.861392832995256,Wide,Bullish,Above CPR,False,False,0.95,20,452642.245,Higher,True,Risk Off,False,3.1457142857142864,,,0.7618831365425351,51.8757520301712,False,False,No setup,Neutral,0,Not applicable,No directional setup; confirmation score not applicable.,Wide CPR,Wide Upside Watch,Watch,Wide CPR + close above CPR; trend opposes; participation confirmed,0,0,0,0
2026-09-11,2026-09-11,CM,NSE,STK,24856,INE0PQ101010,SSDL,EQ,,,,,SARASWATI SAREE DEPOT LTD,71.0,72.7,61.37,62.59,62.25,67.84,,62.58,,,560099,37722498.24,8166,F1,1,,,,,,Cash Only,Unclassified,False,65.55333333333333,67.035,64.07166666666666,67.035,64.07166666666666,2.9633333333333383,4.734515630824953,Wide,Bearish,Below CPR,False,False,0.9833333333333333,60,1037712.395,Overlapping,True,Risk Off,False,3.2328571428571444,56.520999999999994,58.034,0.916629842392106,36.35159262022692,True,True,No setup,Neutral,0,Not applicable,No directional setup; confirmation score not applicable.,Wide CPR,Wide Downside Watch,Watch,Wide CPR + close below CPR; trend opposes; participation confirmed,0,0,0,0
2026-09-11,2026-09-11,CM,NSE,STK,19097,INE203Y01012,CRESTO,EQ,,,,,CRESTO TECHNO LIMITED,16.1,17.25,14.35,16.91,17.11,16.01,,16.91,,,52808,841008.58,241,F1,1,,,,,,Cash Only,Unclassified,False,16.17,15.8,16.540000000000003,16.540000000000003,15.8,0.740000000000002,4.37610881135424,Wide,Bullish,Above CPR,False,False,1.0,2,903812.365,Outside,False,Risk Off,False,,,,,0.9305123635921931,False,False,No setup,Neutral,0,Not applicable,No directional setup; confirmation score not applicable.,Wide CPR,Wide Upside Watch,Watch,Wide CPR + close above CPR; trend opposes; participation light,0,0,0,0
2026-09-11,2026-09-11,CM,NSE,STK,759381,INE296Q01012,MONEYBOXX,EQ,,,,,MONEYBOXX FINANCE LIMITED,36.0,40.86,36.0,40.86,40.86,37.15,,40.87,,,182568,7381217.33,1114,F1,1,,,,,,Cash Only,Unclassified,False,39.24,38.43,40.050000000000004,40.050000000000004,38.43,1.6200000000000045,3.9647577092511126,Wide,Bullish,Above CPR,False,False,0.95,60,872423.8,Higher,True,Risk Off,False,4.699285714285714,57.7382,64.3545,0.3447332421340639,8.460586850106564,False,False,No setup,Neutral,0,Not applicable,No directional setup; confirmation score not applicable.,Wide CPR,Wide Upside Watch,Watch,Wide CPR + close above CPR; trend opposes; participation confirmed,0,0,-2,-2
2026-09-11,2026-09-11,CM,NSE,STK,764803,INE839E01023,ODYCORP,EQ,,,,,ODYSSEY CORPORATION LTD.,7.4,7.4,6.11,7.18,7.2,7.03,,7.18,,,121012,830266.06,200,F1,1,,,,,,Cash Only,Unclassified,False,6.896666666666667,6.755000000000001,7.038333333333334,7.038333333333334,6.755000000000001,0.2833333333333332,3.9461467038068694,Wide,Bullish,Above CPR,False,False,1.0,20,363559.565,Lower,True,Risk Off,False,0.9128571428571429,,,0.31038080333854967,2.2837139768279786,False,False,No setup,Neutral,0,Not applicable,No directional setup; confirmation score not applicable.,Wide CPR,Wide Upside Watch,Watch,Wide CPR + close above CPR; trend opposes; participation confirmed,0,0,0,0
2026-09-11,2026-09-11,CM,NSE,STK,765170,INE205F01016,STLSTRINF,EQ,,,,,STEEL STRIPS INFRA L,19.19,21.2,18.7,21.2,21.2,17.67,,22.65,,,12925,263661.18,40,F1,1,,,,,,Cash Only,Unclassified,False,20.366666666666664,19.95,20.783333333333328,20.783333333333328,19.95,0.8333333333333286,3.9308176100628707,Wide,Bullish,Above CPR,False,False,0.9444444444444444,18,36139.380000000005,Higher,False,Risk Off,False,2.527142857142857,,,0.329753156208779,7.295675244013593,False,False,No setup,Neutral,0,Not applicable,No directional setup; confirmation score not applicable.,Wide CPR,Wide Upside Watch,Watch,Wide CPR + close above CPR; trend opposes; participation confirmed,0,0,0,0
2026-09-11,2026-09-11,CM,NSE,STK,764553,INE01NH01023,DHOOTTRANS,EQ,,,,,DHOOT TRANSMISSION LTD,1552.0,1728.7,1531.5,1728.7,1728.7,1571.6,,1728.7,,,5862704,9696038519.5,244227,F1,1,,,,,,Cash Only,Unclassified,False,1662.9666666666665,1630.1,1695.833333333333,1695.833333333333,1630.1,65.73333333333312,3.8024719924413213,Wide,Bullish,Above CPR,False,False,1.0,20,6561492840.05,Higher,True,Risk Off,False,106.12500000000001,,,0.6193953670985453,1.4777183723065852,False,False,No setup,Neutral,0,Not applicable,No directional setup; confirmation score not applicable.,Wide CPR,Wide Upside Watch,Watch,Wide CPR + close above CPR; trend opposes; participation confirmed,0,0,0,0
2026-09-11,2026-09-11,CM,NSE,STK,3509,INE148A01019,TNPETRO,EQ,,,,,TAMILNADU PETROPRODUCTS L,133.0,146.0,126.41,128.9,129.0,133.14,,128.9,,,5650401,765478414.58,72280,F1,1,,,,,,Cash Only,Unclassified,False,133.76999999999998,136.20499999999998,131.33499999999998,136.20499999999998,131.33499999999998,4.8700000000000045,3.7781225756400345,Wide,Bearish,Below CPR,False,False,0.9833333333333333,60,20909456.215,Outside,True,Risk Off,False,8.821428571428573,107.9682,99.07260000000001,0.5520647773279357,36.609197614181,True,True,No setup,Neutral,0,Not applicable,No directional setup; confirmation score not applicable.,Wide CPR,Wide Downside Watch,Watch,Wide CPR + close below CPR; trend opposes; participation confirmed,0,0,0,0
2026-09-11,2026-09-11,CM,NSE,STK,25786,INE879E01037,KANANIIND,EQ,,,,,KANANI INDUSTRIES LTD,1.51,1.54,1.31,1.5,1.5,1.51,,1.5,,,251370,372291.67,265,F1,1,,,,,,Cash Only,Unclassified,False,1.45,1.425,1.4749999999999999,1.4749999999999999,1.425,0.04999999999999982,3.3333333333333215,Wide,Bullish,Above CPR,False,False,0.95,60,164691.27500000002,Lower,True,Risk Off,False,0.07857142857142863,1.5068000000000001,1.5428,0.6363636363636337,2.2605427640292417,False,False,No setup,Neutral,0,Not applicable,No directional setup; confirmation score not applicable.,Wide CPR,Wide Upside Watch,Watch,Wide CPR + close above CPR; trend opposes; participation confirmed,0,0,0,0
2026-09-11,2026-09-11,CM,NSE,STK,31837,INE099F01013,SREEL,EQ,,,,,SREELEATHERS LIMITED,365.0,365.8,333.27,333.27,333.27,370.3,,333.27,,,129115,43732334.22,3136,F1,1,,,,,,Cash Only,Unclassified,False,344.1133333333333,349.53499999999997,338.6916666666666,349.53499999999997,338.6916666666666,10.843333333333362,3.253618187455625,Wide,Bearish,Below CPR,False,False,0.9833333333333333,60,2761475.795,Lower,True,Risk Off,False,21.80785714285715,239.60519999999997,217.29309999999998,0.4972214033823557,15.836580678774336,True,True,No setup,Neutral,0,Not applicable,No directional setup; confirmation score not applicable.,Wide CPR,Wide Downside Watch,Watch,Wide CPR + close below CPR; trend opposes; participation confirmed,0,0,0,0
2026-09-11,2026-09-11,CM,NSE,STK,764945,INE692C01020,TANAA,EQ,,,,,TANEJA AEROSPACE & AVIA L,246.55,269.85,238.0,266.95,268.65,251.5,,266.7,,,50644,13008521.2,2652,F1,1,,,,,,Cash Only,Unclassified,False,258.26666666666665,253.925,262.6083333333333,262.6083333333333,253.925,8.68333333333328,3.2527939064743516,Wide,Bullish,Above CPR,False,False,1.0,20,2615167.175,Outside,True,Risk Off,False,13.153571428571423,,,0.6601502398407058,4.974259896023664,False,False,No setup,Neutral,0,Not applicable,No directional setup; confirmation score not applicable.,Wide CPR,Wide Upside Watch,Watch,Wide CPR + close above CPR; trend opposes; participation confirmed,0,0,0,0
2026-09-11,2026-09-11,CM,NSE,STK,13875,INE742C01031,JINDRILL,EQ,,,,,JINDAL DRILLING IND. LTD,666.65,697.0,630.25,633.25,637.7,654.2,,633.25,,,2159907,1438947506.45,72051,F1,1,,,,,,Cash Only,Unclassified,False,653.5,663.625,643.375,663.625,643.375,20.25,3.197789182787209,Wide,Bearish,Below CPR,False,False,1.0,60,113674609.375,Overlapping,True,Risk Off,False,30.285714285714285,615.48,599.9865,0.6686320754716981,12.65847768786318,True,True,No setup,Neutral,0,Not applicable,No directional setup; confirmation score not applicable.,Wide CPR,Wide Downside Watch,Watch,Wide CPR + close below CPR; trend opposes; participation confirmed,0,0,0,0
2026-09-11,2026-09-11,CM,NSE,STK,21794,INE179G01029,DAVANGERE,EQ,,,,,DAVANGERE SUGAR COMPANY L,1.95,2.1,1.9,2.1,2.1,1.91,,2.1,,,36081250,74872339.65,6028,F1,1,,,,,,Cash Only,Unclassified,False,2.033333333333333,2.0,2.0666666666666664,2.0666666666666664,2.0,0.06666666666666643,3.1746031746031633,Wide,Bullish,Above CPR,False,False,0.95,60,21492874.165,Higher,True,Risk Off,False,0.19071428571428567,2.9354,3.3317999999999994,0.34956304619225853,3.4835889828046183,False,False,No setup,Neutral,0,Not applicable,No directional setup; confirmation score not applicable.,Wide CPR,Wide Upside Watch,Watch,Wide CPR + close above CPR; trend opposes; participation confirmed,0,0,0,0
2026-09-11,2026-09-11,CM,NSE,STK,14687,INE426D01013,GOACARBON,EQ,,,,,GOA CARBON LIMITED,434.7,457.0,408.95,413.4,412.15,440.25,,413.37,,,164355,71274299.65,6001,F1,1,,,,,,Cash Only,Unclassified,False,426.45,432.975,419.92499999999995,432.975,419.92499999999995,13.050000000000068,3.1567489114659093,Wide,Bearish,Below CPR,False,False,0.9833333333333333,60,3566920.175,Lower,True,Risk Off,False,21.296428571428578,378.55,386.05199999999996,0.6127788026161358,19.982028235324893,True,True,No setup,Neutral,0,Not applicable,No directional setup; confirmation score not applicable.,Wide CPR,Wide Downside Watch,Watch,Wide CPR + close below CPR; trend opposes; participation confirmed,0,0,0,0
2026-09-11,2026-09-11,CM,NSE,STK,14942,INE245I01016,NAGREEKCAP,EQ,,,,,NAGREEKA CAP & INFR.LTD,22.98,25.15,22.31,24.9,25.15,22.87,,25.37,,,17663,438463.32,110,F1,1,,,,,,Cash Only,Unclassified,False,24.119999999999994,23.729999999999997,24.50999999999999,24.50999999999999,23.729999999999997,0.779999999999994,3.1325301204819036,Wide,Bullish,Above CPR,False,False,0.9333333333333333,60,116096.15,Higher,True,Risk Off,False,1.4978571428571423,24.3748,25.0667,0.520743919885547,3.776725757055682,True,False,No setup,Neutral,0,Not applicable,No directional setup; confirmation score not applicable.,Wide CPR,Wide Upside Watch,Watch,Wide CPR + close above CPR; trend mixed; participation confirmed,0,0,0,0
2026-09-11,2026-09-11,CM,NSE,STK,765553,INE0DRI01029,ESDS,EQ,,,,,ESDS SOFTWARE SOLUTION L,1600.0,1740.4,1582.7,1740.4,1740.4,1582.2,,1740.3,,,7498763,12742844889.4,242181,F1,1,,,,,,Cash Only,Unclassified,False,1687.8333333333333,1661.5500000000002,1714.1166666666663,1714.1166666666663,1661.5500000000002,52.56666666666615,3.02037845705965,Wide,Bullish,Above CPR,False,False,0.5,6,12929359899.825,Higher,False,Risk Off,False,,,,,0.9855743043839683,False,False,No setup,Neutral,0,Not applicable,No directional setup; confirmation score not applicable.,Wide CPR,Wide Upside Watch,Watch,Wide CPR + close above CPR; trend opposes; participation light,0,0,0,0
2026-09-11,2026-09-11,CM,NSE,STK,764890,INE011D01013,SHERVANI,EQ,,,,,SHERVANI INDUSTRIAL SYN L,326.0,360.0,309.0,348.85,344.3,311.0,,348.95,,,3811,1324514.25,317,F1,1,,,,,,Cash Only,Unclassified,False,339.28333333333336,334.5,344.0666666666667,344.0666666666667,334.5,9.56666666666672,2.742343891835092,Wide,Bullish,Above CPR,False,False,0.7894736842105263,19,67494.55,Higher,False,Risk Off,False,23.571428571428562,,,0.40585858585858825,19.62401779106609,False,False,No setup,Neutral,0,Not applicable,No directional setup; confirmation score not applicable.,Wide CPR,Wide Upside Watch,Watch,Wide CPR + close above CPR; trend opposes; participation confirmed,0,0,0,0
2026-09-11,2026-09-11,CM,NSE,STK,765015,INE178T01024,ADVIKCA,EQ,,,,,ADVIK CAPITAL LTD.,1.05,1.05,0.91,1.02,1.03,1.04,,1.02,,,603812,607283.35,406,F1,1,,,,,,Cash Only,Unclassified,False,0.9933333333333333,0.98,1.0066666666666666,1.0066666666666666,0.98,0.026666666666666616,2.614379084967315,Wide,Bullish,Above CPR,False,False,1.0,20,326288.055,Lower,True,Risk Off,False,0.061428571428571395,,,0.4341085271317824,1.8611878084228366,False,False,No setup,Neutral,0,Not applicable,No directional setup; confirmation score not applicable.,Wide CPR,Wide Upside Watch,Watch,Wide CPR + close above CPR; trend opposes; participation confirmed,0,0,0,0
2026-09-11,2026-09-11,CM,NSE,STK,765977,INE0JHH01011,DOLLEX,EQ,,,,,DOLLEX AGROTECH LIMITED,35.0,38.95,35.0,38.45,38.65,39.05,,38.44,,,215183,8065864.9,1165,F1,1,,,,,,Cash Only,Unclassified,False,37.46666666666667,36.975,37.958333333333336,37.958333333333336,36.975,0.9833333333333343,2.5574338968357195,Wide,Bullish,Above CPR,False,False,1.0,1,8065864.9,Unknown,False,Risk Off,False,,,,,1.0,False,False,No setup,Neutral,0,Not applicable,No directional setup; confirmation score not applicable.,Wide CPR,Wide Upside Watch,Watch,Wide CPR + close above CPR; trend opposes; participation confirmed,0,0,0,0
2026-09-11,2026-09-11,CM,NSE,STK,18012,INE03HW01020,VLEGOV,EQ,,,,,VL E GOV AND IT SOL LTD,10.01,10.3,9.4,10.24,10.25,9.87,,10.24,,,148242,1494884.27,617,F1,1,,,,,,Cash Only,Unclassified,False,9.980000000000002,9.850000000000001,10.110000000000003,10.110000000000003,9.850000000000001,0.26000000000000156,2.539062500000015,Wide,Bullish,Above CPR,False,False,0.7333333333333333,60,8815409.42,Overlapping,True,Risk Off,False,1.187142857142857,12.7852,16.0104,0.21901323706377993,0.1695762724994343,False,False,No setup,Neutral,0,Not applicable,No directional setup; confirmation score not applicable.,Wide CPR,Wide Upside Watch,Watch,Wide CPR + close above CPR; trend opposes; participation light,0,0,0,0
2026-09-11,2026-09-11,CM,NSE,STK,758448,INE0GV601021,ALLTIME,EQ,,,,,ALL TIME PLASTICS LIMITED,209.9,225.76,200.0,221.15,221.1,210.16,,221.14,,,431750,92260979.13,8753,F1,1,,,,,,Cash Only,Unclassified,False,215.63666666666666,212.88,218.39333333333332,218.39333333333332,212.88,5.513333333333321,2.493028864270098,Wide,Bullish,Above CPR,False,False,1.0,60,12776385.095,Higher,True,Risk Off,False,9.674999999999997,220.69420000000002,229.86849999999998,0.5698535745047362,7.221211512018845,True,False,No setup,Neutral,0,Not applicable,No directional setup; confirmation score not applicable.,Wide CPR,Wide Upside Watch,Watch,Wide CPR + close above CPR; trend mixed; participation confirmed,0,0,0,0
2026-09-11,2026-09-11,CM,NSE,STK,20413,INE485C01029,IOLCP,EQ,,,,,IOL CHEM AND PHARMA LTD,210.51,210.95,192.0,194.31,195.0,211.43,,194.24,,,5129124,1026136517.89,52560,F1,1,,,,,,Cash Only,Unclassified,False,199.08666666666667,201.475,196.69833333333335,201.475,196.69833333333335,4.776666666666642,2.4582711474791017,Wide,Bearish,Below CPR,False,False,0.9833333333333333,60,601481476.355,Lower,True,Risk Off,False,11.461428571428572,169.54840000000002,144.48329999999999,0.4167601479080954,1.706015161278823,True,True,No setup,Neutral,0,Not applicable,No directional setup; confirmation score not applicable.,Wide CPR,Wide Downside Watch,Watch,Wide CPR + close below CPR; trend opposes; participation confirmed,0,0,0,0
2026-09-11,2026-09-11,CM,NSE,STK,2979,INE749B01020,ORTINGLOBE,EQ,,,,,ORTIN GLOBAL LIMITED,16.7,17.11,15.81,17.09,17.11,16.3,,17.09,,,30391,509034.88,100,F1,1,,,,,,Cash Only,Unclassified,False,16.67,16.46,16.880000000000003,16.880000000000003,16.46,0.4200000000000017,2.457577530719729,Wide,Bullish,Above CPR,False,False,0.9152542372881356,59,153252.74,Higher,True,Risk Off,False,0.8542857142857141,15.2182,,0.4916387959866242,3.3215385251839544,True,False,No setup,Neutral,0,Not applicable,No directional setup; confirmation score not applicable.,Wide CPR,Wide Upside Watch,Watch,Wide CPR + close above CPR; trend mixed; participation confirmed,0,0,0,0
2026-09-11,2026-09-11,CM,NSE,STK,764875,INE327G01032,SAYAJIIND,EQ,,,,,SAYAJI INDUSTRIES LTD.,110.3,118.9,110.3,118.9,118.9,115.99,,110.75,,,214,24122.47,8,F1,1,,,,,,Cash Only,Unclassified,False,116.03333333333335,114.6,117.4666666666667,117.4666666666667,114.6,2.8666666666667027,2.4109896271376807,Wide,Bullish,Above CPR,False,False,0.95,20,67401.295,Outside,True,Risk Off,False,3.8242857142857156,,,0.7495953181422081,0.35789327193194137,False,False,No setup,Neutral,0,Not applicable,No directional setup; confirmation score not applicable.,Wide CPR,Wide Upside Watch,Watch,Wide CPR + close above CPR; trend opposes; participation light,0,0,0,0
2026-09-11,2026-09-11,CM,NSE,STK,14838,INE583C01021,DECCANCE,EQ,,,,,DECCAN CEMENTS LIMITED,566.8,625.75,563.0,573.7,572.95,571.75,,573.7,,,161187,95834535.4,7822,F1,1,,,,,,Cash Only,Unclassified,False,587.4833333333333,594.375,580.5916666666667,594.375,580.5916666666667,13.783333333333303,2.402533263610476,Wide,Bearish,Below CPR,False,False,1.0,60,8942254.675,Higher,True,Risk Off,False,18.157142857142844,564.095,587.1915,0.7591135588775232,10.717043842189609,True,False,No setup,Neutral,0,Not applicable,No directional setup; confirmation score not applicable.,Wide CPR,Wide Downside Watch,Watch,Wide CPR + close below CPR; trend mixed; participation confirmed,0,0,0,0
2026-09-11,2026-09-11,CM,NSE,STK,764828,INE798F01010,PANCHMAHQ,EQ,,,,,PANCHMAHAL STEEL LTD.,280.0,300.0,280.0,280.0,280.0,290.0,,289.5,,,4,1160.0,4,F1,1,,,,,,Cash Only,Unclassified,False,286.6666666666667,290.0,283.33333333333337,290.0,283.33333333333337,6.666666666666629,2.380952380952367,Wide,Bearish,Below CPR,False,False,0.8571428571428571,14,50152.225,Outside,False,Risk Off,False,,,,,0.023129581987638634,False,False,No setup,Neutral,0,Not applicable,No directional setup; confirmation score not applicable.,Wide CPR,Wide Downside Watch,Watch,Wide CPR + close below CPR; trend aligned; participation light,0,0,0,0
2026-09-11,2026-09-11,CM,NSE,STK,764608,INE759F01012,AUSTENG,EQ,,,,,AUSTIN ENGINEERING CO. L,127.04,137.0,124.2,135.29,134.9,127.04,,134.97,,,6029,809131.85,289,F1,1,,,,,,Cash Only,Unclassified,False,132.16333333333333,130.6,133.72666666666666,133.72666666666666,130.6,3.126666666666665,2.311084830118017,Wide,Bullish,Above CPR,False,False,0.9,20,147148.20500000002,Higher,True,Risk Off,False,7.986428571428574,,,0.3914974808454816,5.498754470025644,False,False,No setup,Neutral,0,Not applicable,No directional setup; confirmation score not applicable.,Wide CPR,Wide Upside Watch,Watch,Wide CPR + close above CPR; trend opposes; participation confirmed,0,0,0,0
2026-09-11,2026-09-11,CM,NSE,STK,14537,INE836F01026,DISHTV,EQ,,,,,DISH TV INDIA LTD.,2.38,2.5,2.33,2.5,2.5,2.39,,2.51,,,1281496,3123683.84,1145,F1,1,,,,,,Cash Only,Unclassified,False,2.4433333333333334,2.415,2.4716666666666667,2.4716666666666667,2.415,0.05666666666666664,2.2666666666666657,Wide,Bullish,Above CPR,False,False,0.8833333333333333,60,9716482.71,Overlapping,True,Risk Off,False,0.08714285714285709,2.7066000000000003,3.0537,0.650273224043716,0.321482982394974,False,False,No setup,Neutral,0,Not applicable,No directional setup; confirmation score not applicable.,Wide CPR,Wide Upside Watch,Watch,Wide CPR + close above CPR; trend opposes; participation light,0,0,-2,-2
2026-09-11,2026-09-11,CM,NSE,STK,759987,INE1SPP01016,KSR,EQ,,,,,KSR FOOTWEAR LIMITED,42.5,42.9,39.05,42.4,42.6,40.93,,42.37,,,124716,5146977.35,875,F1,1,,,,,,Cash Only,Unclassified,False,41.449999999999996,40.974999999999994,41.925,41.925,40.974999999999994,0.9500000000000028,2.240566037735856,Wide,Bullish,Above CPR,False,False,0.8,60,361392.07999999996,Higher,True,Risk Off,False,2.4442857142857144,30.3442,,0.3886616014026896,14.242086738591505,True,False,No setup,Neutral,0,Not applicable,No directional setup; confirmation score not applicable.,Wide CPR,Wide Upside Watch,Watch,Wide CPR + close above CPR; trend mixed; participation confirmed,0,0,0,0
2026-09-11,2026-09-11,CM,NSE,STK,25178,INE419M01035,TDPOWERSYS,EQ,,,,,TD POWER SYSTEMS LTD.,760.0,812.8,743.05,804.9,802.75,762.75,,804.9,,,4284956,3373047840.7,153276,F1,1,,,,,,Cash Only,Unclassified,False,786.9166666666666,777.925,795.9083333333333,795.9083333333333,777.925,17.98333333333335,2.2342319956930488,Wide,Bullish,Above CPR,False,False,0.95,60,1157797385.6,Higher,True,Risk Off,False,36.65714285714285,1087.737,1154.878,0.4905819693426869,2.9133317130026177,False,False,No setup,Neutral,0,Not applicable,No directional setup; confirmation score not applicable.,Wide CPR,Wide Upside Watch,Watch,Wide CPR + close above CPR; trend opposes; participation confirmed,0,0,0,0
2026-09-11,2026-09-11,CM,NSE,STK,6858,INE506Z01015,DHRUV,EQ,,,,,DHRUV CONSULTANCY SER LTD,23.48,23.48,21.66,21.84,21.85,22.79,,21.84,,,16609,364127.98,127,F1,1,,,,,,Cash Only,Unclassified,False,22.326666666666668,22.57,22.083333333333336,22.57,22.083333333333336,0.4866666666666646,2.2283272283272186,Wide,Bearish,Below CPR,False,False,0.8333333333333334,60,370787.41500000004,Lower,True,Risk Off,False,1.1507142857142856,29.1008,30.928500000000003,0.42292571901510273,0.9820397491106864,False,False,No setup,Neutral,0,Not applicable,No directional setup; confirmation score not applicable.,Wide CPR,Wide Downside Watch,Watch,Wide CPR + close below CPR; trend aligned; participation light,0,0,0,0
2026-09-11,2026-09-11,CM,NSE,STK,3435,INE676A01027,BBOX,EQ,,,,,BLACK BOX LIMITED,741.0,808.4,740.0,800.8,805.1,744.85,,800.8,,,1663788,1311138481.35,69814,F1,1,,,,,,Cash Only,Unclassified,False,783.0666666666666,774.2,791.9333333333332,791.9333333333332,774.2,17.73333333333312,2.214452214452188,Wide,Bullish,Above CPR,False,False,0.9833333333333333,60,232366892.325,Higher,True,Risk Off,False,30.042857142857162,790.155,842.2814999999999,0.5902678712949679,5.642535682390484,True,False,No setup,Neutral,0,Not applicable,No directional setup; confirmation score not applicable.,Wide CPR,Wide Upside Watch,Watch,Wide CPR + close above CPR; trend mixed; participation confirmed,0,0,0,0
2026-09-11,2026-09-11,CM,NSE,STK,764738,INE344D01018,KAMANWALA,EQ,,,,,KAMANWALA HOUSING CONST L,17.5,17.5,16.27,17.46,17.47,17.02,,17.42,,,2767,48139.29,31,F1,1,,,,,,Cash Only,Unclassified,False,17.076666666666664,16.884999999999998,17.26833333333333,17.26833333333333,16.884999999999998,0.38333333333333286,2.195494463535698,Wide,Bullish,Above CPR,False,False,0.8,20,91361.73000000001,Higher,True,Risk Off,False,0.9099999999999999,,,0.42124542124542075,0.526908695796369,False,False,No setup,Neutral,0,Not applicable,No directional setup; confirmation score not applicable.,Wide CPR,Wide Upside Watch,Watch,Wide CPR + close above CPR; trend opposes; participation light,0,0,0,0
2026-09-11,2026-09-11,CM,NSE,STK,14562,INE318D01020,ZENITHSTL,EQ,,,,,ZENITH STEEL PIP IND LTD,6.13,6.35,5.73,5.85,5.84,5.99,,5.85,,,88082,516547.01,310,F1,1,,,,,,Cash Only,Unclassified,False,5.976666666666667,6.04,5.913333333333333,6.04,5.913333333333333,0.12666666666666693,2.16524216524217,Wide,Bearish,Below CPR,False,False,1.0,60,336568.21,Outside,True,Risk Off,False,0.39142857142857146,5.563000000000001,5.7884,0.3236009732360104,1.5347468793918475,True,True,No setup,Neutral,0,Not applicable,No directional setup; confirmation score not applicable.,Wide CPR,Wide Downside Watch,Watch,Wide CPR + close below CPR; trend opposes; participation confirmed,0,0,0,0
2026-09-11,2026-09-11,CM,NSE,STK,757801,INE05J901018,IGCL,EQ,,,,,INDOGULF CROPSCIENCES LTD,71.15,72.38,67.16,67.61,67.89,72.4,,67.66,,,265110,18662658.3,2616,F1,1,,,,,,Cash Only,Unclassified,False,69.05,69.77,68.33,69.77,68.33,1.4399999999999977,2.1298624463836675,Wide,Bearish,Below CPR,False,False,0.9666666666666667,60,8105036.24,Lower,True,Risk Off,False,2.135714285714287,72.62400000000001,67.3748,0.6742474916387945,2.302600228719027,False,True,No setup,Neutral,0,Not applicable,No directional setup; confirmation score not applicable.,Wide CPR,Wide Downside Watch,Watch,Wide CPR + close below CPR; trend mixed; participation confirmed,0,0,0,0
2026-09-11,2026-09-11,CM,NSE,STK,764855,INE005C01017,RTSPOWR,EQ,,,,,R T S POWER CORPN. LTD.,88.51,89.99,80.3,87.94,87.9,88.07,,87.96,,,2567,227430.57,50,F1,1,,,,,,Cash Only,Unclassified,False,86.07666666666667,85.145,87.00833333333334,87.00833333333334,85.145,1.863333333333344,2.1188689257827424,Wide,Bullish,Above CPR,False,False,0.85,20,137168.47,Lower,True,Risk Off,False,5.925000000000002,,,0.31448663853727316,1.658038250335518,False,False,No setup,Neutral,0,Not applicable,No directional setup; confirmation score not applicable.,Wide CPR,Wide Upside Watch,Watch,Wide CPR + close above CPR; trend opposes; participation confirmed,0,0,0,0
2026-09-11,2026-09-11,CM,NSE,STK,3147,INE843L01012,SIEL,EQ,,,,,SUPERIOR INDUSTRIAL ENT L,29.35,30.0,28.1,30.0,30.0,29.35,,30.0,,,169,4781.8,8,F1,1,,,,,,Cash Only,Unclassified,False,29.366666666666664,29.05,29.683333333333326,29.683333333333326,29.05,0.6333333333333258,2.111111111111086,Wide,Bullish,Above CPR,False,False,0.75,20,62082.619999999995,Outside,True,Risk Off,False,1.7514285714285716,,,0.36160957041870145,0.07702316687021264,False,False,No setup,Neutral,0,Not applicable,No directional setup; confirmation score not applicable.,Wide CPR,Wide Upside Watch,Watch,Wide CPR + close above CPR; trend opposes; participation light,0,0,0,0
2026-09-11,2026-09-11,CM,NSE,STK,2595,INE105C01023,3PLAND,EQ,,,,,3P LAND HOLDINGS LIMITED,32.0,32.0,28.51,31.24,31.49,32.0,,31.27,,,18145,561212.28,385,F1,1,,,,,,Cash Only,Unclassified,False,30.583333333333332,30.255000000000003,30.91166666666666,30.91166666666666,30.255000000000003,0.6566666666666592,2.102005975245388,Wide,Bullish,Above CPR,False,False,0.9833333333333333,60,76906.395,Lower,True,Risk Off,False,1.214285714285714,32.052400000000006,32.4958,0.5407843137254842,7.297342178111456,False,False,No setup,Neutral,0,Not applicable,No directional setup; confirmation score not applicable.,Wide CPR,Wide Upside Watch,Watch,Wide CPR + close above CPR; trend opposes; participation confirmed,0,0,0,0
2026-09-11,2026-09-11,CM,NSE,STK,11841,INE717A01029,KENNAMET,EQ,,,,,KENNAMETAL INDIA LIMITED,5000.0,5000.0,4660.0,4682.4,4680.0,5027.9,,4682.35,,,70326,335035811.1,13405,F1,1,,,,,,Cash Only,Unclassified,False,4780.8,4830.0,4731.6,4830.0,4731.6,98.39999999999964,2.10148641722193,Wide,Bearish,Below CPR,False,False,0.9666666666666667,60,62616887.95,Lower,True,Risk Off,False,267.2357142857142,3518.402,3201.757,0.36821425707641603,5.35056630996303,True,True,No setup,Neutral,0,Not applicable,No directional setup; confirmation score not applicable.,Wide CPR,Wide Downside Watch,Watch,Wide CPR + close below CPR; trend opposes; participation confirmed,0,0,0,0
2026-09-11,2026-09-11,CM,NSE,STK,765055,INE00IY01012,DEEP,EQ,,,,,DEEP POLYMERS LTD.,41.38,49.17,40.11,46.08,45.51,40.98,,46.08,,,446458,20646549.82,3575,F1,1,,,,,,Cash Only,Unclassified,False,45.120000000000005,44.64,45.60000000000001,45.60000000000001,44.64,0.960000000000008,2.0833333333333504,Wide,Bullish,Above CPR,False,False,1.0,20,354102.905,Higher,True,Risk Off,False,2.7535714285714286,,,0.3486381322957227,58.306637783725606,False,False,No setup,Neutral,0,Not applicable,No directional setup; confirmation score not applicable.,Wide CPR,Wide Upside Watch,Watch,Wide CPR + close above CPR; trend opposes; participation confirmed,0,0,0,0
2026-09-11,2026-09-11,CM,NSE,STK,14403,INE952H01027,RAJTV,EQ,,,,,RAJ TV NETWORK LTD,8.15,8.21,7.7,8.21,8.21,7.82,,8.21,,,54141,443898.27,94,F1,1,,,,,,Cash Only,Unclassified,False,8.040000000000001,7.955,8.125000000000002,8.125000000000002,7.955,0.1700000000000017,2.070645554202213,Wide,Bullish,Above CPR,False,False,0.8666666666666667,60,367490.27,Overlapping,True,Risk Off,False,0.5657142857142858,10.593399999999999,14.133099999999999,0.30050505050505344,1.2079184300580257,False,False,No setup,Neutral,0,Not applicable,No directional setup; confirmation score not applicable.,Wide CPR,Wide Upside Watch,Watch,Wide CPR + close above CPR; trend opposes; participation confirmed,0,0,0,0
2026-09-11,2026-09-11,CM,NSE,STK,2056,INE481N01025,HOMEFIRST,EQ,,,,,HOME FIRST FIN CO IND LTD,1195.0,1195.0,1100.6,1184.5,1185.0,1209.4,,1184.5,,,435329,514522580.4,21786,F1,1,,,,,,Cash Only,Financial Services,True,1160.0333333333333,1147.8,1172.2666666666667,1172.2666666666667,1147.8,24.466666666666697,2.0655691571689907,Wide,Bullish,Above CPR,False,False,1.0,60,175508707.25,Lower,True,Risk Off,False,35.999999999999986,1200.126,1162.174,0.6796296296296307,2.9316071462317717,False,True,No setup,Neutral,0,Not applicable,No directional setup; confirmation score not applicable.,Wide CPR,Wide Upside Watch,Watch,Wide CPR + close above CPR; trend mixed; participation confirmed,0,0,0,0
2026-09-11,2026-09-11,CM,NSE,STK,15840,INE262Z01023,LATTEYS,EQ,,,,,LATTEYS INDUSTRIES LTD,21.53,21.83,20.42,21.8,21.75,21.53,,21.8,,,24026,509727.04,160,F1,1,,,,,,Cash Only,Unclassified,False,21.349999999999998,21.125,21.574999999999996,21.574999999999996,21.125,0.44999999999999574,2.064220183486219,Wide,Bullish,Above CPR,False,False,0.8833333333333333,60,1044837.53,Overlapping,True,Risk Off,False,1.2149999999999999,21.767400000000002,22.061500000000002,0.3703703703703669,0.48785292006116965,True,False,No setup,Neutral,0,Not applicable,No directional setup; confirmation score not applicable.,Wide CPR,Wide Upside Watch,Watch,Wide CPR + close above CPR; trend mixed; participation light,0,0,0,0
2026-09-11,2026-09-11,CM,NSE,STK,765025,INE822B01017,ASIANTNE,EQ,,,,,ASIAN TEA & EXPORTS LTD.,9.46,9.85,9.22,9.25,9.25,9.23,,9.29,,,1124,10610.66,33,F1,1,,,,,,Cash Only,Unclassified,False,9.44,9.535,9.344999999999999,9.535,9.344999999999999,0.19000000000000128,2.0540540540540677,Wide,Bearish,Below CPR,False,False,0.8,20,52122.035,Overlapping,True,Risk Off,False,0.7957142857142856,,,0.2387791741472189,0.20357340230480256,False,False,No setup,Neutral,0,Not applicable,No directional setup; confirmation score not applicable.,Wide CPR,Wide Downside Watch,Watch,Wide CPR + close below CPR; trend aligned; participation light,0,0,0,0
2026-09-11,2026-09-11,CM,NSE,STK,761330,INE757T01025,AEPL,EQ,,,,,ARTEMIS ELECTRICALS & P L,18.48,18.48,17.0,17.21,17.5,17.56,,17.28,,,27690,487589.11,313,F1,1,,,,,,Cash Only,Unclassified,False,17.563333333333336,17.740000000000002,17.38666666666667,17.740000000000002,17.38666666666667,0.3533333333333317,2.0530699205887957,Wide,Bearish,Below CPR,False,False,0.9333333333333333,60,251036.525,Outside,True,Risk Off,False,1.4021428571428574,15.695799999999998,16.1703,0.2519952453727276,1.9423034556425605,True,True,No setup,Neutral,0,Not applicable,No directional setup; confirmation score not applicable.,Wide CPR,Wide Downside Watch,Watch,Wide CPR + close below CPR; trend opposes; participation confirmed,0,0,0,0
2026-09-11,2026-09-11,CM,NSE,STK,762914,INE438E01032,SIKA,EQ,,,,,SIKA INTERPLANT SYSTEMS L,1030.1,1111.0,993.6,1085.55,1084.0,1024.85,,1085.68,,,654708,709932077.25,46594,F1,1,,,,,,Cash Only,Unclassified,False,1063.3833333333332,1052.3,1074.4666666666665,1074.4666666666665,1052.3,22.166666666666515,2.041975649824192,Wide,Bullish,Above CPR,False,False,0.95,60,27228787.25,Higher,True,Risk Off,False,41.81428571428571,1088.858,1039.142,0.5301218540029574,26.072849691460277,False,True,No setup,Neutral,0,Not applicable,No directional setup; confirmation score not applicable.,Wide CPR,Wide Upside Watch,Watch,Wide CPR + close above CPR; trend mixed; participation confirmed,0,0,0,0
2026-09-11,2026-09-11,CM,NSE,STK,27754,INE403Y01018,INNOVANA,EQ,,,,,INNOVANA THINKLABS LTD,310.8,334.0,300.1,327.0,330.55,309.3,,326.85,,,50677,15579146.5,1184,F1,1,,,,,,Cash Only,Unclassified,False,320.3666666666667,317.05,323.68333333333334,323.68333333333334,317.05,6.633333333333326,2.0285423037716592,Wide,Bullish,Above CPR,False,False,0.9833333333333333,60,1060594.875,Higher,True,Risk Off,False,17.035714285714274,320.46299999999997,335.2055,0.3893780573025854,14.689064474312117,True,False,No setup,Neutral,0,Not applicable,No directional setup; confirmation score not applicable.,Wide CPR,Wide Upside Watch,Watch,Wide CPR + close above CPR; trend mixed; participation confirmed,0,0,0,0
2026-09-11,2026-09-11,CM,NSE,STK,2049,INE178A01016,CHENNPETRO,EQ,,,,,CHENNAI PETROLEUM CORP LT,1660.0,1677.5,1563.1,1572.9,1570.0,1626.4,,1572.92,,,2916939,4694790446.9,106959,F1,1,,,,,,Cash Only,Oil Gas & Consumable Fuels,True,1604.5,1620.3,1588.7,1620.3,1588.7,31.59999999999991,2.0090279102295066,Wide,Bearish,Below CPR,False,False,0.9666666666666667,60,1812188257.7,Overlapping,True,Risk Off,False,64.12142857142861,1313.7580000000003,1205.41,0.49281497159407206,2.5906747971419657,True,True,No setup,Neutral,0,Not applicable,No directional setup; confirmation score not applicable.,Wide CPR,Wide Downside Watch,Watch,Wide CPR + close below CPR; trend opposes; participation confirmed,0,0,0,0
2026-09-11,2026-09-11,CM,NSE,STK,19876,INE258Y01016,LGHL,EQ,,,,,LAXMI GOLDORNA HOUSE LTD,197.75,199.0,180.0,183.99,184.85,189.49,,183.99,,,8290,1523880.74,514,F1,1,,,,,,Cash Only,Unclassified,False,187.66333333333333,189.5,185.82666666666665,189.5,185.82666666666665,3.673333333333346,1.9964853162309615,Wide,Bearish,Below CPR,False,False,0.9333333333333333,60,4107329.175,Overlapping,True,Risk Off,False,11.257857142857146,194.41280000000003,216.57039999999998,0.3262906329970613,0.3710150014942496,False,False,No setup,Neutral,0,Not applicable,No directional setup; confirmation score not applicable.,Wide CPR,Wide Downside Watch,Watch,Wide CPR + close below CPR; trend aligned; participation light,0,0,0,0
2026-09-11,2026-09-11,CM,NSE,STK,764698,INE074C01013,HINDADH,EQ,,,,,HINDUSTAN ADHESIVES LTD.,365.3,370.9,345.25,369.1,370.75,365.3,,368.29,,,3185,1154908.15,76,F1,1,,,,,,Cash Only,Unclassified,False,361.75,358.075,365.425,365.425,358.075,7.350000000000023,1.991330262801415,Wide,Bullish,Above CPR,False,False,1.0,20,948411.3,Lower,True,Risk Off,False,15.303571428571416,,,0.4802800466744476,1.21772921727103,False,False,No setup,Neutral,0,Not applicable,No directional setup; confirmation score not applicable.,Wide CPR,Wide Upside Watch,Watch,Wide CPR + close above CPR; trend opposes; participation confirmed,0,0,0,0
2026-09-11,2026-09-11,CM,NSE,STK,7457,INE293B01029,HAVISHA,EQ,,,,,SRI HAVISHA HOSP & INFR L,1.32,1.35,1.25,1.34,1.35,1.34,,1.34,,,35386,46356.5,73,F1,1,,,,,,Cash Only,Unclassified,False,1.3133333333333335,1.3,1.3266666666666669,1.3266666666666669,1.3,0.02666666666666684,1.9900497512437938,Wide,Bullish,Above CPR,False,False,0.8333333333333334,60,50206.425,Lower,True,Risk Off,False,0.11214285714285711,1.3145999999999998,1.3572,0.23779193205944957,0.9233180813013473,True,False,No setup,Neutral,0,Not applicable,No directional setup; confirmation score not applicable.,Wide CPR,Wide Upside Watch,Watch,Wide CPR + close above CPR; trend mixed; participation light,0,0,0,0
2026-09-11,2026-09-11,CM,NSE,STK,764598,INE372M01010,ARCL,EQ,,,,,ARCL ORGANICS LTD.,240.0,249.9,235.0,249.9,249.9,238.0,,249.9,,,3115,767087.76,127,F1,1,,,,,,Cash Only,Unclassified,False,244.9333333333333,242.45,247.41666666666663,247.41666666666663,242.45,4.96666666666664,1.9874616513271868,Wide,Bullish,Above CPR,False,False,0.95,20,70508.34,Higher,True,Risk Off,False,13.085714285714285,,,0.37954876273653365,10.879390438067327,False,False,No setup,Neutral,0,Not applicable,No directional setup; confirmation score not applicable.,Wide CPR,Wide Upside Watch,Watch,Wide CPR + close above CPR; trend opposes; participation confirmed,0,0,0,0
2026-09-11,2026-09-11,CM,NSE,STK,14305,INE00IK01029,OSWALSEEDS,EQ,,,,,SHREEOSWAL S AND CHE LTD,15.0,17.0,15.0,15.54,15.48,14.75,,15.54,,,1482517,23791613.43,2909,F1,1,,,,,,Cash Only,Unclassified,False,15.846666666666666,16.0,15.693333333333332,16.0,15.693333333333332,0.3066666666666684,1.9734019734019848,Wide,Bearish,Below CPR,False,False,0.95,60,571068.1950000001,Higher,True,Risk Off,False,0.9742857142857142,11.39,11.502199999999998,0.31476050830889724,41.66159775366232,True,True,No setup,Neutral,0,Not applicable,No directional setup; confirmation score not applicable.,Wide CPR,Wide Downside Watch,Watch,Wide CPR + close below CPR; trend opposes; participation confirmed,0,0,0,0
2026-09-11,2026-09-11,CM,NSE,STK,18423,INE05CZ01011,RATNAVEER,EQ,,,,,RATNAVEER PRECISION ENG L,310.0,310.4,283.15,288.3,287.75,310.6,,288.3,,,4371239,1287870122.35,36860,F1,1,,,,,,Cash Only,Unclassified,False,293.95,296.775,291.125,296.775,291.125,5.649999999999977,1.9597641345820247,Wide,Bearish,Below CPR,False,False,0.8833333333333333,60,887855710.6099999,Lower,True,Risk Off,False,18.278571428571432,227.63179999999997,200.1701,0.3091051191871812,1.4505398872359234,True,True,No setup,Neutral,0,Not applicable,No directional setup; confirmation score not applicable.,Wide CPR,Wide Downside Watch,Watch,Wide CPR + close below CPR; trend opposes; participation confirmed,0,0,0,0
2026-09-11,2026-09-11,CM,NSE,STK,25023,INE336H01023,GAYAPROJ,EQ,,,,,GAYATRI PROJECTS LTD,25.3,26.04,24.5,26.03,26.04,24.8,,26.03,,,2686464,69205452.05,4524,F1,1,,,,,,Cash Only,Unclassified,False,25.52333333333333,25.27,25.77666666666666,25.77666666666666,25.27,0.5066666666666606,1.9464720194646967,Wide,Bullish,Above CPR,False,False,0.9,10,12213680.274999999,Higher,False,Risk Off,False,,,,,5.666224306825487,False,False,No setup,Neutral,0,Not applicable,No directional setup; confirmation score not applicable.,Wide CPR,Wide Upside Watch,Watch,Wide CPR + close above CPR; trend opposes; participation confirmed,0,0,0,0
2026-09-11,2026-09-11,CM,NSE,STK,19277,INE778K01012,EMAMIREAL,EQ,,,,,EMAMI REALTY LIMITED,72.31,74.5,69.16,69.8,69.56,72.31,,69.8,,,14904,1057600.89,258,F1,1,,,,,,Cash Only,Unclassified,False,71.15333333333332,71.83,70.47666666666665,71.83,70.47666666666665,1.353333333333353,1.9388729703916234,Wide,Bearish,Below CPR,False,False,0.9166666666666666,60,1518878.205,Overlapping,True,Risk Off,False,2.957857142857146,69.45280000000001,69.5209,0.45753843677051254,0.696303947557138,True,True,No setup,Neutral,0,Not applicable,No directional setup; confirmation score not applicable.,Wide CPR,Wide Downside Watch,Watch,Wide CPR + close below CPR; trend opposes; participation light,0,0,0,0
2026-09-11,2026-09-11,CM,NSE,STK,757850,INE0S4R01014,CRIZAC,EQ,,,,,CRIZAC LIMITED,179.01,187.5,175.1,186.68,187.5,179.7,,186.68,,,631557,116258396.5,10761,F1,1,,,,,,Cash Only,Unclassified,False,183.09333333333333,181.3,184.88666666666666,184.88666666666666,181.3,3.5866666666666447,1.9212913363331072,Wide,Bullish,Above CPR,False,False,1.0,60,50989273.955,Higher,True,Risk Off,False,7.365000000000001,182.93720000000002,197.3637,0.4869880063362721,2.2800559310297794,True,False,No setup,Neutral,0,Not applicable,No directional setup; confirmation score not applicable.,Wide CPR,Wide Upside Watch,Watch,Wide CPR + close above CPR; trend mixed; participation confirmed,0,0,0,0
2026-09-11,2026-09-11,CM,NSE,STK,1190,INE529A01010,FMGOETZE,EQ,,,,,FEDERAL-MOGUL GOETZE (IND,440.0,464.95,431.2,461.0,462.95,443.55,,461.0,,,611438,273336610.1,18305,F1,1,,,,,,Cash Only,Unclassified,False,452.3833333333334,448.075,456.6916666666668,456.6916666666668,448.075,8.616666666666788,1.8691250903832513,Wide,Bullish,Above CPR,False,False,1.0,60,21662707.975,Overlapping,True,Risk Off,False,39.835714285714296,492.112,469.87200000000007,0.2163050624589116,12.617841241983506,False,False,No setup,Neutral,0,Not applicable,No directional setup; confirmation score not applicable.,Wide CPR,Wide Upside Watch,Watch,Wide CPR + close above CPR; trend opposes; participation confirmed,0,0,0,0
2026-09-11,2026-09-11,CM,NSE,STK,2814,INE006Z01016,ARVEE,EQ,,,,,ARVEE LABORATORIES I LTD,195.0,195.0,176.5,180.69,177.0,195.25,,180.69,,,7318,1362177.74,310,F1,1,,,,,,Cash Only,Unclassified,False,184.06333333333336,185.75,182.37666666666672,185.75,182.37666666666672,3.373333333333278,1.86691755677308,Wide,Bearish,Below CPR,False,False,0.85,60,169966.565,Lower,True,Risk Off,False,14.92571428571429,165.43439999999998,165.1907,0.22600816743235966,8.014386476540254,True,True,No setup,Neutral,0,Not applicable,No directional setup; confirmation score not applicable.,Wide CPR,Wide Downside Watch,Watch,Wide CPR + close below CPR; trend opposes; participation confirmed,0,0,0,0
2026-09-11,2026-09-11,CM,NSE,STK,16822,INE0LOJ01019,IKIO,EQ,,,,,IKIO TECHNOLOGIES LIMITED,234.0,238.8,221.42,223.87,223.0,231.73,,223.9,,,1450380,336706489.17,29662,F1,1,,,,,,Cash Only,Unclassified,False,228.03,230.11,225.95,230.11,225.95,4.160000000000025,1.8582212891410304,Wide,Bearish,Below CPR,False,False,0.9166666666666666,60,53685635.155,Overlapping,True,Risk Off,False,12.822857142857144,205.6212,182.05419999999998,0.32442067736185576,6.271817185320959,True,True,No setup,Neutral,0,Not applicable,No directional setup; confirmation score not applicable.,Wide CPR,Wide Downside Watch,Watch,Wide CPR + close below CPR; trend opposes; participation confirmed,0,0,0,0
2026-09-11,2026-09-11,CM,NSE,STK,764885,INE414Y01015,SGRL,EQ,,,,,SHREE GANESH REMEDIES LTD,633.95,661.95,620.0,659.2,656.05,631.65,,659.45,,,18758,12071406.55,1134,F1,1,,,,,,Cash Only,Unclassified,False,647.0500000000001,640.975,653.1250000000001,653.1250000000001,640.975,12.150000000000091,1.843143203883509,Wide,Bullish,Above CPR,False,False,0.9,20,5764526.65,Overlapping,True,Risk Off,False,44.93214285714286,,,0.2704077577299122,2.0940846114398655,False,False,No setup,Neutral,0,Not applicable,No directional setup; confirmation score not applicable.,Wide CPR,Wide Upside Watch,Watch,Wide CPR + close above CPR; trend opposes; participation confirmed,0,0,0,0
2026-09-11,2026-09-11,CM,NSE,STK,22663,INE953L01027,JSFB,EQ,,,,,JANA SMALL FIN BANK LTD,510.0,520.65,484.85,516.85,518.5,514.75,,516.86,,,1255413,629447278.0,44639,F1,1,,,,,,Cash Only,Unclassified,False,507.45,502.75,512.15,512.15,502.75,9.399999999999977,1.818709490180899,Wide,Bullish,Above CPR,False,False,0.9666666666666667,60,286084529.35,Lower,True,Risk Off,False,19.614285714285707,535.386,502.2835,0.4792425345957747,2.2002143192787784,False,True,No setup,Neutral,0,Not applicable,No directional setup; confirmation score not applicable.,Wide CPR,Wide Upside Watch,Watch,Wide CPR + close above CPR; trend mixed; participation confirmed,0,0,0,0
2026-09-11,2026-09-11,CM,NSE,STK,765272,INE00IT01020,MILKYMIST,EQ,,,,,MILKY MIST DAIRY FOOD L,279.0,292.77,276.83,292.77,292.77,278.83,,292.99,,,8807785,2527636908.81,68325,F1,1,,,,,,Cash Only,Unclassified,False,287.45666666666665,284.79999999999995,290.11333333333334,290.11333333333334,284.79999999999995,5.313333333333389,1.8148489713199405,Wide,Bullish,Above CPR,False,False,0.6842105263157895,19,4468176794.82,Higher,False,Risk Off,False,17.755714285714287,,,0.29924638613994464,0.5656976043876137,False,False,No setup,Neutral,0,Not applicable,No directional setup; confirmation score not applicable.,Wide CPR,Wide Upside Watch,Watch,Wide CPR + close above CPR; trend opposes; participation light,0,0,0,0
2026-09-11,2026-09-11,CM,NSE,STK,6733,INE749A01030,JINDALSTEL,EQ,,,,,JINDAL STEEL LIMITED,1111.0,1122.0,1058.0,1120.5,1120.5,1137.0,,1120.48,,,549857,612122764.1,23448,F1,1,,,,,,F&O + Cash,Metals & Mining,True,1100.1666666666667,1090.0,1110.3333333333335,1110.3333333333335,1090.0,20.333333333333485,1.8146660716941976,Wide,Bullish,Above CPR,False,False,1.0,60,1007009553.05,Lower,True,Risk Off,False,33.47142857142861,1099.0919999999999,1141.704,0.6074832835396254,0.6078619236987586,True,False,No setup,Neutral,0,Not applicable,No directional setup; confirmation score not applicable.,Wide CPR,Wide Upside Watch,Watch,Wide CPR + close above CPR; trend mixed; participation light,0,0,0,0
2026-09-11,2026-09-11,CM,NSE,STK,757658,INE771F01041,FISCHER,EQ,,,,,FISCHER MEDICAL VENTURE L,35.29,36.14,33.68,35.87,35.95,34.9,,35.87,,,580113,20594604.07,2322,F1,1,,,,,,Cash Only,Unclassified,False,35.23,34.91,35.55,35.55,34.91,0.6400000000000006,1.7842207973236706,Wide,Bullish,Above CPR,False,False,0.95,60,70355195.63,Outside,True,Risk Off,False,1.4549999999999998,37.5964,36.9586,0.4398625429553269,0.2927232862560374,False,False,No setup,Neutral,0,Not applicable,No directional setup; confirmation score not applicable.,Wide CPR,Wide Upside Watch,Watch,Wide CPR + close above CPR; trend opposes; participation light,0,0,0,0
2026-09-11,2026-09-11,CM,NSE,STK,19585,INE118H01025,BSE,EQ,,,,,BSE LIMITED,3280.0,3394.4,3193.2,3384.0,3384.0,3306.0,,3384.0,,,4326473,14084422206.4,196817,F1,1,,,,,,F&O + Cash,Financial Services,True,3323.866666666667,3293.8,3353.9333333333334,3353.9333333333334,3293.8,60.13333333333321,1.7769897557131562,Wide,Bullish,Above CPR,False,False,1.0,60,11785490141.2,Overlapping,True,Risk Off,False,111.59285714285713,3499.3959999999997,3716.986,0.5388636412127409,1.1950646123035085,False,False,No setup,Neutral,0,Not applicable,No directional setup; confirmation score not applicable.,Wide CPR,Wide Upside Watch,Watch,Wide CPR + close above CPR; trend opposes; participation confirmed,0,0,0,0
2026-09-11,2026-09-11,CM,NSE,STK,764523,INE00GO01025,LEAPIND,EQ,,,,,LEAP INDIA LIMITED,139.9,145.0,136.0,144.34,144.44,140.96,,144.35,,,4172766,588225371.16,44355,F1,1,,,,,,Cash Only,Unclassified,False,141.78,140.5,143.06,143.06,140.5,2.5600000000000023,1.7735901344048788,Wide,Bullish,Above CPR,False,False,0.9523809523809523,21,851623129.86,Overlapping,True,Risk Off,False,6.937142857142858,,,0.36902800658978613,0.6907108913971131,False,False,No setup,Neutral,0,Not applicable,No directional setup; confirmation score not applicable.,Wide CPR,Wide Upside Watch,Watch,Wide CPR + close above CPR; trend opposes; participation light,0,0,0,0
2026-09-11,2026-09-11,CM,NSE,STK,11140,INE748Z01013,SUMIT,EQ,,,,,SUMIT WOODS LIMITED,53.2,53.2,48.2,49.4,49.5,48.93,,49.4,,,22760,1130122.68,133,F1,1,,,,,,Cash Only,Unclassified,False,50.26666666666667,50.7,49.83333333333334,50.7,49.83333333333334,0.86666666666666,1.7543859649122675,Wide,Bearish,Below CPR,False,False,0.7166666666666667,60,2557837.61,Overlapping,True,Risk Off,False,3.0928571428571425,50.968,49.5354,0.2802155504234005,0.441827376210955,False,False,No setup,Neutral,0,Not applicable,No directional setup; confirmation score not applicable.,Wide CPR,Wide Downside Watch,Watch,Wide CPR + close below CPR; trend aligned; participation light,0,0,0,0
2026-09-11,2026-09-11,CM,NSE,STK,765480,INE0PX301025,SKYWAYS,EQ,,,,,SKYWAYS AIR SERVICES LTD,109.0,117.5,108.5,116.01,116.5,111.19,,116.01,,,4483291,513165341.44,32325,F1,1,,,,,,Cash Only,Unclassified,False,114.00333333333333,113.0,115.00666666666666,115.00666666666666,113.0,2.0066666666666606,1.729735942303819,Wide,Bullish,Above CPR,False,False,0.7777777777777778,9,1075533753.03,Higher,False,Risk Off,False,,,,,0.47712620826106816,False,False,No setup,Neutral,0,Not applicable,No directional setup; confirmation score not applicable.,Wide CPR,Wide Upside Watch,Watch,Wide CPR + close above CPR; trend opposes; participation light,0,0,0,0
2026-09-11,2026-09-11,CM,NSE,STK,347,INE655B01011,BANARBEADS,EQ,,,,,BANARAS BEADS LTD,113.65,113.65,107.0,107.56,109.2,110.56,,107.58,,,1907,206135.48,118,F1,1,,,,,,Cash Only,Unclassified,False,109.40333333333335,110.325,108.4816666666667,110.325,108.4816666666667,1.8433333333333053,1.7137721581752556,Wide,Bearish,Below CPR,False,False,0.9333333333333333,60,222836.09999999998,Lower,True,Risk Off,False,6.071428571428572,113.9708,110.7929,0.30360784313725026,0.9250542439039278,False,False,No setup,Neutral,0,Not applicable,No directional setup; confirmation score not applicable.,Wide CPR,Wide Downside Watch,Watch,Wide CPR + close below CPR; trend aligned; participation light,0,0,0,0
2026-09-11,2026-09-11,CM,NSE,STK,11927,INE023H01027,NECLIFE,EQ,,,,,NECTAR LIFESCIENCES LTD.,11.93,12.18,11.41,11.5,11.65,11.93,,11.5,,,110885,1293584.16,474,F1,1,,,,,,Cash Only,Unclassified,False,11.696666666666667,11.795,11.598333333333334,11.795,11.598333333333334,0.19666666666666544,1.7101449275362213,Wide,Bearish,Below CPR,False,False,0.9166666666666666,60,3743252.87,Lower,True,Risk Off,False,0.6392857142857142,11.7028,,0.3076350093109851,0.3455775511099788,False,False,No setup,Neutral,0,Not applicable,No directional setup; confirmation score not applicable.,Wide CPR,Wide Downside Watch,Watch,Wide CPR + close below CPR; trend aligned; participation light,0,0,0,0
2026-09-11,2026-09-11,CM,NSE,STK,764818,INE457G01029,ORIRAIL,EQ,,,,,ORIENTAL RAIL INFRA L,123.8,125.0,116.86,124.11,123.53,122.3,,124.08,,,164548,20119466.31,2587,F1,1,,,,,,Cash Only,Unclassified,False,121.99000000000001,120.93,123.05000000000001,123.05000000000001,120.93,2.1200000000000045,1.7081621142534884,Wide,Bullish,Above CPR,False,False,0.85,20,13068740.495000001,Overlapping,True,Risk Off,False,8.260714285714286,,,0.2566364029399054,1.5395107369143608,False,False,No setup,Neutral,0,Not applicable,No directional setup; confirmation score not applicable.,Wide CPR,Wide Upside Watch,Watch,Wide CPR + close above CPR; trend opposes; participation confirmed,0,0,0,0
2026-09-11,2026-09-11,CM,NSE,STK,765200,INE330E01023,TRANSCOR,EQ,,,,,TRANSCORP INTERNATIONAL L,25.05,25.48,24.0,25.39,25.39,25.05,,25.39,,,5538,135776.64,59,F1,1,,,,,,Cash Only,Unclassified,False,24.956666666666667,24.740000000000002,25.173333333333332,25.173333333333332,24.740000000000002,0.43333333333333,1.7067086779571878,Wide,Bullish,Above CPR,False,False,0.75,20,69866.375,Lower,True,Risk Off,False,1.6699999999999997,,,0.2594810379241498,1.9433760517845675,False,False,No setup,Neutral,0,Not applicable,No directional setup; confirmation score not applicable.,Wide CPR,Wide Upside Watch,Watch,Wide CPR + close above CPR; trend opposes; participation confirmed,0,0,0,0
2026-09-11,2026-09-11,CM,NSE,STK,19036,INE371C01013,PODDARMENT,EQ,,,,,PODDAR PIGMENTS LIMITED,295.1,298.95,275.05,279.85,280.0,299.4,,279.86,,,12804,3643751.95,530,F1,1,,,,,,Cash Only,Unclassified,False,284.6166666666667,287.0,282.23333333333335,287.0,282.23333333333335,4.7666666666666515,1.7032934310046994,Wide,Bearish,Below CPR,False,False,0.9,60,1026245.785,Lower,True,Risk Off,False,17.014285714285702,256.0366,254.85460000000003,0.28015673103834243,3.5505645950107363,True,True,No setup,Neutral,0,Not applicable,No directional setup; confirmation score not applicable.,Wide CPR,Wide Downside Watch,Watch,Wide CPR + close below CPR; trend opposes; participation confirmed,0,0,0,0
2026-09-11,2026-09-11,CM,NSE,STK,24385,INE725L01011,KARMAENG,EQ,,,,,KARMA ENERGY LIMITED,38.25,39.99,37.25,39.63,39.9,37.88,,39.63,,,9768,382256.1,178,F1,1,,,,,,Cash Only,Unclassified,False,38.95666666666667,38.620000000000005,39.29333333333334,39.29333333333334,38.620000000000005,0.673333333333332,1.699049541593066,Wide,Bullish,Above CPR,False,False,0.85,60,160683.345,Overlapping,True,Risk Off,False,2.069285714285716,38.695600000000006,42.271499999999996,0.3253940858359213,2.3789403936045765,True,False,No setup,Neutral,0,Not applicable,No directional setup; confirmation score not applicable.,Wide CPR,Wide Upside Watch,Watch,Wide CPR + close above CPR; trend mixed; participation confirmed,0,0,0,0
2026-09-11,2026-09-11,CM,NSE,STK,7529,INE938A01021,LCCINFOTEC,EQ,,,,,LCC INFOTECH LTD,3.12,3.24,2.88,3.14,3.14,3.19,,3.14,,,119835,371019.91,352,F1,1,,,,,,Cash Only,Unclassified,False,3.0866666666666664,3.06,3.113333333333333,3.113333333333333,3.06,0.05333333333333279,1.698513800424611,Wide,Bullish,Above CPR,False,False,0.7833333333333333,60,223734.10499999998,Lower,True,Risk Off,False,0.37571428571428583,4.0228,4.3243,0.14195183776932677,1.6583073465710558,False,False,No setup,Neutral,0,Not applicable,No directional setup; confirmation score not applicable.,Wide CPR,Wide Upside Watch,Watch,Wide CPR + close above CPR; trend opposes; participation confirmed,0,0,0,0
2026-09-11,2026-09-11,CM,NSE,STK,764970,INE726E01014,UPHOT,EQ,,,,,U P HOTELS LTD.,1424.0,1499.4,1424.0,1499.0,1499.0,1428.0,,1479.5,,,64,93993.8,15,F1,1,,,,,,Cash Only,Unclassified,False,1474.1333333333332,1461.7,1486.5666666666664,1486.5666666666664,1461.7,24.866666666666333,1.658883700244585,Wide,Bullish,Above CPR,False,False,0.9285714285714286,14,38530.5,Higher,False,Risk Off,False,,,,,2.4394648395427,False,False,No setup,Neutral,0,Not applicable,No directional setup; confirmation score not applicable.,Wide CPR,Wide Upside Watch,Watch,Wide CPR + close above CPR; trend opposes; participation confirmed,0,0,0,0
2026-09-11,2026-09-11,CM,NSE,STK,4920,INE642Y01029,HINDCON,EQ,,,,,HINDCON CHEMICALS LIMITED,23.9,24.63,22.36,24.09,24.46,23.34,,24.09,,,24080,563408.92,259,F1,1,,,,,,Cash Only,Unclassified,False,23.69333333333333,23.494999999999997,23.891666666666666,23.891666666666666,23.494999999999997,0.3966666666666683,1.6466030164660368,Wide,Bullish,Above CPR,False,False,0.85,60,571434.125,Overlapping,True,Risk Off,False,1.6828571428571426,22.1508,21.8471,0.23571024335031227,0.9859560277398555,True,True,No setup,Neutral,0,Not applicable,No directional setup; confirmation score not applicable.,Wide CPR,Wide Upside Watch,Watch,Wide CPR + close above CPR; trend aligned; participation light,0,0,0,0
2026-09-11,2026-09-11,CM,NSE,STK,765247,INE967B01028,SGLRES,EQ,,,,,SGL RESOURCES LIMITED,2.45,2.45,2.31,2.44,2.45,2.36,,2.44,,,37017,88047.9,93,F1,1,,,,,,Cash Only,Unclassified,False,2.4,2.38,2.42,2.42,2.38,0.040000000000000036,1.6393442622950833,Wide,Bullish,Above CPR,False,False,0.75,20,109076.215,Overlapping,True,Risk Off,False,0.17785714285714294,,,0.2248995983935744,0.8072144784268505,False,False,No setup,Neutral,0,Not applicable,No directional setup; confirmation score not applicable.,Wide CPR,Wide Upside Watch,Watch,Wide CPR + close above CPR; trend opposes; participation light,0,0,0,0
2026-09-11,2026-09-11,CM,NSE,STK,9378,INE615R01029,TRU,EQ,,,,,TRUCAP FINANCE LIMITED,4.32,4.32,4.03,4.28,4.3,4.28,,4.28,,,36038,153717.14,119,F1,1,,,,,,Cash Only,Unclassified,False,4.210000000000001,4.175000000000001,4.245000000000001,4.245000000000001,4.175000000000001,0.07000000000000028,1.6355140186915953,Wide,Bullish,Above CPR,False,False,0.8666666666666667,60,626657.225,Overlapping,True,Risk Off,False,0.23000000000000004,4.5736,5.2493,0.3043478260869577,0.2452970042753437,False,False,No setup,Neutral,0,Not applicable,No directional setup; confirmation score not applicable.,Wide CPR,Wide Upside Watch,Watch,Wide CPR + close above CPR; trend opposes; participation light,0,0,0,0
2026-09-11,2026-09-11,CM,NSE,STK,2283,INE103A01014,MRPL,EQ,,,,,MRPL,183.99,186.83,173.51,175.86,175.4,181.32,,175.86,,,15708657,2797495678.55,85352,F1,1,,,,,,Cash Only,Oil Gas & Consumable Fuels,True,178.73333333333335,180.17000000000002,177.29666666666668,180.17000000000002,177.29666666666668,2.873333333333335,1.6338754312142243,Wide,Bearish,Below CPR,False,False,0.9333333333333333,60,947294935.115,Lower,True,Risk Off,False,7.151428571428576,169.68640000000002,163.6553,0.40178452523638297,2.9531411758370574,True,True,No setup,Neutral,0,Not applicable,No directional setup; confirmation score not applicable.,Wide CPR,Wide Downside Watch,Watch,Wide CPR + close below CPR; trend opposes; participation confirmed,0,0,0,0
2026-09-11,2026-09-11,CM,NSE,STK,822,INE862Y01015,BANKA,EQ,,,,,BANKA BIOLOO LIMITED,77.75,81.82,77.75,81.78,81.8,77.93,,81.78,,,3172,257967.49,60,F1,1,,,,,,Cash Only,Unclassified,False,80.45,79.785,81.11500000000001,81.11500000000001,79.785,1.3300000000000125,1.6263145023233216,Wide,Bullish,Above CPR,False,False,0.75,60,315689.33999999997,Higher,True,Risk Off,False,4.281428571428572,66.9134,64.3876,0.31064397731064686,0.817156163714619,True,True,No setup,Neutral,0,Not applicable,No directional setup; confirmation score not applicable.,Wide CPR,Wide Upside Watch,Watch,Wide CPR + close above CPR; trend aligned; participation light,0,0,0,0
2026-09-11,2026-09-11,CM,NSE,STK,4127,INE699B01027,SAMBHAAV,EQ,,,,,SAMBHAAV MEDIA LTD,5.94,6.4,5.81,5.96,5.88,5.82,,5.92,,,26997,162721.15,68,F1,1,,,,,,Cash Only,Unclassified,False,6.0566666666666675,6.105,6.008333333333335,6.105,6.008333333333335,0.09666666666666579,1.6219239373601642,Wide,Bearish,Below CPR,False,False,0.9,60,166658.59999999998,Higher,True,Risk Off,False,0.4378571428571428,6.2388,6.3296,0.22077215878194476,0.9763741565091751,False,False,No setup,Neutral,0,Not applicable,No directional setup; confirmation score not applicable.,Wide CPR,Wide Downside Watch,Watch,Wide CPR + close below CPR; trend aligned; participation light,0,0,0,0
2026-09-11,2026-09-11,CM,NSE,STK,19015,INE0KNT01012,MVGJL,EQ,,,,,MANOJ VAIBHAV GEM N JEW L,208.7,208.7,195.6,197.37,196.9,208.78,,197.17,,,332881,67209504.29,5807,F1,1,,,,,,Cash Only,Unclassified,False,200.55666666666664,202.14999999999998,198.9633333333333,202.14999999999998,198.9633333333333,3.1866666666666674,1.614564861258888,Wide,Bearish,Below CPR,False,False,0.95,60,10063531.595,Lower,True,Risk Off,False,14.528571428571434,164.9088,161.7247,0.21933792199278923,6.678520721631421,True,True,No setup,Neutral,0,Not applicable,No directional setup; confirmation score not applicable.,Wide CPR,Wide Downside Watch,Watch,Wide CPR + close below CPR; trend opposes; participation confirmed,0,0,0,0
2026-09-11,2026-09-11,CM,NSE,STK,22656,INE0KGZ01021,SIGNPOST,EQ,,,,,SIGNPOST INDIA LIMITED,269.25,279.0,260.15,276.25,278.5,267.8,,276.18,,,102421,27621324.0,2706,F1,1,,,,,,Cash Only,Unclassified,False,271.8,269.575,274.02500000000003,274.02500000000003,269.575,4.4500000000000455,1.6108597285068038,Wide,Bullish,Above CPR,False,False,0.9,60,36480706.225,Overlapping,True,Risk Off,False,13.632142857142851,282.488,278.51279999999997,0.32643437254388613,0.7571488290177694,False,False,No setup,Neutral,0,Not applicable,No directional setup; confirmation score not applicable.,Wide CPR,Wide Upside Watch,Watch,Wide CPR + close above CPR; trend opposes; participation light,0,0,0,0
2026-09-11,2026-09-11,CM,NSE,STK,17507,INE452L01012,INCREDIBLE,EQ,,,,,INCREDIBLE INDUSTRIES LTD,31.92,34.49,31.05,33.58,33.9,30.98,,33.58,,,17146,570743.75,345,F1,1,,,,,,Cash Only,Unclassified,False,33.04,32.77,33.309999999999995,33.309999999999995,32.77,0.539999999999992,1.6081000595592378,Wide,Bullish,Above CPR,False,False,0.9,60,149782.41,Higher,True,Risk Off,False,1.8921428571428565,32.861999999999995,33.86600000000001,0.2853907134767796,3.810485824069729,True,False,No setup,Neutral,0,Not applicable,No directional setup; confirmation score not applicable.,Wide CPR,Wide Upside Watch,Watch,Wide CPR + close above CPR; trend mixed; participation confirmed,0,0,0,0
2026-09-11,2026-09-11,CM,NSE,STK,15244,INE641C01019,KAVDEFENCE,EQ,,,,,KAVVERI DFS & WIR TEC LTD,72.41,73.8,68.2,69.33,69.37,74.77,,69.33,,,1320997,93645519.92,15202,F1,1,,,,,,Cash Only,Unclassified,False,70.44333333333333,71.0,69.88666666666666,71.0,69.88666666666666,1.113333333333344,1.6058464349247712,Wide,Bearish,Below CPR,False,False,0.9166666666666666,60,5324503.005,Inside,True,Risk Off,False,5.049285714285714,59.39059999999999,62.5625,0.2204932333663434,17.58765462843419,True,True,No setup,Neutral,0,Not applicable,No directional setup; confirmation score not applicable.,Wide CPR,Wide Downside Watch,Watch,Wide CPR + close below CPR; trend opposes; participation confirmed,0,0,0,0
2026-09-11,2026-09-11,CM,NSE,STK,765282,INE0FOO01011,SHIPROCKET,EQ,,,,,SHIPROCKET LIMITED,129.0,135.42,126.13,133.99,134.0,129.17,,133.99,,,8823294,1168010060.99,59263,F1,1,,,,,,Cash Only,Unclassified,False,131.84666666666666,130.77499999999998,132.91833333333335,132.91833333333335,130.77499999999998,2.1433333333333735,1.5996218623280642,Wide,Bullish,Above CPR,False,False,0.7777777777777778,18,1604692425.1799998,Overlapping,False,Risk Off,False,8.067857142857143,,,0.26566327283459257,0.7278716111961351,False,False,No setup,Neutral,0,Not applicable,No directional setup; confirmation score not applicable.,Wide CPR,Wide Upside Watch,Watch,Wide CPR + close above CPR; trend opposes; participation light,0,0,0,0
2026-09-11,2026-09-11,CM,NSE,STK,16736,INE964W01021,MKPL,EQ,,,,,M K PROTEINS LIMITED,4.01,4.05,3.68,3.96,3.99,4.01,,3.97,,,121039,477875.07,484,F1,1,,,,,,Cash Only,Unclassified,False,3.896666666666667,3.865,3.9283333333333337,3.9283333333333337,3.865,0.06333333333333346,1.5993265993266028,Wide,Bullish,Above CPR,False,False,0.9833333333333333,60,439253.33,Lower,True,Risk Off,False,0.12357142857142854,4.23,4.6257,0.5125240847784213,1.08792589005529,False,False,No setup,Neutral,0,Not applicable,No directional setup; confirmation score not applicable.,Wide CPR,Wide Upside Watch,Watch,Wide CPR + close above CPR; trend opposes; participation confirmed,0,0,0,0
2026-09-11,2026-09-11,CM,NSE,STK,14917,INE142I01023,TAKE,EQ,,,,,TAKE LIMITED,17.61,17.61,16.78,17.61,17.61,16.78,,17.76,,,317126,5556259.87,452,F1,1,,,,,,Cash Only,Unclassified,False,17.333333333333332,17.195,17.471666666666664,17.471666666666664,17.195,0.27666666666666373,1.5710770395608389,Wide,Bullish,Above CPR,False,False,0.8833333333333333,60,4826323.49,Higher,True,Risk Off,False,0.8364285714285714,18.661199999999997,,0.33077142043836827,1.1512406662156829,False,False,No setup,Neutral,0,Not applicable,No directional setup; confirmation score not applicable.,Wide CPR,Wide Upside Watch,Watch,Wide CPR + close above CPR; trend opposes; participation confirmed,0,0,0,0
2026-09-11,2026-09-11,CM,NSE,STK,21406,INE349W01017,AVADHSUGAR,EQ,,,,,AVADH SUG & ENERGY LTD,788.95,812.0,763.3,769.6,769.8,794.45,,769.67,,,185275,146268573.1,9233,F1,1,,,,,,Cash Only,Unclassified,False,781.6333333333333,787.65,775.6166666666667,787.65,775.6166666666667,12.033333333333303,1.5635828135828096,Wide,Bearish,Below CPR,False,False,0.85,60,78577095.525,Lower,True,Risk Off,False,40.93928571428573,640.928,503.27950000000004,0.2939311989298895,1.8614657633083846,True,True,No setup,Neutral,0,Not applicable,No directional setup; confirmation score not applicable.,Wide CPR,Wide Downside Watch,Watch,Wide CPR + close below CPR; trend opposes; participation confirmed,0,0,0,0
2026-09-11,2026-09-11,CM,NSE,STK,5239,INE843B01013,MAHAPEXLTD,EQ,,,,,MAHA RASHTRA APEX COPR. L,57.63,57.63,54.0,54.57,54.26,56.23,,54.57,,,6489,357987.58,236,F1,1,,,,,,Cash Only,Unclassified,False,55.4,55.815,54.985,55.815,54.985,0.8299999999999983,1.520982224665564,Wide,Bearish,Below CPR,False,False,0.8666666666666667,60,359197.91500000004,Overlapping,True,Risk Off,False,3.98,50.09120000000001,49.7757,0.20854271356783877,0.9966304509312087,True,True,No setup,Neutral,0,Not applicable,No directional setup; confirmation score not applicable.,Wide CPR,Wide Downside Watch,Watch,Wide CPR + close below CPR; trend opposes; participation light,0,0,0,0
2026-09-11,2026-09-11,CM,NSE,STK,13565,INE278B01020,RAMANEWS,EQ,,,,,SHREE RAMA NEWSPRINT LTD,32.79,32.79,30.52,30.95,31.01,32.15,,30.95,,,55690,1732099.94,339,F1,1,,,,,,Cash Only,Unclassified,False,31.42,31.655,31.185000000000002,31.655,31.185000000000002,0.46999999999999886,1.5185783521809333,Wide,Bearish,Below CPR,False,False,0.9333333333333333,60,402516.03,Lower,True,Risk Off,False,1.592142857142857,30.9202,30.5488,0.29519964109466057,4.303182509277953,True,True,No setup,Neutral,0,Not applicable,No directional setup; confirmation score not applicable.,Wide CPR,Wide Downside Watch,Watch,Wide CPR + close below CPR; trend opposes; participation confirmed,0,0,0,0
2026-09-11,2026-09-11,CM,NSE,STK,765195,INE457P01020,TOYAMSL,EQ,,,,,TOYAM SPORTS LTD.,0.64,0.66,0.63,0.66,0.66,0.63,,0.67,,,1597779,1026719.47,207,F1,1,,,,,,Cash Only,Unclassified,False,0.65,0.645,0.655,0.655,0.645,0.010000000000000009,1.5151515151515165,Wide,Bullish,Above CPR,False,False,0.85,20,212433.81,Inside,True,Risk Off,False,0.0285714285714286,,,0.35,4.833126468898713,False,False,No setup,Neutral,0,Not applicable,No directional setup; confirmation score not applicable.,Wide CPR,Wide Upside Watch,Watch,Wide CPR + close above CPR; trend opposes; participation confirmed,0,0,0,0
2026-09-11,2026-09-11,CM,NSE,STK,25235,INE547B01028,XTGLOBAL,EQ,,,,,XTGLOBAL INFOTECH LIMITED,30.9,30.9,29.5,29.53,29.5,30.04,,29.53,,,25934,769978.5,322,F1,1,,,,,,Cash Only,Unclassified,False,29.97666666666667,30.2,29.75333333333334,30.2,29.75333333333334,0.44666666666665833,1.5125860706625747,Wide,Bearish,Below CPR,False,False,0.8,60,1850653.755,Lower,True,Risk Off,False,2.0128571428571425,30.1668,30.41,0.22190678968535194,0.41605756772152125,False,False,No setup,Neutral,0,Not applicable,No directional setup; confirmation score not applicable.,Wide CPR,Wide Downside Watch,Watch,Wide CPR + close below CPR; trend aligned; participation light,0,0,0,0
2026-09-11,2026-09-11,CM,NSE,STK,13577,INE540H01012,VOLTAMP,EQ,,,,,VOLTAMP TRANSFORMERS LTD,10800.0,11255.0,10672.0,11217.0,11215.0,10924.0,,11217.05,,,22505,248208030.0,9999,F1,1,,,,,,Cash Only,Unclassified,False,11048.0,10963.5,11132.5,11132.5,10963.5,169.0,1.5066417045555853,Wide,Bullish,Above CPR,False,False,0.9666666666666667,60,318305570.25,Overlapping,True,Risk Off,False,440.25,10137.0,10052.75,0.3838727995457127,0.7797790965613804,True,True,No setup,Neutral,0,Not applicable,No directional setup; confirmation score not applicable.,Wide CPR,Wide Upside Watch,Watch,Wide CPR + close above CPR; trend aligned; participation light,0,0,0,0
2026-09-11,2026-09-11,CM,NSE,STK,25503,INE250Z01010,INDOUS,EQ,,,,,INDO US BIOTECH LTD,82.0,82.0,78.0,78.24,78.2,79.54,,78.24,,,10159,797593.86,392,F1,1,,,,,,Cash Only,Unclassified,False,79.41333333333334,80.0,78.82666666666668,80.0,78.82666666666668,1.1733333333333178,1.499659168370805,Wide,Bearish,Below CPR,False,False,0.9166666666666666,60,1313070.385,Outside,True,Risk Off,False,4.703571428571428,83.27879999999999,90.84700000000001,0.24945583396608126,0.6074265851331343,False,False,No setup,Neutral,0,Not applicable,No directional setup; confirmation score not applicable.,Wide CPR,Wide Downside Watch,Watch,Wide CPR + close below CPR; trend aligned; participation light,0,0,0,0
2026-09-11,2026-09-11,CM,NSE,STK,17651,INE637C01025,POKARNA,EQ,,,,,POKARNA LIMITED,775.0,819.0,753.35,804.15,808.65,780.45,,804.32,,,314231,244914399.45,17176,F1,1,,,,,,Cash Only,Unclassified,False,792.1666666666666,786.175,798.1583333333333,798.1583333333333,786.175,11.983333333333348,1.4901863251051854,Wide,Bullish,Above CPR,False,False,0.9333333333333333,60,50806087.15,Overlapping,True,Risk Off,False,32.83214285714286,922.909,908.5264999999999,0.3649878530766167,4.820571966640812,False,False,No setup,Neutral,0,Not applicable,No directional setup; confirmation score not applicable.,Wide CPR,Wide Upside Watch,Watch,Wide CPR + close above CPR; trend opposes; participation confirmed,0,0,0,0
2026-09-11,2026-09-11,CM,NSE,STK,6156,INE738V01013,ARTNIRMAN,EQ,,,,,ART NIRMAN LIMITED,40.06,40.06,38.0,39.92,39.92,39.87,,39.92,,,2071,81096.77,35,F1,1,,,,,,Cash Only,Unclassified,False,39.32666666666667,39.03,39.623333333333335,39.623333333333335,39.03,0.5933333333333337,1.486305945223782,Wide,Bullish,Above CPR,False,False,0.8833333333333333,60,35947.58,Lower,True,Risk Off,False,1.9300000000000002,40.471000000000004,40.0535,0.30742659758203816,2.2559730029114617,False,False,No setup,Neutral,0,Not applicable,No directional setup; confirmation score not applicable.,Wide CPR,Wide Upside Watch,Watch,Wide CPR + close above CPR; trend opposes; participation confirmed,0,0,0,0
2026-09-11,2026-09-11,CM,NSE,STK,324,INE732I01021,ANGELONE,EQ,,,,,ANGEL ONE LIMITED,295.0,307.4,289.05,305.0,305.0,297.3,,305.0,,,5942668,1771007112.6,60674,F1,1,,,,,,F&O + Cash,Financial Services,True,300.48333333333335,298.225,302.7416666666667,302.7416666666667,298.225,4.5166666666666515,1.4808743169398857,Wide,Bullish,Above CPR,False,False,0.9666666666666667,60,1527043861.9,Overlapping,True,Risk Off,False,10.696428571428571,305.282,317.6819,0.42225932109070535,1.1597617833953062,False,False,No setup,Neutral,0,Not applicable,No directional setup; confirmation score not applicable.,Wide CPR,Wide Upside Watch,Watch,Wide CPR + close above CPR; trend opposes; participation confirmed,0,0,-2,-2
2026-09-11,2026-09-11,CM,NSE,STK,765120,INE227F01010,MKEXIM,EQ,,,,,M K EXIM (INDIA) LTD.,65.9,65.9,61.2,64.99,65.79,65.73,,65.91,,,33700,2118075.26,606,F1,1,,,,,,Cash Only,Unclassified,False,64.03,63.550000000000004,64.50999999999999,64.50999999999999,63.550000000000004,0.9599999999999866,1.4771503308201057,Wide,Bullish,Above CPR,False,False,0.75,20,1089409.46,Lower,True,Risk Off,False,4.1850000000000005,,,0.229390681003581,1.9442416628179453,False,False,No setup,Neutral,0,Not applicable,No directional setup; confirmation score not applicable.,Wide CPR,Wide Upside Watch,Watch,Wide CPR + close above CPR; trend opposes; participation confirmed,0,0,0,0
2026-09-11,2026-09-11,CM,NSE,STK,19142,INE240C01028,UMESLTD,EQ,,,,,USHA MARTIN EDU & SOL LTD,4.99,5.02,4.7,4.97,5.0,5.01,,4.97,,,28419,140013.87,144,F1,1,,,,,,Cash Only,Unclassified,False,4.896666666666666,4.859999999999999,4.933333333333332,4.933333333333332,4.859999999999999,0.07333333333333236,1.4755197853789208,Wide,Bullish,Above CPR,False,False,0.6333333333333333,60,99339.985,Lower,True,Risk Off,False,0.4292857142857143,5.519,5.199199999999999,0.17082640044370265,1.4094412234912255,False,False,No setup,Neutral,0,Not applicable,No directional setup; confirmation score not applicable.,Wide CPR,Wide Upside Watch,Watch,Wide CPR + close above CPR; trend opposes; participation confirmed,0,0,0,0
2026-09-11,2026-09-11,CM,NSE,STK,764613,INE767C01012,AXTEL,EQ,,,,,AXTEL INDUSTRIES LTD.,425.5,448.0,413.0,440.2,440.0,425.1,,440.22,,,20070,8590677.1,750,F1,1,,,,,,Cash Only,Unclassified,False,433.73333333333335,430.5,436.9666666666667,436.9666666666667,430.5,6.466666666666697,1.4690292291382774,Wide,Bullish,Above CPR,False,False,0.95,20,1183283.0,Overlapping,True,Risk Off,False,18.985714285714284,,,0.34060697266115036,7.260035933922823,False,False,No setup,Neutral,0,Not applicable,No directional setup; confirmation score not applicable.,Wide CPR,Wide Upside Watch,Watch,Wide CPR + close above CPR; trend opposes; participation confirmed,0,0,0,0
2026-09-11,2026-09-11,CM,NSE,STK,24932,INE0URU01010,GLOBALE,EQ,,,,,GLOBALE TESSILE LIMITED,11.25,11.39,10.87,11.38,10.92,10.85,,11.38,,,13142,147296.12,59,F1,1,,,,,,Cash Only,Unclassified,False,11.213333333333333,11.129999999999999,11.296666666666667,11.296666666666667,11.129999999999999,0.16666666666666785,1.464557703573531,Wide,Bullish,Above CPR,False,False,0.6666666666666666,60,62786.369999999995,Higher,True,Risk Off,False,0.7214285714285715,11.575800000000001,11.5383,0.23102310231023263,2.345988787056809,False,False,No setup,Neutral,0,Not applicable,No directional setup; confirmation score not applicable.,Wide CPR,Wide Upside Watch,Watch,Wide CPR + close above CPR; trend opposes; participation confirmed,0,0,0,0
2026-09-11,2026-09-11,CM,NSE,STK,6711,INE050B01023,IVC,EQ,,,,,IL&FS INVESTMENT MANAGERS,9.57,9.57,9.05,9.11,9.15,9.68,,9.12,,,1429459,13224827.53,2695,F1,1,,,,,,Cash Only,Unclassified,False,9.243333333333334,9.31,9.176666666666668,9.31,9.176666666666668,0.13333333333333286,1.4635931211123256,Wide,Bearish,Below CPR,False,False,0.9166666666666666,60,1472355.1400000001,Lower,True,Risk Off,False,0.5500000000000004,8.5536,8.2768,0.2424242424242414,8.982090781440133,True,True,No setup,Neutral,0,Not applicable,No directional setup; confirmation score not applicable.,Wide CPR,Wide Downside Watch,Watch,Wide CPR + close below CPR; trend opposes; participation confirmed,0,0,0,0
2026-09-11,2026-09-11,CM,NSE,STK,18422,INE363A01022,ASIANHOTNR,EQ,,,,,ASIAN HOTELS (NORTH) LTD,384.6,404.0,370.1,378.8,402.0,382.15,,378.74,,,26340,10017011.15,1111,F1,1,,,,,,Cash Only,Unclassified,False,384.3,387.05,381.55,387.05,381.55,5.5,1.4519535374868002,Wide,Bearish,Below CPR,False,False,0.8333333333333334,60,5394188.449999999,Overlapping,True,Risk Off,False,24.842857142857135,323.357,311.23800000000006,0.22139160437032784,1.8570005929251512,True,True,No setup,Neutral,0,Not applicable,No directional setup; confirmation score not applicable.,Wide CPR,Wide Downside Watch,Watch,Wide CPR + close below CPR; trend opposes; participation confirmed,0,0,0,0
2026-09-11,2026-09-11,CM,NSE,STK,2809,INE562B01019,RAJSREESUG,EQ,,,,,RAJSHREE SUGAR & CHEMICAL,33.7,34.89,32.81,33.13,33.2,33.66,,33.13,,,87667,2932929.34,1049,F1,1,,,,,,Cash Only,Unclassified,False,33.61000000000001,33.85,33.37000000000001,33.85,33.37000000000001,0.47999999999998977,1.448837911258647,Wide,Bearish,Below CPR,False,False,0.8666666666666667,60,1109782.8900000001,Lower,True,Risk Off,False,2.1964285714285716,33.117799999999995,33.4901,0.21853658536584897,2.642795601218901,True,False,No setup,Neutral,0,Not applicable,No directional setup; confirmation score not applicable.,Wide CPR,Wide Downside Watch,Watch,Wide CPR + close below CPR; trend mixed; participation confirmed,0,0,0,0
2026-09-11,2026-09-11,CM,NSE,STK,24145,INE03DD01011,RETAIL,EQ,,,,,JHS SVENDGAARD RETAIL V L,16.52,17.39,16.15,17.14,17.28,16.6,,17.14,,,2912,49015.15,34,F1,1,,,,,,Cash Only,Unclassified,False,16.893333333333334,16.77,17.01666666666667,17.01666666666667,16.77,0.2466666666666697,1.4391287436795197,Wide,Bullish,Above CPR,False,False,0.7166666666666667,60,55002.345,Overlapping,True,Risk Off,False,1.3035714285714286,17.406399999999998,18.3052,0.18922374429223976,0.8911465502061776,False,False,No setup,Neutral,0,Not applicable,No directional setup; confirmation score not applicable.,Wide CPR,Wide Upside Watch,Watch,Wide CPR + close above CPR; trend opposes; participation light,0,0,0,0
2026-09-11,2026-09-11,CM,NSE,STK,10285,INE193B01039,AYMSYNTEX,EQ,,,,,AYM SYNTEX LIMITED,294.9,294.9,280.5,281.65,283.0,293.1,,281.64,,,93298,26578134.25,2129,F1,1,,,,,,Cash Only,Unclassified,False,285.68333333333334,287.7,283.6666666666667,287.7,283.6666666666667,4.033333333333303,1.4320373986626322,Wide,Bearish,Below CPR,False,False,0.8666666666666667,60,11304457.535,Lower,True,Risk Off,False,20.31071428571428,258.972,242.72299999999998,0.1985815602836865,2.3511198275291676,True,True,No setup,Neutral,0,Not applicable,No directional setup; confirmation score not applicable.,Wide CPR,Wide Downside Watch,Watch,Wide CPR + close below CPR; trend opposes; participation confirmed,0,0,0,0
2026-09-11,2026-09-11,CM,NSE,STK,1937,INE268B01013,KREBSBIO,EQ,,,,,KREBS BIOCHEMICALS & IND,62.89,62.89,57.07,58.72,59.73,61.47,,58.72,,,8042,476731.23,322,F1,1,,,,,,Cash Only,Unclassified,False,59.56,59.980000000000004,59.14,59.980000000000004,59.14,0.8400000000000034,1.430517711171668,Wide,Bearish,Below CPR,False,False,0.8666666666666667,60,268078.405,Lower,True,Risk Off,False,3.8685714285714283,55.2512,57.3219,0.2171344165435755,1.7783276127743297,True,True,No setup,Neutral,0,Not applicable,No directional setup; confirmation score not applicable.,Wide CPR,Wide Downside Watch,Watch,Wide CPR + close below CPR; trend opposes; participation confirmed,0,0,0,0
2026-09-11,2026-09-11,CM,NSE,STK,17801,INE093R01011,LLOYDSENGG,EQ,,,,,LLOYDS ENGG WORK LIMITED,80.0,83.5,78.5,82.76,83.05,80.55,,82.76,,,8020345,646832322.96,30072,F1,1,,,,,,Cash Only,Unclassified,False,81.58666666666666,81.0,82.17333333333332,82.17333333333332,81.0,1.1733333333333178,1.4177541485419498,Wide,Bullish,Above CPR,False,False,0.8,60,716973197.19,Overlapping,True,Risk Off,False,2.8892857142857133,88.57639999999999,80.1999,0.4060980634528172,0.9021708558912663,False,True,No setup,Neutral,0,Not applicable,No directional setup; confirmation score not applicable.,Wide CPR,Wide Upside Watch,Watch,Wide CPR + close above CPR; trend mixed; participation light,0,0,0,0
2026-09-11,2026-09-11,CM,NSE,STK,11496,INE792B01012,AMBICAAGAR,EQ,,,,,AMBICA AGAR & AROMAINDLTD,25.5,26.29,24.75,24.99,24.86,25.49,,24.99,,,21404,535204.77,166,F1,1,,,,,,Cash Only,Unclassified,False,25.343333333333334,25.52,25.166666666666668,25.52,25.166666666666668,0.3533333333333317,1.4138988928904832,Wide,Bearish,Below CPR,False,False,0.95,60,81908.20999999999,Lower,True,Risk Off,False,1.7028571428571424,24.9502,24.571099999999998,0.2074944071588358,6.534201760727039,True,True,No setup,Neutral,0,Not applicable,No directional setup; confirmation score not applicable.,Wide CPR,Wide Downside Watch,Watch,Wide CPR + close below CPR; trend opposes; participation confirmed,0,0,0,0
2026-09-11,2026-09-11,CM,NSE,STK,14319,INE804H01012,TFL,EQ,,,,,TRANSWARRANTY FIN. LTD.,12.05,12.46,11.64,11.8,11.81,12.11,,11.8,,,10799,127247.88,107,F1,1,,,,,,Cash Only,Unclassified,False,11.966666666666669,12.05,11.883333333333336,12.05,11.883333333333336,0.1666666666666643,1.4124293785310533,Wide,Bearish,Below CPR,False,False,0.8166666666666667,60,88256.61499999999,Lower,True,Risk Off,False,0.8278571428571427,11.488399999999999,11.861399999999998,0.20132297958009496,1.4417942496434972,True,False,No setup,Neutral,0,Not applicable,No directional setup; confirmation score not applicable.,Wide CPR,Wide Downside Watch,Watch,Wide CPR + close below CPR; trend mixed; participation confirmed,0,0,0,0
2026-09-11,2026-09-11,CM,NSE,STK,764793,INE653C01022,NICCOPAR,EQ,,,,,NICCO PARKS & RESORTS LTD,80.5,83.0,79.5,83.0,83.0,80.02,,81.61,,,306,24587.72,7,F1,1,,,,,,Cash Only,Unclassified,False,81.83333333333333,81.25,82.41666666666666,82.41666666666666,81.25,1.1666666666666572,1.405622489959828,Wide,Bullish,Above CPR,False,False,0.8947368421052632,19,146925.55,Higher,False,Risk Off,False,6.046428571428572,,,0.1929513683796007,0.16734815694070912,False,False,No setup,Neutral,0,Not applicable,No directional setup; confirmation score not applicable.,Wide CPR,Wide Upside Watch,Watch,Wide CPR + close above CPR; trend opposes; participation light,0,0,0,0
2026-09-11,2026-09-11,CM,NSE,STK,765045,INE298W01016,CHEMCRUX,EQ,,,,,CHEMCRUX ENTERPRISES LTD.,86.75,86.75,81.5,82.4,82.1,85.52,,82.37,,,3233,268557.34,148,F1,1,,,,,,Cash Only,Unclassified,False,83.55,84.125,82.975,84.125,82.975,1.1500000000000057,1.3956310679611719,Wide,Bearish,Below CPR,False,False,1.0,20,273024.9,Lower,True,Risk Off,False,3.595000000000003,,,0.31988873435326975,0.9836368038226551,False,False,No setup,Neutral,0,Not applicable,No directional setup; confirmation score not applicable.,Wide CPR,Wide Downside Watch,Watch,Wide CPR + close below CPR; trend aligned; participation light,0,0,0,0
2026-09-11,2026-09-11,CM,NSE,STK,764783,INE829S01016,MSL,EQ,,,,,MANGALAM SEEDS LTD.,149.0,149.0,140.0,141.56,141.2,149.0,,141.56,,,236,33671.4,12,F1,1,,,,,,Cash Only,Unclassified,False,143.52,144.5,142.54000000000002,144.5,142.54000000000002,1.9599999999999795,1.384571912969751,Wide,Bearish,Below CPR,False,False,0.8,20,35755.455,Lower,True,Risk Off,False,6.647142857142858,,,0.294863528906079,0.9417136490082423,False,False,No setup,Neutral,0,Not applicable,No directional setup; confirmation score not applicable.,Wide CPR,Wide Downside Watch,Watch,Wide CPR + close below CPR; trend aligned; participation light,0,0,0,0
2026-09-11,2026-09-11,CM,NSE,STK,17794,INE323J01019,SOMICONVEY,EQ,,,,,SOMI CONVEYOR BELT. LTD.,97.6,97.6,92.12,92.93,92.21,92.76,,92.93,,,10309,963422.3,373,F1,1,,,,,,Cash Only,Unclassified,False,94.21666666666665,94.86,93.57333333333331,94.86,93.57333333333331,1.2866666666666902,1.3845546827361348,Wide,Bearish,Below CPR,False,False,0.8166666666666667,60,1616486.1400000001,Overlapping,True,Risk Off,False,4.881428571428572,94.42360000000001,99.84449999999998,0.2635840405814115,0.5959978722737456,False,False,No setup,Neutral,0,Not applicable,No directional setup; confirmation score not applicable.,Wide CPR,Wide Downside Watch,Watch,Wide CPR + close below CPR; trend aligned; participation light,0,0,-2,-2
2026-09-11,2026-09-11,CM,NSE,STK,25340,INE590L01019,VASWANI,EQ,,,,,VASWANI IND LTD,46.01,47.99,45.67,45.88,45.77,46.41,,45.88,,,13498,624258.37,128,F1,1,,,,,,Cash Only,Unclassified,False,46.51333333333333,46.83,46.19666666666666,46.83,46.19666666666666,0.63333333333334,1.3804126707352657,Wide,Bearish,Below CPR,False,False,0.95,60,955497.8500000001,Outside,True,Risk Off,False,2.172857142857143,50.635,53.6289,0.29147490685952526,0.6533330975051382,False,False,No setup,Neutral,0,Not applicable,No directional setup; confirmation score not applicable.,Wide CPR,Wide Downside Watch,Watch,Wide CPR + close below CPR; trend aligned; participation light,0,0,0,0
2026-09-11,2026-09-11,CM,NSE,STK,15283,INE634I01029,KNRCON,EQ,,,,,KNR CONSTRU LTD.,123.11,126.54,119.61,125.66,125.7,123.68,,125.64,,,2245207,275912633.46,21347,F1,1,,,,,,Cash Only,Unclassified,False,123.93666666666667,123.075,124.79833333333333,124.79833333333333,123.075,1.7233333333333292,1.3714255398164326,Wide,Bullish,Above CPR,False,False,0.9166666666666666,60,112545185.525,Overlapping,True,Risk Off,False,4.805714285714288,126.26520000000001,128.06820000000002,0.35860087197780316,2.451572070123876,False,False,No setup,Neutral,0,Not applicable,No directional setup; confirmation score not applicable.,Wide CPR,Wide Upside Watch,Watch,Wide CPR + close above CPR; trend opposes; participation confirmed,0,0,0,0
2026-09-11,2026-09-11,CM,NSE,STK,6068,INE801L01010,AIROLAM,EQ,,,,,AIRO LAM LIMITED,87.95,87.95,83.98,84.25,84.25,85.37,,84.25,,,1901,160899.33,82,F1,1,,,,,,Cash Only,Unclassified,False,85.39333333333333,85.965,84.82166666666666,85.965,84.82166666666666,1.143333333333345,1.357072205736908,Wide,Bearish,Below CPR,False,False,0.9333333333333333,60,190232.25,Overlapping,True,Risk Off,False,2.933571428571429,88.2616,87.1391,0.38974109244379906,0.8458046939990458,False,False,No setup,Neutral,0,Not applicable,No directional setup; confirmation score not applicable.,Wide CPR,Wide Downside Watch,Watch,Wide CPR + close below CPR; trend aligned; participation light,0,0,0,0
2026-09-11,2026-09-11,CM,NSE,STK,756090,INE0OC301013,TURTLEMINT,EQ,,,,,TURTLEMINT FINTECH SOLS L,131.99,136.87,129.84,136.12,135.77,131.84,,136.13,,,589477,78587701.28,8234,F1,1,,,,,,Cash Only,Unclassified,False,134.27666666666667,133.35500000000002,135.19833333333332,135.19833333333332,133.35500000000002,1.8433333333333053,1.3541972769125075,Wide,Bullish,Above CPR,False,False,0.7454545454545455,55,126417569.32,Overlapping,True,Risk Off,False,7.0200000000000005,134.6314,,0.26258309591642526,0.6216517348239108,True,False,No setup,Neutral,0,Not applicable,No directional setup; confirmation score not applicable.,Wide CPR,Wide Upside Watch,Watch,Wide CPR + close above CPR; trend mixed; participation light,0,0,0,0
2026-09-11,2026-09-11,CM,NSE,STK,13035,INE429E01023,SAFARI,EQ,,,,,SAFARI IND (INDIA) LTD,1500.0,1556.8,1470.0,1544.7,1542.0,1501.6,,1544.65,,,115745,175778280.1,13455,F1,1,,,,,,Cash Only,Unclassified,False,1523.8333333333333,1513.4,1534.2666666666664,1534.2666666666664,1513.4,20.866666666666333,1.3508556138192744,Wide,Bullish,Above CPR,False,False,1.0,60,38762481.25,Overlapping,True,Risk Off,False,40.49285714285715,1547.63,1543.9990000000003,0.5153172223202128,4.534753050670615,False,True,No setup,Neutral,0,Not applicable,No directional setup; confirmation score not applicable.,Wide CPR,Wide Upside Watch,Watch,Wide CPR + close above CPR; trend mixed; participation confirmed,0,0,-2,-2
2026-09-11,2026-09-11,CM,NSE,STK,765931,INE1M2N01020,DEEPA,EQ,,,,,DEEPA JEWELLERS LIMITED,194.0,194.25,185.0,185.86,186.0,196.04,,185.85,,,3500638,664510774.22,37846,F1,1,,,,,,Cash Only,Unclassified,False,188.37,189.625,187.115,189.625,187.115,2.509999999999991,1.350478855052185,Wide,Bearish,Below CPR,False,False,0.75,4,1916523689.06,Lower,False,Risk Off,False,,,,,0.34672713831464486,False,False,No setup,Neutral,0,Not applicable,No directional setup; confirmation score not applicable.,Wide CPR,Wide Downside Watch,Watch,Wide CPR + close below CPR; trend aligned; participation light,0,0,0,0
2026-09-11,2026-09-11,CM,NSE,STK,14599,INE0JSX01015,GSLSU,EQ,,,,,GLOBAL SURFACES LIMITED,27.5,28.58,26.78,28.25,28.0,27.22,,28.25,,,76411,2139198.81,809,F1,1,,,,,,Cash Only,Unclassified,False,27.87,27.68,28.060000000000002,28.060000000000002,27.68,0.38000000000000256,1.345132743362841,Wide,Bullish,Above CPR,False,False,0.43333333333333335,60,3212837.54,Higher,True,Risk Off,False,1.762142857142857,30.111,41.4243,0.21564653425212957,0.6658285031119252,False,False,No setup,Neutral,0,Not applicable,No directional setup; confirmation score not applicable.,Wide CPR,Wide Upside Watch,Watch,Wide CPR + close above CPR; trend opposes; participation light,0,0,0,0
2026-09-11,2026-09-11,CM,NSE,STK,2241,INE794W01014,MODTHREAD,EQ,,,,,MODERN THREADS INDIA LTD,51.02,53.5,50.21,52.92,52.94,51.62,,53.46,,,1510,79406.06,70,F1,1,,,,,,Cash Only,Unclassified,False,52.21,51.855000000000004,52.565,52.565,51.855000000000004,0.7099999999999937,1.341647770219187,Wide,Bullish,Above CPR,False,False,0.6166666666666667,60,82540.545,Overlapping,True,Risk Off,False,4.107857142857143,50.2694,48.0826,0.17283950617283797,0.9620249054570696,True,True,No setup,Neutral,0,Not applicable,No directional setup; confirmation score not applicable.,Wide CPR,Wide Upside Watch,Watch,Wide CPR + close above CPR; trend aligned; participation light,0,0,0,0
2026-09-11,2026-09-11,CM,NSE,STK,2969,INE623A01011,SAKHTISUG,EQ,,,,,SAKTHI SUGARS LTD,19.19,21.55,19.05,19.9,19.94,19.19,,19.88,,,421371,8492879.24,1741,F1,1,,,,,,Cash Only,Unclassified,False,20.166666666666668,20.3,20.033333333333335,20.3,20.033333333333335,0.2666666666666657,1.3400335008375164,Wide,Bearish,Below CPR,False,False,0.95,60,1528337.2,Higher,True,Risk Off,False,1.1592857142857138,18.3366,18.1281,0.23002669952762303,5.5569407327126505,True,True,No setup,Neutral,0,Not applicable,No directional setup; confirmation score not applicable.,Wide CPR,Wide Downside Watch,Watch,Wide CPR + close below CPR; trend opposes; participation confirmed,0,0,0,0
2026-09-11,2026-09-11,CM,NSE,STK,3363,INE195A01028,SUPREMEIND,EQ,,,,,SUPREME INDUSTRIES LTD,3499.1,3499.1,3364.4,3364.4,3364.4,3510.0,,3364.42,,,130229,443160175.1,15620,F1,1,,,,,,F&O + Cash,Capital Goods,True,3409.2999999999997,3431.75,3386.8499999999995,3431.75,3386.8499999999995,44.900000000000546,1.3345618832481436,Wide,Bearish,Below CPR,False,False,0.95,60,610456449.3499999,Lower,True,Risk Off,False,89.73571428571434,3475.002,3503.469,0.5003581946987242,0.7259488790262874,False,False,No setup,Neutral,0,Not applicable,No directional setup; confirmation score not applicable.,Wide CPR,Wide Downside Watch,Watch,Wide CPR + close below CPR; trend aligned; participation light,0,0,0,0
2026-09-11,2026-09-11,CM,NSE,STK,31234,INE839M01018,SCHNEIDER,EQ,,,,,SCHNEIDER ELECTRIC INFRA,1180.0,1237.0,1168.0,1227.0,1225.0,1194.9,,1227.06,,,261523,318045037.6,19296,F1,1,,,,,,Cash Only,Capital Goods,True,1210.6666666666667,1202.5,1218.8333333333335,1218.8333333333335,1202.5,16.333333333333485,1.3311600108666248,Wide,Bullish,Above CPR,False,False,0.7833333333333333,60,402035219.3,Higher,True,Risk Off,False,46.87857142857141,1305.66,1205.72,0.3484178983188616,0.7910875026167142,False,True,No setup,Neutral,0,Not applicable,No directional setup; confirmation score not applicable.,Wide CPR,Wide Upside Watch,Watch,Wide CPR + close above CPR; trend mixed; participation light,0,0,0,0
2026-09-11,2026-09-11,CM,NSE,STK,4157,INE681C01015,KEYFINSERV,EQ,,,,,KEYNOTE FIN SERV LTD.,249.95,249.95,238.0,239.2,239.15,242.95,,239.11,,,800,194578.9,75,F1,1,,,,,,Cash Only,Unclassified,False,242.38333333333333,243.975,240.79166666666666,243.975,240.79166666666666,3.183333333333337,1.3308249721293215,Wide,Bearish,Below CPR,False,False,0.9166666666666666,60,282819.70499999996,Lower,True,Risk Off,False,9.460714285714285,257.8628,263.2955,0.3364791745312701,0.6879962624952176,False,False,No setup,Neutral,0,Not applicable,No directional setup; confirmation score not applicable.,Wide CPR,Wide Downside Watch,Watch,Wide CPR + close below CPR; trend aligned; participation light,0,0,0,0
2026-09-11,2026-09-11,CM,NSE,STK,21469,INE350C01017,OPTIEMUS,EQ,,,,,OPTIEMUS INFRACOM LTD,551.0,570.0,540.0,566.25,567.75,557.65,,566.34,,,169027,94823452.0,6530,F1,1,,,,,,Cash Only,Unclassified,False,558.75,555.0,562.5,562.5,555.0,7.5,1.3245033112582782,Wide,Bullish,Above CPR,False,False,0.9,60,108648144.82499999,Outside,True,Risk Off,False,21.71785714285713,576.547,505.36800000000005,0.3453379378391714,0.8727572123088942,False,True,No setup,Neutral,0,Not applicable,No directional setup; confirmation score not applicable.,Wide CPR,Wide Upside Watch,Watch,Wide CPR + close above CPR; trend mixed; participation light,0,0,0,0
2026-09-11,2026-09-11,CM,NSE,STK,8311,INE472A01039,BLUESTARCO,EQ,,,,,BLUE STAR LIMITED,1500.0,1565.1,1489.0,1558.0,1558.0,1514.0,,1558.0,,,1336366,2065656749.5,58931,F1,1,,,,,,F&O + Cash,Consumer Durables,True,1537.3666666666668,1527.05,1547.6833333333336,1547.6833333333336,1527.05,20.633333333333667,1.3243474540008773,Wide,Bullish,Above CPR,False,False,0.95,60,497397699.1,Higher,True,Risk Off,False,42.828571428571436,1578.5180000000003,1625.536,0.48176562152546915,4.152927834683664,False,False,No setup,Neutral,0,Not applicable,No directional setup; confirmation score not applicable.,Wide CPR,Wide Upside Watch,Watch,Wide CPR + close above CPR; trend opposes; participation confirmed,0,0,0,0
2026-09-11,2026-09-11,CM,NSE,STK,8132,INE791A01024,BLBLIMITED,EQ,,,,,BLB LIMITED,15.98,17.3,15.6,16.13,16.0,15.98,,16.13,,,420547,6747711.42,643,F1,1,,,,,,Cash Only,Unclassified,False,16.343333333333334,16.45,16.236666666666668,16.45,16.236666666666668,0.21333333333333115,1.3225873114279676,Wide,Bearish,Below CPR,False,False,0.8333333333333334,60,1107016.245,Higher,True,Risk Off,False,0.9078571428571428,16.0502,15.786900000000001,0.23498557566220585,6.095404155518963,True,True,No setup,Neutral,0,Not applicable,No directional setup; confirmation score not applicable.,Wide CPR,Wide Downside Watch,Watch,Wide CPR + close below CPR; trend opposes; participation confirmed,0,0,0,0
2026-09-11,2026-09-11,CM,NSE,STK,13441,INE083D01012,BALPHARMA,EQ,,,,,BAL PHARMA LTD.,105.6,114.95,104.13,107.42,107.7,106.21,,107.42,,,316936,35109035.12,3600,F1,1,,,,,,Cash Only,Unclassified,False,108.83333333333333,109.53999999999999,108.12666666666667,109.53999999999999,108.12666666666667,1.413333333333327,1.3157078135666793,Wide,Bearish,Below CPR,False,False,0.9,60,1646933.3250000002,Overlapping,True,Risk Off,False,6.645714285714287,87.81859999999999,85.30609999999999,0.21266838635712138,21.31782421732221,True,True,No setup,Neutral,0,Not applicable,No directional setup; confirmation score not applicable.,Wide CPR,Wide Downside Watch,Watch,Wide CPR + close below CPR; trend opposes; participation confirmed,0,0,0,0
2026-09-11,2026-09-11,CM,NSE,STK,3807,INE505Y01010,VINEETLAB,EQ,,,,,VINEET LABORATORIES LTD,37.09,37.57,35.01,37.02,37.57,35.79,,37.02,,,71650,2605822.63,450,F1,1,,,,,,Cash Only,Unclassified,False,36.53333333333333,36.29,36.776666666666664,36.776666666666664,36.29,0.4866666666666646,1.3146047181703526,Wide,Bullish,Above CPR,False,False,0.75,60,2672302.9699999997,Overlapping,True,Risk Off,False,1.9557142857142844,35.517599999999995,33.7057,0.24884343803262632,0.9751224540232428,True,True,No setup,Neutral,0,Not applicable,No directional setup; confirmation score not applicable.,Wide CPR,Wide Upside Watch,Watch,Wide CPR + close above CPR; trend aligned; participation light,0,0,0,0
2026-09-11,2026-09-11,CM,NSE,STK,13740,INE635A01023,SHYAMTEL,EQ,,,,,SHYAM TELECOM LIMITED,11.5,11.5,11.01,11.48,11.49,11.5,,11.48,,,3685,42256.64,22,F1,1,,,,,,Cash Only,Unclassified,False,11.329999999999998,11.254999999999999,11.404999999999998,11.404999999999998,11.254999999999999,0.14999999999999858,1.306620209059221,Wide,Bullish,Above CPR,False,False,0.4666666666666667,60,83047.805,Overlapping,True,Risk Off,False,0.8849999999999998,11.2194,11.057700000000002,0.16949152542372725,0.508823080874925,True,True,No setup,Neutral,0,Not applicable,No directional setup; confirmation score not applicable.,Wide CPR,Wide Upside Watch,Watch,Wide CPR + close above CPR; trend aligned; participation light,0,0,0,0
2026-09-11,2026-09-11,CM,NSE,STK,759079,INE0VOV01021,DEVX,EQ,,,,,DEV ACCELERATOR LIMITED,32.88,34.2,32.57,34.05,33.99,32.99,,34.05,,,150339,5041989.72,601,F1,1,,,,,,Cash Only,Unclassified,False,33.60666666666667,33.385000000000005,33.82833333333333,33.82833333333333,33.385000000000005,0.44333333333332803,1.30200685266763,Wide,Bullish,Above CPR,False,False,0.8666666666666667,60,2881696.165,Higher,True,Risk Off,False,1.7064285714285716,34.1602,36.388600000000004,0.25980186968047686,1.7496604191788552,False,False,No setup,Neutral,0,Not applicable,No directional setup; confirmation score not applicable.,Wide CPR,Wide Upside Watch,Watch,Wide CPR + close above CPR; trend opposes; participation confirmed,0,0,0,0
2026-09-11,2026-09-11,CM,NSE,STK,24582,INE08NE01025,SANSTAR,EQ,,,,,SANSTAR LIMITED,107.95,111.2,105.55,110.53,110.2,107.38,,110.51,,,202115,21980533.89,2226,F1,1,,,,,,Cash Only,Unclassified,False,109.09333333333332,108.375,109.81166666666664,109.81166666666664,108.375,1.436666666666639,1.2997979432431366,Wide,Bullish,Above CPR,False,False,0.85,60,21939428.244999997,Higher,True,Risk Off,False,4.099285714285716,110.745,109.56729999999999,0.35046756113143296,1.0018735969115042,False,True,No setup,Neutral,0,Not applicable,No directional setup; confirmation score not applicable.,Wide CPR,Wide Upside Watch,Watch,Wide CPR + close above CPR; trend mixed; participation confirmed,0,0,0,0
2026-09-11,2026-09-11,CM,NSE,STK,2909,INE209B01025,RICOAUTO,EQ,,,,,RICO AUTO INDUSTRIES LTD,129.25,136.0,127.11,134.17,134.01,130.31,,134.16,,,1711893,227830468.9,17151,F1,1,,,,,,Cash Only,Unclassified,False,132.42666666666665,131.555,133.2983333333333,133.2983333333333,131.555,1.7433333333332826,1.2993466000844323,Wide,Bullish,Above CPR,False,False,0.8666666666666667,60,190834161.38,Higher,True,Risk Off,False,4.427142857142857,134.3594,129.7797,0.3937829407335585,1.1938662724350009,False,True,No setup,Neutral,0,Not applicable,No directional setup; confirmation score not applicable.,Wide CPR,Wide Upside Watch,Watch,Wide CPR + close above CPR; trend mixed; participation confirmed,0,0,0,0
2026-09-11,2026-09-11,CM,NSE,STK,10932,INE874F01027,RADAAN,EQ,,,,,RADAAN MEDIAWORKS (I) LTD,2.81,2.96,2.81,2.83,2.85,2.87,,2.85,,,9763,27962.63,99,F1,1,,,,,,Cash Only,Unclassified,False,2.8666666666666667,2.885,2.8483333333333336,2.885,2.8483333333333336,0.03666666666666618,1.2956419316843173,Wide,Bearish,Below CPR,False,False,0.8333333333333334,60,53282.66499999999,Lower,True,Risk Off,False,0.2007142857142857,2.9978,3.0592,0.1826809015421091,0.5247978868924819,False,False,No setup,Neutral,0,Not applicable,No directional setup; confirmation score not applicable.,Wide CPR,Wide Downside Watch,Watch,Wide CPR + close below CPR; trend aligned; participation light,0,0,0,0
2026-09-11,2026-09-11,CM,NSE,STK,14843,INE450G01024,VIPCLOTHNG,EQ,,,,,VIP CLOTHING LIMITED,21.26,21.88,20.05,21.38,21.7,21.26,,21.27,,,69320,1460577.81,327,F1,1,,,,,,Cash Only,Unclassified,False,21.103333333333335,20.965,21.24166666666667,21.24166666666667,20.965,0.27666666666667084,1.2940442781415848,Wide,Bullish,Above CPR,False,False,0.7333333333333333,60,2661336.5700000003,Lower,True,Risk Off,False,0.9328571428571423,21.8668,21.926099999999998,0.29657988769780963,0.5488136399072591,False,False,No setup,Neutral,0,Not applicable,No directional setup; confirmation score not applicable.,Wide CPR,Wide Upside Watch,Watch,Wide CPR + close above CPR; trend opposes; participation light,0,0,-2,-2
2026-09-11,2026-09-11,CM,NSE,STK,781,INE495A01022,DALMIASUG,EQ,,,,,DALMIA BHARAT SUG IN LTD,430.0,436.9,414.0,417.35,418.6,431.5,,417.35,,,313193,133374222.0,9719,F1,1,,,,,,Cash Only,Unclassified,False,422.75,425.45,420.05,425.45,420.05,5.399999999999977,1.2938780400143708,Wide,Bearish,Below CPR,False,False,0.8333333333333334,60,85176536.625,Lower,True,Risk Off,False,23.871428571428563,411.901,381.66,0.22621184919209966,1.5658563647310073,True,True,No setup,Neutral,0,Not applicable,No directional setup; confirmation score not applicable.,Wide CPR,Wide Downside Watch,Watch,Wide CPR + close below CPR; trend opposes; participation confirmed,0,0,0,0
2026-09-11,2026-09-11,CM,NSE,STK,759176,INE906O01029,TIGERLOGS,EQ,,,,,TIGER LOGISTICS (INDIA) L,27.11,28.42,26.95,27.16,27.06,27.73,,27.17,,,76584,2089790.18,649,F1,1,,,,,,Cash Only,Unclassified,False,27.51,27.685000000000002,27.335,27.685000000000002,27.335,0.3500000000000014,1.2886597938144384,Wide,Bearish,Below CPR,False,False,0.6333333333333333,60,3498839.635,Overlapping,True,Risk Off,False,1.5307142857142861,30.983600000000003,30.795900000000003,0.22865142323845164,0.5972809268236153,False,False,No setup,Neutral,0,Not applicable,No directional setup; confirmation score not applicable.,Wide CPR,Wide Downside Watch,Watch,Wide CPR + close below CPR; trend aligned; participation light,0,0,-2,-2
2026-09-11,2026-09-11,CM,NSE,STK,765075,INE299D01022,HAMPTON,EQ,,,,,HAMPTON SKY REALTY LTD.,8.39,8.39,8.02,8.05,8.05,8.4,,8.06,,,6475,52553.1,111,F1,1,,,,,,Cash Only,Unclassified,False,8.153333333333334,8.205,8.101666666666668,8.205,8.101666666666668,0.10333333333333172,1.2836438923395244,Wide,Bearish,Below CPR,False,False,0.55,20,212464.355,Lower,True,Risk Off,False,0.747857142857143,,,0.1381725565106632,0.24735019669534683,False,False,No setup,Neutral,0,Not applicable,No directional setup; confirmation score not applicable.,Wide CPR,Wide Downside Watch,Watch,Wide CPR + close below CPR; trend aligned; participation light,0,0,0,0
2026-09-11,2026-09-11,CM,NSE,STK,762163,INE0LZF01039,CORDELIA,EQ,,,,,WATERWAYS LEISURE TOUR L,109.38,114.32,107.05,112.85,112.95,109.44,,112.84,,,3486070,389495209.44,18032,F1,1,,,,,,Cash Only,Unclassified,False,111.40666666666668,110.685,112.12833333333336,112.12833333333336,110.685,1.4433333333333564,1.2789839019347422,Wide,Bullish,Above CPR,False,False,0.8113207547169812,53,266419060.5,Higher,True,Risk Off,False,72.2192857142857,635.5334,,0.019985427978940127,1.461964503249196,False,False,No setup,Neutral,0,Not applicable,No directional setup; confirmation score not applicable.,Wide CPR,Wide Upside Watch,Watch,Wide CPR + close above CPR; trend opposes; participation confirmed,0,0,0,0
2026-09-11,2026-09-11,CM,NSE,STK,1547,INE786W01010,RKEC,EQ,,,,,RKEC PROJECTS LIMITED,19.17,19.65,18.27,19.33,19.42,19.17,,19.33,,,39692,758977.41,408,F1,1,,,,,,Cash Only,Unclassified,False,19.083333333333332,18.96,19.206666666666663,19.206666666666663,18.96,0.2466666666666626,1.276082083117758,Wide,Bullish,Above CPR,False,False,0.6333333333333333,60,762886.2,Lower,True,Risk Off,False,1.6221428571428567,24.7202,28.074700000000004,0.1520622339644772,0.994876313138185,False,False,No setup,Neutral,0,Not applicable,No directional setup; confirmation score not applicable.,Wide CPR,Wide Upside Watch,Watch,Wide CPR + close above CPR; trend opposes; participation light,0,0,0,0
2026-09-11,2026-09-11,CM,NSE,STK,25907,INE377N01017,WAAREEENER,EQ,,,,,WAAREE ENERGIES LIMITED,2543.3,2635.0,2515.1,2625.0,2625.0,2548.0,,2625.02,,,1067044,2754527394.5,48426,F1,1,,,,,,F&O + Cash,Capital Goods,True,2591.7000000000003,2575.05,2608.3500000000004,2608.3500000000004,2575.05,33.30000000000018,1.2685714285714356,Wide,Bullish,Above CPR,False,False,1.0,60,1470509129.6,Higher,True,Risk Off,False,56.20714285714286,2701.828,2900.5959999999995,0.5924513915364119,1.8731793900859848,False,False,No setup,Neutral,0,Not applicable,No directional setup; confirmation score not applicable.,Wide CPR,Wide Upside Watch,Watch,Wide CPR + close above CPR; trend opposes; participation confirmed,0,0,-2,-2
2026-09-11,2026-09-11,CM,NSE,STK,765130,INE154B01023,MOHITE,EQ,,,,,MOHITE INDUSTRIES LTD.,2.78,2.78,2.38,2.63,2.71,2.75,,2.63,,,242470,618302.24,237,F1,1,,,,,,Cash Only,Unclassified,False,2.5966666666666667,2.58,2.6133333333333333,2.6133333333333333,2.58,0.033333333333333215,1.2674271229404266,Wide,Bullish,Above CPR,False,False,0.6,20,135563.79,Lower,True,Risk Off,False,0.23928571428571416,,,0.13930348258706426,4.560968972614295,False,False,No setup,Neutral,0,Not applicable,No directional setup; confirmation score not applicable.,Wide CPR,Wide Upside Watch,Watch,Wide CPR + close above CPR; trend opposes; participation confirmed,0,0,0,0
2026-09-11,2026-09-11,CM,NSE,STK,14677,INE826C01016,GUJAPOLLO,EQ,,,,,GUJ. APOLLO IND. LTD.,333.05,350.0,333.0,348.1,350.0,338.35,,348.1,,,12367,4247415.25,311,F1,1,,,,,,Cash Only,Unclassified,False,343.7,341.5,345.9,345.9,341.5,4.399999999999977,1.264004596380344,Wide,Bullish,Above CPR,False,False,0.85,60,2347865.075,Overlapping,True,Risk Off,False,14.600000000000003,351.78200000000004,371.86400000000003,0.301369863013697,1.809054231960071,False,False,No setup,Neutral,0,Not applicable,No directional setup; confirmation score not applicable.,Wide CPR,Wide Upside Watch,Watch,Wide CPR + close above CPR; trend opposes; participation confirmed,0,0,0,0
2026-09-11,2026-09-11,CM,NSE,STK,10717,INE289C01025,TEAMGTY,EQ,,,,,TEAM INDIA GUARANTY LTD,243.8,243.8,235.0,235.0,235.0,235.32,,235.0,,,1191,280263.65,29,F1,1,,,,,,Cash Only,Unclassified,False,237.9333333333333,239.4,236.4666666666666,239.4,236.4666666666666,2.933333333333394,1.2482269503546357,Wide,Bearish,Below CPR,False,False,0.7666666666666667,60,160116.38,Outside,True,Risk Off,False,10.267857142857144,228.776,239.41369999999998,0.2856811594202957,1.7503746337507757,True,False,No setup,Neutral,0,Not applicable,No directional setup; confirmation score not applicable.,Wide CPR,Wide Downside Watch,Watch,Wide CPR + close below CPR; trend mixed; participation confirmed,0,0,0,0
2026-09-11,2026-09-11,CM,NSE,STK,14924,INE740X01023,LAL,EQ,,,,,LORENZINI APPARELS LTD,8.89,9.19,8.8,8.83,8.81,8.89,,8.87,,,20411,181605.9,151,F1,1,,,,,,Cash Only,Unclassified,False,8.94,8.995000000000001,8.884999999999998,8.995000000000001,8.884999999999998,0.11000000000000298,1.2457531143828198,Wide,Bearish,Below CPR,False,False,0.7666666666666667,60,321686.365,Overlapping,True,Risk Off,False,0.5578571428571425,8.7216,8.130899999999999,0.19718309859155478,0.5645433557620635,True,True,No setup,Neutral,0,Not applicable,No directional setup; confirmation score not applicable.,Wide CPR,Wide Downside Watch,Watch,Wide CPR + close below CPR; trend opposes; participation light,0,0,0,0
2026-09-11,2026-09-11,CM,NSE,STK,759251,INE0MLS01022,EPACKPEB,EQ,,,,,EPACK PREFAB TECHN LTD,236.0,242.49,229.41,240.44,242.4,239.03,,240.45,,,1131348,267851105.27,17740,F1,1,,,,,,Cash Only,Unclassified,False,237.44666666666663,235.95,238.94333333333327,238.94333333333327,235.95,2.9933333333332826,1.2449398325292307,Wide,Bullish,Above CPR,False,False,0.7666666666666667,60,201869525.3,Lower,True,Risk Off,False,9.319285714285714,243.7678,228.8452,0.32119772105975286,1.3268526037892259,False,True,No setup,Neutral,0,Not applicable,No directional setup; confirmation score not applicable.,Wide CPR,Wide Upside Watch,Watch,Wide CPR + close above CPR; trend mixed; participation confirmed,0,0,0,0
2026-09-11,2026-09-11,CM,NSE,STK,18727,INE885F01015,MASKINVEST,EQ,,,,,MASK INVESTMENTS LIMITED,146.0,154.89,141.19,145.36,144.0,148.62,,145.36,,,671,97754.03,19,F1,1,,,,,,Cash Only,Unclassified,False,147.14666666666668,148.04,146.25333333333336,148.04,146.25333333333336,1.7866666666666333,1.2291322693083606,Wide,Bearish,Below CPR,False,False,0.5333333333333333,60,22916.449999999997,Lower,True,Risk Off,False,8.126428571428567,142.0164,147.1398,0.21985877940874465,4.265670729977812,True,False,No setup,Neutral,0,Not applicable,No directional setup; confirmation score not applicable.,Wide CPR,Wide Downside Watch,Watch,Wide CPR + close below CPR; trend mixed; participation confirmed,0,0,0,0
2026-09-11,2026-09-11,CM,NSE,STK,31468,INE142K01011,AURUS,EQ,,,,,AURUS GEM CORP LIMITED,4.8,4.92,4.68,4.89,4.92,4.8,,4.89,,,14697,71673.34,149,F1,1,,,,,,Cash Only,Unclassified,False,4.829999999999999,4.8,4.8599999999999985,4.8599999999999985,4.8,0.05999999999999872,1.226993865030649,Wide,Bullish,Above CPR,False,False,0.9090909090909091,44,77037.525,Overlapping,True,Risk Off,False,0.21071428571428585,,,0.28474576271185814,0.9303691934547482,False,False,No setup,Neutral,0,Not applicable,No directional setup; confirmation score not applicable.,Wide CPR,Wide Upside Watch,Watch,Wide CPR + close above CPR; trend opposes; participation light,0,0,0,0
2026-09-11,2026-09-11,CM,NSE,STK,20063,INE019J01013,HEALTHX,EQ,,,,,HEALTH X PLATFORM LIMITED,301.0,310.0,295.05,308.15,306.95,305.35,,307.81,,,3397,1034078.7,153,F1,1,,,,,,Cash Only,Unclassified,False,304.4,302.525,306.275,306.275,302.525,3.75,1.216939802044459,Wide,Bullish,Above CPR,False,False,0.85,60,1368321.875,Higher,True,Risk Off,False,13.092857142857136,307.893,,0.286415711947627,0.7557276682432633,True,False,No setup,Neutral,0,Not applicable,No directional setup; confirmation score not applicable.,Wide CPR,Wide Upside Watch,Watch,Wide CPR + close above CPR; trend mixed; participation light,0,0,0,0
2026-09-11,2026-09-11,CM,NSE,STK,1156,INE540A01017,GLFL,EQ,,,,,GUJARAT LEASE FINANCING L,5.15,5.25,5.0,5.22,5.23,5.26,,5.13,,,6271,31612.41,22,F1,1,,,,,,Cash Only,Unclassified,False,5.156666666666666,5.125,5.188333333333333,5.188333333333333,5.125,0.06333333333333258,1.2132822477649918,Wide,Bullish,Above CPR,False,False,0.6333333333333333,60,37643.265,Lower,True,Risk Off,False,0.3635714285714286,6.0104,,0.1741977734119167,0.8397892690764205,False,False,No setup,Neutral,0,Not applicable,No directional setup; confirmation score not applicable.,Wide CPR,Wide Upside Watch,Watch,Wide CPR + close above CPR; trend opposes; participation light,0,0,0,0
2026-09-11,2026-09-11,CM,NSE,STK,764773,INE987A01010,MAKERSL,EQ,,,,,MAKERS LABORATORIES LTD.,177.05,189.0,175.98,185.87,183.0,177.97,,185.5,,,4047,731070.12,119,F1,1,,,,,,Cash Only,Unclassified,False,183.61666666666667,182.49,184.74333333333334,184.74333333333334,182.49,2.2533333333333303,1.2123168522802659,Wide,Bullish,Above CPR,False,False,0.55,20,1199873.71,Overlapping,True,Risk Off,False,13.514285714285716,,,0.16673713883016184,0.6092892226132699,False,False,No setup,Neutral,0,Not applicable,No directional setup; confirmation score not applicable.,Wide CPR,Wide Upside Watch,Watch,Wide CPR + close above CPR; trend opposes; participation light,0,0,0,0
2026-09-11,2026-09-11,CM,NSE,STK,11935,INE978G01016,SPLIL,EQ,,,,,SPL INDUSTRIES LIMITED,30.4,31.19,30.0,30.05,30.0,30.5,,30.05,,,4270,128704.26,99,F1,1,,,,,,Cash Only,Unclassified,False,30.41333333333333,30.595,30.231666666666662,30.595,30.231666666666662,0.36333333333333684,1.2090959511924686,Wide,Bearish,Below CPR,False,False,0.6833333333333333,60,230317.355,Overlapping,True,Risk Off,False,1.945,31.4514,31.279899999999998,0.18680377035133,0.5588126869553534,False,False,No setup,Neutral,0,Not applicable,No directional setup; confirmation score not applicable.,Wide CPR,Wide Downside Watch,Watch,Wide CPR + close below CPR; trend aligned; participation light,0,0,0,0
2026-09-11,2026-09-11,CM,NSE,STK,17438,INE274J01014,OIL,EQ,,,,,OIL INDIA LTD,508.0,511.95,485.4,489.8,489.8,500.3,,489.78,,,5273521,2624320142.45,55650,F1,1,,,,,,F&O + Cash,Oil Gas & Consumable Fuels,True,495.71666666666664,498.67499999999995,492.7583333333333,498.67499999999995,492.7583333333333,5.916666666666629,1.2079760446440646,Wide,Bearish,Below CPR,False,False,1.0,60,1249109730.4499998,Lower,True,Risk Off,False,13.957142857142859,461.18700000000007,461.9645,0.423916751961785,2.1009524451503325,True,True,No setup,Neutral,0,Not applicable,No directional setup; confirmation score not applicable.,Wide CPR,Wide Downside Watch,Watch,Wide CPR + close below CPR; trend opposes; participation confirmed,0,0,0,0
2026-09-11,2026-09-11,CM,NSE,STK,1333,INE040A01034,HDFCBANK,EQ,,,,,HDFC BANK LTD,683.9,709.0,681.9,708.25,708.25,693.8,,708.25,,,31411934,21777965303.5,414216,F1,1,,,,,,F&O + Cash,Financial Services,True,699.7166666666667,695.45,703.9833333333333,703.9833333333333,695.45,8.533333333333303,1.204847629132835,Wide,Bullish,Above CPR,False,False,0.9833333333333333,60,20296563714.324997,Higher,True,Risk Off,False,14.010714285714291,746.1709999999999,759.675,0.6090576939417088,1.0729878027643396,False,False,No setup,Neutral,0,Not applicable,No directional setup; confirmation score not applicable.,Wide CPR,Wide Upside Watch,Watch,Wide CPR + close above CPR; trend opposes; participation confirmed,0,0,0,0
2026-09-11,2026-09-11,CM,NSE,STK,7560,INE368U01029,UNITEDPOLY,EQ,,,,,UNITED POLYFAB GUJ. LTD.,44.0,44.0,41.0,43.28,42.95,43.07,,43.28,,,144169,6261625.91,867,F1,1,,,,,,Cash Only,Unclassified,False,42.76,42.5,43.019999999999996,43.019999999999996,42.5,0.519999999999996,1.2014787430683826,Wide,Bullish,Above CPR,False,False,0.7166666666666667,60,5384063.335,Lower,True,Risk Off,False,2.256428571428572,33.3736,,0.23045267489711752,1.1629926173593201,True,False,No setup,Neutral,0,Not applicable,No directional setup; confirmation score not applicable.,Wide CPR,Wide Upside Watch,Watch,Wide CPR + close above CPR; trend mixed; participation confirmed,0,0,0,0
2026-09-11,2026-09-11,CM,NSE,STK,4391,INE635Q01029,GULFOILLUB,EQ,,,,,GULF OIL LUB. IND. LTD.,1073.0,1073.0,1010.3,1060.7,1065.4,1073.0,,1060.69,,,62866,66423633.4,11001,F1,1,,,,,,Cash Only,Unclassified,False,1048.0,1041.65,1054.35,1054.35,1041.65,12.699999999999818,1.1973225228622435,Wide,Bullish,Above CPR,False,False,0.9666666666666667,60,66943486.25,Lower,True,Risk Off,False,30.342857142857156,1098.192,1035.265,0.41854990583803525,0.9922344520860683,False,True,No setup,Neutral,0,Not applicable,No directional setup; confirmation score not applicable.,Wide CPR,Wide Upside Watch,Watch,Wide CPR + close above CPR; trend mixed; participation light,0,0,0,0
2026-09-11,2026-09-11,CM,NSE,STK,762802,INE200D01020,MMWL,EQ,,,,,MEDIA MATRIX WORLDWIDE L,14.09,14.09,13.31,13.46,13.5,13.87,,13.47,,,16167,217986.16,127,F1,1,,,,,,Cash Only,Unclassified,False,13.62,13.7,13.54,13.7,13.54,0.16000000000000014,1.188707280832096,Wide,Bearish,Below CPR,False,False,0.4318181818181818,44,558237.29,Lower,True,Risk Off,False,0.8792857142857144,,,0.18196588139723816,0.39049014443302416,False,False,No setup,Neutral,0,Not applicable,No directional setup; confirmation score not applicable.,Wide CPR,Wide Downside Watch,Watch,Wide CPR + close below CPR; trend aligned; participation light,0,0,0,0
2026-09-11,2026-09-11,CM,NSE,STK,759842,INE351Y01019,BETA,EQ,,,,,BETA DRUGS LIMITED,2070.0,2147.8,2013.8,2118.5,2130.0,2085.8,,2118.5,,,18068,37809943.3,2385,F1,1,,,,,,Cash Only,Unclassified,False,2093.366666666667,2080.8,2105.9333333333334,2105.9333333333334,2080.8,25.133333333333212,1.1863740067657877,Wide,Bullish,Above CPR,False,False,0.6166666666666667,60,59132290.8,Outside,True,Risk Off,False,107.15714285714289,2292.726,1929.695,0.2345465049104552,0.6394127944050495,False,True,No setup,Neutral,0,Not applicable,No directional setup; confirmation score not applicable.,Wide CPR,Wide Upside Watch,Watch,Wide CPR + close above CPR; trend mixed; participation light,0,0,0,0
2026-09-11,2026-09-11,CM,NSE,STK,7852,INE066P01011,INOXWIND,EQ,,,,,INOX WIND LIMITED,75.5,76.5,73.78,76.5,76.5,76.02,,76.49,,,7415115,557536131.17,24466,F1,1,,,,,,F&O + Cash,Capital Goods,True,75.59333333333333,75.14,76.04666666666667,76.04666666666667,75.14,0.9066666666666663,1.1851851851851847,Wide,Bullish,Above CPR,False,False,0.9333333333333333,60,771566205.0350001,Lower,True,Risk Off,False,2.1900000000000017,76.6232,85.23820000000002,0.4140030441400299,0.7226030994251605,False,False,No setup,Neutral,0,Not applicable,No directional setup; confirmation score not applicable.,Wide CPR,Wide Upside Watch,Watch,Wide CPR + close above CPR; trend opposes; participation light,0,0,0,0
2026-09-11,2026-09-11,CM,NSE,STK,23590,INE350Z01018,GLOSTERLTD,EQ,,,,,GLOSTER LIMITED,590.0,605.8,581.0,583.1,582.0,599.45,,583.1,,,1352,791751.8,94,F1,1,,,,,,Cash Only,Unclassified,False,589.9666666666667,593.4,586.5333333333334,593.4,586.5333333333334,6.866666666666561,1.1776139027039203,Wide,Bearish,Below CPR,False,False,0.9166666666666666,60,1251260.9,Lower,True,Risk Off,False,19.307142857142846,638.106,651.8065,0.35565421137007736,0.6327631591461063,False,False,No setup,Neutral,0,Not applicable,No directional setup; confirmation score not applicable.,Wide CPR,Wide Downside Watch,Watch,Wide CPR + close below CPR; trend aligned; participation light,0,0,0,0
2026-09-11,2026-09-11,CM,NSE,STK,23365,INE416A01051,AQYLON,EQ,,,,,AQYLON NEXUS LIMITED,21.8,22.34,20.89,21.24,21.5,21.88,,21.25,,,515179,10971098.6,1747,F1,1,,,,,,Cash Only,Unclassified,False,21.49,21.615000000000002,21.364999999999995,21.615000000000002,21.364999999999995,0.2500000000000071,1.1770244821092615,Wide,Bearish,Below CPR,False,False,0.45,60,42292741.955,Lower,True,Risk Off,False,1.4707142857142852,27.4254,40.112,0.169985429820306,0.2594085437088327,False,False,No setup,Neutral,0,Not applicable,No directional setup; confirmation score not applicable.,Wide CPR,Wide Downside Watch,Watch,Wide CPR + close below CPR; trend aligned; participation light,0,0,0,0
2026-09-11,2026-09-11,CM,NSE,STK,758002,INE06ZD01017,SHANTIGOLD,EQ,,,,,SHANTI GOLD INTERNATION L,256.9,259.75,247.53,258.17,258.0,257.29,,258.17,,,1074560,273693733.33,15227,F1,1,,,,,,Cash Only,Unclassified,False,255.15,253.64,256.66,256.66,253.64,3.0200000000000387,1.1697718557539756,Wide,Bullish,Above CPR,False,False,0.8166666666666667,60,281730430.11,Lower,True,Risk Off,False,13.322142857142863,233.3544,225.93429999999998,0.22669025789502184,0.971473806443762,True,True,No setup,Neutral,0,Not applicable,No directional setup; confirmation score not applicable.,Wide CPR,Wide Upside Watch,Watch,Wide CPR + close above CPR; trend aligned; participation light,0,0,0,0
2026-09-11,2026-09-11,CM,NSE,STK,27095,INE665A01038,SWANCORP,EQ,,,,,SWAN CORP LIMITED,296.0,298.5,284.0,296.45,295.0,298.15,,296.45,,,5650793,1649738936.0,66509,F1,1,,,,,,Cash Only,Chemicals,True,292.98333333333335,291.25,294.7166666666667,294.7166666666667,291.25,3.466666666666697,1.1693933771855953,Wide,Bullish,Above CPR,False,False,0.9833333333333333,60,226704407.875,Lower,True,Risk Off,False,10.31785714285715,305.39,314.81449999999995,0.3359870774201019,7.277048344422271,False,False,No setup,Neutral,0,Not applicable,No directional setup; confirmation score not applicable.,Wide CPR,Wide Upside Watch,Watch,Wide CPR + close above CPR; trend opposes; participation confirmed,0,0,0,0
2026-09-11,2026-09-11,CM,NSE,STK,9428,INE439E01022,SKIPPER,EQ,,,,,SKIPPER LIMITED,581.0,581.0,541.35,551.55,553.95,583.0,,551.55,,,2163432,1195379441.45,55499,F1,1,,,,,,Cash Only,Unclassified,False,557.9666666666666,561.175,554.7583333333332,561.175,554.7583333333332,6.4166666666667425,1.1633880276795836,Wide,Bearish,Below CPR,False,False,0.8833333333333333,60,331390620.55,Lower,True,Risk Off,False,27.303571428571438,546.571,528.465,0.23501199040767656,3.6071613598057217,True,True,No setup,Neutral,0,Not applicable,No directional setup; confirmation score not applicable.,Wide CPR,Wide Downside Watch,Watch,Wide CPR + close below CPR; trend opposes; participation confirmed,0,0,0,0
2026-09-11,2026-09-11,CM,NSE,STK,1403,INE345A01011,HINDOILEXP,EQ,,,,,HINDUSTAN OIL EXPLORATION,189.44,192.4,184.5,185.22,185.2,187.66,,185.22,,,1154009,216432325.13,16704,F1,1,,,,,,Cash Only,Unclassified,False,187.37333333333333,188.45,186.29666666666668,188.45,186.29666666666668,2.1533333333333076,1.1625814346902643,Wide,Bearish,Below CPR,False,False,0.9166666666666666,60,77555712.64,Lower,True,Risk Off,False,8.133571428571432,163.25459999999998,163.5195,0.26474634817481596,2.790669026982459,True,True,No setup,Neutral,0,Not applicable,No directional setup; confirmation score not applicable.,Wide CPR,Wide Downside Watch,Watch,Wide CPR + close below CPR; trend opposes; participation confirmed,0,0,0,0
2026-09-11,2026-09-11,CM,NSE,STK,22670,INE0J1F01024,RPTECH,EQ,,,,,RASHI PERIPHERALS LIMITED,780.0,830.75,780.0,819.65,818.0,806.45,,819.65,,,286250,231972428.65,15721,F1,1,,,,,,Cash Only,Unclassified,False,810.1333333333333,805.375,814.8916666666667,814.8916666666667,805.375,9.516666666666652,1.1610646820797477,Wide,Bullish,Above CPR,False,False,0.85,60,343775103.775,Higher,True,Risk Off,False,50.532142857142844,814.06,697.2239999999999,0.18832897495700496,0.6747796047552804,True,True,No setup,Neutral,0,Not applicable,No directional setup; confirmation score not applicable.,Wide CPR,Wide Upside Watch,Watch,Wide CPR + close above CPR; trend aligned; participation light,0,0,0,0
2026-09-11,2026-09-11,CM,NSE,STK,764471,INE0MGM01017,ANNAPURNA,EQ,,,,,ANNAPURNA SWADISHT LTD,135.72,138.9,132.21,137.95,138.0,135.03,,137.95,,,32222,4361556.79,642,F1,1,,,,,,Cash Only,Unclassified,False,136.35333333333332,135.555,137.15166666666664,137.15166666666664,135.555,1.5966666666666356,1.1574241875075286,Wide,Bullish,Above CPR,False,False,0.6521739130434783,23,7548971.9,Outside,True,Risk Off,False,7.123571428571426,,,0.2241385073030473,0.5777683170340057,False,False,No setup,Neutral,0,Not applicable,No directional setup; confirmation score not applicable.,Wide CPR,Wide Upside Watch,Watch,Wide CPR + close above CPR; trend opposes; participation light,0,0,0,0
2026-09-11,2026-09-11,CM,NSE,STK,13404,INE424H01027,SUNTV,EQ,,,,,SUN TV NETWORK LIMITED,450.55,485.5,450.0,476.0,475.15,455.55,,475.97,,,3312335,1575201232.05,74589,F1,1,,,,,,Cash Only,Media Entertainment & Publication,True,470.5,467.75,473.25,473.25,467.75,5.5,1.1554621848739497,Wide,Bullish,Above CPR,False,False,0.9666666666666667,60,107891744.85,Higher,True,Risk Off,False,12.864285714285703,484.402,510.2395,0.4275402554136594,14.599830916072166,False,False,No setup,Neutral,0,Not applicable,No directional setup; confirmation score not applicable.,Wide CPR,Wide Upside Watch,Watch,Wide CPR + close above CPR; trend opposes; participation confirmed,0,0,0,0
2026-09-11,2026-09-11,CM,NSE,STK,3912,INE731C01018,KHAITANLTD,EQ,,,,,KHAITAN (INDIA)LTD.,158.4,165.0,154.4,162.51,164.9,159.12,,162.51,,,2808,447073.57,147,F1,1,,,,,,Cash Only,Unclassified,False,160.63666666666666,159.7,161.57333333333332,161.57333333333332,159.7,1.8733333333333348,1.152749574385167,Wide,Bullish,Above CPR,False,False,0.5833333333333334,60,570189.01,Overlapping,True,Risk Off,False,10.07214285714286,136.1006,116.06720000000001,0.18599153724322162,0.7840795984475394,True,True,No setup,Neutral,0,Not applicable,No directional setup; confirmation score not applicable.,Wide CPR,Wide Upside Watch,Watch,Wide CPR + close above CPR; trend aligned; participation light,0,0,0,0
2026-09-11,2026-09-11,CM,NSE,STK,765155,INE286N01028,PRISMX,EQ,,,,,PRISMX GLOBAL VENTURES L,0.59,0.59,0.55,0.58,0.59,0.59,,0.58,,,269843,154159.49,136,F1,1,,,,,,Cash Only,Unclassified,False,0.5733333333333334,0.5700000000000001,0.5766666666666667,0.5766666666666667,0.5700000000000001,0.006666666666666599,1.1494252873563102,Wide,Bullish,Above CPR,False,False,0.55,20,72048.005,Lower,True,Risk Off,False,0.03571428571428571,,,0.18666666666666476,2.1396774275706867,False,False,No setup,Neutral,0,Not applicable,No directional setup; confirmation score not applicable.,Wide CPR,Wide Upside Watch,Watch,Wide CPR + close above CPR; trend opposes; participation confirmed,0,0,0,0
2026-09-11,2026-09-11,CM,NSE,STK,764593,INE217S01014,APOORVA,EQ,,,,,APOORVA LEAS F & INV C L,26.58,27.88,26.43,27.63,27.88,26.56,,27.63,,,135,3715.22,4,F1,1,,,,,,Cash Only,Unclassified,False,27.313333333333333,27.155,27.471666666666664,27.471666666666664,27.155,0.3166666666666629,1.1460972373024354,Wide,Bullish,Above CPR,False,False,0.3333333333333333,9,10124.51,Higher,False,Risk Off,False,,,,,0.3669530673583215,False,False,No setup,Neutral,0,Not applicable,No directional setup; confirmation score not applicable.,Wide CPR,Wide Upside Watch,Watch,Wide CPR + close above CPR; trend opposes; participation light,0,0,0,0
2026-09-11,2026-09-11,CM,NSE,STK,764633,INE630D01010,BRIGHTBR,EQ,,,,,BRIGHT BROTHERS LTD.,250.25,255.6,246.15,255.25,254.85,255.75,,253.08,,,1377,343563.45,28,F1,1,,,,,,Cash Only,Unclassified,False,252.33333333333334,250.875,253.79166666666669,253.79166666666669,250.875,2.9166666666666856,1.142670584394392,Wide,Bullish,Above CPR,False,False,0.75,20,440518.94999999995,Lower,True,Risk Off,False,12.744999999999996,,,0.2288479142147263,0.7799061765674327,False,False,No setup,Neutral,0,Not applicable,No directional setup; confirmation score not applicable.,Wide CPR,Wide Upside Watch,Watch,Wide CPR + close above CPR; trend opposes; participation light,0,0,0,0
2026-09-11,2026-09-11,CM,NSE,STK,10578,INE943D01017,MPSLTD,EQ,,,,,MPS LIMITED,2705.9,2705.9,2600.0,2608.5,2601.0,2705.9,,2608.91,,,26139,68684995.5,4267,F1,1,,,,,,Cash Only,Unclassified,False,2638.133333333333,2652.95,2623.3166666666666,2652.95,2623.3166666666666,29.633333333333212,1.1360296466679398,Wide,Bearish,Below CPR,False,False,0.85,60,60861023.45,Lower,True,Risk Off,False,90.65000000000002,2569.1020000000003,2170.091,0.3268983268983255,1.1285547236389761,True,True,No setup,Neutral,0,Not applicable,No directional setup; confirmation score not applicable.,Wide CPR,Wide Downside Watch,Watch,Wide CPR + close below CPR; trend opposes; participation confirmed,0,0,0,0
2026-09-11,2026-09-11,CM,NSE,STK,18827,INE747K01017,TARAPUR,EQ,,,,,TARAPUR TRANSFORMERS LTD,12.74,13.0,12.5,12.97,13.0,12.74,,12.97,,,21384,273153.05,174,F1,1,,,,,,Cash Only,Unclassified,False,12.823333333333332,12.75,12.896666666666665,12.896666666666665,12.75,0.14666666666666472,1.1308147005910927,Wide,Bullish,Above CPR,False,False,0.5666666666666667,60,473404.685,Higher,True,Risk Off,False,1.0114285714285716,15.5348,18.3494,0.14500941619585495,0.5769969302268312,False,False,No setup,Neutral,0,Not applicable,No directional setup; confirmation score not applicable.,Wide CPR,Wide Upside Watch,Watch,Wide CPR + close above CPR; trend opposes; participation light,0,0,0,0
2026-09-11,2026-09-11,CM,NSE,STK,29135,INE121J01017,INDUSTOWER,EQ,,,,,INDUS TOWERS LIMITED,372.0,390.85,372.0,388.0,388.0,372.0,,388.0,,,16707001,6428614336.35,155975,F1,1,,,,,,F&O + Cash,Telecommunication,True,383.6166666666666,381.425,385.8083333333332,385.8083333333332,381.425,4.383333333333212,1.1297250859106216,Wide,Bullish,Above CPR,False,False,0.9833333333333333,60,1781047827.225,Higher,True,Risk Off,False,9.896428571428572,385.867,400.0275,0.44292072657282544,3.6094563200844765,True,False,No setup,Neutral,0,Not applicable,No directional setup; confirmation score not applicable.,Wide CPR,Wide Upside Watch,Watch,Wide CPR + close above CPR; trend mixed; participation confirmed,0,0,0,0
2026-09-11,2026-09-11,CM,NSE,STK,3766,INE715A01015,WHEELS,EQ,,,,,WHEELS INDIA LTD,2288.1,2319.9,2215.2,2230.1,2229.0,2313.0,,2230.11,,,386291,868274504.9,21687,F1,1,,,,,,Cash Only,Unclassified,False,2255.066666666667,2267.55,2242.583333333334,2267.55,2242.583333333334,24.966666666666242,1.1195312616773347,Wide,Bearish,Below CPR,False,False,0.7,60,156066264.7,Lower,True,Risk Off,False,134.67857142857147,1538.81,1503.6069999999997,0.1853796517280972,5.56349898274973,True,True,No setup,Neutral,0,Not applicable,No directional setup; confirmation score not applicable.,Wide CPR,Wide Downside Watch,Watch,Wide CPR + close below CPR; trend opposes; participation confirmed,0,0,0,0
2026-09-11,2026-09-11,CM,NSE,STK,8163,INE020801028,SPENCERS,EQ,,,,,SPENCER S RETAIL LIMITED,28.56,28.65,27.0,28.3,28.42,28.64,,28.34,,,121748,3373383.97,1129,F1,1,,,,,,Cash Only,Unclassified,False,27.983333333333334,27.825,28.14166666666667,28.14166666666667,27.825,0.31666666666667,1.1189634864546643,Wide,Bullish,Above CPR,False,False,0.8333333333333334,60,1424982.03,Lower,True,Risk Off,False,1.372142857142857,32.1002,34.1847,0.23078257851813533,2.3673168496026578,False,False,No setup,Neutral,0,Not applicable,No directional setup; confirmation score not applicable.,Wide CPR,Wide Upside Watch,Watch,Wide CPR + close above CPR; trend opposes; participation confirmed,0,-2,0,-2
2026-09-11,2026-09-11,CM,NSE,STK,14174,INE848A01014,IZMO,EQ,,,,,IZMO LIMITED,895.0,916.8,866.4,906.8,910.5,900.2,,906.81,,,117769,104746529.0,7972,F1,1,,,,,,Cash Only,Unclassified,False,896.6666666666666,891.5999999999999,901.7333333333333,901.7333333333333,891.5999999999999,10.13333333333344,1.1174827231289632,Wide,Bullish,Above CPR,False,False,0.5833333333333334,60,87693283.125,Lower,True,Risk Off,False,46.04642857142856,969.873,914.6115000000001,0.22006773701492002,1.1944646758257633,False,False,No setup,Neutral,0,Not applicable,No directional setup; confirmation score not applicable.,Wide CPR,Wide Upside Watch,Watch,Wide CPR + close above CPR; trend opposes; participation confirmed,0,0,0,0
2026-09-11,2026-09-11,CM,NSE,STK,14947,INE338I01027,MOTILALOFS,EQ,,,,,MOTILAL OSWAL FIN LTD,1003.3,1030.7,988.0,1026.5,1026.5,1015.0,,1026.51,,,625141,632071368.3,25526,F1,1,,,,,,F&O + Cash,Financial Services,True,1015.0666666666666,1009.35,1020.7833333333332,1020.7833333333332,1009.35,11.433333333333167,1.1138171781133137,Wide,Bullish,Above CPR,False,False,0.95,60,679751304.075,Outside,True,Risk Off,False,29.321428571428562,951.566,912.4984999999999,0.38993097848152103,0.9298567939639593,True,True,No setup,Neutral,0,Not applicable,No directional setup; confirmation score not applicable.,Wide CPR,Wide Upside Watch,Watch,Wide CPR + close above CPR; trend aligned; participation light,0,0,0,0
2026-09-11,2026-09-11,CM,NSE,STK,19299,INE353K01014,ITDC,EQ,,,,,INDIA TOUR. DEV. CO. LTD.,679.95,730.0,674.7,690.85,686.5,664.6,,690.84,,,3431057,2414369628.1,102819,F1,1,,,,,,Cash Only,Unclassified,False,698.5166666666668,702.35,694.6833333333335,702.35,694.6833333333335,7.666666666666515,1.1097440351257892,Wide,Bearish,Below CPR,False,False,0.8666666666666667,60,81687621.94999999,Higher,True,Risk Off,False,28.128571428571433,695.7909999999999,639.3829999999999,0.27255798205518333,29.556125768697324,False,True,No setup,Neutral,0,Not applicable,No directional setup; confirmation score not applicable.,Wide CPR,Wide Downside Watch,Watch,Wide CPR + close below CPR; trend mixed; participation confirmed,0,0,0,0
2026-09-11,2026-09-11,CM,NSE,STK,9384,INE230B01021,CREATIVEYE,EQ,,,,,CREATIVE EYE LIMITED,5.99,5.99,5.26,5.72,5.72,6.07,,5.72,,,81227,451434.56,338,F1,1,,,,,,Cash Only,Unclassified,False,5.656666666666666,5.625,5.688333333333333,5.688333333333333,5.625,0.06333333333333258,1.107226107226094,Wide,Bullish,Above CPR,False,False,0.5833333333333334,60,54482.83,Lower,True,Risk Off,False,0.4400000000000001,6.1476,6.443099999999999,0.14393939393939217,8.285813347067323,False,False,No setup,Neutral,0,Not applicable,No directional setup; confirmation score not applicable.,Wide CPR,Wide Upside Watch,Watch,Wide CPR + close above CPR; trend opposes; participation confirmed,0,0,0,0
2026-09-11,2026-09-11,CM,NSE,STK,20642,INE247D01039,JINDWORLD,EQ,,,,,JINDAL WORLDWIDE LTD,54.7,55.5,52.01,52.88,53.0,55.64,,52.88,,,14626067,779108637.07,32108,F1,1,,,,,,Cash Only,Unclassified,False,53.46333333333333,53.754999999999995,53.17166666666667,53.754999999999995,53.17166666666667,0.5833333333333286,1.1031265758950994,Wide,Bearish,Below CPR,False,False,0.85,60,190692832.67000002,Lower,True,Risk Off,False,4.351428571428572,38.2438,33.362899999999996,0.13405559203326656,4.085673416044284,True,True,No setup,Neutral,0,Not applicable,No directional setup; confirmation score not applicable.,Wide CPR,Wide Downside Watch,Watch,Wide CPR + close below CPR; trend opposes; participation confirmed,0,0,0,0
2026-09-11,2026-09-11,CM,NSE,STK,762690,INE207H01018,GNRL,EQ,,,,,GUJARAT NATURAL RES L,108.2,108.2,103.83,104.29,104.4,107.73,,104.26,,,102693,10840982.81,2113,F1,1,,,,,,Cash Only,Unclassified,False,105.44,106.015,104.865,106.015,104.865,1.1500000000000057,1.10269440981878,Wide,Bearish,Below CPR,False,False,0.8,60,8904260.055,Lower,True,Risk Off,False,4.5150000000000015,100.39460000000001,98.3975,0.25470653377630237,1.2175051877457774,True,True,No setup,Neutral,0,Not applicable,No directional setup; confirmation score not applicable.,Wide CPR,Wide Downside Watch,Watch,Wide CPR + close below CPR; trend opposes; participation confirmed,0,0,0,0
2026-09-11,2026-09-11,CM,NSE,STK,4136,INE829A01014,BIOFILCHEM,EQ,,,,,BIOFIL CHEM & PHARMA LTD,37.8,37.8,32.36,34.51,34.4,36.79,,34.5,,,173376,6106993.72,1564,F1,1,,,,,,Cash Only,Unclassified,False,34.88999999999999,35.08,34.69999999999999,35.08,34.69999999999999,0.38000000000000966,1.101130107215328,Wide,Bearish,Below CPR,False,False,0.8166666666666667,60,273935.81,Inside,True,Risk Off,False,2.007857142857142,32.6806,33.496900000000004,0.18925649235148123,22.293520952956094,True,True,No setup,Neutral,0,Not applicable,No directional setup; confirmation score not applicable.,Wide CPR,Wide Downside Watch,Watch,Wide CPR + close below CPR; trend opposes; participation confirmed,0,0,0,0
2026-09-11,2026-09-11,CM,NSE,STK,2268,INE861B01023,MOTOGENFIN,EQ,,,,,MOTOR & GENERAL FINANCE L,26.56,26.86,25.16,25.59,25.63,26.87,,25.66,,,26188,688331.71,105,F1,1,,,,,,Cash Only,Unclassified,False,25.87,26.009999999999998,25.730000000000004,26.009999999999998,25.730000000000004,0.27999999999999403,1.0941774130519502,Wide,Bearish,Below CPR,False,False,0.6,60,437335.96499999997,Lower,True,Risk Off,False,3.0949999999999993,24.348200000000002,22.921300000000002,0.09046849757673477,1.5739197438289805,True,True,No setup,Neutral,0,Not applicable,No directional setup; confirmation score not applicable.,Wide CPR,Wide Downside Watch,Watch,Wide CPR + close below CPR; trend opposes; participation confirmed,0,0,0,0
2026-09-11,2026-09-11,CM,NSE,STK,8477,INE01P501012,XELPMOC,EQ,,,,,XELPMOC DESIGN & TECH LTD,75.11,77.47,72.1,76.03,75.0,76.21,,76.03,,,12608,947395.25,358,F1,1,,,,,,Cash Only,Unclassified,False,75.2,74.785,75.61500000000001,75.61500000000001,74.785,0.8300000000000125,1.0916743390766968,Wide,Bullish,Above CPR,False,False,0.85,60,728496.46,Lower,True,Risk Off,False,3.7800000000000002,80.9074,88.11699999999999,0.21957671957672287,1.3004802384352012,False,False,No setup,Neutral,0,Not applicable,No directional setup; confirmation score not applicable.,Wide CPR,Wide Upside Watch,Watch,Wide CPR + close above CPR; trend opposes; participation confirmed,0,-2,0,-2
2026-09-11,2026-09-11,CM,NSE,STK,21174,INE736A01011,CDSL,EQ,,,,,CENTRAL DEPO SER (I) LTD,1343.6,1360.0,1315.5,1360.0,1360.0,1355.0,,1360.0,,,1040559,1385494631.7,41377,F1,1,,,,,,F&O + Cash,Financial Services,True,1345.1666666666667,1337.75,1352.5833333333335,1352.5833333333335,1337.75,14.833333333333485,1.0906862745098151,Wide,Bullish,Above CPR,False,False,0.9833333333333333,60,1552637587.05,Lower,True,Risk Off,False,33.8357142857143,1367.94,1314.91,0.43839279431426786,0.8923490215977765,False,True,No setup,Neutral,0,Not applicable,No directional setup; confirmation score not applicable.,Wide CPR,Wide Upside Watch,Watch,Wide CPR + close above CPR; trend mixed; participation light,0,0,0,0
2026-09-11,2026-09-11,CM,NSE,STK,760981,INE501X01029,AYE,EQ,,,,,AYE FINANCE LIMITED,176.95,180.6,172.45,179.46,179.0,178.1,,179.48,,,606572,107405474.36,9653,F1,1,,,,,,Cash Only,Unclassified,False,177.50333333333333,176.52499999999998,178.48166666666668,178.48166666666668,176.52499999999998,1.956666666666706,1.0903079609198183,Wide,Bullish,Above CPR,False,False,0.7333333333333333,60,122646983.16,Lower,True,Risk Off,False,9.269285714285715,172.7816,161.0933,0.2110914181500646,0.875728628562216,True,True,No setup,Neutral,0,Not applicable,No directional setup; confirmation score not applicable.,Wide CPR,Wide Upside Watch,Watch,Wide CPR + close above CPR; trend aligned; participation light,0,0,0,0
2026-09-11,2026-09-11,CM,NSE,STK,20760,INE324L01013,RPPINFRA,EQ,,,,,R.P.P INFRA PROJECTS LTD,62.39,62.65,60.0,60.34,60.97,63.03,,60.34,,,84305,5128541.94,1059,F1,1,,,,,,Cash Only,Unclassified,False,60.99666666666667,61.325,60.66833333333334,61.325,60.66833333333334,0.6566666666666663,1.088277538393547,Wide,Bearish,Below CPR,False,False,0.8333333333333334,60,3028222.125,Lower,True,Risk Off,False,2.975,59.9008,64.898,0.22072829131652646,1.6935818207193107,True,False,No setup,Neutral,0,Not applicable,No directional setup; confirmation score not applicable.,Wide CPR,Wide Downside Watch,Watch,Wide CPR + close below CPR; trend mixed; participation confirmed,0,0,0,0
2026-09-11,2026-09-11,CM,NSE,STK,20906,INE619I01012,A2ZINFRA,EQ,,,,,A2Z INFRA ENGINEERING LTD,15.09,15.35,14.81,15.33,15.35,14.92,,15.33,,,74902,1137432.63,235,F1,1,,,,,,Cash Only,Unclassified,False,15.163333333333334,15.08,15.246666666666668,15.246666666666668,15.08,0.16666666666666785,1.0871928680147935,Wide,Bullish,Above CPR,False,False,0.5666666666666667,60,3670833.8099999996,Overlapping,True,Risk Off,False,0.715,14.836000000000002,14.806899999999999,0.23310023310023475,0.3098567488676367,True,True,No setup,Neutral,0,Not applicable,No directional setup; confirmation score not applicable.,Wide CPR,Wide Upside Watch,Watch,Wide CPR + close above CPR; trend aligned; participation light,0,0,0,0
2026-09-11,2026-09-11,CM,NSE,STK,764301,INE084101034,INDOMIM,EQ,,,,,INDO-MIM LIMITED,995.0,1024.5,978.75,1018.2,1013.2,1006.55,,1018.24,,,1564591,1564667515.65,50325,F1,1,,,,,,Cash Only,Unclassified,False,1007.15,1001.625,1012.675,1012.675,1001.625,11.049999999999955,1.0852484777057507,Wide,Bullish,Above CPR,False,False,0.65625,32,2132884621.025,Outside,True,Risk Off,False,42.35357142857144,,,0.2608988953537386,0.733592197264786,False,False,No setup,Neutral,0,Not applicable,No directional setup; confirmation score not applicable.,Wide CPR,Wide Upside Watch,Watch,Wide CPR + close above CPR; trend opposes; participation light,0,0,0,0
2026-09-11,2026-09-11,CM,NSE,STK,13295,INE286H01012,VISACHROME,EQ,,,,,VISA CHROME LIMITED,36.39,36.39,34.8,35.03,35.75,34.9,,35.02,,,12397,442120.69,162,F1,1,,,,,,Cash Only,Unclassified,False,35.406666666666666,35.595,35.218333333333334,35.595,35.218333333333334,0.37666666666666515,1.0752688172042966,Wide,Bearish,Below CPR,False,False,0.7,20,950883.96,Overlapping,True,Risk Off,False,2.2385714285714293,,,0.1682620718995951,0.4649575643278282,False,False,No setup,Neutral,0,Not applicable,No directional setup; confirmation score not applicable.,Wide CPR,Wide Downside Watch,Watch,Wide CPR + close below CPR; trend aligned; participation light,0,0,0,0
2026-09-11,2026-09-11,CM,NSE,STK,20323,INE688D01026,RESPONIND,EQ,,,,,RESPONSIVE INDUSTRIES LTD,170.85,176.8,164.17,173.27,173.0,169.54,,173.27,,,1947707,336420629.06,25004,F1,1,,,,,,Cash Only,Unclassified,False,171.41333333333333,170.485,172.34166666666664,172.34166666666664,170.485,1.8566666666666265,1.0715453723475652,Wide,Bullish,Above CPR,False,False,0.8166666666666667,60,20711073.38,Higher,True,Risk Off,False,9.975714285714288,171.4884,173.8347,0.1861186691488813,16.24351490081969,True,False,No setup,Neutral,0,Not applicable,No directional setup; confirmation score not applicable.,Wide CPR,Wide Upside Watch,Watch,Wide CPR + close above CPR; trend mixed; participation confirmed,0,0,0,0
2026-09-11,2026-09-11,CM,NSE,STK,13557,INE323B01024,AVONMORE,EQ,,,,,AVONMORE CAP&MGT SERV LTD,14.2,14.6,13.85,14.0,14.09,14.19,,14.0,,,258430,3627808.63,844,F1,1,,,,,,Cash Only,Unclassified,False,14.15,14.225,14.075000000000001,14.225,14.075000000000001,0.14999999999999858,1.0714285714285612,Wide,Bearish,Below CPR,False,False,0.7166666666666667,60,2019182.02,Overlapping,True,Risk Off,False,0.7407142857142859,11.691400000000002,11.397,0.20250723240115523,1.796672411930451,True,True,No setup,Neutral,0,Not applicable,No directional setup; confirmation score not applicable.,Wide CPR,Wide Downside Watch,Watch,Wide CPR + close below CPR; trend opposes; participation confirmed,0,0,0,0
2026-09-11,2026-09-11,CM,NSE,STK,25358,INE457L01029,PGEL,EQ,,,,,PG ELECTROPLAST LTD,537.5,545.0,527.5,545.0,545.0,542.0,,544.99,,,852250,458810173.6,24352,F1,1,,,,,,F&O + Cash,Consumer Durables,True,539.1666666666666,536.25,542.0833333333333,542.0833333333333,536.25,5.8333333333332575,1.070336391437295,Wide,Bullish,Above CPR,False,False,0.9166666666666666,60,874983482.75,Lower,True,Risk Off,False,14.135714285714291,591.338,552.394,0.41266632979618784,0.5243643824658244,False,False,No setup,Neutral,0,Not applicable,No directional setup; confirmation score not applicable.,Wide CPR,Wide Upside Watch,Watch,Wide CPR + close above CPR; trend opposes; participation light,0,0,0,0
2026-09-11,2026-09-11,CM,NSE,STK,7358,INE0IX101010,DATAPATTNS,EQ,,,,,DATA PATTERNS INDIA LTD,4730.0,4848.0,4655.5,4829.2,4829.0,4777.2,,4829.32,,,561224,2677333421.4,53661,F1,1,,,,,,Cash Only,Capital Goods,True,4777.566666666667,4751.75,4803.383333333333,4803.383333333333,4751.75,51.63333333333321,1.069190204036553,Wide,Bullish,Above CPR,False,False,0.7666666666666667,60,3097214564.95,Overlapping,True,Risk Off,False,169.5928571428571,4506.616,4370.789000000001,0.3044546462817105,0.8644326588471993,True,True,No setup,Neutral,0,Not applicable,No directional setup; confirmation score not applicable.,Wide CPR,Wide Upside Watch,Watch,Wide CPR + close above CPR; trend aligned; participation light,0,0,0,0
2026-09-11,2026-09-11,CM,NSE,STK,4041,INE785A01026,JAYAGROGN,EQ,,,,,JAYANT AGRO ORGANICS LTD,257.0,257.0,239.09,244.13,243.9,258.18,,244.18,,,47854,11719153.18,1643,F1,1,,,,,,Cash Only,Unclassified,False,246.74,248.04500000000002,245.435,248.04500000000002,245.435,2.6100000000000136,1.0691025273419954,Wide,Bearish,Below CPR,False,False,0.7833333333333333,60,2324950.395,Lower,True,Risk Off,False,12.612142857142857,224.733,219.3156,0.20694342187234632,5.040603535113273,True,True,No setup,Neutral,0,Not applicable,No directional setup; confirmation score not applicable.,Wide CPR,Wide Downside Watch,Watch,Wide CPR + close below CPR; trend opposes; participation confirmed,0,0,0,0
2026-09-11,2026-09-11,CM,NSE,STK,762623,INE515A01019,COCKERILL,EQ,,,,,JOHN COCKERILL INDIA LTD.,7951.0,8259.0,7860.5,8191.0,8125.0,8009.0,,8188.13,,,4452,35798825.5,1447,F1,1,,,,,,Cash Only,Unclassified,False,8103.5,8059.75,8147.25,8147.25,8059.75,87.5,1.0682456354535466,Wide,Bullish,Above CPR,False,False,0.8166666666666667,60,55601218.5,Overlapping,True,Risk Off,False,264.75,8723.7,7987.0435,0.3305004721435316,0.6438496577192818,False,True,No setup,Neutral,0,Not applicable,No directional setup; confirmation score not applicable.,Wide CPR,Wide Upside Watch,Watch,Wide CPR + close above CPR; trend mixed; participation light,0,0,0,0
2026-09-11,2026-09-11,CM,NSE,STK,759130,INE08PH01015,ABCOTS,EQ,,,,,A B COTSPIN INDIA LIMITED,211.0,211.0,201.6,203.06,202.35,205.55,,203.06,,,1253,256357.24,44,F1,1,,,,,,Cash Only,Unclassified,False,205.22000000000003,206.3,204.14000000000004,206.3,204.14000000000004,2.159999999999968,1.0637250073869635,Wide,Bearish,Below CPR,False,False,0.8333333333333334,60,2071084.4449999998,Overlapping,True,Risk Off,False,10.172857142857142,205.46400000000003,217.8432,0.21232972897064709,0.1237792310298579,False,False,No setup,Neutral,0,Not applicable,No directional setup; confirmation score not applicable.,Wide CPR,Wide Downside Watch,Watch,Wide CPR + close below CPR; trend aligned; participation light,0,0,0,0
2026-09-11,2026-09-11,CM,NSE,STK,193,INE034A01011,ARVIND,EQ,,,,,ARVIND LIMITED,564.0,579.7,552.3,575.1,576.8,569.8,,575.11,,,470791,267455076.3,21305,F1,1,,,,,,Cash Only,Unclassified,False,569.0333333333333,566.0,572.0666666666666,572.0666666666666,566.0,6.066666666666606,1.0548890048107469,Wide,Bullish,Above CPR,False,False,0.7666666666666667,60,335573069.725,Overlapping,True,Risk Off,False,21.082142857142873,542.842,509.31100000000004,0.28776328420576797,0.7970099523158332,True,True,No setup,Neutral,0,Not applicable,No directional setup; confirmation score not applicable.,Wide CPR,Wide Upside Watch,Watch,Wide CPR + close above CPR; trend aligned; participation light,0,0,0,0
2026-09-11,2026-09-11,CM,NSE,STK,1756,INE197D01010,JINDALPOLY,EQ,,,,,JINDAL POLY FILMS LIMITED,670.0,693.75,670.0,671.3,670.55,677.3,,671.36,,,9891,6713469.1,726,F1,1,,,,,,Cash Only,Unclassified,False,678.35,681.875,674.825,681.875,674.825,7.0499999999999545,1.050201102338739,Wide,Bearish,Below CPR,False,False,0.8166666666666667,60,9317784.3,Overlapping,True,Risk Off,False,26.082142857142863,652.8639999999999,670.1339999999999,0.27029987676297235,0.7205005915408451,True,True,No setup,Neutral,0,Not applicable,No directional setup; confirmation score not applicable.,Wide CPR,Wide Downside Watch,Watch,Wide CPR + close below CPR; trend opposes; participation light,0,0,0,0
2026-09-11,2026-09-11,CM,NSE,STK,764603,INE032E01017,ARYAMAN,EQ,,,,,ARYAMAN FINANCIAL SERV L,635.0,635.0,615.0,635.0,635.0,625.0,,615.2,,,112,70119.9,16,F1,1,,,,,,Cash Only,Unclassified,False,628.3333333333334,625.0,631.6666666666667,631.6666666666667,625.0,6.6666666666667425,1.0498687664042115,Wide,Bullish,Above CPR,False,False,0.85,20,73896.7,Higher,True,Risk Off,False,21.928571428571438,,,0.30401737242128457,0.9488908165046612,False,False,No setup,Neutral,0,Not applicable,No directional setup; confirmation score not applicable.,Wide CPR,Wide Upside Watch,Watch,Wide CPR + close above CPR; trend opposes; participation light,0,0,0,0
2026-09-11,2026-09-11,CM,NSE,STK,10893,INE0I3401014,DBOL,EQ,,,,,DHAMPUR BIO ORGANICS LTD,120.3,123.25,117.58,118.55,118.76,120.38,,118.54,,,321135,38607383.82,3834,F1,1,,,,,,Cash Only,Unclassified,False,119.79333333333334,120.41499999999999,119.17166666666668,120.41499999999999,119.17166666666668,1.243333333333311,1.0487839167720887,Wide,Bearish,Below CPR,False,False,0.7666666666666667,60,24916527.795,Lower,True,Risk Off,False,5.246428571428573,116.8824,106.7816,0.23698661220784684,1.5494688560798324,True,True,No setup,Neutral,0,Not applicable,No directional setup; confirmation score not applicable.,Wide CPR,Wide Downside Watch,Watch,Wide CPR + close below CPR; trend opposes; participation confirmed,0,0,0,0
2026-09-11,2026-09-11,CM,NSE,STK,14445,INE308A01027,NAHARPOLY,EQ,,,,,NAHAR POLY FILMS LIMITED,240.92,240.92,230.1,231.87,233.0,233.77,,231.95,,,3654,848375.08,216,F1,1,,,,,,Cash Only,Unclassified,False,234.29666666666665,235.51,233.08333333333331,235.51,233.08333333333331,2.4266666666666765,1.0465634479090336,Wide,Bearish,Below CPR,False,False,0.8666666666666667,60,2516173.175,Overlapping,True,Risk Off,False,8.20142857142857,251.9046,252.3003,0.2958834117168915,0.3371687960229526,False,False,No setup,Neutral,0,Not applicable,No directional setup; confirmation score not applicable.,Wide CPR,Wide Downside Watch,Watch,Wide CPR + close below CPR; trend aligned; participation light,0,0,0,0
2026-09-11,2026-09-11,CM,NSE,STK,762824,INE265B01019,NITTAGELA,EQ,,,,,NITTA GELATIN INDIA LTD.,1655.0,1655.1,1584.0,1645.3,1649.0,1654.4,,1646.76,,,6154,9976629.1,762,F1,1,,,,,,Cash Only,Unclassified,False,1628.1333333333332,1619.55,1636.7166666666665,1636.7166666666665,1619.55,17.166666666666515,1.0433760813630655,Wide,Bullish,Above CPR,False,False,0.75,60,11295487.5,Lower,True,Risk Off,False,56.24285714285717,1728.96,1573.0995,0.3052239437812181,0.8832402408483918,False,True,No setup,Neutral,0,Not applicable,No directional setup; confirmation score not applicable.,Wide CPR,Wide Upside Watch,Watch,Wide CPR + close above CPR; trend mixed; participation light,0,0,0,0
2026-09-11,2026-09-11,CM,NSE,STK,11627,INE117Z01029,NARMADA,EQ,,,,,NARMADA AGROBASE LIMITED,13.89,14.49,13.82,14.38,14.39,14.05,,14.37,,,319864,4554683.58,756,F1,1,,,,,,Cash Only,Unclassified,False,14.230000000000002,14.155000000000001,14.305000000000003,14.305000000000003,14.155000000000001,0.15000000000000213,1.0431154381084988,Wide,Bullish,Above CPR,False,False,0.6333333333333333,60,18452832.985,Overlapping,True,Risk Off,False,0.8064285714285712,22.437,29.506999999999998,0.18600531443755805,0.24682841836277533,False,False,No setup,Neutral,0,Not applicable,No directional setup; confirmation score not applicable.,Wide CPR,Wide Upside Watch,Watch,Wide CPR + close above CPR; trend opposes; participation light,0,0,0,0
2026-09-11,2026-09-11,CM,NSE,STK,8167,INE825V01034,MANYAVAR,EQ,,,,,VEDANT FASHIONS LIMITED,575.8,584.5,562.0,582.35,584.0,576.6,,582.36,,,230359,132597592.45,13094,F1,1,,,,,,Cash Only,Unclassified,False,576.2833333333333,573.25,579.3166666666666,579.3166666666666,573.25,6.066666666666606,1.0417561031452915,Wide,Bullish,Above CPR,False,False,0.8833333333333333,60,135878148.325,Overlapping,True,Risk Off,False,19.471428571428582,484.70799999999997,453.408,0.31156762044509334,0.975856633936802,True,True,No setup,Neutral,0,Not applicable,No directional setup; confirmation score not applicable.,Wide CPR,Wide Upside Watch,Watch,Wide CPR + close above CPR; trend aligned; participation light,0,0,0,0
2026-09-11,2026-09-11,CM,NSE,STK,3693,INE287Z01012,GAYAHWS,EQ,,,,,GAYATRI HIGHWAYS LIMITED,1.93,1.93,1.85,1.92,1.93,1.9,,1.92,,,113257,214259.56,189,F1,1,,,,,,Cash Only,Unclassified,False,1.9000000000000001,1.8900000000000001,1.9100000000000001,1.9100000000000001,1.8900000000000001,0.020000000000000018,1.0416666666666676,Wide,Bullish,Above CPR,False,False,0.7,60,433313.12,Outside,True,Risk Off,False,0.12214285714285714,1.9312,2.0956,0.1637426900584797,0.494468203501431,False,False,No setup,Neutral,0,Not applicable,No directional setup; confirmation score not applicable.,Wide CPR,Wide Upside Watch,Watch,Wide CPR + close above CPR; trend opposes; participation light,0,0,0,0
2026-09-11,2026-09-11,CM,NSE,STK,11987,INE483B01026,ICIL,EQ,,,,,INDO COUNT INDUSTRIES LTD,437.35,446.3,426.4,443.25,442.15,439.45,,443.23,,,443332,193306820.9,18541,F1,1,,,,,,Cash Only,Unclassified,False,438.65000000000003,436.35,440.95000000000005,440.95000000000005,436.35,4.600000000000023,1.0377890580936318,Wide,Bullish,Above CPR,False,False,0.6166666666666667,60,196224526.5,Lower,True,Risk Off,False,24.135714285714283,419.95,375.51919999999996,0.19058893163657983,0.9851307802748094,True,True,No setup,Neutral,0,Not applicable,No directional setup; confirmation score not applicable.,Wide CPR,Wide Upside Watch,Watch,Wide CPR + close above CPR; trend aligned; participation light,0,0,0,0
2026-09-11,2026-09-11,CM,NSE,STK,13598,INE818A01017,ANTELOPUS,EQ,,,,,ANTELOPUS SELAN ENRGY LTD,1118.0,1200.0,1114.15,1139.35,1140.2,1124.1,,1139.35,,,4164751,4794351535.45,144023,F1,1,,,,,,Cash Only,Unclassified,False,1151.1666666666667,1157.075,1145.2583333333334,1157.075,1145.2583333333334,11.816666666666606,1.0371410599610837,Wide,Bearish,Below CPR,False,False,0.7,60,104064564.0,Higher,True,Risk Off,False,74.33214285714283,859.414,810.9284999999999,0.158971155848107,46.07093280523426,True,True,No setup,Neutral,0,Not applicable,No directional setup; confirmation score not applicable.,Wide CPR,Wide Downside Watch,Watch,Wide CPR + close below CPR; trend opposes; participation confirmed,0,0,0,0
2026-09-11,2026-09-11,CM,NSE,STK,7480,INE472B01011,BLUECOAST,EQ,,,,,BLUE COAST HOTELS LIMITED,20.75,22.92,20.75,22.18,22.01,21.83,,22.18,,,477,10519.68,14,F1,1,,,,,,Cash Only,Unclassified,False,21.95,21.835,22.064999999999998,22.064999999999998,21.835,0.22999999999999687,1.0369702434625647,Wide,Bullish,Above CPR,False,False,0.4,60,81008.20999999999,Overlapping,True,Risk Off,False,2.6307142857142845,22.872000000000003,,0.08742872658158994,0.12985943029725014,False,False,No setup,Neutral,0,Not applicable,No directional setup; confirmation score not applicable.,Wide CPR,Wide Upside Watch,Watch,Wide CPR + close above CPR; trend opposes; participation light,0,-2,0,-2
2026-09-11,2026-09-11,CM,NSE,STK,25984,INE679V01027,AVL,EQ,,,,,ADITYA VISION LIMITED,600.0,620.0,593.8,616.45,619.0,603.55,,616.36,,,243754,147484317.5,13501,F1,1,,,,,,Cash Only,Unclassified,False,610.0833333333334,606.9,613.2666666666668,613.2666666666668,606.9,6.366666666666788,1.0327953064590456,Wide,Bullish,Above CPR,False,False,0.9333333333333333,60,104045226.325,Higher,True,Risk Off,False,19.31428571428572,618.6339999999999,590.581,0.3296351084812685,1.4175020105133112,False,True,No setup,Neutral,0,Not applicable,No directional setup; confirmation score not applicable.,Wide CPR,Wide Upside Watch,Watch,Wide CPR + close above CPR; trend mixed; participation confirmed,0,0,-2,-2
2026-09-11,2026-09-11,CM,NSE,STK,10473,INE211R01019,POWERMECH,EQ,,,,,POWER MECH PROJECTS LTD.,2365.0,2435.0,2332.6,2421.3,2408.0,2379.4,,2421.36,,,38776,92542767.0,7816,F1,1,,,,,,Cash Only,Unclassified,False,2396.3,2383.8,2408.8,2408.8,2383.8,25.0,1.0325032007599222,Wide,Bullish,Above CPR,False,False,0.9166666666666666,60,134423775.45,Overlapping,True,Risk Off,False,76.81428571428579,2528.304,2558.385,0.3254602938441507,0.6884404688843309,False,False,No setup,Neutral,0,Not applicable,No directional setup; confirmation score not applicable.,Wide CPR,Wide Upside Watch,Watch,Wide CPR + close above CPR; trend opposes; participation light,0,0,0,0
2026-09-11,2026-09-11,CM,NSE,STK,18608,INE07K301024,ZAGGLE,EQ,,,,,ZAGGLE PREPA OCEAN SER L,182.0,187.88,180.34,187.0,186.8,183.93,,186.99,,,1685484,312352067.8,23177,F1,1,,,,,,Cash Only,Unclassified,False,185.07333333333335,184.11,186.0366666666667,186.0366666666667,184.11,1.9266666666666765,1.0303030303030356,Wide,Bullish,Above CPR,False,False,0.8666666666666667,60,144509289.175,Higher,True,Risk Off,False,6.142142857142853,197.3256,210.421,0.3136798852579775,2.1614670557388407,False,False,No setup,Neutral,0,Not applicable,No directional setup; confirmation score not applicable.,Wide CPR,Wide Upside Watch,Watch,Wide CPR + close above CPR; trend opposes; participation confirmed,0,0,0,0
2026-09-11,2026-09-11,CM,NSE,STK,18921,INE200M01039,VBL,EQ,,,,,VARUN BEVERAGES LIMITED,406.8,417.15,403.0,416.5,416.5,410.5,,416.49,,,9719304,4007213066.05,55459,F1,1,,,,,,F&O + Cash,Fast Moving Consumer Goods,True,412.2166666666667,410.075,414.3583333333334,414.3583333333334,410.075,4.283333333333417,1.0284113645458384,Wide,Bullish,Above CPR,False,False,0.9333333333333333,60,2428373836.35,Outside,True,Risk Off,False,11.360714285714282,441.37,479.1145,0.3770302839777922,1.650163169305553,False,False,No setup,Neutral,0,Not applicable,No directional setup; confirmation score not applicable.,Wide CPR,Wide Upside Watch,Watch,Wide CPR + close above CPR; trend opposes; participation confirmed,0,0,0,0
2026-09-11,2026-09-11,CM,NSE,STK,11511,INE281A01026,CENTEXT,EQ,,,,,CENTURY EXTRUSIONS LTD,22.5,23.4,22.03,22.37,22.48,22.8,,22.37,,,704806,16047307.84,2564,F1,1,,,,,,Cash Only,Unclassified,False,22.599999999999998,22.715,22.484999999999996,22.715,22.484999999999996,0.23000000000000398,1.0281627179258113,Wide,Bearish,Below CPR,False,False,0.8,60,2763181.24,Outside,True,Risk Off,False,1.084999999999999,20.7192,20.4733,0.21198156682028035,5.807548056456839,True,True,No setup,Neutral,0,Not applicable,No directional setup; confirmation score not applicable.,Wide CPR,Wide Downside Watch,Watch,Wide CPR + close below CPR; trend opposes; participation confirmed,0,0,0,0
2026-09-11,2026-09-11,CM,NSE,STK,13720,INE544H01014,JHS,EQ,,,,,JHS SVEND. LAB. LTD,8.38,9.21,7.91,8.43,8.58,8.03,,8.43,,,305861,2656238.21,1045,F1,1,,,,,,Cash Only,Unclassified,False,8.516666666666667,8.56,8.473333333333334,8.56,8.473333333333334,0.086666666666666,1.0280743376828707,Wide,Bearish,Below CPR,False,False,0.7333333333333333,60,421218.16000000003,Higher,True,Risk Off,False,0.5707142857142858,7.9368,8.037099999999999,0.15185648727576018,6.306086636910431,True,True,No setup,Neutral,0,Not applicable,No directional setup; confirmation score not applicable.,Wide CPR,Wide Downside Watch,Watch,Wide CPR + close below CPR; trend opposes; participation confirmed,0,0,0,0
2026-09-11,2026-09-11,CM,NSE,STK,1491,INE039A01010,IFCI,EQ,,,,,IFCI LTD,83.8,85.59,81.52,82.29,82.67,85.15,,82.29,,,110886137,9218364334.48,258340,F1,1,,,,,,Cash Only,Financial Services,True,83.13333333333334,83.555,82.71166666666667,83.555,82.71166666666667,0.8433333333333337,1.0248308826507881,Wide,Bearish,Below CPR,False,False,0.7333333333333333,60,2302856183.04,Lower,True,Risk Off,False,6.65857142857143,79.5628,74.9091,0.12665379389258388,4.003013476208852,True,True,No setup,Neutral,0,Not applicable,No directional setup; confirmation score not applicable.,Wide CPR,Wide Downside Watch,Watch,Wide CPR + close below CPR; trend opposes; participation confirmed,0,0,0,0
2026-09-11,2026-09-11,CM,NSE,STK,6429,INE165B01029,RSSOFTWARE,EQ,,,,,R. S. SOFTWARE (INDIA) LI,29.8,29.85,28.5,29.63,29.65,29.21,,29.56,,,12071,355861.56,201,F1,1,,,,,,Cash Only,Unclassified,False,29.326666666666668,29.175,29.478333333333335,29.478333333333335,29.175,0.30333333333333456,1.023737203284963,Wide,Bullish,Above CPR,False,False,0.5333333333333333,60,1289439.5499999998,Outside,True,Risk Off,False,1.6014285714285712,29.2332,35.7437,0.18941421349985213,0.27598157664700146,True,False,No setup,Neutral,0,Not applicable,No directional setup; confirmation score not applicable.,Wide CPR,Wide Upside Watch,Watch,Wide CPR + close above CPR; trend mixed; participation light,0,0,0,0
2026-09-11,2026-09-11,CM,NSE,STK,4481,INE767A01016,AARTIDRUGS,EQ,,,,,AARTI DRUGS LTD.,437.0,444.0,426.15,428.5,428.3,437.0,,428.49,,,173089,74714657.7,6983,F1,1,,,,,,Cash Only,Unclassified,False,432.8833333333334,435.075,430.6916666666668,435.075,430.6916666666668,4.383333333333212,1.0229482691559422,Wide,Bearish,Below CPR,False,False,0.9333333333333333,60,62808547.175,Outside,True,Risk Off,False,13.696428571428564,415.163,396.55049999999994,0.3200347674923859,1.1895619475455572,True,True,No setup,Neutral,0,Not applicable,No directional setup; confirmation score not applicable.,Wide CPR,Wide Downside Watch,Watch,Wide CPR + close below CPR; trend opposes; participation confirmed,0,0,0,0
2026-09-11,2026-09-11,CM,NSE,STK,5650,INE933X01016,SHANTI,EQ,,,,,SHANTI OVERSEAS INDIA LTD,6.1,6.49,6.1,6.2,6.27,6.2,,6.2,,,18127,112521.65,51,F1,1,,,,,,Cash Only,Unclassified,False,6.263333333333333,6.295,6.231666666666666,6.295,6.231666666666666,0.06333333333333435,1.0215053763441024,Wide,Bearish,Below CPR,False,False,0.5833333333333334,60,140924.455,Overlapping,True,Risk Off,False,0.5071428571428571,6.598400000000001,6.6517,0.12488262910798323,0.7984536821519019,False,False,No setup,Neutral,0,Not applicable,No directional setup; confirmation score not applicable.,Wide CPR,Wide Downside Watch,Watch,Wide CPR + close below CPR; trend aligned; participation light,0,0,0,0
2026-09-11,2026-09-11,CM,NSE,STK,765356,INE685T01010,HORIZONIND,EQ,,,,,HORIZON INDUSTRIAL PRKS L,55.0,55.89,53.75,55.67,55.79,55.55,,55.67,,,3566247,195125353.72,12951,F1,1,,,,,,Cash Only,Unclassified,False,55.10333333333333,54.82,55.38666666666666,55.38666666666666,54.82,0.5666666666666629,1.0179031195736714,Wide,Bullish,Above CPR,False,False,0.8,15,351834248.97,Lower,False,Risk Off,False,2.3035714285714284,,,0.24599483204134204,0.55459454072829,False,False,No setup,Neutral,0,Not applicable,No directional setup; confirmation score not applicable.,Wide CPR,Wide Upside Watch,Watch,Wide CPR + close above CPR; trend opposes; participation light,0,0,0,0
2026-09-11,2026-09-11,CM,NSE,STK,20481,INE215F01023,WIPL,EQ,,,,,THE WESTERN INDIA PLY LTD,164.11,169.88,164.11,169.58,169.58,164.55,,169.58,,,145,24239.47,23,F1,1,,,,,,Cash Only,Unclassified,False,167.85666666666668,166.995,168.71833333333336,168.71833333333336,166.995,1.7233333333333576,1.0162361913747833,Wide,Bullish,Above CPR,False,False,0.8,60,227228.96000000002,Higher,True,Risk Off,False,5.204999999999992,167.6864,162.0916,0.3310918988152469,0.1066742108928369,True,True,No setup,Neutral,0,Not applicable,No directional setup; confirmation score not applicable.,Wide CPR,Wide Upside Watch,Watch,Wide CPR + close above CPR; trend aligned; participation light,0,0,0,0
2026-09-11,2026-09-11,CM,NSE,STK,11195,INE646L01027,INDIGO,EQ,,,,,INTERGLOBE AVIATION LTD,4875.0,4973.0,4822.0,4973.0,4973.0,4945.0,,4973.0,,,923733,4519061596.5,65572,F1,1,,,,,,F&O + Cash,Services,True,4922.666666666667,4897.5,4947.833333333334,4947.833333333334,4897.5,50.33333333333394,1.0121321804410606,Wide,Bullish,Above CPR,False,False,0.9333333333333333,60,3262988280.75,Outside,True,Risk Off,False,108.57142857142857,5196.57,4914.462,0.4635964912280758,1.384945702428723,False,True,No setup,Neutral,0,Not applicable,No directional setup; confirmation score not applicable.,Wide CPR,Wide Upside Watch,Watch,Wide CPR + close above CPR; trend mixed; participation confirmed,0,0,0,0
2026-09-11,2026-09-11,CM,NSE,STK,1593,INE0APB01032,MGEL,EQ,,,,,MANGALAM GLOBAL ENT LTD,15.72,16.6,15.6,15.86,15.62,16.03,,15.87,,,337674,5368744.58,685,F1,1,,,,,,Cash Only,Unclassified,False,16.02,16.1,15.939999999999998,16.1,15.939999999999998,0.1600000000000037,1.0088272383354584,Wide,Bearish,Below CPR,False,False,0.6833333333333333,60,3823751.895,Outside,True,Risk Off,False,1.1978571428571427,13.565,12.5551,0.13357185450209016,1.4040514990055337,True,True,No setup,Neutral,0,Not applicable,No directional setup; confirmation score not applicable.,Wide CPR,Wide Downside Watch,Watch,Wide CPR + close below CPR; trend opposes; participation confirmed,0,0,0,0
2026-09-11,2026-09-11,CM,NSE,STK,13463,INE156C01018,PIONEEREMB,EQ,,,,,PIONEER EMBROIDERIES LTD,20.42,21.4,20.24,20.51,20.5,20.42,,20.51,,,7098,147181.03,79,F1,1,,,,,,Cash Only,Unclassified,False,20.71666666666667,20.82,20.613333333333337,20.82,20.613333333333337,0.20666666666666345,1.0076385503006506,Wide,Bearish,Below CPR,False,False,0.7666666666666667,60,161482.675,Higher,True,Risk Off,False,0.7499999999999994,22.642000000000003,23.9505,0.27555555555555145,0.9114354217875076,False,False,No setup,Neutral,0,Not applicable,No directional setup; confirmation score not applicable.,Wide CPR,Wide Downside Watch,Watch,Wide CPR + close below CPR; trend aligned; participation light,0,0,0,0
2026-09-11,2026-09-11,CM,NSE,STK,761670,INE05TO01019,AEROPLANE,EQ,,,,,AMIR CHAND JAG KUM (E) L,206.98,207.5,196.56,205.13,205.8,206.9,,205.21,,,4850211,974777313.21,14882,F1,1,,,,,,Cash Only,Unclassified,False,203.06333333333336,202.03,204.09666666666672,204.09666666666672,202.03,2.0666666666667197,1.007491184452162,Wide,Bullish,Above CPR,False,False,0.65,40,86504390.64,Lower,True,Risk Off,False,8.239999999999998,,,0.25080906148867965,11.268529909269818,False,False,No setup,Neutral,0,Not applicable,No directional setup; confirmation score not applicable.,Wide CPR,Wide Upside Watch,Watch,Wide CPR + close above CPR; trend opposes; participation confirmed,0,0,0,0
2026-09-11,2026-09-11,CM,NSE,STK,8083,INE491V01019,CROWN,EQ,,,,,CROWN LIFTERS LIMITED,113.8,116.48,112.0,112.55,112.4,114.47,,112.55,,,2853,322523.22,81,F1,1,,,,,,Cash Only,Unclassified,False,113.67666666666668,114.24000000000001,113.11333333333334,114.24000000000001,113.11333333333334,1.1266666666666652,1.0010365763364417,Wide,Bearish,Below CPR,False,False,0.8666666666666667,60,736416.9550000001,Lower,True,Risk Off,False,4.627142857142857,111.2584,116.54090000000001,0.24349078933827278,0.43796278427619845,True,False,No setup,Neutral,0,Not applicable,No directional setup; confirmation score not applicable.,Wide CPR,Wide Downside Watch,Watch,Wide CPR + close below CPR; trend mixed; participation light,0,0,0,0
2026-09-11,2026-09-11,CM,NSE,STK,14314,INE592B01024,TTL,EQ,,,,,T T LIMITED,6.8,6.8,6.32,6.66,6.7,6.73,,6.66,,,488208,3189220.47,474,F1,1,,,,,,Cash Only,Unclassified,False,6.593333333333334,6.5600000000000005,6.626666666666667,6.626666666666667,6.5600000000000005,0.06666666666666643,1.0010010010009973,Wide,Bullish,Above CPR,False,False,0.6833333333333333,60,980442.97,Lower,True,Risk Off,False,0.43428571428571416,6.4478,7.1811,0.15350877192982407,3.252836286846955,True,False,No setup,Neutral,0,Not applicable,No directional setup; confirmation score not applicable.,Wide CPR,Wide Upside Watch,Watch,Wide CPR + close above CPR; trend mixed; participation confirmed,0,0,0,0
2026-09-11,2026-09-11,CM,NSE,STK,7091,INE955I01044,SEJALLTD,EQ,,,,,SEJAL GLASS LIMITED,660.0,673.0,639.0,646.3,645.0,672.0,,646.3,,,7569,4909679.6,562,F1,1,,,,,,Cash Only,Unclassified,False,652.7666666666667,656.0,649.5333333333333,656.0,649.5333333333333,6.466666666666697,1.0005673319923716,Wide,Bearish,Below CPR,False,False,0.5666666666666667,60,5429328.949999999,Lower,True,Risk Off,False,25.460714285714296,609.928,647.5745000000001,0.25398606630196024,0.9042884756503841,True,False,No setup,Neutral,0,Not applicable,No directional setup; confirmation score not applicable.,Wide CPR,Wide Downside Watch,Watch,Wide CPR + close below CPR; trend mixed; participation light,0,0,0,0
2026-09-11,2026-09-11,CM,NSE,STK,3812,INE256A01028,ZEEL,EQ,,,,,ZEE ENTERTAINMENT ENT LTD,81.0,81.9,79.2,79.36,79.45,80.95,,79.36,,,21161135,1694593867.18,64298,F1,1,,,,,,Cash Only,Media Entertainment & Publication,True,80.15333333333335,80.55000000000001,79.75666666666669,80.55000000000001,79.75666666666669,0.7933333333333223,0.9996639784946098,Wide,Bearish,Below CPR,False,False,0.7333333333333333,60,2552227297.31,Lower,True,Risk Off,False,4.377857142857143,99.781,98.9136,0.18121498885081602,0.6639666729393853,False,False,No setup,Neutral,0,Not applicable,No directional setup; confirmation score not applicable.,Wide CPR,Wide Downside Watch,Watch,Wide CPR + close below CPR; trend aligned; participation light,0,0,0,0
2026-09-11,2026-09-11,CM,NSE,STK,758889,INE385F01024,SGMART,EQ,,,,,SG MART LIMITED,766.55,775.0,749.4,750.95,750.8,766.55,,750.96,,,160171,120903175.0,9139,F1,1,,,,,,Cash Only,Unclassified,False,758.4500000000002,762.2,754.7000000000003,762.2,754.7000000000003,7.499999999999773,0.9987349357480222,Wide,Bearish,Below CPR,False,False,0.7666666666666667,60,174543079.0,Lower,True,Risk Off,False,34.571428571428605,731.658,658.2585,0.2169421487603238,0.6926838674594482,True,True,No setup,Neutral,0,Not applicable,No directional setup; confirmation score not applicable.,Wide CPR,Wide Downside Watch,Watch,Wide CPR + close below CPR; trend opposes; participation light,0,0,0,0
2026-09-11,2026-09-11,CM,NSE,STK,4055,INE922B01023,PANACEABIO,EQ,,,,,PANACEA BIOTEC LTD,387.9,399.95,383.45,397.65,399.9,388.65,,397.67,,,89281,35034269.45,2726,F1,1,,,,,,Cash Only,Unclassified,False,393.68333333333334,391.7,395.6666666666667,395.6666666666667,391.7,3.966666666666697,0.9975271386059845,Wide,Bullish,Above CPR,False,False,0.7,60,71392957.85,Overlapping,True,Risk Off,False,13.507142857142847,439.37199999999996,448.615,0.29367177860039023,0.49072444264893283,False,False,No setup,Neutral,0,Not applicable,No directional setup; confirmation score not applicable.,Wide CPR,Wide Upside Watch,Watch,Wide CPR + close above CPR; trend opposes; participation light,0,0,0,0
2026-09-11,2026-09-11,CM,NSE,STK,762944,INE077P01034,THACKER,EQ,,,,,THACKER & CO. LTD.,1045.0,1045.0,1000.0,1038.0,1038.0,1045.0,,1066.5,,,9,9323.0,5,F1,1,,,,,,Cash Only,Unclassified,False,1027.6666666666667,1022.5,1032.8333333333335,1032.8333333333335,1022.5,10.333333333333485,0.9955041746949408,Wide,Bullish,Above CPR,False,False,0.5,34,48130.3,Overlapping,True,Risk Off,False,148.84285714285716,,,0.06942444892344216,0.19370334280068896,False,False,No setup,Neutral,0,Not applicable,No directional setup; confirmation score not applicable.,Wide CPR,Wide Upside Watch,Watch,Wide CPR + close above CPR; trend opposes; participation light,0,0,0,0
2026-09-11,2026-09-11,CM,NSE,STK,11297,INE173A01025,SIL,EQ,,,,,STANDARD INDUSTRIES LTD.,18.19,18.55,17.5,17.76,17.75,18.1,,17.74,,,43283,773836.41,336,F1,1,,,,,,Cash Only,Unclassified,False,17.936666666666667,18.025,17.848333333333336,18.025,17.848333333333336,0.1766666666666623,0.9947447447447201,Wide,Bearish,Below CPR,False,False,0.7166666666666667,60,564119.6699999999,Lower,True,Risk Off,False,0.8621428571428572,17.895799999999998,16.8315,0.20491576912454615,1.3717593112823032,False,True,No setup,Neutral,0,Not applicable,No directional setup; confirmation score not applicable.,Wide CPR,Wide Downside Watch,Watch,Wide CPR + close below CPR; trend mixed; participation confirmed,0,0,0,0
2026-09-11,2026-09-11,CM,NSE,STK,19111,INE365I01020,NBIFIN,EQ,,,,,N.B.I. IND. FIN. CO. LTD,1960.0,2020.0,1960.0,2020.0,2020.0,2010.0,,2020.0,,,28,56160.7,8,F1,1,,,,,,Cash Only,Unclassified,False,2000.0,1990.0,2010.0,2010.0,1990.0,20.0,0.9900990099009901,Wide,Bullish,Above CPR,False,False,0.8166666666666667,60,784628.3999999999,Outside,True,Risk Off,False,62.90000000000001,2080.156,2008.942,0.31796502384737674,0.07157617542265868,False,True,No setup,Neutral,0,Not applicable,No directional setup; confirmation score not applicable.,Wide CPR,Wide Upside Watch,Watch,Wide CPR + close above CPR; trend mixed; participation light,0,0,0,0
2026-09-11,2026-09-11,CM,NSE,STK,759477,INE01TY01017,CANHLIFE,EQ,,,,,CANARA HSBC LIFE INS CO L,150.57,153.68,145.65,151.92,151.5,152.36,,151.92,,,603161,91464040.89,12515,F1,1,,,,,,Cash Only,Financial Services,True,150.41666666666666,149.66500000000002,151.1683333333333,151.1683333333333,149.66500000000002,1.5033333333332735,0.9895559066174786,Wide,Bullish,Above CPR,False,False,0.9,60,98292387.69,Overlapping,True,Risk Off,False,5.902857142857146,150.1696,144.87040000000002,0.25467892868666286,0.9305302581362087,True,True,No setup,Neutral,0,Not applicable,No directional setup; confirmation score not applicable.,Wide CPR,Wide Upside Watch,Watch,Wide CPR + close above CPR; trend aligned; participation light,0,0,0,0
2026-09-11,2026-09-11,CM,NSE,STK,2610,INE844A01013,PEARLPOLY,EQ,,,,,PEARL POLYMERS LTD,15.65,15.97,15.51,15.51,15.51,15.62,,15.51,,,1835,28637.06,37,F1,1,,,,,,Cash Only,Unclassified,False,15.663333333333334,15.74,15.586666666666668,15.74,15.586666666666668,0.15333333333333243,0.9886094992477914,Wide,Bearish,Below CPR,False,False,0.6333333333333333,60,174592.29,Outside,True,Risk Off,False,0.7428571428571427,16.3184,18.178600000000003,0.20641025641025526,0.16402247773942366,False,False,No setup,Neutral,0,Not applicable,No directional setup; confirmation score not applicable.,Wide CPR,Wide Downside Watch,Watch,Wide CPR + close below CPR; trend aligned; participation light,0,0,0,0
2026-09-11,2026-09-11,CM,NSE,STK,15404,INE09KD01013,ATAM,EQ,,,,,ATAM VALVES LIMITED,54.45,56.11,53.01,55.38,55.5,53.7,,55.39,,,7175,393330.33,209,F1,1,,,,,,Cash Only,Unclassified,False,54.833333333333336,54.56,55.10666666666667,55.10666666666667,54.56,0.5466666666666669,0.9871192969784522,Wide,Bullish,Above CPR,False,False,0.8,60,471854.83999999997,Overlapping,True,Risk Off,False,2.8685714285714274,61.962199999999996,66.94930000000001,0.19057104913678632,0.8335833325350653,False,False,No setup,Neutral,0,Not applicable,No directional setup; confirmation score not applicable.,Wide CPR,Wide Upside Watch,Watch,Wide CPR + close above CPR; trend opposes; participation light,0,0,0,0
2026-09-11,2026-09-11,CM,NSE,STK,765140,INE258R01028,PANORAMA,EQ,,,,,PANORAMA STUDIOS INTL. L,52.89,55.96,50.01,53.78,53.05,52.92,,53.76,,,755344,40637397.68,4662,F1,1,,,,,,Cash Only,Unclassified,False,53.25,52.985,53.515,53.515,52.985,0.5300000000000011,0.985496467088139,Wide,Bullish,Above CPR,False,False,0.7,20,12573846.99,Higher,True,Risk Off,False,4.187142857142857,,,0.1265779597407031,3.231898536089948,False,False,No setup,Neutral,0,Not applicable,No directional setup; confirmation score not applicable.,Wide CPR,Wide Upside Watch,Watch,Wide CPR + close above CPR; trend opposes; participation confirmed,0,0,0,0
2026-09-11,2026-09-11,CM,NSE,STK,13275,INE332H01014,INDOTECH,EQ,,,,,INDO TECH TRANSFORM LTD.,3601.0,3687.6,3462.3,3522.9,3515.0,3602.4,,3523.14,,,12309,43347408.3,2581,F1,1,,,,,,Cash Only,Unclassified,False,3557.6,3574.95,3540.25,3574.95,3540.25,34.69999999999982,0.984983962076693,Wide,Bearish,Below CPR,False,False,0.4666666666666667,60,88122287.4,Lower,True,Risk Off,False,141.87142857142862,2959.348,2154.219,0.24458765481824452,0.49190062558453285,True,True,No setup,Neutral,0,Not applicable,No directional setup; confirmation score not applicable.,Wide CPR,Wide Downside Watch,Watch,Wide CPR + close below CPR; trend opposes; participation light,0,0,0,0
2026-09-11,2026-09-11,CM,NSE,STK,8159,INE296C01020,FIBERWEB,EQ,,,,,FIBERWEB INDIA LIMITED,26.89,27.94,25.46,27.1,27.0,26.98,,27.1,,,53439,1430073.7,399,F1,1,,,,,,Cash Only,Unclassified,False,26.833333333333332,26.700000000000003,26.96666666666666,26.96666666666666,26.700000000000003,0.2666666666666586,0.9840098400983712,Wide,Bullish,Above CPR,False,False,0.8333333333333334,60,540266.735,Overlapping,True,Risk Off,False,1.0542857142857136,28.753600000000002,31.4663,0.2529358626919528,2.646977145465008,False,False,No setup,Neutral,0,Not applicable,No directional setup; confirmation score not applicable.,Wide CPR,Wide Upside Watch,Watch,Wide CPR + close above CPR; trend opposes; participation confirmed,0,0,0,0
2026-09-11,2026-09-11,CM,NSE,STK,3837,INE932C01012,TOKYOPLAST,EQ,,,,,TOKYO PLAST INTL LTD,80.29,80.29,75.26,78.94,78.95,76.81,,78.88,,,1713,133759.96,49,F1,1,,,,,,Cash Only,Unclassified,False,78.16333333333334,77.775,78.55166666666668,78.55166666666668,77.775,0.7766666666666708,0.9838696056076398,Wide,Bullish,Above CPR,False,False,0.5166666666666667,60,243506.405,Higher,True,Risk Off,False,3.441428571428573,76.199,87.0915,0.22568147225681584,0.5493077687217303,True,False,No setup,Neutral,0,Not applicable,No directional setup; confirmation score not applicable.,Wide CPR,Wide Upside Watch,Watch,Wide CPR + close above CPR; trend mixed; participation light,0,0,-2,-2
2026-09-11,2026-09-11,CM,NSE,STK,14828,INE100D01014,WSI,EQ,,,,,W.S.INDUSTRIES (I) LTD.,61.98,63.8,58.22,61.92,61.5,58.83,,61.79,,,146840,8994038.38,3839,F1,1,,,,,,Cash Only,Unclassified,False,61.31333333333333,61.01,61.61666666666667,61.61666666666667,61.01,0.6066666666666691,0.9797588285960418,Wide,Bullish,Above CPR,False,False,0.8833333333333333,60,3083588.0,Higher,True,Risk Off,False,2.697857142857143,61.1874,65.2413,0.22486982614067694,2.9167445132099363,True,False,No setup,Neutral,0,Not applicable,No directional setup; confirmation score not applicable.,Wide CPR,Wide Upside Watch,Watch,Wide CPR + close above CPR; trend mixed; participation confirmed,0,0,0,0
2026-09-11,2026-09-11,CM,NSE,STK,17062,INE218G01033,PALREDTEC,EQ,,,,,PALRED TECHNOLOGIES LTD,50.9,54.9,50.62,52.0,52.0,53.28,,52.0,,,796,42333.07,21,F1,1,,,,,,Cash Only,Unclassified,False,52.50666666666666,52.76,52.25333333333332,52.76,52.25333333333332,0.5066666666666748,0.97435897435899,Wide,Bearish,Below CPR,False,False,0.35,60,212065.57,Overlapping,True,Risk Off,False,3.780714285714286,35.0598,37.8476,0.1340134769192036,0.19962255070448257,True,True,No setup,Neutral,0,Not applicable,No directional setup; confirmation score not applicable.,Wide CPR,Wide Downside Watch,Watch,Wide CPR + close below CPR; trend opposes; participation light,0,0,0,0
2026-09-11,2026-09-11,CM,NSE,STK,10726,INE933S01016,INDIAMART,EQ,,,,,INDIAMART INTERMESH LTD,1637.7,1716.4,1624.1,1695.0,1714.0,1637.7,,1695.12,,,140423,235525293.5,12198,F1,1,,,,,,Cash Only,Consumer Services,True,1678.5,1670.25,1686.75,1686.75,1670.25,16.5,0.9734513274336283,Wide,Bullish,Above CPR,False,False,0.95,60,172941529.3,Higher,True,Risk Off,False,34.5571428571429,1793.83,1909.052,0.47747002893757695,1.3618781703464442,False,False,No setup,Neutral,0,Not applicable,No directional setup; confirmation score not applicable.,Wide CPR,Wide Upside Watch,Watch,Wide CPR + close above CPR; trend opposes; participation confirmed,0,0,0,0
2026-09-11,2026-09-11,CM,NSE,STK,19322,INE598C01011,HISARMETAL,EQ,,,,,HISAR METAL IND. LIMITED,161.98,161.98,157.0,157.2,157.2,155.28,,158.26,,,808,127642.89,15,F1,1,,,,,,Cash Only,Unclassified,False,158.72666666666666,159.49,157.9633333333333,159.49,157.9633333333333,1.5266666666666993,0.9711620016963737,Wide,Bearish,Below CPR,False,False,0.85,60,172769.53499999997,Higher,True,Risk Off,False,7.084999999999994,152.9502,152.8907,0.2154787108915597,0.7388043846966423,True,True,No setup,Neutral,0,Not applicable,No directional setup; confirmation score not applicable.,Wide CPR,Wide Downside Watch,Watch,Wide CPR + close below CPR; trend opposes; participation light,0,0,0,0
2026-09-11,2026-09-11,CM,NSE,STK,758748,INE0PKD01011,MEIL,EQ,,,,,MANGAL ELECTRICAL IND L,277.0,284.0,272.0,282.1,281.2,280.2,,282.11,,,33612,9298121.9,853,F1,1,,,,,,Cash Only,Unclassified,False,279.3666666666667,278.0,280.73333333333335,280.73333333333335,278.0,2.7333333333333485,0.9689235495687163,Wide,Bullish,Above CPR,False,False,0.7666666666666667,60,16129219.015,Lower,True,Risk Off,False,14.060714285714283,276.8234,269.2425,0.19439505545677868,0.5764768828145272,True,True,No setup,Neutral,0,Not applicable,No directional setup; confirmation score not applicable.,Wide CPR,Wide Upside Watch,Watch,Wide CPR + close above CPR; trend aligned; participation light,0,0,0,0
2026-09-11,2026-09-11,CM,NSE,STK,20831,INE046W01019,MUTHOOTMF,EQ,,,,,MUTHOOT MICROFIN LIMITED,196.13,197.0,190.25,196.48,195.1,196.13,,196.47,,,130018,25343446.27,3451,F1,1,,,,,,Cash Only,Unclassified,False,194.57666666666668,193.625,195.52833333333336,195.52833333333336,193.625,1.9033333333333644,0.968716069489701,Wide,Bullish,Above CPR,False,False,0.7333333333333333,60,86586930.285,Lower,True,Risk Off,False,7.255714285714291,222.1572,207.4923,0.2623219793922729,0.2926936685084262,False,False,No setup,Neutral,0,Not applicable,No directional setup; confirmation score not applicable.,Wide CPR,Wide Upside Watch,Watch,Wide CPR + close above CPR; trend opposes; participation light,0,0,0,0
2026-09-11,2026-09-11,CM,NSE,STK,5020,INE308E01029,SVPGLOB,EQ,,,,,SVP GLOBAL TEXTILES LTD,3.44,3.46,3.34,3.45,3.46,3.42,,3.51,,,20107,68446.55,76,F1,1,,,,,,Cash Only,Unclassified,False,3.4166666666666665,3.4,3.433333333333333,3.433333333333333,3.4,0.033333333333333215,0.9661835748792236,Wide,Bullish,Above CPR,False,False,0.5,60,221573.46000000002,Lower,True,Risk Off,False,0.21428571428571422,3.5762,3.6138,0.15555555555555506,0.30891131997487425,False,False,No setup,Neutral,0,Not applicable,No directional setup; confirmation score not applicable.,Wide CPR,Wide Upside Watch,Watch,Wide CPR + close above CPR; trend opposes; participation light,0,0,0,0
2026-09-11,2026-09-11,CM,NSE,STK,764813,INE031G01022,OPTIFIN,EQ,,,,,OPTIMUS FINANCE LTD.,15.22,15.22,14.2,14.5,14.5,14.57,,14.47,,,31031,454537.68,72,F1,1,,,,,,Cash Only,Unclassified,False,14.64,14.71,14.57,14.71,14.57,0.14000000000000057,0.9655172413793143,Wide,Bearish,Below CPR,False,False,0.5,20,463250.235,Lower,True,Risk Off,False,1.4307142857142854,,,0.0978532201697458,0.9811925513648148,False,False,No setup,Neutral,0,Not applicable,No directional setup; confirmation score not applicable.,Wide CPR,Wide Downside Watch,Watch,Wide CPR + close below CPR; trend aligned; participation light,0,0,0,0
2026-09-11,2026-09-11,CM,NSE,STK,19223,INE586V01016,TCIEXP,EQ,,,,,TCI EXPRESS LIMITED,535.1,535.1,509.0,514.6,514.8,535.4,,514.5,,,32945,17113204.6,2128,F1,1,,,,,,Cash Only,Unclassified,False,519.5666666666666,522.05,517.0833333333333,522.05,517.0833333333333,4.966666666666697,0.9651509262857941,Wide,Bearish,Below CPR,False,False,0.8333333333333334,60,19539666.075,Lower,True,Risk Off,False,18.939285714285706,551.3009999999999,537.499,0.2622414985228504,0.8758186825871845,False,False,No setup,Neutral,0,Not applicable,No directional setup; confirmation score not applicable.,Wide CPR,Wide Downside Watch,Watch,Wide CPR + close below CPR; trend aligned; participation light,0,0,0,0
2026-09-11,2026-09-11,CM,NSE,STK,762573,INE213D01015,BEEKAY,EQ,,,,,BEEKAY STEEL INDS. LTD.,430.3,446.5,417.0,425.6,430.75,433.4,,425.84,,,25298,10884208.95,400,F1,1,,,,,,Cash Only,Unclassified,False,429.7,431.75,427.65,431.75,427.65,4.100000000000023,0.9633458646616595,Wide,Bearish,Below CPR,False,False,0.7166666666666667,60,751247.3,Overlapping,True,Risk Off,False,20.199999999999996,412.25800000000004,411.9735,0.20297029702970415,14.488183784487477,True,True,No setup,Neutral,0,Not applicable,No directional setup; confirmation score not applicable.,Wide CPR,Wide Downside Watch,Watch,Wide CPR + close below CPR; trend opposes; participation confirmed,0,0,0,0
2026-09-11,2026-09-11,CM,NSE,STK,764763,INE938C01019,LAKSHMIMIL,EQ,,,,,LAKSHMI MILLS CO. LTD.,7760.0,7835.0,7540.0,7800.0,7800.0,7800.0,,7793.95,,,30,232325.0,17,F1,1,,,,,,Cash Only,Unclassified,False,7725.0,7687.5,7762.5,7762.5,7687.5,75.0,0.9615384615384616,Wide,Bullish,Above CPR,False,False,0.7222222222222222,18,220363.0,Lower,False,Risk Off,False,302.82142857142856,,,0.24767071588630737,1.0542831600586304,False,False,No setup,Neutral,0,Not applicable,No directional setup; confirmation score not applicable.,Wide CPR,Wide Upside Watch,Watch,Wide CPR + close above CPR; trend opposes; participation confirmed,0,0,0,0
2026-09-11,2026-09-11,CM,NSE,STK,14957,INE387I01016,MAGNUM,EQ,,,,,MAGNUM VENTURES LTD.,19.49,19.49,18.51,18.73,18.61,19.1,,18.73,,,12351,233781.57,99,F1,1,,,,,,Cash Only,Unclassified,False,18.91,19.0,18.82,19.0,18.82,0.17999999999999972,0.9610250934329937,Wide,Bearish,Below CPR,False,False,0.9166666666666666,60,377673.815,Lower,True,Risk Off,False,0.8871428571428565,19.3052,19.54,0.20289855072463753,0.6190039147935104,False,False,No setup,Neutral,0,Not applicable,No directional setup; confirmation score not applicable.,Wide CPR,Wide Downside Watch,Watch,Wide CPR + close below CPR; trend aligned; participation light,0,0,0,0
2026-09-11,2026-09-11,CM,NSE,STK,1214,INE393A01011,DELTAMAGNT,EQ,,,,,DELTA MANUFACTURING LTD,57.39,57.5,55.85,55.87,55.87,56.82,,56.44,,,665,37720.63,10,F1,1,,,,,,Cash Only,Unclassified,False,56.406666666666666,56.675,56.138333333333335,56.675,56.138333333333335,0.5366666666666617,0.9605632122188327,Wide,Bearish,Below CPR,False,False,0.7333333333333333,60,158602.685,Lower,True,Risk Off,False,3.1028571428571436,58.184200000000004,59.783199999999994,0.172958870472681,0.23783096736350962,False,False,No setup,Neutral,0,Not applicable,No directional setup; confirmation score not applicable.,Wide CPR,Wide Downside Watch,Watch,Wide CPR + close below CPR; trend aligned; participation light,0,0,0,0
2026-09-11,2026-09-11,CM,NSE,STK,15129,INE722H01024,RGL,EQ,,,,,RENAISSANCE GLOBAL LTD,156.0,161.2,154.25,155.49,156.7,156.48,,155.49,,,1372451,216486909.11,19607,F1,1,,,,,,Cash Only,Unclassified,False,156.98,157.725,156.23499999999999,157.725,156.23499999999999,1.490000000000009,0.9582609814136014,Wide,Bearish,Below CPR,False,False,0.7333333333333333,60,61484394.629999995,Higher,True,Risk Off,False,9.866428571428571,127.016,116.7068,0.15101715774994662,3.5210057838703976,True,True,No setup,Neutral,0,Not applicable,No directional setup; confirmation score not applicable.,Wide CPR,Wide Downside Watch,Watch,Wide CPR + close below CPR; trend opposes; participation confirmed,0,0,0,0
2026-09-11,2026-09-11,CM,NSE,STK,5407,INE290S01011,CARTRADE,EQ,,,,,CARTRADE TECH LIMITED,3005.9,3105.2,2982.1,3087.9,3086.1,3034.7,,3088.0,,,273739,840695123.1,34932,F1,1,,,,,,Cash Only,Consumer Services,True,3058.3999999999996,3043.6499999999996,3073.1499999999996,3073.1499999999996,3043.6499999999996,29.5,0.9553418180640564,Wide,Bullish,Above CPR,False,False,0.7833333333333333,60,982592248.1500001,Higher,True,Risk Off,False,128.54285714285714,2878.992,2474.494,0.22949544343187375,0.8555890041701831,True,True,No setup,Neutral,0,Not applicable,No directional setup; confirmation score not applicable.,Wide CPR,Wide Upside Watch,Watch,Wide CPR + close above CPR; trend aligned; participation light,0,0,0,0
2026-09-11,2026-09-11,CM,NSE,STK,16725,INE105J01010,RPGLIFE,EQ,,,,,RPG LIFE SCIENCES LTD,2794.3,2794.3,2680.0,2698.6,2696.0,2782.7,,2698.47,,,17821,48465036.0,2549,F1,1,,,,,,Cash Only,Unclassified,False,2724.2999999999997,2737.15,2711.4499999999994,2737.15,2711.4499999999994,25.700000000000728,0.9523456607129893,Wide,Bearish,Below CPR,False,False,0.7666666666666667,60,34661784.150000006,Lower,True,Risk Off,False,110.62857142857148,2730.248,2490.519,0.23230888429752714,1.3982268134342413,False,True,No setup,Neutral,0,Not applicable,No directional setup; confirmation score not applicable.,Wide CPR,Wide Downside Watch,Watch,Wide CPR + close below CPR; trend mixed; participation confirmed,0,0,-2,-2
2026-09-11,2026-09-11,CM,NSE,STK,1485,INE559A01017,IFBIND,EQ,,,,,IFB INDUSTRIES LTD,1267.2,1312.1,1251.0,1300.1,1304.0,1283.2,,1300.09,,,53221,68408201.7,6157,F1,1,,,,,,Cash Only,Unclassified,False,1287.7333333333333,1281.55,1293.9166666666667,1293.9166666666667,1281.55,12.366666666666788,0.9512088813681093,Wide,Bullish,Above CPR,False,False,0.8666666666666667,60,56373161.85,Higher,True,Risk Off,False,36.27857142857147,1345.786,1276.9144999999999,0.340880750803967,1.2134888208332775,False,True,No setup,Neutral,0,Not applicable,No directional setup; confirmation score not applicable.,Wide CPR,Wide Upside Watch,Watch,Wide CPR + close above CPR; trend mixed; participation confirmed,0,0,0,0
2026-09-11,2026-09-11,CM,NSE,STK,17764,INE056I01025,REFEX,EQ,,,,,REFEX INDUSTRIES LIMITED,268.0,275.3,264.0,273.55,273.5,269.95,,273.54,,,234110,63306831.75,5747,F1,1,,,,,,Cash Only,Unclassified,False,270.95,269.65,272.25,272.25,269.65,2.6000000000000227,0.950466093949926,Wide,Bullish,Above CPR,False,False,0.8,60,132036589.6,Outside,True,Risk Off,False,8.782142857142848,303.385,300.64639999999997,0.29605530703538313,0.47946430562759706,False,False,No setup,Neutral,0,Not applicable,No directional setup; confirmation score not applicable.,Wide CPR,Wide Upside Watch,Watch,Wide CPR + close above CPR; trend opposes; participation light,0,0,-2,-2
2026-09-11,2026-09-11,CM,NSE,STK,761386,INE415B01044,MARSONS,EQ,,,,,MARSONS LIMITED,125.38,128.4,122.46,127.24,128.0,125.38,,127.24,,,1265195,158667625.31,12063,F1,1,,,,,,Cash Only,Unclassified,False,126.03333333333335,125.43,126.63666666666668,126.63666666666668,125.43,1.2066666666666777,0.9483390967201176,Wide,Bullish,Above CPR,False,False,0.6,60,196285211.20999998,Lower,True,Risk Off,False,8.57142857142857,115.42280000000001,126.45570000000002,0.14077777777777908,0.8083524190737224,True,True,No setup,Neutral,0,Not applicable,No directional setup; confirmation score not applicable.,Wide CPR,Wide Upside Watch,Watch,Wide CPR + close above CPR; trend aligned; participation light,0,0,0,0
2026-09-11,2026-09-11,CM,NSE,STK,12188,INE510W01014,INOXGREEN,EQ,,,,,INOX GREEN ENERGY SER LTD,178.01,179.5,171.85,178.21,178.7,178.12,,178.21,,,1096299,193224785.28,15296,F1,1,,,,,,Cash Only,Unclassified,False,176.52,175.675,177.365,177.365,175.675,1.6899999999999977,0.9483193984624867,Wide,Bullish,Above CPR,False,False,0.75,60,233777223.88,Outside,True,Risk Off,False,7.137857142857143,186.3888,181.7643,0.2367657360152103,0.8265338345329315,False,False,No setup,Neutral,0,Not applicable,No directional setup; confirmation score not applicable.,Wide CPR,Wide Upside Watch,Watch,Wide CPR + close above CPR; trend opposes; participation light,0,0,-2,-2
2026-09-11,2026-09-11,CM,NSE,STK,25835,INE498Q01014,VINCOFE,EQ,,,,,VINTAGE COFFEE N BVRGS L,178.0,180.61,173.05,174.35,174.97,176.93,,174.35,,,1851750,325561341.41,16420,F1,1,,,,,,Cash Only,Unclassified,False,176.00333333333333,176.83,175.17666666666665,176.83,175.17666666666665,1.6533333333333644,0.9482841028582533,Wide,Bearish,Below CPR,False,False,0.75,60,353407207.81,Lower,True,Risk Off,False,8.804999999999996,160.57580000000002,152.2745,0.18777209918607213,0.9212074180021519,True,True,No setup,Neutral,0,Not applicable,No directional setup; confirmation score not applicable.,Wide CPR,Wide Downside Watch,Watch,Wide CPR + close below CPR; trend opposes; participation light,0,0,0,0
2026-09-11,2026-09-11,CM,NSE,STK,25157,INE0DAB01012,RVTH,EQ,,,,,REVATHI EQUIPMENT INDIA L,762.5,762.5,740.4,740.95,740.4,762.5,,740.95,,,97,73319.45,36,F1,1,,,,,,Cash Only,Unclassified,False,747.9500000000002,751.45,744.4500000000003,751.45,744.4500000000003,6.999999999999773,0.9447331128955763,Wide,Bearish,Below CPR,False,False,0.7833333333333333,60,412776.1,Lower,True,Risk Off,False,28.350000000000005,725.5029999999999,709.949,0.24691358024690552,0.17762523072435638,True,True,No setup,Neutral,0,Not applicable,No directional setup; confirmation score not applicable.,Wide CPR,Wide Downside Watch,Watch,Wide CPR + close below CPR; trend opposes; participation light,0,0,0,0
2026-09-11,2026-09-11,CM,NSE,STK,17770,INE646C01018,GROBTEA,EQ,,,,,THE GROB TEA COMPANY LTD,960.4,977.4,941.1,945.85,941.1,960.0,,945.85,,,87,83134.6,18,F1,1,,,,,,Cash Only,Unclassified,False,954.7833333333333,959.25,950.3166666666666,959.25,950.3166666666666,8.933333333333394,0.9444767493083885,Wide,Bearish,Below CPR,False,False,0.7833333333333333,60,117552.325,Lower,True,Risk Off,False,34.4392857142857,931.8170000000001,921.9185000000001,0.2593936879947476,0.7072135748910113,True,True,No setup,Neutral,0,Not applicable,No directional setup; confirmation score not applicable.,Wide CPR,Wide Downside Watch,Watch,Wide CPR + close below CPR; trend opposes; participation light,0,0,0,0
2026-09-11,2026-09-11,CM,NSE,STK,21690,INE935N01020,DIXON,EQ,,,,,DIXON TECHNO (INDIA) LTD,13300.0,13490.0,12980.0,13425.0,13425.0,13500.0,,13427.91,,,549928,7283692766.0,80302,F1,1,,,,,,F&O + Cash,Consumer Durables,True,13298.333333333334,13235.0,13361.666666666668,13361.666666666668,13235.0,126.66666666666788,0.9435133457479917,Wide,Bullish,Above CPR,False,False,0.9166666666666666,60,5860032577.5,Lower,True,Risk Off,False,366.5,14093.62,12809.585,0.34561164165530117,1.2429440740596291,False,True,No setup,Neutral,0,Not applicable,No directional setup; confirmation score not applicable.,Wide CPR,Wide Upside Watch,Watch,Wide CPR + close above CPR; trend mixed; participation confirmed,0,0,0,0
2026-09-11,2026-09-11,CM,NSE,STK,758551,INE1SY401010,RAYMONDREL,EQ,,,,,RAYMOND REALTY LIMITED,570.0,585.6,565.0,583.55,584.0,572.05,,583.58,,,650450,375394170.85,18882,F1,1,,,,,,Cash Only,Unclassified,False,578.05,575.3,580.8,580.8,575.3,5.5,0.9425070688030162,Wide,Bullish,Above CPR,False,False,0.7166666666666667,60,245469236.725,Higher,True,Risk Off,False,26.23571428571429,624.0980000000001,598.2225,0.209637898175878,1.5292921258013092,False,False,No setup,Neutral,0,Not applicable,No directional setup; confirmation score not applicable.,Wide CPR,Wide Upside Watch,Watch,Wide CPR + close above CPR; trend opposes; participation confirmed,0,0,0,0
2026-09-11,2026-09-11,CM,NSE,STK,25643,INE0Q3J01015,KRN,EQ,,,,,KRN HEAT EXCHANGE N REF L,1560.0,1610.7,1531.5,1593.6,1593.2,1584.6,,1593.67,,,188504,296717229.7,17726,F1,1,,,,,,Cash Only,Unclassified,False,1578.5999999999997,1571.1,1586.0999999999995,1586.0999999999995,1571.1,14.999999999999545,0.9412650602409354,Wide,Bullish,Above CPR,False,False,0.5166666666666667,60,643455170.9000001,Lower,True,Risk Off,False,79.31428571428566,1357.818,1089.1455,0.18912103746397135,0.4611311605204476,True,True,No setup,Neutral,0,Not applicable,No directional setup; confirmation score not applicable.,Wide CPR,Wide Upside Watch,Watch,Wide CPR + close above CPR; trend aligned; participation light,0,0,0,0
2026-09-11,2026-09-11,CM,NSE,STK,11309,INE618N01022,BALAXI,EQ,,,,,BALAXI PHARMA LTD,23.4,24.69,22.75,23.39,23.33,23.24,,23.39,,,39705,935883.21,280,F1,1,,,,,,Cash Only,Unclassified,False,23.61,23.72,23.5,23.72,23.5,0.21999999999999886,0.9405728943993111,Wide,Bearish,Below CPR,False,False,0.7333333333333333,60,1332329.9100000001,Overlapping,True,Risk Off,False,1.5985714285714288,23.273200000000003,22.406100000000002,0.13762287756925753,0.7024410417987238,True,True,No setup,Neutral,0,Not applicable,No directional setup; confirmation score not applicable.,Wide CPR,Wide Downside Watch,Watch,Wide CPR + close below CPR; trend opposes; participation light,0,0,0,0
2026-09-11,2026-09-11,CM,NSE,STK,9867,INE747B01016,NEXTMEDIA,EQ,,,,,NEXT MEDIAWORKS LIMITED,3.89,3.92,3.77,3.9,3.92,3.89,,3.88,,,9170,35632.88,47,F1,1,,,,,,Cash Only,Unclassified,False,3.8633333333333333,3.8449999999999998,3.881666666666667,3.881666666666667,3.8449999999999998,0.03666666666666707,0.9401709401709505,Wide,Bullish,Above CPR,False,False,0.65,60,30758.82,Lower,True,Risk Off,False,0.3985714285714286,3.9444000000000004,4.014600000000001,0.0919952210274801,1.1584605651322124,False,False,No setup,Neutral,0,Not applicable,No directional setup; confirmation score not applicable.,Wide CPR,Wide Upside Watch,Watch,Wide CPR + close above CPR; trend opposes; participation confirmed,0,0,0,0
2026-09-11,2026-09-11,CM,NSE,STK,13081,INE256C01024,TRIVENI,EQ,,,,,TRIVENI ENGG. & INDS. LTD,263.95,264.0,254.0,255.4,255.75,263.95,,255.4,,,744952,191874040.9,16016,F1,1,,,,,,Cash Only,Unclassified,False,257.8,259.0,256.6,259.0,256.6,2.3999999999999773,0.9397024275645957,Wide,Bearish,Below CPR,False,False,0.7333333333333333,60,219451527.12,Lower,True,Risk Off,False,10.839999999999995,348.8088,368.93589999999995,0.22140221402213822,0.8743344984565993,False,False,No setup,Neutral,0,Not applicable,No directional setup; confirmation score not applicable.,Wide CPR,Wide Downside Watch,Watch,Wide CPR + close below CPR; trend aligned; participation light,0,0,0,0
2026-09-11,2026-09-11,CM,NSE,STK,759569,INE16NZ01023,ORKLAINDIA,EQ,,,,,ORKLA INDIA LIMITED,572.25,594.9,571.05,591.25,589.95,578.5,,591.33,,,39880,23426217.4,3193,F1,1,,,,,,Cash Only,Unclassified,False,585.7333333333332,582.9749999999999,588.4916666666666,588.4916666666666,582.9749999999999,5.5166666666666515,0.9330514446793491,Wide,Bullish,Above CPR,False,False,0.9666666666666667,60,39431507.875,Higher,True,Risk Off,False,18.139285714285734,575.288,601.568,0.30412810920784816,0.5940989493544697,True,False,No setup,Neutral,0,Not applicable,No directional setup; confirmation score not applicable.,Wide CPR,Wide Upside Watch,Watch,Wide CPR + close above CPR; trend mixed; participation light,0,0,0,0
2026-09-11,2026-09-11,CM,NSE,STK,22360,INE813V01022,MCL,EQ,,,,,M TEK COPPER LIMITED,59.9,59.9,57.56,57.92,57.96,59.86,,57.92,,,39370,2288981.07,892,F1,1,,,,,,Cash Only,Unclassified,False,58.46,58.730000000000004,58.19,58.730000000000004,58.19,0.5400000000000063,0.932320441988961,Wide,Bearish,Below CPR,False,False,0.7833333333333333,60,2250316.5,Lower,True,Risk Off,False,2.652142857142857,56.313599999999994,56.545500000000004,0.20360894155669507,1.0171818364216767,True,True,No setup,Neutral,0,Not applicable,No directional setup; confirmation score not applicable.,Wide CPR,Wide Downside Watch,Watch,Wide CPR + close below CPR; trend opposes; participation confirmed,0,0,0,0
2026-09-11,2026-09-11,CM,NSE,STK,8153,INE00EM01016,MEGASTAR,EQ,,,,,MEGASTAR FOODS LIMITED,295.0,295.0,267.75,277.5,275.65,284.95,,277.44,,,1349,375545.25,111,F1,1,,,,,,Cash Only,Unclassified,False,280.0833333333333,281.375,278.79166666666663,281.375,278.79166666666663,2.5833333333333712,0.9309309309309446,Wide,Bearish,Below CPR,False,False,0.8,60,1551050.275,Lower,True,Risk Off,False,11.685714285714287,325.77099999999996,318.5445,0.22106764466177992,0.2421231961678354,False,False,No setup,Neutral,0,Not applicable,No directional setup; confirmation score not applicable.,Wide CPR,Wide Downside Watch,Watch,Wide CPR + close below CPR; trend aligned; participation light,0,0,0,0
2026-09-11,2026-09-11,CM,NSE,STK,30249,INE561M01018,ISHANCH,EQ,,,,,ISHAN DYES N CHEMICALS L,45.44,45.44,42.99,44.84,44.9,44.82,,44.8,,,15039,663101.89,250,F1,1,,,,,,Cash Only,Unclassified,False,44.42333333333334,44.215,44.631666666666675,44.631666666666675,44.215,0.4166666666666714,0.9292298542967693,Wide,Bullish,Above CPR,False,False,0.6166666666666667,60,1035739.2,Lower,True,Risk Off,False,2.814285714285714,49.66,55.2016,0.14805414551607615,0.640220906961907,False,False,No setup,Neutral,0,Not applicable,No directional setup; confirmation score not applicable.,Wide CPR,Wide Upside Watch,Watch,Wide CPR + close above CPR; trend opposes; participation light,0,0,0,0
2026-09-11,2026-09-11,CM,NSE,STK,10415,INE296G01013,MUTHOOTCAP,EQ,,,,,MUTHOOT CAP SERV LTD,230.0,235.02,225.0,226.85,226.8,232.44,,226.85,,,11199,2578418.56,525,F1,1,,,,,,Cash Only,Unclassified,False,228.95666666666668,230.01,227.90333333333336,230.01,227.90333333333336,2.1066666666666265,0.9286606421276732,Wide,Bearish,Below CPR,False,False,0.7333333333333333,60,3454416.9699999997,Lower,True,Risk Off,False,9.924999999999999,236.7164,220.1706,0.21225860621326215,0.7464120812259675,False,True,No setup,Neutral,0,Not applicable,No directional setup; confirmation score not applicable.,Wide CPR,Wide Downside Watch,Watch,Wide CPR + close below CPR; trend mixed; participation light,0,0,0,0
2026-09-11,2026-09-11,CM,NSE,STK,11778,INE887G01027,GOKEX,EQ,,,,,GOKALDAS EXPORTS LTD.,769.0,791.7,757.45,785.5,787.8,774.2,,785.52,,,298288,230176960.5,13953,F1,1,,,,,,Cash Only,Unclassified,False,778.2166666666667,774.575,781.8583333333333,781.8583333333333,774.575,7.283333333333303,0.927222575854017,Wide,Bullish,Above CPR,False,False,0.85,60,221426588.39999998,Outside,True,Risk Off,False,22.124999999999993,804.243,767.7135,0.3291902071563076,1.039518163393245,False,True,No setup,Neutral,0,Not applicable,No directional setup; confirmation score not applicable.,Wide CPR,Wide Upside Watch,Watch,Wide CPR + close above CPR; trend mixed; participation confirmed,0,0,-2,-2
2026-09-11,2026-09-11,CM,NSE,STK,4421,INE741K01010,CREDITACC,EQ,,,,,CREDITACCESS GRAMEEN LTD,1382.1,1438.0,1370.8,1424.2,1403.3,1403.2,,1424.37,,,120902,170529107.6,20526,F1,1,,,,,,Cash Only,Financial Services,True,1411.0,1404.4,1417.6,1417.6,1404.4,13.199999999999818,0.9268361185226667,Wide,Bullish,Above CPR,False,False,0.8833333333333333,60,415708417.1,Higher,True,Risk Off,False,43.342857142857156,1500.182,1427.0,0.30454845088991,0.4102132662831762,False,False,No setup,Neutral,0,Not applicable,No directional setup; confirmation score not applicable.,Wide CPR,Wide Upside Watch,Watch,Wide CPR + close above CPR; trend opposes; participation light,0,0,0,0
2026-09-11,2026-09-11,CM,NSE,STK,18679,INE495S01016,HPL,EQ,,,,,HPL ELECTRIC & POWER LTD,281.9,294.0,281.9,292.0,294.0,295.8,,292.02,,,129096,37366410.85,4904,F1,1,,,,,,Cash Only,Unclassified,False,289.3,287.95,290.65000000000003,290.65000000000003,287.95,2.7000000000000455,0.924657534246591,Wide,Bullish,Above CPR,False,False,0.9333333333333333,60,29019666.725,Lower,True,Risk Off,False,8.246428571428567,325.94100000000003,344.67799999999994,0.3274144651364284,1.2876237071947283,False,False,No setup,Neutral,0,Not applicable,No directional setup; confirmation score not applicable.,Wide CPR,Wide Upside Watch,Watch,Wide CPR + close above CPR; trend opposes; participation confirmed,0,0,0,0
2026-09-11,2026-09-11,CM,NSE,STK,1375,INE549A01026,HCC,EQ,,,,,HINDUSTAN CONSTRUCTION CO,22.65,22.89,21.94,22.73,22.76,22.81,,22.73,,,23241864,520003890.46,30398,F1,1,,,,,,Cash Only,Unclassified,False,22.52,22.415,22.625,22.625,22.415,0.21000000000000085,0.9238891333040072,Wide,Bullish,Above CPR,False,False,0.7166666666666667,60,553106130.835,Lower,True,Risk Off,False,1.0592857142857148,22.2486,22.8054,0.19824679703304185,0.9401521000589398,True,False,No setup,Neutral,0,Not applicable,No directional setup; confirmation score not applicable.,Wide CPR,Wide Upside Watch,Watch,Wide CPR + close above CPR; trend mixed; participation light,0,-2,0,-2
2026-09-11,2026-09-11,CM,NSE,STK,18250,INE0MIS01010,PYRAMID,EQ,,,,,PYRAMID TECHNOPLAST LTD,154.56,160.0,151.11,157.74,160.0,154.59,,157.73,,,116058,18242670.79,1214,F1,1,,,,,,Cash Only,Unclassified,False,156.28333333333333,155.555,157.01166666666666,157.01166666666666,155.555,1.4566666666666492,0.9234605468914981,Wide,Bullish,Above CPR,False,False,0.8166666666666667,60,6272836.63,Higher,True,Risk Off,False,4.584999999999998,165.9204,167.43490000000003,0.3177026535805125,2.908201164167733,False,False,No setup,Neutral,0,Not applicable,No directional setup; confirmation score not applicable.,Wide CPR,Wide Upside Watch,Watch,Wide CPR + close above CPR; trend opposes; participation confirmed,0,0,0,0
2026-09-11,2026-09-11,CM,NSE,STK,804,INE705C01020,SHIVATEX,EQ,,,,,SHIVA TEXYARN LIMITED,178.95,187.95,173.07,178.05,179.99,179.18,,178.05,,,9452,1692917.0,134,F1,1,,,,,,Cash Only,Unclassified,False,179.68999999999997,180.51,178.86999999999995,180.51,178.86999999999995,1.6400000000000432,0.9210895815782325,Wide,Bearish,Below CPR,False,False,0.7166666666666667,60,554022.435,Higher,True,Risk Off,False,10.718571428571432,163.017,160.99759999999998,0.15300546448087832,3.0556831150709627,True,True,No setup,Neutral,0,Not applicable,No directional setup; confirmation score not applicable.,Wide CPR,Wide Downside Watch,Watch,Wide CPR + close below CPR; trend opposes; participation confirmed,0,0,0,0
2026-09-11,2026-09-11,CM,NSE,STK,1053,INE516A01017,UFLEX,EQ,,,,,UFLEX LIMITED,666.5,674.95,650.0,653.45,655.0,672.6,,653.44,,,184116,120629618.45,6824,F1,1,,,,,,Cash Only,Unclassified,False,659.4666666666667,662.475,656.4583333333334,662.475,656.4583333333334,6.0166666666666515,0.920753946999258,Wide,Bearish,Below CPR,False,False,0.8833333333333333,60,47871401.0,Lower,True,Risk Off,False,31.58928571428573,537.953,479.91549999999995,0.19046542302619124,2.519868145283653,True,True,No setup,Neutral,0,Not applicable,No directional setup; confirmation score not applicable.,Wide CPR,Wide Downside Watch,Watch,Wide CPR + close below CPR; trend opposes; participation confirmed,0,0,0,0
2026-09-11,2026-09-11,CM,NSE,STK,764678,INE130L01014,ENKEIWHEL,EQ,,,,,ENKEI WHEELS (INDIA) LTD.,397.4,406.6,380.4,399.0,399.05,392.2,,402.44,,,2634,1048419.8,79,F1,1,,,,,,Cash Only,Unclassified,False,395.3333333333333,393.5,397.16666666666663,397.16666666666663,393.5,3.6666666666666288,0.9189640768588043,Wide,Bullish,Above CPR,False,False,0.5,20,1068557.9500000002,Overlapping,True,Risk Off,False,17.92142857142857,,,0.20459678490766364,0.9811538999826821,False,False,No setup,Neutral,0,Not applicable,No directional setup; confirmation score not applicable.,Wide CPR,Wide Upside Watch,Watch,Wide CPR + close above CPR; trend opposes; participation light,0,0,0,0
2026-09-11,2026-09-11,CM,NSE,STK,13528,INE776C01039,GMRAIRPORT,EQ,,,,,GMR AIRPORTS LIMITED,96.79,97.98,95.28,97.98,97.98,97.46,,97.98,,,7112955,688895098.11,33041,F1,1,,,,,,F&O + Cash,Services,True,97.08,96.63,97.53,97.53,96.63,0.9000000000000057,0.9185548071034962,Wide,Bullish,Above CPR,False,False,0.9333333333333333,60,1165699802.495,Lower,True,Risk Off,False,2.3121428571428595,104.4384,102.8478,0.3892493049119576,0.5909712746245017,False,False,No setup,Neutral,0,Not applicable,No directional setup; confirmation score not applicable.,Wide CPR,Wide Upside Watch,Watch,Wide CPR + close above CPR; trend opposes; participation light,0,0,0,0
2026-09-11,2026-09-11,CM,NSE,STK,4037,INE218C01016,AUSOMENT,EQ,,,,,AUSOM ENTERPRISE LIMITED,152.0,155.0,146.0,152.59,155.0,153.0,,152.52,,,7199,1091072.7,170,F1,1,,,,,,Cash Only,Unclassified,False,151.1966666666667,150.5,151.89333333333337,151.89333333333337,150.5,1.3933333333333735,0.9131223103305417,Wide,Bullish,Above CPR,False,False,0.6333333333333333,60,1836715.555,Lower,True,Risk Off,False,7.007857142857142,145.4814,126.4433,0.1988244487480097,0.5940346598741578,True,True,No setup,Neutral,0,Not applicable,No directional setup; confirmation score not applicable.,Wide CPR,Wide Upside Watch,Watch,Wide CPR + close above CPR; trend aligned; participation light,0,0,0,0
2026-09-11,2026-09-11,CM,NSE,STK,28805,INE0JPD01013,SANATHAN,EQ,,,,,SANATHAN TEXTILES LIMITED,485.5,489.05,468.05,472.1,472.1,483.1,,472.1,,,142861,68065483.1,6074,F1,1,,,,,,Cash Only,Unclassified,False,476.40000000000003,478.55,474.25000000000006,478.55,474.25000000000006,4.2999999999999545,0.9108239779707592,Wide,Bearish,Below CPR,False,False,0.8166666666666667,60,15980129.175,Lower,True,Risk Off,False,19.39642857142857,463.5439999999999,446.4335,0.22169029644632432,4.259382534058895,True,True,No setup,Neutral,0,Not applicable,No directional setup; confirmation score not applicable.,Wide CPR,Wide Downside Watch,Watch,Wide CPR + close below CPR; trend opposes; participation confirmed,0,0,0,0
2026-09-11,2026-09-11,CM,NSE,STK,4751,INE681B01017,INDRAMEDCO,EQ,,,,,INDRAPRASTHA MEDICAL CORP,345.0,356.2,344.1,355.0,355.0,360.0,,355.0,,,185246,65401079.85,7919,F1,1,,,,,,Cash Only,Unclassified,False,351.76666666666665,350.15,353.3833333333333,353.3833333333333,350.15,3.2333333333333485,0.910798122065732,Wide,Bullish,Above CPR,False,False,0.9333333333333333,60,48570791.875,Lower,True,Risk Off,False,7.899999999999993,369.199,379.5025,0.4092827004219432,1.3465104711142821,False,False,No setup,Neutral,0,Not applicable,No directional setup; confirmation score not applicable.,Wide CPR,Wide Upside Watch,Watch,Wide CPR + close above CPR; trend opposes; participation confirmed,0,0,0,0
2026-09-11,2026-09-11,CM,NSE,STK,2837,INE625B01014,RANASUG,EQ,,,,,RANA SUGARS LTD.,14.92,15.28,14.6,14.74,14.7,14.85,,14.74,,,329456,4899604.15,856,F1,1,,,,,,Cash Only,Unclassified,False,14.873333333333333,14.94,14.806666666666667,14.94,14.806666666666667,0.13333333333333286,0.90456806874717,Wide,Bearish,Below CPR,False,False,0.8,60,2936430.34,Overlapping,True,Risk Off,False,0.7385714285714287,13.259400000000001,13.131200000000002,0.1805286911669884,1.6685579369132935,True,True,No setup,Neutral,0,Not applicable,No directional setup; confirmation score not applicable.,Wide CPR,Wide Downside Watch,Watch,Wide CPR + close below CPR; trend opposes; participation confirmed,0,0,0,0
2026-09-11,2026-09-11,CM,NSE,STK,22824,INE696F01016,JUNIPER,EQ,,,,,JUNIPER HOTELS LIMITED,227.39,228.0,220.23,221.12,222.65,227.39,,221.12,,,163779,36520900.21,5255,F1,1,,,,,,Cash Only,Unclassified,False,223.11666666666667,224.115,222.11833333333334,224.115,222.11833333333334,1.9966666666666697,0.9029787747226256,Wide,Bearish,Below CPR,False,False,0.8666666666666667,60,24576124.560000002,Inside,True,Risk Off,False,7.352857142857147,202.5104,201.93129999999996,0.27154977009261083,1.4860317020626297,True,True,No setup,Neutral,0,Not applicable,No directional setup; confirmation score not applicable.,Wide CPR,Wide Downside Watch,Watch,Wide CPR + close below CPR; trend opposes; participation confirmed,0,0,0,0
2026-09-11,2026-09-11,CM,NSE,STK,764703,INE400G01011,HRYNSHP,EQ,,,,,HARIYANA SHIP BREAKERS L,99.32,100.95,98.0,100.84,100.84,99.32,,99.87,,,957,94210.91,35,F1,1,,,,,,Cash Only,Unclassified,False,99.92999999999999,99.475,100.38499999999999,100.38499999999999,99.475,0.9099999999999966,0.9024196747322457,Wide,Bullish,Above CPR,False,False,0.65,20,81559.905,Outside,True,Risk Off,False,4.0528571428571425,,,0.22453295734931183,1.155113042370513,False,False,No setup,Neutral,0,Not applicable,No directional setup; confirmation score not applicable.,Wide CPR,Wide Upside Watch,Watch,Wide CPR + close above CPR; trend opposes; participation confirmed,0,0,0,0
2026-09-11,2026-09-11,CM,NSE,STK,6422,INE370D01013,MANORG,EQ,,,,,MANGALAM ORGANICS LIMITED,459.0,470.05,450.25,466.45,466.9,458.8,,466.3,,,7599,3509440.15,233,F1,1,,,,,,Cash Only,Unclassified,False,462.25,460.15,464.35,464.35,460.15,4.2000000000000455,0.9004180512380846,Wide,Bullish,Above CPR,False,False,0.6666666666666666,60,5124589.1,Overlapping,True,Risk Off,False,25.32500000000001,492.789,454.53,0.165844027640673,0.6848237159150965,False,True,No setup,Neutral,0,Not applicable,No directional setup; confirmation score not applicable.,Wide CPR,Wide Upside Watch,Watch,Wide CPR + close above CPR; trend mixed; participation light,0,0,0,0
2026-09-11,2026-09-11,CM,NSE,STK,757520,INE0U4101014,BLUSPRING,EQ,,,,,BLUSPRING ENTERPRISES LTD,136.3,136.3,130.21,131.48,131.9,137.45,,131.48,,,388095,51638241.56,4694,F1,1,,,,,,Cash Only,Unclassified,False,132.66333333333333,133.255,132.07166666666666,133.255,132.07166666666666,1.1833333333333371,0.9000101409593376,Wide,Bearish,Below CPR,False,False,0.4166666666666667,60,58607529.335,Lower,True,Risk Off,False,9.134285714285713,118.42559999999999,100.65759999999999,0.12954853508497594,0.881085453454903,True,True,No setup,Neutral,0,Not applicable,No directional setup; confirmation score not applicable.,Wide CPR,Wide Downside Watch,Watch,Wide CPR + close below CPR; trend opposes; participation light,0,0,0,0
2026-09-11,2026-09-11,CM,NSE,STK,13693,INE669A01022,INFOMEDIA,EQ,,,,,INFOMEDIA PRESS LIMITED,4.82,5.44,4.82,5.2,5.2,5.23,,5.2,,,18095,91704.44,53,F1,1,,,,,,Cash Only,Unclassified,False,5.153333333333333,5.130000000000001,5.176666666666666,5.176666666666666,5.130000000000001,0.04666666666666508,0.8974358974358668,Wide,Bullish,Above CPR,False,False,0.5166666666666667,60,71776.125,Lower,True,Risk Off,False,0.36,5.4078,5.5801,0.12962962962962524,1.277645456619454,False,False,No setup,Neutral,0,Not applicable,No directional setup; confirmation score not applicable.,Wide CPR,Wide Upside Watch,Watch,Wide CPR + close above CPR; trend opposes; participation confirmed,0,0,-2,-2
2026-09-11,2026-09-11,CM,NSE,STK,3607,INE279A01012,UNIVCABLES,EQ,,,,,UNIVERSAL CABLES LTD,1540.0,1540.1,1485.0,1492.5,1495.0,1556.9,,1492.51,,,129409,194373276.0,16439,F1,1,,,,,,Cash Only,Unclassified,False,1505.8666666666668,1512.55,1499.1833333333336,1512.55,1499.1833333333336,13.366666666666333,0.8955890563930542,Wide,Bearish,Below CPR,False,False,0.6,60,185622768.0,Lower,True,Risk Off,False,74.21428571428574,1437.862,1271.013,0.18010907924285718,1.0471413506774125,True,True,No setup,Neutral,0,Not applicable,No directional setup; confirmation score not applicable.,Wide CPR,Wide Downside Watch,Watch,Wide CPR + close below CPR; trend opposes; participation confirmed,0,0,0,0
2026-09-11,2026-09-11,CM,NSE,STK,14150,INE0EEJ01023,BTML,EQ,,,,,BODHI TREE MULTIMEDIA LTD,7.79,7.88,7.28,7.48,7.4,7.79,,7.48,,,663574,5037923.29,557,F1,1,,,,,,Cash Only,Unclassified,False,7.546666666666667,7.58,7.513333333333334,7.58,7.513333333333334,0.06666666666666643,0.8912655971479468,Wide,Bearish,Below CPR,False,False,0.6333333333333333,60,2228556.565,Lower,True,Risk Off,False,0.562142857142857,7.414,6.8974,0.11859381617958452,2.2606216818194156,True,True,No setup,Neutral,0,Not applicable,No directional setup; confirmation score not applicable.,Wide CPR,Wide Downside Watch,Watch,Wide CPR + close below CPR; trend opposes; participation confirmed,0,0,0,0
2026-09-11,2026-09-11,CM,NSE,STK,19372,INE970N01027,SPCENET,EQ,,,,,SPACENET ENTERS IND LTD,3.46,3.5,3.37,3.39,3.4,3.47,,3.39,,,367991,1248879.33,461,F1,1,,,,,,Cash Only,Unclassified,False,3.42,3.435,3.405,3.435,3.405,0.03000000000000025,0.8849557522123966,Wide,Bearish,Below CPR,False,False,0.43333333333333335,60,2242193.705,Lower,True,Risk Off,False,0.15714285714285706,3.5313999999999997,3.6411000000000002,0.1909090909090926,0.556989936781577,False,False,No setup,Neutral,0,Not applicable,No directional setup; confirmation score not applicable.,Wide CPR,Wide Downside Watch,Watch,Wide CPR + close below CPR; trend aligned; participation light,0,0,0,0
2026-09-11,2026-09-11,CM,NSE,STK,21017,INE360L01017,FMNL,EQ,,,,,FUTURE MKT NETWORKS LTD,9.14,9.59,9.02,9.43,9.55,9.15,,9.47,,,14442,133166.84,114,F1,1,,,,,,Cash Only,Unclassified,False,9.346666666666666,9.305,9.388333333333332,9.388333333333332,9.305,0.08333333333333215,0.8837044892187926,Wide,Bullish,Above CPR,False,False,0.4166666666666667,60,465843.36,Inside,True,Risk Off,False,0.6585714285714287,9.5456,8.8128,0.12653651482284706,0.2858618399111667,False,True,No setup,Neutral,0,Not applicable,No directional setup; confirmation score not applicable.,Wide CPR,Wide Upside Watch,Watch,Wide CPR + close above CPR; trend mixed; participation light,0,0,0,0
2026-09-11,2026-09-11,CM,NSE,STK,2799,INE783X01023,CHEMFAB,EQ,,,,,CHEMFAB ALKALIS LIMITED,389.45,399.0,369.75,379.35,378.0,384.5,,379.85,,,4288,1624372.95,412,F1,1,,,,,,Cash Only,Unclassified,False,382.7,384.375,381.025,384.375,381.025,3.3500000000000227,0.8830894951891454,Wide,Bearish,Below CPR,False,False,0.6,60,3100061.15,Lower,True,Risk Off,False,19.68571428571428,382.67400000000004,383.94199999999995,0.17017416545718553,0.5239809382469762,False,False,No setup,Neutral,0,Not applicable,No directional setup; confirmation score not applicable.,Wide CPR,Wide Downside Watch,Watch,Wide CPR + close below CPR; trend aligned; participation light,0,0,0,0
2026-09-11,2026-09-11,CM,NSE,STK,11975,INE050H01012,RML,EQ,,,,,RANE (MADRAS) LIMITED,1415.8,1415.9,1340.1,1360.0,1358.0,1408.9,,1360.07,,,72216,98484142.7,7042,F1,1,,,,,,Cash Only,Unclassified,False,1372.0,1378.0,1366.0,1378.0,1366.0,12.0,0.8823529411764706,Wide,Bearish,Below CPR,False,False,0.7166666666666667,60,33252116.65,Lower,True,Risk Off,False,62.95714285714288,1177.08,1056.913,0.1906058543226684,2.961740563363506,True,True,No setup,Neutral,0,Not applicable,No directional setup; confirmation score not applicable.,Wide CPR,Wide Downside Watch,Watch,Wide CPR + close below CPR; trend opposes; participation confirmed,0,0,-2,-2
2026-09-11,2026-09-11,CM,NSE,STK,1923,INE658T01017,WEALTH,EQ,,,,,WEALTH FRST PORT. MG. LTD,821.1,852.9,815.3,845.25,845.0,839.3,,845.25,,,1525,1284325.95,185,F1,1,,,,,,Cash Only,Unclassified,False,837.8166666666666,834.0999999999999,841.5333333333333,841.5333333333333,834.0999999999999,7.433333333333394,0.8794242334615078,Wide,Bullish,Above CPR,False,False,0.9166666666666666,60,1571214.7,Outside,True,Risk Off,False,21.2607142857143,909.918,925.97,0.3496276387255752,0.8174095812621915,False,False,No setup,Neutral,0,Not applicable,No directional setup; confirmation score not applicable.,Wide CPR,Wide Upside Watch,Watch,Wide CPR + close above CPR; trend opposes; participation light,0,0,0,0
2026-09-11,2026-09-11,CM,NSE,STK,7376,INE0GSL01024,HPAL,EQ,,,,,HP ADHESIVES LIMITED,37.5,39.82,37.0,37.91,37.68,36.61,,37.9,,,620683,23838104.03,4645,F1,1,,,,,,Cash Only,Unclassified,False,38.24333333333333,38.41,38.07666666666667,38.41,38.07666666666667,0.3333333333333286,0.8792754770069338,Wide,Bearish,Below CPR,False,False,0.75,60,1552344.1949999998,Higher,True,Risk Off,False,1.702142857142857,34.7768,35.898300000000006,0.1958315848370374,15.356197489436294,True,True,No setup,Neutral,0,Not applicable,No directional setup; confirmation score not applicable.,Wide CPR,Wide Downside Watch,Watch,Wide CPR + close below CPR; trend opposes; participation confirmed,0,0,0,0
2026-09-11,2026-09-11,CM,NSE,STK,235,INE087Z01024,AAKASH,EQ,,,,,AAKASH EXPLORATION SER L,9.15,9.4,9.04,9.1,9.15,9.14,,9.1,,,134797,1235519.09,421,F1,1,,,,,,Cash Only,Unclassified,False,9.18,9.219999999999999,9.14,9.219999999999999,9.14,0.0799999999999983,0.8791208791208603,Wide,Bearish,Below CPR,False,False,0.9,60,808622.24,Outside,True,Risk Off,False,0.448571428571429,8.8788,8.7562,0.178343949044582,1.5279311264058235,True,True,No setup,Neutral,0,Not applicable,No directional setup; confirmation score not applicable.,Wide CPR,Wide Downside Watch,Watch,Wide CPR + close below CPR; trend opposes; participation confirmed,0,0,0,0
2026-09-11,2026-09-11,CM,NSE,STK,24196,INE694D01016,VADILALIND,EQ,,,,,VADILAL INDUSTRIES LTD,7125.0,7217.0,6887.5,6960.5,6915.5,7256.5,,6960.44,,,52588,369031772.0,12733,F1,1,,,,,,Cash Only,Unclassified,False,7021.666666666667,7052.25,6991.083333333334,7052.25,6991.083333333334,61.16666666666606,0.8787682877187855,Wide,Bearish,Below CPR,False,False,0.85,60,98277709.75,Lower,True,Risk Off,False,254.64285714285714,7158.92,6185.304,0.2402057035998106,3.7549895387137875,False,True,No setup,Neutral,0,Not applicable,No directional setup; confirmation score not applicable.,Wide CPR,Wide Downside Watch,Watch,Wide CPR + close below CPR; trend mixed; participation confirmed,0,0,0,0
2026-09-11,2026-09-11,CM,NSE,STK,762879,INE318C01014,SAYAJIHOTL,EQ,,,,,SAYAJI HOTELS LTD.,324.35,330.0,315.0,326.8,320.1,325.2,,326.8,,,308,100175.45,12,F1,1,,,,,,Cash Only,Unclassified,False,323.93333333333334,322.5,325.3666666666667,325.3666666666667,322.5,2.8666666666666742,0.8771929824561425,Wide,Bullish,Above CPR,False,False,0.5833333333333334,60,25208.35,Higher,True,Risk Off,False,23.146428571428572,312.01399999999995,,0.12384920022630284,3.9738995213887462,True,False,No setup,Neutral,0,Not applicable,No directional setup; confirmation score not applicable.,Wide CPR,Wide Upside Watch,Watch,Wide CPR + close above CPR; trend mixed; participation confirmed,0,0,0,0
2026-09-11,2026-09-11,CM,NSE,STK,15360,INE049I01012,NAHARCAP,EQ,,,,,NAHAR CAP & FIN.,258.6,259.0,252.0,258.9,259.0,256.9,,258.9,,,1192,304272.9,57,F1,1,,,,,,Cash Only,Unclassified,False,256.6333333333333,255.5,257.76666666666665,257.76666666666665,255.5,2.2666666666666515,0.8754989056263621,Wide,Bullish,Above CPR,False,False,0.8666666666666667,60,408885.645,Lower,True,Risk Off,False,7.070714285714284,254.9562,254.5341,0.3205711014580577,0.7441515830177897,True,True,No setup,Neutral,0,Not applicable,No directional setup; confirmation score not applicable.,Wide CPR,Wide Upside Watch,Watch,Wide CPR + close above CPR; trend aligned; participation light,0,0,0,0
2026-09-11,2026-09-11,CM,NSE,STK,16783,INE200A01026,GVT&D,EQ,,,,,GE VERNOVA T&D INDIA LTD,4500.0,4548.1,4428.7,4548.1,4548.1,4545.0,,4548.08,,,588462,2646338112.7,53181,F1,1,,,,,,F&O + Cash,Capital Goods,True,4508.3,4488.4,4528.200000000001,4528.200000000001,4488.4,39.80000000000109,0.8750906972142453,Wide,Bullish,Above CPR,False,False,0.7333333333333333,60,3837490370.5,Lower,True,Risk Off,False,163.54999999999995,4373.816,4573.234,0.24335065729135497,0.6896012386228344,True,False,No setup,Neutral,0,Not applicable,No directional setup; confirmation score not applicable.,Wide CPR,Wide Upside Watch,Watch,Wide CPR + close above CPR; trend mixed; participation light,0,0,0,0
2026-09-11,2026-09-11,CM,NSE,STK,20854,INE330T01021,HAPPYFORGE,EQ,,,,,HAPPY FORGINGS LIMITED,2195.0,2244.8,2150.0,2169.0,2168.4,2233.4,,2168.92,,,66048,143994116.7,15424,F1,1,,,,,,Cash Only,Unclassified,False,2187.9333333333334,2197.4,2178.4666666666667,2197.4,2178.4666666666667,18.933333333333394,0.8729061011218715,Wide,Bearish,Below CPR,False,False,0.8333333333333334,60,134245797.55,Lower,True,Risk Off,False,103.20714285714283,1923.006,1664.8169999999998,0.1834498350520227,1.072615451119572,True,True,No setup,Neutral,0,Not applicable,No directional setup; confirmation score not applicable.,Wide CPR,Wide Downside Watch,Watch,Wide CPR + close below CPR; trend opposes; participation confirmed,0,0,0,0
2026-09-11,2026-09-11,CM,NSE,STK,2616,INE497B01018,SEAMECLTD,EQ,,,,,SEAMEC LIMITED,1774.5,1849.0,1774.5,1788.4,1796.0,1772.9,,1788.37,,,150565,272074613.3,13010,F1,1,,,,,,Cash Only,Unclassified,False,1803.9666666666665,1811.75,1796.183333333333,1811.75,1796.183333333333,15.56666666666706,0.8704242153135238,Wide,Bearish,Below CPR,False,False,0.7833333333333333,60,82370462.5,Higher,True,Risk Off,False,56.75000000000005,1549.9859999999999,1540.9819999999997,0.2743024963289348,3.3030604059070328,True,True,No setup,Neutral,0,Not applicable,No directional setup; confirmation score not applicable.,Wide CPR,Wide Downside Watch,Watch,Wide CPR + close below CPR; trend opposes; participation confirmed,0,0,0,0
2026-09-11,2026-09-11,CM,NSE,STK,24937,INE0US801024,MFML,EQ,,,,,MAHALAXMI FABRIC MILLS LT,18.81,19.0,18.52,18.52,19.0,18.94,,18.52,,,2771,52127.72,39,F1,1,,,,,,Cash Only,Unclassified,False,18.679999999999996,18.759999999999998,18.599999999999994,18.759999999999998,18.599999999999994,0.1600000000000037,0.8639308855291776,Wide,Bearish,Below CPR,False,False,0.4,60,53950.725000000006,Lower,True,Risk Off,False,1.1371428571428566,18.9808,21.4705,0.14070351758794303,0.9662098146039741,False,False,No setup,Neutral,0,Not applicable,No directional setup; confirmation score not applicable.,Wide CPR,Wide Downside Watch,Watch,Wide CPR + close below CPR; trend aligned; participation light,0,0,0,0
2026-09-11,2026-09-11,CM,NSE,STK,759169,INE0JYY01029,MWL,EQ,,,,,MANGALAM WORLDWIDE LTD,38.95,41.9,38.25,40.6,41.51,39.56,,40.59,,,1344494,53402199.06,5740,F1,1,,,,,,Cash Only,Unclassified,False,40.25,40.075,40.425,40.425,40.075,0.3499999999999943,0.8620689655172273,Wide,Bullish,Above CPR,False,False,0.7833333333333333,60,13826852.9,Inside,True,Risk Off,False,2.2328571428571427,65.7372,213.2061,0.1567498400511811,3.862209242133472,False,False,No setup,Neutral,0,Not applicable,No directional setup; confirmation score not applicable.,Wide CPR,Wide Upside Watch,Watch,Wide CPR + close above CPR; trend opposes; participation confirmed,0,0,0,0
2026-09-11,2026-09-11,CM,NSE,STK,20556,INE922K01024,INDIASHLTR,EQ,,,,,INDIA SHELTER FIN CORP L,674.35,674.35,647.0,652.25,657.15,672.15,,652.25,,,81000,53096582.05,8550,F1,1,,,,,,Cash Only,Unclassified,False,657.8666666666667,660.675,655.0583333333334,660.675,655.0583333333334,5.616666666666561,0.8611217580171039,Wide,Bearish,Below CPR,False,False,0.8333333333333334,60,64093371.625,Lower,True,Risk Off,False,18.492857142857165,713.79,751.71,0.30372087034890594,0.8284254783889284,False,False,No setup,Neutral,0,Not applicable,No directional setup; confirmation score not applicable.,Wide CPR,Wide Downside Watch,Watch,Wide CPR + close below CPR; trend aligned; participation light,0,0,0,0
2026-09-11,2026-09-11,CM,NSE,STK,703,INE303A01010,DICIND,EQ,,,,,DIC INDIA LIMITED,602.0,619.75,600.0,602.1,600.0,601.25,,602.1,,,2447,1484042.3,119,F1,1,,,,,,Cash Only,Unclassified,False,607.2833333333333,609.875,604.6916666666666,609.875,604.6916666666666,5.183333333333394,0.8608758235066257,Wide,Bearish,Below CPR,False,False,0.7166666666666667,60,1473312.775,Overlapping,True,Risk Off,False,27.207142857142873,548.805,533.4055,0.19051369563315168,1.0072825846500926,True,True,No setup,Neutral,0,Not applicable,No directional setup; confirmation score not applicable.,Wide CPR,Wide Downside Watch,Watch,Wide CPR + close below CPR; trend opposes; participation confirmed,0,0,0,0
2026-09-11,2026-09-11,CM,NSE,STK,23799,INE03JT01014,GODIGIT,EQ,,,,,GO DIGIT GENERAL INS LTD,250.6,257.8,248.0,256.2,255.0,250.75,,256.2,,,216275,54760974.15,12650,F1,1,,,,,,Cash Only,Financial Services,True,254.0,252.9,255.1,255.1,252.9,2.1999999999999886,0.8587041373926576,Wide,Bullish,Above CPR,False,False,0.85,60,81658980.4,Higher,True,Risk Off,False,6.732142857142863,269.591,289.3575,0.32679045092838,0.6706056563743232,False,False,No setup,Neutral,0,Not applicable,No directional setup; confirmation score not applicable.,Wide CPR,Wide Upside Watch,Watch,Wide CPR + close above CPR; trend opposes; participation light,0,0,0,0
2026-09-11,2026-09-11,CM,NSE,STK,765145,INE501F01018,PBMPOLY,EQ,,,,,P B M POLYTEX LTD.,59.43,61.0,59.43,61.0,61.0,60.0,,61.0,,,65,3905.91,9,F1,1,,,,,,Cash Only,Unclassified,False,60.47666666666667,60.215,60.73833333333333,60.73833333333333,60.215,0.5233333333333263,0.857923497267748,Wide,Bullish,Above CPR,False,False,0.5,14,24865.55,Higher,False,Risk Off,False,,,,,0.15708118260002293,False,False,No setup,Neutral,0,Not applicable,No directional setup; confirmation score not applicable.,Wide CPR,Wide Upside Watch,Watch,Wide CPR + close above CPR; trend opposes; participation light,0,0,0,0
2026-09-11,2026-09-11,CM,NSE,STK,31181,INE745G01043,MCX,EQ,,,,,MULTI COMMODITY EXCHANGE,3326.0,3389.0,3247.2,3276.0,3276.0,3300.0,,3275.98,,,1686562,5543450786.1,77439,F1,1,,,,,,F&O + Cash,Financial Services,True,3304.066666666667,3318.1,3290.033333333334,3318.1,3290.033333333334,28.066666666665697,0.8567358567358272,Wide,Bearish,Below CPR,False,False,0.7,60,6751106232.65,Outside,True,Risk Off,False,101.60714285714286,2955.0359999999996,2968.9429999999998,0.27622729935558504,0.8211173984036153,True,True,No setup,Neutral,0,Not applicable,No directional setup; confirmation score not applicable.,Wide CPR,Wide Downside Watch,Watch,Wide CPR + close below CPR; trend opposes; participation light,0,0,0,0
2026-09-11,2026-09-11,CM,NSE,STK,762663,INE669R01026,ELITECON,EQ,,,,,ELITECON INTERNATIONAL L,7.97,8.19,7.96,8.18,8.19,7.8,,8.18,,,13024169,106147085.61,12129,F1,1,,,,,,Cash Only,Unclassified,False,8.11,8.075,8.145,8.145,8.075,0.07000000000000028,0.855745721271397,Wide,Bullish,Above CPR,False,False,0.48333333333333334,60,31977983.085,Higher,True,Risk Off,False,0.7671428571428571,15.7008,23.724,0.09124767225325922,3.3193802538406714,False,False,No setup,Neutral,0,Not applicable,No directional setup; confirmation score not applicable.,Wide CPR,Wide Upside Watch,Watch,Wide CPR + close above CPR; trend opposes; participation confirmed,0,0,0,0
2026-09-11,2026-09-11,CM,NSE,STK,761153,INE00XB01019,SEDEMAC,EQ,,,,,SEDEMAC MECHATRONICS LTD,2915.9,3008.9,2878.1,2906.2,2919.7,2915.7,,2906.13,,,106773,313669064.9,18542,F1,1,,,,,,Cash Only,Unclassified,False,2931.066666666667,2943.5,2918.633333333334,2943.5,2918.633333333334,24.86666666666588,0.8556419608652494,Wide,Bearish,Below CPR,False,False,0.65,60,299501292.75,Higher,True,Risk Off,False,121.85000000000001,2884.3480000000004,2586.988,0.20407604978798422,1.0473045442305524,True,True,No setup,Neutral,0,Not applicable,No directional setup; confirmation score not applicable.,Wide CPR,Wide Downside Watch,Watch,Wide CPR + close below CPR; trend opposes; participation confirmed,0,0,0,0
2026-09-11,2026-09-11,CM,NSE,STK,715,INE492A01029,SUDARCOLOR,EQ,,,,,SUDARSHAN COLORNT IND LTD,380.05,391.25,375.25,378.4,377.3,380.9,,378.24,,,5571,2107906.1,168,F1,1,,,,,,Cash Only,Unclassified,False,381.6333333333334,383.25,380.01666666666677,383.25,380.01666666666677,3.233333333333235,0.8544749823819331,Wide,Bearish,Below CPR,False,False,0.7833333333333333,60,2438781.925,Outside,True,Risk Off,False,14.539285714285711,382.22600000000006,371.1395,0.22238598215016112,0.864327424437509,False,True,No setup,Neutral,0,Not applicable,No directional setup; confirmation score not applicable.,Wide CPR,Wide Downside Watch,Watch,Wide CPR + close below CPR; trend mixed; participation light,0,0,0,0
2026-09-11,2026-09-11,CM,NSE,STK,765035,INE566M01017,AZADIND,EQ,,,,,AZAD INDIA MOBILITY LTD.,88.53,88.78,83.25,87.13,88.65,86.79,,87.13,,,33984,2962213.94,287,F1,1,,,,,,Cash Only,Unclassified,False,86.38666666666666,86.015,86.75833333333331,86.75833333333331,86.015,0.743333333333311,0.8531313363173545,Wide,Bullish,Above CPR,False,False,0.7,20,2907802.915,Lower,True,Risk Off,False,4.531428571428571,,,0.1640395124001632,1.01871207457676,False,False,No setup,Neutral,0,Not applicable,No directional setup; confirmation score not applicable.,Wide CPR,Wide Upside Watch,Watch,Wide CPR + close above CPR; trend opposes; participation confirmed,0,0,0,0
2026-09-11,2026-09-11,CM,NSE,STK,1406,INE094A01015,HINDPETRO,EQ,,,,,HINDUSTAN PETROLEUM CORP,346.5,354.9,340.1,352.0,352.0,352.65,,351.97,,,5835890,2020252229.45,56529,F1,1,,,,,,F&O + Cash,Oil Gas & Consumable Fuels,True,349.0,347.5,350.5,350.5,347.5,3.0,0.8522727272727272,Wide,Bullish,Above CPR,False,False,0.9333333333333333,60,2020033729.4250002,Overlapping,True,Risk Off,False,7.907142857142852,380.994,383.99300000000005,0.3794037940379406,1.000108166523072,False,False,No setup,Neutral,0,Not applicable,No directional setup; confirmation score not applicable.,Wide CPR,Wide Upside Watch,Watch,Wide CPR + close above CPR; trend opposes; participation confirmed,0,0,0,0
2026-09-11,2026-09-11,CM,NSE,STK,764850,INE0AK901016,RRECL,EQ,,,,,RDB REAL ESTATE CONS L,126.0,138.6,125.58,133.8,133.8,126.0,,133.8,,,883,115636.0,52,F1,1,,,,,,Cash Only,Unclassified,False,132.66,132.09,133.23,133.23,132.09,1.1399999999999864,0.8520179372197206,Wide,Bullish,Above CPR,False,False,0.42105263157894735,19,71479.7,Higher,False,Risk Off,False,10.937142857142858,,,0.10423197492162885,1.6177460174007445,False,False,No setup,Neutral,0,Not applicable,No directional setup; confirmation score not applicable.,Wide CPR,Wide Upside Watch,Watch,Wide CPR + close above CPR; trend opposes; participation confirmed,0,0,0,0
2026-09-11,2026-09-11,CM,NSE,STK,15380,INE634S01028,MANKIND,EQ,,,,,MANKIND PHARMA LIMITED,2237.2,2280.0,2222.0,2280.0,2280.0,2238.4,,2279.92,,,530698,1196849321.5,18199,F1,1,,,,,,F&O + Cash,Healthcare,True,2260.6666666666665,2251.0,2270.333333333333,2270.333333333333,2251.0,19.33333333333303,0.8479532163742557,Wide,Bullish,Above CPR,False,False,0.8833333333333333,60,765615056.1500001,Overlapping,True,Risk Off,False,51.70714285714286,2445.636,2423.479,0.37390063084219144,1.563252070196373,False,False,No setup,Neutral,0,Not applicable,No directional setup; confirmation score not applicable.,Wide CPR,Wide Upside Watch,Watch,Wide CPR + close above CPR; trend opposes; participation confirmed,0,0,0,0
2026-09-11,2026-09-11,CM,NSE,STK,11864,INE032B01021,PRIMESECU,EQ,,,,,PRIME SECURITIES LIMITED,278.15,284.9,274.0,283.05,283.0,276.75,,283.05,,,90543,25507112.85,496,F1,1,,,,,,Cash Only,Unclassified,False,280.65000000000003,279.45,281.8500000000001,281.8500000000001,279.45,2.400000000000091,0.8479067302597035,Wide,Bullish,Above CPR,False,False,0.8333333333333334,60,7139412.574999999,Higher,True,Risk Off,False,9.982142857142852,281.18,283.4705,0.24042933810376593,3.57271870508198,True,False,No setup,Neutral,0,Not applicable,No directional setup; confirmation score not applicable.,Wide CPR,Wide Upside Watch,Watch,Wide CPR + close above CPR; trend mixed; participation confirmed,0,0,0,0
2026-09-11,2026-09-11,CM,NSE,STK,20607,INE616N01034,INOXINDIA,EQ,,,,,INOX INDIA LIMITED,2272.0,2313.4,2236.9,2246.6,2242.5,2295.8,,2246.55,,,245450,555301409.6,31838,F1,1,,,,,,Cash Only,Unclassified,False,2265.633333333333,2275.15,2256.1166666666663,2275.15,2256.1166666666663,19.033333333333758,0.8472061485504211,Wide,Bearish,Below CPR,False,False,0.6833333333333333,60,448685101.95000005,Overlapping,True,Risk Off,False,111.4214285714286,2001.918,1815.981,0.17082291599889257,1.2376194511175924,True,True,No setup,Neutral,0,Not applicable,No directional setup; confirmation score not applicable.,Wide CPR,Wide Downside Watch,Watch,Wide CPR + close below CPR; trend opposes; participation confirmed,0,0,0,0
2026-09-11,2026-09-11,CM,NSE,STK,18644,INE591D01014,DIAMINESQ,EQ,,,,,DIAMINES & CHEMICALS LTD,251.01,259.0,251.0,258.27,259.0,258.09,,258.27,,,2539,650450.85,176,F1,1,,,,,,Cash Only,Unclassified,False,256.09,255.0,257.17999999999995,257.17999999999995,255.0,2.17999999999995,0.8440779029697411,Wide,Bullish,Above CPR,False,False,0.7166666666666667,60,1253930.0350000001,Overlapping,True,Risk Off,False,7.190714285714287,249.79280000000003,253.1128,0.30316876924604447,0.5187297790502322,True,True,No setup,Neutral,0,Not applicable,No directional setup; confirmation score not applicable.,Wide CPR,Wide Upside Watch,Watch,Wide CPR + close above CPR; trend aligned; participation light,0,0,0,0
2026-09-11,2026-09-11,CM,NSE,STK,25855,INE692Z01013,AFFORDABLE,EQ,,,,,AFFORD ROBO & AUTO LTD,165.9,165.9,157.9,159.88,159.0,162.34,,159.89,,,15027,2397853.69,425,F1,1,,,,,,Cash Only,Unclassified,False,161.22666666666666,161.9,160.5533333333333,161.9,160.5533333333333,1.3466666666666924,0.8422983904595274,Wide,Bearish,Below CPR,False,False,0.48333333333333334,60,6659773.345000001,Lower,True,Risk Off,False,10.595714285714283,167.9488,182.3244,0.12709541144218484,0.3600503449265659,False,False,No setup,Neutral,0,Not applicable,No directional setup; confirmation score not applicable.,Wide CPR,Wide Downside Watch,Watch,Wide CPR + close below CPR; trend aligned; participation light,0,0,0,0
2026-09-11,2026-09-11,CM,NSE,STK,18931,INE108E01023,SUNDARAM,EQ,,,,,SUNDARAM MULTI PAP LTD,1.23,1.23,1.18,1.19,1.2,1.2,,1.19,,,300725,359496.08,272,F1,1,,,,,,Cash Only,Unclassified,False,1.2,1.205,1.1949999999999998,1.205,1.1949999999999998,0.010000000000000231,0.840336134453801,Wide,Bearish,Below CPR,False,False,0.7666666666666667,60,455296.78500000003,Overlapping,True,Risk Off,False,0.03928571428571432,1.238,1.3092000000000001,0.2545454545454602,0.7895862475725586,False,False,No setup,Neutral,0,Not applicable,No directional setup; confirmation score not applicable.,Wide CPR,Wide Downside Watch,Watch,Wide CPR + close below CPR; trend aligned; participation light,0,0,0,0
2026-09-11,2026-09-11,CM,NSE,STK,12153,INE01EE01011,BBTCL,EQ,,,,,B&B TRIPLEWALL CONT LTD,231.0,233.99,226.76,227.51,227.3,235.33,,227.51,,,5488,1262261.15,316,F1,1,,,,,,Cash Only,Unclassified,False,229.42,230.375,228.46499999999997,230.375,228.46499999999997,1.910000000000025,0.8395235374269373,Wide,Bearish,Below CPR,False,False,0.7666666666666667,60,1277457.02,Lower,True,Risk Off,False,9.175000000000002,225.6284,216.33900000000003,0.20817438692098358,0.9881045939220717,True,True,No setup,Neutral,0,Not applicable,No directional setup; confirmation score not applicable.,Wide CPR,Wide Downside Watch,Watch,Wide CPR + close below CPR; trend opposes; participation light,0,0,0,0
2026-09-11,2026-09-11,CM,NSE,STK,762954,INE064A01026,TIMEX,EQ,,,,,TIMEX GROUP INDIA LTD.,625.0,636.0,611.5,631.7,630.0,627.1,,631.7,,,226422,141782436.4,15424,F1,1,,,,,,Cash Only,Unclassified,False,626.4,623.75,629.05,629.05,623.75,5.2999999999999545,0.8390058572106941,Wide,Bullish,Above CPR,False,False,0.65,60,187869488.5,Outside,True,Risk Off,False,31.06428571428572,578.6410000000001,498.8125,0.1706139342377543,0.7546858062585293,True,True,No setup,Neutral,0,Not applicable,No directional setup; confirmation score not applicable.,Wide CPR,Wide Upside Watch,Watch,Wide CPR + close above CPR; trend aligned; participation light,0,-2,0,-2
2026-09-11,2026-09-11,CM,NSE,STK,764778,INE898Q01015,MIIL,EQ,,,,,MEGHNA INFRACON INFRA L,699.95,699.95,669.95,676.45,682.0,687.2,,676.57,,,76449,51783168.95,1852,F1,1,,,,,,Cash Only,Unclassified,False,682.1166666666667,684.95,679.2833333333333,684.95,679.2833333333333,5.6666666666667425,0.8377066548402309,Wide,Bearish,Below CPR,False,False,0.9,20,54672041.75,Lower,True,Risk Off,False,28.303571428571452,,,0.20021030494216865,0.9471599613343507,False,False,No setup,Neutral,0,Not applicable,No directional setup; confirmation score not applicable.,Wide CPR,Wide Downside Watch,Watch,Wide CPR + close below CPR; trend aligned; participation light,0,0,0,0
2026-09-11,2026-09-11,CM,NSE,STK,762859,INE296E01026,RAJPALAYAM,EQ,,,,,RAJAPALAYAM MILLS LTD.,765.95,778.4,754.0,775.95,758.0,751.1,,775.83,,,374,286903.2,67,F1,1,,,,,,Cash Only,Unclassified,False,769.4500000000002,766.2,772.7000000000003,772.7000000000003,766.2,6.500000000000227,0.8376828403892296,Wide,Bullish,Above CPR,False,False,0.8833333333333333,60,929072.55,Higher,True,Risk Off,False,23.70714285714285,815.3259999999999,815.7094999999999,0.27417896956915705,0.30880602381374844,False,False,No setup,Neutral,0,Not applicable,No directional setup; confirmation score not applicable.,Wide CPR,Wide Upside Watch,Watch,Wide CPR + close above CPR; trend opposes; participation light,0,0,0,0
2026-09-11,2026-09-11,CM,NSE,STK,13941,INE505C01016,PRAENG,EQ,,,,,PRAJAY ENG. SYN. LTD.,22.2,22.75,21.66,21.93,21.9,22.2,,21.92,,,48149,1061511.29,253,F1,1,,,,,,Cash Only,Unclassified,False,22.113333333333333,22.205,22.02166666666667,22.205,22.02166666666667,0.18333333333333002,0.8359933120534884,Wide,Bearish,Below CPR,False,False,0.45,60,773047.05,Lower,True,Risk Off,False,1.6064285714285715,20.719,21.1973,0.11412479620571898,1.3731522421565414,True,True,No setup,Neutral,0,Not applicable,No directional setup; confirmation score not applicable.,Wide CPR,Wide Downside Watch,Watch,Wide CPR + close below CPR; trend opposes; participation confirmed,0,0,0,0
2026-09-11,2026-09-11,CM,NSE,STK,765160,INE555C01029,SHIVACEM,EQ,,,,,SHIVA CEMENT LTD.,16.04,16.5,15.0,15.95,15.82,16.04,,15.95,,,117344,1847922.6,480,F1,1,,,,,,Cash Only,Unclassified,False,15.816666666666668,15.75,15.883333333333336,15.883333333333336,15.75,0.1333333333333364,0.8359456635318898,Wide,Bullish,Above CPR,False,False,0.75,20,831346.21,Lower,True,Risk Off,False,0.8000000000000002,,,0.1666666666666705,2.2228075112052297,False,False,No setup,Neutral,0,Not applicable,No directional setup; confirmation score not applicable.,Wide CPR,Wide Upside Watch,Watch,Wide CPR + close above CPR; trend opposes; participation confirmed,0,0,0,0
2026-09-11,2026-09-11,CM,NSE,STK,11821,INE191B01025,WELCORP,EQ,,,,,WELSPUN CORP LIMITED,2745.0,2761.8,2658.5,2676.6,2686.9,2776.9,,2676.59,,,1221515,3292219741.5,74682,F1,1,,,,,,Cash Only,Capital Goods,True,2698.9666666666667,2710.15,2687.7833333333333,2710.15,2687.7833333333333,22.366666666666788,0.8356372512391387,Wide,Bearish,Below CPR,False,False,0.7166666666666667,60,1660525217.95,Overlapping,True,Risk Off,False,120.50000000000007,1969.786,1659.1775,0.18561549100968278,1.9826376052056631,True,True,No setup,Neutral,0,Not applicable,No directional setup; confirmation score not applicable.,Wide CPR,Wide Downside Watch,Watch,Wide CPR + close below CPR; trend opposes; participation confirmed,0,0,0,0
2026-09-11,2026-09-11,CM,NSE,STK,438,INE257A01026,BHEL,EQ,,,,,BHEL,427.0,433.0,418.2,431.0,431.0,429.5,,430.99,,,6548117,2785427955.6,50133,F1,1,,,,,,F&O + Cash,Capital Goods,True,427.40000000000003,425.6,429.20000000000005,429.20000000000005,425.6,3.6000000000000227,0.835266821345713,Wide,Bullish,Above CPR,False,False,0.75,60,3651099307.875,Lower,True,Risk Off,False,12.453571428571419,415.077,403.4918,0.28907370232291574,0.7629011759806569,True,True,No setup,Neutral,0,Not applicable,No directional setup; confirmation score not applicable.,Wide CPR,Wide Upside Watch,Watch,Wide CPR + close above CPR; trend aligned; participation light,0,0,0,0
2026-09-11,2026-09-11,CM,NSE,STK,762695,INE926B01016,GRANDOAK,EQ,,,,,GRAND OAK CANYONS DIST L,36.16,36.16,35.04,35.16,35.49,36.88,,35.16,,,2496,88255.13,65,F1,1,,,,,,Cash Only,Unclassified,False,35.453333333333326,35.599999999999994,35.30666666666666,35.599999999999994,35.30666666666666,0.29333333333333655,0.8342813803564749,Wide,Bearish,Below CPR,False,False,0.4,60,310761.935,Lower,True,Risk Off,False,1.970714285714287,39.3102,36.3351,0.14884620031412502,0.2839959469296006,False,False,No setup,Neutral,0,Not applicable,No directional setup; confirmation score not applicable.,Wide CPR,Wide Downside Watch,Watch,Wide CPR + close below CPR; trend aligned; participation light,0,0,0,0
2026-09-11,2026-09-11,CM,NSE,STK,7083,INE575P01011,STARHEALTH,EQ,,,,,STAR HEALTH & AL INS CO L,575.0,579.75,559.7,562.7,562.95,576.25,,562.69,,,460832,262285735.85,24455,F1,1,,,,,,Cash Only,Financial Services,True,567.3833333333333,569.725,565.0416666666666,569.725,565.0416666666666,4.683333333333394,0.8322966648895316,Wide,Bearish,Below CPR,False,False,0.9333333333333333,60,209795758.575,Lower,True,Risk Off,False,15.767857142857142,582.3929999999999,558.057,0.2970177425443602,1.250195607535294,False,True,No setup,Neutral,0,Not applicable,No directional setup; confirmation score not applicable.,Wide CPR,Wide Downside Watch,Watch,Wide CPR + close below CPR; trend mixed; participation confirmed,0,0,0,0
2026-09-11,2026-09-11,CM,NSE,STK,761197,INE0V0W01025,GKSL,EQ,,,,,GUJARAT KIDNEY N SUP SP L,174.35,176.45,170.0,171.09,171.55,173.22,,171.06,,,120195,20637936.29,2648,F1,1,,,,,,Cash Only,Unclassified,False,172.51333333333332,173.225,171.80166666666665,173.225,171.80166666666665,1.4233333333333462,0.8319208214000504,Wide,Bearish,Below CPR,False,False,0.75,60,35922601.425,Lower,True,Risk Off,False,7.074285714285714,143.2666,136.9852,0.20119816908993182,0.5745111843608637,True,True,No setup,Neutral,0,Not applicable,No directional setup; confirmation score not applicable.,Wide CPR,Wide Downside Watch,Watch,Wide CPR + close below CPR; trend opposes; participation light,0,0,0,0
2026-09-11,2026-09-11,CM,NSE,STK,764743,INE533C01018,KJMCFIN,EQ,,,,,K J M C FINANCIAL SERV L,61.58,62.5,60.03,60.51,60.34,61.58,,60.51,,,1605,97402.98,80,F1,1,,,,,,Cash Only,Unclassified,False,61.01333333333333,61.265,60.761666666666656,61.265,60.761666666666656,0.5033333333333445,0.8318184322150793,Wide,Bearish,Below CPR,False,False,0.3,20,103756.98999999999,Lower,True,Risk Off,False,5.303571428571429,,,0.09490460157127034,0.9387606560290541,False,False,No setup,Neutral,0,Not applicable,No directional setup; confirmation score not applicable.,Wide CPR,Wide Downside Watch,Watch,Wide CPR + close below CPR; trend aligned; participation light,0,0,0,0
2026-09-11,2026-09-11,CM,NSE,STK,25807,INE080I01025,LLOYDSENT,EQ,,,,,LLOYDS ENTERPRISES LTD,69.36,70.24,67.6,69.79,69.96,70.01,,69.79,,,3763753,259224013.75,13692,F1,1,,,,,,Cash Only,Unclassified,False,69.21,68.91999999999999,69.5,69.5,68.91999999999999,0.5800000000000125,0.8310646224387627,Wide,Bullish,Above CPR,False,False,0.6833333333333333,60,255145126.175,Lower,True,Risk Off,False,2.153571428571427,76.8498,73.7482,0.2693200663349977,1.0159865392537515,False,False,No setup,Neutral,0,Not applicable,No directional setup; confirmation score not applicable.,Wide CPR,Wide Upside Watch,Watch,Wide CPR + close above CPR; trend opposes; participation confirmed,0,0,0,0
2026-09-11,2026-09-11,CM,NSE,STK,11369,INE910C01018,TTKHLTCARE,EQ,,,,,TTK HEALTHCARE LIMITED,1139.0,1146.5,1112.1,1115.4,1115.0,1134.4,,1115.44,,,34353,38620507.2,4071,F1,1,,,,,,Cash Only,Unclassified,False,1124.6666666666667,1129.3,1120.0333333333335,1129.3,1120.0333333333335,9.266666666666424,0.8307931384854244,Wide,Bearish,Below CPR,False,False,0.6666666666666666,60,22933824.049999997,Lower,True,Risk Off,False,56.964285714285765,1062.601,984.8004999999998,0.1626750261232976,1.6839977107960766,True,True,No setup,Neutral,0,Not applicable,No directional setup; confirmation score not applicable.,Wide CPR,Wide Downside Watch,Watch,Wide CPR + close below CPR; trend opposes; participation confirmed,0,0,0,0
2026-09-11,2026-09-11,CM,NSE,STK,3150,INE003A01024,SIEMENS,EQ,,,,,SIEMENS LTD,3912.1,3957.0,3858.4,3957.0,3957.0,3954.4,,3957.01,,,172514,675474285.1,15958,F1,1,,,,,,F&O + Cash,Capital Goods,True,3924.133333333333,3907.7,3940.5666666666666,3940.5666666666666,3907.7,32.86666666666679,0.8305955690337828,Wide,Bullish,Above CPR,False,False,0.9166666666666666,60,1124660369.75,Lower,True,Risk Off,False,85.92857142857143,3834.0239999999994,3764.995,0.382488223884734,0.6006029049019934,True,True,No setup,Neutral,0,Not applicable,No directional setup; confirmation score not applicable.,Wide CPR,Wide Upside Watch,Watch,Wide CPR + close above CPR; trend aligned; participation light,0,0,0,0
2026-09-11,2026-09-11,CM,NSE,STK,13890,INE835D01023,HIRECT,EQ,,,,,HIRECT LIMITED,1244.9,1255.0,1205.0,1245.4,1241.0,1248.9,,1245.37,,,51541,63366884.6,4813,F1,1,,,,,,Cash Only,Unclassified,False,1235.1333333333334,1230.0,1240.2666666666669,1240.2666666666669,1230.0,10.266666666666879,0.8243670039077308,Wide,Bullish,Above CPR,False,False,0.6666666666666666,60,83745330.75,Lower,True,Risk Off,False,43.62857142857141,1239.9900000000002,1137.999,0.23531979917049176,0.7566617031959122,True,True,No setup,Neutral,0,Not applicable,No directional setup; confirmation score not applicable.,Wide CPR,Wide Upside Watch,Watch,Wide CPR + close above CPR; trend aligned; participation light,0,0,0,0
2026-09-11,2026-09-11,CM,NSE,STK,764618,INE664D01019,BENARAS,EQ,,,,,BENARES HOTELS LTD.,10897.0,11100.0,10796.0,11085.0,11099.0,10736.0,,11083.5,,,467,5128188.0,138,F1,1,,,,,,Cash Only,Unclassified,False,10993.666666666666,10948.0,11039.333333333332,11039.333333333332,10948.0,91.33333333333212,0.8239362501879307,Wide,Bullish,Above CPR,False,False,0.95,20,816729.0,Higher,True,Risk Off,False,289.57142857142856,,,0.3154086498931055,6.278934628254905,False,False,No setup,Neutral,0,Not applicable,No directional setup; confirmation score not applicable.,Wide CPR,Wide Upside Watch,Watch,Wide CPR + close above CPR; trend opposes; participation confirmed,0,0,0,0
2026-09-11,2026-09-11,CM,NSE,STK,765030,INE758A01072,AVANCE,EQ,,,,,AVANCE TECHNOLOGIES LTD.,0.83,0.83,0.81,0.81,0.82,0.82,,0.81,,,3112294,2532183.13,1139,F1,1,,,,,,Cash Only,Unclassified,False,0.8166666666666668,0.8200000000000001,0.8133333333333335,0.8200000000000001,0.8133333333333335,0.006666666666666599,0.8230452674897035,Wide,Bearish,Below CPR,False,False,0.65,20,3099209.41,Lower,True,Risk Off,False,0.02928571428571428,,,0.22764227642276194,0.8170416370799545,False,False,No setup,Neutral,0,Not applicable,No directional setup; confirmation score not applicable.,Wide CPR,Wide Downside Watch,Watch,Wide CPR + close below CPR; trend aligned; participation light,0,0,0,0
2026-09-11,2026-09-11,CM,NSE,STK,764408,INE05C901015,JNPR,EQ,,,,,JUNIPER GREEN ENERGY LTD,259.0,269.3,254.85,265.35,265.9,259.05,,265.35,,,773789,204906435.9,18455,F1,1,,,,,,Cash Only,Unclassified,False,263.1666666666667,262.075,264.2583333333334,264.2583333333334,262.075,2.183333333333394,0.8228126373971711,Wide,Bullish,Above CPR,False,False,0.48148148148148145,27,310629189.44,Higher,True,Risk Off,False,12.474285714285713,,,0.175026721636896,0.6596496493758485,False,False,No setup,Neutral,0,Not applicable,No directional setup; confirmation score not applicable.,Wide CPR,Wide Upside Watch,Watch,Wide CPR + close above CPR; trend opposes; participation light,0,0,0,0
2026-09-11,2026-09-11,CM,NSE,STK,761037,INE016Q01014,CEINSYS,EQ,,,,,CEINSYS TECH LIMITED,685.0,719.0,677.55,707.0,706.0,685.0,,706.97,,,83507,58745169.0,5905,F1,1,,,,,,Cash Only,Unclassified,False,701.1833333333334,698.275,704.0916666666668,704.0916666666668,698.275,5.816666666666833,0.8227251296558463,Wide,Bullish,Above CPR,False,False,0.7666666666666667,60,36712051.225,Higher,True,Risk Off,False,26.339285714285722,809.605,891.0640000000001,0.22083615819209665,1.600160357152585,False,False,No setup,Neutral,0,Not applicable,No directional setup; confirmation score not applicable.,Wide CPR,Wide Upside Watch,Watch,Wide CPR + close above CPR; trend opposes; participation confirmed,0,0,0,0
2026-09-11,2026-09-11,CM,NSE,STK,11256,INE091G01026,JAIBALAJI,EQ,,,,,JAI BALAJI INDUSTRIES LTD,67.1,67.41,64.33,65.07,65.43,67.53,,65.08,,,934174,60766839.72,4458,F1,1,,,,,,Cash Only,Unclassified,False,65.60333333333334,65.87,65.33666666666667,65.87,65.33666666666667,0.5333333333333314,0.8196301418984655,Wide,Bearish,Below CPR,False,False,0.5833333333333334,60,138589223.79000002,Lower,True,Risk Off,False,3.17214285714286,72.5064,68.8298,0.1681303009832613,0.43846727803366675,False,False,No setup,Neutral,0,Not applicable,No directional setup; confirmation score not applicable.,Wide CPR,Wide Downside Watch,Watch,Wide CPR + close below CPR; trend aligned; participation light,0,0,0,0
2026-09-11,2026-09-11,CM,NSE,STK,25584,INE152M01016,TRITURBINE,EQ,,,,,TRIVENI TURBINE LIMITED,560.85,572.8,552.5,569.65,568.6,560.85,,569.62,,,613864,344757939.8,102743,F1,1,,,,,,Cash Only,Capital Goods,True,564.9833333333332,562.65,567.3166666666665,567.3166666666665,562.65,4.666666666666515,0.8192164779542729,Wide,Bullish,Above CPR,False,False,0.8333333333333334,60,316592935.8,Overlapping,True,Risk Off,False,16.83571428571429,599.996,621.8595,0.27718851647573695,1.0889628314947386,False,False,No setup,Neutral,0,Not applicable,No directional setup; confirmation score not applicable.,Wide CPR,Wide Upside Watch,Watch,Wide CPR + close above CPR; trend opposes; participation confirmed,0,0,0,0
2026-09-11,2026-09-11,CM,NSE,STK,763636,INE0MEG01014,VIVIANA,EQ,,,,,VIVIANA POWER TECH LTD,750.0,774.75,748.0,752.15,750.1,769.15,,752.15,,,12940,9790855.1,636,F1,1,,,,,,Cash Only,Unclassified,False,758.3000000000001,761.375,755.2250000000001,761.375,755.2250000000001,6.149999999999864,0.8176560526490545,Wide,Bearish,Below CPR,False,False,0.4,5,20838492.75,Lower,False,Risk Off,False,,,,,0.46984468682361874,False,False,No setup,Neutral,0,Not applicable,No directional setup; confirmation score not applicable.,Wide CPR,Wide Downside Watch,Watch,Wide CPR + close below CPR; trend aligned; participation light,0,0,0,0
2026-09-11,2026-09-11,CM,NSE,STK,1476,INE008A01015,IDBI,EQ,,,,,IDBI BANK LIMITED,81.21,84.2,80.62,83.43,83.55,81.62,,83.43,,,22126952,1843876433.51,75406,F1,1,,,,,,Cash Only,Financial Services,True,82.75,82.41,83.09,83.09,82.41,0.6800000000000068,0.8150545367373927,Wide,Bullish,Above CPR,False,False,0.85,60,670254765.73,Higher,True,Risk Off,False,4.026428571428573,85.3368,81.0008,0.1688841582402003,2.751008314729048,False,True,No setup,Neutral,0,Not applicable,No directional setup; confirmation score not applicable.,Wide CPR,Wide Upside Watch,Watch,Wide CPR + close above CPR; trend mixed; participation confirmed,0,0,0,0
2026-09-11,2026-09-11,CM,NSE,STK,29025,INE622H01018,INDOFARM,EQ,,,,,INDO FARM EQUIPMENT LTD,140.0,144.03,135.83,141.66,140.3,140.32,,141.68,,,131169,18250666.24,2224,F1,1,,,,,,Cash Only,Unclassified,False,140.50666666666666,139.93,141.08333333333331,141.08333333333331,139.93,1.1533333333333076,0.8141559602804657,Wide,Bullish,Above CPR,False,False,0.6333333333333333,60,22133328.45,Overlapping,True,Risk Off,False,5.392142857142858,149.4368,143.31140000000002,0.21389146465315015,0.824578475904739,False,False,No setup,Neutral,0,Not applicable,No directional setup; confirmation score not applicable.,Wide CPR,Wide Upside Watch,Watch,Wide CPR + close above CPR; trend opposes; participation light,0,0,0,0
2026-09-11,2026-09-11,CM,NSE,STK,4344,INE277B01014,PUNJABCHEM,EQ,,,,,PUNJAB CHEM & CROP PROT L,1085.0,1095.2,1061.4,1065.3,1067.0,1091.8,,1065.3,,,2438,2626231.8,349,F1,1,,,,,,Cash Only,Unclassified,False,1073.966666666667,1078.3000000000002,1069.6333333333337,1078.3000000000002,1069.6333333333337,8.666666666666515,0.8135423511373805,Wide,Bearish,Below CPR,False,False,0.85,60,8205294.75,Lower,True,Risk Off,False,33.67857142857146,1120.318,1081.4669999999999,0.25733474726051137,0.3200655040454214,False,False,No setup,Neutral,0,Not applicable,No directional setup; confirmation score not applicable.,Wide CPR,Wide Downside Watch,Watch,Wide CPR + close below CPR; trend aligned; participation light,0,0,-2,-2
2026-09-11,2026-09-11,CM,NSE,STK,7780,INE977Y01011,BCONCEPTS,EQ,,,,,BRAND CONCEPTS LIMITED,159.0,159.0,150.3,156.56,155.56,154.5,,156.55,,,8986,1391813.11,474,F1,1,,,,,,Cash Only,Unclassified,False,155.28666666666666,154.65,155.92333333333332,155.92333333333332,154.65,1.2733333333333121,0.8133197070345632,Wide,Bullish,Above CPR,False,False,0.55,60,2271801.9450000003,Overlapping,True,Risk Off,False,9.262142857142857,178.07859999999997,192.67059999999998,0.13747718567645847,0.6126472041558182,False,False,No setup,Neutral,0,Not applicable,No directional setup; confirmation score not applicable.,Wide CPR,Wide Upside Watch,Watch,Wide CPR + close above CPR; trend opposes; participation light,0,0,0,0
2026-09-11,2026-09-11,CM,NSE,STK,5162,INE0GK401011,TATVA,EQ,,,,,TATVA CHIN PHARM CHEM LTD,1659.2,1659.6,1597.0,1608.7,1602.1,1659.2,,1608.41,,,47765,77212684.9,5944,F1,1,,,,,,Cash Only,Unclassified,False,1621.7666666666667,1628.3,1615.2333333333333,1628.3,1615.2333333333333,13.066666666666606,0.8122500569818243,Wide,Bearish,Below CPR,False,False,0.5833333333333334,60,76354175.65,Lower,True,Risk Off,False,69.74285714285715,1613.204,1422.9620000000002,0.1873549091902217,1.011243776030473,False,True,No setup,Neutral,0,Not applicable,No directional setup; confirmation score not applicable.,Wide CPR,Wide Downside Watch,Watch,Wide CPR + close below CPR; trend mixed; participation confirmed,0,0,0,0
2026-09-11,2026-09-11,CM,NSE,STK,765426,INE1KZI01025,TEMPSENS,EQ,,,,,TEMPSENS INST (INDIA) LTD,578.9,594.15,561.2,584.8,586.5,581.3,,584.78,,,2352665,1364210665.65,45067,F1,1,,,,,,Cash Only,Unclassified,False,580.05,577.675,582.425,582.425,577.675,4.75,0.8122435020519837,Wide,Bullish,Above CPR,False,False,0.6363636363636364,11,2945589873.25,Lower,False,Risk Off,False,,,,,0.4631366634027723,False,False,No setup,Neutral,0,Not applicable,No directional setup; confirmation score not applicable.,Wide CPR,Wide Upside Watch,Watch,Wide CPR + close above CPR; trend opposes; participation light,0,0,0,0
2026-09-11,2026-09-11,CM,NSE,STK,3579,INE351A01035,UNICHEMLAB,EQ,,,,,UNICHEM LABORATORIES LTD,528.7,544.2,522.05,539.7,543.6,532.7,,539.65,,,59557,31863032.6,3829,F1,1,,,,,,Cash Only,Unclassified,False,535.3166666666667,533.125,537.5083333333334,537.5083333333334,533.125,4.383333333333439,0.8121796059539447,Wide,Bullish,Above CPR,False,False,0.6166666666666667,60,47974880.7,Overlapping,True,Risk Off,False,28.807142857142882,544.025,470.915,0.15216133564757772,0.6641607469385536,False,True,No setup,Neutral,0,Not applicable,No directional setup; confirmation score not applicable.,Wide CPR,Wide Upside Watch,Watch,Wide CPR + close above CPR; trend mixed; participation light,0,0,0,0
2026-09-11,2026-09-11,CM,NSE,STK,21399,INE335W01016,GANGESSECU,EQ,,,,,GANGES SECURITIES LIMITED,118.0,118.0,115.0,115.11,115.16,115.62,,115.11,,,541,62532.64,28,F1,1,,,,,,Cash Only,Unclassified,False,116.03666666666668,116.5,115.57333333333335,116.5,115.57333333333335,0.9266666666666481,0.8050270755509061,Wide,Bearish,Below CPR,False,False,0.75,60,174839.555,Overlapping,True,Risk Off,False,4.2164285714285725,118.0734,120.98270000000001,0.21977525551978774,0.3576572818433449,False,False,No setup,Neutral,0,Not applicable,No directional setup; confirmation score not applicable.,Wide CPR,Wide Downside Watch,Watch,Wide CPR + close below CPR; trend aligned; participation light,0,0,0,0
2026-09-11,2026-09-11,CM,NSE,STK,13310,INE878B01027,KEI,EQ,,,,,KEI INDUSTRIES LTD.,4599.0,4599.0,4447.0,4578.0,4578.0,4640.0,,4578.0,,,1138228,5122655156.5,68636,F1,1,,,,,,F&O + Cash,Capital Goods,True,4541.333333333333,4523.0,4559.666666666666,4559.666666666666,4523.0,36.66666666666606,0.8009319935925309,Wide,Bullish,Above CPR,False,False,0.7333333333333333,60,1754888185.35,Lower,True,Risk Off,False,206.32142857142864,5234.022,5225.201,0.17771623103109735,2.919077807500495,False,False,No setup,Neutral,0,Not applicable,No directional setup; confirmation score not applicable.,Wide CPR,Wide Upside Watch,Watch,Wide CPR + close above CPR; trend opposes; participation confirmed,0,0,0,0
2026-09-11,2026-09-11,CM,NSE,STK,17728,INE563J01010,ASTEC,EQ,,,,,ASTEC LIFESCIENCES LTD,716.0,722.4,694.0,699.8,696.9,715.8,,699.64,,,83837,59040976.65,5130,F1,1,,,,,,Cash Only,Unclassified,False,705.4,708.2,702.5999999999999,708.2,702.5999999999999,5.600000000000136,0.8002286367533776,Wide,Bearish,Below CPR,False,False,0.6666666666666666,60,19379079.0,Lower,True,Risk Off,False,38.81785714285714,635.2739999999999,687.6220000000001,0.144263501702092,3.0466348091155413,True,True,No setup,Neutral,0,Not applicable,No directional setup; confirmation score not applicable.,Wide CPR,Wide Downside Watch,Watch,Wide CPR + close below CPR; trend opposes; participation confirmed,0,0,0,0
2026-09-11,2026-09-11,CM,NSE,STK,3453,INE014B01011,TECILCHEM,EQ,,,,,TECIL CHEMICALS,9.77,9.77,9.2,9.6,9.47,9.43,,9.6,,,9564,91605.54,59,F1,1,,,,,,Cash Only,Unclassified,False,9.523333333333333,9.485,9.561666666666667,9.561666666666667,9.485,0.07666666666666799,0.7986111111111249,Wide,Bullish,Above CPR,False,False,0.2833333333333333,60,97423.71,Overlapping,True,Risk Off,False,0.9164285714285715,9.4884,10.703399999999998,0.08365809301117318,0.9402797327262531,True,False,No setup,Neutral,0,Not applicable,No directional setup; confirmation score not applicable.,Wide CPR,Wide Upside Watch,Watch,Wide CPR + close above CPR; trend mixed; participation light,0,-2,0,-2
2026-09-11,2026-09-11,CM,NSE,STK,19496,INE0BTM01013,SECMARK,EQ,,,,,SECMARK CONSULTANCY LTD,148.0,148.0,138.0,141.31,144.45,149.16,,141.19,,,2320,326891.31,138,F1,1,,,,,,Cash Only,Unclassified,False,142.43666666666667,143.0,141.87333333333333,143.0,141.87333333333333,1.1266666666666652,0.7973014412756811,Wide,Bearish,Below CPR,False,False,0.38333333333333336,60,163241.115,Lower,True,Risk Off,False,12.357142857142856,130.6596,125.46709999999999,0.09117533718689777,2.0025059863135586,True,True,No setup,Neutral,0,Not applicable,No directional setup; confirmation score not applicable.,Wide CPR,Wide Downside Watch,Watch,Wide CPR + close below CPR; trend opposes; participation confirmed,0,0,0,0
2026-09-11,2026-09-11,CM,NSE,STK,21683,INE727S01012,BRNL,EQ,,,,,BHARAT ROAD NETWORK LTD,17.0,17.0,16.06,16.73,16.8,16.65,,16.73,,,17005,281556.91,308,F1,1,,,,,,Cash Only,Unclassified,False,16.596666666666668,16.53,16.663333333333334,16.663333333333334,16.53,0.13333333333333286,0.7969715082685765,Wide,Bullish,Above CPR,False,False,0.7333333333333333,60,439726.18000000005,Lower,True,Risk Off,False,0.4885714285714283,17.525,18.678700000000003,0.2729044834307984,0.6403005388489718,False,False,No setup,Neutral,0,Not applicable,No directional setup; confirmation score not applicable.,Wide CPR,Wide Upside Watch,Watch,Wide CPR + close above CPR; trend opposes; participation light,0,0,0,0
2026-09-11,2026-09-11,CM,NSE,STK,896,INE745B01028,KHAICHEM,EQ,,,,,KHAITAN CHEM & FERT LTD,52.68,55.55,51.22,54.03,54.0,52.68,,54.04,,,402804,21760979.53,2500,F1,1,,,,,,Cash Only,Unclassified,False,53.6,53.385,53.815000000000005,53.815000000000005,53.385,0.4300000000000068,0.7958541550990317,Wide,Bullish,Above CPR,False,False,0.6,60,11746849.315000001,Higher,True,Risk Off,False,2.1285714285714277,54.471599999999995,56.0751,0.20201342281879522,1.852494992185911,False,False,No setup,Neutral,0,Not applicable,No directional setup; confirmation score not applicable.,Wide CPR,Wide Upside Watch,Watch,Wide CPR + close above CPR; trend opposes; participation confirmed,0,0,0,0
2026-09-11,2026-09-11,CM,NSE,STK,765080,INE638B01025,HBPOR,EQ,,,,,HB PORTFOLIO LTD.,58.7,60.05,58.5,59.99,60.0,58.9,,59.99,,,664,39622.85,24,F1,1,,,,,,Cash Only,Unclassified,False,59.51333333333333,59.275,59.75166666666666,59.75166666666666,59.275,0.47666666666665947,0.7945768739234197,Wide,Bullish,Above CPR,False,False,0.35,20,48643.990000000005,Overlapping,True,Risk Off,False,3.982142857142857,,,0.11970104633781582,0.8145476964369082,False,False,No setup,Neutral,0,Not applicable,No directional setup; confirmation score not applicable.,Wide CPR,Wide Upside Watch,Watch,Wide CPR + close above CPR; trend opposes; participation light,0,0,0,0
2026-09-11,2026-09-11,CM,NSE,STK,762909,INE997I01012,SHRIKRISH,EQ,,,,,SHRI KRISHNA DEVCON LTD.,37.02,37.02,36.1,37.0,37.0,37.39,,37.0,,,492,18132.48,14,F1,1,,,,,,Cash Only,Unclassified,False,36.70666666666667,36.56,36.85333333333334,36.85333333333334,36.56,0.29333333333333655,0.7927927927928016,Wide,Bullish,Above CPR,False,False,0.36666666666666664,60,29632.309999999998,Lower,True,Risk Off,False,2.7871428571428574,40.0818,,0.1052451734153437,0.6119158445629113,False,False,No setup,Neutral,0,Not applicable,No directional setup; confirmation score not applicable.,Wide CPR,Wide Upside Watch,Watch,Wide CPR + close above CPR; trend opposes; participation light,0,0,0,0
2026-09-11,2026-09-11,CM,NSE,STK,759876,INE12UR01024,UTLSOLAR,EQ,,,,,FUJIYAMA POWER SYSTEMS L,439.0,450.15,434.8,447.8,446.2,441.25,,447.66,,,169862,75457615.05,8836,F1,1,,,,,,Cash Only,Unclassified,False,444.25,442.475,446.025,446.025,442.475,3.5499999999999545,0.7927646270656442,Wide,Bullish,Above CPR,False,False,0.5333333333333333,60,129032482.9,Overlapping,True,Risk Off,False,19.325000000000006,408.035,350.1655,0.1836998706338915,0.5847954976459652,True,True,No setup,Neutral,0,Not applicable,No directional setup; confirmation score not applicable.,Wide CPR,Wide Upside Watch,Watch,Wide CPR + close above CPR; trend aligned; participation light,0,0,0,0
2026-09-11,2026-09-11,CM,NSE,STK,4487,INE150B01039,ALKYLAMINE,EQ,,,,,ALKYL AMINES CHEM. LTD,1920.3,1920.3,1859.1,1867.5,1863.0,1920.3,,1867.49,,,67897,127581396.7,12376,F1,1,,,,,,Cash Only,Unclassified,False,1882.3,1889.6999999999998,1874.9,1889.6999999999998,1874.9,14.799999999999727,0.7925033467201995,Wide,Bearish,Below CPR,False,False,0.7833333333333333,60,129007994.25,Lower,True,Risk Off,False,67.74285714285715,1914.7220000000002,1815.1329999999998,0.21847321805145103,0.9889417895511541,False,True,No setup,Neutral,0,Not applicable,No directional setup; confirmation score not applicable.,Wide CPR,Wide Downside Watch,Watch,Wide CPR + close below CPR; trend mixed; participation light,0,0,0,0
2026-09-11,2026-09-11,CM,NSE,STK,14552,INE211B01039,PHOENIXLTD,EQ,,,,,THE PHOENIX MILLS LTD,1876.0,1910.0,1825.1,1890.0,1890.0,1890.0,,1890.0,,,723014,1359107128.1,49274,F1,1,,,,,,F&O + Cash,Realty,True,1875.0333333333335,1867.55,1882.516666666667,1882.516666666667,1867.55,14.966666666667152,0.7918871252204843,Wide,Bullish,Above CPR,False,False,0.8833333333333333,60,975941173.6,Lower,True,Risk Off,False,42.7357142857143,1970.2379999999998,1889.6819999999998,0.3502144966293499,1.39261173200286,False,True,No setup,Neutral,0,Not applicable,No directional setup; confirmation score not applicable.,Wide CPR,Wide Upside Watch,Watch,Wide CPR + close above CPR; trend mixed; participation confirmed,0,0,0,0
2026-09-11,2026-09-11,CM,NSE,STK,7374,INE939A01011,STAR,EQ,,,,,STRIDES PHARMA SCI LTD,1199.9,1215.9,1179.0,1183.4,1180.0,1217.0,,1183.54,,,161625,192960955.1,16276,F1,1,,,,,,Cash Only,Unclassified,False,1192.7666666666667,1197.45,1188.0833333333333,1197.45,1188.0833333333333,9.366666666666788,0.7915047039603504,Wide,Bearish,Below CPR,False,False,0.75,60,201039036.5,Overlapping,True,Risk Off,False,41.692857142857136,1044.442,1070.8025,0.22465878590600488,0.9598183440358857,True,True,No setup,Neutral,0,Not applicable,No directional setup; confirmation score not applicable.,Wide CPR,Wide Downside Watch,Watch,Wide CPR + close below CPR; trend opposes; participation light,0,0,0,0
2026-09-11,2026-09-11,CM,NSE,STK,13121,INE202H01019,KERNEX,EQ,,,,,KERNEX MICROSYS(I) LTD,1709.2,1750.0,1673.1,1732.1,1738.0,1709.5,,1732.21,,,144751,247573166.6,12435,F1,1,,,,,,Cash Only,Unclassified,False,1718.3999999999999,1711.55,1725.2499999999998,1725.2499999999998,1711.55,13.699999999999818,0.7909474048842341,Wide,Bullish,Above CPR,False,False,0.4166666666666667,60,424192687.9,Overlapping,True,Risk Off,False,94.1928571428572,2060.874,1878.015,0.145446272844466,0.5836337439611015,False,False,No setup,Neutral,0,Not applicable,No directional setup; confirmation score not applicable.,Wide CPR,Wide Upside Watch,Watch,Wide CPR + close above CPR; trend opposes; participation light,0,0,0,0
2026-09-11,2026-09-11,CM,NSE,STK,11435,INE572J01011,SPANDANA,EQ,,,,,SPANDANA SPHOORTY FIN LTD,230.0,236.79,228.37,235.37,235.85,232.17,,235.37,,,102898,23981712.77,3230,F1,1,,,,,,Cash Only,Unclassified,False,233.51,232.57999999999998,234.44,234.44,232.57999999999998,1.8600000000000136,0.7902451459404399,Wide,Bullish,Above CPR,False,False,0.75,60,50534119.125,Higher,True,Risk Off,False,6.025714285714282,262.0086,257.8789,0.3086770981507848,0.47456477297406535,False,False,No setup,Neutral,0,Not applicable,No directional setup; confirmation score not applicable.,Wide CPR,Wide Upside Watch,Watch,Wide CPR + close above CPR; trend opposes; participation light,0,0,0,0
2026-09-11,2026-09-11,CM,NSE,STK,23740,INE673O01025,TBOTEK,EQ,,,,,TBO TEK LIMITED,1671.0,1687.0,1632.2,1679.5,1680.8,1671.6,,1679.43,,,128318,213924437.1,27058,F1,1,,,,,,Cash Only,Consumer Services,True,1666.2333333333333,1659.6,1672.8666666666668,1672.8666666666668,1659.6,13.266666666666879,0.7899176342165453,Wide,Bullish,Above CPR,False,False,0.8,60,214908380.95,Lower,True,Risk Off,False,55.47857142857146,1597.8319999999999,1445.9090000000003,0.23913136775246066,0.9954215659452159,True,True,No setup,Neutral,0,Not applicable,No directional setup; confirmation score not applicable.,Wide CPR,Wide Upside Watch,Watch,Wide CPR + close above CPR; trend aligned; participation light,0,0,0,0
2026-09-11,2026-09-11,CM,NSE,STK,30244,INE415D01024,BHARATSE,EQ,,,,,BHARAT SEATS LIMITED,215.0,218.59,211.2,217.47,218.3,217.08,,217.44,,,128822,27588586.73,2604,F1,1,,,,,,Cash Only,Unclassified,False,215.75333333333333,214.89499999999998,216.61166666666668,216.61166666666668,214.89499999999998,1.716666666666697,0.7893809107769792,Wide,Bullish,Above CPR,False,False,0.5166666666666667,60,54420005.815,Lower,True,Risk Off,False,8.527857142857144,227.48860000000002,208.12420000000003,0.20130105815674473,0.5069567030879598,False,True,No setup,Neutral,0,Not applicable,No directional setup; confirmation score not applicable.,Wide CPR,Wide Upside Watch,Watch,Wide CPR + close above CPR; trend mixed; participation light,0,0,0,0
2026-09-11,2026-09-11,CM,NSE,STK,14813,INE102I01027,ADSL,EQ,,,,,ALLIED DIGITAL SERV. LTD,98.38,101.0,97.05,100.21,100.75,98.54,,100.18,,,98156,9729108.79,1844,F1,1,,,,,,Cash Only,Unclassified,False,99.42,99.025,99.815,99.815,99.025,0.789999999999992,0.788344476599134,Wide,Bullish,Above CPR,False,False,0.8833333333333333,60,11887410.405,Overlapping,True,Risk Off,False,3.067142857142855,112.6056,117.8087,0.2575687005123404,0.8184380330561994,False,False,No setup,Neutral,0,Not applicable,No directional setup; confirmation score not applicable.,Wide CPR,Wide Upside Watch,Watch,Wide CPR + close above CPR; trend opposes; participation light,0,0,0,0
2026-09-11,2026-09-11,CM,NSE,STK,5401,INE236Y01012,NGIL,EQ,,,,,NAKODA GROUP OF IND. LTD,34.21,34.7,32.93,33.42,33.57,34.68,,33.42,,,13638,455454.04,152,F1,1,,,,,,Cash Only,Unclassified,False,33.68333333333333,33.815,33.55166666666666,33.815,33.55166666666666,0.2633333333333354,0.7879513265509737,Wide,Bearish,Below CPR,False,False,0.5333333333333333,60,836769.87,Lower,True,Risk Off,False,2.454285714285714,34.92359999999999,30.609899999999996,0.10729530461777345,0.5443002387263298,False,True,No setup,Neutral,0,Not applicable,No directional setup; confirmation score not applicable.,Wide CPR,Wide Downside Watch,Watch,Wide CPR + close below CPR; trend mixed; participation light,0,0,0,0
2026-09-11,2026-09-11,CM,NSE,STK,14180,INE0NNS01018,NSLNISP,EQ,,,,,NMDC STEEL LIMITED,43.36,43.83,42.46,43.66,43.76,43.86,,43.66,,,3568740,154086654.2,14113,F1,1,,,,,,Cash Only,Metals & Mining,True,43.31666666666666,43.144999999999996,43.48833333333333,43.48833333333333,43.144999999999996,0.3433333333333337,0.7863795999389229,Wide,Bullish,Above CPR,False,False,0.85,60,158078864.125,Lower,True,Risk Off,False,2.0242857142857145,43.38179999999999,44.2283,0.16960715125852757,0.9747454541307736,True,False,No setup,Neutral,0,Not applicable,No directional setup; confirmation score not applicable.,Wide CPR,Wide Upside Watch,Watch,Wide CPR + close above CPR; trend mixed; participation light,0,0,0,0
2026-09-11,2026-09-11,CM,NSE,STK,27008,INE750M01017,HEXATRADEX,EQ,,,,,HEXA TRADEX LIMITED,156.88,159.99,155.3,155.81,157.0,156.88,,155.81,,,765,119399.75,43,F1,1,,,,,,Cash Only,Unclassified,False,157.03333333333333,157.645,156.42166666666665,157.645,156.42166666666665,1.2233333333333576,0.7851442996812513,Wide,Bearish,Below CPR,False,False,0.8166666666666667,60,317632.865,Outside,True,Risk Off,False,4.240714285714284,158.5988,161.2433,0.28847341530515436,0.3759048988838104,False,False,No setup,Neutral,0,Not applicable,No directional setup; confirmation score not applicable.,Wide CPR,Wide Downside Watch,Watch,Wide CPR + close below CPR; trend aligned; participation light,0,0,0,0
2026-09-11,2026-09-11,CM,NSE,STK,15391,INE084Q01012,RACE,EQ,,,,,RACE ECO CHAIN LIMITED,96.0,99.9,94.03,98.12,99.9,96.43,,98.12,,,3194,310064.25,87,F1,1,,,,,,Cash Only,Unclassified,False,97.35000000000001,96.965,97.73500000000001,97.73500000000001,96.965,0.7700000000000102,0.7847533632287099,Wide,Bullish,Above CPR,False,False,0.48333333333333334,60,678081.345,Overlapping,True,Risk Off,False,3.9392857142857145,107.53199999999998,108.3273,0.1954669084315529,0.45726704072650753,False,False,No setup,Neutral,0,Not applicable,No directional setup; confirmation score not applicable.,Wide CPR,Wide Upside Watch,Watch,Wide CPR + close above CPR; trend opposes; participation light,0,0,0,0
2026-09-11,2026-09-11,CM,NSE,STK,8614,INE803D01021,INDOBORAX,EQ,,,,,INDO BORAX & CHEMICAL LTD,481.0,492.45,465.25,484.55,484.5,483.45,,484.51,,,125334,60132834.0,7024,F1,1,,,,,,Cash Only,Unclassified,False,480.75,478.85,482.65,482.65,478.85,3.7999999999999545,0.7842327933133741,Wide,Bullish,Above CPR,False,False,0.6,60,107866725.32499999,Lower,True,Risk Off,False,25.975,450.925,387.6308,0.1462945139557249,0.5574734360278496,True,True,No setup,Neutral,0,Not applicable,No directional setup; confirmation score not applicable.,Wide CPR,Wide Upside Watch,Watch,Wide CPR + close above CPR; trend aligned; participation light,0,0,0,0
2026-09-11,2026-09-11,CM,NSE,STK,764643,INE084D01010,CGVAK,EQ,,,,,C G V A K SOFTWARE & EX L,150.99,150.99,144.1,145.83,148.7,146.25,,145.31,,,1819,268133.63,99,F1,1,,,,,,Cash Only,Unclassified,False,146.97333333333336,147.54500000000002,146.4016666666667,147.54500000000002,146.4016666666667,1.1433333333333167,0.7840179204095978,Wide,Bearish,Below CPR,False,False,0.5,20,277079.86,Higher,True,Risk Off,False,7.567857142857144,,,0.15107755230454395,0.9677124493999673,False,False,No setup,Neutral,0,Not applicable,No directional setup; confirmation score not applicable.,Wide CPR,Wide Downside Watch,Watch,Wide CPR + close below CPR; trend aligned; participation light,0,0,0,0
2026-09-11,2026-09-11,CM,NSE,STK,10588,INE712K01011,SHREEPUSHK,EQ,,,,,SHRE PUSH CHEM & FERT LTD,495.55,506.45,478.8,486.9,487.5,491.6,,486.73,,,157309,77433334.45,5683,F1,1,,,,,,Cash Only,Unclassified,False,490.7166666666667,492.625,488.8083333333334,492.625,488.8083333333334,3.816666666666606,0.7838707469021577,Wide,Bearish,Below CPR,False,False,0.6166666666666667,60,18328783.025,Lower,True,Risk Off,False,28.3392857142857,423.805,400.47549999999995,0.13467758874185887,4.224684985597946,True,True,No setup,Neutral,0,Not applicable,No directional setup; confirmation score not applicable.,Wide CPR,Wide Downside Watch,Watch,Wide CPR + close below CPR; trend opposes; participation confirmed,0,0,0,0
2026-09-11,2026-09-11,CM,NSE,STK,759934,INE04VU01023,STYL,EQ,,,,,SESHAASAI TECHNOLOGIES L,379.95,391.55,374.15,387.4,390.45,385.9,,387.39,,,124133,47494344.15,3476,F1,1,,,,,,Cash Only,Unclassified,False,384.3666666666666,382.85,385.8833333333332,385.8833333333332,382.85,3.0333333333331893,0.7829977628634975,Wide,Bullish,Above CPR,False,False,0.5833333333333334,60,53786479.7,Lower,True,Risk Off,False,16.907142857142848,382.324,327.30170000000004,0.1794113505140037,0.8830164088615748,True,True,No setup,Neutral,0,Not applicable,No directional setup; confirmation score not applicable.,Wide CPR,Wide Upside Watch,Watch,Wide CPR + close above CPR; trend aligned; participation light,0,0,0,0
2026-09-11,2026-09-11,CM,NSE,STK,764203,INE536P01021,CPL,EQ,,,,,CAPTAIN POLYPLAST LIMITED,66.39,66.39,64.71,64.79,64.75,66.38,,64.79,,,117444,7632783.53,319,F1,1,,,,,,Cash Only,Unclassified,False,65.29666666666667,65.55,65.04333333333334,65.55,65.04333333333334,0.5066666666666606,0.7820136852394823,Wide,Bearish,Below CPR,False,False,0.7297297297297297,37,7819809.04,Lower,True,Risk Off,False,2.5985714285714296,,,0.1949789261498968,0.976083110336413,False,False,No setup,Neutral,0,Not applicable,No directional setup; confirmation score not applicable.,Wide CPR,Wide Downside Watch,Watch,Wide CPR + close below CPR; trend aligned; participation light,0,0,0,0
2026-09-11,2026-09-11,CM,NSE,STK,14440,INE290A01027,NAHARSPING,EQ,,,,,NAHAR SPINNING MILLS LTD.,267.0,275.0,264.8,273.1,272.3,270.8,,273.15,,,22807,6158548.65,1042,F1,1,,,,,,Cash Only,Unclassified,False,270.96666666666664,269.9,272.0333333333333,272.0333333333333,269.9,2.1333333333333258,0.7811546442084678,Wide,Bullish,Above CPR,False,False,0.65,60,8234348.18,Overlapping,True,Risk Off,False,10.107142857142861,269.2918,228.25599999999997,0.21107184923439257,0.7479096724326273,True,True,No setup,Neutral,0,Not applicable,No directional setup; confirmation score not applicable.,Wide CPR,Wide Upside Watch,Watch,Wide CPR + close above CPR; trend aligned; participation light,0,0,0,0
2026-09-11,2026-09-11,CM,NSE,STK,13592,INE596H01014,HGM,EQ,,,,,HANDSON GBL MNGMNT LTD,48.62,50.0,48.5,48.68,48.5,49.57,,48.68,,,7531,370699.73,58,F1,1,,,,,,Cash Only,Unclassified,False,49.06,49.25,48.870000000000005,49.25,48.870000000000005,0.37999999999999545,0.7806080525883227,Wide,Bearish,Below CPR,False,False,0.65,60,167779.18,Lower,True,Risk Off,False,3.7214285714285724,48.4226,52.48,0.10211132437619837,2.209450123668503,True,False,No setup,Neutral,0,Not applicable,No directional setup; confirmation score not applicable.,Wide CPR,Wide Downside Watch,Watch,Wide CPR + close below CPR; trend mixed; participation confirmed,0,0,0,0
2026-09-11,2026-09-11,CM,NSE,STK,11271,INE506A01018,DREDGECORP,EQ,,,,,DREDGING CORP OF INDIA,1025.5,1046.0,1009.1,1039.7,1044.0,1030.7,,1039.71,,,59951,61729015.0,6259,F1,1,,,,,,Cash Only,Unclassified,False,1031.6000000000001,1027.55,1035.6500000000003,1035.6500000000003,1027.55,8.100000000000364,0.7790708858324866,Wide,Bullish,Above CPR,False,False,0.6333333333333333,60,115202275.9,Overlapping,True,Risk Off,False,36.44285714285713,1074.48,1064.198,0.22226577812623508,0.5358315581680274,False,False,No setup,Neutral,0,Not applicable,No directional setup; confirmation score not applicable.,Wide CPR,Wide Upside Watch,Watch,Wide CPR + close above CPR; trend opposes; participation light,0,-2,0,-2
2026-09-11,2026-09-11,CM,NSE,STK,357,INE298J01013,NAM-INDIA,EQ,,,,,NIPPON L I A M LTD,1169.0,1192.0,1159.4,1189.6,1189.6,1185.0,,1189.62,,,776467,913339486.7,53666,F1,1,,,,,,F&O + Cash,Financial Services,True,1180.3333333333333,1175.7,1184.9666666666665,1184.9666666666665,1175.7,9.266666666666424,0.7789733243667136,Wide,Bullish,Above CPR,False,False,0.75,60,969786543.8499999,Overlapping,True,Risk Off,False,32.75,1184.138,1141.117,0.28295165394401295,0.9417943489647649,True,True,No setup,Neutral,0,Not applicable,No directional setup; confirmation score not applicable.,Wide CPR,Wide Upside Watch,Watch,Wide CPR + close above CPR; trend aligned; participation light,0,0,0,0
2026-09-11,2026-09-11,CM,NSE,STK,29598,INE612J01015,REPCOHOME,EQ,,,,,REPCO HOME FINANCE LTD,350.05,361.95,348.85,359.6,361.9,353.8,,359.62,,,106122,37725315.0,3996,F1,1,,,,,,Cash Only,Unclassified,False,356.8,355.4,358.20000000000005,358.20000000000005,355.4,2.800000000000068,0.7786429365962368,Wide,Bullish,Above CPR,False,False,0.8333333333333334,60,32338819.200000003,Overlapping,True,Risk Off,False,8.939285714285713,379.58299999999997,387.85400000000004,0.31322413104275637,1.1665643932973284,False,False,No setup,Neutral,0,Not applicable,No directional setup; confirmation score not applicable.,Wide CPR,Wide Upside Watch,Watch,Wide CPR + close above CPR; trend opposes; participation confirmed,0,0,0,0
2026-09-11,2026-09-11,CM,NSE,STK,17357,INE528A01020,GKWLIMITED,EQ,,,,,GKW LIMITED,1540.8,1591.8,1540.8,1584.8,1584.8,1556.3,,1584.8,,,248,391208.7,27,F1,1,,,,,,Cash Only,Unclassified,False,1572.4666666666665,1566.3,1578.633333333333,1578.633333333333,1566.3,12.33333333333303,0.7782264849402467,Wide,Bullish,Above CPR,False,False,0.8166666666666667,60,539027.45,Higher,True,Risk Off,False,52.35000000000004,1637.9,1681.257,0.23559375994905485,0.7257676765812205,False,False,No setup,Neutral,0,Not applicable,No directional setup; confirmation score not applicable.,Wide CPR,Wide Upside Watch,Watch,Wide CPR + close above CPR; trend opposes; participation light,0,0,0,0
2026-09-11,2026-09-11,CM,NSE,STK,18268,INE024001021,AEROFLEX,EQ,,,,,AEROFLEX INDUSTRIES LTD,560.0,569.5,545.25,563.95,565.0,564.2,,563.94,,,1042637,583016683.25,29483,F1,1,,,,,,Cash Only,Unclassified,False,559.5666666666667,557.375,561.7583333333334,561.7583333333334,557.375,4.383333333333439,0.7772556668735595,Wide,Bullish,Above CPR,False,False,0.55,60,586377030.425,Overlapping,True,Risk Off,False,27.714285714285733,466.786,436.2105,0.15816151202749512,0.9942693062643255,True,True,No setup,Neutral,0,Not applicable,No directional setup; confirmation score not applicable.,Wide CPR,Wide Upside Watch,Watch,Wide CPR + close above CPR; trend aligned; participation light,0,0,0,0
2026-09-11,2026-09-11,CM,NSE,STK,2048,INE09VQ01012,INDIGOPNTS,EQ,,,,,INDIGO PAINTS LIMITED,1075.0,1094.0,1059.3,1089.3,1083.6,1077.8,,1089.31,,,55830,60118638.7,9253,F1,1,,,,,,Cash Only,Unclassified,False,1080.8666666666668,1076.65,1085.0833333333335,1085.0833333333335,1076.65,8.433333333333394,0.7741974968634346,Wide,Bullish,Above CPR,False,False,0.75,60,65929204.875,Overlapping,True,Risk Off,False,38.571428571428555,1110.952,1039.458,0.21864197530864363,0.9118665819492792,False,True,No setup,Neutral,0,Not applicable,No directional setup; confirmation score not applicable.,Wide CPR,Wide Upside Watch,Watch,Wide CPR + close above CPR; trend mixed; participation light,0,0,0,0
2026-09-11,2026-09-11,CM,NSE,STK,8024,INE039B01026,CINEVISTA,EQ,,,,,CINEVISTA LIMITED,14.06,14.73,14.06,14.23,14.69,14.36,,14.67,,,10771,152903.28,137,F1,1,,,,,,Cash Only,Unclassified,False,14.339999999999998,14.395,14.284999999999997,14.395,14.284999999999997,0.11000000000000298,0.7730147575544833,Wide,Bearish,Below CPR,False,False,0.6,60,169093.14500000002,Lower,True,Risk Off,False,0.7285714285714286,14.826999999999998,15.321499999999999,0.15098039215686682,0.9042547526098706,False,False,No setup,Neutral,0,Not applicable,No directional setup; confirmation score not applicable.,Wide CPR,Wide Downside Watch,Watch,Wide CPR + close below CPR; trend aligned; participation light,0,0,0,0
2026-09-11,2026-09-11,CM,NSE,STK,765291,INE1EEM01017,BLEL,EQ,,,,,BEHARI LAL ENGINEERING L,437.95,445.05,429.0,442.15,444.45,441.6,,442.2,,,733830,321384814.7,17557,F1,1,,,,,,Cash Only,Unclassified,False,438.7333333333333,437.025,440.4416666666666,440.4416666666666,437.025,3.4166666666666288,0.7727392664631073,Wide,Bullish,Above CPR,False,False,0.5,18,1046392477.05,Lower,False,Risk Off,False,24.646428571428572,,,0.13862725208906768,0.3071360142095548,False,False,No setup,Neutral,0,Not applicable,No directional setup; confirmation score not applicable.,Wide CPR,Wide Upside Watch,Watch,Wide CPR + close above CPR; trend opposes; participation light,0,0,0,0
2026-09-11,2026-09-11,CM,NSE,STK,764798,INE920C01017,NTCIND,EQ,,,,,N T C INDUSTRIES LTD.,136.7,136.7,130.01,134.91,136.45,131.7,,134.83,,,596,79565.76,45,F1,1,,,,,,Cash Only,Unclassified,False,133.87333333333333,133.355,134.39166666666668,134.39166666666668,133.355,1.0366666666666902,0.7684135102414129,Wide,Bullish,Above CPR,False,False,0.65,20,312692.41500000004,Overlapping,True,Risk Off,False,7.971428571428572,,,0.130047789725212,0.2544537576966809,False,False,No setup,Neutral,0,Not applicable,No directional setup; confirmation score not applicable.,Wide CPR,Wide Upside Watch,Watch,Wide CPR + close above CPR; trend opposes; participation light,0,0,0,0
2026-09-11,2026-09-11,CM,NSE,STK,29171,INE0WO601020,LAXMIDENTL,EQ,,,,,LAXMI DENTAL LIMITED,201.15,204.0,197.01,202.84,204.0,202.56,,202.82,,,52887,10630080.74,1435,F1,1,,,,,,Cash Only,Unclassified,False,201.28333333333333,200.505,202.06166666666667,202.06166666666667,200.505,1.556666666666672,0.7674357457437744,Wide,Bullish,Above CPR,False,False,0.8333333333333334,60,19416279.855,Lower,True,Risk Off,False,5.5228571428571405,209.27919999999997,213.7518,0.28185894119675914,0.5474828761938444,False,False,No setup,Neutral,0,Not applicable,No directional setup; confirmation score not applicable.,Wide CPR,Wide Upside Watch,Watch,Wide CPR + close above CPR; trend opposes; participation light,0,0,0,0
2026-09-11,2026-09-11,CM,NSE,STK,7679,INE903D01011,MONARCH,EQ,,,,,MONARCH NETWORTH CAP LTD,370.0,376.0,363.3,373.95,375.6,370.95,,373.94,,,125966,46526574.75,1876,F1,1,,,,,,Cash Only,Unclassified,False,371.0833333333333,369.65,372.51666666666665,372.51666666666665,369.65,2.8666666666666742,0.7665908989615388,Wide,Bullish,Above CPR,False,False,0.8166666666666667,60,34673431.325,Overlapping,True,Risk Off,False,11.757142857142858,375.56200000000007,350.05080000000004,0.24382341028756643,1.3418508919379353,False,True,No setup,Neutral,0,Not applicable,No directional setup; confirmation score not applicable.,Wide CPR,Wide Upside Watch,Watch,Wide CPR + close above CPR; trend mixed; participation confirmed,0,0,0,0
2026-09-11,2026-09-11,CM,NSE,STK,6718,INE806T01020,SAPPHIRE,EQ,,,,,SAPPHIRE FOODS INDIA LTD,222.5,226.98,219.31,225.74,223.98,224.11,,225.73,,,581886,130433259.85,21164,F1,1,,,,,,Cash Only,Consumer Services,True,224.01,223.14499999999998,224.875,224.875,223.14499999999998,1.7300000000000182,0.7663683884114548,Wide,Bullish,Above CPR,False,False,0.7166666666666667,60,148842579.825,Lower,True,Risk Off,False,9.44428571428571,210.66420000000002,195.9905,0.18317954923612362,0.8763168443019158,True,True,No setup,Neutral,0,Not applicable,No directional setup; confirmation score not applicable.,Wide CPR,Wide Upside Watch,Watch,Wide CPR + close above CPR; trend aligned; participation light,0,0,0,0
2026-09-11,2026-09-11,CM,NSE,STK,14771,INE924H01018,TARMAT,EQ,,,,,TARMAT LIMITED,60.5,61.99,58.58,59.6,59.25,60.66,,59.6,,,30543,1829215.69,1394,F1,1,,,,,,Cash Only,Unclassified,False,60.056666666666665,60.285,59.82833333333333,60.285,59.82833333333333,0.45666666666666345,0.7662192393735964,Wide,Bearish,Below CPR,False,False,0.4666666666666667,60,960410.575,Lower,True,Risk Off,False,4.771428571428573,53.86,53.746,0.09570858283433063,1.9046184388379939,True,True,No setup,Neutral,0,Not applicable,No directional setup; confirmation score not applicable.,Wide CPR,Wide Downside Watch,Watch,Wide CPR + close below CPR; trend opposes; participation confirmed,0,0,0,0
2026-09-11,2026-09-11,CM,NSE,STK,29459,INE935B01025,MOSCHIP,EQ,,,,,MOSCHIP TECHNOLOGIES LTD,206.7,211.75,204.0,210.29,210.35,206.69,,210.28,,,1607823,334096043.77,21161,F1,1,,,,,,Cash Only,Unclassified,False,208.67999999999998,207.875,209.48499999999996,209.48499999999996,207.875,1.6099999999999568,0.7656093965476042,Wide,Bullish,Above CPR,False,False,0.7166666666666667,60,360535023.23,Overlapping,True,Risk Off,False,6.926428571428569,217.9506,214.0329,0.23244302361554506,0.9266673755488838,False,False,No setup,Neutral,0,Not applicable,No directional setup; confirmation score not applicable.,Wide CPR,Wide Upside Watch,Watch,Wide CPR + close above CPR; trend opposes; participation light,0,0,0,0
2026-09-11,2026-09-11,CM,NSE,STK,3063,INE205A01025,VEDL,EQ,,,,,VEDANTA LIMITED,264.0,264.85,256.5,263.7,263.7,269.05,,263.71,,,11843976,3105573973.0,89219,F1,1,,,,,,F&O + Cash,Metals & Mining,True,261.68333333333334,260.675,262.69166666666666,262.69166666666666,260.675,2.0166666666666515,0.7647579319934211,Wide,Bullish,Above CPR,False,False,0.7666666666666667,60,3024485942.3999996,Lower,True,Risk Off,False,8.12142857142857,270.445,316.42100000000005,0.24831427733802222,1.0268105166115122,False,False,No setup,Neutral,0,Not applicable,No directional setup; confirmation score not applicable.,Wide CPR,Wide Upside Watch,Watch,Wide CPR + close above CPR; trend opposes; participation confirmed,0,-2,0,-2
2026-09-11,2026-09-11,CM,NSE,STK,764480,INE0XNF01022,ARDEE,EQ,,,,,ARDEE INDUSTRIES LIMITED,52.0,52.5,50.48,50.91,50.99,52.62,,50.91,,,4081585,208998143.89,17391,F1,1,,,,,,Cash Only,Unclassified,False,51.29666666666666,51.489999999999995,51.103333333333325,51.489999999999995,51.103333333333325,0.38666666666667027,0.7595102468408373,Wide,Bearish,Below CPR,False,False,0.34782608695652173,23,301988567.15,Lower,True,Risk Off,False,2.8357142857142867,,,0.13635600335852346,0.6920730339641933,False,False,No setup,Neutral,0,Not applicable,No directional setup; confirmation score not applicable.,Wide CPR,Wide Downside Watch,Watch,Wide CPR + close below CPR; trend aligned; participation light,0,0,0,0
2026-09-11,2026-09-11,CM,NSE,STK,764995,INE380K01017,VIVOBIOT,EQ,,,,,VIVO BIO TECH LTD.,17.0,17.37,16.5,17.13,17.37,16.99,,17.03,,,33194,553164.07,159,F1,1,,,,,,Cash Only,Unclassified,False,17.0,16.935000000000002,17.064999999999998,17.064999999999998,16.935000000000002,0.12999999999999545,0.7589025102159688,Wide,Bullish,Above CPR,False,False,0.5,20,289967.91500000004,Lower,True,Risk Off,False,1.1649999999999996,,,0.11158798283261416,1.9076733713797263,False,False,No setup,Neutral,0,Not applicable,No directional setup; confirmation score not applicable.,Wide CPR,Wide Upside Watch,Watch,Wide CPR + close above CPR; trend opposes; participation confirmed,0,0,0,0
2026-09-11,2026-09-11,CM,NSE,STK,19877,INE919I01024,RADIOCITY,EQ,,,,,MUSIC BROADCAST LIMITED,6.34,6.34,6.1,6.15,6.11,6.21,,6.15,,,17731,109887.35,137,F1,1,,,,,,Cash Only,Unclassified,False,6.196666666666666,6.22,6.173333333333333,6.22,6.173333333333333,0.046666666666666856,0.7588075880758838,Wide,Bearish,Below CPR,False,False,0.5833333333333334,60,277087.645,Lower,True,Risk Off,False,0.3592857142857144,6.4346000000000005,6.189499999999999,0.12988734261100116,0.3965797536732466,False,False,No setup,Neutral,0,Not applicable,No directional setup; confirmation score not applicable.,Wide CPR,Wide Downside Watch,Watch,Wide CPR + close below CPR; trend aligned; participation light,0,0,0,0
2026-09-11,2026-09-11,CM,NSE,STK,11796,INE05X901010,HPIL,EQ,,,,,HINDPRAKASH INDUSTRY LTD,120.1,124.89,120.04,123.87,123.87,120.03,,124.02,,,278,34574.24,16,F1,1,,,,,,Cash Only,Unclassified,False,122.93333333333334,122.465,123.40166666666667,123.40166666666667,122.465,0.9366666666666674,0.7561691020155545,Wide,Bullish,Above CPR,False,False,0.6,60,89082.75,Higher,True,Risk Off,False,5.342142857142855,125.03839999999998,128.1693,0.17533538351829586,0.38811374817234534,False,False,No setup,Neutral,0,Not applicable,No directional setup; confirmation score not applicable.,Wide CPR,Wide Upside Watch,Watch,Wide CPR + close above CPR; trend opposes; participation light,0,0,0,0
2026-09-11,2026-09-11,CM,NSE,STK,14198,INE325A01013,TIMKEN,EQ,,,,,TIMKEN INDIA LTD.,3297.2,3319.8,3210.1,3302.4,3302.2,3297.2,,3302.3,,,43706,142768170.8,12661,F1,1,,,,,,Cash Only,Capital Goods,True,3277.433333333333,3264.95,3289.916666666666,3289.916666666666,3264.95,24.966666666666242,0.7560158268733721,Wide,Bullish,Above CPR,False,False,0.8333333333333334,60,114052930.8,Overlapping,True,Risk Off,False,83.73571428571434,3185.4,3376.157,0.2981603116380851,1.251771171495402,True,False,No setup,Neutral,0,Not applicable,No directional setup; confirmation score not applicable.,Wide CPR,Wide Upside Watch,Watch,Wide CPR + close above CPR; trend mixed; participation confirmed,0,0,0,0
2026-09-11,2026-09-11,CM,NSE,STK,24742,INE0AG901020,CEIGALL,EQ,,,,,CEIGALL INDIA LIMITED,376.3,383.0,369.2,380.4,381.6,379.1,,380.38,,,266487,100061528.3,6126,F1,1,,,,,,Cash Only,Unclassified,False,377.5333333333333,376.1,378.9666666666666,378.9666666666666,376.1,2.8666666666665606,0.7535927094286438,Wide,Bullish,Above CPR,False,False,0.7166666666666667,60,146578927.77499998,Lower,True,Risk Off,False,13.417857142857136,342.35200000000003,349.336,0.21364563925116778,0.6826460652897897,True,True,No setup,Neutral,0,Not applicable,No directional setup; confirmation score not applicable.,Wide CPR,Wide Upside Watch,Watch,Wide CPR + close above CPR; trend aligned; participation light,0,0,0,0
2026-09-11,2026-09-11,CM,NSE,STK,17839,INE047B01011,GILLANDERS,EQ,,,,,GILLANDERS ARBUTHNOT LTD,102.0,109.5,100.0,103.58,104.49,102.37,,103.58,,,16966,1748791.19,112,F1,1,,,,,,Cash Only,Unclassified,False,104.36,104.75,103.97,104.75,103.97,0.7800000000000011,0.7530411276308179,Wide,Bearish,Below CPR,False,False,0.7,60,282036.53500000003,Higher,True,Risk Off,False,5.762142857142857,93.96160000000002,93.38439999999999,0.13536630717738957,6.200583871164066,True,True,No setup,Neutral,0,Not applicable,No directional setup; confirmation score not applicable.,Wide CPR,Wide Downside Watch,Watch,Wide CPR + close below CPR; trend opposes; participation confirmed,0,0,0,0
2026-09-11,2026-09-11,CM,NSE,STK,23142,INE772T01024,PVSL,EQ,,,,,POPULAR VEHICLES N SER L,98.52,102.31,98.01,101.3,102.0,100.53,,101.19,,,28536,2857653.3,802,F1,1,,,,,,Cash Only,Unclassified,False,100.54,100.16,100.92000000000002,100.92000000000002,100.16,0.7600000000000193,0.7502467917078177,Wide,Bullish,Above CPR,False,False,0.6166666666666667,60,3059757.03,Outside,True,Risk Off,False,4.691428571428574,105.19359999999999,102.45290000000001,0.16199756394641085,0.9339477847363586,False,False,No setup,Neutral,0,Not applicable,No directional setup; confirmation score not applicable.,Wide CPR,Wide Upside Watch,Watch,Wide CPR + close above CPR; trend opposes; participation light,0,0,0,0
