TradDt,BizDt,Sgmt,Src,FinInstrmTp,FinInstrmId,ISIN,SYMBOL,SERIES,XpryDt,FininstrmActlXpryDt,StrkPric,OptnTp,NAME,OPEN,HIGH,LOW,CLOSE,LAST,PREVCLOSE,UndrlygPric,SttlmPric,OpnIntrst,ChngInOpnIntrst,VOLUME,VALUE,TtlNbOfTxsExctd,SsnId,NewBrdLotQty,Rmks,Rsvd1,Rsvd2,Rsvd3,Rsvd4,Segment,Industry,Nifty500,Pivot,BC,TC,CPR_Top,CPR_Bottom,CPR_Width,CPR_Width_Pct,CPR_Class,Bias,Price_Position,Bullish_CPR,Bearish_CPR,Width_Rank_Pct,History_Days,Value_60d,Overlay,History_OK,Regime,Own_Narrow,ATR14,SMA50,SMA100,Width_ATR,Value_Ratio,Above_SMA50,Above_SMA100,Setup,Signal_Direction,Signal_Score,Signal_Grade,Signal_Explanation,Strategy_Type,Strategy_Setup,Strategy_Confirmation,Strategy_Explanation,Daily_Signal,Weekly_Signal,Monthly_Signal,Confluence_Score
2026-09-24,2026-09-24,CM,NSE,STK,762538,INE701G01012,AKCAPIT,EQ,,,,,A K CAPITAL SERVICES LTD.,1746.2,1760.0,1698.2,1729.2,1753.0,1753.9,,1736.07,,,1647,2862962.9,248,F1,1,,,,,,Cash Only,Unclassified,False,1729.1333333333332,1729.1,1729.1666666666665,1729.1666666666665,1729.1,0.06666666666660603,0.0038553473667942424,Narrow,Bullish,Above CPR,True,False,0.016666666666666666,60,3255024.35,Lower,True,Risk Off,True,53.42857142857143,1736.99,1716.991,0.0012477718360059953,0.879551914872772,False,True,No setup,Neutral,0,Not applicable,No directional setup; confirmation score not applicable.,Narrow CPR,Not applicable,Not applicable,Narrow CPR; Wide CPR rules not applied,0,0,0,0
2026-09-24,2026-09-24,CM,NSE,STK,11072,INE449G01018,AGRITECH,EQ,,,,,AGRI-TECH (INDIA) LIMITED,93.0,98.5,93.0,95.76,96.0,97.83,,95.78,,,2897,278844.51,135,F1,1,,,,,,Cash Only,Unclassified,False,95.75333333333333,95.75,95.75666666666666,95.75666666666666,95.75,0.006666666666660603,0.006961849067105893,Narrow,Bullish,Above CPR,True,False,0.016666666666666666,60,301062.53500000003,Lower,True,Risk Off,True,4.450000000000002,105.72219999999999,113.14059999999999,0.0014981273408226068,0.9262012956876218,False,False,No setup,Neutral,0,Not applicable,No directional setup; confirmation score not applicable.,Narrow CPR,Not applicable,Not applicable,Narrow CPR; Wide CPR rules not applied,0,0,0,0
2026-09-24,2026-09-24,CM,NSE,STK,19410,INE02A801020,ROSSARI,EQ,,,,,ROSSARI BIOTECH LIMITED,451.3,451.4,441.5,446.5,445.0,454.8,,446.44,,,46736,20863111.5,4013,F1,1,,,,,,Cash Only,Unclassified,False,446.4666666666667,446.45,446.4833333333334,446.4833333333334,446.45,0.033333333333416704,0.00746547219113476,Narrow,Bullish,Above CPR,True,False,0.03333333333333333,60,29228227.1,Lower,True,Risk Off,True,12.364285714285709,487.639,504.99949999999995,0.0026959368380579667,0.7138001025043356,False,False,No setup,Neutral,0,Not applicable,No directional setup; confirmation score not applicable.,Narrow CPR,Not applicable,Not applicable,Narrow CPR; Wide CPR rules not applied,0,0,0,0
2026-09-24,2026-09-24,CM,NSE,STK,7325,INE843D01027,DCMSRIND,EQ,,,,,DCM SHRIRAM IND LTD,38.0,38.2,37.55,37.88,37.99,38.01,,37.88,,,63506,2401902.26,812,F1,1,,,,,,Cash Only,Unclassified,False,37.876666666666665,37.875,37.87833333333333,37.87833333333333,37.875,0.0033333333333303017,0.008799718409002908,Narrow,Bullish,Above CPR,True,False,0.03333333333333333,60,8619161.524999999,Lower,True,Risk Off,True,1.8457142857142865,43.1194,41.6693,0.0018059855521139398,0.27867006007872674,False,False,No setup,Neutral,0,Not applicable,No directional setup; confirmation score not applicable.,Narrow CPR,Not applicable,Not applicable,Narrow CPR; Wide CPR rules not applied,0,0,0,0
2026-09-24,2026-09-24,CM,NSE,STK,3807,INE505Y01010,VINEETLAB,EQ,,,,,VINEET LABORATORIES LTD,35.75,35.75,34.1,34.93,35.0,34.82,,34.93,,,52687,1837152.56,571,F1,1,,,,,,Cash Only,Unclassified,False,34.92666666666667,34.925,34.92833333333334,34.92833333333334,34.925,0.0033333333333445125,0.009542895314470405,Narrow,Bullish,Above CPR,True,False,0.016666666666666666,60,2632370.69,Inside,True,Risk Off,True,1.822142857142857,36.4652,33.8109,0.0018293479681232136,0.6979079986641243,False,True,No setup,Neutral,0,Not applicable,No directional setup; confirmation score not applicable.,Narrow CPR,Not applicable,Not applicable,Narrow CPR; Wide CPR rules not applied,0,0,0,0
2026-09-24,2026-09-24,CM,NSE,STK,17839,INE047B01011,GILLANDERS,EQ,,,,,GILLANDERS ARBUTHNOT LTD,105.96,106.49,101.0,103.76,103.0,104.91,,103.44,,,2856,294509.63,93,F1,1,,,,,,Cash Only,Unclassified,False,103.75,103.745,103.755,103.755,103.745,0.009999999999990905,0.009637625289119992,Narrow,Bullish,Above CPR,True,False,0.03333333333333333,60,304136.655,Lower,True,Risk Off,True,5.2749999999999995,96.3368,94.32889999999999,0.001895734597154674,0.9683463836346855,True,True,No setup,Neutral,0,Not applicable,No directional setup; confirmation score not applicable.,Narrow CPR,Not applicable,Not applicable,Narrow CPR; Wide CPR rules not applied,0,0,0,0
2026-09-24,2026-09-24,CM,NSE,STK,1333,INE040A01034,HDFCBANK,EQ,,,,,HDFC BANK LTD,725.0,734.85,722.7,728.9,728.9,737.25,,729.17,,,29575194,21588697572.3,281991,F1,1,,,,,,F&O + Cash,Financial Services,True,728.8166666666667,728.7750000000001,728.8583333333333,728.8583333333333,728.7750000000001,0.08333333333325754,0.01143275254949342,Narrow,Bullish,Above CPR,True,False,0.06666666666666667,60,19622708578.35,Lower,True,Risk Off,True,13.471428571428557,731.602,755.2225,0.006185931424526017,1.1001894812889952,False,False,No setup,Neutral,0,Not applicable,No directional setup; confirmation score not applicable.,Narrow CPR,Not applicable,Not applicable,Narrow CPR; Wide CPR rules not applied,0,0,0,0
2026-09-24,2026-09-24,CM,NSE,STK,11829,INE802C01033,SSWL,EQ,,,,,STEEL STRIPS WHEELS LTD.,368.0,386.55,365.5,376.1,378.8,371.95,,376.23,,,1355247,514287459.65,43310,F1,1,,,,,,Cash Only,Unclassified,False,376.05,376.025,376.07500000000005,376.07500000000005,376.025,0.05000000000006821,0.013294336612621168,Narrow,Bullish,Above CPR,True,False,0.016666666666666666,60,227298516.43,Higher,True,Risk Off,True,20.25714285714286,321.3472,273.2944,0.0024682651622036493,2.2626080791353624,True,True,No setup,Neutral,0,Not applicable,No directional setup; confirmation score not applicable.,Narrow CPR,Not applicable,Not applicable,Narrow CPR; Wide CPR rules not applied,0,0,0,0
2026-09-24,2026-09-24,CM,NSE,STK,1808,INE217B01036,KAJARIACER,EQ,,,,,KAJARIA CERAMICS LTD,1214.0,1239.1,1204.0,1221.8,1221.4,1216.4,,1221.82,,,282539,345174742.3,30078,F1,1,,,,,,Cash Only,Consumer Durables,True,1221.6333333333332,1221.55,1221.7166666666665,1221.7166666666665,1221.55,0.16666666666651508,0.013641076008063111,Narrow,Bullish,Above CPR,True,False,0.05,60,209569027.5,Higher,True,Risk Off,True,27.600000000000023,1220.026,1174.887,0.006038647342989672,1.6470694473208833,True,True,No setup,Neutral,0,Not applicable,No directional setup; confirmation score not applicable.,Narrow CPR,Not applicable,Not applicable,Narrow CPR; Wide CPR rules not applied,0,0,0,0
2026-09-24,2026-09-24,CM,NSE,STK,6848,INE544R01021,GREENLAM,EQ,,,,,GREENLAM INDUSTRIES LTD.,227.83,228.88,225.02,227.0,226.0,227.83,,227.03,,,14418,3277773.62,833,F1,1,,,,,,Cash Only,Unclassified,False,226.96666666666667,226.95,226.98333333333335,226.98333333333335,226.95,0.03333333333335986,0.0146842878120528,Narrow,Bullish,Above CPR,True,False,0.05,60,15285656.99,Inside,True,Risk Off,True,6.54642857142857,246.1062,244.48739999999998,0.005091834879072975,0.21443459199328796,False,False,No setup,Neutral,0,Not applicable,No directional setup; confirmation score not applicable.,Narrow CPR,Not applicable,Not applicable,Narrow CPR; Wide CPR rules not applied,0,0,0,0
2026-09-24,2026-09-24,CM,NSE,STK,12978,INF277K010X4,NPBET,EQ,,,,,TATAAML - NPBET,276.9,280.37,276.9,278.7,278.7,284.0,,278.7,,,1961,546617.54,45,F1,1,,,,,,Cash Only,Unclassified,False,278.6566666666667,278.635,278.6783333333334,278.6783333333334,278.635,0.04333333333340761,0.015548379380483536,Narrow,Bullish,Above CPR,True,False,0.016666666666666666,60,164251.22,Lower,True,Risk Off,True,4.232857142857138,285.4532,282.8741,0.01023737203286715,3.327935950795373,False,False,No setup,Neutral,0,Not applicable,No directional setup; confirmation score not applicable.,Narrow CPR,Not applicable,Not applicable,Narrow CPR; Wide CPR rules not applied,0,0,0,0
2026-09-24,2026-09-24,CM,NSE,STK,21154,INE406M01024,ERIS,EQ,,,,,ERIS LIFESCIENCES LIMITED,1266.0,1284.1,1264.5,1274.6,1275.0,1269.9,,1274.6,,,47023,59875601.9,6140,F1,1,,,,,,Cash Only,Healthcare,True,1274.3999999999999,1274.3,1274.4999999999998,1274.4999999999998,1274.3,0.1999999999998181,0.015691197238335015,Narrow,Bullish,Above CPR,True,False,0.06666666666666667,60,84515192.95,Inside,True,Risk Off,True,34.68571428571435,1353.468,1376.221,0.0057660626029601494,0.7084596249507823,False,False,No setup,Neutral,0,Not applicable,No directional setup; confirmation score not applicable.,Narrow CPR,Not applicable,Not applicable,Narrow CPR; Wide CPR rules not applied,0,0,0,0
2026-09-24,2026-09-24,CM,NSE,STK,13776,INE017A01032,GESHIP,EQ,,,,,THE GE SHPG.LTD,1478.0,1498.5,1466.0,1482.6,1480.0,1483.8,,1482.73,,,606281,900354358.7,34353,F1,1,,,,,,Cash Only,Services,True,1482.3666666666668,1482.25,1482.4833333333336,1482.4833333333336,1482.25,0.23333333333357587,0.015738117721136913,Narrow,Bullish,Above CPR,True,False,0.016666666666666666,60,838468961.5,Higher,True,Risk Off,True,34.228571428571435,1369.3139999999999,1429.5610000000001,0.006816917084036022,1.0738076184588736,True,True,No setup,Neutral,0,Not applicable,No directional setup; confirmation score not applicable.,Narrow CPR,Not applicable,Not applicable,Narrow CPR; Wide CPR rules not applied,0,0,0,0
2026-09-24,2026-09-24,CM,NSE,STK,8479,INE494B01023,TVSMOTOR,EQ,,,,,TVS MOTOR COMPANY  LTD,4093.4,4123.0,4057.0,4091.0,4091.0,4135.0,,4091.0,,,933899,3818572461.5,43886,F1,1,,,,,,F&O + Cash,Automobile and Auto Components,True,4090.3333333333335,4090.0,4090.666666666667,4090.666666666667,4090.0,0.6666666666669698,0.01629593416443339,Narrow,Bullish,Above CPR,True,False,0.016666666666666666,60,3171874026.25,Lower,True,Risk Off,True,86.65000000000006,4182.03,3831.389,0.007693787266785566,1.2038852835572948,False,True,No setup,Neutral,0,Not applicable,No directional setup; confirmation score not applicable.,Narrow CPR,Not applicable,Not applicable,Narrow CPR; Wide CPR rules not applied,0,0,0,0
2026-09-24,2026-09-24,CM,NSE,STK,3812,INE256A01028,ZEEL,EQ,,,,,ZEE ENTERTAINMENT ENT LTD,77.18,79.45,76.85,78.17,78.5,77.28,,78.17,,,14869768,1166231784.34,53583,F1,1,,,,,,Cash Only,Media Entertainment & Publication,True,78.15666666666668,78.15,78.16333333333336,78.16333333333336,78.15,0.013333333333349628,0.0170568419257383,Narrow,Bullish,Above CPR,True,False,0.016666666666666666,60,2088215063.795,Higher,True,Risk Off,True,3.1664285714285723,96.1398,97.9436,0.004210842920525485,0.5584826029463452,False,False,No setup,Neutral,0,Not applicable,No directional setup; confirmation score not applicable.,Narrow CPR,Not applicable,Not applicable,Narrow CPR; Wide CPR rules not applied,0,0,0,0
2026-09-24,2026-09-24,CM,NSE,STK,762844,INE722B01019,PRAVEG,EQ,,,,,PRAVEG LTD.,259.15,263.4,255.05,259.3,260.0,261.05,,259.73,,,33460,8656006.05,627,F1,1,,,,,,Cash Only,Unclassified,False,259.25,259.225,259.275,259.275,259.225,0.049999999999954525,0.01928268414961609,Narrow,Bullish,Above CPR,True,False,0.016666666666666666,60,11559661.7,Inside,True,Risk Off,True,11.232142857142852,271.295,260.2228,0.004451510333859228,0.7488113644363832,False,False,No setup,Neutral,0,Not applicable,No directional setup; confirmation score not applicable.,Narrow CPR,Not applicable,Not applicable,Narrow CPR; Wide CPR rules not applied,0,0,0,0
2026-09-24,2026-09-24,CM,NSE,STK,1923,INE658T01017,WEALTH,EQ,,,,,WEALTH FRST PORT. MG. LTD,833.0,850.9,827.0,839.25,844.0,840.45,,837.83,,,1405,1173758.4,118,F1,1,,,,,,Cash Only,Unclassified,False,839.0500000000001,838.95,839.1500000000001,839.1500000000001,838.95,0.20000000000004547,0.023830801310699493,Narrow,Bullish,Above CPR,True,False,0.05,60,1359496.0,Higher,True,Risk Off,True,25.99285714285715,888.7310000000001,918.0764999999999,0.0076944215443820714,0.8633776046417201,False,False,No setup,Neutral,0,Not applicable,No directional setup; confirmation score not applicable.,Narrow CPR,Not applicable,Not applicable,Narrow CPR; Wide CPR rules not applied,0,0,0,0
2026-09-24,2026-09-24,CM,NSE,STK,17795,INE0O3901029,TREL,EQ,,,,,TRANSINDIA REAL ESTATE L,28.2,28.58,27.0,27.8,28.14,27.78,,27.8,,,108843,3020982.0,4234,F1,1,,,,,,Cash Only,Unclassified,False,27.793333333333333,27.79,27.796666666666667,27.796666666666667,27.79,0.006666666666667709,0.023980815347725573,Narrow,Bullish,Above CPR,True,False,0.03333333333333333,60,2349386.1399999997,Higher,True,Risk Off,True,1.9085714285714281,26.1708,26.025,0.003493013972056435,1.2858601438757107,True,True,No setup,Neutral,0,Not applicable,No directional setup; confirmation score not applicable.,Narrow CPR,Not applicable,Not applicable,Narrow CPR; Wide CPR rules not applied,0,0,0,0
2026-09-24,2026-09-24,CM,NSE,STK,21077,INE272L01022,SURANASOL,EQ,,,,,SURANA SOLAR LIMITED,25.51,25.85,25.43,25.65,25.77,25.86,,25.65,,,13041,333962.53,290,F1,1,,,,,,Cash Only,Unclassified,False,25.643333333333334,25.64,25.64666666666667,25.64666666666667,25.64,0.006666666666667709,0.025990903183889705,Narrow,Bullish,Above CPR,True,False,0.016666666666666666,60,1015164.1799999999,Inside,True,Risk Off,True,0.9121428571428571,26.0104,26.394099999999998,0.007308796658836956,0.3289739104072802,False,False,No setup,Neutral,0,Not applicable,No directional setup; confirmation score not applicable.,Narrow CPR,Not applicable,Not applicable,Narrow CPR; Wide CPR rules not applied,0,0,0,0
2026-09-24,2026-09-24,CM,NSE,STK,3292,INE0FHS01024,DEEPINDS,EQ,,,,,DEEP INDUSTRIES LIMITED,772.9,784.9,746.5,766.0,768.9,772.9,,766.04,,,320720,244274589.6,15850,F1,1,,,,,,Cash Only,Unclassified,False,765.8000000000001,765.7,765.9000000000001,765.9000000000001,765.7,0.20000000000004547,0.026109660574418467,Narrow,Bullish,Above CPR,True,False,0.016666666666666666,60,242791082.55,Lower,True,Risk Off,True,38.33214285714287,656.6,566.7135000000001,0.005217553340167028,1.0061102205007653,True,True,No setup,Neutral,0,Not applicable,No directional setup; confirmation score not applicable.,Narrow CPR,Not applicable,Not applicable,Narrow CPR; Wide CPR rules not applied,0,0,0,0
2026-09-24,2026-09-24,CM,NSE,STK,5258,INE095A01012,INDUSINDBK,EQ,,,,,INDUSIND BANK LIMITED,918.0,928.9,909.3,919.5,919.5,959.3,,919.51,,,5861520,5388683149.6,105228,F1,1,,,,,,F&O + Cash,Financial Services,True,919.2333333333332,919.0999999999999,919.3666666666666,919.3666666666666,919.0999999999999,0.2666666666666515,0.02900126880550859,Narrow,Bullish,Above CPR,True,False,0.1,60,1408048788.1999998,Lower,True,Risk Off,True,20.23571428571429,1002.663,967.5095,0.013178020943639675,3.827057126684299,False,False,No setup,Neutral,0,Not applicable,No directional setup; confirmation score not applicable.,Narrow CPR,Not applicable,Not applicable,Narrow CPR; Wide CPR rules not applied,0,0,0,0
2026-09-24,2026-09-24,CM,NSE,STK,764050,INE724A01017,GYFTR,EQ,,,,,GYFTR LIMITED,172.41,172.41,166.78,169.67,170.0,168.03,,169.8,,,46047,7791676.92,3255,F1,1,,,,,,Cash Only,Unclassified,False,169.62,169.595,169.645,169.645,169.595,0.05000000000001137,0.029468969175464942,Narrow,Bullish,Above CPR,True,False,0.05555555555555555,54,6610607.65,Higher,True,Risk Off,True,7.3092857142857115,165.20860000000002,,0.00684061370077357,1.1786627391205102,True,False,No setup,Neutral,0,Not applicable,No directional setup; confirmation score not applicable.,Narrow CPR,Not applicable,Not applicable,Narrow CPR; Wide CPR rules not applied,0,0,0,0
2026-09-24,2026-09-24,CM,NSE,STK,1594,INE009A01021,INFY,EQ,,,,,INFOSYS LIMITED,1015.0,1022.8,1005.2,1014.5,1014.5,1020.5,,1013.08,,,6891893,6978951534.6,168191,F1,1,,,,,,F&O + Cash,Information Technology,True,1014.1666666666666,1014.0,1014.3333333333333,1014.3333333333333,1014.0,0.33333333333325754,0.03285690816493421,Narrow,Bullish,Above CPR,True,False,0.03333333333333333,60,9714468889.7,Lower,True,Risk Off,True,27.149999999999984,1109.088,1116.7269999999999,0.012277470841003968,0.718407934992679,False,False,No setup,Neutral,0,Not applicable,No directional setup; confirmation score not applicable.,Narrow CPR,Not applicable,Not applicable,Narrow CPR; Wide CPR rules not applied,0,0,0,0
2026-09-24,2026-09-24,CM,NSE,STK,10440,INE326A01037,LUPIN,EQ,,,,,LUPIN LIMITED,2099.9,2114.8,2084.5,2100.7,2100.7,2102.8,,2100.7,,,533164,1118527029.8,37101,F1,1,,,,,,F&O + Cash,Healthcare,True,2100.0,2099.65,2100.35,2100.35,2099.65,0.6999999999998181,0.03332222592468311,Narrow,Bullish,Above CPR,True,False,0.08333333333333333,60,1678052585.9499998,Lower,True,Risk Off,True,40.17857142857143,2249.104,2293.522,0.017422222222217693,0.6665625613673875,False,False,No setup,Neutral,0,Not applicable,No directional setup; confirmation score not applicable.,Narrow CPR,Not applicable,Not applicable,Narrow CPR; Wide CPR rules not applied,0,0,0,0
2026-09-24,2026-09-24,CM,NSE,STK,3384,INE277A01016,SWARAJENG,EQ,,,,,SWARAJ ENGINES LTD,3558.7,3565.6,3528.0,3548.6,3555.0,3559.3,,3548.59,,,7958,28218022.0,2335,F1,1,,,,,,Cash Only,Unclassified,False,3547.4,3546.8,3548.0,3548.0,3546.8,1.199999999999818,0.03381615284900575,Narrow,Bullish,Above CPR,True,False,0.08333333333333333,60,25466056.75,Lower,True,Risk Off,True,69.28571428571429,3590.6220000000003,3709.3169999999996,0.01731958762886335,1.108064050787918,False,False,No setup,Neutral,0,Not applicable,No directional setup; confirmation score not applicable.,Narrow CPR,Not applicable,Not applicable,Narrow CPR; Wide CPR rules not applied,0,0,-2,-2
2026-09-24,2026-09-24,CM,NSE,STK,24856,INE0PQ101010,SSDL,EQ,,,,,SARASWATI SAREE DEPOT LTD,65.62,68.43,64.1,66.3,66.02,65.62,,66.29,,,58214,3894273.28,1350,F1,1,,,,,,Cash Only,Unclassified,False,66.27666666666666,66.265,66.28833333333331,66.28833333333331,66.265,0.023333333333312112,0.0351935646052973,Narrow,Bullish,Above CPR,True,False,0.1,60,1081989.865,Inside,True,Risk Off,True,4.6485714285714295,57.6726,58.0603,0.005019463224744461,3.599177225195173,True,True,No setup,Neutral,0,Not applicable,No directional setup; confirmation score not applicable.,Narrow CPR,Not applicable,Not applicable,Narrow CPR; Wide CPR rules not applied,0,0,0,0
2026-09-24,2026-09-24,CM,NSE,STK,1023,INE171A01029,FEDERALBNK,EQ,,,,,FEDERAL BANK LTD,328.0,332.7,325.95,329.5,329.5,331.3,,329.5,,,6031916,1986405301.2,78222,F1,1,,,,,,F&O + Cash,Financial Services,True,329.3833333333333,329.325,329.44166666666666,329.44166666666666,329.325,0.11666666666667425,0.03540718259990113,Narrow,Bullish,Above CPR,True,False,0.06666666666666667,60,1572495854.4,Inside,True,Risk Off,True,6.110714285714287,349.37700000000007,328.73900000000003,0.019092148840835058,1.2632181481698919,False,True,No setup,Neutral,0,Not applicable,No directional setup; confirmation score not applicable.,Narrow CPR,Not applicable,Not applicable,Narrow CPR; Wide CPR rules not applied,0,0,0,0
2026-09-24,2026-09-24,CM,NSE,STK,14111,INE870H01013,NETWORK18,EQ,,,,,NETWORK18 MEDIA & INV LTD,26.9,27.29,26.62,26.97,26.9,27.14,,26.97,,,2143083,57785003.56,5510,F1,1,,,,,,Cash Only,Unclassified,False,26.959999999999997,26.955,26.964999999999996,26.964999999999996,26.955,0.00999999999999801,0.03707823507600301,Narrow,Bullish,Above CPR,True,False,0.05,60,90690567.61500001,Lower,True,Risk Off,True,0.7792857142857142,28.5368,30.386100000000003,0.01283226397799928,0.6371666324254265,False,False,No setup,Neutral,0,Not applicable,No directional setup; confirmation score not applicable.,Narrow CPR,Not applicable,Not applicable,Narrow CPR; Wide CPR rules not applied,0,0,0,0
2026-09-24,2026-09-24,CM,NSE,STK,25049,INE0BS701011,PREMIERENE,EQ,,,,,PREMIER ENERGIES LIMITED,901.5,910.0,885.0,898.0,898.0,915.0,,898.0,,,1038026,928240961.8,21452,F1,1,,,,,,F&O + Cash,Capital Goods,True,897.6666666666666,897.5,897.8333333333333,897.8333333333333,897.5,0.33333333333325754,0.03711952487007322,Narrow,Bullish,Above CPR,True,False,0.05,60,989784676.85,Lower,True,Risk Off,True,26.12142857142856,1005.6159999999999,1023.9739999999999,0.012760915139911424,0.9378211074696937,False,False,No setup,Neutral,0,Not applicable,No directional setup; confirmation score not applicable.,Narrow CPR,Not applicable,Not applicable,Narrow CPR; Wide CPR rules not applied,0,0,0,0
2026-09-24,2026-09-24,CM,NSE,STK,9087,INE751B01018,PIXTRANS,EQ,,,,,PIX TRANSMISSIONS LIMITED,1737.0,1768.0,1721.6,1745.8,1755.0,1758.7,,1745.85,,,8779,15280761.3,1322,F1,1,,,,,,Cash Only,Unclassified,False,1745.1333333333332,1744.8,1745.4666666666665,1745.4666666666665,1744.8,0.6666666666665151,0.03818688662312493,Narrow,Bullish,Above CPR,True,False,0.06666666666666667,60,22693463.0,Lower,True,Risk Off,True,43.57142857142859,1790.18,1716.361,0.015300546448083947,0.6733551992483474,False,True,No setup,Neutral,0,Not applicable,No directional setup; confirmation score not applicable.,Narrow CPR,Not applicable,Not applicable,Narrow CPR; Wide CPR rules not applied,0,0,0,0
2026-09-24,2026-09-24,CM,NSE,STK,8696,INE366I01010,VRLLOG,EQ,,,,,VRL LOGISTICS LIMITED,291.3,293.45,289.5,291.65,292.35,291.75,,291.65,,,121565,35437607.35,4472,F1,1,,,,,,Cash Only,Unclassified,False,291.53333333333336,291.475,291.5916666666667,291.5916666666667,291.475,0.11666666666667425,0.040002285844908024,Narrow,Bullish,Above CPR,True,False,0.08333333333333333,60,39093380.0,Lower,True,Risk Off,True,5.774999999999993,281.1104,260.7145,0.02020202020202154,0.9064861454803858,True,True,No setup,Neutral,0,Not applicable,No directional setup; confirmation score not applicable.,Narrow CPR,Not applicable,Not applicable,Narrow CPR; Wide CPR rules not applied,0,0,0,0
2026-09-24,2026-09-24,CM,NSE,STK,11275,INE038F01029,TVTODAY,EQ,,,,,TV TODAY NETWORK LTD,107.7,109.4,106.0,107.77,109.17,107.7,,107.78,,,8880,955457.44,310,F1,1,,,,,,Cash Only,Unclassified,False,107.72333333333334,107.7,107.74666666666668,107.74666666666668,107.7,0.04666666666668107,0.04330209396555727,Narrow,Bullish,Above CPR,True,False,0.08333333333333333,60,3323085.05,Lower,True,Risk Off,True,3.623571428571427,113.4508,114.56220000000002,0.012878638543929337,0.2875212116524071,False,False,No setup,Neutral,0,Not applicable,No directional setup; confirmation score not applicable.,Narrow CPR,Not applicable,Not applicable,Narrow CPR; Wide CPR rules not applied,0,0,0,0
2026-09-24,2026-09-24,CM,NSE,STK,25392,INE305C01029,PANAMAPET,EQ,,,,,PANAMA PETROCHEM LTD,478.0,485.35,475.2,480.6,483.0,480.7,,480.57,,,110951,53249054.0,4072,F1,1,,,,,,Cash Only,Unclassified,False,480.3833333333334,480.275,480.4916666666668,480.4916666666668,480.275,0.21666666666681067,0.0450825357192698,Narrow,Bullish,Above CPR,True,False,0.03333333333333333,60,101114380.05,Lower,True,Risk Off,True,19.003571428571426,476.61199999999997,422.4315,0.011401365658091899,0.5266219698293052,True,True,No setup,Neutral,0,Not applicable,No directional setup; confirmation score not applicable.,Narrow CPR,Not applicable,Not applicable,Narrow CPR; Wide CPR rules not applied,0,0,0,0
2026-09-24,2026-09-24,CM,NSE,STK,10733,INE885H01029,SPORTKING,EQ,,,,,SPORTKING INDIA LIMITED,210.0,213.4,208.0,210.85,212.1,211.26,,210.86,,,135379,28522948.98,5146,F1,1,,,,,,Cash Only,Unclassified,False,210.75,210.7,210.8,210.8,210.7,0.10000000000002274,0.04742708086318366,Narrow,Bullish,Above CPR,True,False,0.03333333333333333,60,72383150.055,Lower,True,Risk Off,True,9.522142857142857,212.1214,192.15720000000002,0.010501837821621172,0.39405509373834885,False,True,No setup,Neutral,0,Not applicable,No directional setup; confirmation score not applicable.,Narrow CPR,Not applicable,Not applicable,Narrow CPR; Wide CPR rules not applied,0,-2,0,-2
2026-09-24,2026-09-24,CM,NSE,STK,17358,INE735W01017,UTKARSHBNK,EQ,,,,,UTKARSH SMALL FIN BANK L,13.94,14.0,13.7,13.86,13.89,14.07,,13.86,,,4749458,65708823.74,9886,F1,1,,,,,,Cash Only,Unclassified,False,13.853333333333333,13.85,13.856666666666667,13.856666666666667,13.85,0.006666666666667709,0.04810004810005562,Narrow,Bullish,Above CPR,True,False,0.1,60,68938498.815,Lower,True,Risk Off,True,0.7357142857142859,14.488800000000001,14.2177,0.009061488673140572,0.9531513576518834,False,False,No setup,Neutral,0,Not applicable,No directional setup; confirmation score not applicable.,Narrow CPR,Not applicable,Not applicable,Narrow CPR; Wide CPR rules not applied,0,0,0,0
2026-09-24,2026-09-24,CM,NSE,STK,2385,INE060A01024,NAVNETEDUL,EQ,,,,,NAVNEET EDUCATION LTD,123.5,124.71,121.91,123.4,122.31,123.75,,123.41,,,137001,16894746.98,1418,F1,1,,,,,,Cash Only,Unclassified,False,123.33999999999999,123.31,123.36999999999998,123.36999999999998,123.31,0.05999999999997385,0.04862236628847152,Narrow,Bullish,Above CPR,True,False,0.08333333333333333,60,17542294.994999997,Lower,True,Risk Off,True,3.242857142857145,133.6244,138.7583,0.01850220264316373,0.9630864710013961,False,False,No setup,Neutral,0,Not applicable,No directional setup; confirmation score not applicable.,Narrow CPR,Not applicable,Not applicable,Narrow CPR; Wide CPR rules not applied,0,0,0,0
2026-09-24,2026-09-24,CM,NSE,STK,495,INE233B01017,BLUEDART,EQ,,,,,BLUE DART EXPRESS LTD,4785.0,4839.0,4740.0,4793.0,4781.7,4799.5,,4793.37,,,4436,21153753.8,1630,F1,1,,,,,,Cash Only,Services,True,4790.666666666667,4789.5,4791.833333333334,4791.833333333334,4789.5,2.3333333333339397,0.04868210584881994,Narrow,Bullish,Above CPR,True,False,0.06666666666666667,60,32631425.1,Lower,True,Risk Off,True,74.5142857142857,5002.784000000001,4970.165,0.03131390593047849,0.648263253448897,False,False,No setup,Neutral,0,Not applicable,No directional setup; confirmation score not applicable.,Narrow CPR,Not applicable,Not applicable,Narrow CPR; Wide CPR rules not applied,0,0,0,0
2026-09-24,2026-09-24,CM,NSE,STK,766044,INE1FPN01026,LCCPROJECT,EQ,,,,,LCC PROJECTS LIMITED,146.35,146.35,141.87,144.22,143.8,146.59,,144.18,,,1209866,173704662.06,18258,F1,1,,,,,,Cash Only,Unclassified,False,144.14666666666668,144.11,144.18333333333334,144.18333333333334,144.11,0.07333333333332348,0.050848241113107394,Narrow,Bullish,Above CPR,True,False,0.16666666666666666,6,809057625.46,Lower,False,Risk Off,False,,,,,0.2146999874838804,False,False,No setup,Neutral,0,Not applicable,No directional setup; confirmation score not applicable.,Narrow CPR,Not applicable,Not applicable,Narrow CPR; Wide CPR rules not applied,0,0,0,0
2026-09-24,2026-09-24,CM,NSE,STK,592,INE371A01025,GRAPHITE,EQ,,,,,GRAPHITE INDIA LTD,817.25,824.55,803.5,814.7,816.0,821.0,,814.68,,,1120162,913500558.1,45187,F1,1,,,,,,Cash Only,Capital Goods,True,814.25,814.025,814.475,814.475,814.025,0.4500000000000455,0.05523505584878427,Narrow,Bullish,Above CPR,True,False,0.05,60,600073618.8,Lower,True,Risk Off,True,41.76785714285715,723.059,700.6239999999999,0.010773834972211432,1.522314145265671,True,True,No setup,Neutral,0,Not applicable,No directional setup; confirmation score not applicable.,Narrow CPR,Not applicable,Not applicable,Narrow CPR; Wide CPR rules not applied,0,0,0,0
2026-09-24,2026-09-24,CM,NSE,STK,14687,INE426D01013,GOACARBON,EQ,,,,,GOA CARBON LIMITED,399.05,409.8,399.0,404.75,406.25,402.35,,404.74,,,18901,7648387.5,1133,F1,1,,,,,,Cash Only,Unclassified,False,404.51666666666665,404.4,404.6333333333333,404.6333333333333,404.4,0.2333333333333485,0.05764875437513242,Narrow,Bullish,Above CPR,True,False,0.06666666666666667,60,5039592.175,Higher,True,Risk Off,True,26.14285714285715,377.76200000000006,387.31649999999996,0.008925318761384913,1.5176600078755382,True,True,No setup,Neutral,0,Not applicable,No directional setup; confirmation score not applicable.,Narrow CPR,Not applicable,Not applicable,Narrow CPR; Wide CPR rules not applied,0,0,0,0
2026-09-24,2026-09-24,CM,NSE,STK,2716,INE295F01017,BUTTERFLY,EQ,,,,,BTRFLY GANDHI APPL LTD,566.0,573.1,562.5,568.3,565.0,566.0,,568.28,,,13853,7867515.45,783,F1,1,,,,,,Cash Only,Unclassified,False,567.9666666666666,567.8,568.1333333333332,568.1333333333332,567.8,0.33333333333325754,0.05865446653761351,Narrow,Bullish,Above CPR,True,False,0.05,60,12728262.575,Inside,True,Risk Off,True,21.257142857142874,660.729,665.6289999999999,0.015681003584225812,0.6181138551818414,False,False,No setup,Neutral,0,Not applicable,No directional setup; confirmation score not applicable.,Narrow CPR,Not applicable,Not applicable,Narrow CPR; Wide CPR rules not applied,0,0,0,0
2026-09-24,2026-09-24,CM,NSE,STK,764728,INE354A01013,JENBURPH,EQ,,,,,JENBURKT PHARMACEUTICAL L,950.2,959.9,946.4,954.0,956.0,952.0,,954.18,,,1281,1222385.6,101,F1,1,,,,,,Cash Only,Unclassified,False,953.4333333333334,953.15,953.7166666666668,953.7166666666668,953.15,0.5666666666668334,0.05939902166319009,Narrow,Bullish,Above CPR,True,False,0.14285714285714285,28,1172349.4,Inside,True,Risk Off,True,34.60714285714287,,,0.016374269005852767,1.0426802794457013,False,False,No setup,Neutral,0,Not applicable,No directional setup; confirmation score not applicable.,Narrow CPR,Not applicable,Not applicable,Narrow CPR; Wide CPR rules not applied,0,0,0,0
2026-09-24,2026-09-24,CM,NSE,STK,3481,INE332A01027,THOMASCOOK,EQ,,,,,THOMAS COOK (INDIA) LTD,104.0,104.5,103.25,103.97,104.5,105.12,,103.97,,,403771,41934345.05,4006,F1,1,,,,,,Cash Only,Unclassified,False,103.90666666666668,103.875,103.93833333333336,103.93833333333336,103.875,0.063333333333361,0.06091500753425122,Narrow,Bullish,Above CPR,True,False,0.08333333333333333,60,81979848.89,Lower,True,Risk Off,True,3.5692857142857144,105.4608,103.4364,0.017743979721173784,0.5115201554746364,False,True,No setup,Neutral,0,Not applicable,No directional setup; confirmation score not applicable.,Narrow CPR,Not applicable,Not applicable,Narrow CPR; Wide CPR rules not applied,0,0,0,0
2026-09-24,2026-09-24,CM,NSE,STK,24386,INE0B9K01025,BANSALWIRE,EQ,,,,,BANSAL WIRE INDUSTRIES L,316.1,330.0,316.1,323.35,322.0,315.9,,323.3,,,223728,72529515.55,6301,F1,1,,,,,,Cash Only,Unclassified,False,323.15000000000003,323.05,323.25000000000006,323.25000000000006,323.05,0.20000000000004547,0.06185248183084752,Narrow,Bullish,Above CPR,True,False,0.03333333333333333,60,27492045.025,Higher,True,Risk Off,True,11.010714285714275,317.719,317.495,0.018164125851447548,2.6382000860265213,True,True,No setup,Neutral,0,Not applicable,No directional setup; confirmation score not applicable.,Narrow CPR,Not applicable,Not applicable,Narrow CPR; Wide CPR rules not applied,0,0,0,0
2026-09-24,2026-09-24,CM,NSE,STK,12384,INE518E01015,ZIMLAB,EQ,,,,,ZIM LABORATORIES LIMITED,132.09,143.88,131.5,137.82,139.0,133.56,,138.27,,,90235,12293854.58,830,F1,1,,,,,,Cash Only,Unclassified,False,137.73333333333332,137.69,137.77666666666664,137.77666666666664,137.69,0.08666666666664469,0.06288395491702561,Narrow,Bullish,Above CPR,True,False,0.06666666666666667,60,8477959.715,Higher,True,Risk Off,True,8.315714285714286,110.75280000000001,90.0205,0.010422035160050039,1.4500958949178022,True,True,No setup,Neutral,0,Not applicable,No directional setup; confirmation score not applicable.,Narrow CPR,Not applicable,Not applicable,Narrow CPR; Wide CPR rules not applied,0,0,0,0
2026-09-24,2026-09-24,CM,NSE,STK,28913,INE847C01020,ROSSELLIND,EQ,,,,,ROSSELL INDIA LIMITED,51.25,52.29,51.07,51.73,51.45,52.03,,51.75,,,21996,1138753.57,400,F1,1,,,,,,Cash Only,Unclassified,False,51.696666666666665,51.68,51.71333333333333,51.71333333333333,51.68,0.03333333333333144,0.06443714156839636,Narrow,Bullish,Above CPR,True,False,0.05,60,1876591.24,Lower,True,Risk Off,True,2.196428571428572,57.105999999999995,56.59780000000001,0.015176151761516748,0.6068202524487966,False,False,No setup,Neutral,0,Not applicable,No directional setup; confirmation score not applicable.,Narrow CPR,Not applicable,Not applicable,Narrow CPR; Wide CPR rules not applied,0,0,0,0
2026-09-24,2026-09-24,CM,NSE,STK,7053,INE793A01012,ACCELYA,EQ,,,,,ACCELYA SOLN INDIA LTD,1124.6,1124.6,1115.0,1120.9,1123.0,1124.6,,1121.0,,,5200,5824724.8,364,F1,1,,,,,,Cash Only,Unclassified,False,1120.1666666666667,1119.8,1120.5333333333335,1120.5333333333335,1119.8,0.7333333333335759,0.06542361792609294,Narrow,Bullish,Above CPR,True,False,0.15,60,5975271.1,Inside,True,Risk Off,True,13.000000000000032,1135.306,1129.436,0.05641025641027493,0.9748051096794588,False,False,No setup,Neutral,0,Not applicable,No directional setup; confirmation score not applicable.,Narrow CPR,Not applicable,Not applicable,Narrow CPR; Wide CPR rules not applied,0,0,0,0
2026-09-24,2026-09-24,CM,NSE,STK,9617,INE663A01033,SPLPETRO,EQ,,,,,SUPREME PETROCHEM LIMITED,880.0,887.95,870.1,879.9,882.25,882.2,,879.84,,,148875,130939423.55,14130,F1,1,,,,,,Cash Only,Chemicals,True,879.3166666666667,879.0250000000001,879.6083333333333,879.6083333333333,879.0250000000001,0.5833333333332575,0.06629541235745624,Narrow,Bullish,Above CPR,True,False,0.11666666666666667,60,60071521.375,Lower,True,Risk Off,True,35.86071428571428,746.234,728.3895,0.016266640108884785,2.1797254431530533,True,True,No setup,Neutral,0,Not applicable,No directional setup; confirmation score not applicable.,Narrow CPR,Not applicable,Not applicable,Narrow CPR; Wide CPR rules not applied,0,0,0,0
2026-09-24,2026-09-24,CM,NSE,STK,30249,INE561M01018,ISHANCH,EQ,,,,,ISHAN DYES N CHEMICALS L,49.87,50.9,48.8,49.9,50.8,49.87,,49.82,,,6350,314770.33,163,F1,1,,,,,,Cash Only,Unclassified,False,49.86666666666667,49.849999999999994,49.88333333333334,49.88333333333334,49.849999999999994,0.03333333333334565,0.06680026720109349,Narrow,Bullish,Above CPR,True,False,0.03333333333333333,60,1149528.8900000001,Lower,True,Risk Off,True,3.2464285714285706,48.577200000000005,54.13929999999999,0.010267693436014065,0.27382550602969186,True,False,No setup,Neutral,0,Not applicable,No directional setup; confirmation score not applicable.,Narrow CPR,Not applicable,Not applicable,Narrow CPR; Wide CPR rules not applied,0,0,0,0
2026-09-24,2026-09-24,CM,NSE,STK,19783,INE08KJ01020,MUFIN,EQ,,,,,MUFIN GREEN FINANCE LTD,132.75,132.97,130.4,131.82,131.0,133.11,,131.82,,,515045,67858577.0,3527,F1,1,,,,,,Cash Only,Unclassified,False,131.73,131.685,131.77499999999998,131.77499999999998,131.685,0.08999999999997499,0.06827492034590729,Narrow,Bullish,Above CPR,True,False,0.15,60,97218960.32499999,Lower,True,Risk Off,True,3.6128571428571488,133.4202,128.751,0.024911032028462787,0.6979973533264588,False,True,No setup,Neutral,0,Not applicable,No directional setup; confirmation score not applicable.,Narrow CPR,Not applicable,Not applicable,Narrow CPR; Wide CPR rules not applied,0,0,0,0
2026-09-24,2026-09-24,CM,NSE,STK,764203,INE536P01021,CPL,EQ,,,,,CAPTAIN POLYPLAST LIMITED,62.8,62.99,61.96,62.54,62.35,62.46,,62.54,,,23312,1460742.88,232,F1,1,,,,,,Cash Only,Unclassified,False,62.49666666666667,62.475,62.51833333333334,62.51833333333334,62.475,0.043333333333336554,0.0692889883807748,Narrow,Bullish,Above CPR,True,False,0.06666666666666667,45,7359006.91,Lower,True,Risk Off,True,2.6807142857142856,,,0.016164845901058135,0.1984972833786889,False,False,No setup,Neutral,0,Not applicable,No directional setup; confirmation score not applicable.,Narrow CPR,Not applicable,Not applicable,Narrow CPR; Wide CPR rules not applied,0,0,0,0
2026-09-24,2026-09-24,CM,NSE,STK,6943,INE144Z01023,TARSONS,EQ,,,,,TARSONS PRODUCTS LIMITED,336.85,339.85,330.35,335.45,335.95,335.45,,335.45,,,102908,34593534.7,3224,F1,1,,,,,,Cash Only,Unclassified,False,335.2166666666667,335.1,335.33333333333337,335.33333333333337,335.1,0.2333333333333485,0.0695583047647484,Narrow,Bullish,Above CPR,True,False,0.03333333333333333,60,41669400.35,Higher,True,Risk Off,True,15.624999999999991,323.5,281.6576,0.014933333333334312,0.8301903653384348,True,True,No setup,Neutral,0,Not applicable,No directional setup; confirmation score not applicable.,Narrow CPR,Not applicable,Not applicable,Narrow CPR; Wide CPR rules not applied,0,0,0,0
2026-09-24,2026-09-24,CM,NSE,STK,6364,INE139A01034,NATIONALUM,EQ,,,,,NATIONAL ALUMINIUM CO LTD,355.95,361.65,354.4,358.4,358.4,363.45,,358.37,,,3247810,1164969086.75,42838,F1,1,,,,,,F&O + Cash,Metals & Mining,True,358.1499999999999,358.025,358.27499999999986,358.27499999999986,358.025,0.2499999999998863,0.06975446428568258,Narrow,Bullish,Above CPR,True,False,0.05,60,2075946057.05,Overlapping,True,Risk Off,True,10.610714285714282,369.431,376.152,0.023561090541894376,0.5611750280281687,False,False,No setup,Neutral,0,Not applicable,No directional setup; confirmation score not applicable.,Narrow CPR,Not applicable,Not applicable,Narrow CPR; Wide CPR rules not applied,0,0,0,0
2026-09-24,2026-09-24,CM,NSE,STK,761469,INE12UN01015,SHADOWFAX,EQ,,,,,SHADOWFAX TECHNOLOGIES L,285.0,292.2,278.8,285.8,285.55,285.75,,285.8,,,5612297,1610801703.7,98798,F1,1,,,,,,Cash Only,Unclassified,False,285.59999999999997,285.5,285.69999999999993,285.69999999999993,285.5,0.1999999999999318,0.0699790062980867,Narrow,Bullish,Above CPR,True,False,0.08333333333333333,60,872476441.2850001,Lower,True,Risk Off,True,11.546428571428567,245.5466,225.05789999999996,0.017321373337451568,1.8462409154883086,True,True,No setup,Neutral,0,Not applicable,No directional setup; confirmation score not applicable.,Narrow CPR,Not applicable,Not applicable,Narrow CPR; Wide CPR rules not applied,0,0,0,0
2026-09-24,2026-09-24,CM,NSE,STK,17704,INE615P01015,QUESS,EQ,,,,,QUESS CORP LIMITED,355.0,361.0,345.05,353.4,355.0,359.0,,353.38,,,330356,117169157.05,17858,F1,1,,,,,,Cash Only,Unclassified,False,353.1499999999999,353.025,353.27499999999986,353.27499999999986,353.025,0.2499999999998863,0.07074136955288238,Narrow,Bullish,Above CPR,True,False,0.03333333333333333,60,146750778.1,Lower,True,Risk Off,True,17.196428571428573,335.55,288.00079999999997,0.014537902388363066,0.7984227311568851,True,True,No setup,Neutral,0,Not applicable,No directional setup; confirmation score not applicable.,Narrow CPR,Not applicable,Not applicable,Narrow CPR; Wide CPR rules not applied,0,0,0,0
2026-09-24,2026-09-24,CM,NSE,STK,20556,INE922K01024,INDIASHLTR,EQ,,,,,INDIA SHELTER FIN CORP L,661.4,662.0,642.7,653.05,650.0,667.15,,652.95,,,98186,63969362.05,6519,F1,1,,,,,,Cash Only,Unclassified,False,652.5833333333334,652.35,652.8166666666667,652.8166666666667,652.35,0.466666666666697,0.07145956154455202,Narrow,Bullish,Above CPR,True,False,0.16666666666666666,60,63954866.3,Lower,True,Risk Off,True,18.61785714285715,692.6619999999999,739.7540000000001,0.025065541275019202,1.0002266559347024,False,False,No setup,Neutral,0,Not applicable,No directional setup; confirmation score not applicable.,Narrow CPR,Not applicable,Not applicable,Narrow CPR; Wide CPR rules not applied,0,0,0,0
2026-09-24,2026-09-24,CM,NSE,STK,14278,INE607D01018,ORIENTBELL,EQ,,,,,ORIENT BELL LIMITED,393.7,393.7,387.55,391.05,390.8,391.5,,391.01,,,8776,3423308.7,576,F1,1,,,,,,Cash Only,Unclassified,False,390.76666666666665,390.625,390.9083333333333,390.9083333333333,390.625,0.283333333333303,0.07245450283424192,Narrow,Bullish,Above CPR,True,False,0.06666666666666667,60,4681658.2,Inside,True,Risk Off,True,15.789285714285715,359.37699999999995,343.28200000000004,0.017944658071324327,0.7312171358430225,True,True,No setup,Neutral,0,Not applicable,No directional setup; confirmation score not applicable.,Narrow CPR,Not applicable,Not applicable,Narrow CPR; Wide CPR rules not applied,0,-2,0,-2
2026-09-24,2026-09-24,CM,NSE,STK,11813,INE498B01024,SHOPERSTOP,EQ,,,,,SHOPPERS STOP LIMITED,386.2,390.2,379.05,385.05,385.0,391.1,,385.05,,,38955,15001693.15,2519,F1,1,,,,,,Cash Only,Unclassified,False,384.76666666666665,384.625,384.9083333333333,384.9083333333333,384.625,0.283333333333303,0.07358351729211869,Narrow,Bullish,Above CPR,True,False,0.05,60,16204837.7,Lower,True,Risk Off,True,21.12857142857143,397.64099999999996,374.82,0.013409961685822319,0.9257539895015425,False,True,No setup,Neutral,0,Not applicable,No directional setup; confirmation score not applicable.,Narrow CPR,Not applicable,Not applicable,Narrow CPR; Wide CPR rules not applied,0,0,0,0
2026-09-24,2026-09-24,CM,NSE,STK,758675,INE886D01026,EFCIL,EQ,,,,,EFC (I) LIMITED,182.8,184.0,178.0,181.2,181.85,183.08,,181.19,,,167623,30252515.47,3694,F1,1,,,,,,Cash Only,Unclassified,False,181.0666666666667,181.0,181.13333333333338,181.13333333333338,181.0,0.1333333333333826,0.07358351729215376,Narrow,Bullish,Above CPR,True,False,0.1,60,46362190.835,Inside,True,Risk Off,True,6.376428571428574,189.68939999999998,188.53510000000003,0.02091034688772662,0.6525255801147689,False,False,No setup,Neutral,0,Not applicable,No directional setup; confirmation score not applicable.,Narrow CPR,Not applicable,Not applicable,Narrow CPR; Wide CPR rules not applied,0,0,0,0
2026-09-24,2026-09-24,CM,NSE,STK,31163,INE743M01012,RHIM,EQ,,,,,RHI MAGNESITA INDIA LTD,385.0,386.75,380.0,383.8,382.25,388.85,,383.8,,,551183,211401860.7,19313,F1,1,,,,,,Cash Only,Capital Goods,True,383.51666666666665,383.375,383.6583333333333,383.6583333333333,383.375,0.283333333333303,0.0738231717908554,Narrow,Bullish,Above CPR,True,False,0.1,60,152782438.75,Lower,True,Risk Off,True,10.671428571428569,385.722,387.30550000000005,0.026550647032571907,1.3836790565041297,False,False,No setup,Neutral,0,Not applicable,No directional setup; confirmation score not applicable.,Narrow CPR,Not applicable,Not applicable,Narrow CPR; Wide CPR rules not applied,0,0,0,0
2026-09-24,2026-09-24,CM,NSE,STK,6385,INE652F01027,CCHHL,EQ,,,,,COUNTRY CLUB HOSP HOL LTD,13.39,13.85,13.1,13.49,13.15,13.42,,13.48,,,57882,783214.47,483,F1,1,,,,,,Cash Only,Unclassified,False,13.479999999999999,13.475,13.484999999999998,13.484999999999998,13.475,0.00999999999999801,0.07412898443289852,Narrow,Bullish,Above CPR,True,False,0.06666666666666667,60,193892.35499999998,Higher,True,Risk Off,True,0.6050000000000003,12.7096,12.9102,0.016528925619831415,4.039429352436304,True,True,No setup,Neutral,0,Not applicable,No directional setup; confirmation score not applicable.,Narrow CPR,Not applicable,Not applicable,Narrow CPR; Wide CPR rules not applied,0,0,0,0
2026-09-24,2026-09-24,CM,NSE,STK,762919,INE321M01017,SONAL,EQ,,,,,SONAL MERCANTILE LTD.,87.5,87.7,87.5,87.7,87.7,83.55,,87.7,,,203,17783.1,8,F1,1,,,,,,Cash Only,Unclassified,False,87.63333333333333,87.6,87.66666666666666,87.66666666666666,87.6,0.06666666666666288,0.0760167236792051,Narrow,Bullish,Above CPR,True,False,0.3333333333333333,60,5586.645,Higher,True,Risk Off,False,2.5535714285714275,89.6294,,0.026107226107224633,3.1831448033658836,False,False,No setup,Neutral,0,Not applicable,No directional setup; confirmation score not applicable.,Narrow CPR,Not applicable,Not applicable,Narrow CPR; Wide CPR rules not applied,0,0,0,0
2026-09-24,2026-09-24,CM,NSE,STK,19277,INE778K01012,EMAMIREAL,EQ,,,,,EMAMI REALTY LIMITED,69.75,69.9,68.0,69.03,69.0,69.58,,69.03,,,6575,452529.49,109,F1,1,,,,,,Cash Only,Unclassified,False,68.97666666666667,68.95,69.00333333333334,69.00333333333334,68.95,0.05333333333334167,0.07726109421025883,Narrow,Bullish,Above CPR,True,False,0.06666666666666667,60,1280797.875,Lower,True,Risk Off,True,3.0507142857142884,71.2894,68.5938,0.017482244595335584,0.3533184266096631,False,True,No setup,Neutral,0,Not applicable,No directional setup; confirmation score not applicable.,Narrow CPR,Not applicable,Not applicable,Narrow CPR; Wide CPR rules not applied,0,0,0,0
2026-09-24,2026-09-24,CM,NSE,STK,7603,INE925R01014,CMSINFO,EQ,,,,,CMS INFO SYSTEMS LIMITED,234.0,234.0,230.1,232.32,232.15,234.12,,232.32,,,516478,119497202.96,9131,F1,1,,,,,,Cash Only,Unclassified,False,232.14000000000001,232.05,232.23000000000002,232.23000000000002,232.05,0.18000000000000682,0.07747933884297814,Narrow,Bullish,Above CPR,True,False,0.08333333333333333,60,155630858.86,Lower,True,Risk Off,True,7.220714285714284,253.7416,272.9968,0.02492828172915319,0.7678246064779185,False,False,No setup,Neutral,0,Not applicable,No directional setup; confirmation score not applicable.,Narrow CPR,Not applicable,Not applicable,Narrow CPR; Wide CPR rules not applied,0,0,0,0
2026-09-24,2026-09-24,CM,NSE,STK,2909,INE209B01025,RICOAUTO,EQ,,,,,RICO AUTO INDUSTRIES LTD,129.0,133.74,127.29,130.67,130.7,129.23,,130.67,,,1542883,202143959.61,15989,F1,1,,,,,,Cash Only,Unclassified,False,130.5666666666667,130.51500000000001,130.61833333333337,130.61833333333337,130.51500000000001,0.10333333333335304,0.0790796153159509,Narrow,Bullish,Above CPR,True,False,0.05,60,153546739.95499998,Higher,True,Risk Off,True,4.9964285714285674,134.1004,130.84789999999998,0.020681439123187186,1.3164978928842281,False,False,No setup,Neutral,0,Not applicable,No directional setup; confirmation score not applicable.,Narrow CPR,Not applicable,Not applicable,Narrow CPR; Wide CPR rules not applied,0,0,0,0
2026-09-24,2026-09-24,CM,NSE,STK,21740,INE149A01033,CHOLAHLDNG,EQ,,,,,CHOLAMANDALAM FIN HOL LTD,1451.0,1456.4,1405.4,1432.6,1426.1,1472.4,,1432.61,,,415789,593122525.1,35328,F1,1,,,,,,Cash Only,Financial Services,True,1431.4666666666665,1430.9,1432.0333333333328,1432.0333333333328,1430.9,1.1333333333327573,0.07911024244958519,Narrow,Bullish,Above CPR,True,False,0.13333333333333333,60,206342295.2,Lower,True,Risk Off,True,42.178571428571445,1537.076,1575.1029999999998,0.026869884278846057,2.8744592790591392,False,False,No setup,Neutral,0,Not applicable,No directional setup; confirmation score not applicable.,Narrow CPR,Not applicable,Not applicable,Narrow CPR; Wide CPR rules not applied,0,0,-2,-2
2026-09-24,2026-09-24,CM,NSE,STK,10599,INE844O01030,GUJENERGY,EQ,,,,,GUJARAT ENERGY LIMITED,236.6,236.88,234.0,235.72,236.0,237.32,,235.73,,,539851,127165597.98,17073,F1,1,,,,,,Cash Only,Unclassified,False,235.53333333333333,235.44,235.62666666666667,235.62666666666667,235.44,0.18666666666666742,0.07918999943435746,Narrow,Bullish,Above CPR,True,False,0.09803921568627451,51,330442946.9,Inside,True,Risk Off,True,7.454285714285711,262.1946,,0.025041522933435655,0.38483374867881015,False,False,No setup,Neutral,0,Not applicable,No directional setup; confirmation score not applicable.,Narrow CPR,Not applicable,Not applicable,Narrow CPR; Wide CPR rules not applied,0,0,0,0
2026-09-24,2026-09-24,CM,NSE,STK,19279,INE121N01019,THEJO,EQ,,,,,THEJO ENGINEERING LIMITED,2179.9,2200.0,2132.4,2168.8,2200.0,2173.5,,2168.8,,,3841,8293758.5,502,F1,1,,,,,,Cash Only,Unclassified,False,2167.0666666666666,2166.2,2167.9333333333334,2167.9333333333334,2166.2,1.7333333333335759,0.07992130825034931,Narrow,Bullish,Above CPR,True,False,0.1,60,12171191.2,Lower,True,Risk Off,True,73.92857142857149,2076.764,1903.76,0.02344605475040584,0.6814253727276917,True,True,No setup,Neutral,0,Not applicable,No directional setup; confirmation score not applicable.,Narrow CPR,Not applicable,Not applicable,Narrow CPR; Wide CPR rules not applied,0,0,0,0
2026-09-24,2026-09-24,CM,NSE,STK,3126,INE231C01019,SHREYANIND,EQ,,,,,SHREYANS INDUSTRIES LTD,129.74,131.5,129.0,130.41,131.5,129.1,,130.41,,,1573,203568.33,31,F1,1,,,,,,Cash Only,Unclassified,False,130.3033333333333,130.25,130.35666666666663,130.35666666666663,130.25,0.1066666666666265,0.08179331850826355,Narrow,Bullish,Above CPR,True,False,0.1,60,742160.51,Higher,True,Risk Off,True,4.910000000000001,133.1416,139.7109,0.021724372029862826,0.27429151410925917,False,False,No setup,Neutral,0,Not applicable,No directional setup; confirmation score not applicable.,Narrow CPR,Not applicable,Not applicable,Narrow CPR; Wide CPR rules not applied,0,0,0,0
2026-09-24,2026-09-24,CM,NSE,STK,758941,INE0P6P01016,CPEDU,EQ,,,,,CAREER POINT EDUTECH LTD,180.0,182.89,175.0,179.17,180.0,179.52,,179.17,,,1697,300150.16,46,F1,1,,,,,,Cash Only,Unclassified,False,179.01999999999998,178.945,179.09499999999997,179.09499999999997,178.945,0.14999999999997726,0.08371937266282149,Narrow,Bullish,Above CPR,True,False,0.06666666666666667,60,1084787.305,Higher,True,Risk Off,True,7.879285714285716,193.6234,192.4319,0.019037258634753706,0.27669033239654295,False,False,No setup,Neutral,0,Not applicable,No directional setup; confirmation score not applicable.,Narrow CPR,Not applicable,Not applicable,Narrow CPR; Wide CPR rules not applied,0,0,0,0
2026-09-24,2026-09-24,CM,NSE,STK,14134,INE450D01021,PITTIENG,EQ,,,,,PITTI ENGINEERING LIMITED,1168.0,1179.0,1140.0,1161.0,1163.0,1167.1,,1160.86,,,101695,118100599.5,9970,F1,1,,,,,,Cash Only,Unclassified,False,1160.0,1159.5,1160.5,1160.5,1159.5,1.0,0.08613264427217916,Narrow,Bullish,Above CPR,True,False,0.1,60,61245328.425,Inside,True,Risk Off,True,50.55000000000003,1044.0339999999999,998.8985,0.019782393669634014,1.9283201272179316,True,True,No setup,Neutral,0,Not applicable,No directional setup; confirmation score not applicable.,Narrow CPR,Not applicable,Not applicable,Narrow CPR; Wide CPR rules not applied,0,0,0,0
2026-09-24,2026-09-24,CM,NSE,STK,9741,INE088F01024,PARADEEP,EQ,,,,,PARADEEP PHOSPHATES LTD,153.26,156.08,152.52,154.5,154.57,154.26,,154.49,,,1395578,215955009.4,27212,F1,1,,,,,,Cash Only,Chemicals,True,154.36666666666667,154.3,154.43333333333334,154.43333333333334,154.3,0.13333333333332575,0.08629989212512994,Narrow,Bullish,Above CPR,True,False,0.11666666666666667,60,452982919.32,Lower,True,Risk Off,True,4.7771428571428585,150.39440000000002,140.6239,0.027910685805421054,0.47673985086277226,True,True,No setup,Neutral,0,Not applicable,No directional setup; confirmation score not applicable.,Narrow CPR,Not applicable,Not applicable,Narrow CPR; Wide CPR rules not applied,0,0,0,0
2026-09-24,2026-09-24,CM,NSE,STK,763839,INE17QZ01016,KNACK,EQ,,,,,KNACK PACKAGING LIMITED,182.9,184.77,179.25,182.25,181.42,184.25,,182.25,,,805858,146702211.69,9983,F1,1,,,,,,Cash Only,Unclassified,False,182.09,182.01,182.17000000000002,182.17000000000002,182.01,0.160000000000025,0.08779149519891633,Narrow,Bullish,Above CPR,True,False,0.017857142857142856,56,199935050.085,Lower,True,Risk Off,True,5.660000000000001,193.92680000000001,,0.02826855123675353,0.7337493432373728,False,False,No setup,Neutral,0,Not applicable,No directional setup; confirmation score not applicable.,Narrow CPR,Not applicable,Not applicable,Narrow CPR; Wide CPR rules not applied,0,0,0,0
2026-09-24,2026-09-24,CM,NSE,STK,9810,INE0BWX01014,AETHER,EQ,,,,,AETHER INDUSTRIES LIMITED,1648.0,1659.0,1629.0,1646.2,1648.0,1648.2,,1646.2,,,112531,184905525.3,16340,F1,1,,,,,,Cash Only,Unclassified,False,1644.7333333333333,1644.0,1645.4666666666667,1645.4666666666667,1644.0,1.466666666666697,0.08909407524399811,Narrow,Bullish,Above CPR,True,False,0.11666666666666667,60,337371049.15,Lower,True,Risk Off,True,53.32857142857146,1590.95,1404.47,0.0275024555763913,0.5480776307447424,True,True,No setup,Neutral,0,Not applicable,No directional setup; confirmation score not applicable.,Narrow CPR,Not applicable,Not applicable,Narrow CPR; Wide CPR rules not applied,0,0,0,0
2026-09-24,2026-09-24,CM,NSE,STK,3715,INE709A01018,VLSFINANCE,EQ,,,,,VLS FINANCE LTD,241.15,242.16,236.35,239.58,242.0,241.15,,239.68,,,6473,1552725.81,260,F1,1,,,,,,Cash Only,Unclassified,False,239.36333333333334,239.255,239.4716666666667,239.4716666666667,239.255,0.21666666666669698,0.09043604084927664,Narrow,Bullish,Above CPR,True,False,0.18333333333333332,60,2484200.625,Inside,True,Risk Off,True,6.488571428571431,250.48860000000002,245.5835,0.03339204462058296,0.6250404232146105,False,False,No setup,Neutral,0,Not applicable,No directional setup; confirmation score not applicable.,Narrow CPR,Not applicable,Not applicable,Narrow CPR; Wide CPR rules not applied,0,-2,0,-2
2026-09-24,2026-09-24,CM,NSE,STK,20372,INE00Y201027,FLAIR,EQ,,,,,FLAIR WRITING INDUST LTD,238.99,248.0,237.26,242.96,243.95,240.79,,242.96,,,132147,32127350.58,4239,F1,1,,,,,,Cash Only,Unclassified,False,242.74,242.63,242.85000000000002,242.85000000000002,242.63,0.22000000000002728,0.09054988475470335,Narrow,Bullish,Above CPR,True,False,0.23333333333333334,60,21617540.314999998,Higher,True,Risk Off,True,9.249285714285715,247.98940000000002,268.9552,0.023785620511239336,1.4861704945084546,False,False,No setup,Neutral,0,Not applicable,No directional setup; confirmation score not applicable.,Narrow CPR,Not applicable,Not applicable,Narrow CPR; Wide CPR rules not applied,0,0,0,0
2026-09-24,2026-09-24,CM,NSE,STK,15266,INE576I01022,JKIL,EQ,,,,,JKUMAR INFR.LTD.,479.35,481.9,473.0,478.1,481.9,479.6,,478.09,,,37906,18021399.35,1482,F1,1,,,,,,Cash Only,Unclassified,False,477.6666666666667,477.45,477.8833333333334,477.8833333333334,477.45,0.43333333333339397,0.09063654744475924,Narrow,Bullish,Above CPR,True,False,0.15,60,27780112.15,Lower,True,Risk Off,True,11.260714285714272,490.58099999999996,492.311,0.03848186911936266,0.6487158602057697,False,False,No setup,Neutral,0,Not applicable,No directional setup; confirmation score not applicable.,Narrow CPR,Not applicable,Not applicable,Narrow CPR; Wide CPR rules not applied,0,0,0,0
2026-09-24,2026-09-24,CM,NSE,STK,338,INE164A01016,BALMLAWRIE,EQ,,,,,BALMER LAWRIE & CO LTD,167.0,167.0,161.05,164.25,164.72,167.43,,164.25,,,123861,20364831.34,2480,F1,1,,,,,,Cash Only,Unclassified,False,164.1,164.025,164.17499999999998,164.17499999999998,164.025,0.14999999999997726,0.09132420091322815,Narrow,Bullish,Above CPR,True,False,0.3,60,18061668.16,Lower,True,Risk Off,False,3.7157142857142844,173.8782,178.2734,0.04036908881198928,1.127516636868607,False,False,No setup,Neutral,0,Not applicable,No directional setup; confirmation score not applicable.,Narrow CPR,Not applicable,Not applicable,Narrow CPR; Wide CPR rules not applied,0,0,0,0
2026-09-24,2026-09-24,CM,NSE,STK,30244,INE415D01024,BHARATSE,EQ,,,,,BHARAT SEATS LIMITED,220.05,220.06,214.44,217.55,218.98,220.05,,217.6,,,75195,16319297.18,3886,F1,1,,,,,,Cash Only,Unclassified,False,217.35,217.25,217.45,217.45,217.25,0.19999999999998863,0.09193288899103132,Narrow,Bullish,Above CPR,True,False,0.1,60,54420005.815,Lower,True,Risk Off,True,9.369285714285715,222.92520000000002,210.8641,0.02134634443851369,0.29987679963646474,False,True,No setup,Neutral,0,Not applicable,No directional setup; confirmation score not applicable.,Narrow CPR,Not applicable,Not applicable,Narrow CPR; Wide CPR rules not applied,0,0,0,0
2026-09-24,2026-09-24,CM,NSE,STK,3607,INE279A01012,UNIVCABLES,EQ,,,,,UNIVERSAL CABLES LTD,1508.8,1539.8,1490.0,1517.0,1520.0,1508.8,,1517.02,,,128146,194321867.0,10584,F1,1,,,,,,Cash Only,Unclassified,False,1515.6000000000001,1514.9,1516.3000000000002,1516.3000000000002,1514.9,1.400000000000091,0.09228740936058609,Narrow,Bullish,Above CPR,True,False,0.05,60,177721149.9,Higher,True,Risk Off,True,76.71428571428571,1489.3519999999999,1320.0235,0.018249534450652957,1.0934087873578404,True,True,No setup,Neutral,0,Not applicable,No directional setup; confirmation score not applicable.,Narrow CPR,Not applicable,Not applicable,Narrow CPR; Wide CPR rules not applied,0,0,0,0
2026-09-24,2026-09-24,CM,NSE,STK,739,INE169A01031,COROMANDEL,EQ,,,,,COROMANDEL INTERNTL. LTD,1943.0,1957.4,1922.2,1942.5,1946.0,1956.0,,1942.47,,,368429,714714950.0,9865,F1,1,,,,,,Cash Only,Chemicals,True,1940.7,1939.8000000000002,1941.6,1941.6,1939.8000000000002,1.7999999999997272,0.09266409266407862,Narrow,Bullish,Above CPR,True,False,0.18333333333333332,60,232657840.65,Lower,True,Risk Off,True,42.60000000000001,2001.91,1964.683,0.04225352112675415,3.071957291459543,False,False,No setup,Neutral,0,Not applicable,No directional setup; confirmation score not applicable.,Narrow CPR,Not applicable,Not applicable,Narrow CPR; Wide CPR rules not applied,0,0,0,0
2026-09-24,2026-09-24,CM,NSE,STK,6543,INE137I01015,GRPLTD,EQ,,,,,GRP LIMITED,1951.0,2019.0,1951.0,1987.8,2000.0,2001.2,,1987.8,,,1031,2056111.3,244,F1,1,,,,,,Cash Only,Unclassified,False,1985.9333333333334,1985.0,1986.8666666666668,1986.8666666666668,1985.0,1.866666666666788,0.0939061609149204,Narrow,Bullish,Above CPR,True,False,0.05,60,2821299.4000000004,Lower,True,Risk Off,True,65.3285714285715,1989.056,1897.191,0.02857351118886399,0.728781674146317,False,True,No setup,Neutral,0,Not applicable,No directional setup; confirmation score not applicable.,Narrow CPR,Not applicable,Not applicable,Narrow CPR; Wide CPR rules not applied,0,0,0,0
2026-09-24,2026-09-24,CM,NSE,STK,27571,INE054301028,ODIGMA,EQ,,,,,ODIGMA CONSULTANCY SOL L,21.1,21.11,20.75,20.96,21.0,21.1,,21.05,,,6093,127335.75,207,F1,1,,,,,,Cash Only,Unclassified,False,20.94,20.93,20.950000000000003,20.950000000000003,20.93,0.020000000000003126,0.09541984732825919,Narrow,Bullish,Above CPR,True,False,0.06666666666666667,60,520446.13,Lower,True,Risk Off,True,0.9928571428571428,22.347800000000003,23.881499999999996,0.020143884892089483,0.24466653253815146,False,False,No setup,Neutral,0,Not applicable,No directional setup; confirmation score not applicable.,Narrow CPR,Not applicable,Not applicable,Narrow CPR; Wide CPR rules not applied,0,0,0,0
2026-09-24,2026-09-24,CM,NSE,STK,18608,INE07K301024,ZAGGLE,EQ,,,,,ZAGGLE PREPA OCEAN SER L,178.9,179.3,176.62,178.22,178.2,179.86,,178.21,,,676984,120610357.89,8266,F1,1,,,,,,Cash Only,Unclassified,False,178.04666666666665,177.96,178.1333333333333,178.1333333333333,177.96,0.17333333333328937,0.09725807054948343,Narrow,Bullish,Above CPR,True,False,0.1,60,140968753.915,Lower,True,Risk Off,True,6.3821428571428545,192.59,204.53349999999998,0.027159112105943507,0.8555822091094349,False,False,No setup,Neutral,0,Not applicable,No directional setup; confirmation score not applicable.,Narrow CPR,Not applicable,Not applicable,Narrow CPR; Wide CPR rules not applied,0,0,0,0
2026-09-24,2026-09-24,CM,NSE,STK,25780,INE702C01027,APLAPOLLO,EQ,,,,,APL APOLLO TUBES LTD,2177.0,2204.9,2158.2,2184.8,2184.8,2195.0,,2184.8,,,469774,1025949015.8,28227,F1,1,,,,,,F&O + Cash,Capital Goods,True,2182.6333333333337,2181.55,2183.716666666667,2183.716666666667,2181.55,2.16666666666697,0.09917002319054238,Narrow,Bullish,Above CPR,True,False,0.15,60,1037321797.75,Lower,True,Risk Off,True,65.66428571428574,2055.614,1947.7330000000002,0.03299612023641637,0.9890363993365722,True,True,No setup,Neutral,0,Not applicable,No directional setup; confirmation score not applicable.,Narrow CPR,Not applicable,Not applicable,Narrow CPR; Wide CPR rules not applied,0,0,0,0
2026-09-24,2026-09-24,CM,NSE,STK,4184,INE495C01010,SANGAMIND,EQ,,,,,SANGAM (INDIA) LTD,565.0,594.55,563.1,579.7,579.9,570.85,,579.76,,,38862,22640285.3,2254,F1,1,,,,,,Cash Only,Unclassified,False,579.1166666666667,578.825,579.4083333333333,579.4083333333333,578.825,0.5833333333332575,0.10062676096830386,Narrow,Bullish,Above CPR,True,False,0.15,60,13388930.375,Higher,True,Risk Off,True,18.724999999999998,591.888,562.1205,0.031152647975073836,1.6909704260076115,False,True,No setup,Neutral,0,Not applicable,No directional setup; confirmation score not applicable.,Narrow CPR,Not applicable,Not applicable,Narrow CPR; Wide CPR rules not applied,0,0,0,0
2026-09-24,2026-09-24,CM,NSE,STK,474,INE470A01017,3MINDIA,EQ,,,,,3M INDIA LIMITED,34600.0,34790.0,34285.0,34590.0,34700.0,34615.0,,34589.41,,,1608,55614305.0,984,F1,1,,,,,,Cash Only,Diversified,True,34555.0,34537.5,34572.5,34572.5,34537.5,35.0,0.1011853136744724,Narrow,Bullish,Above CPR,True,False,0.21666666666666667,60,101204015.0,Lower,True,Risk Off,True,922.1428571428571,34396.2,33673.2,0.037955073586367155,0.5495266665062646,True,True,No setup,Neutral,0,Not applicable,No directional setup; confirmation score not applicable.,Narrow CPR,Not applicable,Not applicable,Narrow CPR; Wide CPR rules not applied,0,0,0,0
2026-09-24,2026-09-24,CM,NSE,STK,3324,INE287B01021,SUBROS,EQ,,,,,SUBROS LIMITED,725.0,729.95,708.05,720.1,719.0,731.5,,720.09,,,27699,19924871.45,2220,F1,1,,,,,,Cash Only,Unclassified,False,719.3666666666667,719.0,719.7333333333333,719.7333333333333,719.0,0.7333333333333485,0.10183770772578093,Narrow,Bullish,Above CPR,True,False,0.18333333333333332,60,26290357.925,Lower,True,Risk Off,True,22.41428571428573,751.9889999999999,760.6105,0.03271722965795689,0.7578775270706019,False,False,No setup,Neutral,0,Not applicable,No directional setup; confirmation score not applicable.,Narrow CPR,Not applicable,Not applicable,Narrow CPR; Wide CPR rules not applied,0,0,0,0
2026-09-24,2026-09-24,CM,NSE,STK,1480,INE364Z01019,REPL,EQ,,,,,RUDRABHISHEK ENTERP LTD,57.7,64.05,57.0,60.62,64.05,58.23,,60.62,,,4259,251859.71,109,F1,1,,,,,,Cash Only,Unclassified,False,60.556666666666665,60.525,60.58833333333333,60.58833333333333,60.525,0.06333333333333258,0.1044759705267776,Narrow,Bullish,Above CPR,True,False,0.13333333333333333,60,819979.56,Higher,True,Risk Off,True,5.530714285714285,71.48020000000001,86.2816,0.01145120323733251,0.3071536441713254,False,False,No setup,Neutral,0,Not applicable,No directional setup; confirmation score not applicable.,Narrow CPR,Not applicable,Not applicable,Narrow CPR; Wide CPR rules not applied,0,0,0,0
2026-09-24,2026-09-24,CM,NSE,STK,29224,INE013P01021,ONESOURCE,EQ,,,,,ONESOURCE SPECL PHARMA L,1596.5,1605.0,1579.2,1594.6,1603.0,1596.7,,1594.01,,,104912,166924840.8,12715,F1,1,,,,,,Cash Only,Healthcare,True,1592.9333333333332,1592.1,1593.7666666666664,1593.7666666666664,1592.1,1.666666666666515,0.10451941970817229,Narrow,Bullish,Above CPR,True,False,0.1,60,296995359.25,Lower,True,Risk Off,True,58.449999999999996,1584.9820000000002,1652.2040000000002,0.02851439977188221,0.5620452832042021,True,False,No setup,Neutral,0,Not applicable,No directional setup; confirmation score not applicable.,Narrow CPR,Not applicable,Not applicable,Narrow CPR; Wide CPR rules not applied,0,0,0,0
2026-09-24,2026-09-24,CM,NSE,STK,20374,INE522F01014,COALINDIA,EQ,,,,,COAL INDIA LTD,422.0,423.85,418.8,422.0,422.0,424.55,,422.0,,,3565762,1502116002.05,51623,F1,1,,,,,,F&O + Cash,Oil Gas & Consumable Fuels,True,421.55,421.32500000000005,421.775,421.775,421.32500000000005,0.4499999999999318,0.10663507109003123,Narrow,Bullish,Above CPR,True,False,0.21666666666666667,60,2392888574.475,Lower,True,Risk Off,True,8.467857142857143,415.80400000000003,433.95849999999996,0.05314213412061615,0.6277417252408272,True,False,No setup,Neutral,0,Not applicable,No directional setup; confirmation score not applicable.,Narrow CPR,Not applicable,Not applicable,Narrow CPR; Wide CPR rules not applied,0,0,0,0
2026-09-24,2026-09-24,CM,NSE,STK,5352,INE0GFE01026,EXXARO,EQ,,,,,EXXARO TILES LIMITED,6.3,6.3,6.16,6.24,6.25,6.27,,6.24,,,102930,641937.2,267,F1,1,,,,,,Cash Only,Unclassified,False,6.233333333333334,6.23,6.236666666666668,6.236666666666668,6.23,0.006666666666667709,0.10683760683762354,Narrow,Bullish,Above CPR,True,False,0.2,60,1153812.545,Overlapping,True,Risk Off,True,0.23857142857142843,6.325400000000001,6.5036000000000005,0.02794411177645149,0.5563617788537738,False,False,No setup,Neutral,0,Not applicable,No directional setup; confirmation score not applicable.,Narrow CPR,Not applicable,Not applicable,Narrow CPR; Wide CPR rules not applied,0,0,0,0
2026-09-24,2026-09-24,CM,NSE,STK,764985,INE362D01010,VIJSOLX,EQ,,,,,VIJAY SOLVEX LTD.,634.0,636.05,634.0,636.05,636.05,632.3,,640.0,,,7,4442.1,2,F1,1,,,,,,Cash Only,Unclassified,False,635.3666666666667,635.025,635.7083333333334,635.7083333333334,635.025,0.683333333333394,0.10743390194692147,Narrow,Bullish,Above CPR,True,False,0.07142857142857142,28,164123.8,Higher,True,Risk Off,True,26.79285714285715,,,0.025504309961790223,0.027065544424391835,False,False,No setup,Neutral,0,Not applicable,No directional setup; confirmation score not applicable.,Narrow CPR,Not applicable,Not applicable,Narrow CPR; Wide CPR rules not applied,0,0,0,0
2026-09-24,2026-09-24,CM,NSE,STK,10925,INE233A01035,GODREJIND,EQ,,,,,GODREJ INDUSTRIES LTD,1102.0,1109.1,1085.3,1099.0,1091.0,1106.0,,1098.91,,,38073,41850914.1,4465,F1,1,,,,,,Cash Only,Diversified,True,1097.8,1097.1999999999998,1098.4,1098.4,1097.1999999999998,1.2000000000002728,0.10919017288446523,Narrow,Bullish,Above CPR,True,False,0.2,60,103895496.05000001,Lower,True,Risk Off,True,31.450000000000028,1223.296,1181.5585,0.03815580286169386,0.40281740490328016,False,False,No setup,Neutral,0,Not applicable,No directional setup; confirmation score not applicable.,Narrow CPR,Not applicable,Not applicable,Narrow CPR; Wide CPR rules not applied,0,0,0,0
2026-09-24,2026-09-24,CM,NSE,STK,760213,INE324D01010,LGEINDIA,EQ,,,,,LG ELECTRONICS INDIA LTD,1685.0,1719.9,1669.9,1697.7,1695.8,1694.2,,1697.7,,,527914,898273877.6,58428,F1,1,,,,,,Cash Only,Consumer Durables,True,1695.8333333333333,1694.9,1696.7666666666664,1696.7666666666664,1694.9,1.8666666666663332,0.10995268107830201,Narrow,Bullish,Above CPR,True,False,0.11666666666666667,60,624196080.75,Higher,True,Risk Off,True,40.749999999999986,1616.68,1580.818,0.04580777096113703,1.4390892626571494,True,True,No setup,Neutral,0,Not applicable,No directional setup; confirmation score not applicable.,Narrow CPR,Not applicable,Not applicable,Narrow CPR; Wide CPR rules not applied,0,0,0,0
2026-09-24,2026-09-24,CM,NSE,STK,16927,INE839G01010,JOCIL,EQ,,,,,JOCIL LIMITED,148.72,149.0,144.01,146.75,146.75,148.71,,146.75,,,1650,243309.98,50,F1,1,,,,,,Cash Only,Unclassified,False,146.58666666666667,146.505,146.66833333333335,146.66833333333335,146.505,0.1633333333333553,0.11130039750143461,Narrow,Bullish,Above CPR,True,False,0.08333333333333333,60,598229.22,Lower,True,Risk Off,True,10.929285714285713,135.5756,129.5189,0.014944557000633778,0.4067169771479902,True,True,No setup,Neutral,0,Not applicable,No directional setup; confirmation score not applicable.,Narrow CPR,Not applicable,Not applicable,Narrow CPR; Wide CPR rules not applied,0,0,0,0
2026-09-24,2026-09-24,CM,NSE,STK,25941,INE497S01012,GODAVARIB,EQ,,,,,GODAVARI BIOREFINERIES L,238.9,242.0,234.5,238.65,241.83,239.43,,238.66,,,69191,16406570.85,1778,F1,1,,,,,,Cash Only,Unclassified,False,238.38333333333333,238.25,238.51666666666665,238.51666666666665,238.25,0.2666666666666515,0.1117396466233612,Narrow,Bullish,Above CPR,True,False,0.16666666666666666,60,25112041.725,Lower,True,Risk Off,True,9.56142857142857,250.74379999999996,269.2484,0.027889835151151367,0.6533348036637988,False,False,No setup,Neutral,0,Not applicable,No directional setup; confirmation score not applicable.,Narrow CPR,Not applicable,Not applicable,Narrow CPR; Wide CPR rules not applied,0,0,0,0
2026-09-24,2026-09-24,CM,NSE,STK,11630,INE733E01010,NTPC,EQ,,,,,NTPC LTD,326.95,327.7,324.4,326.6,326.6,326.0,,326.59,,,7662580,2500370084.5,86371,F1,1,,,,,,F&O + Cash,Power,True,326.2333333333333,326.04999999999995,326.41666666666663,326.41666666666663,326.04999999999995,0.36666666666667425,0.11226780975709559,Narrow,Bullish,Above CPR,True,False,0.4,60,2662410159.75,Overlapping,True,Risk Off,False,4.596428571428569,337.694,353.8185,0.07977207977208146,0.9391378241791206,False,False,No setup,Neutral,0,Not applicable,No directional setup; confirmation score not applicable.,Narrow CPR,Not applicable,Not applicable,Narrow CPR; Wide CPR rules not applied,0,0,0,0
2026-09-24,2026-09-24,CM,NSE,STK,11779,INE543V01017,ACEINTEG,EQ,,,,,ACE INTEGRATED SOLU. LTD.,17.78,17.87,17.49,17.71,17.74,17.43,,17.71,,,920,16342.22,16,F1,1,,,,,,Cash Only,Unclassified,False,17.69,17.68,17.700000000000003,17.700000000000003,17.68,0.020000000000003126,0.11293054771317405,Narrow,Bullish,Above CPR,True,False,0.05,60,57408.435,Inside,True,Risk Off,True,1.0849999999999997,18.2992,19.404,0.01843317972350519,0.2846658335138382,False,False,No setup,Neutral,0,Not applicable,No directional setup; confirmation score not applicable.,Narrow CPR,Not applicable,Not applicable,Narrow CPR; Wide CPR rules not applied,0,0,0,0
2026-09-24,2026-09-24,CM,NSE,STK,12153,INE01EE01011,BBTCL,EQ,,,,,B&B TRIPLEWALL CONT LTD,232.69,234.02,223.52,229.17,231.8,231.3,,229.25,,,5451,1249282.1,372,F1,1,,,,,,Cash Only,Unclassified,False,228.90333333333334,228.77,229.03666666666666,229.03666666666666,228.77,0.2666666666666515,0.11636194382626502,Narrow,Bullish,Above CPR,True,False,0.1,60,1188058.48,Lower,True,Risk Off,True,9.28928571428572,227.9552,218.87439999999998,0.028706907599639515,1.051532496952507,True,True,No setup,Neutral,0,Not applicable,No directional setup; confirmation score not applicable.,Narrow CPR,Not applicable,Not applicable,Narrow CPR; Wide CPR rules not applied,0,0,0,0
2026-09-24,2026-09-24,CM,NSE,STK,14339,INE460C01014,GANESHHOU,EQ,,,,,GANESH HOUSING LIMITED,746.1,746.1,725.0,736.85,736.9,746.1,,736.85,,,50131,36943761.1,1688,F1,1,,,,,,Cash Only,Unclassified,False,735.9833333333332,735.55,736.4166666666665,736.4166666666665,735.55,0.8666666666665606,0.11761778742845364,Narrow,Bullish,Above CPR,True,False,0.1,60,20301917.025,Lower,True,Risk Off,True,21.52857142857145,783.193,766.797,0.04025658040256084,1.819717864796071,False,False,No setup,Neutral,0,Not applicable,No directional setup; confirmation score not applicable.,Narrow CPR,Not applicable,Not applicable,Narrow CPR; Wide CPR rules not applied,0,0,0,0
2026-09-24,2026-09-24,CM,NSE,STK,22360,INE813V01022,MCL,EQ,,,,,M TEK COPPER LIMITED,61.0,63.0,60.0,61.61,61.0,60.75,,61.61,,,143738,8841200.21,2016,F1,1,,,,,,Cash Only,Unclassified,False,61.53666666666667,61.5,61.57333333333334,61.57333333333334,61.5,0.07333333333333769,0.11902829627225724,Narrow,Bullish,Above CPR,True,False,0.11666666666666667,60,2283289.885,Higher,True,Risk Off,True,2.920714285714285,56.707,57.156499999999994,0.025108013369203423,3.872132166871138,True,True,No setup,Neutral,0,Not applicable,No directional setup; confirmation score not applicable.,Narrow CPR,Not applicable,Not applicable,Narrow CPR; Wide CPR rules not applied,0,0,0,0
2026-09-24,2026-09-24,CM,NSE,STK,29284,INE665J01013,VMART,EQ,,,,,VMART RETAIL LTD,782.0,784.45,760.15,773.7,773.0,786.6,,773.7,,,142108,109560017.75,10453,F1,1,,,,,,Cash Only,Unclassified,False,772.7666666666668,772.3,773.2333333333336,773.2333333333336,772.3,0.9333333333336213,0.12063245874804462,Narrow,Bullish,Above CPR,True,False,0.16666666666666666,60,65850118.0,Lower,True,Risk Off,True,24.439285714285706,799.592,755.3415,0.038189877733949155,1.6637786093261062,False,True,No setup,Neutral,0,Not applicable,No directional setup; confirmation score not applicable.,Narrow CPR,Not applicable,Not applicable,Narrow CPR; Wide CPR rules not applied,0,0,0,0
2026-09-24,2026-09-24,CM,NSE,STK,13111,INE569C01020,ORIENTCER,EQ,,,,,ORIENT CERATECH LIMITED,47.7,47.99,45.5,46.83,47.38,47.7,,46.84,,,81986,3842972.23,1146,F1,1,,,,,,Cash Only,Unclassified,False,46.77333333333333,46.745000000000005,46.80166666666666,46.80166666666666,46.745000000000005,0.05666666666665776,0.12100505374046074,Narrow,Bullish,Above CPR,True,False,0.13333333333333333,60,3091853.26,Lower,True,Risk Off,True,2.395,43.59,41.961499999999994,0.023660403618646245,1.2429348700720682,True,True,No setup,Neutral,0,Not applicable,No directional setup; confirmation score not applicable.,Narrow CPR,Not applicable,Not applicable,Narrow CPR; Wide CPR rules not applied,0,0,0,0
2026-09-24,2026-09-24,CM,NSE,STK,759239,INE734I01027,FINKURVE,EQ,,,,,FINKURVE FINANCIAL SERV L,69.2,71.0,69.1,70.18,70.5,70.12,,70.17,,,15875,1108608.73,407,F1,1,,,,,,Cash Only,Unclassified,False,70.09333333333333,70.05,70.13666666666667,70.13666666666667,70.05,0.08666666666667311,0.12349197302176276,Narrow,Bullish,Above CPR,True,False,0.08333333333333333,60,4198402.13,Lower,True,Risk Off,True,4.969285714285716,68.054,67.11540000000001,0.017440467634518085,0.264054917959943,True,True,No setup,Neutral,0,Not applicable,No directional setup; confirmation score not applicable.,Narrow CPR,Not applicable,Not applicable,Narrow CPR; Wide CPR rules not applied,0,0,0,0
2026-09-24,2026-09-24,CM,NSE,STK,757545,INE103V01028,TRAVELFOOD,EQ,,,,,TRAVEL FOOD SERVICES LTD,1214.0,1224.0,1199.9,1214.2,1219.0,1214.5,,1214.01,,,12316,14855958.0,3015,F1,1,,,,,,Cash Only,Consumer Services,True,1212.7,1211.95,1213.45,1213.45,1211.95,1.5,0.12353813210344258,Narrow,Bullish,Above CPR,True,False,0.16666666666666666,60,33305231.049999997,Lower,True,Risk Off,True,34.18571428571431,1301.42,1275.52,0.043877977434183,0.446054794746725,False,False,No setup,Neutral,0,Not applicable,No directional setup; confirmation score not applicable.,Narrow CPR,Not applicable,Not applicable,Narrow CPR; Wide CPR rules not applied,0,0,0,0
2026-09-24,2026-09-24,CM,NSE,STK,6964,INE0BJS01011,GOCOLORS,EQ,,,,,GO FASHION INDIA LTD,315.05,323.9,311.6,318.35,317.35,317.55,,318.34,,,85831,27266073.3,3247,F1,1,,,,,,Cash Only,Unclassified,False,317.95,317.75,318.15,318.15,317.75,0.39999999999997726,0.12564787183916357,Narrow,Bullish,Above CPR,True,False,0.11666666666666667,60,48807762.025,Higher,True,Risk Off,True,11.199999999999992,327.81800000000004,332.7685000000001,0.03571428571428371,0.5586421538040188,False,False,No setup,Neutral,0,Not applicable,No directional setup; confirmation score not applicable.,Narrow CPR,Not applicable,Not applicable,Narrow CPR; Wide CPR rules not applied,0,0,0,0
2026-09-24,2026-09-24,CM,NSE,STK,480,INE340A01012,BIRLACORPN,EQ,,,,,BIRLA CORPORATION LTD,831.0,849.75,828.85,840.9,843.4,839.95,,840.89,,,60283,50745444.55,5490,F1,1,,,,,,Cash Only,Unclassified,False,839.8333333333334,839.3,840.3666666666668,840.3666666666668,839.3,1.0666666666668334,0.1268482181789551,Narrow,Bullish,Above CPR,True,False,0.16666666666666666,60,50810893.575,Higher,True,Risk Off,True,23.410714285714295,891.187,939.7925,0.0455631833206275,0.9987119095848335,False,False,No setup,Neutral,0,Not applicable,No directional setup; confirmation score not applicable.,Narrow CPR,Not applicable,Not applicable,Narrow CPR; Wide CPR rules not applied,0,0,0,0
2026-09-24,2026-09-24,CM,NSE,STK,14058,INE989A01032,SANGHVIMOV,EQ,,,,,SANGHVI MOVERS LTD,439.4,460.65,430.55,446.45,445.5,441.75,,446.44,,,406457,182787733.75,14863,F1,1,,,,,,Cash Only,Unclassified,False,445.8833333333334,445.6,446.16666666666674,446.16666666666674,445.6,0.5666666666667197,0.12692724082578558,Narrow,Bullish,Above CPR,True,False,0.13333333333333333,60,156945398.22500002,Higher,True,Risk Off,True,18.707142857142852,453.58,420.094,0.030291459844727295,1.1646581283508033,False,True,No setup,Neutral,0,Not applicable,No directional setup; confirmation score not applicable.,Narrow CPR,Not applicable,Not applicable,Narrow CPR; Wide CPR rules not applied,0,0,0,0
2026-09-24,2026-09-24,CM,NSE,STK,15347,INE871H01011,GSS,EQ,,,,,GSS INFOTECH LIMITED,10.52,10.86,10.06,10.48,10.45,10.51,,10.47,,,34851,365438.9,309,F1,1,,,,,,Cash Only,Unclassified,False,10.466666666666667,10.46,10.473333333333333,10.473333333333333,10.46,0.013333333333331865,0.12722646310431168,Narrow,Bullish,Above CPR,True,False,0.06666666666666667,60,539957.5249999999,Lower,True,Risk Off,True,0.7057142857142857,12.2296,12.793199999999999,0.018893387314437866,0.6767919384029328,False,False,No setup,Neutral,0,Not applicable,No directional setup; confirmation score not applicable.,Narrow CPR,Not applicable,Not applicable,Narrow CPR; Wide CPR rules not applied,0,0,0,0
2026-09-24,2026-09-24,CM,NSE,STK,1593,INE0APB01032,MGEL,EQ,,,,,MANGALAM GLOBAL ENT LTD,15.7,15.9,15.3,15.63,15.51,15.49,,15.62,,,3566425,55304667.66,1214,F1,1,,,,,,Cash Only,Unclassified,False,15.610000000000001,15.600000000000001,15.620000000000001,15.620000000000001,15.600000000000001,0.019999999999999574,0.1279590531030043,Narrow,Bullish,Above CPR,True,False,0.1,60,4203201.6,Higher,True,Risk Off,True,1.084285714285714,14.2236,12.8078,0.01844532279314849,13.157748050914332,True,True,No setup,Neutral,0,Not applicable,No directional setup; confirmation score not applicable.,Narrow CPR,Not applicable,Not applicable,Narrow CPR; Wide CPR rules not applied,0,0,0,0
2026-09-24,2026-09-24,CM,NSE,STK,15313,INE821I01022,IRB,EQ,,,,,IRB INFRA DEV LTD.,17.8,17.95,17.74,17.88,17.88,18.03,,17.88,,,9762664,174316912.53,19854,F1,1,,,,,,Cash Only,Construction,True,17.856666666666666,17.845,17.868333333333332,17.868333333333332,17.845,0.023333333333333428,0.130499627143923,Narrow,Bullish,Above CPR,True,False,0.23333333333333334,60,141118444.96,Lower,True,Risk Off,True,0.5571428571428569,19.352800000000002,20.2147,0.041880341880342065,1.235252504230826,False,False,No setup,Neutral,0,Not applicable,No directional setup; confirmation score not applicable.,Narrow CPR,Not applicable,Not applicable,Narrow CPR; Wide CPR rules not applied,0,0,-2,-2
2026-09-24,2026-09-24,CM,NSE,STK,764788,INE596B01017,MUKESHB,EQ,,,,,MUKESH BABU FINANC SER L,126.5,127.0,126.5,127.0,127.0,132.98,,127.0,,,40,5070.0,3,F1,1,,,,,,Cash Only,Unclassified,False,126.83333333333333,126.75,126.91666666666666,126.91666666666666,126.75,0.1666666666666572,0.13123359580051747,Narrow,Bullish,Above CPR,True,False,0.43478260869565216,23,27702.05,Lower,True,Risk Off,False,4.425714285714285,,,0.037658704540561666,0.18301894625127021,False,False,No setup,Neutral,0,Not applicable,No directional setup; confirmation score not applicable.,Narrow CPR,Not applicable,Not applicable,Narrow CPR; Wide CPR rules not applied,0,0,0,0
2026-09-24,2026-09-24,CM,NSE,STK,27067,INE050M01012,VSSL,EQ,,,,,VARDHMAN SPC STEEL LTD,410.7,418.35,390.05,405.0,405.0,413.6,,405.13,,,115559,47407854.65,5149,F1,1,,,,,,Cash Only,Unclassified,False,404.4666666666667,404.20000000000005,404.73333333333335,404.73333333333335,404.20000000000005,0.533333333333303,0.13168724279834643,Narrow,Bullish,Above CPR,True,False,0.13333333333333333,60,39710603.9,Lower,True,Risk Off,True,21.071428571428573,347.399,312.21299999999997,0.025310734463275395,1.193833636209194,True,True,No setup,Neutral,0,Not applicable,No directional setup; confirmation score not applicable.,Narrow CPR,Not applicable,Not applicable,Narrow CPR; Wide CPR rules not applied,0,0,0,0
2026-09-24,2026-09-24,CM,NSE,STK,18365,INE262H01021,PERSISTENT,EQ,,,,,PERSISTENT SYSTEMS LTD,5188.0,5345.0,5188.0,5277.0,5277.0,5240.0,,5277.0,,,411640,2183141031.5,30886,F1,1,,,,,,F&O + Cash,Information Technology,True,5270.0,5266.5,5273.5,5273.5,5266.5,7.0,0.13265112753458402,Narrow,Bullish,Above CPR,True,False,0.11666666666666667,60,2589178741.5,Inside,True,Risk Off,True,141.82142857142858,5474.223999999999,5201.946999999999,0.049357844371694784,0.8431789572917749,False,True,No setup,Neutral,0,Not applicable,No directional setup; confirmation score not applicable.,Narrow CPR,Not applicable,Not applicable,Narrow CPR; Wide CPR rules not applied,0,0,0,0
2026-09-24,2026-09-24,CM,NSE,STK,759439,INE0R8B01010,PATELRMART,EQ,,,,,PATEL RETAIL LIMITED,210.1,210.1,203.12,207.03,208.0,210.33,,207.03,,,117165,24206883.85,2395,F1,1,,,,,,Cash Only,Unclassified,False,206.75,206.61,206.89,206.89,206.61,0.2799999999999727,0.13524609959907874,Narrow,Bullish,Above CPR,True,False,0.13333333333333333,60,16332932.23,Lower,True,Risk Off,True,6.245,220.2446,214.5941,0.0448358686949516,1.482090509476142,False,False,No setup,Neutral,0,Not applicable,No directional setup; confirmation score not applicable.,Narrow CPR,Not applicable,Not applicable,Narrow CPR; Wide CPR rules not applied,0,0,0,0
2026-09-24,2026-09-24,CM,NSE,STK,21362,INE170V01027,SALASAR,EQ,,,,,SALASAR TECHNO ENGG. LTD.,4.92,4.94,4.86,4.91,4.93,4.94,,4.91,,,2533913,12394344.03,2818,F1,1,,,,,,Cash Only,Unclassified,False,4.903333333333333,4.9,4.906666666666666,4.906666666666666,4.9,0.0066666666666659324,0.13577732518667884,Narrow,Bullish,Above CPR,True,False,0.21666666666666667,60,15138556.82,Lower,True,Risk Off,True,0.20928571428571446,5.6402,6.216800000000001,0.03185437997724334,0.8187269220818633,False,False,No setup,Neutral,0,Not applicable,No directional setup; confirmation score not applicable.,Narrow CPR,Not applicable,Not applicable,Narrow CPR; Wide CPR rules not applied,0,0,0,0
2026-09-24,2026-09-24,CM,NSE,STK,14096,INE076B01028,SIYSIL,EQ,,,,,SIYARAM SILK MILLS LTD,540.55,544.8,532.2,539.6,543.0,540.55,,539.32,,,21521,11615008.85,1720,F1,1,,,,,,Cash Only,Unclassified,False,538.8666666666667,538.5,539.2333333333333,539.2333333333333,538.5,0.7333333333333485,0.13590313812701046,Narrow,Bullish,Above CPR,True,False,0.13333333333333333,60,23215360.675,Inside,True,Risk Off,True,17.149999999999984,590.292,599.971,0.04275996112730899,0.5003156751515772,False,False,No setup,Neutral,0,Not applicable,No directional setup; confirmation score not applicable.,Narrow CPR,Not applicable,Not applicable,Narrow CPR; Wide CPR rules not applied,0,0,0,0
2026-09-24,2026-09-24,CM,NSE,STK,24265,INE778B01029,ESTER,EQ,,,,,ESTER INDUSTRIES LTD,88.0,88.51,84.91,86.89,86.1,88.32,,86.89,,,100440,8720591.56,1378,F1,1,,,,,,Cash Only,Unclassified,False,86.77,86.71000000000001,86.82999999999998,86.82999999999998,86.71000000000001,0.11999999999997613,0.13810565082285203,Narrow,Bullish,Above CPR,True,False,0.13333333333333333,60,5216897.135,Lower,True,Risk Off,True,2.7749999999999995,91.55480000000001,92.1625,0.04324324324323465,1.6716050430616745,False,False,No setup,Neutral,0,Not applicable,No directional setup; confirmation score not applicable.,Narrow CPR,Not applicable,Not applicable,Narrow CPR; Wide CPR rules not applied,0,0,0,0
2026-09-24,2026-09-24,CM,NSE,STK,11065,INE448G01010,NATHBIOGEN,EQ,,,,,NATH BIO-GENES (I) LTD,149.5,151.49,148.3,150.21,150.8,148.02,,150.22,,,8860,1327340.79,389,F1,1,,,,,,Cash Only,Unclassified,False,150.0,149.895,150.105,150.105,149.895,0.20999999999997954,0.13980427401636344,Narrow,Bullish,Above CPR,True,False,0.21666666666666667,60,1588596.2650000001,Higher,True,Risk Off,True,4.650714285714285,155.4776,161.6814,0.045154354169861986,0.8355431894459351,False,False,No setup,Neutral,0,Not applicable,No directional setup; confirmation score not applicable.,Narrow CPR,Not applicable,Not applicable,Narrow CPR; Wide CPR rules not applied,0,0,0,0
2026-09-24,2026-09-24,CM,NSE,STK,8797,INE426Z01016,OBCL,EQ,,,,,OBCL LIMITED,60.27,60.49,58.1,59.42,59.4,60.27,,59.42,,,16912,1017058.34,138,F1,1,,,,,,Cash Only,Unclassified,False,59.336666666666666,59.295,59.37833333333333,59.37833333333333,59.295,0.0833333333333286,0.14024458655895083,Narrow,Bullish,Above CPR,True,False,0.08333333333333333,60,313045.51,Lower,True,Risk Off,True,2.143571428571429,54.7184,54.8801,0.038875930245471514,3.248915277526261,True,True,No setup,Neutral,0,Not applicable,No directional setup; confirmation score not applicable.,Narrow CPR,Not applicable,Not applicable,Narrow CPR; Wide CPR rules not applied,0,0,0,0
2026-09-24,2026-09-24,CM,NSE,STK,3002,INE066O01014,WONDERLA,EQ,,,,,WONDERLA HOLIDAYS LTD.,508.0,511.7,506.05,509.95,508.7,510.75,,509.95,,,62008,31595450.95,1822,F1,1,,,,,,Cash Only,Unclassified,False,509.23333333333335,508.875,509.5916666666667,509.5916666666667,508.875,0.716666666666697,0.1405366539203249,Narrow,Bullish,Above CPR,True,False,0.23333333333333334,60,31123440.075,Lower,True,Risk Off,True,13.85357142857144,498.56700000000006,491.8225,0.05173154593108404,1.015165768111191,True,True,No setup,Neutral,0,Not applicable,No directional setup; confirmation score not applicable.,Narrow CPR,Not applicable,Not applicable,Narrow CPR; Wide CPR rules not applied,0,0,0,0
2026-09-24,2026-09-24,CM,NSE,STK,14788,INE232I01014,SPARC,EQ,,,,,SUN PHARMA ADV.RES.CO.LTD,205.28,206.78,200.32,203.98,204.0,205.65,,203.97,,,907336,184488445.5,18375,F1,1,,,,,,Cash Only,Unclassified,False,203.69333333333336,203.55,203.8366666666667,203.8366666666667,203.55,0.28666666666669016,0.14053665392033052,Narrow,Bullish,Above CPR,True,False,0.11666666666666667,60,190996640.745,Inside,True,Risk Off,True,7.555000000000002,204.9206,210.12580000000003,0.037943966468125756,0.9659250800453129,False,False,No setup,Neutral,0,Not applicable,No directional setup; confirmation score not applicable.,Narrow CPR,Not applicable,Not applicable,Narrow CPR; Wide CPR rules not applied,0,0,0,0
2026-09-24,2026-09-24,CM,NSE,STK,3099,INE232A01011,SHREDIGCEM,EQ,,,,,SHREE DIGVIJAY CEM CO LTD,69.25,69.25,65.5,67.52,67.91,68.8,,67.52,,,90814,6121405.06,1264,F1,1,,,,,,Cash Only,Unclassified,False,67.42333333333333,67.375,67.47166666666666,67.47166666666666,67.375,0.09666666666666401,0.1431674565560782,Narrow,Bullish,Above CPR,True,False,0.15,60,6018959.33,Lower,True,Risk Off,True,2.5214285714285722,71.9598,72.76530000000001,0.038338054768648606,1.0170205054367762,False,False,No setup,Neutral,0,Not applicable,No directional setup; confirmation score not applicable.,Narrow CPR,Not applicable,Not applicable,Narrow CPR; Wide CPR rules not applied,0,0,0,0
2026-09-24,2026-09-24,CM,NSE,STK,1168,INE075D01018,GMBREW,EQ,,,,,G M BREWERIES LTD,968.0,978.3,952.0,967.25,967.0,968.3,,967.36,,,51293,49607613.05,4024,F1,1,,,,,,Cash Only,Unclassified,False,965.85,965.15,966.5500000000001,966.5500000000001,965.15,1.400000000000091,0.14474024295684582,Narrow,Bullish,Above CPR,True,False,0.25,60,21746857.275,Overlapping,True,Risk Off,True,23.989285714285717,907.059,916.9655,0.058359386630940216,2.2811394043142266,True,True,No setup,Neutral,0,Not applicable,No directional setup; confirmation score not applicable.,Narrow CPR,Not applicable,Not applicable,Narrow CPR; Wide CPR rules not applied,0,0,-2,-2
2026-09-24,2026-09-24,CM,NSE,STK,20160,INE068L01024,CANTABIL,EQ,,,,,CANTABIL RETAIL LTD,238.73,239.8,236.2,238.52,238.0,238.55,,238.52,,,104044,24789233.45,1392,F1,1,,,,,,Cash Only,Unclassified,False,238.17333333333332,238.0,238.34666666666664,238.34666666666664,238.0,0.3466666666666356,0.14534071216947658,Narrow,Bullish,Above CPR,True,False,0.15,60,28835863.035,Lower,True,Risk Off,True,5.74214285714286,240.65900000000002,236.2834,0.060372351453326235,0.8596667774400115,False,True,No setup,Neutral,0,Not applicable,No directional setup; confirmation score not applicable.,Narrow CPR,Not applicable,Not applicable,Narrow CPR; Wide CPR rules not applied,0,0,0,0
2026-09-24,2026-09-24,CM,NSE,STK,1838,INE036D01028,KARURVYSYA,EQ,,,,,KARUR VYSYA BANK LTD,323.15,327.55,321.0,325.0,323.8,324.45,,324.96,,,1136510,369039271.15,37733,F1,1,,,,,,Cash Only,Financial Services,True,324.51666666666665,324.275,324.7583333333333,324.7583333333333,324.275,0.4833333333333485,0.14871794871795338,Narrow,Bullish,Above CPR,True,False,0.2,60,579479913.55,Higher,True,Risk Off,True,8.982142857142861,335.889,314.623,0.053810470510273364,0.636845665433333,False,True,No setup,Neutral,0,Not applicable,No directional setup; confirmation score not applicable.,Narrow CPR,Not applicable,Not applicable,Narrow CPR; Wide CPR rules not applied,0,0,0,0
2026-09-24,2026-09-24,CM,NSE,STK,764975,INE693D01018,VADILENT,EQ,,,,,VADILAL ENTERPRISES LTD.,10310.0,10310.0,10250.0,10303.0,10250.0,10370.0,,10328.41,,,11,113328.0,8,F1,1,,,,,,Cash Only,Unclassified,False,10287.666666666666,10280.0,10295.333333333332,10295.333333333332,10280.0,15.33333333333212,0.14882396712930332,Narrow,Bullish,Above CPR,True,False,0.2692307692307692,26,252052.0,Lower,True,Risk Off,False,282.85714285714283,,,0.054208754208749925,0.44962150667322615,False,False,No setup,Neutral,0,Not applicable,No directional setup; confirmation score not applicable.,Narrow CPR,Not applicable,Not applicable,Narrow CPR; Wide CPR rules not applied,0,0,0,0
2026-09-24,2026-09-24,CM,NSE,STK,20322,INE007N01010,FEDFINA,EQ,,,,,FEDBANK FINANCIAL SER L,151.01,154.48,150.25,152.71,152.4,153.42,,152.71,,,956440,145836140.43,14086,F1,1,,,,,,Cash Only,Unclassified,False,152.48000000000002,152.365,152.59500000000003,152.59500000000003,152.365,0.2300000000000182,0.1506122716259696,Narrow,Bullish,Above CPR,True,False,0.2,60,129592254.06,Lower,True,Risk Off,True,5.476428571428572,154.7534,154.6429,0.04199817399243842,1.1253461210920772,False,False,No setup,Neutral,0,Not applicable,No directional setup; confirmation score not applicable.,Narrow CPR,Not applicable,Not applicable,Narrow CPR; Wide CPR rules not applied,0,0,0,0
2026-09-24,2026-09-24,CM,NSE,STK,2998,INE018401013,SUVIDHAA,EQ,,,,,SUVIDHAA INFOSERVE LTD,2.18,2.25,2.16,2.21,2.24,2.19,,2.22,,,116093,258273.19,187,F1,1,,,,,,Cash Only,Unclassified,False,2.2066666666666666,2.205,2.208333333333333,2.208333333333333,2.205,0.0033333333333329662,0.15082956259425187,Narrow,Bullish,Above CPR,True,False,0.16666666666666666,60,256530.185,Lower,True,Risk Off,True,0.23714285714285713,2.3934,2.5602,0.014056224899596846,1.006794541546836,False,False,No setup,Neutral,0,Not applicable,No directional setup; confirmation score not applicable.,Narrow CPR,Not applicable,Not applicable,Narrow CPR; Wide CPR rules not applied,0,0,0,0
2026-09-24,2026-09-24,CM,NSE,STK,25162,INE0KCE01017,EUREKAFORB,EQ,,,,,EUREKA FORBES LIMITED,379.9,379.9,368.6,375.1,375.0,378.45,,375.08,,,223143,83342728.1,10877,F1,1,,,,,,Cash Only,Unclassified,False,374.5333333333333,374.25,374.8166666666666,374.8166666666666,374.25,0.566666666666606,0.1510708255576129,Narrow,Bullish,Above CPR,True,False,0.21666666666666667,60,58686241.175,Lower,True,Risk Off,True,12.232142857142849,428.03200000000004,448.096,0.04632603406325542,1.4201408444523709,False,False,No setup,Neutral,0,Not applicable,No directional setup; confirmation score not applicable.,Narrow CPR,Not applicable,Not applicable,Narrow CPR; Wide CPR rules not applied,0,0,0,0
2026-09-24,2026-09-24,CM,NSE,STK,14557,INE210C01013,AROGRANITE,EQ,,,,,ARO GRANITE IND. LTD.,24.13,24.13,23.7,23.97,23.7,24.23,,23.97,,,1397,33333.87,36,F1,1,,,,,,Cash Only,Unclassified,False,23.933333333333334,23.915,23.951666666666668,23.951666666666668,23.915,0.036666666666668846,0.15296898901405442,Narrow,Bullish,Above CPR,True,False,0.11666666666666667,60,164223.66499999998,Inside,True,Risk Off,True,1.3050000000000008,24.691600000000005,25.173599999999997,0.028097062579822852,0.20297848059839613,False,False,No setup,Neutral,0,Not applicable,No directional setup; confirmation score not applicable.,Narrow CPR,Not applicable,Not applicable,Narrow CPR; Wide CPR rules not applied,0,0,0,0
2026-09-24,2026-09-24,CM,NSE,STK,4749,INE111A01025,CONCOR,EQ,,,,,CONTAINER CORP OF IND LTD,462.9,472.9,457.55,466.3,466.3,464.65,,466.29,,,2952951,1378423387.8,30509,F1,1,,,,,,F&O + Cash,Services,True,465.5833333333333,465.225,465.9416666666666,465.9416666666666,465.225,0.7166666666665833,0.1536921867181178,Narrow,Bullish,Above CPR,True,False,0.25,60,616576895.825,Overlapping,True,Risk Off,True,13.046428571428569,504.974,493.16100000000006,0.054932019344824355,2.2356066163582473,False,False,No setup,Neutral,0,Not applicable,No directional setup; confirmation score not applicable.,Narrow CPR,Not applicable,Not applicable,Narrow CPR; Wide CPR rules not applied,0,0,0,0
2026-09-24,2026-09-24,CM,NSE,STK,18571,INE934S01014,GNA,EQ,,,,,GNA AXLES LIMITED,601.5,648.0,590.0,620.45,617.3,596.65,,620.41,,,7316206,4585862051.2,165697,F1,1,,,,,,Cash Only,Unclassified,False,619.4833333333333,619.0,619.9666666666667,619.9666666666667,619.0,0.966666666666697,0.15580089719827495,Narrow,Bullish,Above CPR,True,False,0.21666666666666667,60,169406603.875,Higher,True,Risk Off,True,28.87500000000001,543.841,477.12,0.033477633477634515,27.070149252173007,True,True,No setup,Neutral,0,Not applicable,No directional setup; confirmation score not applicable.,Narrow CPR,Not applicable,Not applicable,Narrow CPR; Wide CPR rules not applied,0,0,0,0
2026-09-24,2026-09-24,CM,NSE,STK,14599,INE0JSX01015,GSLSU,EQ,,,,,GLOBAL SURFACES LIMITED,32.5,33.0,30.81,31.98,32.0,32.43,,31.98,,,138130,4407210.88,1252,F1,1,,,,,,Cash Only,Unclassified,False,31.930000000000003,31.905,31.955000000000005,31.955000000000005,31.905,0.05000000000000426,0.1563477173233404,Narrow,Bullish,Above CPR,True,False,0.1,60,2567912.91,Lower,True,Risk Off,True,1.7378571428571432,28.8354,39.0771,0.028771064529390034,1.716261818240557,True,False,No setup,Neutral,0,Not applicable,No directional setup; confirmation score not applicable.,Narrow CPR,Not applicable,Not applicable,Narrow CPR; Wide CPR rules not applied,0,0,0,0
2026-09-24,2026-09-24,CM,NSE,STK,18252,INE212I01016,SPAL,EQ,,,,,S. P. APPARELS LIMITED,980.0,993.2,960.2,979.0,990.0,989.5,,978.63,,,28092,27354830.7,2572,F1,1,,,,,,Cash Only,Unclassified,False,977.4666666666667,976.7,978.2333333333333,978.2333333333333,976.7,1.533333333333303,0.15662240381341194,Narrow,Bullish,Above CPR,True,False,0.06666666666666667,60,85200798.85,Lower,True,Risk Off,True,38.74285714285715,999.419,955.3755,0.03957718780727552,0.32106307768498116,False,True,No setup,Neutral,0,Not applicable,No directional setup; confirmation score not applicable.,Narrow CPR,Not applicable,Not applicable,Narrow CPR; Wide CPR rules not applied,0,0,0,0
2026-09-24,2026-09-24,CM,NSE,STK,17477,INE663B01015,CONTROLPR,EQ,,,,,CONTROL PRINT LIMITED,585.05,588.2,578.35,584.65,582.0,584.55,,584.62,,,14635,8534440.2,1017,F1,1,,,,,,Cash Only,Unclassified,False,583.7333333333335,583.2750000000001,584.1916666666668,584.1916666666668,583.2750000000001,0.9166666666667425,0.15678896205708415,Narrow,Bullish,Above CPR,True,False,0.11666666666666667,60,12930357.6,Lower,True,Risk Off,True,16.500000000000007,591.34,612.2475,0.055555555555560125,0.6600312585322465,False,False,No setup,Neutral,0,Not applicable,No directional setup; confirmation score not applicable.,Narrow CPR,Not applicable,Not applicable,Narrow CPR; Wide CPR rules not applied,0,0,0,0
2026-09-24,2026-09-24,CM,NSE,STK,762608,INE00HZ01011,BNAGROCHEM,EQ,,,,,BN AGROCHEM LTD.,207.0,215.0,200.0,207.99,207.99,206.88,,207.99,,,646,130919.2,48,F1,1,,,,,,Cash Only,Unclassified,False,207.66333333333333,207.5,207.82666666666665,207.82666666666665,207.5,0.3266666666666538,0.15705883295670645,Narrow,Bullish,Above CPR,True,False,0.23529411764705882,51,420847.35,Higher,True,Risk Off,True,10.636428571428576,239.84060000000002,,0.030712063214916062,0.3110847674340827,False,False,No setup,Neutral,0,Not applicable,No directional setup; confirmation score not applicable.,Narrow CPR,Not applicable,Not applicable,Narrow CPR; Wide CPR rules not applied,0,0,0,0
2026-09-24,2026-09-24,CM,NSE,STK,11359,INE680A01011,DHANBANK,EQ,,,,,DHANLAXMI BANK LIMITED,30.0,30.0,29.22,29.68,29.8,30.01,,29.69,,,361353,10678212.58,1678,F1,1,,,,,,Cash Only,Unclassified,False,29.633333333333336,29.61,29.656666666666673,29.656666666666673,29.61,0.04666666666667396,0.1572327044025403,Narrow,Bullish,Above CPR,True,False,0.21666666666666667,60,23744370.75,Overlapping,True,Risk Off,True,0.9114285714285718,32.1866,32.645900000000005,0.051201671891335045,0.44971554278817855,False,False,No setup,Neutral,0,Not applicable,No directional setup; confirmation score not applicable.,Narrow CPR,Not applicable,Not applicable,Narrow CPR; Wide CPR rules not applied,0,0,0,0
2026-09-24,2026-09-24,CM,NSE,STK,13725,INE503A01015,DCBBANK,EQ,,,,,DCB BANK LIMITED,218.4,218.99,206.69,213.35,213.25,223.69,,213.35,,,2863570,609142356.62,34466,F1,1,,,,,,Cash Only,Unclassified,False,213.01,212.84,213.17999999999998,213.17999999999998,212.84,0.339999999999975,0.1593625498007851,Narrow,Bullish,Above CPR,True,False,0.16666666666666666,60,204986359.21499997,Lower,True,Risk Off,True,7.207857142857146,202.9588,192.57420000000002,0.04717074620949011,2.9716238629376357,True,True,No setup,Neutral,0,Not applicable,No directional setup; confirmation score not applicable.,Narrow CPR,Not applicable,Not applicable,Narrow CPR; Wide CPR rules not applied,0,0,0,0
2026-09-24,2026-09-24,CM,NSE,STK,11536,INE467B01029,TCS,EQ,,,,,TATA CONSULTANCY SERV LT,2076.0,2096.9,2067.1,2087.0,2087.0,2089.6,,2086.61,,,1760662,3667760430.7,82859,F1,1,,,,,,F&O + Cash,Information Technology,True,2083.6666666666665,2082.0,2085.333333333333,2085.333333333333,2082.0,3.33333333333303,0.15971889474523385,Narrow,Bullish,Above CPR,True,False,0.13333333333333333,60,6842815981.0,Lower,True,Risk Off,True,61.75714285714288,2293.232,2251.63,0.05397486313516355,0.5360016170073886,False,False,No setup,Neutral,0,Not applicable,No directional setup; confirmation score not applicable.,Narrow CPR,Not applicable,Not applicable,Narrow CPR; Wide CPR rules not applied,0,0,0,0
2026-09-24,2026-09-24,CM,NSE,STK,1597,INE177A01018,INGERRAND,EQ,,,,,INGERSOLL-RAND INDIA LTD,4227.1,4248.8,4199.7,4234.4,4238.0,4228.4,,4234.49,,,13267,56079454.2,3005,F1,1,,,,,,Cash Only,Unclassified,False,4227.633333333333,4224.25,4231.016666666666,4231.016666666666,4224.25,6.766666666666424,0.15980225455002892,Narrow,Bullish,Above CPR,True,False,0.2,60,71422672.44999999,Higher,True,Risk Off,True,132.51428571428565,4495.202,4414.998,0.05106367687221323,0.7851772032089512,False,False,No setup,Neutral,0,Not applicable,No directional setup; confirmation score not applicable.,Narrow CPR,Not applicable,Not applicable,Narrow CPR; Wide CPR rules not applied,0,0,0,0
2026-09-24,2026-09-24,CM,NSE,STK,15649,INE0ALR01029,ATALREAL,EQ,,,,,ATAL REALTECH LIMITED,14.3,14.83,14.3,14.6,14.61,14.36,,14.6,,,5678874,82821991.15,3008,F1,1,,,,,,Cash Only,Unclassified,False,14.576666666666668,14.565000000000001,14.588333333333335,14.588333333333335,14.565000000000001,0.023333333333333428,0.15981735159817417,Narrow,Bullish,Above CPR,True,False,0.21666666666666667,60,282425972.53999996,Higher,True,Risk Off,True,1.8107142857142855,28.287000000000003,28.6983,0.012886259040105248,0.2932520348788741,False,False,No setup,Neutral,0,Not applicable,No directional setup; confirmation score not applicable.,Narrow CPR,Not applicable,Not applicable,Narrow CPR; Wide CPR rules not applied,0,0,0,0
2026-09-24,2026-09-24,CM,NSE,STK,20854,INE330T01021,HAPPYFORGE,EQ,,,,,HAPPY FORGINGS LIMITED,2089.3,2114.2,2045.4,2084.8,2080.0,2099.8,,2084.71,,,49345,103319662.4,10670,F1,1,,,,,,Cash Only,Unclassified,False,2081.4666666666667,2079.8,2083.133333333333,2083.133333333333,2079.8,3.33333333333303,0.15988743924275853,Narrow,Bullish,Above CPR,True,False,0.13333333333333333,60,136699388.05,Lower,True,Risk Off,True,80.60000000000007,2011.642,1727.6840000000002,0.0413564929693924,0.7558165685585159,True,True,No setup,Neutral,0,Not applicable,No directional setup; confirmation score not applicable.,Narrow CPR,Not applicable,Not applicable,Narrow CPR; Wide CPR rules not applied,0,0,0,0
2026-09-24,2026-09-24,CM,NSE,STK,422,INE465A01025,BHARATFORG,EQ,,,,,BHARAT FORGE LTD,1965.0,2023.2,1965.0,1998.9,1998.9,2004.0,,1998.9,,,1248669,2498391269.7,57656,F1,1,,,,,,F&O + Cash,Automobile and Auto Components,True,1995.7,1994.1,1997.3000000000002,1997.3000000000002,1994.1,3.200000000000273,0.16008804842664828,Narrow,Bullish,Above CPR,True,False,0.21666666666666667,60,1638816460.7,Lower,True,Risk Off,True,52.58571428571429,2074.304,2039.35,0.060853029068193176,1.5245095040312464,False,False,No setup,Neutral,0,Not applicable,No directional setup; confirmation score not applicable.,Narrow CPR,Not applicable,Not applicable,Narrow CPR; Wide CPR rules not applied,0,0,0,0
2026-09-24,2026-09-24,CM,NSE,STK,24184,INE603J01030,PIIND,EQ,,,,,PI INDUSTRIES LTD,2386.0,2410.0,2365.3,2393.5,2393.5,2386.0,,2393.48,,,115568,276005991.5,15638,F1,1,,,,,,F&O + Cash,Chemicals,True,2389.6,2387.65,2391.5499999999997,2391.5499999999997,2387.65,3.899999999999636,0.16294129935239757,Narrow,Bullish,Above CPR,True,False,0.3,60,427004618.35,Overlapping,True,Risk Off,False,64.66428571428573,2536.7940000000003,2670.295,0.060311498950618464,0.6463770639449338,False,False,No setup,Neutral,0,Not applicable,No directional setup; confirmation score not applicable.,Narrow CPR,Not applicable,Not applicable,Narrow CPR; Wide CPR rules not applied,0,0,0,0
2026-09-24,2026-09-24,CM,NSE,STK,14922,INE323I01011,PURVA,EQ,,,,,PURAVANKARA LIMITED,213.52,217.34,211.7,215.06,216.7,216.82,,214.98,,,149647,31992310.96,3232,F1,1,,,,,,Cash Only,Unclassified,False,214.69999999999996,214.51999999999998,214.87999999999994,214.87999999999994,214.51999999999998,0.3599999999999568,0.1673951455407592,Narrow,Bullish,Above CPR,True,False,0.2,60,35226831.935,Lower,True,Risk Off,True,9.297857142857143,215.56240000000003,216.7894,0.038718598755468965,0.908180191140427,False,False,No setup,Neutral,0,Not applicable,No directional setup; confirmation score not applicable.,Narrow CPR,Not applicable,Not applicable,Narrow CPR; Wide CPR rules not applied,0,0,0,0
2026-09-24,2026-09-24,CM,NSE,STK,20261,INE202E01016,IREDA,EQ,,,,,INDIAN RENEWABLE ENERGY,110.0,110.6,109.06,110.11,110.11,111.0,,110.07,,,2509085,276016199.03,21238,F1,1,,,,,,F&O + Cash,Financial Services,True,109.92333333333333,109.83,110.01666666666667,110.01666666666667,109.83,0.18666666666666742,0.16952744225471567,Narrow,Bullish,Above CPR,True,False,0.38333333333333336,60,423388444.82500005,Lower,True,Risk Off,False,2.2942857142857127,116.4316,121.646,0.081361560813616,0.6519218991535923,False,False,No setup,Neutral,0,Not applicable,No directional setup; confirmation score not applicable.,Narrow CPR,Not applicable,Not applicable,Narrow CPR; Wide CPR rules not applied,0,0,-2,-2
2026-09-24,2026-09-24,CM,NSE,STK,762904,INE220Z01013,SHINDL,EQ,,,,,SHARAT INDUSTRIES LTD.,165.73,165.73,159.0,162.78,162.02,164.13,,162.7,,,392824,63340784.87,3413,F1,1,,,,,,Cash Only,Unclassified,False,162.50333333333333,162.365,162.64166666666665,162.64166666666665,162.365,0.2766666666666424,0.16996354998565083,Narrow,Bullish,Above CPR,True,False,0.21666666666666667,60,23146618.81,Lower,True,Risk Off,True,5.21642857142857,161.9936,157.6498,0.05303756447121724,2.7365027000243756,True,True,No setup,Neutral,0,Not applicable,No directional setup; confirmation score not applicable.,Narrow CPR,Not applicable,Not applicable,Narrow CPR; Wide CPR rules not applied,0,0,0,0
2026-09-24,2026-09-24,CM,NSE,STK,928,INE086A01029,ELECTCAST,EQ,,,,,ELECTROSTEEL CASTINGS LTD,73.3,73.31,71.44,72.56,72.5,74.22,,72.56,,,1426253,103411324.06,10889,F1,1,,,,,,Cash Only,Unclassified,False,72.43666666666667,72.375,72.49833333333333,72.49833333333333,72.375,0.12333333333333485,0.16997427416391242,Narrow,Bullish,Above CPR,True,False,0.13333333333333333,60,96410829.13,Lower,True,Risk Off,True,2.578571428571429,74.9734,77.1477,0.04783010156971434,1.072611085219074,False,False,No setup,Neutral,0,Not applicable,No directional setup; confirmation score not applicable.,Narrow CPR,Not applicable,Not applicable,Narrow CPR; Wide CPR rules not applied,0,0,0,0
2026-09-24,2026-09-24,CM,NSE,STK,758748,INE0PKD01011,MEIL,EQ,,,,,MANGAL ELECTRICAL IND L,270.45,275.0,269.0,272.7,273.75,274.25,,272.7,,,27992,7632346.9,1516,F1,1,,,,,,Cash Only,Unclassified,False,272.23333333333335,272.0,272.4666666666667,272.4666666666667,272.0,0.466666666666697,0.1711282239335156,Narrow,Bullish,Above CPR,True,False,0.11666666666666667,60,13682719.82,Lower,True,Risk Off,True,11.135714285714284,281.7122,264.91200000000003,0.041907205473596915,0.5578091929386595,False,True,No setup,Neutral,0,Not applicable,No directional setup; confirmation score not applicable.,Narrow CPR,Not applicable,Not applicable,Narrow CPR; Wide CPR rules not applied,0,0,0,0
2026-09-24,2026-09-24,CM,NSE,STK,3063,INE205A01025,VEDL,EQ,,,,,VEDANTA LIMITED,267.9,269.4,264.2,267.5,267.5,271.0,,267.5,,,5685750,1515062439.15,62020,F1,1,,,,,,F&O + Cash,Metals & Mining,True,267.0333333333333,266.79999999999995,267.26666666666665,267.26666666666665,266.79999999999995,0.466666666666697,0.17445482866044748,Narrow,Bullish,Above CPR,True,False,0.2,60,2607241316.0,Inside,True,Risk Off,True,7.153571428571435,269.02299999999997,287.07,0.06523548011316777,0.5810978944881066,False,False,No setup,Neutral,0,Not applicable,No directional setup; confirmation score not applicable.,Narrow CPR,Not applicable,Not applicable,Narrow CPR; Wide CPR rules not applied,0,0,0,0
2026-09-24,2026-09-24,CM,NSE,STK,14014,INE872H01027,LUMAXTECH,EQ,,,,,LUMAX AUTO TECH LTD,2049.4,2099.8,2026.9,2068.8,2060.0,2044.9,,2068.22,,,122712,254852270.8,23425,F1,1,,,,,,Cash Only,Unclassified,False,2065.166666666667,2063.3500000000004,2066.9833333333336,2066.9833333333336,2063.3500000000004,3.633333333333212,0.17562516112399515,Narrow,Bullish,Above CPR,True,False,0.25,60,232357794.85,Lower,True,Risk Off,True,84.57142857142857,1841.7,1725.431,0.04296171171171028,1.0968096463668089,True,True,No setup,Neutral,0,Not applicable,No directional setup; confirmation score not applicable.,Narrow CPR,Not applicable,Not applicable,Narrow CPR; Wide CPR rules not applied,0,0,0,0
2026-09-24,2026-09-24,CM,NSE,STK,27754,INE403Y01018,INNOVANA,EQ,,,,,INNOVANA THINKLABS LTD,301.0,301.0,295.1,298.85,300.0,299.1,,298.9,,,63451,18908901.6,1036,F1,1,,,,,,Cash Only,Unclassified,False,298.31666666666666,298.05,298.5833333333333,298.5833333333333,298.05,0.533333333333303,0.17846188165745455,Narrow,Bullish,Above CPR,True,False,0.13333333333333333,60,1060594.875,Lower,True,Risk Off,True,16.539285714285704,317.73,328.165,0.032246455049303596,17.828580964998537,False,False,No setup,Neutral,0,Not applicable,No directional setup; confirmation score not applicable.,Narrow CPR,Not applicable,Not applicable,Narrow CPR; Wide CPR rules not applied,0,0,0,0
2026-09-24,2026-09-24,CM,NSE,STK,762573,INE213D01015,BEEKAY,EQ,,,,,BEEKAY STEEL INDS. LTD.,427.5,427.5,423.0,426.4,425.05,423.25,,426.26,,,745,317260.05,64,F1,1,,,,,,Cash Only,Unclassified,False,425.6333333333334,425.25,426.01666666666677,426.01666666666677,425.25,0.7666666666667652,0.17979987492184926,Narrow,Bullish,Above CPR,True,False,0.25,60,641985.8,Higher,True,Risk Off,True,18.017857142857135,416.084,411.66949999999997,0.04255037991411186,0.49418546329217866,True,True,No setup,Neutral,0,Not applicable,No directional setup; confirmation score not applicable.,Narrow CPR,Not applicable,Not applicable,Narrow CPR; Wide CPR rules not applied,0,0,0,0
2026-09-24,2026-09-24,CM,NSE,STK,15420,INE666E01020,ACL,EQ,,,,,ANDHRA CEMENTS LIMITED,42.58,42.79,42.1,42.56,42.6,42.58,,42.56,,,4530,192206.87,169,F1,1,,,,,,Cash Only,Unclassified,False,42.483333333333334,42.445,42.52166666666667,42.52166666666667,42.445,0.07666666666666799,0.18013784461153193,Narrow,Bullish,Above CPR,True,False,0.3,60,506783.89,Lower,True,Risk Off,False,1.413571428571428,45.5532,49.58990000000001,0.05423614620178637,0.37926791634990603,False,False,No setup,Neutral,0,Not applicable,No directional setup; confirmation score not applicable.,Narrow CPR,Not applicable,Not applicable,Narrow CPR; Wide CPR rules not applied,0,0,0,0
2026-09-24,2026-09-24,CM,NSE,STK,7,INE769A01020,AARTIIND,EQ,,,,,AARTI INDUSTRIES LTD,487.65,492.2,484.05,489.45,490.8,491.35,,489.42,,,291316,142110039.9,11580,F1,1,,,,,,Cash Only,Chemicals,True,488.56666666666666,488.125,489.0083333333333,489.0083333333333,488.125,0.8833333333333258,0.18047468246671278,Narrow,Bullish,Above CPR,True,False,0.23333333333333334,60,341626116.425,Lower,True,Risk Off,True,15.507142857142847,503.741,488.478,0.05696299708275711,0.41598119425743196,False,True,No setup,Neutral,0,Not applicable,No directional setup; confirmation score not applicable.,Narrow CPR,Not applicable,Not applicable,Narrow CPR; Wide CPR rules not applied,0,0,0,0
2026-09-24,2026-09-24,CM,NSE,STK,8890,INE0IQ001011,VERANDA,EQ,,,,,VERANDA LEARNING SOL LTD,230.5,237.5,226.16,232.46,231.3,231.5,,232.46,,,466617,107953329.24,7467,F1,1,,,,,,Cash Only,Unclassified,False,232.04,231.82999999999998,232.25,232.25,231.82999999999998,0.4200000000000159,0.18067624537555532,Narrow,Bullish,Above CPR,True,False,0.16666666666666666,60,57244388.16,Overlapping,True,Risk Off,True,9.150714285714287,238.9766,236.75330000000002,0.04589805635781923,1.8858325280421688,False,False,No setup,Neutral,0,Not applicable,No directional setup; confirmation score not applicable.,Narrow CPR,Not applicable,Not applicable,Narrow CPR; Wide CPR rules not applied,0,0,0,0
2026-09-24,2026-09-24,CM,NSE,STK,25270,INE377Y01014,BAJAJHFL,EQ,,,,,BAJAJ HOUSING FINANCE LTD,83.28,83.39,82.08,82.96,83.0,83.52,,82.96,,,4579123,378421679.66,28771,F1,1,,,,,,Cash Only,Financial Services,True,82.81,82.735,82.885,82.885,82.735,0.15000000000000568,0.1808100289296115,Narrow,Bullish,Above CPR,True,False,0.43333333333333335,60,206662060.945,Lower,True,Risk Off,False,1.7307142857142839,84.7516,85.30860000000001,0.08666941807676772,1.8311134512527254,False,False,No setup,Neutral,0,Not applicable,No directional setup; confirmation score not applicable.,Narrow CPR,Not applicable,Not applicable,Narrow CPR; Wide CPR rules not applied,0,0,0,0
2026-09-24,2026-09-24,CM,NSE,STK,2183,INE202Z01029,TSFINV,EQ,,,,,TSF INVESTMENTS LIMITED,456.5,459.75,451.55,456.9,458.0,462.05,,456.9,,,88605,40458125.75,6806,F1,1,,,,,,Cash Only,Unclassified,False,456.0666666666666,455.65,456.48333333333323,456.48333333333323,455.65,0.8333333333332575,0.18238856058946326,Narrow,Bullish,Above CPR,True,False,0.18333333333333332,60,29042380.75,Lower,True,Risk Off,True,14.499999999999988,433.867,425.694,0.057471264367810915,1.3930719419412612,True,True,No setup,Neutral,0,Not applicable,No directional setup; confirmation score not applicable.,Narrow CPR,Not applicable,Not applicable,Narrow CPR; Wide CPR rules not applied,0,0,0,0
2026-09-24,2026-09-24,CM,NSE,STK,8828,INE036B01030,GAEL,EQ,,,,,GUJARAT AMBUJA EXPORTS LT,163.0,164.8,159.48,162.59,161.91,163.19,,162.59,,,652362,106348090.38,17649,F1,1,,,,,,Cash Only,Unclassified,False,162.29,162.14,162.44,162.44,162.14,0.30000000000001137,0.18451319269328456,Narrow,Bullish,Above CPR,True,False,0.15,60,142112857.305,Inside,True,Risk Off,True,5.5649999999999995,165.6288,162.6382,0.0539083557951503,0.7483354595549203,False,False,No setup,Neutral,0,Not applicable,No directional setup; confirmation score not applicable.,Narrow CPR,Not applicable,Not applicable,Narrow CPR; Wide CPR rules not applied,0,-2,0,-2
2026-09-24,2026-09-24,CM,NSE,STK,20698,INE807K01035,SCHAND,EQ,,,,,S CHAND AND COMPANY LTD,136.01,138.4,135.1,137.13,136.9,137.86,,137.13,,,22847,3133043.17,816,F1,1,,,,,,Cash Only,Unclassified,False,136.87666666666667,136.75,137.00333333333333,137.00333333333333,136.75,0.2533333333333303,0.18473954155424072,Narrow,Bullish,Above CPR,True,False,0.38333333333333336,60,3554057.3049999997,Lower,True,Risk Off,False,4.618571428571431,139.8002,148.1923,0.05485101556861464,0.8815398574447015,False,False,No setup,Neutral,0,Not applicable,No directional setup; confirmation score not applicable.,Narrow CPR,Not applicable,Not applicable,Narrow CPR; Wide CPR rules not applied,0,0,0,0
2026-09-24,2026-09-24,CM,NSE,STK,18743,INE903U01023,SIGNATURE,EQ,,,,,SIGNATUREGLOBAL INDIA LTD,765.0,801.85,763.0,784.6,784.5,768.75,,784.67,,,575895,452494341.45,27777,F1,1,,,,,,Cash Only,Realty,True,783.15,782.425,783.875,783.875,782.425,1.4500000000000455,0.184807545245991,Narrow,Bullish,Above CPR,True,False,0.3333333333333333,60,172194538.64999998,Higher,True,Risk Off,False,25.685714285714287,790.331,802.3435,0.056451612903227574,2.627808901475866,False,False,No setup,Neutral,0,Not applicable,No directional setup; confirmation score not applicable.,Narrow CPR,Not applicable,Not applicable,Narrow CPR; Wide CPR rules not applied,0,0,0,0
2026-09-24,2026-09-24,CM,NSE,STK,764563,INE757C01021,ADDIND,EQ,,,,,ADDI INDUSTRIES LTD.,74.05,80.0,73.55,76.99,77.0,74.05,,76.99,,,128,10100.21,22,F1,1,,,,,,Cash Only,Unclassified,False,76.84666666666668,76.775,76.91833333333335,76.91833333333335,76.775,0.14333333333334508,0.1861713642464542,Narrow,Bullish,Above CPR,True,False,0.14814814814814814,27,35670.92,Higher,True,Risk Off,True,6.412857142857144,,,0.022350931907627877,0.2831496916816275,False,False,No setup,Neutral,0,Not applicable,No directional setup; confirmation score not applicable.,Narrow CPR,Not applicable,Not applicable,Narrow CPR; Wide CPR rules not applied,0,0,0,0
2026-09-24,2026-09-24,CM,NSE,STK,762747,INE338F01015,KLBRENG-B,EQ,,,,,KILBURN ENGINEERING LTD.,513.5,524.45,508.45,517.9,519.2,518.6,,517.53,,,189495,97946855.55,5118,F1,1,,,,,,Cash Only,Unclassified,False,516.9333333333334,516.45,517.4166666666667,517.4166666666667,516.45,0.966666666666697,0.1866512196691827,Narrow,Bullish,Above CPR,True,False,0.18333333333333332,60,53643691.7,Lower,True,Risk Off,True,24.13214285714286,427.79,456.3575,0.04005722460658208,1.8258783548634852,True,True,No setup,Neutral,0,Not applicable,No directional setup; confirmation score not applicable.,Narrow CPR,Not applicable,Not applicable,Narrow CPR; Wide CPR rules not applied,0,0,0,0
2026-09-24,2026-09-24,CM,NSE,STK,2987,INE418L01047,NAZARA,EQ,,,,,NAZARA TECHNOLOGIES LTD,367.0,380.0,367.0,374.55,374.1,372.7,,374.55,,,1869672,702415639.7,27375,F1,1,,,,,,Cash Only,Unclassified,False,373.84999999999997,373.5,374.19999999999993,374.19999999999993,373.5,0.6999999999999318,0.18689093578959598,Narrow,Bullish,Above CPR,True,False,0.23333333333333334,60,568035247.575,Higher,True,Risk Off,True,11.824999999999998,348.145,318.3155,0.059196617336146465,1.2365705168802175,True,True,No setup,Neutral,0,Not applicable,No directional setup; confirmation score not applicable.,Narrow CPR,Not applicable,Not applicable,Narrow CPR; Wide CPR rules not applied,0,0,0,0
2026-09-24,2026-09-24,CM,NSE,STK,758150,INE08N601015,MBEL,EQ,,,,,M AND B ENGINEERING LTD,259.9,270.4,256.0,263.95,265.0,261.0,,263.94,,,109451,28860925.65,6321,F1,1,,,,,,Cash Only,Unclassified,False,263.45,263.2,263.7,263.7,263.2,0.5,0.18942981625307825,Narrow,Bullish,Above CPR,True,False,0.21666666666666667,60,33851374.875,Higher,True,Risk Off,True,9.492857142857131,278.55,292.5935,0.05267118133935296,0.8525776502896029,False,False,No setup,Neutral,0,Not applicable,No directional setup; confirmation score not applicable.,Narrow CPR,Not applicable,Not applicable,Narrow CPR; Wide CPR rules not applied,0,-2,0,-2
2026-09-24,2026-09-24,CM,NSE,STK,2181,INE323A01026,BOSCHLTD,EQ,,,,,BOSCH LIMITED,47890.0,48080.0,47145.0,47750.0,47750.0,47955.0,,47750.0,,,14604,697913815.0,7038,F1,1,,,,,,F&O + Cash,Automobile and Auto Components,True,47658.333333333336,47612.5,47704.16666666667,47704.16666666667,47612.5,91.66666666667152,0.19197207678884087,Narrow,Bullish,Above CPR,True,False,0.3,60,1343462842.5,Lower,True,Risk Off,False,1052.142857142857,45656.3,42153.2,0.08712378366146649,0.5194887368088857,True,True,No setup,Neutral,0,Not applicable,No directional setup; confirmation score not applicable.,Narrow CPR,Not applicable,Not applicable,Narrow CPR; Wide CPR rules not applied,0,0,0,0
2026-09-24,2026-09-24,CM,NSE,STK,11543,INE591G01025,COFORGE,EQ,,,,,COFORGE LIMITED,1762.0,1803.4,1758.1,1785.9,1785.9,1782.4,,1785.91,,,1123720,2005661846.4,52686,F1,1,,,,,,F&O + Cash,Information Technology,True,1782.4666666666665,1780.75,1784.183333333333,1784.183333333333,1780.75,3.433333333332939,0.19224667301265128,Narrow,Bullish,Above CPR,True,False,0.18333333333333332,60,3899764262.5,Lower,True,Risk Off,True,63.80000000000002,1782.65,1601.0629999999999,0.05381400208985797,0.5143033556377692,True,True,No setup,Neutral,0,Not applicable,No directional setup; confirmation score not applicable.,Narrow CPR,Not applicable,Not applicable,Narrow CPR; Wide CPR rules not applied,0,0,0,0
2026-09-24,2026-09-24,CM,NSE,STK,762643,INE131C01011,DISAQ,EQ,,,,,DISA INDIA LTD.,11999.0,12100.0,11846.0,12008.0,11999.0,12088.0,,12008.0,,,67,799586.0,41,F1,1,,,,,,Cash Only,Unclassified,False,11984.666666666666,11973.0,11996.333333333332,11996.333333333332,11973.0,23.33333333333212,0.19431490117698302,Narrow,Bullish,Above CPR,True,False,0.2833333333333333,60,4545097.5,Lower,True,Risk Off,False,309.0,11943.44,11915.43,0.07551240560948906,0.17592273873112732,True,True,No setup,Neutral,0,Not applicable,No directional setup; confirmation score not applicable.,Narrow CPR,Not applicable,Not applicable,Narrow CPR; Wide CPR rules not applied,0,0,0,0
2026-09-24,2026-09-24,CM,NSE,STK,13285,INE774D01024,M&MFIN,EQ,,,,,M&M FIN. SERVICES LTD,343.35,343.35,334.45,339.9,339.0,348.6,,339.9,,,1834421,623276161.9,59986,F1,1,,,,,,Cash Only,Financial Services,True,339.2333333333333,338.9,339.5666666666666,339.5666666666666,338.9,0.6666666666666288,0.19613611846620443,Narrow,Bullish,Above CPR,True,False,0.21666666666666667,60,798903633.9000001,Lower,True,Risk Off,True,10.157142857142857,372.463,341.50100000000003,0.0656352555086695,0.7801643846046348,False,False,No setup,Neutral,0,Not applicable,No directional setup; confirmation score not applicable.,Narrow CPR,Not applicable,Not applicable,Narrow CPR; Wide CPR rules not applied,0,0,0,0
2026-09-24,2026-09-24,CM,NSE,STK,25892,INE0OPA01027,DBEIL,EQ,,,,,DEEPAK BUILDERS & ENG I L,6.78,6.81,6.43,6.64,6.64,6.8,,6.64,,,203483,1350793.37,949,F1,1,,,,,,Cash Only,Unclassified,False,6.626666666666666,6.619999999999999,6.633333333333333,6.633333333333333,6.619999999999999,0.013333333333333641,0.20080321285141028,Narrow,Bullish,Above CPR,True,False,0.16666666666666666,60,4469623.859999999,Lower,True,Risk Off,True,6.091428571428572,59.405800000000006,69.62480000000001,0.0021888680425266294,0.3022163413097585,False,False,No setup,Neutral,0,Not applicable,No directional setup; confirmation score not applicable.,Narrow CPR,Not applicable,Not applicable,Narrow CPR; Wide CPR rules not applied,0,0,0,0
2026-09-24,2026-09-24,CM,NSE,STK,2241,INE794W01014,MODTHREAD,EQ,,,,,MODERN THREADS INDIA LTD,47.0,47.98,46.21,47.24,47.79,45.92,,47.24,,,5968,281145.47,59,F1,1,,,,,,Cash Only,Unclassified,False,47.14333333333334,47.095,47.19166666666668,47.19166666666668,47.095,0.09666666666667822,0.20462884561108854,Narrow,Bullish,Above CPR,True,False,0.2,60,91972.805,Higher,True,Risk Off,True,2.7971428571428567,50.4788,48.19649999999999,0.034559073884920716,3.0568326148147813,False,False,No setup,Neutral,0,Not applicable,No directional setup; confirmation score not applicable.,Narrow CPR,Not applicable,Not applicable,Narrow CPR; Wide CPR rules not applied,0,0,0,0
2026-09-24,2026-09-24,CM,NSE,STK,20825,INE031A01017,HUDCO,EQ,,,,,HSG & URBAN DEV CORPN LTD,176.0,176.4,171.15,174.32,174.75,177.92,,174.33,,,2632690,457083886.39,26032,F1,1,,,,,,Cash Only,Financial Services,True,173.95666666666668,173.775,174.13833333333335,174.13833333333335,173.775,0.36333333333334394,0.20842894294019274,Narrow,Bullish,Above CPR,True,False,0.4166666666666667,60,339167242.08,Lower,True,Risk Off,False,4.302857142857142,187.77219999999997,198.793,0.08444001770695247,1.3476651919178764,False,False,No setup,Neutral,0,Not applicable,No directional setup; confirmation score not applicable.,Narrow CPR,Not applicable,Not applicable,Narrow CPR; Wide CPR rules not applied,0,0,0,0
2026-09-24,2026-09-24,CM,NSE,STK,11351,INE347G01014,PETRONET,EQ,,,,,PETRONET LNG LIMITED,285.0,288.1,283.3,286.6,286.6,285.85,,286.6,,,1049770,300700633.55,22246,F1,1,,,,,,F&O + Cash,Oil Gas & Consumable Fuels,True,286.00000000000006,285.70000000000005,286.30000000000007,286.30000000000007,285.70000000000005,0.6000000000000227,0.2093510118632319,Narrow,Bullish,Above CPR,True,False,0.3333333333333333,60,452506944.29999995,Higher,True,Risk Off,False,5.989285714285708,284.053,280.231,0.1001788908765692,0.6645215887574171,True,True,No setup,Neutral,0,Not applicable,No directional setup; confirmation score not applicable.,Narrow CPR,Not applicable,Not applicable,Narrow CPR; Wide CPR rules not applied,0,0,0,0
2026-09-24,2026-09-24,CM,NSE,STK,764910,INE564J01026,SHRJAGP,EQ,,,,,SHRI JAGDAMBA POLYMERS L,625.5,690.0,615.2,654.7,654.75,632.25,,656.07,,,875,558127.2,79,F1,1,,,,,,Cash Only,Unclassified,False,653.3000000000001,652.6,654.0000000000001,654.0000000000001,652.6,1.400000000000091,0.21383839926685366,Narrow,Bullish,Above CPR,True,False,0.14285714285714285,28,389472.225,Higher,True,Risk Off,True,35.08214285714288,,,0.03990634225796857,1.4330346663359628,False,False,No setup,Neutral,0,Not applicable,No directional setup; confirmation score not applicable.,Narrow CPR,Not applicable,Not applicable,Narrow CPR; Wide CPR rules not applied,0,0,0,0
2026-09-24,2026-09-24,CM,NSE,STK,1041,INE183A01024,FINPIPE,EQ,,,,,FINOLEX INDUSTRIES LTD,154.0,155.2,151.88,154.04,154.15,154.16,,154.01,,,343672,52685566.08,6770,F1,1,,,,,,Cash Only,Unclassified,False,153.70666666666668,153.54,153.87333333333336,153.87333333333336,153.54,0.33333333333337123,0.2163940102138219,Narrow,Bullish,Above CPR,True,False,0.43333333333333335,60,59226630.065,Lower,True,Risk Off,False,3.5649999999999977,160.1808,166.7695,0.09350163627864556,0.8895587343426206,False,False,No setup,Neutral,0,Not applicable,No directional setup; confirmation score not applicable.,Narrow CPR,Not applicable,Not applicable,Narrow CPR; Wide CPR rules not applied,0,0,0,0
2026-09-24,2026-09-24,CM,NSE,STK,981,INE255A01020,EPL,EQ,,,,,EPL LIMITED,238.0,240.25,234.3,238.05,237.0,239.1,,238.05,,,1071636,254590870.4,20951,F1,1,,,,,,Cash Only,Unclassified,False,237.53333333333333,237.275,237.79166666666666,237.79166666666666,237.275,0.5166666666666515,0.2170412378351823,Narrow,Bullish,Above CPR,True,False,0.23333333333333334,60,260608753.86,Overlapping,True,Risk Off,True,7.303571428571426,241.2274,233.4531,0.07074164629176649,0.9769083602493536,False,True,No setup,Neutral,0,Not applicable,No directional setup; confirmation score not applicable.,Narrow CPR,Not applicable,Not applicable,Narrow CPR; Wide CPR rules not applied,0,0,0,0
2026-09-24,2026-09-24,CM,NSE,STK,3744,INE686Y01026,FINEORG,EQ,,,,,FINE ORGANIC IND. LTD.,5059.0,5124.0,4968.0,5062.5,5076.0,5096.5,,5062.53,,,21083,106742367.5,6597,F1,1,,,,,,Cash Only,Unclassified,False,5051.5,5046.0,5057.0,5057.0,5046.0,11.0,0.21728395061728395,Narrow,Bullish,Above CPR,True,False,0.21666666666666667,60,77837200.0,Lower,True,Risk Off,True,110.5,5079.746,4963.275,0.09954751131221719,1.3713541532840339,False,True,No setup,Neutral,0,Not applicable,No directional setup; confirmation score not applicable.,Narrow CPR,Not applicable,Not applicable,Narrow CPR; Wide CPR rules not applied,0,0,0,0
2026-09-24,2026-09-24,CM,NSE,STK,16719,INE326B01035,ALMONDZ,EQ,,,,,ALMONDZ GLOBAL SEC LTD,19.24,20.35,19.24,19.86,20.05,19.55,,19.87,,,448919,8947243.35,1223,F1,1,,,,,,Cash Only,Unclassified,False,19.816666666666666,19.795,19.83833333333333,19.83833333333333,19.795,0.04333333333332945,0.21819402484053096,Narrow,Bullish,Above CPR,True,False,0.21666666666666667,60,2200994.225,Higher,True,Risk Off,True,1.3614285714285719,15.6674,14.8216,0.03182931094788101,4.065091697366902,True,True,No setup,Neutral,0,Not applicable,No directional setup; confirmation score not applicable.,Narrow CPR,Not applicable,Not applicable,Narrow CPR; Wide CPR rules not applied,0,0,0,0
2026-09-24,2026-09-24,CM,NSE,STK,4391,INE635Q01029,GULFOILLUB,EQ,,,,,GULF OIL LUB. IND. LTD.,1093.9,1100.0,1074.4,1090.8,1088.0,1098.7,,1090.76,,,38837,42159093.1,4380,F1,1,,,,,,Cash Only,Unclassified,False,1088.3999999999999,1087.2,1089.5999999999997,1089.5999999999997,1087.2,2.399999999999636,0.22002200220018667,Narrow,Bullish,Above CPR,True,False,0.36666666666666664,60,57944397.25,Inside,True,Risk Off,False,32.057142857142836,1101.4340000000002,1042.038,0.0748663101604165,0.7275784217429235,False,True,No setup,Neutral,0,Not applicable,No directional setup; confirmation score not applicable.,Narrow CPR,Not applicable,Not applicable,Narrow CPR; Wide CPR rules not applied,0,0,0,0
2026-09-24,2026-09-24,CM,NSE,STK,757614,INE0H9P01028,ARIS,EQ,,,,,ARISINFRA SOLUTIONS LTD,143.9,143.9,139.0,141.92,141.65,143.72,,141.91,,,767528,108444245.98,12439,F1,1,,,,,,Cash Only,Unclassified,False,141.60666666666665,141.45,141.76333333333332,141.76333333333332,141.45,0.3133333333333326,0.22078166102968755,Narrow,Bullish,Above CPR,True,False,0.21666666666666667,60,165486057.26999998,Lower,True,Risk Off,True,6.965000000000001,131.4752,126.13869999999999,0.04498683895668809,0.6553074486696302,True,True,No setup,Neutral,0,Not applicable,No directional setup; confirmation score not applicable.,Narrow CPR,Not applicable,Not applicable,Narrow CPR; Wide CPR rules not applied,0,0,0,0
2026-09-24,2026-09-24,CM,NSE,STK,2614,INE694N01015,HERANBA,EQ,,,,,HERANBA INDUSTRIES LTD,171.0,174.99,168.4,172.27,172.9,171.49,,172.28,,,38960,6682224.35,1426,F1,1,,,,,,Cash Only,Unclassified,False,171.88666666666666,171.695,172.07833333333332,172.07833333333332,171.695,0.38333333333332575,0.22251891410769473,Narrow,Bullish,Above CPR,True,False,0.3,60,5190042.015000001,Higher,True,Risk Off,False,5.587857142857142,172.98660000000004,181.6331,0.06860113341002891,1.2875087197150559,False,False,No setup,Neutral,0,Not applicable,No directional setup; confirmation score not applicable.,Narrow CPR,Not applicable,Not applicable,Narrow CPR; Wide CPR rules not applied,0,0,0,0
2026-09-24,2026-09-24,CM,NSE,STK,24292,INE764D01017,VSTTILLERS,EQ,,,,,VST TILLERS TRACTORS LTD,4400.2,4631.8,4371.3,4516.7,4436.0,4425.0,,4518.29,,,17167,76918603.8,3094,F1,1,,,,,,Cash Only,Unclassified,False,4506.599999999999,4501.55,4511.649999999999,4511.649999999999,4501.55,10.099999999998545,0.22361458587018276,Narrow,Bullish,Above CPR,True,False,0.38333333333333336,60,27813371.299999997,Higher,True,Risk Off,False,130.58571428571426,4365.696,4511.06,0.07734383546656802,2.7655260834920794,True,True,No setup,Neutral,0,Not applicable,No directional setup; confirmation score not applicable.,Narrow CPR,Not applicable,Not applicable,Narrow CPR; Wide CPR rules not applied,0,0,0,0
2026-09-24,2026-09-24,CM,NSE,STK,19597,INE07U701015,IRMENERGY,EQ,,,,,IRM ENERGY LIMITED,266.65,271.4,262.0,267.6,269.4,272.9,,267.62,,,42249,11307195.3,1800,F1,1,,,,,,Cash Only,Unclassified,False,267.0,266.7,267.3,267.3,266.7,0.6000000000000227,0.2242152466367798,Narrow,Bullish,Above CPR,True,False,0.3,60,16698857.6,Lower,True,Risk Off,False,8.474999999999985,276.253,275.332,0.07079646017699395,0.6771238830134105,False,False,No setup,Neutral,0,Not applicable,No directional setup; confirmation score not applicable.,Narrow CPR,Not applicable,Not applicable,Narrow CPR; Wide CPR rules not applied,0,0,0,0
2026-09-24,2026-09-24,CM,NSE,STK,27213,INE0LLY01014,EIEL,EQ,,,,,ENVIRO INFRA ENGINEERS L,202.49,202.49,199.41,201.63,201.98,203.32,,201.58,,,353347,71056936.26,7240,F1,1,,,,,,Cash Only,Unclassified,False,201.17666666666665,200.95,201.4033333333333,201.4033333333333,200.95,0.45333333333331893,0.22483426738745174,Narrow,Bullish,Above CPR,True,False,0.21666666666666667,60,193577521.39499998,Lower,True,Risk Off,True,7.992857142857141,207.0614,206.7888,0.056717307119450104,0.3670722496493096,False,False,No setup,Neutral,0,Not applicable,No directional setup; confirmation score not applicable.,Narrow CPR,Not applicable,Not applicable,Narrow CPR; Wide CPR rules not applied,0,0,0,0
2026-09-24,2026-09-24,CM,NSE,STK,184,INE822C01015,TCPLPACK,EQ,,,,,TCPL PACKAGING LIMITED,4009.9,4138.8,3951.3,4058.8,4065.9,4003.0,,4058.62,,,11836,48292499.4,2636,F1,1,,,,,,Cash Only,Unclassified,False,4049.6333333333337,4045.05,4054.216666666667,4054.216666666667,4045.05,9.16666666666697,0.22584671988437394,Narrow,Bullish,Above CPR,True,False,0.15,60,18658940.4,Higher,True,Risk Off,True,170.72142857142862,3691.44,3227.2869999999994,0.05369370877090396,2.588169443962638,True,True,No setup,Neutral,0,Not applicable,No directional setup; confirmation score not applicable.,Narrow CPR,Not applicable,Not applicable,Narrow CPR; Wide CPR rules not applied,0,0,0,0
2026-09-24,2026-09-24,CM,NSE,STK,4127,INE699B01027,SAMBHAAV,EQ,,,,,SAMBHAAV MEDIA LTD,6.1,6.1,5.64,5.89,5.96,5.98,,5.88,,,5858,34678.24,81,F1,1,,,,,,Cash Only,Unclassified,False,5.876666666666666,5.869999999999999,5.883333333333333,5.883333333333333,5.869999999999999,0.013333333333333641,0.2263723825693318,Narrow,Bullish,Above CPR,True,False,0.15,60,146912.44,Lower,True,Risk Off,True,0.44357142857142856,6.183,6.3656,0.03005904455179887,0.2360469950672659,False,False,No setup,Neutral,0,Not applicable,No directional setup; confirmation score not applicable.,Narrow CPR,Not applicable,Not applicable,Narrow CPR; Wide CPR rules not applied,0,0,0,0
2026-09-24,2026-09-24,CM,NSE,STK,22377,INE027H01010,MAXHEALTH,EQ,,,,,MAX HEALTHCARE INS LTD,1035.0,1055.8,1029.0,1046.0,1046.0,1059.9,,1046.0,,,2505137,2616952294.3,48388,F1,1,,,,,,F&O + Cash,Healthcare,True,1043.6000000000001,1042.4,1044.8000000000002,1044.8000000000002,1042.4,2.400000000000091,0.2294455066921693,Narrow,Bullish,Above CPR,True,False,0.36666666666666664,60,1821955031.2,Lower,True,Risk Off,False,21.678571428571427,1045.286,1047.8864999999998,0.11070840197693996,1.436342966476175,True,False,No setup,Neutral,0,Not applicable,No directional setup; confirmation score not applicable.,Narrow CPR,Not applicable,Not applicable,Narrow CPR; Wide CPR rules not applied,0,0,0,0
2026-09-24,2026-09-24,CM,NSE,STK,1508,INE914M01019,ASTERDM,EQ,,,,,ASTER DM QUALITY CARE LTD,752.0,780.0,752.0,768.65,763.2,760.05,,768.64,,,1555012,1198768852.5,58922,F1,1,,,,,,Cash Only,Healthcare,True,766.8833333333333,766.0,767.7666666666667,767.7666666666667,766.0,1.7666666666666515,0.22984019601465575,Narrow,Bullish,Above CPR,True,False,0.31666666666666665,60,613214024.05,Higher,True,Risk Off,False,18.917857142857127,792.5110000000001,780.7845000000001,0.09338619344282856,1.9548947112831447,False,False,No setup,Neutral,0,Not applicable,No directional setup; confirmation score not applicable.,Narrow CPR,Not applicable,Not applicable,Narrow CPR; Wide CPR rules not applied,0,0,0,0
2026-09-24,2026-09-24,CM,NSE,STK,18250,INE0MIS01010,PYRAMID,EQ,,,,,PYRAMID TECHNOPLAST LTD,160.5,165.0,156.92,161.52,162.24,159.33,,161.52,,,66073,10616698.43,1636,F1,1,,,,,,Cash Only,Unclassified,False,161.14666666666665,160.95999999999998,161.33333333333331,161.33333333333331,160.95999999999998,0.37333333333333485,0.23113752682846384,Narrow,Bullish,Above CPR,True,False,0.3,60,6370784.54,Higher,True,Risk Off,False,5.194999999999998,164.6474,166.48930000000001,0.0718639717677257,1.6664664082329803,False,False,No setup,Neutral,0,Not applicable,No directional setup; confirmation score not applicable.,Narrow CPR,Not applicable,Not applicable,Narrow CPR; Wide CPR rules not applied,0,0,0,0
2026-09-24,2026-09-24,CM,NSE,STK,2397,INE278H01035,SANDHAR,EQ,,,,,SANDHAR TECHNOLOGIES LTD,580.8,585.9,561.35,575.65,573.8,591.75,,575.62,,,179293,103484761.3,11662,F1,1,,,,,,Cash Only,Unclassified,False,574.3000000000001,573.625,574.9750000000001,574.9750000000001,573.625,1.3500000000001364,0.23451750195433624,Narrow,Bullish,Above CPR,True,False,0.18333333333333332,60,104045346.475,Lower,True,Risk Off,True,19.250000000000007,624.465,635.48,0.07012987012987719,0.9946121071821824,False,False,No setup,Neutral,0,Not applicable,No directional setup; confirmation score not applicable.,Narrow CPR,Not applicable,Not applicable,Narrow CPR; Wide CPR rules not applied,0,0,0,0
2026-09-24,2026-09-24,CM,NSE,STK,4105,INE923A01015,SILINV,EQ,,,,,SIL INVESTMENTS LIMITED,444.55,459.0,441.0,451.6,459.0,452.8,,451.55,,,1317,589118.9,78,F1,1,,,,,,Cash Only,Unclassified,False,450.5333333333333,450.0,451.0666666666666,451.0666666666666,450.0,1.066666666666606,0.23619722468259655,Narrow,Bullish,Above CPR,True,False,0.26666666666666666,60,681267.8500000001,Overlapping,True,Risk Off,False,21.146428571428565,446.222,438.50950000000006,0.050441929854188446,0.8647390303241228,True,True,No setup,Neutral,0,Not applicable,No directional setup; confirmation score not applicable.,Narrow CPR,Not applicable,Not applicable,Narrow CPR; Wide CPR rules not applied,0,0,0,0
2026-09-24,2026-09-24,CM,NSE,STK,7929,INE010B01027,ZYDUSLIFE,EQ,,,,,ZYDUS LIFESCIENCES LTD,1169.8,1190.6,1161.6,1180.3,1180.3,1170.1,,1180.29,,,1965875,2322558035.6,39301,F1,1,,,,,,F&O + Cash,Healthcare,True,1177.5,1176.1,1178.9,1178.9,1176.1,2.800000000000182,0.23722782343473542,Narrow,Bullish,Above CPR,True,False,0.2833333333333333,60,1227385157.5,Higher,True,Risk Off,False,28.814285714285752,1136.968,1103.094,0.09717402082301065,1.8922813441305606,True,True,No setup,Neutral,0,Not applicable,No directional setup; confirmation score not applicable.,Narrow CPR,Not applicable,Not applicable,Narrow CPR; Wide CPR rules not applied,0,0,0,0
2026-09-24,2026-09-24,CM,NSE,STK,13,INE117A01022,ABB,EQ,,,,,ABB INDIA LIMITED,7080.0,7144.5,7062.5,7129.0,7129.0,7120.0,,7128.35,,,141360,1005958045.0,17896,F1,1,,,,,,F&O + Cash,Capital Goods,True,7112.0,7103.5,7120.5,7120.5,7103.5,17.0,0.23846261747790715,Narrow,Bullish,Above CPR,True,False,0.36666666666666664,60,1463465074.25,Lower,True,Risk Off,False,152.53571428571428,7444.0,7175.315,0.11144930929524702,0.6873809718455602,False,False,No setup,Neutral,0,Not applicable,No directional setup; confirmation score not applicable.,Narrow CPR,Not applicable,Not applicable,Narrow CPR; Wide CPR rules not applied,0,0,0,0
2026-09-24,2026-09-24,CM,NSE,STK,762874,INE185C01017,SAPPL,EQ,,,,,SHREE AJIT PULP & PAPER L,271.45,284.3,270.0,278.15,279.0,273.1,,278.15,,,794,218585.6,35,F1,1,,,,,,Cash Only,Unclassified,False,277.4833333333333,277.15,277.8166666666666,277.8166666666666,277.15,0.6666666666666288,0.23967883036729423,Narrow,Bullish,Above CPR,True,False,0.18333333333333332,60,224908.5,Inside,True,Risk Off,True,17.421428571428567,286.889,286.7395,0.038267049337157875,0.9718867895166257,False,False,No setup,Neutral,0,Not applicable,No directional setup; confirmation score not applicable.,Narrow CPR,Not applicable,Not applicable,Narrow CPR; Wide CPR rules not applied,0,0,0,0
2026-09-24,2026-09-24,CM,NSE,STK,17833,INE758C01029,AHLUCONT,EQ,,,,,AHLUWALIA CONT IND LTD,578.0,590.0,571.3,582.75,582.55,580.6,,582.75,,,46626,27178728.45,2999,F1,1,,,,,,Cash Only,Unclassified,False,581.35,580.65,582.0500000000001,582.0500000000001,580.65,1.400000000000091,0.24024024024025584,Narrow,Bullish,Above CPR,True,False,0.3,60,29974452.525,Overlapping,True,Risk Off,False,19.28928571428573,714.39,768.4505,0.07257915200889191,0.9067297702045353,False,False,No setup,Neutral,0,Not applicable,No directional setup; confirmation score not applicable.,Narrow CPR,Not applicable,Not applicable,Narrow CPR; Wide CPR rules not applied,0,0,0,0
2026-09-24,2026-09-24,CM,NSE,STK,1476,INE008A01015,IDBI,EQ,,,,,IDBI BANK LIMITED,83.0,83.25,81.35,82.6,82.66,83.39,,82.53,,,9378785,771343193.83,27683,F1,1,,,,,,Cash Only,Financial Services,True,82.39999999999999,82.3,82.49999999999999,82.49999999999999,82.3,0.19999999999998863,0.24213075060531314,Narrow,Bullish,Above CPR,True,False,0.36666666666666664,60,597230688.56,Lower,True,Risk Off,False,3.305000000000002,85.1942,81.5658,0.06051437216338533,1.2915330852970863,False,True,No setup,Neutral,0,Not applicable,No directional setup; confirmation score not applicable.,Narrow CPR,Not applicable,Not applicable,Narrow CPR; Wide CPR rules not applied,0,0,0,0
2026-09-24,2026-09-24,CM,NSE,STK,14567,INE243D01012,BFUTILITIE,EQ,,,,,BF UTILITIES LIMITED,525.0,529.0,518.0,525.45,527.65,530.5,,525.59,,,32590,17081257.85,1473,F1,1,,,,,,Cash Only,Unclassified,False,524.15,523.5,524.8,524.8,523.5,1.2999999999999545,0.24740698448947654,Narrow,Bullish,Above CPR,True,False,0.25,60,23971272.299999997,Lower,True,Risk Off,True,23.34642857142857,547.434,569.659,0.055683035031358005,0.7125720168803891,False,False,No setup,Neutral,0,Not applicable,No directional setup; confirmation score not applicable.,Narrow CPR,Not applicable,Not applicable,Narrow CPR; Wide CPR rules not applied,0,0,0,0
2026-09-24,2026-09-24,CM,NSE,STK,1247,INE026A01025,GSFC,EQ,,,,,GUJ STATE FERT & CHEM LTD,154.4,155.92,153.62,155.35,155.4,155.34,,155.34,,,657583,101890330.21,8298,F1,1,,,,,,Cash Only,Unclassified,False,154.96333333333334,154.76999999999998,155.1566666666667,155.1566666666667,154.76999999999998,0.3866666666667129,0.2489003325823707,Narrow,Bullish,Above CPR,True,False,0.4666666666666667,60,101234795.61,Overlapping,True,Risk Off,False,3.863571428571433,158.5464,162.19559999999998,0.10008011339127333,1.0064753881908883,False,False,No setup,Neutral,0,Not applicable,No directional setup; confirmation score not applicable.,Narrow CPR,Not applicable,Not applicable,Narrow CPR; Wide CPR rules not applied,0,0,0,0
